time_ms,chat_message
1780570547383,ㄹㅋ
1780570550684,{:d_59:}
1780570552917,룩하
1780570560085,ㄹㅋ
1780570566943,루카
1780570568530,루콰
1780570570197,와 진짜 리센트초대석이야 ? 대박
1780570570301,리센ㄴㄴㄴㄴㄴㄴㄴㄴㄴㄴㄴ나
1780570571794,룩삼 야호~
1780570572560,야호
1780570575809,루카
1780570577934,대박이다 진짜 초대석벌써 ㄷㄷ
1780570577988,룩삼 야호
1780570578181,초대석 예고?
1780570578625,루콰
1780570579483,룩하
1780570579701,야호~
1780570579722,룩 야호
1780570581524,루카
1780570581563,룩 야 호
1780570582192,룩삼 야호~~~~
1780570582438,룩삼 야호~
1780570582931,룩하
1780570583328,리센느초대석당장해야겟지
1780570584057,룩ㄱㄱㄱㄱ삼ㅁㅁㅁㅁ므
1780570584425,룩하
1780570584445,ㄹㅅ ㅇㅎ
1780570584633,룯하
1780570585009,초대석이라고?
1780570586195,루콰
1780570586265,룩삼 야호~
1780570586628,룩하~
1780570586644,룩삼! 야-호☆☆
1780570586715,엑스 러브임 다음?
1780570587082,룩삼 얏호
1780570587426,초대석 캐스팅됬데요
1780570588452,ㄷㄷ?
1780570589497,룩삼 야호
1780570590319,룩삼~ 야호
1780570590482,루카
1780570590512,루콰
1780570590520,루까
1780570591706,야호
1780570591730,룩삼 야호
1780570592867,룩삼느
1780570593733,다음 엑스 러브 맞죠?
1780570594215,루콰
1780570594658,유하호
1780570595114,루콰
1780570595454,김진효 야호ㅗㅗㅗㅗㅗㅗㅗㅗㅗㅗ~
1780570595684,룩사무 야호~
1780570596642,룩셈느
1780570597578,아 루콰
1780570597610,루카
1780570598477,룩야호〜〜〜〜
1780570598585,룩삼 야호 치트키 하나 쓰네ㅋㅋㅋㅋ
1780570598840,야 허 ~~~~~
1780570599332,황해보고 방종임?
1780570599493,룩삼 오이데~
1780570599686,초대석 인가요?
1780570600049,마떼루용~
1780570600143,초대석을  위한 빌드업인가ㄷㄷ
1780570600398,오이데 오이데
1780570601284,루크사무 야호~
1780570601641,아루카
1780570602334,진효 야호~~
1780570604165,룩삼 야호~★★
1780570605434,파라파라춰줘
1780570608082,오이데오이데~
1780570608992,치지직후원 리센느 초대석 캐스팅 축하드려요~!
1780570609941,룩삼느
1780570611875,마떼루용~~~
1780570612491,룩삼야호
1780570612804,들어볼래 시즌 2ㄷㄷ
1780570613488,루끄쌈 야호
1780570614834,룩하
1780570615324,룩삼야호~
1780570615593,루끄사무 야호~
1780570618891,리센느 나오기 전에 파라파라나 춰야겠다
1780570619854,지뇨야호~
1780570620306,오 리센느
1780570620414,와오늘 개재밌겠네
1780570621590,맛떼루용~
1780570622017,리센느는 유튜브 봐야하는데
1780570627850,대박이다대박
1780570629544,지뇨 야호 ~
1780570630057,오이데 오이데
1780570630264,르센느가뭐야 그냥 파라파라나 춰야겠다
1780570631443,루카
1780570632549,룩셈므
1780570634954,안그래도 요즘 핫해서 궁금했는제
1780570637343,오이데 오이데~
1780570638433,빼이끼뽀우
1780570639561,파라파라나 춰야겠다
1780570640036,러브어택 가야지 반드시가야지
1780570640930,lalala
1780570643188,룩하
1780570643338,비와ㅏㅏ이
1780570646112,룩삼도 원이 버스 타는구나
1780570646934,안녕하세요원이입니다잘부탁드립니다 상영회임?
1780570648291,대목성은 놀랍게도 뜨기전에 만남
1780570649204,야호
1780570649388,거제야호
1780570649749,리센느 왔음?
1780570650742,파라파라나 춰라
1780570650987,타이밍 쏘구다
1780570651857,나는 알아보기할 때까지 파라파라나 추고 있어야겠다
1780570651878,뮤지직 야호~
1780570654103,뮤지직
1780570654842,ㄹㅇ ㅋㅋ
1780570655380,야호~
1780570657331,근데 노래로 알아보기 할게 아닌데 ㅋㅋㅋㅋㅋㅋㅋㅋ
1780570659433,뮤지직 야호
1780570659795,룩하
1780570659972,같이 방송하지않음?
1780570660117,내 동생...
1780570662380,현재 멜론 17위 ㄷㄷㄷㄷㄷ
1780570663120,치치직 프렌드인데
1780570664002,ㅋㅋㅋㅋㅋㅋ
1780570664119,뉴진스급임?
1780570666518,룩하
1780570666793,거제 야호~
1780570668350,들어볼래 걸그룹
1780570668957,거제 야호~
1780570669142,룩삼 야호~
1780570669483,내동생 리센느
1780570669494,쌈님 갸루메이크업 하신다고 들었습니다
1780570669635,지금 멜론 17위임 쌈아
1780570669721,우리가 먼저 친구였는데..
1780570671102,먼저 알았는데...
1780570671407,저점매수 성공 ㄷㄷ
1780570674320,자자 설명들어갑니다잉
1780570674691,룩삼과 합방을 한 후 (중략) 리센느 떡상
1780570674748,ㄹㅇ 밈알보기지
1780570675635,그럼 유튜브 봐야하는데
1780570676787,룩삼 야호~
1780570678507,케이카부터 설명을 해야하나....
1780570679680,저점 매수 ㄷㄷㄷㄷㄷㄷㄷ
1780570680047,파라파라 추시나요?
1780570680706,우리만의 친구였는데...
1780570681018,내가 먼저 알았는데…..
1780570681774,에 리센느~? 마떼루요~
1780570681975,게시물에 다 있음 유튜브까지
1780570683333,리센느 냐호~
1780570683730,유튜브를 봐
1780570684016,내동생...
1780570686521,너무너무 재밌던데 유튜브 ㅋㅋㅋㅋ
1780570687382,유튜브 채널 하나로 해결도 안됨 ㅋㅋㅋㅋ
1780570687615,ㅋㅋㅋㅋㅋㅋㅋ
1780570687922,마떼루요~
1780570687986,왜 유명해진건지 몰라서 가보자잇
1780570688869,룩삼 갸루메이크업하고 파라파라추면 대세탈환가능
1780570689077,게시물 정리 잘해놓으셨네
1780570690081,지금 노래 뭔가여??
1780570691855,운전연수로 먼저 떴습니다
1780570693252,캠킬때까지 파라파라나 추고있어야겠다~
1780570693675,누가 정리해놧던데
1780570695942,채널도 3군데정도 엮여잇음
1780570697067,온 유튜브에 다나옴 ㄹㅇ
1780570698023,누가 정리해두셨나보군
1780570699879,거제- 야호~~~~~
1780570700077,배있길 보우
1780570701106,노래 좋구만
1780570703275,신라공주 최고~
1780570703514,카페에 다 정리되어있음~
1780570706183,나비보배따우입니다
1780570706520,시작할때까지 파라파라나 춰야겠다
1780570708573,리센느 본계따잇당했자너
1780570710136,노래 좋은데 뭔ㄴ 노래징
1780570710747,리센느 오이데~
1780570719610,기분좋음 ㅇㅇ
1780570721312,ㄹㅇ
1780570722062,룩삼 야호!
1780570722484,ㅇㅈ
1780570722488,내친구젠타
1780570722552,좋지
1780570723084,ㄹㅇㅋㅋ
1780570723451,좋음
1780570725303,ㅇㅇ
1780570725338,ㄹㅇ
1780570725514,ㄹㅇㄹㅇ
1780570727288,좋지
1780570728735,내 친구 리센느
1780570729666,그렇긴해
1780570729930,캬
1780570731605,룩삼도
1780570732592,리센느는 잔
1780570734529,아니 그리고 실력들도 좋아 뜰만한 사람들이 뜬거야
1780570734596,ㄹㅇ
1780570734820,내 친구 공혁준
1780570735418,내친구 룩삼
1780570737155,좋지 ㄹㅇ
1780570737261,내친구
1780570737526,젠타양..
1780570738360,룩삼 ㅇㅇ
1780570738483,비와이 - 내친구심바
1780570739407,일단 우리는 이미 다 알던 사람들이니까
1780570740068,내친구 마젠타..
1780570740160,ㅋㅋㅋ
1780570740842,혁준씨
1780570741645,쵸단양..
1780570741694,내친구ㅋㅋㅋ
1780570744251,내 친구 심바는 나가라
1780570744344,를 저점매수한 김진효 & 치지직 ㄷㄷ
1780570745787,드디어 제대로된걸 하는구나
1780570746197,우리혁준씨도 언급해주세요
1780570748077,메오티
1780570748115,젠타양이 노래불러달랬는데 왜 안함
1780570748802,내친구 젠타...
1780570749040,리센느 초대석 기대해도 되는거야?
1780570750408,젠타양..
1780570750508,룩 하
1780570751147,ㅋㅋㅋㅋㅋㅋㅋㅋㅋㅋㅋㅋㅋㅋㅋ
1780570752430,ㅋㅋㅋㅋㅋㅋㅋㅋㅋㅋㅋ
1780570753161,알아보기 전에 얼굴도 본사이인데 5인 멤버의 이름 다 읊으실수잇죠? 들어볼래 mc 룩삼님?
1780570753864,ㅋㅋㅋㅋ
1780570753897,ㅋㅋㅋ
1780570754000,가장 먼저였지
1780570755657,"""혁준씨"""
1780570756039,공 혁
1780570756306,ㅇㅈ
1780570757094,ㅋㅋㅋㅋㅋㅋㅋ
1780570757183,ㅋㅋㅋㅋㅋㅋㅋ
1780570757827,ㅋㅋ
1780570758063,캬
1780570759075,축하합니다
1780570759149,혁준씨 ㄹㅇ
1780570759764,애국자반열
1780570760264,ㄹㅇ
1780570762505,말이 안돼
1780570763194,대산범
1780570763705,애가 둘이 된다니
1780570763910,혁준상
1780570763992,헉
1780570764006,제일 망할거같던 친구가
1780570765046,훗쨔
1780570765048,ㄱ-
1780570765626,헉
1780570766336,겠냐
1780570766830,쌈아 너도 니 주변사람들한테는 이미 양지 갔어 ㅋㅋ
1780570767061,서른언더에서 아이둘아빠
1780570768392,{:d_126:}
1780570768828,나도모름
1780570769218,혁준씨랑 요즘 연락함?
1780570769561,겠냐?
1780570770761,ㅋㅋㅋㅋㅋㅋㅋㅋㅋㅋㅋ
1780570770804,ㅋㅋㅋ
1780570770944,ㅋㅋㅋㅋㅋ
1780570771302,룩공얍칸 중 공이 둘째? ㄹㅇ..
1780570771424,ㅋㅋㅋㅋㅋㅋㅋㅋ
1780570771508,ㅋㅋㅋㅋㅋㅋㅋㅋㅋㅋㅋㅋㅋㅋ
1780570771944,{:d_126:}{:d_126:}{:d_126:}
1780570772794,겠냐에요
1780570773076,ㅋㅋㅋㅋㅋㅋㅋㅋㅋㅋㅋ
1780570773658,악 수
1780570773816,ㅋㅋㅋㅋㅋ
1780570774166,비릿
1780570774352,한사람이라도 알까
1780570774545,씨플가능
1780570775589,ㅋㅋㅋㅋ
1780570775594,음?
1780570776336,혁준씨도 룩삼을 그렇게 생각한다는거임ㅋㅋㅋㅋㅋㅋㅋㅋㅋㅋㅋ
1780570777232,ㅋㅋㅋㅋㅋㅋㅋㅋㅋㅋ
1780570778566,지금껏 만난 사람이 몇인데 어캐 외우겠삼~
1780570780827,보넥도 이름도 까먹었을듯
1780570781300,정말이지?
1780570783758,구너 ㅋㅋ
1780570784780,꾸대표
1780570785194,구너
1780570786120,ㅋㅋㅋㅋㅋㅋㅋㅋㅋㅋㅋㅋㅋㅋㅋㅋㅋㅋㅋ
1780570786153,ㅋㅋㅋㅋㅋㅋㅋ
1780570786719,구너
1780570787611,ㅋㅋㅋㅋㅋㅋㅋ
1780570787639,ㄷㄷㄷ
1780570787677,ㅋㅋㅋㅋ
1780570788279,꾸꾸꾸
1780570790533,아스날
1780570791277,ㅋㅋㅋㅋㅋㅋㅋㅋㅋㅋㅋ
1780570791288,대표님이 플레임 팬이라 하지 않았었나
1780570792488,주헌이햄
1780570794273,그 대표님이 보통사람이 아니던데 ㅋㅋㅋㅋㅋ
1780570795334,ㅋㅋㅋㅋㅋ
1780570796818,나이차이 별로 안나지 않나
1780570796838,아스날팬대표님
1780570797317,대표님 마갈량이스 리액션 보셨을듯
1780570797517,맞아 플레임 팬이라했어
1780570800555,대표님 플레임 팬이라고하던데 ㅋㅋ
1780570801492,꾸대표
1780570802498,아 루콰
1780570803810,여긴 대표님도 유명하던데ㅋㅋㅋㅋ
1780570805053,1살차이
1780570807811,시노종 ㄷㄷ
1780570810481,신호종
1780570810680,대표님도 애초에 아이돌 출신이시드만
1780570811070,니 마갈량 실축 리액션 본거 아닐까
1780570812919,추멘 ㄷㄷㄷ
1780570813130,이걸또 시노종
1780570815266,구너와 악수
1780570817017,대표님 선구안이 지리네
1780570817288,요줌 대표님 노력도 파묘 되던데 ㅋㅋㅋㅋ
1780570817712,이번에 유퀴즈도 나왔더만
1780570819285,대표 빠이팅 있더만
1780570819566,저도 덕분에 같이 알아볼수있겟네여 감사합니다
1780570820359,(진작 알아볼걸)
1780570823490,버클리 음대 출신 ㄷㄷ
1780570824012,쌈아 리센느 대표님 플레임한테도롤 컨텐츠 하자고 하다가 플레임이 이터널리턴으로 하자고했다가 ㄱ-...
1780570828283,악-수
1780570829150,오 이걸
1780570830472,초대석 나와다오
1780570831265,마갈량 리액션보고 초대석 끊겼다
1780570831403,물들어올때 노 같이 저어주기
1780570837083,룩하
1780570842930,ㅇㅇ
1780570844080,대표도 90년생이던데
1780570845652,?
1780570846582,?
1780570848468,?
1780570849864,??
1780570849909,룩 동 진
1780570850691,?
1780570850883,??
1780570850885,지구는 평평하다 책쓰죠 ㅇㅇ
1780570851797,룩삼의 평론
1780570852106,ㅋㅋㅋㅋㅋㅋㅋㅋㅋ
1780570852446,가능하다
1780570852527,캬
1780570852868,다 까먹어서 못할듯
1780570852906,?
1780570854064,가사도 안쓰는놈이 글을요?
1780570854223,?
1780570854477,룩샷이횽
1780570855165,?
1780570855905,ㄹㅇ
1780570856436,뭔 근론가여
1780570857173,ㅋㅋㅋㅋ
1780570857734,일단 안경부터 빨간색으로바꿔
1780570857741,리센느!!
1780570858142,와 10년뒤면 45임?개처늙엇네
1780570858567,지구 평평론자임
1780570858666,그건 뭐 시간 지나보면 알겠지
1780570859228,평론가는 ㅋㅋㅋㅋ
1780570860391,지구평평설 책 써주세요
1780570860741,근데 ㄹㅇ 평론가 할지도 ㅋㅋ
1780570861614,룩동진
1780570861701,가사나 써라
1780570861786,글을 써야함 ㅋㅋ
1780570862162,평론?가? 글??
1780570862732,평론가는 글 잘 써야돼 쌈아
1780570863149,MT 아이돌 장같은거 어때?
1780570863564,뭐랭ㅎㅋㅋㅋㅋㅋ
1780570863707,이미 평론가잔아
1780570863842,룩삼님 노래 같은거 많이 들으시는데 쌍베님 처럼 음향장비 업그레드 같은거 생각있으시나요??
1780570863903,가사먼저써주세요
1780570864101,가사 한 줄 안 쓰는데 글을 쓰겄냐
1780570864591,기억을해야....
1780570864947,머중문화평론가 ㅋㅋㅋㅋ
1780570865679,하지만 가사는 절대로
1780570866450,지도 불가능한거 아니까 저래말함 ㅇㅇ
1780570866574,룩삼 3차진화 ㄷㄷ
1780570866628,평론가 - 입큰낙타
1780570866938,앨범나오면 너 룩삼평론 못봄?? 이런거에요 이제???
1780570866948,<<<< 월드컵 리센느 나올때마다 까먹는 사람
1780570867032,ㅋㅋㅋㅋㅋㅋㅋㅋㅋㅋㅋㅋ
1780570867173,팔짱을 껴야 평론가임
1780570867639,안경부터 빨간색으로 바꾸쇼
1780570868465,그러려면 음악을 ㅈㄴ게 들어야되는데
1780570869390,평평론가 하죠
1780570869642,글을 쓸줄 알아야 반열에 올라
1780570869645,안되는건 없지
1780570870315,이미 하고 있잖슴
1780570871795,룩하
1780570872055,평론가 오이데 오읻데
1780570872391,한대음 심사음원 가죠?
1780570874284,평론을 글로만 하라는 법은 없다
1780570874924,ㄹㅇㅋㅋㅋㅋ
1780570874956,?
1780570875103,ㅔ?
1780570875485,캬
1780570875524,?
1780570875945,헉
1780570876116,엄
1780570876484,?
1780570876494,ㅋㅋ 지랄
1780570877151,ㅋㅋㅋㅋㅋㅋㅋ
1780570877204,음?
1780570877621,아마추워
1780570877663,리센느 조회수 미쳤네 ㄷ
1780570877664,ㅋㅋㅋㅋㅋㅋㅋㅋㅋ
1780570877972,?
1780570878258,?
1780570878266,잘써요 (GPT)
1780570878418,걍 팟캐스트에서 말하면 됨 ㅋㅋㅋㅋ
1780570878548,안쓰는데 뭔
1780570878631,?
1780570879080,두줄
1780570879183,10년 뒤에도 가사는 없다
1780570879507,나는 아마추어다...
1780570879743,음…
1780570879799,?
1780570880011,글을 다 잘 써
1780570880548,밖은 아마추워
1780570880708,?
1780570881427,아마 추워....
1780570882284,개열받네
1780570882456,나는 아마 추워다
1780570882595,?
1780570883492,아마추워
1780570884599,넵
1780570885415,얼굴로 표현하는거 아니었어?
1780570885453,아마추워
1780570885834,가사는 그림이노?
1780570886022,안쓰는거잖어
1780570886408,Gpt한테 써달라해~~
1780570886421,<<<<<<<<<초저점에 리센느 만난사람
1780570886830,룩진모 레츠고
1780570887287,like 마편
1780570887453,쓴걸 보여주소..
1780570889150,베룩나룩 베룩베룩
1780570890163,써놓고 그런 말을 해야지
1780570891336,고봉밥 잘만드나요
1780570891621,밖은.. 아마.. 추워..
1780570893317,아마추워 ㄹㅇ 뒤통수 빡이긴 했음
1780570893334,아마추워는 인죵 ㅋㅋ
1780570894564,ㅋㅋㅋㅋㅋ
1780570895255,역전의 시말서
1780570895279,룩어로 평론함?
1780570895339,한양대선임가사써 현석이형처럼
1780570897167,예전에 휴방공지 보면 잘 쓰긴함
1780570897360,평론가 평론가 오이데
1780570897808,잘쓰긴해 쌈이
1780570898748,표현도 맨날 추상적으로 하잖아 ㅋㅋ
1780570899032,말 잘해서 방송하는거 아님?
1780570901253,글을?
1780570901422,상병 선임의 문을 연 김 룩삼
1780570901963,같이보기 후기 메모장에 쓰는거 보면 평가는 진짜 잘하실거 같긴 해요
1780570904218,휴방공지 GOAT
1780570906103,근데 가사는 왜
1780570906188,나는 아마추어다 읽고오셈 명필임
1780570908218,말하는 직업 ㄷㄷ
1780570909253,휴방공지도잘쓰긴해
1780570909370,표정은 ㅇㅈ
1780570909833,표정보다 글을 잘쓴다고?
1780570910070,되 돼부터 맞춰줘라 쌈아
1780570911045,표현도 비슷한 단어 반복하지 않나요
1780570912579,표정은 인죵
1780570914848,메모장에 글 잘씀
1780570915015,맞긴해
1780570916347,나는 아마추워다
1780570916351,리듬도 잘 타고요
1780570917765,악 수
1780570918040,에세이 ㄱ
1780570918643,메모장 ㅋㅋ
1780570920509,ㄹㅇ
1780570920941,악수
1780570921062,아마추워
1780570922336,어느종도 인종합니다
1780570923126,룩삼님 노래 같은거 많이 들으시는데 쌍베님 처럼 음향장비 업그레드 같은거 생각있으시나요??
1780570923664,헉
1780570924493,아마추워는 ㅇㅈ
1780570925995,{:d_43:}{:d_43:}{:d_43:}{:d_43:}
1780570926671,ㄱ-
1780570926829,ㅋㅋㅋㅋㅋㅋㅋㅋㅋㅋㅋ
1780570929235,호종컵때 디스곡 가사 생각하면ㅋ
1780570929424,헉
1780570932618,마치 신형만
1780570935530,글짓기는 ㅇㅈ
1780570936640,표현력이 좋음
1780570937131,랩 못하는 래퍼 이거 힙합이네요
1780570937417,책많이 읽어야겠다
1780570940996,아마추어다
1780570942081,글짓기 느낌으로 가사쓰면 되는거 아닌가요
1780570942448,날씨는 핫도그
1780570942473,가사 짓기는 아쉽게 됐네요
1780570942581,표현력이 좋아서 그런가
1780570942965,아버지 영향 많이받은듯
1780570944106,백일장나가봄?
1780570945213,룩하
1780570945467,"오,,, 평론가 등단하겠다"
1780570956075,캬
1780570958395,마져
1780570962731,책읽기는 인죵
1780570963087,책이 최고인듯
1780570965090,와우
1780570965973,오
1780570966901,ㄹㅇ이가
1780570967439,오
1780570967476,아하
1780570968770,와우
1780570971369,오
1780570971860,오늘 파이리 나옴?
1780570972318,와
1780570972505,머쉿당
1780570972900,오
1780570973350,힙합이네요
1780570973361,어케한거임
1780570973551,ㅋㅋㅋㅋㅋㅋ
1780570974657,갸루귀신 나옴?
1780570977149,힙하네요
1780570977292,지리네
1780570979608,종합예술인이시네
1780570980922,개힙해
1780570982322,힙하네
1780570982972,힙쟁이아님?
1780570984288,완전 갸루시네요
1780570984933,문학과 예체능을 함께
1780570985084,오 신기하다
1780570985156,능력자 ㄷㄷ
1780570985650,어렸을 때 책 읽으라는 이유가 있어
1780570985995,예술감각 받은거구나
1780570986706,언어 미술 패션 레스고
1780570990307,표현력 펼치기 좋은 방향인0
1780570990883,캬
1780570993533,오
1780570996685,어쩌다가...
1780570997844,책 읽는 룩삼 상상 안간다
1780570998630,어렷을때야설만읽엇는데
1780571000107,책 많이 읽으면 국어 개꿀인데
1780571000831,근데 왜...
1780571002795,악 쑤
1780571003971,룩주니어도 책읽어야겠지?
1780571011843,달빛조각사만 봄
1780571012020,엄친아 룩삼 ㄷ
1780571012879,ㅋㅋㅋㅋㅋㅋㅋ
1780571013694,{:d_116:}{:d_116:}
1780571014285,좀?
1780571014948,의북악
1780571017226,과학책은 안읽었구나
1780571018999,ㅋㅋㅋ
1780571019642,책보는 악마 ㅋㅋㅋ
1780571020220,책읽는 악마
1780571021283,ㅋㅋㅋㅋㅋ
1780571022372,야 쟤 책본다
1780571023217,책으로 때린거아님?
1780571023314,ㅋㅋㅋㅋ
1780571024828,ㅋㅋㅋㅋㅋㅋ 책보믄악마
1780571025168,ㅋㅋㅋㅋㅋ
1780571025432,야 너 모범생척 하지마라
1780571025629,오
1780571026597,공부는 다른 문제긴해
1780571027417,올
1780571027444,야 뭔책을보냐
1780571028524,책읽는양아치
1780571028640,뭔 악마야 원숭이같은게{:d_115:}
1780571028762,만화책
1780571033265,책 먹는 여우
1780571035194,책을봤다했지 지구를봤다했냐
1780571037798,뽀림?
1780571038828,룩버지의 큰그림
1780571041834,야설임?
1780571043959,룩삼 야호~
1780571044801,?
1780571045785,?
1780571045905,?
1780571045968,헉
1780571046581,훔쳐옴
1780571046708,무단대여 ㅋㅋㅋㅋ
1780571046777,뽀리기;;
1780571048531,ㅋㅋㅋㅋㅋㅋㅋㅋㅋㅋㅋㅋㅋ
1780571048997,?
1780571050618,뽀리기;
1780571051914,{:d_116:}{:d_116:}{:d_116:}
1780571052006,?
1780571053603,그냥 가져오거나는 뭐야
1780571054029,긴빠이 ㅋㅋㅋ
1780571055185,ㅋㅋㅋㅋㅋㅋㅋㅋㅋㅋㅋㅋㅋㅋ
1780571055608,마법천자문 아님?
1780571055919,공소시효 지남 ㄱㅊ
1780571056416,캬
1780571057084,ㅋㅋㅋㅋㅋ
1780571057179,헉
1780571057376,ㅋㅋㅋㅋㅋㅋㅋ
1780571058368,NN
1780571060041,부모님 국룩
1780571060922,{:d_116:}{:d_116:}{:d_116:}{:d_116:}
1780571061474,{:d_44:}{:d_44:}{:d_44:}
1780571062848,ㅋㅋㅋㅋㅋㅋㅋㅋㅋㅋ
1780571062951,ㅋㅋㅋㅋㅋ
1780571063810,ㅋㅋㅋㅋㅋㅋㅋ
1780571063943,그래서 안읽었어
1780571064101,ㅋㅋㅋㅋㅋㅋㅋㅋㅋㅋ
1780571064377,{:d_126:}{:d_126:}{:d_126:}
1780571065056,ㅋㅋㅋㅋㅋㅋㅋㅋㅋㅋㅋㅋㅋ
1780571066921,그래서 담배 가르쳐준거구나
1780571067410,ㅋㅋㅋㅋㅋ
1780571068357,ㅋㅋㅋㅋㅋㅋㅋㅋㅋ
1780571069061,뭔 책이여
1780571069718,기믹 ㅋㅋ
1780571069751,래퍼는 기믹이야
1780571069839,기믹 ㅋㅋㅋ
1780571070020,컨셉질
1780571070148,기믹래퍼
1780571071157,기믹 ㅋㅋㅋㅋ
1780571071321,기믹이셔
1780571071813,기믹 당첨 ㅋㅋ
1780571072263,기믹ㅋㅋㅋㅋㅋㅋㅋㅋㅋㅋㅋㅋㅋㅋ
1780571072583,{:d_117:}{:d_117:}{:d_117:}{:d_117:}{:d_117:}
1780571072878,{:dogcakeDANCE:}{:dogcakeDANCE:}
1780571073336,래퍼ㅏ셔
1780571073754,이거완전 군대간 룩삼이네요
1780571073788,용서받지 못한자
1780571075672,기믹 랩퍼 ㅋㅋ
1780571077465,ㅋㅋㅋㅋㅋㅋㅋㅋㅋㅋㅋ
1780571078340,만화책이나 보라구
1780571079086,그래서 게임과 힙합과 담배를 배운
1780571082344,기믹질을 그때부터 함?
1780571086164,책 많이읽어도 지평설을 밀다니
1780571087967,무슨책읽음?
1780571107032,다중언어 가르치느게 좋음
1780571107875,한국어도 개잘하잖어
1780571108311,나루토 vs 하루토
1780571109174,ㄹㅇ
1780571112812,어릴때 하는게좋음
1780571113713,괜히 영어유치원 보내고 그런게 아니긴해
1780571114645,그래서 한국말 잘하는듯
1780571114784,배우는 속도가 다르지
1780571116390,습득이 빠르제
1780571117582,다 흡수하는시기
1780571119851,새거라서
1780571120118,그래서 영어유치원보내잖아
1780571120201,어릴때가 흡수력이 젤 좋긴함
1780571120853,리센느????!!!
1780571121099,미나미도 그럼
1780571122105,영유가 있는이유
1780571124702,어릴때가 스펀지임
1780571127183,오
1780571129902,나도
1780571129996,누가 내 머리위에 똥쌌어
1780571130388,어렸을때 들은 노래는 안외운가사도 그냥 다 기억나잖아 신기해
1780571131396,어릴때 자기계발서 읽을 필욘 없지
1780571133245,나도 자기계발서 싫어함
1780571133312,야호
1780571133843,그것도 똑똑한 애들만 가능하지
1780571134505,왜 자기계발서는 안 읽음?
1780571134507,좋다
1780571136877,자기개발서는 joat임
1780571137405,나도 나중에 여유있으면 영어유치원보낼듯
1780571137915,쓰레기인거 간파함?
1780571138149,과학콘서트 ㄷㄷ
1780571139801,의외인데
1780571139861,삼국지?
1780571140123,의외로 책을 읽었네
1780571146256,자기계발서는 읽어도 이해 안되는거 많긴함
1780571149337,제일 기억에 남았던 책 있은?
1780571149600,라드형 책 읽음?
1780571150575,훈지는 듣기싫어서
1780571151824,그거 애들이 읽는거 아니야
1780571152997,그때도 어렴풋이 알고 있었던거 아닐까?ㅋㅋㅋㅋ
1780571153552,나는 내가 발전해
1780571155455,나도 안읽는데
1780571155637,그건 다 그래
1780571155796,ㅋㅋㅋㅋㅋㅋㅋ
1780571155871,ㅋㅋㅋㅋㅋㅋ
1780571156117,ㅋㅋㅋㅋㅋㅋㅋㅋㅋㅋㅋㅋㅋ
1780571156192,형토링
1780571156395,훈수
1780571157997,그때당시 자기계발서 ㄹㅇ 내용없었음
1780571158012,그래보여
1780571158272,에고가강하다?
1780571158700,adhd 약 안먹어서
1780571159024,ㅋㅋㅋㅋㅋㅋㅋㅋㅋㅋㅋㅋㅋㅋㅋㅋㅋㅋㅋㅋㅋㅋㅋ
1780571159495,ㄹㅇ
1780571159851,총공쇠도 읽음?
1780571160128,반골 기질
1780571160135,ㅋㅋㅋㅋㅋㅋㅋㅋㅋㅋ\
1780571160420,자기개발서 대부분은 쓰레기임
1780571161388,훈수 니은;
1780571161552,약간 교훈송 엔딩?
1780571161815,나도그래
1780571162044,자기계발서 = 그냥 당연한 소리만 함
1780571162819,ADHD
1780571163869,ㄹㅜㄱ하
1780571163919,별 의미도 넚음 읽어도
1780571165226,자기계발서 걍 아무내용없는책아닌가
1780571165286,나도
1780571168583,훈수 좋아하는사람이 드물어
1780571169329,자기계발서 그냥 어른들 하는 얘기 그대로 글로 적은거임
1780571169903,한양대 선임 1패
1780571171294,자기개발서=돈 내고 시간 버리면서 훈수듣기
1780571171724,지구는 둥글어
1780571174880,why책 좋아했는데 ㅋㅋ
1780571176936,블랙워그레이몬임?
1780571177159,그때 자기계발서 그냥 한문장 1권으로 늘린 쓰레기많았음ㅋㅋ
1780571177378,여기서도 한양대 1패
1780571177596,솔직히 검색해서도 나올 얘기 함
1780571177930,그래서 청소도 안배우고..
1780571179798,지구는 둥글단다 룩삼아
1780571183715,룩하~
1780571183918,돈주면서 하면 ㅇㅈ
1780571184164,바뀔 놈들은 행동부터 하지
1780571184659,힌양대 선임 1패
1780571185300,그냥 남의말 듣기싫다는거 아니냐
1780571188350,스스로 깨달아야하는데 그걸 너무 쉽게 알려줌
1780571190081,자기개발보단 진짜 도움주는 책들이 있는데
1780571196959,난 아직도 발전숏츠나오면 발작일으켜
1780571201454,근데 그거 다 운이야
1780571201955,오타니?
1780571203601,난 모르겠다 ㄹㅇ
1780571204931,그건 재능임 거기서도 쏙쏙빼줌마하는거임
1780571206458,그 스윙스 자기암시 같은거임
1780571208413,신념의 영역이지
1780571209441,똑같이 다시하라하면 못할수도잇음
1780571213582,시크릿같은거?
1780571215360,하지만 공감이 전혀 되지않음
1780571217792,성공이 노력 능력 맞는데 운도 있어야되서 의미 없음
1780571218089,뭔가 배우고싶으면 알아서 들어오더라구요
1780571218226,아니야 그냥 당연한 소리 하는거임
1780571219763,나는 돈까스야
1780571220679,그냥 성공할 사람들이 보고 책 덕분이다 하는거같은데
1780571221339,흠 남이야기 듣고 자기개발 될사람이엿으면 그거 안읽어도 된다
1780571222123,10년뒤에는 느낄지도?
1780571222359,자기암시 ㅋㅋㅋㅋㅋㅋㅋ
1780571226659,나는 똥이커
1780571226678,난 똥이 커
1780571226800,다른 사람의 생각이 별로 안궁금한거 아닐까?
1780571228644,스윙스 자기암시 ㅋㅋㅋㅋㅋㅋㅋ
1780571228908,나는 최고야
1780571229908,와 치트키 쓰네 또 ㅋㅋㅋㅋ
1780571230558,책 낸 윙스횽이야
1780571231851,점 보는거랑 같은거아닌가 ㅋㅋ
1780571233682,종교도 신실하면 사는데 좋을듯
1780571235309,난 똥이 커
1780571236026,양지 다됐구나 말하는거보니
1780571236405,스윙스자기암시는 인죵
1780571238123,나한테서 멀리있던건 궁금하기도 하지
1780571238651,종교 없었으면 500년은 빠르게 발전을 했다는거임 1500년대에 컴퓨터 할 수 있었음
1780571239642,종교는 그닥
1780571240857,그치 뭐 그거 읽고 변하는 사람들도 있을거니까
1780571249158,의미없진 않음 추진력이 되면 의미있는거지
1780571249712,종교도 좋은점이 많긴함
1780571251113,국교있는나라는 무교이해를못하더라 안무섭냐거 그러면
1780571252638,그건 아니고
1780571252688,종교없으면 인류가 발전할수있음?
1780571253938,흠
1780571253987,그건 모르지
1780571254476,그걸 어캐암
1780571254776,종교가 과학의 시발점인데 뭔
1780571254947,쌈님 알아보기 몇 시에 진행 예정인가요?
1780571255052,지랄
1780571255110,?
1780571255918,500년 먼저 멸망했을수도 있어
1780571255935,그건아님
1780571256145,ㄹㅇ
1780571256376,흠...
1780571257163,그건 아니고
1780571257197,??????????
1780571257213,니나해
1780571257442,왜?
1780571257549,그건 아님
1780571257896,그건 아니지
1780571258229,종교때문에 발전한것도 많은데
1780571258751,그정둔가?
1780571259297,?
1780571260085,절대아니지 뭔소리야
1780571260116,그건 너무 억측이고
1780571260258,진짜에요?
1780571260553,개소리고
1780571260564,개씹멍청한소리
1780571260865,저건 뭔 ㅋㅋ
1780571261219,그건 아니야
1780571261836,종교가 긍정적인면도 많음
1780571261863,그게 무슨
1780571261998,500년까진..
1780571262276,니가어캐암?
1780571262612,?
1780571262729,그건좀?
1780571263158,그건아님 종교가 과학 엄청 발전시킴
1780571263161,역알못임 저건
1780571263162,넵
1780571263564,음>?
1780571263570,종교가 있어서 발전한것도 많다
1780571263675,근거가 뭐냐
1780571264032,타임머신 갓다옴?
1780571264061,그걸 어케 알지
1780571264062,ㅋㅋㅋㅋㅋㅋㅋㅋㅋ
1780571264129,종교없으면 여기까지 못왓을수도잇음 ㅋㅋ
1780571264147,ㅋㅋㅋㅋㅋㅋㅋㅋㅋㅋㅋㅋㅋㅋㅋ
1780571264312,ㅋㅋㅋㅋㅋㅋㅋㅋㅋㅋㅋㅋㅋㅋㅋ
1780571264391,개소리고
1780571264986,종교덕에 발전한게 얼마나 많은데
1780571265678,뭐냐 저건
1780571265958,개멍청하네 그냥
1780571266140,ㅈㄴ게 싸워서 더 발전한거지
1780571266659,그걸 생산할수있는 배경도 있어야지
1780571266661,그게무슨소리니
1780571267053,그간모르는거지
1780571267089,ㅋㅋㅋㅋㅋㅋㅋㅋㅋㅋㅋㅋㅋㅋㅋ
1780571267237,지능이 저건...
1780571267706,멍청한소리
1780571268174,공부 좀 해라
1780571268507,종교는 모르는 인간을 묶는거니까
1780571268752,? 개소리네 진짜 저건
1780571268793,종교가 뭘햇는데 저건 좀 ㅋㅋㅋㅋ
1780571268814,중세 과학자가 다 종교인인데
1780571268867,근거가 있는건가
1780571269554,저건 과학교 수준인데 ㅋㅋㅋㅋㅋ
1780571269771,ㅋㅋㅋㅋㅋㅋㅋㅋㅋㅋㅋㅋ
1780571270119,ㅋㅋㅋㅋㅋㅋㅋㅋㅋㅋㅋㅋㅋㅋㅋ
1780571270230,문명 안해봤나 마
1780571270618,ㅋㅋㅋㅋㅋㅋㅋㅋㅋㅋ
1780571270649,ㅋㅋㅋㅋㅋㅋㅋㅋㅋ
1780571270883,ㅋㅋㅋㅋㅋㅋㅋㅋㅋㅋㅋㅋㅋㅋㅋㅋㅋㅋㅋㅋㅋㅋㅋㅋㅋㅋㅋㅋㅋㅋㅋㅋㅋㅋㅋㅋㅋㅋㅋㅋㅋㅋㅋㅋㅋㅋㅋㅋ
1780571271281,이래서 사람이 배워야됩니다
1780571271589,그정둔가
1780571271776,투기장 ON
1780571271923,그럴수도잇지
1780571272068,또 어디서 뭘본거냐
1780571272175,ㅋㅋㅋㅋㅋㅋㅋㅋㅋ
1780571272282,별의별의견 다나오네 ㅋㅋㅋ
1780571272487,여기 종교믿는 분들많습니다조심하세요
1780571272909,안돼
1780571272960,ㅋㅋㅋㅋㅋㅋㅋㅋㅋ
1780571273076,광역도발
1780571273455,종교없었으면 고대에멸망했어
1780571273576,넌 자기계발서라도 읽어라
1780571273635,젠더~
1780571273919,러브앤피쓰
1780571273946,ㅋㅋㅋㅋㅋㅋㅋㅋㅋㅋㅋㅋㅋㅋㅋㅋㅋㅋㅋㅋㅋㅋㅋㅋㅋ
1780571274052,바로 증명
1780571274132,ㅋㅋㅋㅋㅋㅋㅋㅋㅋㅋㅋㅋ
1780571274160,ㄹㅇㅋㅋ
1780571274251,ㄹㅇㅋㅋ
1780571274624,ㅋㅋㅋ
1780571274665,ㄹㅇ
1780571274710,ㅋㅋㅋㅋㅋㅋㅋㅋㅋㅋㅋㅋㅋㅋ
1780571274810,ㅋㅋㅋㅋㅋㅋㅋㅋㅋㅋㅋㅋㅋ
1780571275361,투기장 ON!
1780571275362,ㅋㅋㅋㅋㅋㅋㅋㅋㅋㅋㅋㅋ
1780571275401,깨달았구나
1780571276070,이래서 책 하나만 읽은 사람이 무서움
1780571276076,ㅋㅋㅋㅋㅋㅋㅋㅋㅋㅋㅋ
1780571276184,하지마
1780571276250,자기개발서같은 소리하고있네
1780571276465,ㅋㅋㅋㅋㅋㅋㅋㅋㅋㅋㅋㅋㅋㅋㅋㅋㅋㅋㅋㅋㅋㅋㅋㅋㅋㅋㅋㅋㅋㅋㅋㅋㅋㅋㅋㅋㅋㅋㅋㅋㅋㅋㅋㅋㅋㅋㅋㅋㅋㅋㅋㅋㅋㅋㅋㅋㅋㅋㅋㅋㅋㅋㅋㅋㅋㅋㅋㅋㅋㅋㅋ
1780571276643,ㅋㅋㅋㅋㅋㅋㅋㅋ
1780571277141,선거 얘기해볼까요
1780571277707,광역도발을
1780571277980,바로 ㅋㅋㅋㅋㅋㅋ
1780571278107,역겨워
1780571278185,ㅋㅋㅋㅋㅋㅋㅋㅋㅋ
1780571278701,현대인권이 다 기독교에서 나왔다 벼요ㅣㄴ아
1780571278728,종정젠
1780571279083,ㅋㅋㅋㅋㅋㅋㅋㅋㅋㅋㅋㅋ
1780571279745,ㅋㅋㅋ
1780571279768,조심해야지 ㅇㅈ
1780571279920,채팅창이 활성화 됐죠?
1780571280188,밧줄타기는 아주 bb
1780571280380,종 정 젠
1780571280720,바로 도발
1780571281268,중세 학문은 종교가 다했는데 모르냐?
1780571281623,3ㅈ
1780571281635,얼탱이가없네 ㅋㅋㅋㅋㅋㅋㅋㅋㅋ
1780571281740,교회쟁이들 다 튀어나왔네 ㅋㅋㅋㅋㅋㅋ
1780571281790,바로 뜨거워짐
1780571281811,서양사 책이라도 읽어라
1780571282357,ㅋㅋㅋㅋㅋㅋㅋㅋㅋㅋㅋㅋㅋㅋ
1780571283307,종정젠
1780571283885,아는척해 ㅆ ㅋㅋㅋ
1780571283945,{:d_117:}{:d_117:}{:d_117:}{:d_117:}{:d_117:}
1780571284339,역쌤들 화난다고 ㅋㅋㅋㅋㅋ
1780571285640,역사에 만약우 없어
1780571286856,니나해 바로 박죠?
1780571287362,광역도발 ㅋㅋㅋㅋ
1780571288051,아는척하잖아 ㅋㅋㅋㅋㅋㅋ
1780571288835,채팅창 활성화
1780571289332,재미뗘 재미뗘
1780571289644,아니 종교문제가 아니라 걍 멍청한소리야ㅋㅋ
1780571290956,진짜 개화나게하네
1780571291610,지금에서야 그런거지 종교없으면 이정도 절대못왔음 ㅋㅋㅋㅋ
1780571291825,종정젠은 무슨 아시안비하발언같네 ㅋㅋ
1780571293880,튜링이 없는데 어떻게 컴퓨터를
1780571296092,저건 그냥 역사를 모르는거잖아
1780571297966,종교가 아니라 무식인데저건
1780571298426,형 라프산두앨범들음?
1780571299042,중세 신학을 모르시나요
1780571299461,치즈빠는 떡밥
1780571301833,무종교인데도 빡침
1780571302151,중세까진 대학생 = 종교인이었어
1780571303094,조용필에 완전 빠졌네
1780571304365,종교가 역사에 얼마나 중요한데
1780571304416,헉
1780571305884,ㅋㅋㅋㅋㅋㅋㅋㅋㅋㅋ
1780571305935,ㅋㅋㅋㅋㅋ
1780571306170,헉
1780571306321,ㅋㅋㅋㅋㅋㅋ
1780571306466,ㅋㅋㅋ
1780571306522,캬
1780571306542,ㅇㅈ
1780571306564,헉
1780571307430,Rhs
1780571308077,요영망
1780571308265,ㅋㅋㅋㅋㅋㅋㅋㅋㅋㅋㅋ
1780571308412,어 타란티노가?
1780571308714,망하긴했어
1780571309166,꼰
1780571309255,요영망
1780571309396,책이 영화가 되니까
1780571309655,야스
1780571311189,요즘 것들
1780571311265,알아서 할게요
1780571312908,타란티노는 ㅇㅈ
1780571312989,스읍 타란티노가 말햇으면 인정할만해
1780571313129,책도망했어
1780571313494,ㅋㅋㅋㅋㅋㅋㅋㅋㅋㅋ
1780571313519,티란티노피셜은 ㅇㅈ이긴해
1780571314032,넵 백룸 볼께요
1780571314182,꼰
1780571314203,타란티노가 ㄷㄷㄷ
1780571314271,ㅋㅋㅋㅋㅋㅋㅋ
1780571314992,ㅋㅋㅋㅋㅋㅋ
1780571315196,이동진평론가도 책을 더 읽으라던데
1780571315282,선민사상
1780571315310,타란티노가 망한거 아니냐?
1780571315358,얼굴에 화가 ㅋㅋㅋㅋ
1780571315496,ㅋㅋㅋㅋ
1780571315524,ㅋㅋㅋㅋㅋㅋㅋㅋㅋㅋㅋㅋ
1780571315556,본인 은퇴하고 책쓰려고 빌드업하는거같은데
1780571315624,심술
1780571315646,니나읽어
1780571316014,요즘것들은~~
1780571316051,요즘것들~
1780571316294,갑자기 왜 삔또나가심
1780571316350,어 느새 영화는 멋없어
1780571316989,이니시 걸었다
1780571317560,이집트 요즘것들
1780571317583,책도 딱히 ㅋㅋ
1780571317949,티노형이 하면 ㅇㅈ
1780571317972,개노잼
1780571318347,백룸 재밌는데
1780571318472,아오 쿠타햄 ㅋㅋ
1780571318892,쇼츠 볼래요
1780571319283,ㅋㅋㅋㅋㅋㅋㅋㅋㅋㅋㅋㅋㅋ
1780571319774,책도..
1780571320051,ㅋㅋㅋㅋㅋㅋㅋㅋㅋㅋㅋㅋ
1780571320394,꼰대멘트 ㅋㅋㅋ
1780571320492,심술났네 ㅋㅋㅋ
1780571320499,요즘 타율 나쁘지않은데
1780571321026,ㄹㅇㅋㅋ
1780571321176,스윙스네
1780571321545,ㅋㅋㅋㅋㅋ
1780571321552,요즘것들으 에잉쯧
1780571321716,ㄹㅇㅋㅋㅋㅋㅋㅋㅋㅋㅋ
1780571321730,ㅋㅋㅋㅋㅋㅋㅋㅋㅋ
1780571321756,사다리 걷어차기 아님? ㅋㅋㅋ
1780571321829,본인이 만들지 그럼
1780571321838,ㅋㅋㅋㅋㅋㅋㅋㅋㅋㅋㅋㅋ
1780571322275,진짜개망하긴함ㅋㅋ
1780571322439,근데 맞잖아..
1780571322517,ㅋㅋㅋㅋㅋ
1780571322823,ㄹㅇ
1780571323442,근데 맞다는거임
1780571323513,꿀 ㅈㄴ빨고 ㅋㅋㅋ
1780571323613,발 패티쉬 아저씨아님?
1780571323698,꼰
1780571323759,ㅋㅋㅋ
1780571323858,그럼 은퇴하지말고 계속 만들어
1780571324267,그냥 쇼츠 볼게요
1780571324374,원래도 책이 더 높은 밸류 아닌가
1780571324568,저분이 이런말을 하네
1780571325013,꼰 느낌이긴하네 ㅋㅋ
1780571325245,난니세대가싫어
1780571325326,영화 볼게요
1780571325876,오케이 바로 백룸 봐주마
1780571325915,걍 재미가 ㅇ벗네
1780571325925,망했으면 내줘라...
1780571326009,ㅋㅋㅋㅋㅋ
1780571326171,ㅋㅋㅋㅋㅋㅋㅋㅋㅋㅋㅋㅋㅋㅋㅋㅋㅋㅋㅋㅋㅋㅋ
1780571326414,진짜 망한건 팩트인데
1780571327178,타란키노는 할만하지 ㅇㅇ
1780571327371,저건 사실 요즘도 아님
1780571327487,지는 돈 다 벌어놓고
1780571327579,아 근데 타란티노는 ㅋㅋㅋ
1780571327982,근데 요즘 아니어도 어른들은 영화볼거면 책읽으라그러잖아
1780571328155,십꼰대야 타란티노도
1780571328446,너나 읽어
1780571329517,ㄹㅇ ㅋㅋㅋ
1780571329723,그럼 니가 만들어!!!
1780571329760,근데 타란티노형이라
1780571330008,증명했잖아
1780571330124,본인은 ㅈㄴ성공하고 보지마!
1780571330419,거장이 그렇다는데 어쩔?
1780571330428,퀄이 다 떨어진 느낌들던데
1780571330705,그냥 자기가 재밌는 영화가 없는겅미 ㅋㅋ
1780571330995,담달에 스파이더맨 나온당
1780571331329,왕사남이나 보라고 하셈
1780571331755,티노형은 ㅇㅈ이지
1780571333022,더 만들지 왜 그럼
1780571333310,티노형은 인정이긴 해
1780571333626,근데 진짜 옛날보다 못하긴해
1780571334303,말은 ㅈㄴ 못하네
1780571335202,쇼앤프루브 하긴했지
1780571336037,근데 애초에 원래 책이 폭 더 넓은 개념인데
1780571336330,타란티노는 증명해서 뭐...
1780571336493,영화나 쳐내세요^^
1780571336751,곱게늙지
1780571337093,저 형은 꼰대 해도됨 ㅋㅋㅋㅋ
1780571337430,더 잘하던가 ㅋㅋ 꼬우면 ㅋㅋ
1780571337692,거장은 인죵 ㅋㅋ
1780571338017,전체적으로 이전 같진 않긴 해
1780571338200,영화가 안망했어도 책이 더 높긴함
1780571338435,발 베티쉬 횽이야
1780571340104,왜 더 안만듦?
1780571342077,루콰아
1780571342406,티노햄도 왕사남보면 질질짬
1780571342994,티노형 용받자 만들수있음?
1780571343048,타란티노 왕사놈 보고 와라
1780571343107,요즘 영화 볼만한데 ㅋㅋㅋㅋㅋ
1780571344083,이딴거 볼 시간에 자기계발해~
1780571344211,그래서 티노형 진격거 봄?
1780571345457,맨발은 인죵 ㅎㅎ
1780571345588,니가만들어
1780571347129,요즘 영화 개노잼이긴 하지
1780571348003,은퇴하니까 영화 쳐내ㅋㅋㅋ
1780571348104,메신저가 티노형이라 철학이 보이는것 같기도
1780571349669,확실한건 룩삼 월드컵이 없었다면 내 음악세계는 기원전에 있었음
1780571350769,ㅈㅈ
1780571351172,난 재미없던데 저사람 영화
1780571351598,영화나 쳐내
1780571353296,ㄹㅇㅋㅋ
1780571353357,더 만들면 되지
1780571353786,ㄹㅇㅋㅋ
1780571354101,ㅋㅋㅋㅋ
1780571354348,ㄹㅇ;
1780571354515,수준에 맞는 영화나 책을 읽으삼
1780571354783,ㄹㅇㅋㅋ
1780571354857,티노형 용서받지못한자 만들기 가능?
1780571355049,스필버그도 최근에 영화 내는데 ㅋㅋㅋㅋㅋㅋㅋㅋ
1780571355230,요즘영화 더 내주세요
1780571355394,ㄹㅇㄹㅇ
1780571355596,ㄹㅇ
1780571355729,ㄹㅇ
1780571355841,ㄹㅇㅋㅋ
1780571355904,지는 배우 디스하다가 욕먹어놓고
1780571356187,ㄹㅇㅋㅋ
1780571356265,크
1780571356290,킬빌 같은거 하나만
1780571356334,제발
1780571356491,은퇴하지않음?
1780571356512,실력좀 보여줘
1780571356667,요즘 재밌는거 많이 나오는데
1780571356899,ㄹㅇㅋㅋ
1780571357187,님이 만드셈
1780571358679,답답하면 니가 만드셈 ㅇㅇ
1780571358693,캬
1780571359435,증명 좀 더 해줘라
1780571360576,망했으면 만들어라.
1780571361827,ㅋㅋㅋㅋㅋㅋㅋㅋ
1780571363496,증명해
1780571363629,티노형 봉준호 영화 좋다매….
1780571363898,프루브
1780571363960,은퇴 안 했나 아직
1780571364084,이제 마지막 영화 하나남앗대
1780571365174,ㄹㅇㄹㅇ 반드시 증명해야지
1780571366534,티노햄 책읽남데뷔
1780571366628,뱉었으면 증명해라
1780571368794,이미 증명했어
1780571368815,또 영화낼려고 말한건가
1780571369747,펄프픽션
1780571370350,공업용 영화라도
1780571370421,킬빌?
1780571370478,비스타즈
1780571370914,바스터즈
1780571371019,ㅈㄴ 많음
1780571371352,비스타즈
1780571371784,룩삼공식으로 티노형 하스로 누구급임?
1780571372106,펄프픽션
1780571372240,펄프픽션
1780571372274,장고
1780571372329,네
1780571372464,펄프픽션
1780571372587,헤이트풀 장고 킬빌
1780571372667,펄프픽션
1780571373070,ㅇㅇ
1780571373167,바스터즈
1780571373412,헤아트풀8
1780571373495,dd
1780571373598,장고
1780571373906,장고
1780571374009,ㅇㅇ
1780571374068,바스타즈
1780571374076,장고
1780571374538,ㅇㅇ
1780571374754,ㅇㅇ
1780571375436,비스타즈
1780571375566,쟝고
1780571375937,장고
1780571376135,바스타즈
1780571376695,그럼 재미없는 영화 내는거 아님?
1780571376843,장고
1780571376989,바스티즈
1780571377301,펄프픽션 저수지 바스터즈 장고
1780571377362,ㅇㅇ
1780571377547,바스타즈 장고
1780571377666,바스터즈
1780571377763,장고
1780571378064,저수지의 개들
1780571378489,헤이트풀 장고
1780571378550,바스터즈
1780571378591,바스터즈
1780571379029,헤이트풀8
1780571379062,다유명함
1780571379320,장고
1780571379418,마블 같은거임
1780571379757,장고
1780571379838,장고 바스터즈
1780571379841,장고
1780571380457,펄프픽션 바스타즈 쟝고
1780571380942,?
1780571380993,저수지의 개들
1780571381020,장고
1780571381147,쟝고
1780571381468,장고
1780571382015,조조래빗더 맞나
1780571382138,명작밖에 없네
1780571382209,헤이트풀8 개띵작
1780571382443,장고
1780571382508,어흐
1780571382663,디제이앙고
1780571382728,원스어폰어타임
1780571382832,비스타즈는ㅋㅋ
1780571383085,ㅋㅋㅋㅋㅋㅋㅋㅋㅋㅋㅋㅋ
1780571383143,다 유명해
1780571383179,ㅋㅋㅋㅋㅋㅋ
1780571383244,?
1780571383719,비스타즈는 ㅋㅋㅋ
1780571384149,일해라 타란티노
1780571384185,비스타즈 ㄷㄷ
1780571384533,ㅋㅋㅋㅋㅋㅋㅋㅋㅋㅋㅋㅋㅋㅋㅋㅋㅋㅋ
1780571385388,원스어폰어타임인할리우드
1780571386441,비스타즈는 털나오는거고
1780571387182,저수지의개들
1780571387454,개많아서뭐
1780571388064,헤이트풀8 진짜 재밌음
1780571388152,비스타즈 어흐
1780571388478,원스어폰할리우드
1780571388594,토끼는 인정이지
1780571388665,저수지의 개들
1780571388964,원스어쩌고
1780571389139,대단한사람
1780571389169,쟝고 재밌음
1780571389624,장고는 ㅇㅈ이지
1780571389815,털!ㅋㅋ
1780571390241,다 재밋어
1780571390349,퍼리삼 ㅋㅋㅋ
1780571390796,저사람도 룩삼처럼 페티시 있음
1780571391429,헤이트풀8
1780571391519,통장잔고
1780571391696,퍼리아님? ㅋㅋㅋㅋ
1780571391769,dj앙꼬
1780571392120,털 ㅋㅋ
1780571392429,그냥 안 유명한 영화가 없음
1780571392548,바키딸 GOAT
1780571392967,저수지 캬
1780571393495,원스어폰어타임인\할리우드
1780571394367,솔직히 다재밋음 ㅋㅋㅋ
1780571395080,뭐 비스티보이즈?
1780571399149,펄프픽션
1780571399864,원스어폰어타임인할리우드 이것도 재밌는데
1780571400256,발 페티쉬였던가 저양반이
1780571401422,저수지의개들
1780571402704,오늘 황해보나여?
1780571404344,발페티시 vs 겨페티시
1780571404653,솔직히 하나하나 다 지림...
1780571406291,몇개나봄?
1780571407461,그 저수지 개인가 그것도 아닌가
1780571410587,발은 귀하네요
1780571413815,ㅇㅇ
1780571414313,ㅇㅇ
1780571414477,바스타즈가 고점아님?
1780571414535,ㅋㅋㅋㅋㅋㅋㅋ
1780571415255,발 오...
1780571415438,맨발 어흐
1780571415620,개성 지림
1780571415939,발
1780571416358,ㅇㅇ
1780571416528,발 일걸 ㅋㅋ
1780571416700,발을 사랑함
1780571416716,어흐
1780571417035,발이셔
1780571417205,발패티쉬임
1780571417297,아흐
1780571417601,티노형 턱 엉덩이네
1780571417636,ㅋㅋㅋㅋㅋ
1780571417720,변태임
1780571417825,발 ㅈㄴ좋아함
1780571418425,오....
1780571418474,발충?
1780571418661,ㅋㅋㅋㅋㅋㅋㅋㅋ
1780571418668,이형님은 발이셔
1780571418863,ㅇㅇ 아시안 여자 ㅈㄴ좋아함
1780571418923,메이저네
1780571419000,유명하시지
1780571419285,??
1780571419418,겨나 발이냐
1780571419861,대놓고보임
1780571420502,발조쿠ㅋㅋ
1780571421154,발 vs 겨
1780571421875,ㅋㅋㅋㅋㅋㅋㅋㅋㅋㅋㅋㅋ
1780571422223,황혼에서새벽까지
1780571422690,근데더러운발을죠아하심ㅋㅋ
1780571423691,아시안 여자 ㅈㄴ 밝힘
1780571424879,ㅇㅇ 발조쿠 최대아웃풋
1780571425149,감독이 개성있는건 좋은거지
1780571425397,유명한 변태임
1780571425545,겨조쿠
1780571425701,빌런 개좋아함
1780571425888,아시안도 좋아함
1780571427093,겨는 대중적이지
1780571427670,아시안 좋아함
1780571427752,발조쿠 이러네 ㅋㅋㅋㅋㅋㅋ
1780571428189,발은 메이저죠 음음
1780571428217,겨조쿠 감독은 없나..
1780571428411,발권운동가
1780571428621,ㅋㅋㅋㅋㅋㅋㅋㅋㅋㅋㅋㅋㅋㅋ
1780571428828,아시안 개좋아함
1780571429002,발x견
1780571429558,ㅋㅋㅋㅋㅋㅋㅋㅋㅋ
1780571429869,겨네상스는 ㅋㅋㅋㅋㅋㅋㅋ
1780571431238,겨네상스는 십 ㅋㅋ
1780571431550,근데 그스그시라고 발보단 겨가 더 좋다
1780571432370,발네상스 겨네상스
1780571432495,ㅋㅋㅋㅋㅋㅋ
1780571432568,겨네상스 ㅋㅋㅋㅋㅋㅋㅋㅋㅋㅋㅋㅋㅋ
1780571433347,아시안&발
1780571433384,ㅎㅎ겨
1780571434142,그럼 요즘 책티쉬생기셨나보네
1780571434768,중요하긴 함 ㅇㅇ
1780571435560,단어선정 ㅋㅋ
1780571436562,이 형님은 데뷔작이 저수지의개들인게 말이안됨
1780571436972,17룩삼
1780571439511,겨얘기하면ㅋㅋㅋㅋㅋㅋㅋ
1780571440502,겨네상스 ㅇㅈ이다
1780571440743,겨의시대
1780571440981,겨빨
1780571441018,겨는 이제 메이저야
1780571444374,발로(란트) 한번만
1780571444739,겨네상스 습박
1780571445127,{:d_117:}{:d_117:}
1780571445970,선녀야
1780571446263,대 룩 삼
1780571446356,?
1780571446569,대중겨임 ㅇㅇ
1780571446687,투메 됐음
1780571446709,겨는 메이저임
1780571446847,ㅋㅋㅋㅋㅋㅋㅋㅋ
1780571446970,나도 너때문에 옮았어
1780571447446,겨 메이저임 ㅇㅇ
1780571448587,발도 메이저임
1780571449127,ㄹㅇ
1780571449564,투메임
1780571450132,겨권신장 ㄷㄷ
1780571450202,?
1780571450500,요즘 뜨는 패티쉬는 배꼽임ㅇㅇ;
1780571450511,그정도라고?
1780571450787,?
1780571451297,뭔 대중픽이여 ㅋㅋ
1780571451808,겨는 투메야 이제
1780571452270,?
1780571452475,겨는 뭐
1780571452568,그정돈 아님..
1780571453115,흠......
1780571453473,선구자야 룩삼이
1780571453754,메이져지
1780571454105,겨박이 ㄷ
1780571454626,인정
1780571454634,?
1780571455948,겨정도는 뭐
1780571456113,그냥 투메임
1780571456215,?
1780571456348,똥도 있는데 뭐
1780571457188,그런가
1780571457251,아니 근데 뭔가 이상해 대놓고말하는게
1780571457415,흠...
1780571457437,아니 메이저까지는...
1780571457661,"그런가,,"
1780571458050,그건 좀
1780571458266,근데 그정도인가
1780571458567,ㄹㅇ 윈터 겨리액션 더 좋아하더라
1780571458867,나도 너때문에 좋아졌다 ㅇㅇ
1780571459329,그런가
1780571460401,세상 망했네
1780571460411,겨정도면 메이저긴해이제
1780571460438,ㄹㅇ 룩삼때문에 겨진국된거지
1780571460776,누가 변태취급을 안해?
1780571460848,겨박이는 ㅅㅂ
1780571460931,폰은 가슴급인데?
1780571460942,언더붑까지 나온마당에 ㅇㅇ
1780571460980,메이저?
1780571461461,투메
1780571461959,메이저야?
1780571462069,메이저는 아니에요...
1780571462183,메이저는 아니긴해
1780571463029,아예
1780571463130,메이저..?
1780571463351,"겨,발 메이저임"
1780571463593,겨르노
1780571464275,대중은 아니야
1780571464568,영도 영상이었잖아 싸미형
1780571464670,은근슬겨는 메이저지
1780571464765,그때도 투메긴 했음
1780571464858,너 대중 몰라?
1780571465461,세상망한듯
1780571465824,음?
1780571465992,슴가 골반 2강체제지 임마
1780571466202,메이저는 아니야
1780571466230,불쾌하네
1780571466545,누가 그래
1780571466743,여기 대중없는데요?
1780571466815,페티시 중에는 메이저지
1780571467562,어디가서 좋다고 해
1780571467654,대체 어느 대중입니까
1780571468325,뭔 대중픽이여
1780571469058,대중은 아니야..
1780571469235,말로 꺼내기도 부끄러웠어 옛날엔
1780571469822,겨가 대중은 아니야 ㅋㅋㅋㅋ
1780571469963,{:d_73:}{:d_73:}
1780571470645,메이저는 아님..
1780571470828,님 주변이 대중이아님
1780571471409,겨익점 김진효
1780571472627,겨발도상국
1780571474347,메이저는 붑 부디아님?
1780571476534,메이저 까지가 아니라 더나가서 투메임
1780571477141,대중의 뜻을 모르나...??
1780571478467,겨통령
1780571479234,은근슬겨는
1780571479720,겨익점ㅋㅋ
1780571480143,여자스트리머방송에 겨영도 싹다돌렸잖아
1780571480347,투메는 아니지
1780571480462,근데 님 땜에 겨에 거부감 좀 사라짐
1780571480815,겨부심 지리네;
1780571481234,ㄹㅇ
1780571481547,ㄹㅇㅋㅋ
1780571481651,ㅋㅋㅋㅋㅋㅋ
1780571481797,ㅇㅇ 그거는 아님
1780571482087,ㅋㅋㅋㅋㅋㅋㅋㅋㅋ
1780571482375,ㅋㅋㅋㅋㅋㅋㅋㅋㅋㅋㅋㅋㅋㅋㅋㅋㅋㅋㅋㅋ
1780571482634,ㄹㅇ
1780571483090,붑 부리는 월클이고
1780571483469,겨정도는 투메긴해 요새
1780571483872,ㄹㅇㅋㅋ
1780571483972,맞긴한데
1780571484045,겨왕
1780571484147,그때 진짜 욕먹었었는데
1780571484739,지금도 뭐...
1780571484836,숨겨였음
1780571485903,요즘 털은 ㄹㅇ 개메이저던데
1780571486196,야친코끼
1780571487137,지금도 그런 취급 당하긴함
1780571487717,좋다좋다 하니까 진짜 좋은줄아나 ..
1780571487952,그때는 음흉한거였는데
1780571487952,마이너중에 메이저란거아님?
1780571487962,겨구자
1780571487969,그건 아니긴 함
1780571488201,겨부심;;;
1780571489066,당한 장본인이어서 ㅋㅋㅋ
1780571489158,겨부심은 좀 역하네 ㅇㅅㅇ....
1780571489688,새봄추 반응 ㅋㅋ
1780571490004,숨긴거지
1780571492716,캬
1780571493672,ㅂㅈ
1780571494113,어흐
1780571494487,캬
1780571494614,골반
1780571494841,골반
1780571494868,{:d_108:}{:d_108:}{:d_108:}
1780571494901,월클 ㅋㅋㅋㅋㅋㅋㅋㅋ
1780571494962,0티어
1780571494978,다리
1780571495002,메호대전
1780571495021,캬
1780571495043,어흐
1780571495149,걍 까고다니지 않은거지 그때도 겨마갤 있었는데 뭔소리야
1780571495281,어흐
1780571495789,ㅋㅋㅋㅋㅋㅋ
1780571495827,고트
1780571495858,골반
1780571495999,골반
1780571496277,겨
1780571496393,ㅋㅋㅋㅋㅋㅋㅋㅋㅋ
1780571496498,그런게 메인이지 뭔 겨여
1780571496532,허벅지
1780571496581,골반
1780571496734,어흐
1780571496746,골반
1780571496761,응꼬
1780571496800,항문
1780571496907,다리
1780571496988,얼굴
1780571497009,으흐흐
1780571497229,어흐
1780571497337,보물지도
1780571497409,골반
1780571497548,0티어
1780571497599,닥 후
1780571498148,푸씨
1780571498218,골반 허벅지
1780571498276,정말 고급스러운 주제다 그죠?
1780571498341,허벅지
1780571498488,ㅋㅋㅋㅋㅋㅋㅋㅋㅋㅋㅋ
1780571498826,저건 넘사벽이지 뭐
1780571498855,골반
1780571498958,허리
1780571499259,ㅇㅇ
1780571499477,돈구멍
1780571499552,벅지
1780571499613,골반
1780571499616,그거
1780571500003,퍼리
1780571500077,고트
1780571500103,다리 골반
1780571501529,정수리
1780571501576,다리
1780571501717,ㅂㅈ
1780571502074,푸시
1780571502174,난 다리
1780571502290,응꼬
1780571502310,허벅지
1780571502335,동구멍 ㅇㅇㅇㅇ;
1780571502486,목선
1780571502598,얼굴이요
1780571502617,2강 체제임
1780571502772,얼굴\
1780571502901,그거
1780571502913,골반
1780571503044,벅지
1780571503181,허벅지 다리
1780571503490,귀
1780571503821,골반 허벅지 ㅇㅇ
1780571504101,골반 허리 다리
1780571504268,목
1780571504382,다리
1780571504685,허벅지
1780571504805,허벅지
1780571504926,푸씨 ㄷㄷ
1780571504960,다리
1780571504978,다리
1780571504988,어깨
1780571505002,다리?
1780571505048,얼굴
1780571505160,푸씨
1780571505213,발목
1780571505233,다리
1780571505260,방구
1780571505542,겨는 목이나 손보다도 아래야
1780571505554,허벅지
1780571505625,허벅지
1780571505735,아이씨
1780571505830,얼굴
1780571505909,진자 불쾌한단어 다튀어나오네
1780571505927,골반 ㅇㅈ
1780571506064,얼굴
1780571506144,벅지
1780571506171,다리가 있지
1780571506418,다리 허벅지
1780571506466,퍼리요 퍼리
1780571506719,다리
1780571507493,복근
1780571507506,?
1780571507681,발
1780571507758,쇄골
1780571508002,겨
1780571508072,푸시~
1780571508081,다리 있지
1780571508340,발목
1780571508806,응꼬 ㄱ
1780571508835,아 골반 ㅇㅈ
1780571508854,허벅지 종아리
1780571508982,다리
1780571509006,qjrwl
1780571509038,골반이 최고다
1780571509119,허벅지?
1780571509184,다리
1780571509396,푸씨 ㄷㄷㄷ
1780571509406,푸씌~
1780571509431,동구멍 ㅇㅇㅇㅇㅇㅇ;
1780571509484,골반이 goat
1780571509688,벅지
1780571509913,귀
1780571510214,다리
1780571510617,벅지
1780571510763,다리 있어야지
1780571511079,배꼽
1780571511291,퍼리
1780571511376,목선
1780571511583,님들아;; ㅋㅋㅅㅂ
1780571511606,발
1780571511854,다리
1780571511889,푸씨
1780571511896,다리선까지
1780571512094,푸씌
1780571512164,푸씨 ㅋㅋㅋㅋ
1780571512356,상체충 하체충
1780571512471,허리 낄때껴라
1780571512550,허벅지~
1780571512732,다리
1780571512736,발목
1780571512805,목덜미 목덜미ㅏ
1780571512947,후장 ㅅㅅ
1780571513334,방금 들어왔는데 메모장 상태가 왜저래요?
1780571513372,목덜미
1780571513385,허벅지 졸아리
1780571513872,야드랑이
1780571513964,다리 있어야지 ㅇㅇ
1780571514545,허벅지
1780571514719,오금
1780571514774,배꼽 ㄱㄱ
1780571514955,쇄골
1780571515123,목
1780571515469,목선
1780571515490,퍼리는요?
1780571515748,목?
1780571516149,목선
1780571516279,다리 있어야지
1780571516362,저게 메인이지
1780571516422,ㅋㅋㅋㅋㅋㅋㅋㅋㅋ
1780571516434,다리 어디감
1780571516465,목덜미
1780571516692,허벅지 목선 ㅇㅇ
1780571517064,목???
1780571517248,푸씨 ㅋㅋㅋㅋㅋ
1780571517367,발목~
1780571517562,정수리
1780571517657,다리
1780571517679,허벅지
1780571517829,배꼽 ㄱㄱㄱㄱㄱㄱ
1780571517829,풍혈
1780571518132,허벅지
1780571518206,ㅋㅋㅋㅋㅋㅋ
1780571518318,다리
1780571518414,다리
1780571518466,
1780571518899,발
1780571519091,목선정도?
1780571519655,목선
1780571519800,손
1780571519877,벅지 투메임
1780571520049,쇄골
1780571520082,발
1780571520199,뒷목
1780571520220,벅근
1780571520223,다리는 기본이지
1780571520316,'히오스'하는가 안하는가
1780571520407,허벅지
1780571520510,쇄골이용
1780571520675,목덜미 추가해다오
1780571520718,푸씨는이샛기들아
1780571520733,허벅지
1780571520735,목선 정도??
1780571520869,귀
1780571520934,다리 ㅇㄷ
1780571521285,배꼽
1780571521574,응꼬 ㄱㄱ
1780571522280,허벅지
1780571522418,다리 목선?
1780571522708,허벅지 쇄골
1780571523003,허벅지 종아리
1780571523332,각선미
1780571523417,겨드랑이는 어디갔냐
1780571523516,후장 ㅅㅅ
1780571523575,배꼽이 ㄹㅇ
1780571524204,갈비뼈
1780571524597,배꼽 마이너임
1780571524675,상수
1780571524822,목선을봐..?
1780571524896,어허 님드라
1780571524917,목선 ㅇㅈ
1780571525054,다리는 ㅇㅈ
1780571525692,푸시
1780571525746,목도 메이져긴해
1780571525910,총설배강
1780571526059,목선??
1780571526569,후장 ㅅㅅ
1780571526642,얼굴은 디폴트지
1780571526839,겨드랑이 ㅇㄷ?
1780571527135,발?
1780571527291,발
1780571528750,동구멍 ㅇㅇ
1780571529491,손가락
1780571529748,기립선
1780571530050,안경?
1780571530324,벅지
1780571530503,배꼽
1780571530912,필 탈
1780571531038,배꼽이 ㄹㅇ마이너인데
1780571531429,겨는 목보다 아래임
1780571531943,허벅지
1780571532184,솜털
1780571532586,복근
1780571532591,드라큘라임?
1780571532728,무조건 발목
1780571532760,발은 좀...
1780571532970,겨를 빼먹네
1780571533064,머리카락
1780571533227,목선 애매한데
1780571533329,쇄골
1780571533526,메인급이지
1780571533625,배꼽도 있더라
1780571533753,발 목 겨드랑이
1780571534469,목 뒤 잔털
1780571534555,목선 메인은 아니지
1780571534605,팔에 있는 털
1780571534722,머리묶을때
1780571534838,쇄골?
1780571535041,목선은좀..
1780571535150,똔구멍
1780571535202,흠
1780571535233,뭐야 이미 전신이잖아
1780571535315,손
1780571535422,아진짜 드러운말
1780571535432,대 목 선
1780571535488,겨드랑이
1780571538240,쇄골
1780571538570,1군은 여기까지
1780571538625,페티쉬 월드컵?
1780571538677,똫구멍 ㅇㅇ
1780571538866,마이너까진 아니긴해
1780571538983,목선 솜털 메인아니였음?
1780571539019,목선은 좀
1780571539028,겨보다는 메인임
1780571539040,대 목 선
1780571539298,목선은 메인이지 뭔
1780571539354,어깨
1780571540019,그때의 룩쌈은 진짜 변태를 넘어서 정신적으로 뇌파수가 하나 고장난 놈인줄 알았어. 나는 그랬어.
1780571540030,목선은 겨 뒤지
1780571540221,콧구멍
1780571540347,저정도는 아니지
1780571540622,저기엔 못비비지
1780571540714,dw
1780571540801,머릿결 머리카락
1780571540924,똫구멍 ㅇㅇ ㅇ
1780571541158,기립근?
1780571541449,저기까진아니지
1780571541549,저기까지 메인이지
1780571541661,배꼽이 ㄹㅇ마이너임
1780571541699,마이너까진 아니긴해 ㅇㅇ
1780571541700,뭔 목선이여 뒤질라고
1780571541847,목선 그정돈가
1780571542084,ㅇㅈ
1780571542150,햄스트링
1780571542382,보
1780571542591,겨
1780571542641,룩드랑이
1780571542771,와 그정도임
1780571542783,쇄골이 찐이다
1780571542790,저 다섯개는 못이기지
1780571542803,쇄골
1780571542919,목선은 살짝 변태 ㅇㅇ
1780571543189,허리는 빼야지
1780571543613,디테일할수록 그냥 매니악한거지
1780571543971,이외에는 다 마이너
1780571544178,일자배꼽이 ㄹㅇ 어흐
1780571544667,목선은 겨드랑이랑 연결이지
1780571544674,목선은 말은 안하지 다 좋아함
1780571544770,목선은 그정도아니지
1780571544936,겨 발 정돈 아니잖아
1780571545767,미자들은 맞을듯
1780571545970,여기엔 못끼지
1780571545971,쇄골 ㅇㅇ
1780571546201,목선은 밸런스가 중요한거지 단일포인트는 아니지
1780571546262,난 기립근 봄
1780571547583,목선은 수문장급
1780571547607,목선은 살짝 디테일이지ㅇㅇ
1780571548829,발은 안껴주나?
1780571548881,0티어
1780571549366,배꼽은 ㅋㅋㅋㅋㅋㅋㅋ
1780571549447,목선은 겨급임 ㅇㅇ
1780571549859,5황임
1780571549971,뒷구멍 ㅎㅎㅎㅎ
1780571550340,토트넘같은 빅6
1780571551621,겨드랑이 어딨음 ?
1780571551723,이 방 패티쉬많네
1780571552040,발 겨
1780571552605,겨
1780571552624,목선은 단일로는 못껴
1780571552903,손
1780571553045,쇄골 목선
1780571553186,앞머리
1780571553236,ㅋㅋㅋㅋㅋㅋㅋㅋ
1780571554254,야지털 수북한거 좋아함
1780571555011,쇄골?
1780571555176,손 발
1780571555257,겨 발
1780571555267,쇄골
1780571555274,발 겨
1780571555346,발
1780571555382,겨
1780571555584,정수리
1780571555601,뒷 구 멍 ㅇ ㅇ ㅇ ㅇ
1780571555941,겨
1780571556028,겨 발
1780571556085,겨
1780571556094,발목
1780571556280,손
1780571556460,걍발목임 발목이쁘면 전체다이쁠수밖에없음
1780571556493,겨
1780571556644,배꼽
1780571556661,배꼽
1780571556697,빅파이
1780571557001,겨
1780571557120,겨
1780571557267,겨가 없네
1780571557271,퍼씨~
1780571557577,발가락
1780571557692,겨드랑이
1780571557859,아 쇄골 ㅇㅈ
1780571557903,목선은 발 겨 밑임
1780571558023,손
1780571558258,손
1780571558411,겨드랑이 발
1780571558420,ㅇㅈ
1780571558461,기립근
1780571558693,발
1780571558711,손 발
1780571559030,배꼽
1780571559175,겨 손
1780571559569,겨드랑이 발
1780571559643,발
1780571559901,어깨
1780571560035,어흐
1780571560308,똫구멍 ㅇㅇ ㅇ
1780571560374,발목
1780571560386,손
1780571560390,겨드랑이
1780571560701,손
1780571560719,난 혀
1780571560780,발
1780571561285,복근복근
1780571561465,기립근
1780571561840,겨드랑이 발목
1780571561878,손 발
1780571562051,섬섬옥수
1780571562561,발?
1780571562588,배꼽
1780571562639,겨드랑
1780571562704,야호
1780571562775,배꼽
1780571562971,어흐
1780571563051,겨드랑이 발 ㅇㅇ
1780571563054,겨
1780571563549,발?
1780571563837,배꼽은 진짜..
1780571564224,입
1780571564289,겨드랑이도 메인이야 솔직히
1780571564396,기립근ㅋㅋㅋ
1780571565018,발은좀
1780571565061,발은 마이너야
1780571565339,발
1780571565482,ㅋㅋㅋㅋㅋㅋㅋ
1780571565755,뱃살
1780571565769,발은 좀
1780571566035,발애매해
1780571566055,손목
1780571566093,겨
1780571566602,발은못봄ㅋㅋㅋ
1780571566949,???
1780571566986,이상했어ㅇㅇ
1780571567127,배꼽 겨
1780571567167,발목
1780571567530,ㅇㅇ
1780571567601,발은 아래야
1780571568000,발은 내려야지
1780571568151,발은 아래
1780571568251,겨
1780571568271,ㅋㅋㅋㅋㅋㅋㅋㅋㅋㅋㅋㅋㅋㅋㅋㅋㅋㅋㅋㅋㅋ
1780571568520,발 좀 아래긴해
1780571568759,발도 내려가야해?
1780571568780,?
1780571568807,복근
1780571569639,발은 더 밑에야
1780571569951,발 = 냄새
1780571570294,겨 발 배 꼽
1780571570374,발은 변태취급이지 ㅇㅇ
1780571570400,오장육부 다나오겟다
1780571570445,?
1780571570548,ㅇㅈ
1780571571126,ㄹㅇ
1780571571490,뱃살  ㄱㄱ
1780571571571,ㅋㅋㅋㅋㅋㅋ
1780571571610,ㅋㅋㅋㅋㅋㅋㅋㅋㅋ
1780571571972,야노가 취향임
1780571572266,ㅋㅋㅋ
1780571572311,ㄹㅇㅋㅋ
1780571572577,ㅋㅋㅋㅋㅋㅋㅋㅋㅋㅋㅋㅋㅋㅋㅋㅋ
1780571572833,겨 발 배꼽 ㅋㅋㅋㅋㅋㅋㅋ
1780571572927,메이저야
1780571573091,배 겨
1780571573569,ㅋㅋㅋㅋㅋㅋㅋㅋㅋㅋㅋㅋㅋㅋㅋㅋㅋㅋㅋㅋㅋㅋㅋㅋㅋㅋㅋㅋㅋㅋㅋ
1780571573679,똫구멍 ㅇㅇ ㅇ
1780571573809,ㄹㅇ
1780571573832,겨
1780571573902,ㅋㅋㅋㅋㅋㅋ
1780571573986,변태신사
1780571574178,배꼽 어디감
1780571574332,발은 좀 변태취급이지
1780571574403,ㅋㅋㅋㅋㅋㅋㅋㅋㅋㅋ
1780571574503,겨
1780571574619,?
1780571574721,이렇게 나열하니까 ㅈㄴ 변태같다
1780571574740,목선 쇄골은 연야가중개 이런데서도 언급함
1780571574749,겨 는 어딨음 ?
1780571574816,ㅋㅋㅋㅋㅋㅋㅋㅋㅋ 아 오케잌ㅋ
1780571574928,발은 아래임
1780571575298,뱃살 !
1780571575408,개변태라인
1780571575740,ㅋㅋㅋㅋㅋㅋㅋㅋㅋㅋㅋㅋㅋㅋㅋㅋ
1780571575777,ㅋㅋㅋㅋㅋㅋㅋㅋㅋㅋㅋㅋㅋㅋㅋㅋ
1780571575875,ㄹㅇㅋㅋㅋㅋㅋㅋㅋㅋㅋㅋㅋㅋ
1780571576115,ㅋㅋㅋㅋㅋㅋㅋㅋㅋㅋㅋ
1780571576308,ㅋㅋㅋㅋㅋㅋ
1780571576328,zzzzzzzzzz
1780571576367,아 뭔지 알아ㅋㅋㅋㅋㅋㅋㅋ
1780571576372,ㅋㅋㅋㅋㅋㅋㅋㅋㅋㅋㅋㅋㅋㅋㅋㅋㅋ
1780571576505,ㅋㅋㅋㅋㅋㅋㅋㅋㅋㅋㅋㅋ
1780571576539,ㅋㅋㅋㅋㅋㅋㅋㅋㅋㅋㅋㅋㅋㅋㅋ
1780571576746,ㅋㅋㅋㅋㅋㅋㅋ
1780571577040,겨는 저기보다 아래임
1780571577446,발도 메이저야
1780571577915,뱃살 뱃살 뱃살 뱃살 뱃살 뱃살 뱃살 뱃살
1780571577990,십이지장
1780571578488,리센느알아보기라고해서 들어왔더니 페티시얘기하고있네 ㅋㅋ
1780571578511,복근복근복근
1780571578899,{:d_117:}{:d_117:}{:d_117:}{:d_117:}
1780571579075,발 신 사
1780571579749,발은 겨 아래임
1780571580050,심연은 뭐지
1780571580323,배꼽은 왜 좋아하는데
1780571580932,??????
1780571581297,죄송하지만 어디가 젠틀한가요?
1780571581422,노잼 메이저
1780571581518,치열
1780571581838,씹멩;ㅣ자ㅓ
1780571582914,ㄹㅇ 그냥 착한철할때 말하는거ㅋㅋ
1780571583142,ㅋㅋㅋㅋㅋㅋㅋㅋㅋㅋㅋ
1780571583496,페티쉬 월드컵 한번 해야겠는데
1780571583735,겨신사 발신사 ㅋㅋ
1780571584483,배꼽은ㅅㅂ 뭔데
1780571584710,뱃살
1780571584854,성수동
1780571585848,치골이 레전드임
1780571585947,겨
1780571585985,심연은 뭐임 ? ?
1780571586006,목선 ㅇㅈㄹ
1780571586242,그 밑에가 겨 발 ㅋㅋ
1780571587004,심연 한번 알아볼까요 ?
1780571587714,발도 메이저라고
1780571587898,잘알;
1780571588575,겨 발
1780571588583,심연
1780571589325,시궁창
1780571589950,겨
1780571590049,겨 발
1780571590098,배꼽은 뭔데 밴좀;;
1780571590157,뱃살
1780571590247,배꼽
1780571590284,으악소리\
1780571590474,이게 리센느야
1780571590976,발
1780571591128,{:d_126:}{:d_126:}{:d_126:}{:d_126:}{:d_126:}
1780571592079,발 겨
1780571592202,겨 발
1780571592623,여기에 있구나
1780571592803,똫구멍 ㅇㅇ ㅇ
1780571593031,공허
1780571593140,겨 발
1780571593260,배꼽
1780571593264,발도 껴줘
1780571593826,겨 발 배
1780571593837,겨드랑이 그정도 아니야
1780571593973,배꼽
1780571594038,배꼽.
1780571594093,입
1780571594805,겨 발 배꼽;
1780571595489,귀
1780571595524,털
1780571595844,배꼽은 뭔데
1780571595881,맞네 ㅋㅋㅋㅋㅋㅋ
1780571595917,배꼽
1780571595948,<<<<<<<
1780571595988,배꼽
1780571596049,<<
1780571596057,<<<<<
1780571596094,ㅋㅋㅋㅋㅋㅋ
1780571596169,배꼽
1780571596490,복근
1780571596565,살짝?
1780571596921,혀
1780571596921,배꼽 ㅋㅋㅋㅋㅋ
1780571597255,배꼽
1780571597393,룩삼의 겨
1780571597461,치골이 진짜다 ㅇㅇ
1780571597513,ㅋㅋㅋㅋㅋㅋㅋㅋㅋㅋㅋㅋ
1780571597789,발 메이저라고 ㅡㅡ
1780571597876,아오\
1780571597934,발 겨 배곱ㅋㅋ
1780571598226,입
1780571598372,겨가 개맛있는데
1780571598457,ㅋㅋㅋㅋㅋㅋㅋㅋㅋㅋㅋㅋㅋㅋ
1780571598818,?
1780571598879,발목
1780571598975,겨 발 배꼽
1780571599074,털
1780571599197,어흐
1780571599218,ㅋㅋㅋㅋㅋㅋㅋㅋㅋ
1780571599340,..
1780571599425,배꼽은 ㅅㅂㅋㅋㅋㅋ
1780571599428,ㅋㅋㅋㅋㅋㅋㅋㅋㅋㅋ
1780571599588,ㅋㅋㅋㅋㅋㅋㅋㅋㅋㅋㅋㅋㅋㅋㅋㅋ
1780571599663,귀는 ㅋㅋ
1780571599695,ㅋㅋㅋㅋㅋㅋ
1780571599733,ㅋㅋㅋㅋㅋㅋㄹㅇ
1780571599754,발은 2티어 아니냐?
1780571599903,ㅋㅋㅋㅋㅋㅋㅋㅋㅋㅋㅋㅋㅋㅋㅋㅋㅋㅋㅋㅋ
1780571599905,똫구멍 ㅇㅇ ㅇ
1780571600242,걍 음흉한거 맞잖아 ㅋㅋㅋ
1780571600252,진짜 ㅋㅋㅋㅋㅋㅋㅋㅋㅋ
1780571600349,혀
1780571600806,ㅋㅋㅋㅋㅋㅋㅋㅋㅋㅋㅋㅋㅋㅋㅋㅋㅋㅋㅋ
1780571600829,아킬레스건
1780571601068,혀
1780571601293,귀
1780571601508,아으
1780571601617,배꼽은 진짜 ㅅㅂ
1780571601807,{:d_117:}{:d_117:}{:d_117:}{:d_117:}{:d_117:}
1780571601873,발목은 왜 없나요 ;;
1780571601895,꼽 ㅋㅋ
1780571602203,난 요새 팔뚝이 좋더라...
1780571602424,귀
1780571602437,발목이요 발목
1780571602549,와
1780571602556,아오 드러워 죽겠네
1780571602785,복근은???
1780571603607,겨드랑이 메이저라고;;
1780571603705,혀도 있더라
1780571603980,근꼽은 ㄹㅇ 음침하네
1780571604201,부끄겨
1780571604224,심연은 뭐지
1780571604425,혀 귀
1780571604477,음침허이...
1780571604548,야꼽 어흐{:d_108:}{:d_108:}{:d_108:}{:d_108:}{:d_108:}
1780571604585,귀도 있음
1780571604648,ㄸㄱㅁ은 나가라
1780571604779,경멸 삼대장;;
1780571605142,귀
1780571605390,더 있어 근데?
1780571605402,발은 그정도아님 ㅇㅇ
1780571605549,혀
1780571605825,아니 이렇게보니까 너무 아랜데?
1780571605959,코꼽 ㅋㅋㅋㅋㅋㅋ
1780571606121,배꼽 요즘 십메이저임
1780571606248,겨발배ㅋㅋ
1780571606475,귀도 있더라
1780571606495,똥꼬
1780571606496,혀 귀
1780571607060,기립근
1780571607210,ㅇㅇ
1780571607410,배꼽은 좀ㅂ
1780571607522,으악
1780571607558,처음들어
1780571607669,배꼽도 있음
1780571607829,그르게
1780571607957,ㅇㅇ 일자 배꼽
1780571608070,나...
1780571608126,당연히 잇지
1780571608409,ㅋㅋㅋㅋㅋㅋㅋㅋㅋ
1780571608454,ㅋㅋㅋㅋㅋㅋㅋㅋㅋㅋㅋㅋㅋㅋㅋㅋㅋㅋㅋㅋㅋㅋㅋㅋㅋ
1780571608545,배꼽은 진짜 더럽네
1780571608759,있지
1780571608960,야꼽있지
1780571608996,ㅋㅋㅋㅋㅋㅋㅋㅋㅋㅋㅋㅋㅋㅋㅋㅋㅋ
1780571609106,ㅋㅋㅋㅋㅋㅋㅋㅋㅋㅋ
1780571609229,있어
1780571609405,있겠냐고
1780571609462,아킬레스건
1780571609629,혀 는 어딘가요
1780571609726,ㅇㅇ
1780571609929,ㅋㅋㅋㅋ
1780571610021,배꼽도 있어??
1780571610260,ㅋㅋㅋㅋㅋㅋㅋㅋㅋㅋㅋㅋㅋㅋㅋㅋㅋㅋㅋㅋㅋㅋㅋㅋㅋㅋㅋㅋㅋㅋㅋㅋㅋㅋㅋㅋㅋㅋㅋㅋㅋㅋㅋㅋㅋㅋㅋㅋㅋㅋㅋㅋㅋㅋㅋㅋ
1780571610311,귀도 있음 ㅇㅇ
1780571610489,다 있지
1780571610492,그 정도긴해
1780571610546,배꼽은 좀 ;;
1780571610613,귀도 있음 ㅋㅋㅋㅋㅋ
1780571610752,귀 좋다
1780571610968,똥구멍은 나가라
1780571611075,아 귀
1780571611439,배꼽도 많아
1780571611454,있더라
1780571611561,일자배꼽
1780571611766,야꼽개많음
1780571611770,복근
1780571611818,배꼽은 첨들어보는데
1780571611882,배꼽은 힘드네
1780571612294,배꼽은 좀
1780571612369,겨 발 보다는 아래같은데
1780571612609,어으
1780571612690,있긴하지
1780571612723,배꼽은 걍 죽어라
1780571613055,이거 있어?
1780571613434,귀좋다
1780571613435,일자배꼽 페티시
1780571613682,겨발까진 주류지
1780571613735,말랑한
1780571613835,이쁜 배꼽이 있지
1780571614232,일바 배꼽 참외배꼽
1780571614283,복근 아님?
1780571614428,일자 배꼽
1780571614432,배꼽떄
1780571614647,내전근
1780571614656,배꼽을 왜봐;;
1780571614790,1자 배꼽
1780571614894,일자 배꼽이여야함
1780571614967,배꼽 ㅁㅊ
1780571614996,배꼽 ㅈㄴ 많던데
1780571615437,배꼽은 배 아님 걍?
1780571615523,난 엉밑살
1780571615584,배는 몰라도 배꼽은 첨듣네
1780571615636,근꼽은 항문급인데
1780571615730,혀
1780571615813,더 밑에가라
1780571615956,귀
1780571616457,털
1780571616842,난 그냥 여자면 조하
1780571617113,후장
1780571617445,배꼽 더 밑으로 가야지... 겨 발보다는
1780571617725,일자배꼽 근데 성형아님?
1780571618413,응꼬는 ?
1780571618458,복근은 어딨음
1780571618774,배꼽은 ㄹㅇ 개더럽네
1780571618923,?
1780571619750,여돌 1자배꼽 언급하는 아이돌 유튜브 갸많음
1780571620006,야꼽 진짜 많다
1780571620722,겨 발은 꽤 올라왔지
1780571620763,일자 배꼽 참외 배꼽 어흐
1780571621024,?
1780571621029,후 장 ㅇㅇ
1780571621045,난 손 좋은데
1780571621356,배꼽은 진짜 싹싹긁어서 겨우 나온거같은데
1780571621570,배꼽은 내려가라
1780571622032,참외충들
1780571622706,혹시 유륜도 참가 가능하나요
1780571622715,복근은?
1780571622772,배꼽은 모양이 중요함
1780571622939,겨신사 ㅋㅋ
1780571624961,ㅋㅋㅋㅋㅋㅋㅋㅋㅋㅋㅋㅋㅋㅋㅋㅋ
1780571625878,천박한것들끼리 급 두고 앉았네 아오 ㅋㅋㅋ
1780571626176,치골이 진짜 어흐임
1780571626391,응꼬 급인데
1780571626713,예?
1780571626891,?
1780571627113,?
1780571627131,겨는 올려도 됨
1780571627231,겨발은 올라왔어
1780571628452,락ㅋㅋ
1780571628479,겨신사분들
1780571629399,ㅋㅋㅋㅋㅋㅋㅋㅋㅋㅋㅋㅋㅋㅋㅋㅋㅋㅋㅋㅋㅋㅋㅋㅋㅋㅋㅋㅋㅋㅋㅋㅋㅋㅋㅋㅋㅋㅋㅋㅋㅋㅋㅋ
1780571629649,발목없는거보니까 대화할 가치가 없네 에휴
1780571629949,겨 발은 올라오긴함
1780571630133,똫구멍 ㅇㅇ ㅇ
1780571630134,ㅋㅋㅋㅋㅋㅋㅋㅋㅋㅋㅋ
1780571630447,ㄹㅇ
1780571630917,ㅋㅋㅋㅋㅋㅋㅋㅋㅋㅋㅋ
1780571631566,락 발 ㅋㅋ
1780571631746,복근으로 ㄱㄱㄱㄱㄱㄱ
1780571631980,발락 ㄷㄷ
1780571631995,겨는 요즘도 취급 못받는데
1780571632704,ㅇㅈ
1780571632710,배꼽 보단 복근임
1780571633217,겨힙발락
1780571633238,겨힙발락 ㅋㅋㅋㅋ
1780571634705,ㅋㅋㅋㅋㅋㅋㅋㅋㅋㅋㅋㅋ
1780571634903,ㅋㅋㅋㅋㅋㅋ
1780571634911,ㅋㅋㅋㅋㅋㅋㅋㅋㅋㅋㅋㅋ
1780571635297,쇼미더 겨
1780571635722,ㅋㅋㅋㅋㅋㅋㅋㅋㅋㅋ
1780571635961,배꼽도 많이 올라왔어
1780571635993,발락 ㅋㅋㅋㅋㅋㅋㅋㅋㅋㅋㅋㅋㅋㅋㅋㅋㅋㅋ
1780571636058,ㅋㅋㅋㅋㅋㅋㅋㅋㅋㅋㅋ
1780571636579,겨=힙합
1780571636620,복근으로 ㄱㄱㄱㄱㄱㄱㄱㄱㄱㄱ
1780571637554,ㅁㅊㅋㅋ
1780571637676,ㅋㅋㅋㅋㅋㅋㅋㅌ
1780571638546,도파민 없긴하지
1780571639549,쇼미더 겨!
1780571639721,ㅋㅋㅋㅋㅋㅋㅋㅋㅋㅋㅋㅋㅋㅋㅋㅋㅋㅋㅋㅋㅋㅋㅋㅋㅋㅋㅋㅋㅋㅋㅋㅋㅋㅋㅋㅋㅋㅋㅋㅋㅋㅋ
1780571639775,? 겨발이 메이저라고?
1780571639806,맞지 ㅋㅋ
1780571639904,개방된거긴해
1780571640315,주관적 기준
1780571640577,겨힙발락 ㅋㅋㅋㅋㅋㅋㅋㅋ
1780571640837,손도 넣어줘
1780571641043,겨미더머닠ㅋㅋㅋㅋ
1780571641697,발은 좀
1780571641853,음악 비유법 ㅋㅋㅋㅋㅋㅋ
1780571641865,겨는 대중적이 맞다
1780571642318,좀 올라오긴 함 ㅋㅋ
1780571642552,락발 라드
1780571643206,째즈정도
1780571643501,나 손본다
1780571645214,이젠 인정해
1780571645386,겨립발락ㅋㅋㅋ
1780571645806,쇼미더겨발
1780571646808,배꼽 ㄴㄴ 복근
1780571646993,룩피셜 ) 겨 = 힙합
1780571647379,쇼 미더 겨미
1780571647393,어느새부터 겨는 멋져
1780571647412,배꼽은 좀
1780571647626,장르로 인정은 되는 ㅋㅋㅋ
1780571647708,ㅋㅋㅋㅋㅋ
1780571647789,ㅇㅇ
1780571648157,천박한 채팅 쳐도 되나요?
1780571648946,오 ㅇㅈ
1780571649310,기립근이 힙한거아닐까?
1780571649366,ㄹㅇ
1780571649495,겨가 주류라고?
1780571649504,ㄹㅇ
1780571649689,배꼽은 좀
1780571649847,ㄹㅇㄹㅇ
1780571650440,복근 ㄱㄱㄱㄱㄱㄱ
1780571650447,배네상스 열어
1780571650910,헤비메탈임
1780571650962,주류만드는데 일조함<<<
1780571651122,치골은?
1780571651271,ㄹㅇ
1780571651273,너네 그정도 아니야 ㅇㅇ
1780571651462,꼽 빼
1780571651684,배꼽은 뭐라고 해야하나
1780571652297,10년더 기다려!
1780571652321,ㄹㅇ
1780571652366,주류는 이런데쓰는게 아니야 ..
1780571652543,포크
1780571652858,아니 1자배꼽 메이저라니까
1780571653333,복근은 ㅇㅈ
1780571653441,ㄹㅇㅋㅋㅋㅋㅋㅋㅋㅋ
1780571653477,겨 미더 머니!
1780571653550,배꼽은 심해야
1780571653611,평~~~~~~~~~~~~쌩 밑에서 있어
1780571653883,말하는 사람도 없음
1780571654107,포크크
1780571654121,배꼽은 뭔데
1780571654831,손도있음
1780571654881,ㅇㅈ
1780571655228,겨발급은 아니야
1780571655438,야 배꼽 너네 그정도 아니야
1780571655654,근데 배꼽보다 밑에가있냐
1780571655717,너희 그정도아니야
1780571655981,배꼽이 발라드지 겨보다훨 대중적임
1780571655989,겨털
1780571656311,복근도 넣어줘
1780571656667,혀도 있더라
1780571656791,겨?
1780571656830,배꼽보단 배가 맞을듯?
1780571657585,포크크
1780571657803,손 넣어줘
1780571657922,배꼽 무시하지마세요
1780571658083,복근임
1780571658645,혀
1780571659612,배꼽 지금 상승세라고
1780571659653,뒷목은?
1780571659746,복근은 페티쉬 아님 ㅋㅋ
1780571660282,솔직히 배꼽은 저 아래가마다
1780571660584,기립근도 ㅇㅈ인데
1780571660704,점
1780571661126,야꼽 ㄹㅇ중요해 여자들 야꼽수술 많이함
1780571661217,등 < ㅇㄷ?
1780571661510,1자배꼽 진짜 메이져인데
1780571661937,치골 ㄱㄱ
1780571661939,배꼽은 살짝 힙해보이네
1780571662498,겨털있는 여자 좋아하시는분  ㅜㅜㅜㅜㅜ
1780571662736,토론주제 건실하네
1780571664524,ㅋㅋ
1780571664860,기립근 ㅇㅈ
1780571665402,기립근!등!
1780571665404,아니 지금 들어왔는데 뭐고 ㅋㅋㅋㅋㅋ
1780571665617,치골 ㅇㄷ?
1780571665705,발목은 다리에 포함인가요?
1780571665951,배꼽은...
1780571666362,?
1780571666401,배꼽 나가
1780571666403,?
1780571666689,?
1780571667180,음?
1780571667346,배꼽 혀 ㅈㄴ 많음
1780571667678,?
1780571667864,배꼽이 뭔 대중적이여
1780571668038,?
1780571668383,배라드
1780571668682,그런가
1780571668816,배꼽은 털 살 급임
1780571668878,??
1780571668993,??
1780571669574,ㄹㅇ???
1780571669601,ㄴ
1780571669853,?
1780571670272,겨털있는 여자 좋아하시는분  ㅜㅜㅜㅜㅜ 저요 ㅜㅜ
1780571670326,꼽 평 ㅋ
1780571671524,그렇지
1780571672003,아 치골 ㅇㅈ
1780571672030,ㅈㄹ
1780571672473,복근은 허리에 편입돼라
1780571672712,배평 ㅋㅋ
1780571673571,뭔 배꼽
1780571673949,치골이 진짜라니까
1780571674066,꼽쌤들 아오~
1780571674741,나가
1780571675287,보태배
1780571675539,그치
1780571675765,ㅇㅈ
1780571675854,치골
1780571675891,배꼽 너네는 edm이다
1780571675992,꼽기견
1780571675994,근육이지 저건
1780571676365,tl;qkf 뭔 배꼽
1780571676757,배꼽은 락임
1780571677017,꼽 평 ㅋㅋㅋ
1780571677677,치골은 ㅇㄷ?
1780571677789,참외배꼽이면 바로 은퇴임
1780571678727,발목
1780571678818,저건 다 라인이라고 봐야지 사실상
1780571679658,치골좋다
1780571680740,꼽샘들 꼽 ㄴ
1780571680765,그런 세부적인건 빼야지 ㅋㅋ
1780571681786,엉디
1780571682522,근
1780571682552,손
1780571682765,또 배꼽들 지들이 메인인줄알지?
1780571683008,치골이 골반 아니냐
1780571683180,꼽평들 ㅈㄴ 많던데
1780571683486,1자배꼽 여돌 미모평가에 언급 많이됨 진짜로
1780571683531,손톱
1780571684086,복근이 배꼽아님?
1780571684418,배꼽 성형이 왜있겠냐
1780571684504,너무 세세해졌는데
1780571684626,어흐
1780571684680,1자배꼽은 걍 성형이라고
1780571685688,겨털있는 여자 좋아하시는분 ㅜㅜㅜㅜㅜ 저요ㅠ
1780571687046,젠틀한척하는거ㄹㅇ 공감가네
1780571687093,배꼽 = 락 ㅋㅋㅋㅋㅋㅋ
1780571687556,치골이 진짜라고
1780571688331,글로 써놓으니까 ㅈㄴ 폭력적이네
1780571688387,치열은 없나
1780571688395,라인은 어디감?
1780571688587,아니 배꼽수술도 하는대 있다니까
1780571691771,그건 니 알고리즘이
1780571692245,치골이 없잖아
1780571692539,분명 리센느 알아보기였는데…
1780571693585,11자복근
1780571694373,도대체 이게 무슨 화면이냐 진효야
1780571694563,그건 아이돌이고
1780571695373,ㅋㅋㅋㅋㅋㅋㅋㅋ
1780571696585,{:d_45:}{:d_45:}{:d_45:}
1780571696807,어디서
1780571697018,어깨 선이 없네...
1780571698225,배꼽충
1780571698232,리센느한테 고소 안당하나요
1780571698270,알았다고 야꼽충들아
1780571698770,음?
1780571699136,??
1780571700495,귀는 어딘데
1780571700591,배꼽 서양쪽은 메이저일걸
1780571700749,미모는 얼굴아님?
1780571701108,리센느 알아보기
1780571701493,겨털있는 여자 좋아하시는분 ㅜㅜㅜㅜㅜ 저요ㅋ
1780571702147,배꼽 성형 괜히 있는게 아님
1780571703215,몸선은 어디감?
1780571703999,발목 얇은것도 있지 않나?? 그것도 패티시 있던거 같은데
1780571704136,귀는 없음?
1780571704534,1부 페티시 알아보기
1780571705096,겨가 기립근 위 오지않을까 이젠??
1780571705225,가슴 엉덩이는 따로 올려야함
1780571705784,근데 방제가 ㅋㅋㅋㅋㅋㅋㅋㅋㅋ
1780571706254,ㅋㅋㅋㅋㅋㅋㅋㅋㅋㅋㅋㅋ
1780571706810,스읍...
1780571706952,?
1780571707538,윈터 배꼽 고트
1780571708224,방제 << 고소 안당함?
1780571708396,귀는 쉽지 않네
1780571708410,커
1780571708731,귀는 대체 뭐임?
1780571708843,?
1780571708965,귀는 뭐냐
1780571709202,?
1780571709262,?
1780571709378,지금 리센느 알아보는중이죠?
1780571709402,?
1780571710012,귀?
1780571710070,?
1780571710099,귀는 뭐가 다름?
1780571710698,방제이렇게달고 ㅋㅋㅋㅋㅋㅋㅋㅋㅋㅋㅋㅋㅋㅋ
1780571710904,제목 : 리센느 알아보기
1780571711282,귀는 더 아래같은데
1780571711353,귀 그정도 아니긴 함
1780571711672,리센느 알아보기 전에 참 좋은 토론을
1780571711690,겨 발 귀
1780571711924,귀?
1780571712205,ㄴㄴ 위지
1780571712980,항문 <<< 어디임
1780571713104,커
1780571713389,너 남자귀보니?
1780571713574,고품격 방송 중이네
1780571713726,귀 ㅇㅈ
1780571714281,퍼리?
1780571714408,겨발귀 ㅋㅋㅋ
1780571714968,귀는 뭐지
1780571715110,귀는 뭐가 다른거지
1780571715614,귀는 진짜 ㅅㅂ ㅋㅋㅋㅋㅋㅋㅋㅋㅋㅋㅋㅋㅋㅋㅋㅋㅋㅋㅋㅋㅋㅋㅋㅋㅋㅋㅋ
1780571716183,음?
1780571716398,보 타 피
1780571716407,귓볼만지는 십새들있음
1780571716694,1부 페티시 알아보기 뭐임
1780571717042,쎈놈
1780571717294,귀티쉬는 뭐야
1780571717349,헉?
1780571717861,귀??
1780571718566,귀는 어떤걸로 하는건데 ㅋㅋ
1780571718755,귀는 머임??
1780571718898,보타피
1780571719186,보타피 ㄷㄷ
1780571719545,ㅋㅋㅋㅋㅋㅋㅋㅋㅋㅋㅋㅋㅋㅋ
1780571719884,귀충ㅋㅋ
1780571719933,ㅋㅋㅋㅋㅋㅋㅋㅋㅋㅋㅋ
1780571720074,ㅋㅋㅋㅋㅋㅋㅋㅋㅋㅋㅋㅋㅋㅋㅋㅋㅋㅋㅋㅋㅋㅋㅋㅋ
1780571720303,ㅋㅋㅋㅋㅋㅋㅋㅋㅋㅋㅋㅋ
1780571720559,귀충 ㅋㅋㅋㅋㅋㅋㅋㅋㅋㅋㅋㅋㅋ
1780571720568,귀충
1780571720730,아오\
1780571720782,ㅋㅋㅋㅋㅋ
1780571720882,리센느 해체분석중임????????????
1780571721279,ㅋㅋㅋㅋㅋㅋㅋ
1780571721404,리센느 알아보기 아닙니다
1780571721481,귀충 ㅋㅋㅋㅋㅋ
1780571721738,귀충 ㅋㅋㅋ
1780571721937,귀충이;;
1780571722073,헉...
1780571722255,ㅋㅋㅋㅋㅋㅋㅋㅋㅋㅋ
1780571722342,ㅋㅋㅋㅋㅋㅋㅋㅋㅋㅋㅋ
1780571722500,귀충
1780571723001,귀는 뭐야
1780571723016,믿힌
1780571723106,보타피
1780571723511,귀충 ㅋㅋㅋㅋㅋㅋㅋㅋㅋㅋㅋㅋ
1780571723568,귀는 뭐임?
1780571723770,원숭이 귀 엘프귀 이런거임??
1780571724215,귀충ㅋㅋ
1780571724314,귀충 ㅋㅋ
1780571724533,귀칼
1780571724800,귀충?
1780571724879,귀충은 ㅋㅋㅋㅋㅋㅋㅋㅋ
1780571725033,도X
1780571725395,귀충
1780571725515,귀충이
1780571725554,진짜 최악의 세대 ㅋㅋㅋㅋㅋㅋ
1780571725733,귀충이
1780571726085,귀두 좋아해?
1780571726281,귀충이 ㄷㄷ
1780571726443,엘프귀 말하는거 아님?
1780571726824,보타피
1780571726952,보타피 ㅋㅋㅋ
1780571727061,귀충은 뭐냐 ㅋㅋㅋㅋㅋㅋ
1780571727626,귀충ㅋㅋㅋㅋㅋ
1780571727921,커충
1780571728292,귀충은 뭔 삼국지 장수냐
1780571728457,뭔가 어감이 ㅋㅋㅋㅋ
1780571729338,귀민이셔?
1780571729837,귀충ㅋㄲ
1780571730040,한양대 선임 귀가 이뻤나보네
1780571730452,귀에 반응옴?
1780571730896,보 타 피 ㅋㅋ
1780571730981,귀 중요함
1780571731438,귀충 ㅋㅋㅋ 벌레같네 느낌이
1780571731656,귀다리 ㅅㅂㅋㅋㅋ
1780571731722,귀는 인종따라 달라지느거아님?
1780571731962,귀충은 진짜 벌레 이름 같음 ㅋㅋㅋㅋ
1780571732129,귀충은 뭔 벌레임?ㅋㅋㅋㅋ
1780571732144,귀충은 유비 좋아함?
1780571732271,귀충 ㅋㅋㅋㅋㅋㅋ
1780571732351,쌈아 리센느 알아보기 제목해놓고 이러면 좀 ;
1780571732694,귀충은 뭔데 ㅋㅋㅋ
1780571732726,귀충은 ㅋㅋㅋㅋ
1780571732806,귀칼충?
1780571732961,커충이셔
1780571732968,귀다리충
1780571733079,귀 모양을 좋아하는거야?
1780571733603,귀충 ㅋㅋㅋㅋㅋㅋㅋ
1780571734013,귀민이 ㅋㅋㅋㅋㅋㅋㅋ
1780571735018,?
1780571735128,야 방제 바꾸고해라 ㅋㅋㅋㅋㅋ
1780571735688,귀뒤 충 << 찐임
1780571736145,귀충 보타피선생 ㅋㅋ
1780571736818,방제 리센느 띄우고 내용 레전드네
1780571737148,귀보고 꼴린다고?
1780571737399,리센느 -> 패티시 -> 군대 ㅋㅋ
1780571737429,귀칼충
1780571737720,귀는 어떤게 이쁜거지?
1780571738374,귀충 ㅋㅋ
1780571739071,리센느얘기아닙니다 오해하지마세요
1780571740514,제목을 저렇게 하고 페티쉬 알아보기는...
1780571741285,와 ㅈㅈ
1780571741398,귀퀴벌레
1780571741690,쌈아 리센느 알아보기 제목해놓고 이러면 좀 ///////
1780571741690,귀는 왜 좋은거임?
1780571742283,으악
1780571742610,믿힌 ㅋㅋㅋㅋㅋㅋㅋㅋㅋ
1780571742871,ㄷㄷ
1780571742873,ㅋㅋㅋㅋㅋ
1780571743181,ㅋㅋㅋㅋㅋㅋㅋㅋㅋㅋㅋ
1780571743261,ㄹㅇ이가?
1780571743289,ㅅㅂㅋㅋㅋㅋㅋㅋㅋㅋㅋㅋㅋㅋㅋㅋㅋㅋㅋ
1780571743406,?
1780571743409,?
1780571743658,와
1780571743724,음?
1780571743859,ㅅㅂ
1780571744068,ㄹㅇ?
1780571744074,귀는 좀;;
1780571744243,ㅋㅋㅋㅋㅋㅋㅋㅋㅋ
1780571744289,귀통 ㄷㄷ
1780571744369,ㅋㅋㅋㅋㅋㅋㅋㅋㅋㅋㅋㅋㅋㅋㅋㅋㅋㅋㅋㅋㅋㅋㅋㅋㅋㅋㅋㅋㅋ
1780571744405,아오
1780571744413,?
1780571744433,???????????
1780571744463,ㅋㅋㅋㅋㅋㅋㅋㅋㅋㅋㅋㅋ
1780571744550,귀칼 좋아하셔?
1780571744604,으악
1780571744706,ㅋㅋㅋㅋㅋㅋㅋㅋㅋㅋㅋㅋㅋㅋㅋㅋ
1780571744736,어우
1780571744750,ㅋㅋㅋㅋㅋㅋㅋㅋㅋㅋㅋ
1780571745001,ㅋㅋㅋㅋㅋㅋㅋㅋㅋ
1780571745001,ㅋㅋㅋㅋㅋㅋㅋㅋㅋㅋㅋㅋㅋㅋㅋ
1780571745061,ㅋㅋㅋㅋㅋㅋㅋㅋㅋㅋㅋ
1780571745120,유비보면 환장하겠네
1780571745408,?....
1780571745455,난 손 보는데 손은 없음?
1780571745492,?
1780571745628,흠...
1780571745647,??
1780571745717,귀존통ㅋㅋ
1780571745729,ㅁㅊ
1780571745877,저게 무슨 소리야
1780571745907,귀존통 ㅋㅋㅋㅋ
1780571746008,님아
1780571746084,?
1780571746086,???
1780571746132,ㅋㅋㅋㅋㅋㅋㅋㅋㅋㅋㅋㅋㅋ
1780571746157,ㅋㅋㅋㅋㅋㅋㅋㅋㅋㅋㅋㅋㅋ
1780571746263,?
1780571746375,?
1780571746396,?
1780571746664,?
1780571746788,귀통
1780571746792,으악
1780571746799,"귀귀쌤,,,,,"
1780571746881,귀통맨
1780571746896,?ㅋㅋ
1780571746905,?
1780571746931,귀도 있긴함
1780571747046,???
1780571747235,귀통통은 뭔데 ㅋㅋ
1780571747248,ㅈㄴ변태같다
1780571747288,귀충은 ㅅㅂ
1780571747357,그건 좀
1780571747535,귀존통 ㅅㅂ ㅋㅋㅋㅋㅋㅋㅋㅋㅋㅋㅋ
1780571747573,ㄹㅇ이가;
1780571747738,내려가
1780571747772,귀 통통하네ㅋㅋㅋㅋㅋㅋㅋㅋㅋㅋㅋㅋㅋㅋㅋㅋㅋㅋㅋㅋ
1780571748007,진짜 변태같네 ㅋㅋㅋㅋㅋㅋㅋㅋㅋㅋㅋㅋㅋ
1780571748020,성희롱아님?
1780571748150,ㅋㅋㅋㅋㅋㅋㅋㅋㅋㅋㅋㅋ
1780571748615,아으 씨
1780571748683,와 개역겨웤ㅋㅋㅋㅋㅋㅋㅋㅋㅋㅋ
1780571748908,????
1780571748997,귀 통통하네 ㅋㅋㅋㅋㅋㅋㅋㅋㅋ
1780571749047,귀통 ㄷㄷ
1780571749132,귀존통은ㅋㅋㅋㅋㅋㅋㅋㅋㅋㅋㅋ
1780571749171,?
1780571749212,{:d_116:}{:d_116:}{:d_116:}
1780571749318,그건 좀...
1780571749415,귀통통 ㅋㅋ
1780571749902,징그러
1780571749905,ㅁㅊ..
1780571749988,ㅋㅋㅋㅋㅋㅋㅋㅋㅋㅋ
1780571750115,귀는 ㅋㅋ
1780571750384,ㅋㅋㅋㅋㅋㅋㅋ
1780571750736,귀존통 ㅇㅈㄹㅋㅋㅋㅋㅋㅋ
1780571750871,뭐야?
1780571751043,아 씨ㅣㅣㅣㅣㅣㅣㅣ
1780571751172,유비 어흐어흐
1780571751366,<<<<<<겨
1780571751579,ㅋㅋㅋㅋㅋㅋㅋㅋㅋㅋㅋ
1780571751669,귀 통통은 개웃기네 ㅋㅋㅋㅋㅋㅋㅋㅋㅋㅋㅋ
1780571751691,(음?)
1780571751869,유비보면 지리것네
1780571751887,귀 통통하네는 ㅋㅋㅋ
1780571752097,미틴놈이네
1780571752102,zzzzzzz
1780571752507,아오 ㅋㅋㅋㅋㅋㅋㅋㅋㅋㅋㅋ
1780571752520,내려보내자
1780571752524,귀존통
1780571752654,(병신인가..)
1780571752803,뭔 소리지?
1780571752970,통통귀 ㅋㅋㅋㅋ
1780571753164,귀쌤 ㅅㅂㅋㅋㅋㅋㅋㅋㅋㅋㅋ
1780571753393,ㅋㅋㅋㅋㅋㅋㅋㅋㅋㅋㅋㅋㅋㅋ
1780571753398,귀쌤 에반데
1780571753637,귀 ㅈㄴ통통하다는 ㅋㅋㅋㅋㅋㅋㅋㅋㅋㅋㅋㅋ
1780571753791,뭔 ㅋㅋㅋ
1780571754030,귀통통 처음 들어보는 표현임
1780571754107,귀존통 뭐임
1780571754129,{:d_135:}{:d_135:}{:d_135:}
1780571754364,ㅋㅋㅋㅋㅋㅋ
1780571754434,귀존통 ㅋㅋ
1780571754829,귀통통
1780571754882,귀존통 ㅋㅋ
1780571755048,ㄹㅇ이가....
1780571755106,징그럽네
1780571755142,귀존통 ㅋㅋㅋ
1780571755202,그건 ㄹㅇ변태네ㅋㅋㅋㅋㅋㅋㅋㅋㅋㅋㅋㅋㅋ
1780571755545,귀존통
1780571755840,귀통통하네 처음듣네
1780571755848,ㅋㅋㅋㅋㅋㅋㅋㅋ
1780571756189,최애가 유비임?
1780571756527,ㅋㅋㅋㅋㅋㅋㅋㅋㅋㅋㅋ
1780571756531,ㄹㅇㅋㅋ
1780571756752,지는 겨보면서ㅋㅋㅋㅋㅋㅋ
1780571757504,소름
1780571758749,멘트 시벌
1780571758965,귀존통ㅋㅋㅋㅋㅋㅋㅋㅋㅋㅋㅋ
1780571759166,귀가 말랐네
1780571759369,통통귀는 ㅋㅋㅋㅋㅋ
1780571759434,겨묻은개가 귀묻은개 나무라노
1780571759654,귀존통
1780571759741,귀존톤ㅋㅋㅋㅋㅋㅋㅋㅋㅋㅋㅋㅋㅋ
1780571759781,귀존통 ㅋㅋㅋㅋㅋㅋ
1780571759932,소름 돋긴하ㅔ
1780571760033,귀통통은 처음듣네
1780571760835,ㅋㅋㅋㅋㅋㅋㅋㅋㅋㅋㅋㅋㅋㅋ
1780571760870,<<< 겨드랑이 보면서 소리지름
1780571760957,진짜 변태같네
1780571761074,(지는 겨보면서)
1780571761172,지는??
1780571761340,귀통녀 됴아행ㅋㅋㅋㅋㅋㅋㅋㅋ{:d_109:}{:d_109:}{:d_109:}{:d_109:}{:d_109:}
1780571761534,아으
1780571761613,사이코패스 아님?
1780571762106,소름 ㅇㅈ
1780571762176,지는 ㅋㅋㅋㅋㅋ
1780571762464,아
1780571762510,헉
1780571762799,??
1780571762858,?
1780571763009,어어
1780571763188,아으
1780571763366,아오
1780571763483,?
1780571763501,??????????
1780571763684,맷돌 돌리다
1780571763815,헉
1780571763924,통통은 ㅅㅂ ㅋㅋ
1780571764147,어?
1780571764210,?????????????????????
1780571764269,귀존통 ㅋㅋㅋㅋㅋ
1780571764333,멘트 소름돋노 ㅇㅇ
1780571764364,아
1780571764396,입술 도톰 그런 느낌인가?
1780571764524,?
1780571764526,귀 통통
1780571764609,아이 씨
1780571764670,헉
1780571764721,어우
1780571764754,ㅋㅋㅋㅋㅋㅋㅋㅋㅋㅋㅋㅋㅋ
1780571764769,아
1780571764788,ㅋㅋㅋㅋㅋㅋㅋㅋㅋㅋㅋㅋㅋㅋㅋㅋㅋㅋㅋㅋㅋㅋㅋㅋㅋㅋㅋㅋ
1780571764855,ㅋㅋㅋㅋㅋㅋㅋㅋㅋㅋㅋㅋㅋㅋㅋㅋㅋㅋㅋㅋㅋㅋㅋㅋㅋㅋㅋㅋㅋㅋㅋㅋㅋ
1780571764908,?
1780571764943,아ㅏㅏㅏㅏㅏㅏㅏㅏㅏㅏㅏㅏㅏㅏㅏㅏㅏㅏㅏ
1780571765055,어흐
1780571765085,아으
1780571765138,?
1780571765253,?
1780571765377,으악
1780571765410,헉
1780571765505,헉
1780571765591,아으 씨
1780571765629,만지는건 좀
1780571765685,{:d_116:}{:d_116:}{:d_116:}
1780571765721,으으
1780571765728,???
1780571765845,?
1780571765870,??
1780571765898,어어
1780571765899,?
1780571766035,어우 쓰바
1780571766098,귀 만지는사람은 많음
1780571766111,아으
1780571766193,어어
1780571766252,그건 좀 소름돋네
1780571766265,?
1780571766344,????????
1780571766447,아 그런애들있음
1780571766684,아으
1780571766705,악
1780571766706,헉
1780571766763,엄
1780571766815,아
1780571767141,아
1780571767253,그런사람 있어
1780571767337,성군기 위반이야
1780571767342,adad
1780571767439,엄..
1780571767506,그럼 유비나 삼장법사한테 뻑가겠네
1780571767609,어 내 선임도 그랫는데
1780571767633,{:d_73:}{:d_73:}{:d_73:}
1780571767648,아으
1780571767704,(겨를보면서)
1780571767788,만...
1780571767796,ㅅㅂ\
1780571767800,으악
1780571767905,믿힌놈이다 ㅋㅋ
1780571767966,어어
1780571767982,오....
1780571768005,아이
1780571768084,뭣
1780571768446,귀충ㅋㅋㅋㅋ
1780571768478,ㅈㄴ 소름돋는
1780571768493,어으
1780571768533,아 싫어
1780571768637,귀뜯어먹을려고하나?
1780571768749,헉
1780571768866,ㅁㅇㅁㅇ
1780571768903,야야양
1780571768958,아 그런 사람있긴함
1780571768981,?
1780571769050,아 맷돌 돌리다
1780571769150,ㅋㅋ
1780571769191,?
1780571769604,귀믈리에
1780571769688,?
1780571769764,아으
1780571769895,멧돌 돌리다
1780571769963,와 씨발
1780571770133,미친???.
1780571770286,아니
1780571770345,이새끼가 ㅋㅋㅋㅋㅋ
1780571770358,??
1780571770386,ㅋㅋㅋㅋㅋㅋㅋㅋㅋㅋㅋㅋ
1780571770702,아 ㅅㅂ
1780571771099,ㅋㅋㅋㅋ
1780571771218,아으
1780571771376,ㅋㅋㅋㅋㅋㅋㅋㅋㅋ
1780571771599,귀만지는애 있음 ㄹㅇㅋㅋ
1780571771870,ㅅㅂㄹ
1780571771910,십 ㅋㅋㅋㅋㅋㅋㅋㅋㅋㅋ
1780571771971,맷돌 돌리다
1780571771991,{:d_116:}{:d_116:}{:d_116:}{:d_116:}{:d_116:}
1780571772159,블랙벨트만두귀 ㅈㄴ좋아하겠네 ㅋㅋ
1780571772249,귓볼 만지면 부드럽고 기분좋긴함 흐흐
1780571772655,씨ㅣㅣㅣㅣㅣㅣㅣㅣㅣㅣㅣㅣ발
1780571772686,ㅅ@ㅂㅇ
1780571772706,촉평 ㅋㅋ
1780571772792,오랴가셈
1780571772840,귀는 잘생겼어
1780571772954,?
1780571773344,귀 잘라 가려고
1780571773464,귀충은 뭐야 ㅋㅋㅋㅋㅋ
1780571773565,아 ㅅㅂ 뭐라는거야
1780571773704,ㅋㅋㅋㅋㅋㅋㅋㅋㅋㅋㅋㅋㅋㅋㅋㅋㅋㅋ
1780571773876,소름
1780571773902,조심해
1780571773987,???
1780571774063,ㅋㅋㅋㅋㅋㅋㅋㅋㅋㅋㅋㅋㅋㅋㅋㅋㅋㅋㅋㅋㅋㅋㅋㅋㅋㅋㅋㅋㅋㅋㅋㅋㅋㅋ
1780571774069,ㄱㅇ ㄱㅇㅇ
1780571774123,개소름돋네
1780571774240,멧돌 돌리다
1780571774448,ㅋㅋㅋㅋㅋㅋㅋㅋㅋㅋㅋ
1780571774504,귀평
1780571774693,ㅋㅋㅋㅋㅋㅋㅋㅋㅋㅋㅋㅋㅋㅋㅋㅋㅋㅋㅋㅋ
1780571774739,씹ㅋㅋㅋㅋㅋㅋㅋㅋㅋㅋㅋㅋㅋㅋㅋㅋㅋㅋㅋㅋㅋㅋㅋㅋㅋㅋㅋㅋㅋㅋㅋㅋㅋㅋㅋㅋㅋㅋㅋㅋㅋ
1780571774795,성군기 위반이냐 이거?
1780571774835,귀믈리에 ㅋㅋㅋㅋㅋㅋ
1780571774908,{:d_108:}{:d_108:}{:d_108:}{:d_108:}
1780571775281,했냐?
1780571775363,귀믈리에
1780571775431,ㅗㅜㅑ
1780571775596,{:d_4:}{:d_4:}{:d_4:}{:d_4:}
1780571776031,귀볼 만지는 새끼 있음
1780571776066,님도 겨만져주지
1780571776101,꺄ㅏㅏㅏㅏㅏㅏㅏ악
1780571776132,어 그건 나도그런데
1780571776396,귀믈리에
1780571776396,용서받지못한자여?
1780571776706,ㄹㅇ
1780571777094,잘 때 만졌을 듯
1780571777264,그래서 어떻게 함
1780571777321,붓다냐
1780571777645,소름돋네
1780571778342,왜 만지는거야
1780571778451,ㅋㅋㅋㅋㅋㅋㅋㅋㅋㅋㅋㅋㅋㅋㅋㅋㅋㅋ
1780571779170,귀평
1780571780054,ㅋㅋㅋㅋㅋㅋㅋㅋㅋㅋㅋㅋㅋㅋㅋㅋㅋㅋㅋㅋㅋㅋㅋㅋㅋㅋㅋㅋㅋㅋ
1780571780370,진짜 걔는 싸이코같다 ㅋㅋ
1780571780441,들어는볼게
1780571780684,갠취
1780571780713,ㅋㅋㅋㅋㅋㅋㅋㅋㅋ
1780571781485,기준을 또 물어보고있네
1780571781810,수집당한다
1780571781958,아 멧돌 돌리다~
1780571782148,귀준 ㅋㅋ
1780571782904,유비박이
1780571783021,궁금하긴해서
1780571783329,ㅋㅋㅋㅋㅋㅋㅋㅋㅋㅋㅋㅋㅋㅋㅋ
1780571784770,ㅋㅋㅋㅋㅋㅋㅋㅋㅋㅋㅋㅋㅋ
1780571785152,??
1780571785630,통통충
1780571785637,통통배
1780571786010,이걸 또 물어보네
1780571786141,ㅋㅋㅋㅋㅋㅋㅋㅋㅋㅋㅋㅋㅋㅋ
1780571786256,{:d_108:}{:d_108:}{:d_108:}
1780571786289,ㅋㅋㅋㅋㅋㅋㅋㅋㅋㅋㅋㅋㅋㅋㅋㅋㅋㅋㅋㅋ
1780571786307,ㅋㅋㅋㅋㅋㅋㅋㅋㅋㅋㅋㅋ
1780571786465,ㅋㅋㅋㅋㅋㅋㅋㅋㅋㅋㅋㅋㅋㅋ
1780571786684,아으
1780571787064,아으 ㅅㅂㅋㅋㅋㅋ
1780571787084,ㅋㅋㅋㅋㅋ
1780571787086,귀레이터 ㅅㅂㅋㅋㅋㅋㅋㅋㅋㅋ
1780571787945,소 ㄱ꽉 ㅋㅋㅋ
1780571787948,그걸 또 왜물어봐 ㅆㅂㅋㅋㅋㅋ
1780571788145,ㅋㅋㅋㅋㅋㅋㅋㅋㅋㅋ
1780571788159,ㅋㅋㅋㅋㅋㅋ
1780571788221,아...
1780571788297,통통배 ㅇㅇㅇ;
1780571788464,?
1780571788518,와 ㅅㅂ
1780571788531,왓더뻑
1780571788595,?
1780571788724,??
1780571788875,이 무슨
1780571789080,ㅋㅋㅋㅋㅋㅋㅋㅋㅋㅋㅋㅋㅋㅋㅋㅋㅋㅋㅋㅋㅋㅋㅋㅋ개 더럽네
1780571789549,속이 꽉찼어 ㅇㅈㄹ
1780571789626,전문가시네
1780571789722,아으
1780571789823,아오씹
1780571789946,{:d_73:}{:d_73:}{:d_73:}{:d_73:}
1780571790165,{:d_94:}
1780571790168,개시발 ㅋㅋㅋㅋㅋㅋㅋㅋㅋ
1780571790191,통통귀
1780571790270,저런 사람이 중세시대때 귀 잘라서 모으는 그런 사람이구나
1780571790400,아흐
1780571790432,씨ㅏ발
1780571790685,?
1780571790802,대체무슨;
1780571790875,미친색ㄱㅋㅋㅋ
1780571790960,아으
1780571791057,ㅅㅂ
1780571791183,ㅋㅋㅋㅋㅋㅋㅋㅋㅋㅋㅋㅋㅋㅋㅋㅋㅋㅋㅋㅋㅋㅋㅋㅋㅋ
1780571791669,섯음?
1780571791681,아으
1780571791749,살짝 그런 귀가 있음
1780571791781,ㅋㅋㅋㅋㅋ
1780571791791,겉바속통 ㄷㄷ
1780571791850,귀문가 ㅋㅋ
1780571792006,귀평 ㅋㅋ
1780571792087,슴가임?
1780571792798,만두냐고
1780571792819,속이 꽉찬 룩진국ㅋㅋㅋㅋㅋㅋㅋㅋ
1780571792968,아 ㅅㅂ
1780571793309,what
1780571793313,귀믈리에 ㅋㅋㅋ
1780571793420,{:d_108:}{:d_108:}{:d_108:}{:d_108:}
1780571793595,곱이냐?
1780571794294,으악
1780571794325,귀딸
1780571794361,림프절 ㅋㅋㅋ
1780571794733,그걸왜물어보는데 ㅋㅋㅋㅋㅋㅋ
1780571794965,귀믈리에
1780571795240,게이야뭐야
1780571796240,멍울은 인정
1780571796880,???
1780571797054,맷돌돌리다
1780571797058,??
1780571797404,멍울은 습박
1780571797746,ㅋㅋㅋㅋㅋㅋㅋㅋ
1780571797952,ㅋㅋㅋㅋㅋㅋㅋㅋㅋㅋㅋㅋㅋ
1780571799056,옹골찬 귀
1780571799372,용서받지못한자....
1780571799384,?
1780571799730,겉바속통 ㅋㅋㅋㅋㅋㅋ
1780571799817,?
1780571799849,어디서봤는데 귀만지면 게이라던데 ㅇㅇ
1780571800502,ㅋㅋㅋㅋㅋㅋㅋㅋㅋㅋㅋㅋㅋㅋㅋ
1780571800662,위험하다
1780571800786,뭔
1780571801503,남자 귀 잡고 그런 말이 나오냐ㅋㅋㅋㅋㅋㅋㅋㅋ
1780571801595,아이
1780571801598,레전드..
1780571801802,그새기 게이임
1780571802320,섯냐고
1780571802373,아오
1780571802547,ㅋㅋ
1780571802598,미친 ㅋㄲ
1780571802643,아으 ㅅㅂ
1780571802841,왜 평가를 하는데
1780571802979,무서워요
1780571804269,ㅋㅋㅋㅋㅋㅋㅋㅋㅋㅋㅋㅋㅋㅋㅋ
1780571804494,ㅈㄹ났네 ㅋㅋㅋ
1780571804494,아 ㅈ같네요잉
1780571805072,찐 귀평
1780571805482,무서워요 ㅠㅠ
1780571805729,귀동진 뭐지요
1780571805875,찐도라이시네
1780571806028,용서받지 못한자....
1780571806058,진짜 진심같아서 무서워 ㅋㅋㅋㅋㅋㅋㅋㅋㅋㅋㅋㅋㅋㅋㅋ
1780571806063,t
1780571806169,도라이네
1780571806528,개좋아하네
1780571806734,귀동진 ㅋㅋ
1780571808766,????
1780571808952,귀믈리에 ㅋㅋㅋ
1780571809291,?
1780571809471,무섭긴하네
1780571809809,아 ㅆㅃ
1780571810454,남자가 남자 몸 이쁘다하다 이런거구만 ㅋㅋㅋㅋ
1780571810960,ㄹㅇ 프로네
1780571811038,유비귀임?
1780571811047,?
1780571812144,음?
1780571812273,귀좀 보자
1780571812562,하 저런애도 있는데
1780571813014,귀동진 ㅋㅋ
1780571813956,귀 감정사 ㅋㅋㅋ
1780571814930,이건 기무대에 질러야함
1780571815645,귀는 과연
1780571815840,과연 그사람의 귀는 ㅋㅋㅋ
1780571815974,삼장법사 온거아님?
1780571817834,바이야?
1780571818719,룩삼도 남자 겨 보자나
1780571819181,귀 어땠음
1780571819528,제수씨 ㅋㅋ
1780571821000,귀충
1780571821613,옆에서 귀만 만짐?
1780571821992,헨타이하네요
1780571822679,결혼함?
1780571824818,부처 귓불임?
1780571825354,아니 생물학적 과학적으로도 타당성이 겨보다는 배꼽인데 개억울하네 저기아래있는거
1780571826860,귀통통함?
1780571829845,믿힌
1780571830905,ㄹㅇ?
1780571830962,ㅋㅋㅋㅋㅋㅋㅋㅋㅋ
1780571831026,ㅋㅋㅋㅋㅋㅋㅋㅋㅋ
1780571831202,?
1780571831776,아이 ㅋㅋㅋㅋ
1780571832081,와
1780571832607,ㅋㅋㅋㅋㅋㅋㅋㅋㅋㅋㅋㅋㅋㅋㅋㅋㅋㅋ
1780571832968,아오 ㅋㅋ
1780571833161,ㅅㅂㅋㅋㅋㅋ
1780571833660,ㄷㄷ
1780571833697,ㅈㅉㅇㅇ?
1780571833729,음?
1780571834013,겨발귀 ㄷㄷ
1780571834119,ㅋㅋㅋㅋㅋㅋㅋ
1780571834159,미친새키 ㅋㅋㅋㅋ
1780571834174,어으
1780571834319,야다..
1780571834353,?
1780571834604,오..
1780571834890,그건 좀 무서운데
1780571835135,아으 ㅋㅋㅋ
1780571835397,진짜 미치겠다 ㅋㅋㅋㅋㅋㅋㅋㅋㅋㅋ
1780571836141,부처 귀 되겠다
1780571836279,그런애들있어
1780571836527,오....
1780571836849,귀 빨개지겠네
1780571837025,오..
1780571837138,미친놈이네ㅋㅋㅋㅋㅋㅋㅋㅋㅋ
1780571837308,무서워
1780571837618,왜그러는거야
1780571837670,색스중
1780571837999,ㅋㅋㅋㅋㅋㅋㅋㅋㅋㅋㅋㅋㅋ
1780571838024,그건 뭐 그렇다 치자
1780571838106,귀존통 ㅋㅋ
1780571838257,밖에선하지말라고 ㅋㅋㅋ
1780571838354,귀충 맞네
1780571838611,패티쉬임
1780571838633,{:d_108:}{:d_108:}{:d_108:}
1780571838706,ㅋㅋㅋㅋㅋㅋㅋ
1780571839254,오...
1780571839320,걔 ADHD야?
1780571839618,대단해
1780571840469,귀도착증인데
1780571840499,진짜도라이였음 ㅋㅋㅋㅋ
1780571840673,ㅈㄴ 부럽긴하네
1780571840908,와 진짜네..
1780571842317,진짜 좋아하네
1780571842574,부럽긴하네 습박..
1780571842719,귀히롱
1780571843960,어 진짜 있구나
1780571844650,그건 좀 부러운대
1780571844771,쌕스중 ㅋ
1780571845079,귀 늘어지겠다
1780571845119,엘프 좋아하겠네
1780571845148,애정결핍 아닌가?
1780571845526,귀존통ㅋㅋㅋㅋㅋㅋㅋㅋㅋㅋ
1780571846381,ㅋㅋㅋㅋㅋㅋㅋㅋㅋㅋ
1780571846481,그건 귀충이 맞다
1780571847473,귀충아..
1780571848200,귀충 ㅁㅊ
1780571849702,만두귀되겠다 ㅋㅋㅋ
1780571850220,썍스중 ㅋ
1780571850548,말랑이냐
1780571850915,귀는 성감대잖아
1780571851296,커다리충
1780571851410,귀충 ㅇㅈ
1780571852130,귀존통 ㅅㅂㅋㅋㅋㅋㅋ
1780571852437,귀 배꼽 옆으로 보내라
1780571853239,안좋뎈ㅋㅋㅋㅋㅋ
1780571853725,귀뚤톡크네
1780571853744,귀충 보타피 ㄷㄷ
1780571853856,귀는 뭐야
1780571854553,"문학작품에서 야스 비유할때 그런거 하는데 ,,흐흐"
1780571855152,그걸 귀르가즘이라고 해요
1780571855828,진짜 마이너하네요
1780571855879,겨보다는..
1780571856336,난 다리~
1780571857084,그럴듯
1780571857104,귀괴
1780571857586,귀괴
1780571858001,귀는 한참아래야
1780571858532,만두귀만들기 ㅋㅋㅋㅋㅋ
1780571858857,만두귀는 통통하지
1780571858915,만두귀면 ㄷㄷ
1780571859215,{:d_44:}{:d_44:}{:d_44:}
1780571859545,치골이 진지하게 겨발귀 개바른다 ㅇㅇ
1780571859799,발목은 없냐
1780571859812,ㄹㅇ
1780571859903,저도 안좋음
1780571859937,큰일나지
1780571860014,ㅋㅋㅋㅋㅋ
1780571860771,귀는 배꼽밑에 껴주죠
1780571861729,귀귀괴괴 ㅋㅋ
1780571862176,냄새가능
1780571862450,귀에 ㅈ박은 놈 실존 ㄷㄷ
1780571862569,귀귀괴괴
1780571862648,오케이 룩삼 ㅈ같게 하는법 하나 얻었다
1780571862727,ㅋㅋㅋㅋㅋㅋㅋㅋㅋㅋㅋㅋ
1780571863487,말랑이임?ㅋㅋ
1780571867818,겨드랑이 핥는 거보다는 귀 핥는게 나은듯
1780571869960,ㅋㅋㅋㅋㅋㅋㅋㅋㅋㅋㅋ
1780571870355,만지니까 안야해보이지
1780571872231,복귀
1780571872272,내놓고 야스하는거자나 ㅋㅋ
1780571873274,단?점
1780571874465,어딜 만져도 이상하지
1780571876058,오케이 룩삼만나몈 귀만질게요
1780571877615,귀는 성감대중 하나라는 거임
1780571880387,다음 팬미팅때 귀 만져도됨?
1780571881025,대놓고 패티쉬하는거네
1780571882932,쌈아 겨 발 귀는 공통적으로 냄새가 나는 부위라는거임. 동급이 맞다
1780571883566,쌈님 귀 좀 보여주세요
1780571884711,걍 남이 하는 애정행위는 불쾌함 ㅋㅋ
1780571885020,룩삼 귀 딱대
1780571885237,A급 귀 진효 흐흐
1780571886470,진짜 무섭네
1780571886703,리센느 알아본건가요?
1780571888478,어쩌다 귀를 좋아하는거지
1780571888848,그 소녀~
1780571890759,ㅋㅋㅋㅋㅋㅋㅋㅋㅋㅋㅋㅋㅋㅋㅋㅋ
1780571890847,귀에 바람 불면 먼지날림
1780571891141,쌈님 귀좀 ㅎㅎㅎ
1780571891577,어쩌다 여기까지 옴
1780571892445,갑자기 티노형 귀만보이네 ㅋㅋ
1780571894035,족쿠
1780571894319,아니 타란티노에서 왜 발조쿠가 ㅋㅋㅋ
1780571894970,그언젠가~~~~
1780571896289,팔꿈치 하루종일 만지는 애도 있던데
1780571897890,귀조쿠는 없나요
1780571898279,"그 영화에 귀성감대있지않음,ㅈ"
1780571898539,귀 좀 보여주세요 ㅎㅎ
1780571898574,그소녀~~
1780571898787,야호
1780571899147,영화 언터처블 생각나네
1780571899197,다 아는데?
1780571899215,ㅋㅋㅋㅋㅋㅋㅋ
1780571899586,발조쿠 ㅋㅋ
1780571900350,a급 귀 궁금해요
1780571900805,페티쉬 알아보기
1780571900978,룩삼 귀통통 ㅋㅋ
1780571903229,돌쌤들 스테이!
1780571904485,그소녀~~~~
1780571905783,몰루
1780571905974,야동보다가
1780571906305,페티시 알아보기입니다
1780571906380,패티쉬 알아보기중
1780571907527,페티쉬 알아보기 ㅋㅋㅋㅋ
1780571909359,어쩌다 겨를 좋아하신건데요
1780571909780,?
1780571911904,흠 근데 이쁜누나들끼리 귀 만진다 생각하면 난 찬성
1780571912042,그냥...
1780571912500,그냥 좋아하는거임
1780571914634,핑크 팔꿈치는 좀 좋음
1780571915203,"그냥,,,"
1780571915503,야동보다가
1780571915881,좋으니깐
1780571916924,페티쉬는 그냥 좋아하는거야
1780571917101,그냥 좋은거지 뭐
1780571917517,그냥 좋아
1780571918986,지는 겨면서 ㅋㅋ
1780571919257,페티시가 동기는 없지
1780571920304,그냥...
1780571920784,본능
1780571921542,그냥 좋지 므ㅓ..
1780571922055,어흐
1780571922143,그냥좋은거야
1780571922695,좋아하는데 이유가 있을까?
1780571922749,진짜 룩삼방송중입니다 기다리세요
1780571923085,본능이지
1780571923512,야동보다가 ㅋㅋㅋㅋㅋㅋㅋㅋㅋ
1780571923528,누구나 이해함
1780571924649,ㄹㅇ 걍 본능
1780571925291,출렁~~
1780571925356,타란티노 보다가 페티쉬얘기중 ㅋㅋ
1780571926960,좋으니까 좋은거지 뭐
1780571930503,난 룩삼때문에 겨 입문함ㅇㅇ
1780571934979,페티쉬가 어때서
1780571936288,가슴이 왜 좋음 하면 누가 이유를 설명할 수있겠어 걍 좋은거지
1780571936798,ㅋㅋㅋㅋㅋㅋㅋㅋㅋㅋㅋㅋ
1780571936971,헉
1780571937030,ㅋㅋㅋㅋㅋㅋㅋ
1780571937473,흠..
1780571938304,어...
1780571938612,{:d_126:}{:d_126:}
1780571938780,ㅋㅋㅋㅋㅋㅋㅋㅋㅋㅋ
1780571938989,나도 너 때문에 겨 좋아한다
1780571939060,헉
1780571939159,예열이지
1780571939825,원래 그럽니다~
1780571940275,음..
1780571940793,ㅋㅋㅋㅋㅋㅋㅋㅋㅋ
1780571941448,헉
1780571941982,ㅋㅋㅋㅋㅋㅋㅋㅋㅋㅋㅋㅋㅋ
1780571942080,ㅋㅋㅋㅋㅋㅋㅋㅋㅋㅋㅋㅋㅋㅋㅋㅋㅋ
1780571942143,ㅋㅋㅋㅋㅋㅋㅋㅋㅋㅋㅋ
1780571942215,페티쉬 야호~
1780571942816,ㅋㅋㅋㅋㅋㅋㅋㅋㅋㅋㅋㅋㅋㅋㅋㅋㅋㅋㅋㅋㅋㅋㅋㅋㅋㅋㅋㅋㅋㅋㅋㅋㅋㅋㅋ
1780571942823,헉..
1780571943514,아 형
1780571943520,ㅋㅋㅋㅋㅋㅋㅋㅋㅋㅋㅋㅋㅋ
1780571943815,발티쉬
1780571943946,ㅋㅋㅋㅋㅋㅋㅋㅋ
1780571943958,ㅋㅋㅋㅋㅋㅋㅋㅋㅋㅋㅋㅋ
1780571944838,삐짐ㅋㅋ
1780571944860,발형
1780571944967,저 형이 발충이래요
1780571945696,THE FOOT
1780571945936,그런방입니다
1780571946114,ㅋㅋㅋㅋㅋㅋㅋㅋㅋㅋ
1780571946707,{:d_126:}
1780571947424,ㅋㅋ
1780571947528,예열은 ㅋㅋㅋㅋㅋㅋㅋㅋ
1780571947620,ㅋㅋㅋㅋㅋㅋㅋㅋㅋㅋㅋㅋ
1780571947697,{:d_44:}{:d_44:}{:d_44:}{:d_44:}{:d_44:}{:d_44:}
1780571947985,ㅋㅋㅋㅋㅋㅋㅋㅋㅋ
1780571948068,ㅋㅋㅋㅋ
1780571948358,PDF땄다 리센느소속사로 보냄 ㅅㄱ
1780571948791,발아저씨임?
1780571948845,오해 ㄴ
1780571949198,쿠엔틴 타란티노: 왜 내탓을...
1780571949429,발충임
1780571949472,발조쿠
1780571949734,유명하지
1780571949737,니가 만들어 ( 제발)
1780571949997,발란티노
1780571950803,발 야호
1780571950899,시청자 떨구기입니다
1780571951184,발롱도르
1780571951360,발 아저씨임?
1780571951843,저형 발성애자임
1780571952511,발 야호~
1780571953000,강요하지마라
1780571953031,과학적으로 아가랑 가까운곳이 주류가맞지 반박해보셈
1780571953360,여기 그런방인가요 ㅠㅠ
1780571953451,책 -> 타란티노 -> 페티쉬 ㅋㅋㅋㅋ
1780571953591,발티쉬
1780571953689,발티시 goat
1780571954010,이형 마지막 작품 언제냐
1780571954392,발아저씨
1780571954454,황혼에서 새벽까지에서 발 빨잖음
1780571954913,꼭 나오긴 해
1780571955343,몰라도됨
1780571955463,대놓고야 ㅋㅋㅋ
1780571955834,무조건 나옴
1780571956332,겨드랑이 야호~~{:mlb_76:}{:mlb_76:}{:mlb_76:}
1780571956509,티노형 통통귀네
1780571957511,ㅋㅋㅋㅋ
1780571958169,발 란 티 노
1780571958344,대놓고나옴
1780571958808,노골적으로 보여줌ㅋㅋㅋㅋ
1780571959151,무조건 보임
1780571959935,ㄹㅇ 리센느라 해서 들어왔는데…
1780571961398,ㅇㅈ합니다.
1780571961422,발충
1780571962163,몰라도 상관없음
1780571962999,이형 귀를 보니 심장이 안좋군
1780571963293,티란티노? (끄덕)
1780571963482,겨란티노 가자
1780571964490,뭣
1780571964896,티귀존통 ㄷㄷ
1780571965064,넌 나가라
1780571965915,음?
1780571965977,의식하고 보면 개변태가 따로 없음
1780571966650,아니 배꼽충 엄청 집요하네
1780571966872,뭣
1780571967175,티노형 귀존통ㅇㅈㄹㅋㅋㅋㅋ
1780571967284,배꼽충 검거
1780571967952,뭣?
1780571970235,니 말이 맞다 그래
1780571970400,아오
1780571970475,넹?
1780571970546,뭔소리임?
1780571971905,내가왜
1780571972725,아오 배꼽충
1780571973058,씹변태 검거
1780571974022,근데 어제 히오스 다시보기 안남아서 아숩다
1780571974095,아오 배꼽충
1780571974187,넵
1780571974639,아오 꼽쌤
1780571975333,계속 뇌절처하네
1780571975369,무시
1780571977702,방송 곱창낫네
1780571979512,ㄹㅇ
1780571983821,아만보 ㅇㅇ
1780571983931,ㅇ
1780571984781,그치
1780571984999,그치
1780571985150,ㄹㅇ
1780571985914,ㅇㅈ
1780571985933,ㅋㅋㅋㅋㅋㅋㅋㅋㅋㅋㅋㅋㅋㅋ
1780571986152,그치
1780571986761,ㄹㅇ
1780571987160,그건 맞지
1780571987317,나도 몰랐어
1780571987380,맞긴함
1780571987430,헉
1780571987518,캬
1780571987530,ㄹㅇ
1780571988051,ㅋㅋㅋㅋㅋㅋ
1780571988053,잘만들긴 하잖아 ㅋㅋ
1780571988102,ㄹㅇ
1780571988170,ㅋㅋㅋㅋㅋㅋ
1780571988222,ㄹㅇㅋㅋ
1780571989174,ㄹㅇ
1780571989562,맞네
1780571989906,캬
1780571989908,아니야 ㅈㄴ티나.....
1780571990369,그르네 ㅋㅋㅋㅋㅋ
1780571990441,나도 몰랐어
1780571990450,ㄹㅇ
1780571990588,ㄹㅇ
1780571990914,ㄹㅇ
1780571991542,그건 아님
1780571992053,저 형 귀 신기하네
1780571992204,ㅇㅇ
1780571992420,은근슬발임
1780571992562,아는놈만 보이는거야
1780571993040,몰라도 되게 만들엇으니까
1780571993157,거장이네요
1780571993190,보법이 다름
1780571993720,아니야
1780571993843,타종족은 모름
1780571994574,발냄새충들이나 알지
1780571995682,애초에 영잘알 감독임
1780571996190,넌 다른부위라서 그래
1780571996507,알아야 보이지
1780571996781,괜히 거장은 아니지
1780571997023,발슝좍 또 너야
1780571997412,아냐 계속나와
1780571997870,니네끼리만
1780571998994,근데 대놓고 본인이 발 빨고 그랬어
1780571999020,은근슬발 ㅋㅋㅋ
1780571999059,아니야 ㅈㄴ티나게 넣어....
1780572000683,다시보면 진짜 대놓고보여요
1780572000693,동류끼리 알아본거지 ㅋㅋㅋ
1780572001054,알아챘다면 당신도 발조쿠
1780572002063,티노햄은 귀 A급인가요
1780572002223,몰라도 되게 만들엇으니까 ㅇㅇ;
1780572002313,은근슬발만 어 더러운발이다!
1780572002528,아니야 계속 나와...
1780572002756,알아채는 놈들 발충이었네
1780572002926,ㅈㄴ 대놓고해 이새키
1780572003207,아는만큼 보인거지
1780572003564,영잘알 꼴잘알
1780572003722,근데 좀 자주나옴
1780572003956,"알아챘니? ""넌 동족이야"""
1780572004933,캬
1780572005727,발이 보이긴하나
1780572005801,겨드랑이엿음 바로 알앗을것
1780572006719,몇점짜리 귀인가요
1780572009058,지네끼리 즐겼네
1780572011426,알아본 애들이 발페티쉬인거지
1780572012982,발빠는 장면도 있을걸
1780572013278,ㄹㅇ ㅋㅋ
1780572015792,우린 동조크다
1780572016545,ㅋㅋㅋㅋㅋㅋ
1780572017957,?
1780572018599,?
1780572018682,?
1780572018967,음?
1780572018985,?
1780572018994,?
1780572019043,?
1780572019502,아닌척하지마
1780572019535,?
1780572019604,쌈님이 영화만들면 등장인물 다 만세하면서 다닐듯
1780572019806,아니엇음?
1780572020287,?
1780572020387,?
1780572020619,ㅈㄹㄴ
1780572020684,?
1780572020828,?
1780572020853,그치
1780572021021,?
1780572021175,킬빌에서 식물인간 깨어나는게 ㄹㅇ이지
1780572021406,구라 ㄴ
1780572021514,?
1780572021600,?
1780572021720,?
1780572021816,리센느팬들 아잰데 뭐 공감할듯
1780572021868,?
1780572022036,?
1780572022227,??
1780572022268,?
1780572022611,?
1780572022664,{:d_73:}{:d_73:}
1780572022869,?
1780572022959,?
1780572023000,?
1780572023130,흠..
1780572023215,ㅈㄹㄴ
1780572023294,?
1780572023522,?
1780572023573,????????
1780572023829,차마 부정못하는
1780572024024,ㅈㄹㄴ
1780572024133,이제와서?
1780572024231,구라 ㄴ
1780572024257,구라즘마ㅏㅏㅏㅏ
1780572024337,발이야 이형
1780572024460,누가봐두..
1780572024484,?
1780572024522,뭘 접어 ㅋㅋㅋㅋㅋ
1780572024563,ㅈㄹㄴ
1780572024677,다시 펴
1780572024843,패션이었어?
1780572024989,접었대
1780572025050,?
1780572025091,먼데
1780572025125,구라즘마
1780572025392,뭘접어요
1780572025412,?
1780572025539,넵
1780572025558,주름 접음?
1780572025762,아니라 그래라
1780572025818,창피해하지마세요
1780572026027,금겨 ㄷㄷ
1780572026413,접었대 ㅋㅋ
1780572026425,접는건 없음
1780572026473,구라ㄴ
1780572026480,?
1780572026732,ㅋㅋㅋㅋㅋㅋㅋㅋㅋ
1780572027500,그 좋은걸 어케 접어
1780572028514,접겨 좋아하신답니다
1780572028525,거짓말
1780572028804,하스도 버리더니 겨도 버리네
1780572028946,구라줌마
1780572028992,방송생활동안 증명해오셨는데요
1780572029644,이거노래제목뭐에요
1780572030121,내가아는 겨충은 너밖에없었는데
1780572030368,아닌척하려다가 머뭇거리네
1780572030452,ㅋㅋ 개가 똥을 끊지 ㅋㅋ
1780572030477,개가 똥을 끊지 습박
1780572030669,발로 갈아탐
1780572030929,아 접은 컨셉?
1780572032053,뭘 접는데
1780572032267,2지망 ㅋㅋㅋㅋㅋㅋ
1780572032319,1지망은요
1780572032603,쇼츠에 있는건 뭐임
1780572033040,1지망은
1780572033138,접고피는게 아니지
1780572033663,넵
1780572033775,표정은 거짓말 못하죠?
1780572033944,1지망 가슴임?
1780572034104,1지망은..?
1780572034506,?
1780572034662,1지망은 뭐임
1780572034800,그건 ㅇㅈ
1780572035180,M이 1순위다
1780572035258,접은척
1780572035619,2지망도 높은거야 십
1780572035756,1순위는?
1780572035877,넵
1780572036506,아 그런 컨셉
1780572036523,푸하하
1780572036647,1순위는 사타구니
1780572036789,아하 그런rp?
1780572036932,그건 맞지
1780572037022,1지망은 어디임?
1780572037391,1지망은...??
1780572037441,겨 주름 접었대
1780572037598,진학하십니까
1780572037736,1지망은 뭔데
1780572037848,야 2지망도
1780572038035,1지망은?
1780572038678,?
1780572038767,가슴이지
1780572038988,쌈님 공겜 좀 해주셔요~
1780572040063,{:d_117:}{:d_117:}{:d_117:}{:d_117:}{:d_117:}
1780572040121,1지망이 뭔데
1780572040166,아 ㅇㅋㅇㅋ
1780572040183,1은 어딘데
1780572041707,1지망은 얼굴이지
1780572041831,룩삼 야동취향 갸루자나 1지망 갸루일듯
1780572042942,2지망인것부터 글러먹은거라니까
1780572043029,휴겨겠지
1780572043165,1지망은 푸씨임?
1780572043501,ㅇㅋㅇㅋ
1780572043862,벅지?
1780572043864,m삼
1780572043991,그건 다른 페티쉬도 대부분 그래
1780572044179,메인
1780572044661,구라치네 ㅋㅋㅋㅋㅋㅋㅋ
1780572045120,바스트
1780572045316,발이야
1780572046902,1지망은 얼굴일듯
1780572046969,ㅇㅋㅇㅋ
1780572047286,2지망도 높아 ㅋㅋㅋ
1780572047361,아.. 메인
1780572048113,겨보단 그 겨를 부끄러워하는 듯한 그걸 좋아하는거아님?
1780572048641,빵댕이지!
1780572048781,응 연막
1780572049195,위야 아래야
1780572049321,보물지도
1780572049447,마조가 메인이야?
1780572049460,메인이 2군데인데
1780572049898,바스트라
1780572049902,다 그렇지 않아?
1780572050062,얼굴이지
1780572050384,연막임 얘
1780572050478,2지망도 좀 그래
1780572051039,찌찌
1780572051331,?>
1780572051365,찌찌
1780572051548,ㅋㅋㅋㅋㅋㅋㅋㅋㅋㅋ
1780572051621,아오
1780572051640,ㅋㅋㅋㅋㅋㅋㅋㅋㅋㅋㅋㅋ
1780572051706,믿힌 ㅋㅋㅋㅋㅋㅋㅋㅋㅋㅋㅋㅋㅋㅋㅋ
1780572051769,ㅉㅉ
1780572051800,음?
1780572051834,캬
1780572051869,ㅉㅉ
1780572051986,?
1780572051991,ㅋㅋㅋㅋㅋㅋㅋ
1780572052062,ㅇㅈㅇㅈ
1780572052117,캬
1780572052149,1지망 얼굴임 우희봐바
1780572052246,ㅋㅋㅋㅋㅋㅋㅋㅋㅋㅋㅋㅋ
1780572052339,쌈님은 바스트인가요 골반인가요
1780572052349,??
1780572052395,뮤비에 겨드랑이만나오면 소리지르는사람
1780572052415,ㅋㅋㅋㅋㅋㅋㅋㅋㅋㅋㅋ
1780572052474,?
1780572052474,ZZZZZZZZZ
1780572052550,ㅉㅉ
1780572052667,ㅋㅋㅋㅋㅋㅋㅋㅋㅋㅋㅋㅋㅋ
1780572052702,ㅋㅋㅋㅋㅋㅋ
1780572052714,ㅋㅋㅋㅋㅋㅋㅋㅋㅋㅋㅋ
1780572052718,뭣?
1780572052769,ㅋㅋㅋㅋㅋㅋㅋㅋㅋ
1780572052780,ㅉㅉ
1780572052794,?
1780572052840,ㅉㅉ
1780572052968,?
1780572052974,아
1780572053010,ㅋㅋㅋㅋㅋㅋㅋㅋㅋㅋㅋㅋㅋㅋㅋ
1780572053066,ㅋㅋㅋㅋㅋㅋㅋㅋㅋㅋㅋㅋㅋㅋㅋㅋㅋ
1780572053160,나도
1780572053177,찌찌ㅇㅈㄹㅋㅋ
1780572053185,노래제목뭐에요
1780572053250,?!
1780572053327,?
1780572053438,캬
1780572053445,?>??
1780572053505,???
1780572053526,메인디시;;
1780572053531,ㅋㅋㅋㅋㅋㅋㅋㅋㅋㅋㅋㅋㅋㅋㅋㅋㅋㅋㅋㅋㅋㅋㅋㅋㅋㅋㅋㅋㅋ
1780572053535,캬
1780572053540,쮸쮸 으흐흐
1780572053560,짖지
1780572053638,에?
1780572053731,ㅇㅈㄹㅋㅋㅋ
1780572053786,나도
1780572053794,ㅋㅋㅋㅋㅋㅋㅋㅋㅋㅋㅋㅋㅋㅋ
1780572053823,치치
1780572053969,ㅉㅉ
1780572054085,ㅋㅋㅋㅋㅋㅋㅋㅋㅋㅋㅋ
1780572054137,ㅋㅋㅋㅋㅋㅋㅋㅋㅋㅋㅋㅋㅋㅋㅋㅋㅋㅋㅋㅋㅋㅋㅋㅋㅋㅋㅋㅋㅋㅋㅋㅋㅋㅋㅋㅋㅋㅋㅋㅋㅋㅋ
1780572054140,ㅋㅋㅋㅋㅋㅋㅋㅋㅋㅋㅋㅋㅋㅋㅋㅋㅋㅋㅋㅋ
1780572054230,ㅋㅋㅋㅋㅋㅋㅋㅋ
1780572054310,님 얼빠잖아요
1780572054337,찌찌 ㅇㅈㄹㅋㅋ
1780572054405,ㅋㅋㅋㅋㅋㅋㅋㅋㅋㅋㅋ
1780572054454,ㅋㅋㅋㅋㅋㅋㅋㅋㅋㅋㅋㅋㅋㅋㅋㅋㅋㅋㅋㅋㅋㅋㅋㅋㅋㅋㅋㅋㅋㅋㅋㅋㅋ
1780572054472,ㅋㅋㅋㅋㅋㅋㅋㅋㅋㅋㅋㅋㅋㅋㅋㅋㅋㅋㅋㅋㅋㅋㅋㅋㅋㅋ
1780572054689,연막임 ㅋㅋ 속지마셈 ㅋㅋㅋ
1780572054733,ㅉㅉ
1780572054802,헉찌
1780572054899,ㅁㅌ
1780572054930,찌찌
1780572055031,{:d_108:}
1780572055064,ㅋㅋㅋㅋㅋㅋㅋㅋㅋㅋㅋㅋㅋ
1780572055345,찌찌 ㅋㅋㅋㅋㅋㅋㅋㅋ
1780572055555,어우
1780572055723,슴가
1780572055742,?
1780572055756,음?
1780572055758,ㅉㅉ
1780572055760,ㅋㅋㅋㅋㅋㅋㅋㅋ
1780572055800,{:d_108:}
1780572055844,ㅋㅋㅋㅋㅋㅋㅋㅋㅋㅋㅋㅋㅋㅋㅋㅋㅋㅋㅋ
1780572055974,ㅉㅉ
1780572056000,나도
1780572056327,ㅋㅋㅋㅋㅋㅋㅋ
1780572056393,ㅋㅋㅋㅋㅋㅋㅋ
1780572056465,ㅈ충이네
1780572056586,쯉스
1780572056905,님
1780572056938,찌찌 ㅇㅈㄹ ㅋㅋ
1780572056978,ㅋㅋㅋㅋㅋㅋㅋㅋㅋㅋㅋ
1780572057149,아으
1780572057479,ㅉㅉ
1780572057576,치치
1780572057578,ㅋㅋㅋㅋㅋㅋㅋㅋㅋㅋ
1780572057583,ㅇㅇ
1780572057646,고품격 방송
1780572057807,캬
1780572058113,돈치치
1780572058331,🥹ㅋㅋㅋㅋㅋㅋㅋㅋㅋㅋㅋㅋ
1780572058432,그렇지
1780572058569,가슴도아니고 찌찌 는 ㅋㅋㅋ
1780572058611,나도
1780572058885,ㅇㅇ
1780572059076,찌찌?ㅋㅋㅋㅋㅋㅋㅋㅋ
1780572059242,ㅋㅋㅋㅋㅋㅋㅋㅋㅋㅋㅋ
1780572059346,ZZIZZI
1780572060091,ㅉㅉ ㅇㅈㄹ ㅋㅋㅋㅋㅋㅋㅋㅋㅋㅋ
1780572060532,우륜쪽 ?
1780572060772,{:d_126:}
1780572060868,그렇지
1780572061267,찌찌는 ㅇㅈ이지
1780572061370,당연하지
1780572061374,{:d_108:}{:d_108:}
1780572062022,찌찌충 {:d_126:}{:d_126:}{:d_126:}
1780572062172,ㅋㅋㅋㅋㅋㅋㅋㅋㅋ
1780572062173,찌찌 ㅇㅈㄹ ㅋㅋㅋ
1780572062329,일코용 하나 있잖아
1780572062348,그런것까지 알고싶진않았어
1780572062426,기본이지
1780572062462,메이저는 따로임
1780572062697,가슴은 논외야
1780572062707,엉덩이는 몇지망이에요?
1780572062711,뿝스
1780572062734,당연하지
1780572062841,ㅇㅇ
1780572062848,그렇지 않을까
1780572062848,다좋지
1780572062872,쮜쮜이야
1780572063628,당연하긴함
1780572063675,당연하지
1780572063846,디폴트죠
1780572064209,ㅇㅇ
1780572064228,보통은 그렇지 ㅇㅇ
1780572064362,얼굴 아니었어????
1780572064971,기본이지
1780572065209,당연하지
1780572065282,안 그건 당연하지 하 ;;
1780572065739,ㅇㅇ
1780572065777,당연하지
1780572065837,당연하지
1780572065865,난 다 좋아함
1780572065900,치치
1780572065945,저는 발가락 사이요
1780572066087,가슴 엉덩이는 기본이지
1780572066150,걍 패시브야 ㅇㅇ
1780572066372,보통 깔고 가는거지
1780572066476,찌찌이러고 있다 ㅋㅋ
1780572066634,그렇지
1780572066709,메인딜러 서브딜러 같은거임
1780572066779,그건 만국 공통아님?
1780572067133,찌찌충 ㅇㅈㄹ
1780572067157,메인은 하나씩 다 있지
1780572067161,"찌찌,골반아님?"
1780572067182,극한의 1지망이 있을려나
1780572067415,당연하지
1780572067613,난엉덩이
1780572067825,메인 다음에 특수부위가 패티쉬지
1780572067882,몰라
1780572068116,님 부유방 페티시아냐 그럼?
1780572068302,디폴트지
1780572068406,가슴과 엉덩이는 기본으로 깔고가나봐 ㅋㅋ
1780572068601,그건 남자인 이상
1780572069167,다 맛잇지
1780572069263,거긴 논외임
1780572069497,2지방은 방뎅이지
1780572069550,진짜 신사들의 대화다
1780572069722,그렇지 않을까
1780572069837,나두 찌찌 됴아행ㅋㅋㅋㅋㅋ{:d_109:}{:d_109:}{:d_109:}{:d_109:}
1780572069911,걍 여자가 좋음 이라고하면 좀 그런가
1780572069934,보통이 다그래
1780572070145,글쎄
1780572070309,머야
1780572070574,1티어는 부정할수없지
1780572070822,메이저는 다 기본임
1780572070826,1지망은 깔고 가야함
1780572071114,그렇지 않을까?
1780572071236,그건 패시브
1780572071493,난 발이 우선인데
1780572071497,메인디쉬는 똑같지
1780572071561,당연히
1780572071929,본능은 어쩔수없어
1780572071934,기본은 기본이지
1780572072376,서브딜러
1780572072877,ㅋㅋㅋㅋㅋㅋㅋㅋㅋㅋㅋㅋㅋㅋㅋㅋㅋㅋㅋㅋㅋㅋㅋㅋㅋ
1780572072957,1지망은 말을 할필요가없잖아
1780572073264,다 맛있는거지 ㅋㅋㅋㅋ
1780572073449,가슴 엉덩이 골반은 어케이김
1780572074389,얼굴 가슴 엉덩이<패시브스킬
1780572074509,방제보고 왔는데 이게 뭔가요
1780572074914,1티어는깔ㅇ야지
1780572075063,난 발이 더좋아
1780572075525,그렇지 않을까?
1780572075662,가슴 페티쉬라는 말은 없어
1780572075887,2지망이아니라 그 두개는 기본값이지
1780572076324,인정하셨구요
1780572076512,저는 발목이 1순위고 겨는 2지망
1780572076608,옵션 같은건가
1780572077062,메인디쉬는 다 같다
1780572077580,일단 여자여야할거아니여
1780572077612,허벅지 좋아
1780572078033,누가 발이 1이야 ㅋㅋ
1780572078308,그냥 여자 몸이 좋음
1780572079163,바로 유입쳐내는거 뭐죠
1780572079301,{:x0due0duehehe:}
1780572080033,난 골반
1780572080757,근본의 근
1780572082203,가슴 엉덩이 둘중 하나를 메인딜 해야함
1780572082748,ㅋㅋㅋㅋㅋㅋㅋㅋㅋ
1780572083270,나는 찌찌가 좋아~
1780572083717,얼가엉
1780572084089,보통 메이저 한두개랑 마이너 원픽이 있는거지
1780572085154,전 1지망이 발이에요
1780572086474,?
1780572086753,다 맛있다는 거지 ㅋㅋㅋ
1780572087152,발목1은 대체..
1780572087204,?
1780572087423,개변태네
1780572087447,난 골반이 1지망인데 겨는 2지망
1780572087545,아 넵
1780572088129,?
1780572088282,?
1780572088377,본능이니께
1780572089652,?
1780572089999,오랜만에 품격높은 대화
1780572090312,발목이 어케 1순위냐
1780572090915,룩평
1780572090996,저런 분도 있네
1780572091138,룩 평
1780572092147,음?
1780572092805,유입쳐내기 토크 좋습니다
1780572093586,얇은게 좋음
1780572093603,수시 원서냐 무슨
1780572094538,쟨 결혼못하겟네
1780572094920,?
1780572095037,발목이 어케 1지망이됨
1780572095260,ㅋㅋㅋㅋㅋㅋㅋㅋ
1780572095306,ㅋㅋㅋㅋㅋㅋㅋㅋㅋㅋㅋㅋㅋㅋㅋㅋㅋㅋㅋㅋㅋㅋ;'
1780572095614,발목 1지망은 무슨
1780572096069,으럇으럇
1780572096098,{:x0duePepehi:}{:x0duePepehi:}{:x0duePepehi:}
1780572096503,근데 발목은 중요하긴 해
1780572096529,얼굴뺴고 몸이면 난 가슴
1780572097676,다 튀어나오네 ㅋㅋ
1780572097834,오랜만에 품격있네
1780572097879,?
1780572098051,뭘 그리는거니
1780572098715,음?
1780572099393,ㅋㅋㅋㅋㅋㅋㅋㅋㅋㅋㅋㅋㅋ
1780572099786,?
1780572099928,?
1780572099941,발목 1지망임?
1780572099956,발목얇은데 종아리 개굵으면어떡함
1780572100063,ㅋㅋㅋㅋㅋㅋㅋㅋㅋㅋ
1780572100065,그림ㅋㅋㅋㅋㅋㅋㅋㅋㅋㅋ
1780572100324,?
1780572100494,발목은 근데 흔한데
1780572100958,?
1780572101181,피카소
1780572101327,남자도 가능한거임?
1780572101539,쿠마형 체형?
1780572101837,눈이 발로 먼저감?
1780572102325,?
1780572102422,발목 여러개냐
1780572102514,ㅓㅜㅑ
1780572102631,?
1780572103187,ㅋㅋㅋㅋㅋㅋㅋㅋㅋㅋㅋㅋㅋㅋㅋㅋㅋㅋㅋㅋ
1780572103245,?
1780572103567,이게 뭔데
1780572103777,뭐그리냐
1780572104000,그림진짜..
1780572104014,화가네
1780572104199,리센느 알아보기전에 이게 맞아???
1780572104265,초딩그림머임
1780572104297,와 눈 보소
1780572104315,?
1780572104505,룩삼이 그린 미소녀 ㅋㅋㅋㅋㅋㅋ
1780572104509,못생겼어
1780572104636,ㅋㅋㅋㅋㅋㅋㅋㅋㅋㅋㅋㅋㅋ
1780572104801,ㅋㅋㅋㅋㅋㅋㅋㅋㅋㅋㅋㅋㅋㅋ
1780572104802,발목이 얇아야함
1780572105001,눈뭐이;ㅁ?
1780572105010,?ㅋ
1780572105049,빌목보면 흥분함?
1780572105165,?
1780572105218,눈머임 ㅋㅋ
1780572105364,?
1780572105546,어흐
1780572105567,와 손잡이
1780572105862,ㅋㄱㅋㄱㅋㄱㅋㄱㅋㄱㅋㄱㄱㅋ
1780572105915,?
1780572105938,발목은 인정이지
1780572105996,근데 코끼리는 ㄹㅇ 쉽지않음
1780572106036,룩카소 ㄷㄷ
1780572106232,?
1780572106234,대흥민
1780572106488,?
1780572106558,이게뭐노
1780572106586,눈 겁나커
1780572106702,ㅋㅋㅋㅋㅋㅋㅋㅋㅋㅋㅋㅋ
1780572106713,ㅋㅋㅋㅋㅋ
1780572106866,눈알귀신
1780572107039,?
1780572107175,초딩임?
1780572107214,뭐함?
1780572107227,발목은 좀 위험한데
1780572107622,?
1780572107678,?
1780572107785,괴물임?
1780572107827,이게 뭐 그리는 거임?
1780572107903,{:d_90:}{:d_90:}{:d_90:}{:d_90:}
1780572107925,피카소임?
1780572107975,눈 ㅈㄴ 크네;
1780572108060,으악
1780572108139,뭐노 이게
1780572108419,저거 눈이냐?
1780572108440,어우꼴린다
1780572108449,룩삼의 그림판
1780572108473,눈 크기 보소
1780572108711,ㅈㄴ 10세 여아 처럼 그림 그리네
1780572109079,ㅅ비 이게 뭐냐?
1780572109167,근데 발목은 보통 다리라인보는거임
1780572109268,캬
1780572109727,레바임?
1780572109795,ㅋㅋㅋㅋㅋㅋㅋㅋㅋㅋㅋㅋㅋ
1780572110428,괴물이다 으악
1780572110564,ㅈㄴ 무섭네
1780572110599,ㅋㅋㅋㅋㅋㅋㅋㅋㅋㅋㅋㅋㅋㅋㅋㅋㅋ
1780572110673,룩 카 소
1780572110796,커신
1780572110852,룩카소
1780572111375,무서운데
1780572111669,레바 ㅋㅋㅋㅋㅋㅋㅋㅋㅋㅋㅋㅋㅋ
1780572111729,ㅋㅋㅋㅋㅋㅋㅋㅋㅋㅋ
1780572111903,초딩임?
1780572111911,무서워요
1780572112074,?
1780572112227,야~호
1780572112227,?
1780572112424,코 존나 뾰족하네
1780572112524,칼빵자국뭐냐
1780572112620,엄청난 미녀!
1780572112632,잘그린다
1780572112666,으악
1780572112764,눈개크네
1780572112863,개무섭네 습박
1780572113160,무서워요'
1780572113186,코끼리 발목
1780572113212,ㅋㅋㅋㅋㅋㅋㅋㅋㅋㅋㅋㅋㅋㅋㅋㅋ
1780572113290,으악
1780572113298,룩초딩 ㅋㅋㅋ
1780572113326,ㅋㅋㅋㅋ쵸딩임?
1780572113359,너무무서워
1780572113699,괴물아니냐
1780572113962,개잘그리네
1780572114089,무서워요 ㅠㅠ 무서워요 ㅠㅠ 무서워요 ㅠㅠ 무서워요 ㅠㅠ 무서워요 ㅠㅠ
1780572114337,아오오니임?
1780572114359,개이쁜데?
1780572114506,룩카소
1780572114519,{:d_81:}{:d_62:}
1780572114789,ㅈㄴ잘그리네 ㅋㅋ
1780572115007,ㅋㅋㅋㅋㅋㅋㅋㅋㅋㅋㅋ
1780572115008,ㅋㅋㅋㅋㅋㅋㅋㅋㅋ
1780572115225,룩카소
1780572115240,엄청난 미인
1780572115371,ㅋㅋㅋㅋㅋ
1780572115372,순정만화 눈 ㅋㅋㅋㅋ
1780572115507,무서워요
1780572115657,토마스 기차야?
1780572115710,룩 카 소
1780572115730,개무섭네 ㅋㅋㅋㅋ
1780572115802,피카소임?
1780572115986,왜 잘그림?ㅋㅋ
1780572116058,어흐
1780572116287,피니핑?
1780572116719,아오오니
1780572116812,발목 두꺼우면 나가리임
1780572116825,초딩임?
1780572116947,ㅋㅋㅋㅋㅋㅋㅋㅋㅋㅋㅋ
1780572117170,ㅋㅋㅋㅋㅋㅋㅋㅋㅋㅋㅋㅋㅋ
1780572117833,룩카소 ㅋㅋㅋㅋㅋㅋㅋㅋㅋ
1780572117838,리센느알아보기
1780572117865,와 몸매
1780572117997,?
1780572118105,왜 잘 그리냐
1780572118172,ㅋㅋㅋㅋㅋㅋㅋㅋㅋㅋㅋㅋㅋㅋㅋㅋ
1780572118187,???
1780572118308,ㅋㅋㅋㅋㅋㅋㅋㅋㅋㅋㅋ
1780572118319,그림ㅋㅋㅋㅋㅋㅋㅋㅋㅋㅋㅋ
1780572118357,어흐
1780572118398,?
1780572118488,{:d_116:}
1780572118558,ㅋㅋㅋㅋㅋㅋㅋㅋㅋㅋㅋㅋㅋㅋㅋㅋㅋ
1780572118559,>>
1780572118674,근데 코끼리 발목임
1780572118877,어흐
1780572118921,오ㅓ..
1780572118946,씨발 트라우마 생기겠네
1780572118992,ㅋㅋㅋㅋㅋㅋㅋㅋㅋㅋㅋㅋㅋㅋㅋㅋㅋㅋㅋㅋㅋㅋㅋㅋㅋㅋㅋㅋㅋㅋㅋㅋㅋ
1780572119036,ㅋㅋㅋㅋㅋㅋㅋㅋㅋㅋㅋㅋㅋㅋㅋㅋㅋㅋㅋㅋㅋ
1780572119092,와 몸매
1780572119186,와 몸매
1780572119208,발목 뒷부분 말하는거같은데
1780572119559,?
1780572119711,아오오니야
1780572119716,랄부잖아 ㅅㅂ
1780572119933,파티플레이 타임임?
1780572120096,와 씨 발 ㅋㅋㅋㅋㅋㅋㅋㅋㅋㅋㅋㅋㅋㅋㅋㅋㅋㅋㅋㅋㅋㅋㅋㅋㅋㅋㅋㅋㅋㅋㅋㅋㅋㅋㅋ
1780572120119,님 이상형임?
1780572120127,ㅋㅋㅋㅋㅋㅋㅋㅋㅋㅋㅋㅋㅋㅋㅋㅋㅋㅋㅋㅋㅋㅋㅋ
1780572120167,?
1780572120174,ㄷㄷㄷㄷㄷㄷㄷㄷㄷㄷ
1780572120184,?
1780572120189,ㅋㅋㅋㅋㅋㅋㅋㅋㅋㅋㅋㅋㅋㅋㅋ
1780572120324,미친
1780572120334,?
1780572120394,ㅋㅋㅋㅋㅋㅋㅋ
1780572120418,ㅋㅋㅋㅋㅋㅋㅋㅋㅋㅋㅋㅋㅋㅋㅋㅋㅋㅋㅋㅋ
1780572120586,룩카소
1780572120611,?
1780572120688,?ㅋㅋㅋㅋㅋ
1780572120776,룩초딩
1780572121049,???
1780572121063,???????
1780572121075,어흐
1780572121084,고추를
1780572121098,?
1780572121278,그림 은근 잘 그리네 ㅋㅋㅋㅋㅋㅋㅋ
1780572121423,어흐
1780572121678,?
1780572121947,기괴하네
1780572121956,와 보소
1780572122030,ㅋㅋㅋㅋㅋㅋㅋㅋㅋㅋㅋㅋㅋㅋㅋㅋㅋㅋㅋㅋㅋㅋㅋㅋㅋㅋㅋㅋㅋㅋㅋㅋㅋㅋㅋㅋ
1780572122054,목에 뭘닺ㄴ거얔 ㅋㅋ
1780572122119,?
1780572122330,개무섭게 생겻네
1780572122368,무서워요{:d_58:}{:d_58:}{:d_58:}{:d_58:}{:d_58:}
1780572122412,무서워요 ;;
1780572122457,와 몸매
1780572122466,?
1780572122593,시발 ㅋㅋㅋㅋㅋㅋㅋㅋㅋㅋㅋㅋㅋㅋㅋㅋㅋ
1780572122708,성괴 뭐임
1780572122766,부랄 뭐지요?
1780572122780,?
1780572122907,진짜 머냐고
1780572123070,어흐
1780572123202,?
1780572123209,ㅋㅋㅋㅋㅋㅋㅋㅋㅋㅋㅋㅋㅋㅋㅋㅋㅋㅋㅋㅋㅋㅋㅋㅋㅋㅋㅋ
1780572123258,뭘 그리는거임
1780572123468,ㅋㅋㅋㅋㅋㅋㅋㅋㅋㅋㅋㅋㅋㅋㅋㅋㅋㅋㅋㅋㅋㅋㅋㅋㅋㅋㅋㅋㅋㅋㅋㅋㅋㅋㅋㅋㅋㅋㅋㅋㅋㅋ
1780572123485,?
1780572123500,?
1780572123507,?
1780572123669,?
1780572123807,??????????????
1780572123985,피카소임?
1780572124281,파피4임?
1780572124289,기괴한데?ㅋㅋㅋㅋㅋㅋㅋㅋㅋㅋㅋㅋㅋㅋ
1780572124508,무서워요
1780572124590,ㅗㅜㅑ
1780572124626,??
1780572124756,무서워요
1780572124824,어흐
1780572124907,ㅋㅋㅋㅋㅋㅋㅋㅋㅋㅋㅋㅋㅋㅋㅋㅋㅋㅋㅋㅋㅋㅋㅋㅋㅋ
1780572124909,어흐
1780572124915,ㅋㅋㅋㅋㅋㅋㅋㅋㅋㅋㅋㅋㅋㅋㅋ
1780572124916,ㅋㅋㅋㅋㅋㅋㅋㅋㅋ
1780572124949,ㅈㄴ무서워
1780572124950,?
1780572125236,와
1780572125319,ㅋㅋㅋㅋㅋㅋㅋㅋㅋㅋ
1780572125391,?
1780572125412,ㅋㅋㅋㅋㅋㅋㅋㅋㅋㅋ
1780572125427,뭐임
1780572125611,????
1780572125841,저건 부랄아님?
1780572125900,ㅋㅋㅋㅋㅋㅋㅋㅋㅋㅋㅋㅋㅋ
1780572126051,ㅋㅋㅋㅋㅋㅋㅋㅋㅋㅋㅋㅋㅋㅋㅋㅋㅋㅋㅋㅋㅋㅋ
1780572126105,외계인 좋아함?
1780572126197,??
1780572126207,?????????????????
1780572126243,뭘 쳐 그리는거야 씁박ㅋㅋㅋㅋㅋㅋ
1780572126365,와 몸매
1780572126475,ㅋㅋㅋㅋㅋㅋㅋㅋㅋㅋㅋㅋㅋㅋㅋㅋㅋㅋㅋㅋㅋㅋㅋㅋㅋㅋㅋㅋㅋㅋㅋㅋㅋㅋㅋㅋㅋㅋㅋㅋㅋㅋㅋㅋㅋㅋㅋㅋㅋㅋㅋ
1780572126532,가슴보소 캬
1780572126602,ㅋㅋㅋㅋㅋㅋㅋㅋㅋㅋ
1780572126640,으...
1780572126673,이게 뭔
1780572126794,먼 부랄이달렸어
1780572126797,언더테일 몬스터같당 ㅋㅋㅋㅋㅋㅋㅋㅋㅋㅋㅋㅋㅋㅋㅋㅋㅋㅋㅋㅋㅋㅋㅋㅋㅋㅋ
1780572127423,이게 뭔
1780572127433,도대체 왜 너가 여자초딩그림을 그리는건데 ㅋㅋ
1780572127443,아오오니?
1780572127660,무서운데요
1780572127780,아이리땅 아님?
1780572127786,무서워요
1780572127879,개무섭네 스박 ㅋㅋ
1780572127997,{:d_108:}
1780572128000,scp임?
1780572128345,ㅈㄴ 기괴하네 ㅋㅋㅋㅋㅋㅋㅋㅋㅋㅋ
1780572128447,기괴해요
1780572128449,개웃기네 ㅋㅋㅋㅋㅋㅋㅋㅋㅋㅋㅋㅋㅋㅋㅋㅋㅋㅋ
1780572128464,무서워요
1780572128484,먹고남은 사과임?
1780572128489,와 덩치봐
1780572128512,님아
1780572128586,개무섭넼ㅋㅋㅋㅋㅋ
1780572128620,뿝스 씹ㅋㅋ
1780572128932,오뚝이임?
1780572129011,진짜 뭐냐고..
1780572129135,무서워요
1780572129225,ㅋㅋㅋㅋㅋㅋㅋㅋㅋㅋㅋㅋㅋㅋㅋㅋㅋㅋ
1780572129374,코끼리 발목은 허리가 얇을수가 없음
1780572129408,정답곤충
1780572129484,야해요
1780572129494,꿈에서 나올거같아요 ㅠㅠ
1780572129552,?ㅋㅋㅋㅋㅋㅋㅋㅋ
1780572129599,무서워요
1780572129902,여자애냐 ㅋㅋㅋㅋㅋㅋ
1780572130120,아
1780572130139,외계인이냐?
1780572130210,허리 미쳤다
1780572130462,체스임??
1780572130785,맘모스 ㄷㄷ
1780572130811,삼체인임?
1780572130829,개미임?
1780572131037,ㅏ두꺼워잇
1780572131113,팔이 4개네
1780572131382,파피에서 봤어  이거
1780572131396,초대형거인임?
1780572131458,뽀삐
1780572131611,좀 깨 그러면
1780572131783,눈 한개인데요?
1780572132104,이거 진격의거인에서봤는데
1780572132214,{:d_81:}{:d_62:}{:d_81:}{:d_62:}{:d_81:}{:d_62:}
1780572132231,그럼 팍 식지
1780572132507,발목은 패티쉬라기보다는 정떨어지는 문제가 큼
1780572132766,싫다
1780572132865,우리 조카랑 좋은승부 가능할듯
1780572133111,석나가지 ㅇㅇ
1780572133165,SCP임?
1780572133302,신 니 아
1780572133331,모래시계임?
1780572133520,으악꺼져
1780572133540,코끼리발목이면 걸러야함
1780572133613,우왕~ 나 이거 언더테일에서 봤엉~
1780572133869,ㅋㅋㅋㅋㅋㅋㅋㅋㅋㅋㅋ
1780572134439,ㅋㅋㅋㅋㅋㅋㅋㅋㅋㅋㅋㅋㅋㅋㅋㅋㅋㅋㅋㅋ
1780572134598,코끼리?
1780572134604,아ㅏㅏㅏㅏㅏㅏㅏㅏㅏㅏㅏ
1780572134676,와 습박
1780572134724,체스 말임?????????
1780572134734,거대발목
1780572134798,엄청 깨는데
1780572134812,먹다남은사과
1780572135036,아
1780572135078,굉장한 미녀
1780572135232,거대발목자우르스야
1780572135261,저눈
1780572135279,발목사우르스
1780572135454,거대잘목자우르스
1780572135515,인자강
1780572135747,아오오니 아님?
1780572135771,니니아
1780572135792,아...
1780572135818,브페임?
1780572135931,엥
1780572136029,석나가지 ㅇㅇㅇㅇㅇㅇ
1780572136138,아오
1780572136236,코끼리 ㄹㅇ 쉽지않음
1780572136352,ㅋㅋㅋㅋㅋㅋㅋ
1780572136796,아.....
1780572137134,아오오니 ㄷㄷㄷ
1780572137140,아 그럼 좀 깹니다 솔직히
1780572137247,대 니 아
1780572137274,{:d_126:}{:d_126:}{:d_126:}{:d_126:}{:d_126:}
1780572137375,발사이즈 290
1780572137403,다치셨나
1780572137465,코끼리 발목은 허리가 절대 얇을 수 없음 ㄴㄴㄴㄴㄴㄴㄴㄴㄴㄴㄴㄴㄴㄴㄴ
1780572137480,난 싫어
1780572137589,코끼리임?
1780572137641,아 싫은데
1780572137795,듬직하네
1780572137905,애기들그러자나
1780572138351,ㅈㅈ
1780572138457,거대발목자우르스
1780572138667,대 니 아
1780572138752,대 니 아
1780572139195,습박
1780572139327,zzzzzzzz
1780572139395,ㄱㅊ
1780572139415,축구시켜야지
1780572139623,종아리부터 두꺼운데요
1780572139782,공룡이다
1780572139824,깸
1780572139880,?
1780572139920,대 니 아
1780572139931,록리임?
1780572139964,씨름부임?
1780572140545,아
1780572140572,공룡임?
1780572140727,브페
1780572140788,아프거아닐까?
1780572140963,확깨는데
1780572141109,대 니 아
1780572141301,???
1780572141306,니아니아니아
1780572141373,보로 석나감 ㅇㅇㅇㅇㅇ
1780572141537,ㅋㅋㅋㅋㅋㅋㅋㅋㅋ
1780572141647,싫어 ㅇㅇㅇㅇㅇㅇㅇㅇㅇ
1780572141789,>?
1780572142035,팍 식
1780572142076,이쁜눈나들은 다 발도 이쁨 ㅅㄱ
1780572142084,대 니 아
1780572142154,레슬러인가?
1780572142229,브페
1780572142330,신 니 아
1780572142478,좀 깨
1780572142478,ㅈㅈ
1780572142514,봉미선 무다리 ㄷㄷ
1780572142587,대니아
1780572142640,코끼리
1780572142722,거대발목자우르스
1780572143045,싫음
1780572143075,대 니 아
1780572143169,대 니 아
1780572143220,무서운데?
1780572143250,안타깝다?
1780572143335,아 뭔데 저게
1780572143479,개싫어ㅓㅓㅓㅓㅓㅓㅓㅓㅓㅓ
1780572143617,대 니 아
1780572143644,코끼리발목
1780572143678,그런사람은 없다고 봐야지
1780572143793,아오오니 ㅋㅋㅋㅋ
1780572143879,대니아
1780572144342,코끼리 ㄹㅇ 쉽지않음 ;;;;
1780572144367,대 니 아
1780572144631,?
1780572144637,뭔데 이게
1780572144838,너 지금 저격하는거냐
1780572145013,수명이 긴거지 뭐야
1780572145085,scp임?
1780572145145,대니아 ㅋㅋㅋ
1780572145157,확깨네
1780572145226,은주씨가 누군데
1780572145266,괴물이잖아
1780572145751,ㅋㅋㅋㅋㅋㅋㅋㅋㅋㅋㅋㅋㅋㅋㅋㅋㅋㅋㅋㅋㅋㅋㅋㅋ
1780572146089,축구시킴
1780572146442,존나 싫어ㅓㅓㅓㅓㅓㅓㅓㅓㅓㅓ
1780572147044,영향을 줍니다
1780572147052,어쩌고지진해일자우르스
1780572147486,니아니아니아 알파피메일~
1780572147534,축구선수시켜야지
1780572147595,달리기 잘하겠다
1780572147757,피카소
1780572148304,알파피메일 ㄷㄷ
1780572148402,부종인가
1780572148537,거대발목자우르스
1780572149292,존나 싫다 진짜
1780572149530,ㅇㅇ
1780572149609,발목사우르스
1780572149893,영향좀 큰데
1780572150001,너 니니아 저격하는거 뭐냐??
1780572150288,ㅈ같죠뭐
1780572150461,하체 많이하셨네
1780572150756,ㄹㅇ 석나감
1780572151164,발목 뚜거운건 안돼
1780572151247,좀 큼
1780572151378,저격 ㄴ
1780572151411,좀깰듯
1780572151443,ㅋㅋㅋㅋㅋㅋㅋㅋ
1780572151644,축구해야지 발목임 ㅈ되겠노ㅋㅋㅋ
1780572152064,저는 닉네임순서에요
1780572152069,그럴수가 있나 ㅋㅋㅋㅋ
1780572152225,확깨긴하더라
1780572152689,그정돈가
1780572152862,영향이 있긴함
1780572153082,너 지금
1780572153376,발이 미쉐린이야
1780572153393,얼굴부터 쉽지않은데
1780572153632,같이 축구하면 인정
1780572153718,코끼리발목은 안돼
1780572153908,바로 파 엎음
1780572154112,축구해야지
1780572154363,그정도라고??
1780572154392,대 니 아
1780572154919,ㅋㅋㅋㅋㅋㅋㅋㅋㅋㅋㅋㅋ
1780572155079,타협하고싶진않음
1780572155127,코끼리는 좀..
1780572155392,거대발목자우르스
1780572155405,발목은 ㄹㅇ 정떨어짐
1780572155559,헉
1780572155603,헉
1780572156008,있죠
1780572156134,없어요
1780572156181,대 니 아
1780572156214,이은주씨가 누구임?
1780572156358,나나치
1780572156397,니니아 저격하는거냐 쌈아
1780572156723,ㅇㅇ
1780572156739,저격ㄷㄷㄷ
1780572156752,없지
1780572156794,헉
1780572156826,있음..
1780572156871,님 니니아 저격함?
1780572156916,은주씨가 누구야
1780572157012,있겠지
1780572157099,그정둔가
1780572157266,브페
1780572157274,헉
1780572157413,데드리프트잘할듯ㅋㅋ
1780572157848,발목 두꺼우면 대부분 허리도 두꺼움
1780572157904,그림 레전드네 ㅋㅋㅋㅋ
1780572157905,있음
1780572157916,없지
1780572157938,알파피메일 ㄷㄷ
1780572157998,대 미 아
1780572158038,ㅇㅇ있음
1780572158054,없지
1780572158515,대 니 아
1780572158517,있긴 하것지
1780572158563,그래도 이정도는 ㄱㅊ지
1780572158596,있음
1780572158765,못봤는데
1780572158875,너 지금 알파피메일 저격한거냐?????
1780572159063,억지잖아 ㅋㅋㅋㅋ
1780572159071,인챈트에 있잖아 ㅇㅇ
1780572159085,헉.
1780572159126,있지
1780572159182,있지
1780572159217,코끼리 발목 많음
1780572159645,그냥 평범하면 안되냐
1780572160016,남자도 있는데?
1780572160171,니아양...
1780572160313,니니아
1780572160464,수끼리
1780572160510,ㅇㅇ 좀 갑자기 이성적 매력 떨어짐
1780572160651,많음
1780572160727,브페
1780572161357,헉
1780572161389,뭔가 ㅈㄴ듬직해보임
1780572161523,잇지
1780572161643,그냥 뼈 굵은거 아님?
1780572161729,은주씨 귀막아
1780572161772,있음
1780572161899,ㅇㅇ있지
1780572161956,알파피메일~
1780572161983,브페브페
1780572162170,몰라 ㅅㅂㅋㅋㅋㅋㅋㅋㅋㅋㅋㅋㅋㅋㅋ
1780572162794,브페 ㄱㄱ
1780572162993,있지
1780572163044,니아 니아~~
1780572163081,있음
1780572163302,니아니아니아~
1780572163517,있지않을까요?
1780572164006,있겠지
1780572164138,대 니 아
1780572164280,대 니 아 ㅋㅋ
1780572164289,거대발목자우르스
1780572164409,대 니 아
1780572164544,많음
1780572164887,브페급이네 ㅋㅋ
1780572164944,체스임?
1780572164962,나나치잖아
1780572165233,니니아 눈감아
1780572165309,릴리로즈뎁
1780572165913,발목은 타고나는거라
1780572165918,너 니니아 저격하는거냐
1780572166062,다리가 1지망이고 발목은 서브느낌이겠지
1780572166423,발목 두꺼우면 개별로임
1780572166442,은주씨...
1780572166470,에이 비율이 있음
1780572166509,있을만 하지
1780572166664,발목을 딱히 본적이
1780572166675,겨드랑이만 예쁘면 됨
1780572166827,대 니 아..
1780572167665,알파피메일
1780572167669,운동했으면 있을수도
1780572167839,얘랑 결혼까지는 못하겠다고 생각할듯
1780572168245,알파피메일~~~~~~~~~~
1780572168369,슛파워 몇임
1780572168463,수지?
1780572168564,알파피메일
1780572168839,유럽엔 많음
1780572169110,뭐든 있음
1780572169427,통풍미녀
1780572170437,오히려 모두 완벽한게 더 어렵지
1780572171052,하지정맥류아님?
1780572171626,아 은주씨가 그래??
1780572171846,저는 허벅지 꽉차는거 좋아해요
1780572171883,누가 발목보고 지적하냐고
1780572171906,나도 발목을 자세히 본 적이 없어서 모르겠네
1780572172245,축구선수
1780572172326,거의 없지 않을까
1780572172636,알파피메일~
1780572172986,거대발목사우르스
1780572173182,저격이네
1780572173572,니니아 울지마
1780572173594,니니아....
1780572174673,알파피메일한명있어
1780572175085,그냥 굵은거아님?
1780572176160,거대발목사우르스
1780572176253,{:niniaoGmsemf:}{:niniaoGmsemf:}{:niniaoGmsemf:}
1780572176326,ㅇㅇ
1780572178384,발목만 두꺼운사람 있지
1780572178527,통뼈
1780572178671,좀 부족해도 페티시만 채워주면 좋음
1780572179209,쏙들어간허리에 통발목 vs. 일자허리에 발목미녀 딱골라봐라 ㅇㅇ
1780572179306,남자랑 여자는 다르니까
1780572179715,그닥..
1780572179870,이게 발목이 시선이 끝나는 시점이라서 마지막 인상이 안좋아지나?
1780572180174,글쎄
1780572180597,이건 운동도 안되고 걍 타고나는거
1780572181034,브페 발목 봐보셈
1780572181077,ㄹㅇ
1780572181112,킥력은 좋을듯
1780572181420,발목때매 결혼은 못하겟다 십 ㅋㅋㅋㅋㅋㅋ
1780572181553,남자야 뭐
1780572181796,브페봐라
1780572181965,그닥
1780572182020,조니뎁 딸 날씬한데 발목만 두껍더라고요
1780572182044,남자는 발목 두꺼우면 축구잘함 ㅇㅇ
1780572182452,글쎄
1780572182488,옷태 안좋아
1780572182706,발목은 잘 안보지 남자는
1780572183204,장단지 아님?
1780572183691,근데 발목 두꺼우면 비율 안좋아보임
1780572183787,크게 플러스 요소는 아닌데
1780572184536,남자도 발목은 얇은게 보기좋을듯
1780572184792,그닥
1780572185021,그것도 취향이지
1780572185212,무게잘치눈데
1780572185267,남자면 ㄹㅇ 축구시켜야지
1780572185352,발목만 두꺼우면 별로긴할듯
1780572185572,발목두꺼우면 운동 잘하는거아님?
1780572185658,남자도 플러스는 근데 아닌듯?
1780572185669,그닥
1780572185832,남자도 그닥임
1780572186603,브페 발목이 지림 진짜
1780572187590,브페가 ㄹㅇ
1780572187708,장단지가 굵어야지
1780572187885,여자한테 물어봐야지
1780572187889,축구할때만 조건타지 발목은
1780572187980,신경도 안쓸듯?
1780572188153,게쌤이알겟지
1780572188621,브페형 발목
1780572189891,걍 그러려니 하는거지 플러스는 아님
1780572189966,발목 두꺼우면 힘 잘씀
1780572190575,그닥인데
1780572191101,브페 지림
1780572191289,남자는 벅지지
1780572191543,여자 취향에 따라 다를듯?
1780572192667,그냥 사바사임
1780572192868,좀 깨긴함
1780572193105,발목은 얇아야지
1780572194721,브페가 발목 개지리더라
1780572194905,와 어렵네
1780572194928,gma
1780572195116,111111
1780572195189,어렵네
1780572195279,그냥 일자 예쁜 게 낫지
1780572195367,남자는 다리앏으면 컴플레스지
1780572195401,남성성이지
1780572196959,발목 얇은게 이쁨 그냥
1780572198707,그냥 사바사정도인거같은데
1780572199081,양말신기자
1780572199615,운동하는애들은 얇은거 안좋아하던데
1780572200829,캬
1780572200888,브페 발목은 맞으면 뒤질거같이 생겼음
1780572200964,종아리 발목 두꺼우면 옷태 ㅈㄴ안받아
1780572201089,ㅇㄱㅇ
1780572201480,ㅇㅋ
1780572202797,캬
1780572203155,예열을 이런걸로
1780572203913,오늘 신사토크 너무 좋네요
1780572204498,야~호
1780572204579,예열이 패티쉬라니
1780572206212,예열 맞죠?
1780572206217,지금은 페티쉬 알아보기입니다
1780572207248,나 달아올랐어
1780572207464,캬
1780572207570,예열 좋다 음
1780572207859,요즘 핫해
1780572208315,내친구 리센느
1780572208645,예열대화 = 패티쉬 ㅋㅋ
1780572208815,왜 이런 예열을..
1780572209139,룩삼 야호~
1780572209143,룩삼 야호~~
1780572209253,룩삼 야호~
1780572210455,예열이 페티쉬 알아보기
1780572211817,예열이 근티쉬 ㅋㅋ
1780572211998,런어웨이 개좋아
1780572212740,페티쉬 야호~
1780572212980,겨털페티쉬는 어떰?
1780572214407,맛떼루요~
1780572214550,예열이 이상해요
1780572214740,대세는 리센느
1780572214967,여자들은 벅지랑 어꼐좋아하더만
1780572215114,룩 삼 야호~~
1780572215188,룩삼 야호~
1780572215406,의정부 야호
1780572215427,야호
1780572215729,안원잘 상영회 오이데
1780572215793,리센느 저점매수의 신
1780572215933,룩삼 야호~
1780572216164,제 주변 통계를 보면 남성미 있는 남자는 남자만 좋아함
1780572216341,야~~호 ~~
1780572217467,룩삼 야호~
1780572217679,페티쉬 야로
1780572219794,그때 인터뷰때 못알아봤어 ㄷㄷ
1780572220239,치지직 공방에서 알아봤잖아요
1780572220545,야~호~
1780572221162,룩우스~ 야호~
1780572222213,그 전까지 파라파라나 춰야겠다
1780572223390,발목 야호~
1780572223565,페티쉬 야호~~~
1780572223910,예열로 패티시 토크 무친
1780572224271,하트어택~
1780572225834,룩삼 야호 모를듯ㅋㅋ
1780572226023,리센느 알아보기전에 정말 심오한 주제를 ㄷㄷ
1780572227471,리센느는 왜 알아보는거
1780572227820,오이데오이데~
1780572230932,러브어택
1780572231671,무야호
1780572231675,등이지
1780572232319,ㅔ
1780572232982,ㅇ 호
1780572233219,등
1780572233338,ek 샤랴웃 ㄷㄷ
1780572234102,어깨는 무조건
1780572234164,내전근
1780572235061,직각어깨는 ㅇㅈ
1780572235420,남자 발목은 농구선수들 발목이 존나 예쁨 아킬레스건이 길어서
1780572235853,여자들 남자 엉덩이 보지않나
1780572236393,키
1780572236417,핏줄에 미치던데
1780572236485,여자들은 남자 메이저 어디임?
1780572236576,어깨는 투메인데
1780572237105,키 어깨 아님?
1780572237290,어깨는 메인이지
1780572237740,어깨
1780572238233,얼굴이랑키지
1780572238402,벅지는 1티어지
1780572238422,키
1780572239023,걍 키 아님?
1780572240053,얼굴아님?
1780572240727,여자들은 좀 디테일함
1780572240764,손 전완근
1780572241028,등 팔뚝
1780572241829,남자도 나뉘어져있어
1780572242560,ㅇㅇ
1780572243198,얼굴아닌가
1780572243396,더 세부적일수도
1780572243713,키
1780572243817,어넓골좁 좋아합니당
1780572244186,딥함
1780572244793,키는 기본이라서
1780572245697,키가 메인임
1780572246069,어깨 아님? 전완근?
1780572246383,여자는 좀 디테일함 ㅇㅇ
1780572246549,거긴 디테일해
1780572246630,여자 패티시는 엄청 많은듯
1780572246646,빵 좋아하는 사람도 많던데
1780572246820,전완근
1780572247144,아냐 어깨는 디폴트더라
1780572247520,거긴 커스텀임 ㅇㅇ
1780572247850,키가 메인임
1780572247968,얼굴이랑 키는 페티시가 아니라고 ㅅㅂ
1780572248233,팔이 제일 티남
1780572249055,여자는 손도보고 그러더만
1780572249109,어깨 키
1780572249303,얼굴에서 다갈리지않나
1780572249705,손도 있고
1780572250523,엉덩이도 많이 좋아하던대
1780572250814,어깨는 메인이지
1780572250827,얼굴은 그냥 기본이야 언급할필요도 없어
1780572250926,키가 메인임
1780572251441,얼굴이 메인이지
1780572251607,송
1780572252179,여자 아니라서 몰라
1780572252509,케
1780572253834,손
1780572254190,키
1780572255159,팔에 핏줄
1780572255161,가기는 손이 메인
1780572255636,ㄹㅇ
1780572256067,딕
1780572256151,어깨랑 손
1780572256651,흉통빠도 있더라
1780572256972,ㄴㄴ 아님
1780572257081,키를 페티쉬라고 봐야되나?ㅋㅋ
1780572257196,목젖 핏줄
1780572257445,ㄹㅇ 손
1780572257515,키가 메인
1780572257934,키는 페티시가 아니라고
1780572257963,ㄹㅇㅋㅋ
1780572258161,ㄹㅇ
1780572258318,여자들은 보는사람은 별거다봄ㅋㅋㅋㅋ
1780572258950,그쳐 ㅋㅋㅋ
1780572259243,기계식 키보드임
1780572260095,만화보면 목 ㅈㄴ두껍더만
1780572261180,팔 핏줄 아님?
1780572261547,변태적임
1780572261628,일단 키가 서류심사임
1780572261945,얼굴은 그냥 언급을 할필요가 없어 기본이야
1780572262249,얼굴 키가 왜 페티쉰데
1780572262643,얼굴이 다가 아닌 느낌
1780572263588,키가 메인임
1780572263704,5호 16국임
1780572263808,얼굴페티쉬라는 말은 없다고
1780572265756,키는 가슴이야
1780572265970,이해 못하는 부분에서 좋아함
1780572266808,키 가 얼굴이랑 붙을급임?
1780572267113,키 얼굴은 왜 페티쉰데 ㅋㅋ
1780572267120,손냄새
1780572267285,땀이라던지 핏줄이라던지 커스텀붙음
1780572267324,그냥 꽂히는 게 있어
1780572267482,심즈인줄암
1780572267864,겨 보는 여자는 없던데
1780572267870,마라탕같네요 메뉴 커스텀 ㅋㅋㅋㅋㅋㅋㅋㅋㅋㅋㅋㅋ
1780572268028,복근?
1780572270066,얼굴은 기본이고
1780572270326,얼굴 키는 기본이라고
1780572270913,여자들 눈썹도 보더라 ㅋㅋ
1780572272435,야…호ㅠㅠ
1780572272725,얼굴은 그냥 기본이라고
1780572272824,얼굴은 빼는 거임
1780572272884,목소리도있음
1780572273227,키는 기본으로 깔고 가는거고
1780572273835,걍 다봄
1780572274074,손
1780572275269,키가 그정도구나
1780572276192,얼굴 키가 뭔 페티쉬노
1780572276943,키가 가슴급인가?
1780572278015,핏줄
1780572278067,심지어피부흰것두따짐ㅋㅋ
1780572278121,ㅋ
1780572279952,0티어 가져오지 마라
1780572280510,야추크기 아닌가요?
1780572280900,어께까진 투메야?
1780572281182,얼굴 키 어깨
1780572281276,패션도 보더라
1780572283605,키어깨는 남자한테 가슴골반급임
1780572283872,귀빨게지는것도 개좋아함
1780572284870,그건 남자들 얼굴처럼 디폴트 느낌
1780572285435,투메지
1780572286105,손도 엄청 보던데
1780572286813,손?
1780572286959,의정부 야호~
1780572287168,키를 얼굴보다 우선하는 사람도 많던데
1780572287309,핏줄
1780572287643,이두 삼두는 은근 안보더라
1780572287747,손 ㄹㅇ많음
1780572288410,살냄새
1780572288516,손 많이 보더라 ㅇㅇ
1780572288552,키는 가슴이라고 그냥
1780572288771,손큰거
1780572289849,손 ㅇㅈ
1780572289884,그렇더라
1780572290398,엉덩이
1780572290399,손 메인이긴 함
1780572290580,쇄골없나
1780572291056,키가 가슴이고 어깨가 골반 느낌?
1780572291137,알아보기 끝났음?
1780572291196,키랑 얼굴은 패티쉬가 아니라 그냥 체급인거지
1780572291215,핏줄
1780572291634,2메다 남자 보면 미쳐버림?
1780572292671,손도 두개로 나뉨
1780572293017,천상계가 얼굴이고 키 어깨가 2티어느낌
1780572293947,손 예쁜거 좋아하긴해
1780572293975,전완근
1780572294073,다 없네 ㅠㅠ
1780572294921,내 손은 왜 안봐줌?
1780572294989,키가 가슴이라고???
1780572295384,리센느 알아보기가 아니고 패티시 알아보기였네;;
1780572295819,엉덩이도 있던데
1780572296530,키는 페티쉬가 아니잖아
1780572296557,키는 그냥 가슴임 ㅇㅇ
1780572296771,허리 얇은 남자 조아
1780572297450,팔은 안보나?
1780572297905,가슴
1780572298818,손이랑 어깨 투메맞는듯
1780572299397,페티시 알아보기 중이에용
1780572301355,음 다없네
1780572301546,살냄시
1780572301735,엉덩이도 은근 좋아함
1780572302562,그래서 나 손 작아서 좀 그래
1780572302726,패티쉬는 특이취향을 패티쉬라고 하는거지 키랑 얼굴은 빼야합니다
1780572304139,요즘은 가슴도 많이봄
1780572304346,키는 걍 본능임
1780572308063,응디
1780572308158,키도 가슴도 거거익선이구나
1780572308196,손핏줄
1780572309119,손을 어떻게 보는데?
1780572310538,키는 걍 키지
1780572311430,패티시 월드컵 해줘
1780572314642,가슴도 페티쉬 아니지 그러면
1780572314853,손을 보는게 핏줄이란 소리?
1780572319245,ㅇㅈ
1780572319807,단풍손 싫어하는 여자 있으니까
1780572319836,ㅇㅈ
1780572320169,ㅋㅋㅋㅋㅋㅋㅋㅋㅋㅋㅋㅋㅋㅋㅋ
1780572320702,그건 그래
1780572320981,근가
1780572322308,키 그정둔가 진짜로
1780572323102,겨<< 개 특이취향
1780572323147,특이취향만 그런건 아닌데
1780572323762,그거 뺄거면 여자는 가슴빼야지
1780572324301,얼굴 페티쉬 ㅋㅋ
1780572324410,그렇지
1780572325132,대신가슴
1780572325298,그쵸
1780572326343,보는 사람은 보지
1780572327348,난 보긴해
1780572327593,그치
1780572327794,160은 돼야지
1780572328394,그체
1780572328431,남자도 보는 사람은 보지
1780572328458,ㅇㅈ
1780572328630,자기보다 크면 싫잖아
1780572328827,나름 봄
1780572328879,너무작거나크면
1780572329468,저는 이쁜여성 패티쉬가 있어요
1780572329756,너무작으면 그렇긴해
1780572329938,남자도 보는사람은 봄
1780572330038,김연경 선수도 가능임
1780572330052,나보다 크지만 않으면 돼
1780572330152,근데 너무 작은건 좀...
1780572330261,그래도 보긴함
1780572330410,보긴보는데 후순위겠지
1780572330495,140대 가능함?
1780572331079,ㅇㅈ 비율이 중요하지
1780572331154,너무 크거나 너무 작지만 않으면 됨
1780572331427,남자는 나보다 키 너무 크지만 않으면
1780572331607,너무작은거 아니면 뭐
1780572331771,난 봄
1780572331870,키 신경안쓰잖아
1780572331913,습박
1780572331933,대부분은?
1780572331965,대신 가슴을 봄
1780572331992,너무작거나 너무큰거아니면
1780572332238,너무 높지만 않으면 됨
1780572332319,엄청안보ㅈ긴해
1780572332349,너무 작거나 큰거 아니면
1780572332825,가슴을 보잖아
1780572332839,너무 작거나 크지 않으면 ㅇㅇ
1780572333018,너무 작음 좀..
1780572333205,너무 작으면 보게됩
1780572333648,나보다 큰여자 좋아함
1780572333699,보는사람은 봐
1780572333743,난 보는데
1780572334162,나보다 크지만 않으면
1780572334505,보는사람은 봄
1780572334720,보죠
1780572334768,자기보다 크면 별로잖아
1780572334805,난 안봄 ㅇㅇ
1780572335006,요즘 많이 봄
1780572335210,미안한데 키 그정도임
1780572335623,작은거 좋아하는 남자가 있긴 함
1780572335970,너무작으면 볼품없어
1780572336070,보고 반응오면 다 패티쉬 아님??????
1780572336216,난 오금이 좋아
1780572336528,잘 안보긴해
1780572337099,보는데 여자만큼은 아니지
1780572337128,나보다 큰여자 좋아함 ㅇㅇ;ㅇ
1780572337345,나보다만 작으면 됨
1780572337348,여자만큼은 안보지
1780572337617,난 170여자도 좋음
1780572337984,남자는 크지만 않으면 뭐
1780572338187,아담한 거 보잖아
1780572338308,난 키 신경안씀
1780572338448,"너무작지만않으면 ,,"
1780572338641,190cm 가능함?
1780572338906,키큰여자 좋지만 세상이 허락을 안해줌
1780572339428,너보다 크면 좋음?
1780572339434,비율이 중요하긴해
1780572340099,얼굴을보지
1780572341847,150은 여자 아니긴해~
1780572342249,나는 키 150대가 좋은데
1780572342300,"키큰남자는 그냥 좋아하는데 ""키작남패티쉬""는 패티쉬라는 용어가 붙잖아."
1780572342447,65는 넘어야지
1780572343344,너무 작지만 않으면
1780572344496,160만넘으면
1780572344652,남자 키는 그정도긴해
1780572344925,키는 후순위긴함
1780572345763,키 솔직히 안중요함 여자는
1780572345763,몇분에 시작하나요 샤워해야되는대
1780572345867,너무 작거나 크면 부담스럽지않나?
1780572346273,여자볼때 키는 후순위지
1780572346710,얼굴을 더 보는거지
1780572349359,140 190 가능?
1780572349878,너무 작으면 이성으로 안느껴지ㅏㅁ
1780572349942,아니 님들 뭘 얘기하는지 알잖아
1780572350120,ㅋㅋㅋㅋㅋㅋㅋㅋㅋㅋㅋㅋ
1780572350129,30분 시작
1780572350151,ㅋㅋㅋㅋㅋㅋㅋㅋㅋㅋㅋ
1780572350387,ㅋㅋㅋㅋㅋ
1780572350649,ㅋㅋㅋㅋㅋㅋㅋㅋㅋㅋㅋ
1780572351050,난 160 안넘으면 좋음
1780572351108,ㄹㅇ
1780572351458,ㅋㅋㅋㅋㅋ
1780572351566,190여성은 뭐야
1780572351607,ㅋㅋㅋㅋ
1780572351839,ㅋㅋㅋㅋㅋㅋㅋㅋㅋㅋㅋ
1780572351841,ㅋㅋㅋㅋㅋㅋㅋㅋㅋㅋㅋㅋㅋ
1780572352145,개억지를 부려 ㅋㅋ
1780572352280,190 가능은 하지
1780572352432,ㅋㅋㅋㅋㅋㅋㅋㅋㅋㅋㅋㅋ
1780572352447,160은 에바……..
1780572352485,ㅋㅋㅋㅋㅋㅋㅋㅋㅋㅋㅋㅋㅋㅋ
1780572352740,ㅋㅋㅋㅋ
1780572352913,ㅋㅋㅋㅋㅋㅋㅋㅋㅋ
1780572352999,ㅋㅋㅋㅋㅋㅋㅋㅋㅋㅋㅋㅋㅋㅋㅋㅋㅋ
1780572353068,ㅋㅋㅋㅋㅋㅋㅋㅋㅋ
1780572353090,ㅋㅋㅋㅋㅋㅋㅋㅋㅋㅋ
1780572353124,190 ㅋㅋㅋㅋㅋㅋㅋㅋㅋㅋㅋㅋㅋ
1780572353140,ㅋㅋㅋㅋㅋㅋ
1780572353447,나가
1780572353505,180은 되는데
1780572353892,ㅋㅋㅋㅋㅋㅋㅋㅋㅋㅋㅋㅋ
1780572354107,같이 농구할거임?
1780572354270,김연경임?
1780572354270,ㄹㅇ 억지부리네
1780572354378,엄마카세 무시하셈??
1780572354423,ㅋㅋㅋㅋㅋㅋㅋㅋㅋㅋㅋ
1780572354514,쌉가능
1780572354601,김연경 ㄱㄴ?
1780572354920,zㅋㅋㅋㅋㅋㅋㅋㅋㅋㅋㅋㅋㅋㅋㅋㅋㅋ
1780572355039,넵
1780572355116,ㅋㅋㅋㅋㅋㅋㅋ
1780572355157,190 vs 140
1780572355176,가능은한데
1780572355264,초딩ㅋㅋㅋㅋㅋㅋㅋㅋㅋㅋㅋㅋㅋ
1780572355602,180은?
1780572355670,ㅋㅋㅋㅋㅋㅋㅋㅋㅋㅋㅋㅋㅋㅋㅋ
1780572355761,애들은 가라
1780572355910,ㅋㅋㅋㅋㅋㅋㅋㅋㅋㅋㅋㅋㅋㅋㅋㅋㅋㅋㅋㅋㅋㅋㅋㅋㅋㅋㅋㅋㅋ
1780572356400,왜 억지부려
1780572356442,대 장 훈
1780572356452,.
1780572356697,이사람은 결혼했는데요?
1780572357030,김연경한테 왜그래
1780572357170,ㅋㅋㅋㅋ
1780572357503,배구선수냐?
1780572357850,있긴해
1780572358009,190이 얼마나 된다고
1780572358107,..
1780572358270,ㅋㅋㅋㅋㅋㅋㅋㅋㅋㅋ
1780572358292,김연경은 뭐야 ㅋㅋ
1780572358432,김연경
1780572358635,ㅋㅋㅋㅋㅋㅋㅋㅋㅋㅋㅋㅋㅋㅋㅋ
1780572358755,2미터 남자 만나는 소리하네
1780572358894,초딩 ㅋㅋ
1780572359037,김연경 ㅋㅋㅋㅋ
1780572359167,ㅋㅋㅋㅋㅋㅋㅋ
1780572359320,175도 어려워
1780572359766,있긴해
1780572359792,190이 여자임?
1780572360182,연경누님 무시ㄴ
1780572360191,김연경 선수밈
1780572360345,억지 ㄴ
1780572360523,"연경이누나,,"
1780572360905,그럼 보는거지
1780572360997,김연경 가능
1780572361051,ㄹㅇ 초딩이냐
1780572361193,초딩일듯
1780572361343,170은?
1780572361349,190 ㄷㄷ
1780572361551,200은?
1780572361848,몇명인데ㅅㅂㅋㅋㅋㅋㅋ
1780572362022,애기들은 자러가라 좀
1780572362424,190이면 선수잖아
1780572362580,룩삼 유튜브에서만 봤는데 이런 대화도 하는구나
1780572363579,김연경은 레즈임
1780572363707,연경이 누나는ㅇ ㅈ이지
1780572364076,농구 선순가 보네
1780572364276,북부대공여친ㅋㅋㅋㅋㅋㅋ
1780572364287,김연경 키 몇인데
1780572364716,연경누나는 인정이지
1780572364847,그건 연경누나고 임마 ㅇㅇ;;
1780572365246,190 ㄱㄴ
1780572366051,그건 남자 2m10이랑 똑같잖ㅇ라
1780572366166,난 좋은데
1780572366168,전 좋아욯ㅎ
1780572367237,연경누나 가능
1780572367301,연경누님..
1780572367464,서장훈은 어때요?
1780572368028,250 가능?
1780572368848,연경누님은 인정이지
1780572369005,네덜란드 사람들이 키 ㅈㄴ 크다던데
1780572369083,배구선수임?
1780572369798,다주 2미터자나
1780572370823,난 190도 좋은데 만나는건 둘째치고 세상이 억까할듯
1780572371442,여성형거인 무시함?
1780572371832,야이새기들아 190여자가어딧는데
1780572372157,근데 안돼
1780572373025,서장훈 vs. 김연경
1780572373172,헉
1780572373466,연경?
1780572374129,190을 좋아하는게 장신페티쉬인가
1780572374218,180여자만나보고싶다
1780572374434,웸반야마임?
1780572374701,ㄱ-
1780572375140,김연경도 190은 아니다ㅋㅋㅋ
1780572375398,헉
1780572375408,헉
1780572375823,원래..
1780572375981,150안되는건 어떰
1780572376035,ㅋㅋㅋㅋㅋㅋ
1780572376443,유입 나가고
1780572376466,농구배구선수ㄷㄷ
1780572376728,헉
1780572376845,ㅋㅋㅋㅋ
1780572376931,ㄹㅇ ㅋㅋㅋㅋ
1780572376948,ㅋㅋㅋㅋㅋㅋㅋㅋㅋ
1780572376997,헉
1780572377750,빨간약ㅋㅋㅋ
1780572377832,헉
1780572377885,이런방입니다
1780572377986,ㄹㅇㅋㅋ
1780572378116,가슴 좋아한다고 z컵 좋아하냐
1780572378176,유입 나가
1780572378320,룩순이 ㅎㅇ
1780572378356,헉
1780572378361,원래 이런방임
1780572378446,이게 빨간약임
1780572378552,원래 이런방입니다
1780572378775,유튜브를 덜 보신겁니다~
1780572378845,봤으면 나가라
1780572379109,헉
1780572379231,ㅋㅋㅋㅋㅋㅋㅋㅋㅋㅋㅋㅋ
1780572379348,ㄱ-
1780572379461,헉
1780572379496,{:d_126:}
1780572379651,{:d_126:}
1780572379835,유입이셔
1780572380046,ㅋㅋㅋㅋㅋㅋㅋㅋㅋㅋㅋㅋㅋㅋㅋ
1780572380140,이게 메인입니다
1780572380258,ㅋㅋㅋㅋㅋㅋㅋ
1780572380328,유튜브로 돌아가
1780572380361,돌쌤들 미안해~
1780572380455,ㅋㅋㅋㅋㅋ
1780572380466,ㅋㅋㅋㅋㅋㅋㅋㅋㅋ
1780572380570,ㅋㅋㅋㅋㅋㅋㅋㅋㅋㅋㅋㅋㅋㅋ
1780572380726,원래 이런말만해요
1780572380822,ㅋㅋㅋㅋㅋㅋㅋㅋㅋ
1780572380880,이런거만 하는데요
1780572380915,{:d_116:}
1780572380954,그야...
1780572381350,유입 나다
1780572381468,딱코
1780572381536,이게 메인이야
1780572381774,원래 이런 방송임
1780572381864,지금 라이트한데
1780572382068,ㅋㅋㅋㅋㅋㅋㅋㅋㅋㅋㅋㅋ
1780572382342,딱코충
1780572382365,ㅋㅋㅋㅋㅋㅋㅋㅋ
1780572382736,쌈아 1페이지 글봐줘
1780572382805,이게메인이야
1780572383008,이게 음지의 맛이야
1780572383151,나가
1780572383431,원래 이런 방임
1780572383502,어그로끄는중
1780572383589,ㅋㅋㅋㅋㅋㅋㅋㅋㅋㅋㅋㅋㅋㅋㅋ
1780572383640,"원래 이래요,,,"
1780572383652,이런방이예요
1780572383885,유튜브에도 있다는거임
1780572383996,돌쌤 왔구나
1780572384042,개이득 ㅋㅋㅋㅋ
1780572384102,ㅋ
1780572384138,안녕하세요
1780572384638,마떼루용
1780572384789,사실 이게 진짜라는거임
1780572384914,원래 이런방입니다
1780572385053,돌쌤 ㄷㄷㄷ
1780572385229,{:d_126:}
1780572385319,원래 이런방입니다
1780572385786,들켰다
1780572385798,쌈아 1페이지 글좀봐다오
1780572386085,룩삼 전 조회수 1위 영상을 아는 사람:
1780572386112,원래 이런방입니다
1780572386209,원래 이런방입니다
1780572386244,{:d_126:}
1780572386258,유튜브로가라
1780572386317,사실 이런이야기만 한다고 하면 안되겠죠~
1780572386364,나가
1780572386399,이정도면 라이트한데요
1780572386532,사실 이런 대화가 일상인뎅쇼
1780572386614,유입들 나가
1780572386845,딱코
1780572386989,바로 럽어택
1780572387032,유튜브 조회순으로 봐주세요
1780572388049,돌쌤들 미안해
1780572388050,니들이 서브라고 ㅋㅋ
1780572388487,오랜만에 품격있고 기품있는 대화
1780572388506,눈을 떴구나
1780572388532,원래 이런사람임 사실
1780572388797,유입 나가나가
1780572388870,유입 나가잇
1780572390017,{:x0due0duedance:}{:x0due0duedance:}{:x0due0duedance:}
1780572390137,할트어택~
1780572390154,남고냄새나용 ㅠㅠ
1780572390440,캬
1780572391138,룩삼 야-호
1780572391201,원래 이런방입니다~
1780572391694,ㅇㅈ
1780572392222,?
1780572392546,ㅇㅈ
1780572392910,ㄹㅇ
1780572392942,캬
1780572393094,잘가라 룩카루스
1780572393249,ㅇㅈ합니다
1780572393868,캬
1780572394015,유입나가잇
1780572394087,ㅇㅈ
1780572394280,ㄹㅇㄹㅇ
1780572395077,ㅇㅈ
1780572395564,(유튭엔 안 올림)
1780572395575,ㄹㅇ
1780572395685,여자아이돌 이름걸고 이런 얘기하는거 좀 킹받긴하네
1780572396229,ㅇㅈ
1780572396232,이런방 안 입니다
1780572396317,ㅇㅈ
1780572396496,방송 시작할때 저챗이 미식임
1780572396669,ㄹㅇㄹㅇ
1780572396990,ㅇㅈ
1780572397108,ㅇㅈ
1780572397402,ㄹㅇㄹㅇ
1780572397466,터부시할까요
1780572397526,ㄹㅇㄹㅇ
1780572397822,인정합니다
1780572397847,sex
1780572398040,캬ㅑㅑ
1780572398102,{:d_108:}
1780572398408,캬
1780572398424,내 심장을 공격해~
1780572398723,ㄹㅇ
1780572399079,ㅇㅈ
1780572399162,대목성
1780572399363,이런거 안하면 여초화된다
1780572399397,최근에본거 말해줘요
1780572399420,음음 인정합니자
1780572399596,캬
1780572399615,ㅅㅅ
1780572399776,캬
1780572400055,(외국도 딱히)
1780572400446,섹스
1780572400585,그럼 유튜브에 올려봐라 ㅇㅇ
1780572400705,유튜브 ㄱㄱㄱㄱㄱㄱㄱ
1780572400792,섹스
1780572401139,알아야 들이대지
1780572401322,섹스!
1780572401387,주저하나
1780572401651,유교라
1780572402021,(돌발상황)
1780572402432,유교충들 때문에
1780572402775,야동 야호
1780572402790,개방적인거 보단 낫다고 봄
1780572402894,ㄹㅇ
1780572402901,신사지
1780572403358,캬
1780572403493,당당하면 유튜브에 올려라 쌈아
1780572403542,남고냄새나요? 나가잇
1780572403713,sex
1780572403832,ㅇㅈㅇㅈ
1780572403969,섹스
1780572404002,넌 좀 주저해야돼
1780572404180,페티쉬 야호~
1780572404187,세엑스
1780572404366,룩삼을 국회로
1780572404481,섹스
1780572404788,그건...
1780572405033,ㄹㅇ
1780572405181,세 스
1780572405380,그건 그럼
1780572405655,건?설
1780572406270,검열반대는 룩튜브
1780572407780,룩삼을 국회로!
1780572407855,그럼 유튜브에 업로드해라 ㅇㅇ
1780572408136,?
1780572408589,역시 야나홀 리뷰어bb
1780572408875,스엑스
1780572409184,유튜브 쇼츠 인스타 다올려라
1780572409315,세ㅔㅔㅔㅔㅔㅔ엑스
1780572409656,그래그래 룩튜브에도 올리렴
1780572409802,스엑스
1780572409910,방제: 리센드
1780572409911,헐트어택
1780572410052,스엑스
1780572412016,공
1780572412054,섹스섹스
1780572412074,멸종 위기 사랑이야
1780572412226,룩구마
1780572412780,대 룩 삼
1780572413174,이 타이밍에
1780572413329,요즘 별로 안주저하지 않음?
1780572413486,그래 뭘 좋아하는지 알아야 벌크업을 하지
1780572413808,스엑스
1780572413922,스 엑 스
1780572414320,야스 야호
1780572414524,그래 유튜브 올리거라
1780572414617,긴급딸출
1780572414994,출산율은 룩튜브
1780572415082,기독교 영향이지 뭐
1780572415318,ㄴㄴ 남자의 욕구를 말하는것만 제한된거임
1780572415625,룩삼의 성교육
1780572415737,{:x0due0dueari:}
1780572416144,이타이밍에 화장실을
1780572416659,아 잭스하고 싶다
1780572417586,쌈이 오늘 무슨 방송함
1780572418519,아 쎾쓰하고싶다~
1780572419201,스엑스 글레이
1780572419407,쌈이 근데 저옷 자주입네
1780572420028,하트어택 심장을 공격해
1780572420335,검열민국
1780572421824,라이ㅋ 미 라잌미
1780572422133,1234
1780572424240,채팅을 개판으로 만들고 튀네 ㅋㅋ
1780572424392,우왕 나 러브어택좋아행
1780572424593,아 ㅅㅅ하고 싶다
1780572424745,오늘 성교육 장
1780572425867,하트어택 심장을 공격해~
1780572425897,캬
1780572426075,라잌미 라잌미
1780572426077,오냐 성얘기 마음껏 해주마
1780572426207,스엑스없이 태어나는사람있냐?
1780572426715,라잌미 라잌미
1780572427328,하트어택~
1780572427561,하트어택!
1780572427716,ㅌㅌ
1780572428227,겨! ㅋㅋ
1780572428705,하트어택~
1780572429193,아 ㅅㅅ
1780572429458,SEX 야~호
1780572431408,검열민국ㅋㅋ
1780572431415,엉덩이!ㅋㅋ
1780572431510,숨김없이보여줘~
1780572432202,룩삼 야호
1780572432378,배꼽은 솔직히 메인인데 억까 뭐지
1780572432555,유튜브에 올리고 다 쳐내자
1780572432678,룩삼은 행복한 결혼생활로 증명했음 ㅇㅇ
1780572433099,하긴 얘는 방송에서 취향 까였자나
1780572433421,룩옵 ㅠㅠ 저런 대화할줄 몰랐어 ㅠㅠㅠ
1780572433452,돌아와 나에게 돌아와~
1780572433732,라잌미 라잌미~~
1780572433981,어허 ㅋㅋ
1780572434484,혁
1780572434520,아오 채팅창
1780572434709,뭔가 음질이 뭉개지냐
1780572434882,야스야스
1780572435203,거제 야호
1780572436523,내 심장을 공격해
1780572436761,사타구니 !ㅋㅋ
1780572436774,?
1780572436840,숨김없이 보여줘 좀 야한듯
1780572437044,돌아와~ 나에게 돌아와~
1780572437075,룩주니어한테 성교육 저래하는거아니냐
1780572437628,아오
1780572438429,돌아와 나에게 돌아와~
1780572438652,야스나 해야지 ㅋㅋ
1780572438750,?
1780572438873,나만 음질 뭉개짐?
1780572439149,온 세상을 물들여~
1780572439294,채팅 곱창내고 튀기 ㅋㅋ
1780572439513,배기견
1780572439553,넵
1780572439850,아오 꼽쌤
1780572441298,ㄹㅇ
1780572442286,여자들 근육남 좋아함?
1780572442518,룩평
1780572442586,리센느 예전에 들어볼래 나왔던 사람들 맞음 ?
1780572442711,ㄹㅇ
1780572442923,그건좀..
1780572443845,원래 이런 방인가욤 ㅠㅠ
1780572443914,아오~ 꼽샘
1780572444272,음?
1780572444751,넵
1780572444866,ㄹㅇ
1780572445062,메?인
1780572445215,?
1780572445228,?
1780572445681,아오 꼽쌤
1780572445839,꼽기견;;;;;;;;
1780572445882,준
1780572447017,아오 꼽샘
1780572447392,내심장을 공격해에~
1780572447633,?
1780572447657,꼽기견 뭐냐
1780572448560,너 꼽이야?
1780572448591,공
1780572449146,?
1780572449428,ㅇㅇㄴㅇ
1780572449482,일자배꼽은 인죵ㅋㅋ
1780572449590,곱쌤 곱창보면 설레요?
1780572450275,꼽견 이제 좀 나가라
1780572450850,꼽쌤 ㅋㅋㅋ
1780572451111,수술도 있는거보면 메인인거 같기도하고
1780572451976,꼽기견 ㅋㅋㅋㅋㅋㅋ
1780572452484,꼼깸 쳐내
1780572452614,제이팝은 메인이라하는거같네
1780572452615,그러게 룩삼은 리센느 만났었네
1780572452793,아오 꼽등이
1780572453561,후렴 진짜 좋네
1780572455065,둘다 떡상하기 전에 만난 인연이네
1780572455098,들어볼래 또 안하냐 리센느 모셔
1780572455983,꼽기견은ㅋㅋㅋㅋㅋㅋㅋㅋㅋ
1780572456511,꼽쌤 그냥
1780572457316,아오 꼽
1780572458327,아오 꼽쌤
1780572458894,일자복근은 0티어임
1780572459278,거기 때 잘탄다
1780572459338,나만 끝음 뭉개짐?
1780572459355,꼽쌤;
1780572460266,쌈이올떄까지 파라파라나 춰야갯다
1780572461831,꼽순내를 모르는 애들 불쌍하다 ㅇㅇ
1780572462909,꼽등이 ㅋㅋ
1780572463902,1자배꼽은 이쁘긴함
1780572463949,꼽기견 어감 십 ㅋㅋㅋㅋ
1780572465623,구지아
1780572466542,ㄹㅇ 토나오네
1780572466737,꼽 어게인!!!!!!
1780572466859,꼽쌤 ㅋㅋㅋㅋ
1780572466940,오
1780572468306,와 KFC
1780572468851,kfc 뭐지요
1780572469042,뭐냐
1780572469286,와 진짜 야스하네
1780572469657,KFC
1780572470414,케엪씨!
1780572471503,오 kfc
1780572471984,어 할아버지
1780572472303,ㅇㅇ
1780572472431,와
1780572472467,ㅇㅇ
1780572472679,ㅇㅇ
1780572472753,캬
1780572472806,ㅇㅇ
1780572472870,와 kfc
1780572472900,ㅇㅇ
1780572473092,하악
1780572473131,ㅇㅇ
1780572473136,ㅇㅇ
1780572473467,ㅇㅇㅇ
1780572473516,ㅔ
1780572473572,비옴
1780572473697,ㅇㅇ
1780572473872,아까 소나기옴
1780572473944,메뉴머삼?
1780572473967,ㅇㅇ
1780572473978,ㅇㅇ
1780572473981,와 야스하네
1780572474002,ㅇㅇ비옴
1780572474166,ㅇㅇ
1780572474229,비와이
1780572474283,kfc 광고임?
1780572474315,소나기 왔음
1780572474405,ㅔ
1780572474411,비옴
1780572474431,ㅇㅇ
1780572474523,ㅇㅇ
1780572474758,ddd
1780572474886,비옴
1780572475328,kfc는 인죵ㅋㅋ
1780572475440,dd
1780572475515,비옴
1780572475520,ㅇㅇ 잠깐
1780572475553,비왔짘ㅋㅋ
1780572475631,비옴
1780572475881,ㅇㅇ
1780572475944,소나기
1780572476040,비옴
1780572476048,ㅇㅇ
1780572476244,할아버지는 인졍
1780572476369,비 왔음
1780572476487,비 겁나와요
1780572476540,비와
1780572476562,오고있어
1780572477663,비옴 지금
1780572477874,비오던데
1780572478495,지금비옴
1780572479176,백발할아버지 ㅋㅋ
1780572479197,비 엄청 오더라
1780572479319,지금 오자낭
1780572479345,방금 개많이옴
1780572479504,지금 비와요
1780572479681,여자 광배 라인 보는 사람은 없나?? 나 소외감 느껴지네...ㄷㄷ
1780572480032,창밖도 좀 보고 그래라
1780572480323,많이와
1780572481030,비와이
1780572481877,비왔어? 사인받아야지
1780572482582,우리가 먼저 리센느 알았는데...
1780572483441,비가
1780572483769,비엄청와
1780572483971,지금 비와이
1780572484126,솔직히 여기서 룩삼 추천으로 겨 입문한 사람 있잖아
1780572484789,영원히 비와이
1780572484995,새 메뉴임?
1780572485285,난아직도 쌈이가 러브어택 듣고 힘빠진다고하는거 기억한다
1780572486006,와 8시30분에 kfc 먹는건 진짜 부잔데
1780572487140,음료수 닥터 페퍼 아니면 똥싸러감
1780572489178,음?
1780572491710,여자광배?
1780572491832,지금보니 쌈이 kfc 닮았네
1780572491911,진짜 개변태같네
1780572492097,?
1780572492341,비 확 왔다가 잠잠해졌다가 그러던데
1780572492932,너 헬스충이냐
1780572493506,룩평
1780572493544,?
1780572493562,여자 광배를 본다고?
1780572494039,쌈아 스모크 머스타드 추가했냐
1780572494333,럼붋ㅎ류
1780572494507,이따가 황해보면서 먹자ㅏ
1780572494556,?
1780572494680,광배도 보네
1780572494729,음?
1780572494961,너 헬창이지
1780572495221,?
1780572495242,아으
1780572495321,흠..
1780572496193,?!
1780572496973,룩평
1780572496976,?
1780572497143,광배
1780572497569,해부학함 ?
1780572497605,음?
1780572497741,그만 좀 해
1780572497794,광견뭐야
1780572497943,너 헬스쟁이지
1780572498136,성형ㅇ외과 의사심?
1780572498426,광배 좋지 음음
1780572498473,광배 라인 보기 쉽지 않은데
1780572500021,넌 소외되라
1780572500194,광배충은 첨보네
1780572500557,?
1780572500598,어케 보는데 초면에{:d_116:}
1780572501705,난 여자 등근육봄
1780572502480,{:x0dueDog:}{:x0dueDog:}{:x0dueDog:}
1780572503059,강한여성
1780572503181,등은 ㄹㅇ 인정이지
1780572504284,광기견
1780572505544,알기만 햇ㄱ장ㅎ아
1780572505788,복근은 보는데
1780572507552,드개재
1780572508873,서로 저점매수 ㅋㅋ
1780572508961,리센느 알아보기
1780572509704,유하
1780572509972,유튭하이
1780572510332,자 유툽 모드
1780572510499,큐
1780572510972,두가자
1780572511198,내동생 리센느
1780572511420,유하
1780572511498,리센느 야~호
1780572512368,자 드가자
1780572512538,유하
1780572512711,드가자
1780572512746,드가자
1780572512757,저점매수 ㄷㄷ
1780572513286,캬
1780572513517,유하
1780572514126,야호~
1780572514165,유하~~~
1780572514333,드가좌
1780572515102,야호~
1780572515129,유하
1780572515254,서로 저점매수를
1780572515264,이제ㄱ그만해 페티쉬
1780572515296,저점매수
1780572515422,오이데~~~~~~
1780572515530,룩삼 야호~
1780572515837,슨슈
1780572515892,자 이제 모드전환
1780572516068,내 픽은 원이야~
1780572516109,공업용 채팅모드
1780572516216,르센느슨슈
1780572516460,유하ㅏㅏㅏㅏ
1780572516694,리센느 선슈
1780572516703,슨슈
1780572517272,가면 써주고~
1780572517533,선수구나
1780572517552,{:d_57:}
1780572517563,슨슈
1780572517915,리센느 선수 잘함?
1780572518029,슨슈
1780572518132,유하~
1780572518187,내동생 리센느
1780572518271,야호~~~
1780572518287,리센느 슨슈
1780572518407,유하
1780572518445,야호~~~~~
1780572518492,원이 야호~
1780572518601,리센느가뭐누
1780572519199,우리가 먼저 알았는데...
1780572519268,리센느 선수 포지션 어디임
1780572519397,야호
1780572519425,룩삼 야호
1780572519456,야호 슨슈
1780572519461,핫하다 핫해
1780572519528,르센느 선수
1780572519603,리센느슨슈
1780572519794,야호~
1780572520186,리센느슨슈
1780572520418,리센느 슨슈
1780572520506,유튜브 야호 ~~
1780572520675,야호~~
1780572520752,유튜브봐야지 반드시 봐야지
1780572521125,야호~~~~
1780572521339,치지직에서 먼저 저점매수했는데
1780572521497,유튜브 야호~
1780572521520,르센느 코인 타요
1780572521995,룩삼 야호～～～～
1780572521998,저점매수
1780572522002,리센느 선슈
1780572522401,유하
1780572522451,오 이 델
1780572522609,슨슈
1780572522770,야호~~~~~~~~~~~
1780572522889,선수 ㅋㅋ
1780572523337,거제 야호~~~~
1780572523609,야호~~~~~
1780572523705,저점매수
1780572524541,안녕하세요! 리센느입니다!
1780572524608,우리친구 리센느
1780572524905,초저점매수
1780572524987,야호~
1780572525039,슨슈
1780572525375,리센느슨슈
1780572525433,1년 전에 봤는데
1780572525684,야호~~
1780572525813,내가 먼저 알았는데!
1780572525867,야호~
1780572525878,저점매수
1780572525925,야호{:d_94:}{:d_94:}
1780572526220,내 동생 리센느
1780572526310,애호
1780572526452,야호~
1780572526556,캬ㅑㅑㅑ
1780572526652,야 호
1780572526935,캬
1780572526947,내가 먼저 암
1780572527434,야호~
1780572527561,치지직이 먼저 섭외했는데
1780572528007,야호~
1780572528038,유튜브 야호 ~~~~~~
1780572528117,야호~
1780572528136,저점매수 씹성공
1780572528312,우리가 먼저 알았는데
1780572528437,내가 먼저 좋아했는데
1780572528445,리센느 야호~
1780572528544,나작리
1780572528630,저점매수
1780572528698,룩삼 야호~
1780572528896,우리가 먼저 알았는데..
1780572529049,야호~~~~~~~~~~
1780572529073,공방먼저볼래여?
1780572529130,저점매수
1780572529168,우리 이지랄 ㅋㅋ
1780572529972,유튜브 반드시 봐야지
1780572530092,룩삼 야~~호
1780572530130,내가 먼저 좋아햇는데
1780572530138,룩삼 야 호~
1780572530358,리~ 센느입니다!
1780572530366,의북 야~~~~호
1780572530450,우리가 저점매수함
1780572530635,ㅋㅋㅋㅋㅋㅋㅋㄴㄴㄴㅋㅋ
1780572530684,저점매수 ㅋㅋ
1780572530991,내동생 리센느
1780572531330,야호~
1780572531377,ㄹㅇ
1780572531598,내가 먼저 좋아했는데
1780572531659,내동생 리센느
1780572531720,우리가 먼저 알았는데...
1780572532232,울센느
1780572532701,야호~
1780572532720,룩삼 야호~~
1780572532777,무려 1년전 ㅋㅋㅋ
1780572533300,노래가 약간 중소 뉴진스 느낌임 비트
1780572533390,저점매수
1780572533835,zzzzz
1780572534262,야 호
1780572534419,내 동생들 ㅇㅇ
1780572534480,믿고있었다고
1780572534552,알아보기 1년만에 함 ㅋㅋ
1780572534765,지뇨 야효~
1780572534799,내가 먼저 좋아했는데
1780572535240,치지직이 먼저알았는데..
1780572536137,내가 먼저알았는데.....
1780572536166,저점매수는 신 수 연
1780572536397,EK 야 호
1780572536728,우리 조카 리센느
1780572536733,캬
1780572537914,내동생 리센느
1780572538324,거제 야호
1780572539025,알아본다면서 1년만에 함
1780572539053,우리가 먼저 알았는데..
1780572539099,나작리
1780572541163,우리 조카임
1780572541239,알간?
1780572541802,모루ㅡㅁ
1780572541906,야호~
1780572542720,ㅋㅋㅋㅋㅋㅋㅋㅋㅋㅋ
1780572543079,헉
1780572543332,유튜브 조회수 미쳤
1780572543481,ㅋㅋㅋㅋ
1780572543589,ㅋㅋㅋㅋㅋㅋㅋㅋㅋㅋㅋㅋㅋ
1780572543610,?
1780572543656,ㅋㅋㅋㅋㅋㅋㅋㅋㅋㅋㅋㅋㅋㅋ
1780572543791,ㅋㅋㅋㅋㅋㅋㅋㅋㅋㅋㅋ
1780572543892,?
1780572545144,거제 야호~
1780572545208,ㅋㅋㅋ
1780572545234,매수 안한거잖아
1780572545654,ㅋㅋㅋㅋㅋㅋㅋㅋㅋㅋㅋㅋㅋㅋㅋㅋ
1780572545968,몰랐던거 미안합니다
1780572545968,뭣
1780572546071,저점매수맞아? ㅋㅋㅋㅋㅋㅋ
1780572546284,캬
1780572546903,잘 몰름
1780572547705,ㅋㅋㅋㅋㅋ
1780572548228,모르지 ㅋㅋ
1780572548358,ㅋㅋㅋㅋㅋㅋㅋ
1780572548574,야호
1780572548994,캬
1780572549140,매수를 한줄도 몰랐음 ㅋㅋㅋㅋㅋ
1780572549281,대표를 더 잘 앎 ㅋㅋㅋㅋ
1780572549393,마 시스터스 리센느
1780572549542,매수(모름)
1780572549787,앗...
1780572549814,매수는 안했음 ㅋㅋㅋ
1780572550440,야호도 몰랐어
1780572551229,매수한거맞나요
1780572551541,매수안햇잖아 너 ㅋㅋㅋㅋㅋㅋㅋㅋ
1780572551838,(아 그떄 더 친해질걸...)
1780572551993,리어강
1780572552194,걍 매수안함
1780572552336,?
1780572552382,그어대
1780572552498,리센느 야홍
1780572553381,매수 (모름)
1780572553494,유튜브 봐야 알지
1780572553520,들어볼래 다시 보면서 설명회 하면 되겠다
1780572554067,매수 안한거자나 ㅋㅋㅋㅋㅋㅋㅋㅋㅋ
1780572554510,리센느다
1780572554729,갸루
1780572554774,유튜브로 봐서 잘모름 ㅎ
1780572554854,유튜브가 크지
1780572554928,?
1780572555421,야호~
1780572555710,리센느보다 대표를 더 잘아는생퀴
1780572555807,빨대 쭈왑
1780572556040,음?
1780572556373,거제 야호~
1780572556398,걍 매수 안함
1780572557436,리어강
1780572557487,원래 매수할때 안알아보고 사는거지
1780572557488,캬
1780572557562,매수(했나?)
1780572557810,그건 알아야지 새끼야
1780572558730,매수(안함)
1780572558848,불러줄래도 왔는디?
1780572558869,그들은 어떻게 강해졌는가
1780572559146,매수 안햇네
1780572559192,저점 관측
1780572559233,매수는 안함
1780572559305,매수(안함)
1780572559601,야호
1780572559930,매수 안한거 아님?
1780572560217,( 아 더 친해질걸)_
1780572560263,얗 ~ 호
1780572560614,그때 봣는데 까먹음?
1780572560722,이 사람 이미 다 까먹은거냐?
1780572561579,저점목격자
1780572561979,거제 야호
1780572562223,우리가 먼저 알았는데 유튭이 해냈다. ㅋㅋ
1780572562428,안녕하세요원이입니다잘부탁드립니다
1780572562609,모르는데 매수를했네
1780572563619,매수 (안함)
1780572563773,여기 다 예쁘던데
1780572564232,그냥 한번 만나볼 ㅋㅋㅋ
1780572565086,뭐 히오스  특성 매수임?
1780572565355,나 무 위 키
1780572565662,목격자 ㅋㅋ
1780572566153,매수하고 공부하는 거임 원래
1780572566165,저점목격자
1780572566472,리브 메이는 아직 데뷔 안함
1780572566537,미나미 야호~
1780572566684,다 까먹었구나
1780572567613,파라파라나 추자
1780572567973,야호
1780572568005,옆에 광고 끄자
1780572568244,캬
1780572569076,뭔지모르지만 야호~
1780572569462,원래 주식도 주식 이름 말곤 모르긴해~
1780572570263,캬
1780572570457,이 사람이 기억하겠음?
1780572570604,<<<이미 다 까먹음
1780572571162,저점목격자
1780572571207,굿
1780572571279,대표가 아스날 팬임
1780572571679,(사실 누군지 기억안남)
1780572572364,노래소리 딱좋아요
1780572572529,저점 목격자 ㅋㅋㅋ
1780572572644,2년됐네
1780572572700,삼성 목격도르
1780572573599,리센나~
1780572575631,관망함
1780572576984,광고 컷
1780572577453,오..
1780572577621,매수(빨대)
1780572577647,아다 뮤직 뭐야
1780572579573,인터뷰만 하고 매수는 안한
1780572579657,누군지 다 까먹음
1780572580732,룩삼? 이이네
1780572581283,러브어택이지
1780572582789,저점 목격 햇또르
1780572582803,일단여기대표가 노래를 만드는데 짜치지는 않는데 테디같은 대중성 한방은 없는
1780572582836,조회수가 말이안됨
1780572582910,더 친해질걸ㅠㅠ
1780572587724,목격도르
1780572588897,오
1780572589156,리센느 노래 월드컵도 하나요
1780572589625,캬
1780572591672,풋풋하다 풋풋해
1780572591688,꽤 됐어
1780572592466,야 호
1780572592684,휴
1780572592695,데뷔한지 꽤 됐어
1780572592833,ㅋㅋㅋㅋㅋㅋ
1780572593305,캬
1780572593717,ㅋㅋㅋㅋㅋㅋㅋ
1780572593994,아하
1780572594102,5인만 안다
1780572594144,아다재팬은좀 흥분되네요
1780572594161,오인용
1780572594205,2명은 누구지~ ㅋㅋㅋㅋㅋㅋㅋ
1780572594289,ㅋㅋㅋㅋㅋㅋㅋㅋㅋㅋㅋ
1780572594514,그걸 모르면
1780572594537,ㅋㅋㅋㅋㅋㅋㅋㅋㅋㅋㅋㅋㅋㅋㅋㅋ
1780572594614,안다고??
1780572594706,ㅋㅋㅋㅋ
1780572594920,엄청 최근 그룹이었네
1780572595715,휴
1780572595777,휴~
1780572596256,니가 기억을 해?
1780572596413,2주년이나 됬었구나
1780572596570,알아야지 너는
1780572597482,알면 됐어
1780572597975,봤었으니
1780572598225,자
1780572598282,그래 그정도는 기억해라..
1780572598775,그것만 알지
1780572599487,그것도 몰랐으면
1780572599688,캬
1780572599770,워니
1780572600399,딱 거기까지
1780572600480,젊다
1780572601264,와 개어려
1780572601725,이야 어리다
1780572601728,어리네
1780572601824,캬
1780572601849,08 ㄷㄷ
1780572601862,원이 야호~
1780572602069,와
1780572602337,왓
1780572602363,08 ㄷㄷ
1780572602433,와
1780572602477,아니 고딩들도있네
1780572602595,파이리 야호
1780572602764,아가들이네
1780572602986,대 원 이
1780572603220,캬 진효 딸뻘
1780572603302,여긴 사진 다 잇네
1780572603442,와
1780572603911,04원이 ㄷㄷ
1780572604068,와
1780572604098,응애
1780572604423,캬
1780572604563,애기네 애기
1780572604621,어리다 어려
1780572604732,엄청 어리네 ㄷㄷ
1780572604794,08 ㄷㄷ;;
1780572604991,딸뻘
1780572605348,개어리네;
1780572605441,야호
1780572606084,와 개어린데?
1780572606510,와
1780572606720,어리다
1780572607166,15살 데뷔임?
1780572607171,캬
1780572607511,08 ㄷㄷ
1780572607541,애기야
1780572607657,멤버 이름이 12임?
1780572607904,와
1780572607908,신라공주 막내엿구나
1780572608100,와 개어려
1780572608121,파이리다
1780572608497,진짜 엊그제 태어났네;
1780572608806,어리네
1780572608857,요즘 그룹 평균선이네
1780572609306,내친구 원이
1780572609483,애기들이네
1780572609597,젊다 젊어
1780572609674,애기들이네
1780572609820,진짜 어리다
1780572609840,와 다들..
1780572609931,야호
1780572610764,안녕하세요원이입니다잘부탁드립니다
1780572610774,이름은 알았나요?
1780572611129,캬 한국
1780572612037,아직 유망주네
1780572612399,와 진짜 여고생이었어?
1780572612623,월드컵 세대들 뭐임
1780572612660,캬
1780572612740,08신라 ㄷㄷ
1780572612840,캬
1780572612853,일본 센터 ㄷㄷ
1780572613063,대칭  좋네
1780572613120,지뇨 딸뻘이네
1780572613708,미나미노
1780572614241,거제 야호~
1780572614243,좋다 ㅋㅋㅋ
1780572614889,메이일본인이구나
1780572615857,08은 진짜 어리네
1780572616147,와
1780572616265,얗 호
1780572616669,17세 무친
1780572616721,ㅈㄴ어리네
1780572616807,ㅋㅋㅋ
1780572616820,펄럭~
1780572617259,08신라 ㄷㄷ
1780572617366,애기네
1780572617819,어리다
1780572617821,까엉이 ㅋㅋ
1780572618202,삼촌 룩삼
1780572618633,한국 일본 좋구나
1780572618753,걸음마는 할줄아나
1780572618850,룩삼 띠동갑보다 다 어림
1780572618934,요즘 그룹 평균정도임
1780572618942,어리다 어려
1780572619335,애기들이네
1780572619404,진짜 애기들이네
1780572619599,한국말을 제일잘하는 일본인
1780572619624,미나미 한국임
1780572619902,원이는 유명한 내 친구임
1780572620401,내아가 ㅠㅠㅠ
1780572620545,일본인 한명이었어?
1780572621499,친구(아님)
1780572621794,왜 니친구야
1780572621819,대칭 너무 좋고
1780572621893,ㄹㅇ
1780572621950,룩삼삼촌급ㄷㄷ
1780572622212,나도 겁나 늙었구나 00년생인데 6살 8살차이
1780572622295,요즘 그룹 나이 딱
1780572622299,까엉이
1780572622438,내 동생 원이
1780572622870,내 픽은 원이입니다~~
1780572622916,갸루귀신
1780572623262,그럼 치지직왔을때는 몇살이였던거야
1780572623469,일본인 있던 것도 알아
1780572623470,08 내년 성인이라는거임~
1780572623944,난 원이~
1780572624479,야말보다 어리네
1780572624514,개어리네
1780572624542,08년생 믿 힌
1780572624592,파이리가 제일 언니였구나
1780572625033,내조카원이
1780572625287,ㅋㅋㅋㅋㅋㅋㅋㅋㅋㅋ
1780572625488,친?구
1780572625495,ㄱ-
1780572626025,지뇨 삼촌
1780572626303,안녕하세요원이입니다잘부탁드립니다
1780572626644,zzzz
1780572626702,ㅋㅋㅋㅋㅋㅋㅋㅋㅋㅋㅋㅋ
1780572626736,미나미노~
1780572626776,우리아가잘부탁드려욤
1780572626887,조카원이
1780572627014,ㅋㅋㅋ
1780572627109,ㅋㅋㅋㅋㅋㅋㅋㅋㅋㅋㅋㅋㅋㅋ
1780572627185,?
1780572627337,ㅋㅋㅋㅋㅋㅋㅋㅋㅋㅋㅋㅋ
1780572627368,08년생 ㄷㄷ
1780572627394,ㅋㅋㅋㅋㅋㅋㅋㅋㅋㅋㅋㅋㅋㅋㅋㅋ
1780572627511,ㅋㅋㅋㅋㅋㅋㅋㅋㅋㅋ
1780572627555,ㄷ재표님 ㅋㅋㅋㅋ
1780572627870,ㅋㅋㅋㅋㅋㅋㅋㅋㅋㅋㅋㅋㅋㅋㅋㅋㅋㅋㅋㅋㅋ
1780572627901,대퓨님만.
1780572627989,ㅋㅋㅋㅋㅋㅋㅋㅋㅋㅋㅋㅋㅋㅋ
1780572628133,대표님 ㅇㅈㄹ
1780572628163,내동생 원이
1780572628361,ㅋㅋㅋㅋㅋㅋㅋㅋㅋㅋㅋㅋㅋㅋㅋ
1780572628456,꾸대표
1780572628511,ㅋㅋㅋㅋㅋ
1780572628550,ㅋㅋㅋㅋㅋㅋㅋㅋㅋㅋㅋㅋㅋ
1780572628582,ㅋㅋㅋㅋㅋㅋㅋㅋㅋㅋㅋㅋㅋㅋ
1780572628676,ㅋㅋㅋㅋㅋㅋㅋㅋㅋㅋㅋㅋㅋㅋㅋ
1780572628762,대표님 ㅋㅋㅋㅋㅋㅋㅋㅋ
1780572629032,대표님 ㅋㅋㅋㅋㅋㅋㅋㅋㅋ
1780572629184,?
1780572629288,ㅋㅋㅋㅋㅋㅋㅋㅋㅋㅋ
1780572629564,내친구 대표
1780572629694,ㅋㅋㅋㅋㅋㅋㅋㅋㅋㅋ
1780572629846,대표님 아스날팬임 ㅋㅋ
1780572629852,ㅋㅋㅋㅋㅋㅋㅋㅋㅋㅋㅋㅋㅋㅋㅋㅋㅋ
1780572629953,ㅋㅋㅋㅋㅋㅋㅋㅋㅋㅋㅋㅋㅋㅋㅋㅋㅋㅋㅋㅋㅋㅋㅋㅋㅋㅋㅋㅋㅋㅋㅋㅋㅋㅋㅋㅋㅋㅋㅋㅋㅋㅋㅋㅋㅋㅋㅋㅋㅋㅋㅋㅋㅋㅋ
1780572630119,헉
1780572630120,ㅋㅋㅋㅋ
1780572630325,ㅋㅋㅋㅋㅋㅋㅋㅋㅋㅋㅋㅋㅋ
1780572630393,ㄱ-
1780572630578,ㅆㅂ\
1780572630731,ㅋㅋㅋㅋㅋㅋㅋㅋㅋㅋ
1780572630741,구너 ㅋㅋ
1780572630776,ㅋㅋㅋㅋㅋㅋ
1780572630824,ㅋㅋㅋㅋㅋㅋㅋㅋㅋㅋ
1780572630841,이주헌 아스날 팬
1780572630844,베이징 올림픽 안 본 아이돌
1780572631221,대표님이 룩삼보다 나이적음
1780572631258,ㅋㅋㅋㅋㅋㅋㅋㅋㅋㅋㅋㅋ
1780572631427,헉
1780572631488,왜 대표님을..
1780572631526,그건 중요하지 ㅇㅇ
1780572631535,15살 차이 ㄷㄷ
1780572631539,?
1780572631540,ㅋㅋㅋㅋㅋㅋㅋㅋㅋㅋㅋㅋㅋ
1780572631660,ㅋㅋㅋㅋㅋㅋㅋㅋㅋㅋㅋㅋㅋㅋㅋㅋㅋㅋㅋㅋㅋ
1780572631723,ㅋㅋㅋㅋㅋㅋㅋㅋㅋㅋ
1780572631736,ㅋㅋㅋㅋㅋㅋㅋㅋㅋㅋㅋㅋ
1780572632123,수원의자랑리브
1780572632299,ㅋㅋㅋㅋㅋㅋㅋㅋ
1780572632627,ㅋㅋㅋㅋㅋㅋㅋㅋㅋㅋㅋㅋㅋ
1780572632675,구너~
1780572633153,이주헌
1780572633180,ㅋㅋㅋㅋㅋㅋㅋㅋㅋㅋ
1780572633344,대 스 날
1780572633539,요즘세대면 이정도 나이지
1780572633667,ㅋㅋㅋㅋㅋㅋㅋㅋㅋ
1780572633791,대표 ㅋㅋ
1780572633874,대표님이 친구야
1780572633884,ㄱ-
1780572634154,ㅋㅋㅋㅋㅋㅋㅋㅋㅋㅋㅋㅋ
1780572634174,개집이셔?
1780572634247,ㅋㅋㅋㅋㅋㅋㅋ
1780572634321,ㅋㅋㅋㅋㅋㅋㅋㅋㅋㅋㅋㅋㅋㅋ
1780572634372,???ㅋㅋㅋㅋㅋㅋㅋㅋㅋ
1780572634410,ㅋㅋㅋㅋㅋㅋㅋㅋㅋㅋㅋㅋ
1780572634466,ㅋㅋㅋㅋㅋㅋㅋㅋㅋㅋㅋㅋ
1780572634660,ㅋㅋㅋㅋ
1780572634719,쌈아 대표님이랑 친하면 된다
1780572634854,ㄹㅇ
1780572634899,내 친구 대표
1780572635916,까먹었죠
1780572636050,이주헌 대표님
1780572636060,제나 원전 애기네
1780572636263,다아네
1780572636344,ㅋㅋㅋㅋㅋㅋㅋㅋㅋ
1780572636560,ㅋㅋㅋㅋㅋ
1780572637244,오이데~
1780572637535,님아
1780572637763,ㅋㅋㅋㅋㅋㅋㅋ
1780572638036,여기 대표님 유명하더라 ㅋㅋㅋ
1780572638164,내 친구 대표
1780572638451,ㄹㅇ
1780572638598,mc
1780572639075,원이가 나이가 많다니 ㄷㄷ
1780572639204,내친구 제나~~
1780572639500,엠씌
1780572640724,제나랑 메이는 그냥 애기 아님?
1780572641722,추멘?
1780572642043,킹 스 날
1780572642115,내친구대표
1780572642424,추멘
1780572642433,?
1780572642667,대표랑 친하면 ㅇㅈ
1780572642755,대표님이랑 친하면 됐다 ㅇㅇ
1780572642885,추멘 ㄷㄷ
1780572643148,내 구너
1780572643448,대 스 날
1780572643696,구너와 콥
1780572643801,내친구 대표 ㅋㅋㅋㅋ
1780572643897,룩삼 야호~~
1780572644089,내친구 주헌 ㅋㅋㅋ
1780572644113,내친구대표
1780572644658,이주헌+아스날 = 이스타?
1780572644824,여기 대표님 호감이더라
1780572645189,ㅋㅋㅋㅋㅋㅋ
1780572645424,대표님 소개좀
1780572645881,꾸대표랑 친한 룩쌈므
1780572645889,내 친구 대표
1780572648066,PL이야기 좀 했냐
1780572648675,"킹 스 날,,,"
1780572649700,오 ㄹㅇ?
1780572650653,어리던데 대표
1780572651002,오
1780572651318,오
1780572651929,내 친구 대표 ㅋㅋㅋㅋㅋㅋ
1780572652035,저점매수성공
1780572652343,대표님 초대석;
1780572652345,자기소개 다 했었죠
1780572652416,캬
1780572652430,밥한번 먹자~
1780572652552,대표 초대석
1780572652626,나도 갸루를 알지만 미나미는 못알아봐 ㅋㅋ
1780572652723,리센느 초대석 ㄷㄷ
1780572652791,대표님이 또래자나 ㅋㅋ
1780572652988,기대해도 되나요
1780572653124,대표님 초대석 가능?
1780572653140,저점매수 성공
1780572653328,대표님 90년생
1780572653437,캬
1780572653515,이제 못해 초대석
1780572654264,대표님 초대석
1780572654406,ㅅㅅㅅㅅㅅㅅㅅ
1780572654450,(라고 할때 미리 할걸~)
1780572654790,이건 좋다
1780572654812,파이리 초대석
1780572654852,플레임도 여기 대표님 얘기하던데 ㅋㅋㅋ
1780572655192,안나와 이제
1780572655326,콥과 구나
1780572655615,들어볼래
1780572655940,전화연결함하죠
1780572656501,그 약속 지켜야겟지?
1780572656823,이번에 성불하셨겠네
1780572657608,리센트 대표 초대석 ㅋㅋ
1780572657931,룩삼누구신지
1780572657980,약속했다?
1780572658468,(더 친해질걸..)
1780572658599,대표님 초대석 ㄷㄷ
1780572658965,구두약속 ㅋㅋㅋ
1780572660147,초대석 해줘
1780572660215,이제는 못부름
1780572660409,ㅇ갑자기
1780572660461,??: 내가 언제
1780572660622,근데 이제 리센느가 너무 커져서 요기 못나와...
1780572660683,파이리 초대석 기다릴게...
1780572661293,똭
1780572661379,야호~
1780572661417,(미리할걸 습박)
1780572661436,라고 할 때 잡을걸
1780572661487,룩삼 누구신지?
1780572662070,초대석에 대표가
1780572662276,야호~
1780572662448,아스날 팬으로 유명하던데?
1780572662524,이젠 몸값이..
1780572662752,너 떴어 임마 ㅋㅋ
1780572663395,대표님 약속 지켜야죠
1780572663560,약속 지켜야 겠지?
1780572663601,둘이 정상에서 보자
1780572663843,똭
1780572663977,띠용
1780572664014,갑자기 야호~
1780572664481,08제나 ㄷㄷㄷ
1780572664831,대표님 초대석 ㄱㄱ
1780572665156,슬슬
1780572665205,대표님 한살 차이라서
1780572665329,더 친해질걸 ...
1780572665401,야호~
1780572665552,너무 열심히 살았던거임
1780572665740,저긴 더올라감
1780572666142,데자부~
1780572666357,너무 커졌어 ㅋㅋ
1780572666384,내친구 리센느
1780572667606,룩삼? 누군데
1780572667730,내친구센느
1780572667862,야호~
1780572667923,아 대표님 초대석이야?
1780572668037,이게 하이닉스지
1780572668103,나작룩됨
1780572668250,서로 떡상을
1780572668436,룩삼누구세요
1780572669085,갑자기 뜨기 시작한 리센느
1780572669607,몸값이 너무
1780572669761,내친구 센느 ㅋㅋㅋㅋㅋㅋ
1780572669869,갑자기 개떡상을
1780572670389,아 미리 할껄~
1780572670437,이젠 못해 초대석
1780572670450,둘 다 그때랑 달라
1780572670845,더 친해질껄
1780572670864,대표님초대석을하죠
1780572670952,대표님 약속 지킬까요?
1780572670965,저점매수자
1780572671186,대표님 약속 지켜야 해요
1780572671398,룩삼 누구신지
1780572671621,그냥 대표 초대석하죠?
1780572671622,룩삼 누구신지??
1780572671869,둘다 성공함
1780572672029,이제 못만나
1780572672100,룩삼도 날아오르고 리센느도 커지고
1780572672458,대표님 초대석 재밋네
1780572672873,더 친해질걸
1780572672976,갑자기 치솟은 리스피
1780572672989,영도 야호~
1780572673010,만나긴함?
1780572673027,룩삼 누구신지?
1780572673306,겨우목성?
1780572673341,이제 안만나준데요?
1780572673474,오히려 좋아
1780572673583,룩삼누구세요
1780572673865,그룩누?
1780572673878,저점 매수 실패
1780572673885,저점매수.. 실패
1780572674397,떡상
1780572674463,룩삼 너 뭔데 ㅋㅋ
1780572674570,룩삼 누구신지
1780572674849,서로 저점매수 ㄷㄷ
1780572674975,룩삼 누구신지
1780572675248,ㅋㅋㅋㅋㅋ
1780572675266,아는형님 나가는데 룩삼 누구신지
1780572675468,대표님 초대석 ㅋㅋㅋㅋㅋㅋㅋ
1780572675737,그때 구두로만 하지말걸.....
1780572676572,내 친구 센느
1780572676753,지금 개바쁘지
1780572676821,그룩누?
1780572676829,이제 너무 바뻐 보이던데 ㅋㅋㅋㅋㅋㅋㅋㅋㅋㅋ
1780572676852,야호~
1780572676978,아마 못부를듯
1780572677238,룩삼 누구신지
1780572677533,룩삼 누구신지???
1780572677908,캬
1780572677993,"갑자기 개떡상을,,,,"
1780572678249,룩삼 누구신지
1780572678289,거제 야호
1780572678393,룩삼 버려잇~
1780572678690,룩삼 누구신지
1780572678710,누구세요?
1780572678810,대표를 부르자
1780572679104,룩삼 누구신지
1780572679288,중소의 기적
1780572680056,매수 실패 ㅋㅋ
1780572680816,저점매수 개실패
1780572680896,룩삼 누구신지
1780572681024,??? : 가격이 조금 올랐다
1780572681330,둘 다 떡상
1780572681511,룩삼 누구신지...
1780572681619,룩삼 누구신지..
1780572681764,룩삼 누구신지
1780572681797,룩삼이 누구?
1780572681811,룩삼 누구신지....
1780572681835,대표님 초대석 하자 ㅋㅋ
1780572682072,룩삼이 누구신데
1780572682088,룩삼 급이 안맞지 음음..
1780572682217,그룩누?
1780572682252,룩삼이 누군데??
1780572682463,리센느아
1780572682683,돌다 떡상이긴한데... 저긴...
1780572682686,대표님 초대석ㅋㅋㅋ
1780572682751,계약서 썼어야...
1780572683051,리센 느아
1780572683615,룩삼 누구신지
1780572683746,룩삼 누구신지?
1780572683980,과연 약속 지킬것인가
1780572684191,대표를 초대하자
1780572684287,룩삼 누구신지
1780572684772,ㅋㅋㅋㅋㅋㅋㅋㅋㅋㅋㅋㅋ
1780572685282,그 사이 떡상
1780572685367,ㅋㅋㅋㅋ
1780572685454,왜알아
1780572685545,캬
1780572685702,ㄹㅇ?
1780572685785,룩뭍히기 on
1780572686095,캬
1780572686298,룩 누구?
1780572686634,ㅋㅋㅋㅋ
1780572686807,그걸 들어서 ㅋㅋ
1780572686865,ㅋㅋㅋㅋㅋㅋㅋㅋㅋㅋ
1780572686992,캬
1780572687104,이제 너무 올라가 버렸어
1780572687120,대학축제 절대 안끊길텐데
1780572687268,리센ㄴㄴㄴㄴ나
1780572687309,아 맞아 향기
1780572687509,직접 들었다는거임
1780572687638,글로 배웠네
1780572687730,나도 ㅋㅋ
1780572687802,다시보기셔?
1780572687803,그때 설명했어
1780572687809,ㅋㅋㅋㅋㅋㅋㅋㅋㅋㅋ
1780572687822,캬
1780572687985,향기컨셉을 안다고
1780572688017,ㅋㅋㅋㅋㅋㅋㅋㅋㅋㅋ
1780572688049,리씬이였어?
1780572688664,리센ㄴㄴㄴㄴㄴㄴㄴㄴㄴㄴㄴㄴ나
1780572689046,알려줬으니까
1780572689140,레거시 mc
1780572689953,캬
1780572690037,대본
1780572690122,아
1780572690838,ㅋㅋㅋㅋㅋㅋㅋㅋㅋㅋ
1780572691176,대본에 있어서 ㅋㅋㅋ
1780572691199,대표님 초대석도 재밌겠다 ㅋㅋ
1780572691209,그떄 들었지
1780572691239,ㄹㅇ 컨셉 너무좋아
1780572691412,캬
1780572691470,향기
1780572692384,르센나
1780572692519,직접 설명 들었다는거임
1780572692581,새로워진 장면에~
1780572692994,ㅋㅋㅋㅋㅋㅋㅋ
1780572693387,직접 들었다는 거임 ㅋㅋㅋ
1780572693770,알려줫자나
1780572693885,대본 읽엇잔아
1780572693978,르센나ㅏㅏㅏㅏㅏ
1780572694110,버스 떠났다 쌈아...
1780572694162,ㅋㅋㅋㅋㅋㅋㅋㅋㅋㅋㅋㅋㅋ
1780572694543,오 몰랐네
1780572694562,레거시셔
1780572694912,직접 들었으니까 ㅋㅋ
1780572695173,리센나~
1780572695988,캬
1780572696236,이름 좋은데
1780572696287,온 세상을 물들여~~
1780572696938,ㅓㅋㅋㅋ
1780572697111,김향기씨
1780572697218,그래서 가사에 저런느낌 많았네
1780572697352,대본
1780572697635,대본으로 봐서 ㅋㅋㅋ
1780572697748,대본에서 봤던거 ㅋㅋㅋ
1780572697806,묘수풀이
1780572697940,시향돌ㄷㄷ
1780572698039,대본 외우셨구나 ㅋㅋ
1780572698308,리센ㄴㄴㄴㄴㄴㄴㄴㄴㄴㄴㄴ나
1780572698340,레거시 ㅋㅋ
1780572698411,ㅎ향기를 기억한다는거니??
1780572698988,글로 배웠어가지구 ㅋㅋ
1780572699455,숨김없이 보여줘~
1780572699724,엠씨라서 ㅋㅋㅋ
1780572699909,문장 해석
1780572700098,리센느ㄴㄴㄴㄴ나
1780572700347,다시 떠올린다
1780572700495,르센느
1780572700840,거제 바다향
1780572701091,대본 ㅋㅋㅋ
1780572701951,아 그래서 럽어택에 그런 가사가 있구나
1780572702064,"향기돌 ㄷㄷ
"
1780572702818,이름 잘 지었다
1780572702913,흥미롭긴하네 ㅋㅋ
1780572703083,캬
1780572703612,너 향기를 기억하는거?
1780572704273,향?
1780572704606,앨범마다 향도 있어
1780572705296,줠라 이쁘긴해
1780572705737,리센ㄴㄴㄴㄴㄴㄴ나
1780572705762,캬
1780572705825,아가...
1780572705873,캬
1780572705874,온세상을 물들여~
1780572705989,미쳤어
1780572705992,메인 향이 있네
1780572706692,캬
1780572706939,다 예뻐
1780572707006,캬
1780572707179,캬
1780572707397,캬
1780572707449,귀엽구나
1780572707534,개이쁘네
1780572707617,오..
1780572707878,존예
1780572707907,막차 타자 쌈아
1780572707912,까와이
1780572707987,캬
1780572708115,캬
1780572708150,이뿌당
1780572708409,아 가사에 향 이런거 많던데
1780572708497,캬
1780572708526,캬
1780572708810,리센느양 ...
1780572708924,곱다 고와
1780572709069,캬
1780572709219,캬
1780572709250,이쁘다
1780572709334,야호~
1780572709410,캬
1780572709602,캬
1780572709622,캬
1780572709916,비주얼 좃대긴해
1780572709960,내아가들
1780572710519,미쳤다
1780572710575,캬
1780572710601,머야 저런 향도 설명되잇네
1780572710632,캬
1780572710674,미나미 어흐
1780572710788,이쁘당
1780572710889,이쁘다
1780572711142,캬
1780572711420,나이가 깡패다..
1780572711473,쌈아 다 까먹어서 이미 늦은거같다
1780572711934,스멜
1780572712413,다 이쁘더라
1780572712717,꽃향기
1780572712785,야호~
1780572712883,아니 같이 촬영을 했는데 까먹는건...
1780572712967,"캬,,,"
1780572713675,원이양...
1780572713977,신라공주 ㄷㄷ
1780572714053,앨범마다 향기 컨셉 ㄷㄷ
1780572714408,갸루 귀신이다~
1780572714539,미나미양.. 곱구려
1780572714762,일단 이뻐
1780572714847,플로럴 향
1780572714886,향 ㅋㅋ
1780572715000,죄다 이쁨
1780572715080,"리센느양.,"
1780572715334,요기 알고보니 비주얼 지림;;
1780572717127,앨범
1780572717158,{:d_94:}{:d_94:}{:d_94:}{:d_94:}{:d_94:}
1780572717834,앨범마다
1780572718266,앨범이네
1780572718546,구멍이 없긴 함
1780572718549,앨범
1780572719360,진땀 우희승
1780572719764,앨범 향이네
1780572719940,앨범이요
1780572720456,멤버 ㅋㅋ
1780572720558,앨범 ㅋㅋㅋㅋ
1780572720593,앨범의 향은 뭐야 ㅋㅋㅋ
1780572720604,ㅋㅋㅋㅋㅋㅋㅋㅋ
1780572720888,앨범에향이있어?
1780572721179,오
1780572721580,거제향
1780572721818,앨범이네
1780572722402,{:lck_1:}{:lck_1:}{:lck_1:}{:lck_1:}{:lck_1:}{:lck_1:}{:lck_1:}
1780572722440,캬ㅑ
1780572722909,미나미양..
1780572722975,앰버그리스가 무슨 향인가요
1780572723123,오
1780572723523,이건 새롭네
1780572723676,향이 나?
1780572723860,컨셉이 있구나
1780572724057,노래에 향기는 잇는데 한방이 없는
1780572724234,앰버그리스 뭔느낌임?
1780572724420,향 컨셉인[
1780572724453,앨범의 향
1780572724743,오
1780572725108,오
1780572725138,앨범에 향수 뿌려주나
1780572725199,<< 리자몽 향
1780572725342,이야 이건 첨알았네
1780572725373,컨셈 좋네
1780572725940,별게 다 있네
1780572726263,갸루향
1780572726291,난 갸루랑 파이리 있다는건 알아
1780572726861,경주 고윤정
1780572726896,거제 바다향
1780572727051,?
1780572727218,가사마다도 있음
1780572727280,이야
1780572727441,컨셉 좋은데요
1780572727649,플로럴이 머고
1780572727769,앨범향도 있네 ㅋㅋ
1780572727794,컨셉 좋네
1780572727981,멤버마다는 없어요
1780572728417,진짜 앨범에서 향 나면 재밌겠다
1780572728524,그른가?
1780572728785,앨범에 진짜 향도 나겠다
1780572729190,거제 굴 향
1780572729270,향이 뭐지
1780572729277,멤버마다는 없는데
1780572729477,리센느 노래 다 좋음
1780572729560,오 컨셉 좋네
1780572729650,거제 굴향
1780572729663,색이아니라 향으로 하네
1780572729829,겨향은 없네
1780572730489,그런컨셉이구나
1780572730555,신기하긴하네
1780572731062,컨셉에 진심인 편
1780572731158,컨셉 보소
1780572731180,성수임?ㅋㅋㅋㅋㅋ
1780572731232,향수도 파나
1780572731344,멤버다는 없는거같은데
1780572731765,신라향 갸루향
1780572731806,컨셉 좋다
1780572731865,킁킁킁
1780572731937,아뇨
1780572732366,리자몽 방구향
1780572733426,멤버마다도 있나
1780572733629,향토리 뭐야
1780572733667,엥 노래 꽤 되네
1780572733954,방귀향은 나가라 ㅋㅋㅋ
1780572733959,멤버는 없지 않아?
1780572734186,긍가
1780572734504,앨범에 향수 뿌려주나
1780572734820,앨범향 신박하네
1780572734914,앨범에 같이 넣어주나?
1780572734966,오 컨셉 괜찮네
1780572734981,갸루향
1780572735216,컨셉 확실하네
1780572735548,파이리
1780572735610,난 비누향~
1780572736007,갸루향 신라향 ㄷㄷ
1780572736191,그쪽 패티쉬셔?
1780572736696,거제 굴 향
1780572736914,향 이름 어렵다
1780572737405,거제 굴향 ㄷㄷ
1780572737573,신라향 ㄷㄷ
1780572737865,성수동인가봐
1780572737914,그때 향 얘기 하지 않았나?
1780572738216,거제내음
1780572738274,리자몽 나와주세요
1780572739088,근데 잘 어울리긴 해 노래랑
1780572739136,미지의 향으로~
1780572739199,거제향
1780572739235,이센스?
1780572739352,갸루향
1780572739403,이센스향 ㄷㄷ
1780572740181,엥
1780572740269,치바 갸루향
1780572740325,리자몽 방구향은 나가라
1780572740325,신박하네
1780572740364,거제향 갸루향
1780572740392,빈후ㅑㅇ
1780572740580,냄새 아이돌이네
1780572741197,야호~
1780572741291,윤미향 ㄷㄷ;;
1780572741303,비누향
1780572741316,파이리 향
1780572741356,ㅋㅋㅋㅋㅋㅋㅋㅋㅋㅋㅋㅋㅋㅋㅋㅋㅋㅋㅋ
1780572741602,룩삼 -> 리자몽 방구향 ㄷㄷ
1780572741763,거제 굴향 ㅋㅋ
1780572741936,앰버그리스가 먼데
1780572742165,비누
1780572743074,나도
1780572743780,거제 굴향 ㅇㄷ?
1780572743844,거제굴향
1780572743964,앰버그리스 ㅋㅋ
1780572744129,천혜향
1780572744238,오 둘의 연관점 리자몽 ㄷㄷ
1780572744476,나도
1780572744599,비누향 젖은 풀향
1780572744621,ㅋㅋㅋㅋㅋㅋㅋㅋㅋㅋㅋㅋㅋㅋ
1780572744678,피에?
1780572744900,앰버그리스가 뭐지
1780572745087,ㅋㅋㅋㅋㅋㅋㅋㅋ
1780572745103,멥버는 못본거 같은데
1780572745260,오이비누향.ㄷ
1780572745890,피에?
1780572746271,피에 젖은?
1780572746408,피?
1780572746508,피요?
1780572746582,피?
1780572746590,피?
1780572746684,ㅋㅋㅋㅋㅋㅋㅋㅋㅋㅋㅋㅋㅋㅋㅋ
1780572746708,피?
1780572746829,비젖풀
1780572747005,비요
1780572747055,피?
1780572747061,룩삼 >> 리자몽
1780572747105,피?
1780572747172,ㅋㅋㅋㅋㅋ
1780572747179,피?
1780572747197,피 ㄷ
1780572747236,피요..?
1780572747306,피?
1780572747345,피요?
1780572747370,피?
1780572747383,피?
1780572747386,피에젖은 ㄷㄷ
1780572747429,피에 ㅋㅋ
1780572747431,피?
1780572747567,피?
1780572747616,피?
1780572747619,피에요??
1780572747742,?
1780572747751,피에?
1780572747837,오이비누향
1780572747849,피는 임마
1780572747866,피?
1780572747870,피요?
1780572747931,피라니
1780572748015,피?
1780572748089,피?
1780572748106,피?
1780572748180,비
1780572748270,피에?
1780572748303,피 ㄷㄷ
1780572748319,피?
1780572748352,피?
1780572748369,피요??
1780572748385,?
1780572748489,피?
1780572748536,vldy?
1780572748547,피라뇨;
1780572748557,피?????
1780572748560,피요?
1780572748657,피?
1780572748702,피에 ㄷㄷ
1780572748730,피?
1780572748852,피?
1780572748876,피?
1780572748884,피?
1780572748900,피? ㅋㅋㅋㅋㅋ
1780572749064,피?
1780572749166,피에 젖은
1780572749355,피 아니고 비야 ㅅㅂㅋㅋ
1780572749364,피?
1780572749435,비인데요
1780572749478,피에 젖으면 어캐요;
1780572749508,피?
1780572749657,ㅋㅋㅋㅋㅋㅋㅋㅋㅋㅋㅋㅋㅋㅋㅋㅋㅋㅋㅋㅋㅋㅋㅋㅋㅋㅋㅋㅋㅋㅋㅋㅋㅋㅋㅋㅋㅋㅋㅋㅋㅋㅋㅋㅋㅋㅋㅋㅋㅋㅋㅋㅋㅋㅋㅋㅋ
1780572749669,피?
1780572749696,피?
1780572749720,군대향
1780572749721,피에 젖음 ㄷㄷ
1780572749733,피에 젖은 ㅋㅋ
1780572749803,피?
1780572749809,피는 ㅋㅋㅋㅋ
1780572749837,피?
1780572749885,비요
1780572749896,비야 피아니야
1780572749985,피에젖은?
1780572749996,피?
1780572750080,리자몽 내 머리속에서 나가
1780572750124,피에 젖은?
1780572750254,비
1780572750263,피에 젖은 ㄷㄷ
1780572750292,비
1780572750426,무서워요
1780572750432,ㅋㅋㅋㅋㅋㅋㅋㅋㅋㅋ
1780572750486,피요?
1780572750544,피?
1780572750551,비요
1780572750659,피 ㄷㄷ
1780572750699,비라고 ㅅㅂ
1780572750778,피요?
1780572750788,피;;
1780572750809,피에 젖은 풀잎은...
1780572750867,비
1780572750896,비요
1780572751041,헉
1780572751102,ㄷㄷㄷㄷㄷㄷㄷㄷㄷㄷㄷㄷㄷㄷㄷㄷㄷ
1780572751177,피에 젖었어요?
1780572751196,비누는 ㅇㅈ
1780572751197,피?
1780572751215,피에 젖은 ㅋㅋㅋㅋㅋㅋㅋㅋ
1780572751218,피에 젖은 ㄷㄷㄷ
1780572751262,피?
1780572751426,리자몽과 파이리의 만남이라
1780572751473,피에 왜 젖어요
1780572751897,피에 ?
1780572751989,피?
1780572752106,피는 ㅋㅋㅋ
1780572752268,비잖아요...
1780572752349,피?
1780572752389,피말고 비
1780572752475,무서워요
1780572752498,피?
1780572752612,갑자기 호러물이
1780572752634,??
1780572752684,새벽 이슬 향
1780572752709,무서워요
1780572752841,피?
1780572752889,비요 비
1780572753082,프로럴향 걍 꽃냄새아님?
1780572753094,피요?
1780572753156,피에 젖은ㅋㅋ
1780572753223,피??
1780572753251,피 ㄷㄷㄷㄷ
1780572753301,플로럴향은
1780572753370,피라뇨
1780572753388,피에젖은 ㅇㅈㄹ
1780572753421,헉
1780572753617,ㄷㄷㄷ
1780572753670,피에 젖은 ㄷㄷ
1780572753858,피/;;
1780572753998,피 아니고 비입니다
1780572754090,비 에요
1780572754177,피에 ..
1780572754202,음 철분냄새
1780572754448,피 아닌데요
1780572754546,피는 나도 몰루
1780572754655,플로럴도 몰라?
1780572754681,비요 비
1780572754714,비에젖은풀잎은 알지
1780572754723,피바라기당
1780572754736,무서워요
1780572754840,피에 젖은 무서워요 ㅠㅠㅠ
1780572755008,좀 무서워요 피는..
1780572755078,ㅎㄷㄷㄷㄷㄷㄷㄷㄷㄷ
1780572755113,무서워요..
1780572755224,블라디미르냐고 ㅋㅋ
1780572755249,무서워요
1780572755331,블라디 향 ㅋㅋ
1780572755544,피는 좀...
1780572755654,후라보노임마
1780572755721,피에 젖은 ㄷㄷ
1780572755817,전쟁광 ㄷㄷ
1780572755888,피요??
1780572756289,피에 젖은 습박ㅋㅋㅋㅋㅋㅋㅋㅋ
1780572756488,너 약 안먹엇냐?
1780572756597,피는 다들 몰라
1780572757216,피요?
1780572757329,너 사패냐??
1780572757525,베리는 알겠지~
1780572757583,피에 젖은 풀잎{:d_116:}
1780572757751,여기 빡센곳이구나
1780572757813,새벽이슬향이라면될듯ㄱ
1780572757906,피를 어케 알아
1780572758014,비염있음?
1780572758232,비
1780572758243,피는 좀 빡센 컨셉이네
1780572758809,헉
1780572758931,갑자기 호러?
1780572759171,인센스는 알걸
1780572759273,피에 왜 젖어요 ㅋㅋㅋㅋㅋㅋㅋㅋㅋㅋㅋㅋㅋㅋㅋㅋㅋㅋㅋㅋㅋㅋㅋㅋㅋㅋㅋㅋㅋ
1780572759870,왜 갑자기 호러물이
1780572760254,피에젖은 풀잎향 ㄷㄷ
1780572760292,블라디미르 ㄷㄷ
1780572760419,블라디임?
1780572760555,플로럴 알만하지 않냐?
1780572760756,피바라기ㄷㄷ
1780572760926,러너웨이 머지요
1780572761020,무서워요ㅠㅠㅠ
1780572761151,비를 보면서 피라고 읽네 ㅋㅋ
1780572761301,노안이에요?
1780572761813,롤 스킨 이름임?
1780572762136,피는 좀 무섭네..
1780572762543,전쟁광
1780572762729,약묵땨
1780572763059,담배 향
1780572763252,쌈이 럼블볼 안먹었나
1780572764087,캬
1780572764198,피는 비릿한냄새죠
1780572764728,적자날만하네
1780572765224,리자몽과 파이리의 만남
1780572765851,뭔가 판타지 소설됬어 ㅋㅋ
1780572767033,야호
1780572767931,머리속에는 비로 읽었을듯
1780572768958,바쁘다바빠
1780572769256,야호~
1780572770041,룩삼 야호~
1780572770195,800일
1780572770453,적자날만해 많이 앨범냇녜
1780572771134,활동에 들어볼래 들어가있나?
1780572771578,블라디 야호
1780572773273,야호~
1780572774620,신인이 아니었네
1780572774630,3년차
1780572774762,2년걸렸네
1780572774852,어제 800일
1780572774920,아다재팬뭐냐?
1780572775180,유튜브 떡상
1780572775713,좀 되긴함
1780572775884,야홍
1780572776763,이제야 빛본
1780572777896,야호~
1780572778470,투자 진짜 많이 해줬네
1780572778928,이제 터질때 되긴했어
1780572779911,무야호
1780572780214,엄청난 하입
1780572780680,맞지
1780572780806,들어볼래 나올때가 1년차인가
1780572781643,열심히 살았더라
1780572781658,50억 적자 진짜에요?
1780572782639,유튜브 키면 다 나옴 그냥
1780572782779,1주년때 나왔지 않나
1780572783027,그런건 카페에 올렸겠지
1780572783034,솔직히 여기서 못 떴으면 어려웠음 많이
1780572783230,2년만에
1780572783693,투자비 많이 썼네..
1780572785018,3년차
1780572786284,2년만에 떴다
1780572786741,허슬하셨는데
1780572787030,중소에서
1780572787154,야호로 뜬게
1780572787628,이제 카페글 보면됨
1780572787838,들어볼래때 봤었지
1780572789028,노래는 다 좋더라
1780572790631,노래는 계속 좋았었는데
1780572793540,야호~~
1780572794456,누가 정리안해줬먀
1780572796027,좋은 노래를 꾸준히 발매한게 진짜 큼
1780572797606,방송 기록에 들어볼래 찾아보지
1780572797861,나름 여기저기 나왔드라
1780572798708,캬
1780572799381,파이리당
1780572800003,12
1780572800211,캬
1780572800211,캬
1780572800268,대원이
1780572800757,파이리
1780572800768,대 원 이
1780572801104,캬
1780572801216,들어볼래가 진짜 오래됐더라...
1780572801273,1이
1780572801393,노래 뭐가 알려진게 없는데?
1780572801438,룩삼픽
1780572801467,거제 야호
1780572801469,내친구 파이리
1780572801964,캬
1780572802051,개이쁨
1780572802114,대 원 이
1780572802525,캬
1780572802693,파이리
1780572803049,캬~
1780572803484,연수 아저씨
1780572803518,원이
1780572803583,캬 거제파이리
1780572803643,캬
1780572803653,원이 야호~
1780572803780,정원이
1780572803898,파이리 개이쁨
1780572804294,파이리ㅎㅇ
1780572804352,ㅋㅋㅋㅋㅋㅋㅋㅋㅋㅋㅋ
1780572804379,파이리당
1780572804494,캬
1780572804511,ㅋㅋㅋㅋㅋㅋㅋㅋㅋ
1780572804544,원이씨는 그때도 이뻤음
1780572804662,파 이 리
1780572804881,난 엊그제인줄 알았는데
1780572804956,거제 야호
1780572805003,ㅋㅋㅋㅋㅋㅋ
1780572805066,ㅋㅋㅋㅋㅋㅋㅋ
1780572805118,파이리
1780572805213,파이리
1780572805476,캬
1780572805548,믿 힌 파이리당
1780572805563,파이리
1780572805641,룩잘알
1780572805667,거제 파이리
1780572805853,거제 파이리
1780572805895,파이리다
1780572805984,파이리
1780572806090,ㅋㅋㅋㅋㅋㅋㅋㅋㅋㅋㅋㅋㅋ
1780572806367,솔직히 들어볼래떄도 이쁘다고 생각했음
1780572806371,ㅋㅋㅋㅋㅋㅋㅋㅋㅋㅋㅋㅋㅋ
1780572806393,거제야호
1780572806599,파이리다 파이리
1780572806640,그쵸
1780572806897,대 원 이
1780572807014,ㅋㅋㅋㅋㅋ
1780572807177,안녕하세요원이입니다
1780572807194,안녕하세요원이입니다잘부탁드립니다
1780572807309,룩잘알
1780572807390,거제 마스코트
1780572807483,룩잘알
1780572807566,거제 파이리
1780572807843,대충도 아니고 아예 안봄 ㅋㅋ
1780572807881,ㅋㅋㅋㅋㅋㅋㅋㅋㅋ
1780572807886,ㅋㅋㅋㅋㅋㅋㅋㅋ
1780572808044,파 이 리
1780572808464,당연하죠
1780572808522,파이리당 ㅋㅋ
1780572808641,내친구 파이리
1780572808703,거제 파이리
1780572808709,파이리다
1780572808770,당연하지
1780572808887,파이리다
1780572808944,파이리 ㅋㅋ
1780572809113,캬
1780572809143,ㅋㅋㅋㅋㅋㅋㅋㅋㅋㅋㅋㅋㅋ
1780572809144,거제 야호
1780572809155,대충봐요
1780572809230,대 원 이
1780572809650,04거제 ㄷㄷ
1780572809766,정원이 아니고 정 원이
1780572809815,거제 파이리
1780572809965,거이리
1780572810185,음?
1780572810321,룩잘알
1780572810370,원이가 룩삼픽
1780572810527,캬~
1780572810577,캬
1780572811423,캬
1780572811666,파이리
1780572811677,캬
1780572811727,ㅋㅋㅋㅋㅋㅋㅋㅋ
1780572811860,ㅋㅋㅋㅋㅋㅋㅋ
1780572811893,?
1780572812000,ㅋㅋㅋㅋㅋㅋㅋㅋㅋㅋㅋ
1780572812203,ㅋㅋㅋㅋㅋㅋㅋㅋㅋㅋㅋㅋㅋㅋㅋㅋ
1780572812266,캬
1780572812437,거제~
1780572812614,ㅋㅋㅋㅋㅋㅋㅋㅋㅋㅋ
1780572812773,ㅁㅊ
1780572812805,ㅋㅋㅋㅋㅋㅋㅋㅋㅋㅋㅋㅋㅋㅋㅋㅋㅋ
1780572812805,?
1780572812821,예짜까
1780572813226,슴니즌 쏘구다
1780572813279,ㅋㅋㅋㅋㅋㅋㅋㅋㅋㅋㅋ
1780572813350,원이 운전연수 받는 거 재밌게 봤는데
1780572813365,내친구 파이리~
1780572813482,ㅋㅋㅋㅋㅋㅋㅋㅋㅋ
1780572813530,ㅋㅋㅋㅋㅋㅋㅋㅋㅋㅋ
1780572813616,거제 파이리 ㅋㅋ
1780572813676,난 모든걸 다안다 ㄷㄷ
1780572813851,예짜까
1780572813950,인간 파이리
1780572814136,스울가스나처럼 나왔네
1780572814398,안녕하세요원이입니다잘부탁드립니다
1780572814663,ㅋㅋㅋㅋㅋㅋㅋㅋㅋㅋㅋ
1780572815159,를 예상
1780572815213,ㅋㅋㅋㅋㅋㅋㅋㅋㅋㅋㅋㅋㅋㅋ
1780572815278,룩잘알
1780572815300,슴니ㅣㅣㅣㅣㅣㅣㅣㅣㅣㅣㅣ즌
1780572815348,ㅋㅋㅋㅋㅋㅋㅋㅋㅋㅋ
1780572815412,안녕하세요원이입니다잘부탁드립니다
1780572815552,대 원 이
1780572815695,룩잘알
1780572815880,왜 파이리임 ?
1780572816197,거제 야호
1780572816228,룩자몽과 파이리
1780572816597,고맙다 룩빡어ㅏ
1780572816929,거제아이돌
1780572817021,거제 야호~
1780572817072,캬
1780572817083,거제 파이리
1780572817220,후회막급 ㅋㅋㅋㅋㅋㅋㅋㅋㅋ
1780572817461,슴니즌ㅋㅋㅋㅋ
1780572817502,거제~ 야호~
1780572817515,거제 야호~
1780572817725,아기 리자몽
1780572817816,거제 야호
1780572817886,슴니즌 ㅎㄷㄷ
1780572818048,거제 야호
1780572818067,거제 출신 ㄷㄷ
1780572818251,레드 레이
1780572818264,거제 파이리
1780572818479,거제 야호~
1780572818596,예자ㅏㅏㅏㅏㅏ까
1780572818926,거제 야호
1780572819035,거제 야호~
1780572819157,불포켓몬 goat ㅋㅋ
1780572819521,거제 야호~
1780572819670,파 이 리
1780572819999,거제
1780572820198,야호~
1780572820253,거제 야호~
1780572820299,슴니ㅣㅣㅣㅣㅣㅣㅣ즌
1780572820433,팡이리당 ㅋㅋ
1780572820456,배타고 다니는 곳이네
1780572821422,거제~ 야호~
1780572821509,야호~
1780572822499,캬ㅑㅑ
1780572822602,경상도는 추천
1780572822885,거제 야호~
1780572823624,거제 야 호
1780572823953,거제 홍보대사 ㄷㄷ
1780572824581,야호~
1780572824753,룩자몽과 파이리
1780572825135,원이가 본명이었
1780572825230,거제~ 야호~
1780572825727,GOAT
1780572825815,룩자몽과 파이리~
1780572826150,거제 야호
1780572826276,거제 파이리ㅣㅣㅣㅣㅣㅣ
1780572826590,파이리
1780572826760,거제 파이리
1780572826870,거제 야호~
1780572826941,거제 야호
1780572827054,안녕하세요원이입니다
1780572827182,거제 야호~
1780572827286,원님이시구나
1780572827391,캬
1780572827704,거제 야호~
1780572827707,ㅈㄴ이쁘네
1780572827749,진짜 파이리 닮긴햇네
1780572827941,와 편도2시간이면..
1780572828012,파이리
1780572828441,거제 야ㅑ호
1780572829120,룩자몽과 파이리 ㄷㄷㄷㄷ
1780572829849,거제 굴톤
1780572830267,ㅈㄴ이쁘네 믿힌
1780572830926,"경상도는 인정이지.,..."
1780572830930,캬
1780572831520,맏언니ㅇㅇ
1780572831948,밥은줍니까
1780572832012,언니님
1780572832132,{:d_108:}{:d_108:}
1780572832931,파이리가 본명이 아니었네
1780572833356,밥은 줍니까
1780572834101,맏언니
1780572834315,맞네
1780572834550,룩자몽과 파이리 습박
1780572834739,캬
1780572835034,오
1780572835058,누?나
1780572835360,누나라뇨..
1780572835517,살림 차리고 싶나
1780572835907,"누나,,,"
1780572836177,리다 눈나
1780572836525,가시나 스울가스나처럼 나왔노
1780572837048,장녀 캬ㅑㅑ
1780572837296,유일한 20대
1780572837608,안원잘
1780572837977,개어리네
1780572838158,야호~
1780572838461,원이닉스
1780572838639,주지마ㅗ
1780572838674,맏언니
1780572838696,거제 야호
1780572838861,치아라 마
1780572839850,누?나
1780572839864,눈나
1780572840451,안원잘
1780572840706,마 살림차리고 싶나
1780572840968,늦게 시작했네
1780572841203,허리라인이 죽이는 원이
1780572841639,와 다 어리네
1780572842046,ㅆㅂ ㅋㅋㅋ
1780572842922,늦게 했네
1780572843077,와
1780572843219,고3 시작 ㄷㄷ
1780572843464,ㅋㅋㅋㅋㅋㅋㅋㅋㅋㅋㅋㅋ
1780572844248,ㅋㅋㅋㅋㅋ
1780572844359,ㅋㅋㅋㅋㅋㅋㅋㅋㅋㅋㅋㅋㅋㅋ
1780572844418,ㅋㅋㅋㅋ
1780572844541,캬
1780572844732,거제 파이리
1780572844841,와 레전드
1780572844946,디테일한거봐
1780572845133,와
1780572845175,ㅋㅋㅋㅋㅋㅋㅋ
1780572845205,ㄷㄷ
1780572845347,예쁘면 누나지 ㅇㅇ
1780572845460,ㅠㅠㅠㅠ
1780572845629,2000 2
1780572845867,와
1780572846010,편도 2시간 ㅋㅋㅋㅋ
1780572846261,ㅋㅋㅋㅋㅋㅋㅋㅋㅋㅋㅋ
1780572846311,키야
1780572846318,ㅋㅋㅋㅋㅋㅋㅋㅋㅋ
1780572846568,ㄷㄷㄷ;;
1780572846574,배타고 다니진 않았네
1780572846632,호무새의 고향.. ㄷㄷ
1780572846775,ㅋㅋㅋㅋㅋㅋㅋㅋㅋㅋㅋㅋ
1780572846833,ㄷㄷ
1780572846911,와
1780572847144,ㄷㄷ
1780572847160,ㄷㄷㄷ
1780572847314,거제 야호~
1780572847349,ㅋㅋㅋㅋㅋㅋㅋㅋㅋ
1780572847552,와;;
1780572847596,마 살림차리고 싶나
1780572847770,늦게 시작했네?
1780572847887,거제 야호
1780572848133,ㄹㅇ이가
1780572848266,파이리당ㅋㅋ
1780572848270,{:d_117:}{:d_117:}{:d_117:}{:d_117:}
1780572848560,와
1780572848579,캬
1780572848583,자수성가형 아이돌 ㅋㅋㅋㅋ
1780572848665,와
1780572848694,{:d_81:}{:d_81:}{:d_81:}
1780572848819,헉
1780572848894,부산원정
1780572849009,와
1780572849210,캬
1780572849248,ㅋㅋㅋㅋㅋㅋ
1780572849279,ㄷㄷ
1780572849896,디테일하네
1780572849906,거제 야호~!
1780572850301,ㄷㄷ
1780572850302,개씹재능
1780572850313,와...
1780572850392,캬
1780572850430,대단하네
1780572850485,리스팩
1780572850559,왕복 4시간 ㅎㄷㄷ
1780572850674,와
1780572850701,와
1780572850706,와우
1780572850759,캬
1780572850764,슬프다 야호 ㅜㅜ
1780572850824,허슬
1780572850836,고3이면 많이 늦긴하네
1780572851121,배 안탔나
1780572851209,?
1780572851378,캬
1780572851400,와
1780572851405,진짜 허슬 ㄷㄷ
1780572851406,두시간 와
1780572851682,바텀투더탑;;
1780572851781,캬
1780572852148,열정은 이거이거
1780572852153,캬ㅑㅑㅑㅑㅑㅑㅑㅑㅑㅑㅑㅑㅑ
1780572852159,와우
1780572852196,ㄹㅇ이가
1780572852286,리스펙
1780572852405,매일?
1780572852440,허슬러네 ㄷㄷ
1780572852449,ㄹㅇ 용자
1780572852466,2천번 디테일 머죠
1780572852562,편도 2시간?
1780572852711,이건 리스펙해야한다
1780572852752,편도 2시간 레전드
1780572852885,허슬
1780572852887,허슬
1780572853092,리스펙
1780572853254,넌 성공해라
1780572853494,ㄹㅇ이가
1780572853616,고등학교 졸업하고 데뷔한게 신의한수임
1780572853664,왔다리 갔다리
1780572853734,리스풱
1780572853783,버스를 2000번 탔다고???????????
1780572853839,와 대단하네;;
1780572853968,거제에서 부산은 빡센데
1780572854148,바럼투러탑
1780572854153,헉헉
1780572854188,넌 성공해라
1780572854390,ㄹㅇ 진심이네
1780572854516,넌 성공해라
1780572854802,부산 원정 ㄷ
1780572854988,배타고 다닌 게 아니네..
1780572855180,개 멋있네
1780572855251,리스펙 ㄷㄷ
1780572855334,편도 2시간 진짜 개빡인데
1780572855460,캬ㅑㅑㅑ 인간적이네
1780572855574,거제에서 부산가기 힘들긴해
1780572855610,진짜 허슬했네
1780572855629,ㅋㅋㅋㅋㅋㅋㅋㅋㅋㅋㅋㅋㅋ허슬
1780572855791,믿힌
1780572855854,부산행
1780572855963,허슬
1780572856026,리스펙
1780572856077,넌 성공해라
1780572856081,허슬...
1780572856115,넌 성공해라
1780572856218,A
1780572856490,힙합인데요?
1780572856601,ㄹㅇ
1780572856648,캬
1780572857125,와..
1780572857391,왕복 4시간 ㄷㄷ
1780572857534,이게 힙합이지
1780572857706,심지어 고3부터면
1780572857924,허슬러
1780572858162,호미인데?
1780572858559,성공해라 원이는
1780572858679,거가대교 없엇으면 아이돌 못햇다
1780572858900,왕복 4시간?
1780572859588,2000번 야호
1780572859762,리스풱!
1780572860009,왕복 4시간 ㄷㄷ
1780572860105,안원잘
1780572860503,매일 4시간다님?
1780572860952,힙합인데?
1780572860968,힙합이네
1780572861559,2000번버슫ㄷㄷㄷㄷㄷ
1780572861657,안원잘
1780572861725,왕복 4시간
1780572862471,안 원 잘
1780572862995,캬
1780572863318,안 원 잘 부
1780572863557,안원잘
1780572863642,하루 왕복4시간 쉽지 않네
1780572864120,아닌데?
1780572864286,캬
1780572864507,캬
1780572864714,그긴거
1780572864938,우왕
1780572865971,가시나 열씸히 살았네
1780572866326,안원잘
1780572866365,안원잘 ㄷㄷ
1780572866746,미남이
1780572866780,안 우너 잘
1780572866954,캬
1780572866994,커엽다
1780572867069,요새 황족아이돌 보다 낫다
1780572867153,안원잘부
1780572867537,미남이
1780572867654,캬ㅑㅑㅑ
1780572867655,요즘 개핫한 그 채널
1780572867795,야호
1780572868092,야호~
1780572868372,야호~
1780572868393,갸루귀신
1780572868569,캬
1780572869022,미나미 예뻐
1780572869314,갸루
1780572869326,야호~
1780572869434,미남이다
1780572869644,미남이씨
1780572869691,야호~
1780572869835,야호~
1780572869883,야호~
1780572869955,목성~야호
1780572870081,거제 야호~
1780572870120,치바 야호~
1780572870272,갸루상
1780572870511,거제 야호~
1780572870773,언어천재
1780572870821,미남이
1780572870847,갸루
1780572870860,캬
1780572870899,야호
1780572870989,파라파라나 춰야겠다
1780572871057,오
1780572871076,주인공
1780572871085,야호~
1780572871151,야~호
1780572871200,야호~~~~
1780572871249,와 갸루다
1780572871282,야호~
1780572871290,얗 ~ 호
1780572871561,오이데~
1780572871732,고트
1780572871826,야호~
1780572871953,갸루귀신 ㄷㄷㄷ
1780572872152,GOAT
1780572872205,파라파라좌
1780572872430,야호~
1780572872478,야호
1780572872670,갸루다
1780572872921,야호
1780572873048,야호
1780572873191,갸루네
1780572873368,치바 야호~
1780572873419,야호~
1780572873540,야~호~
1780572873651,야호~
1780572873670,한국인인데
1780572873747,난 한국인인줄알앗는데 진짜
1780572873944,야호
1780572873966,야호~
1780572874009,미나미노~
1780572874043,야호~~
1780572874044,미나미 야호~
1780572874088,야호~
1780572874098,룩삼 야호•~~~
1780572874257,치바 야호~
1780572874317,마떼루요~
1780572874339,야호
1780572874454,갸루커신
1780572874666,너보다 한국어 잘함
1780572874698,갸루상
1780572874707,언어천재 야호
1780572874736,파라파라나 춰야겠다 {:d_59:}{:d_59:}{:d_59:}{:d_59:}
1780572875040,대세죠
1780572875183,원희 채널 주인공이다
1780572875196,그냥 한국인 같던데 ㄹㅇ
1780572875329,안원잘
1780572875470,고트
1780572875536,진짜 잘하더라
1780572875649,거제야호~~~~
1780572875770,오이데~~오이데~~
1780572875873,미남
1780572875907,처음에 한국사람인줄
1780572876132,본주왔다
1780572876216,진짜 한국인인줄
1780572876321,야ㅏㅏ호~~
1780572876527,마떼루용
1780572876788,야호
1780572877071,파라파라나 춰야겟다
1780572877269,미나미 노래잘하던데
1780572877329,갸루 천재
1780572877585,야ㅑㅑ호
1780572877992,난 파라파라나 춰야지
1780572878062,야호
1780572878291,야호
1780572878450,거제~ 야호~
1780572879108,거제 야호
1780572879174,현지인아님?
1780572879275,저기서 한국말 제일 잘함
1780572879315,미나미가 대세다
1780572879342,진짜 한국인인줄 았어
1780572879618,거제 야ㅑㅑ호
1780572880305,갸루
1780572880815,갸루 고트
1780572880944,갸루커신
1780572881382,거제 야호~
1780572881572,컨셉 일본인인줄 알았는데 일본인이더라
1780572881723,진짜 주인공
1780572881892,야호~
1780572881895,안원잘부
1780572882426,야호~
1780572882678,갸루 GOAT
1780572882825,야호
1780572883688,야~ 호~
1780572884068,룩삼보다한국말잘함
1780572884544,대 나 미
1780572884649,거제~ 야~호~
1780572884824,거제야호~~~
1780572884827,{:d_59:}{:d_59:}{:d_59:}{:d_59:}{:d_59:}{:d_59:}{:d_59:}
1780572884990,룩삼이 읽는 동안 파라파라나 춰야지
1780572885088,거제야호~
1780572885363,갸루커신
1780572885468,갸루~
1780572886332,오이데~
1780572886574,야호~
1780572887251,갸루커신
1780572887418,솔직히 한국말 룩삼보다 잘함
1780572887842,팀에서 한국어 1등아님?
1780572887886,거제 야~호
1780572887991,갸루 천재.
1780572888198,갸루귀신ㅋㅋ
1780572888347,거제 야호~
1780572888364,진짜 주인공 ㅋㅋ
1780572888384,야~호~
1780572888442,1등공신
1780572888723,노래 뒤지게 잘함
1780572888889,갸루귀신
1780572889039,개이쁘네
1780572889094,야 호
1780572889184,야호
1780572889229,설렁탕 먹으면 퇴마 되던데
1780572889506,진짜 한국말개잘함
1780572889533,야 호
1780572889708,{:d_221:}{:d_127:}{:d_221:}
1780572889770,꺄루
1780572889871,야호~~~
1780572890412,야호~
1780572890514,오이데~
1780572890659,ㄹㅇ룩삼보다 한국말 잘함
1780572890714,맛떼루용
1780572890867,영상을 봐야함
1780572891004,룩삼 야호~
1780572891209,야호~
1780572891332,야호~
1780572891426,뭐함?
1780572891508,오이데 오이데~
1780572891522,ㅋㅋㅋㅋㅋㅋㅋ
1780572891590,ㅋㅋㅋㅋㅋㅋㅋㅋㅋㅋ
1780572891601,야호귀신
1780572891964,야호
1780572891982,룩삼 야호
1780572892014,룩삼 오이데~
1780572892037,ㅋㅋㅋㅋㅋㅋㅋ
1780572892079,소개할동안 파라파라나 춰야겠다
1780572892373,오이데~
1780572892628,갸루 얏 호
1780572893020,?
1780572893241,방과후 설렘 오디션 프로그램 출신임
1780572893465,갸루분장 개이쁨
1780572893673,어머니가 캬루 출신
1780572893700,예쁘다잉
1780572893783,거제야호
1780572893845,고개 ㅋㅋ
1780572894045,{:d_43:}{:d_43:}{:d_43:}
1780572894049,거제 야 호~~~~
1780572894189,갸루일때 모습이여서 못알아봐 ㅋㅋ
1780572894334,?
1780572894403,갸루
1780572894453,음?
1780572894547,한국말 너보다 잘함
1780572894750,닮앗
1780572895111,마뗴루용
1780572895211,?
1780572895220,물고기 물고기 오이데~~~
1780572895233,ㄱ갸루커신
1780572895302,( :
1780572895365,얏~호2
1780572895455,거제 야호~
1780572895496,마떼루용~
1780572895766,바이럴의 주인공
1780572895837,일본분이신가봐
1780572895903,ㅋㅋㅋㅋㅋㅋㅋㅋㅋㅋㅋ
1780572896156,?
1780572896333,물고기 오이데
1780572896436,이쁘시네...
1780572896443,거제 야호~
1780572896486,맛데루요
1780572896747,캬
1780572896780,오이데~~~
1780572896912,ㅋㅋㅋㅋㅋㅋㅋㅋㅋㅋㅋㅋㅋㅋㅋㅋㅋ
1780572896943,ㅋㅋㅋ
1780572897371,마떼루요~
1780572897731,ㅋㅋㅋㅋㅋㅋㅋㅋㅋㅋㅋㅋ
1780572897745,마떼루용~
1780572897779,방과후설렘출신
1780572897783,캬
1780572897795,제나양..
1780572897830,ㅋㅋㅋㅋㅋ
1780572897952,한국어 담당 일본인 ㅋㅋㅋㅋㅋㅋ
1780572898032,?
1780572898424,ㅋㅋㅋㅋㅋㅋㅋㅋㅋㅋ
1780572898456,까엉씨
1780572898774,신라공주
1780572898890,고개 십 ㅋㅋ
1780572899021,공주다 공주
1780572899246,고윤정
1780572899597,파라파라나 춰야겠다
1780572899777,캬
1780572900059,신라공주
1780572900142,여긴 45도
1780572900403,근데 나중에 영상 보셈 뜬 이유가 있음
1780572900474,제나양.....
1780572900497,거제 굴주먹 갸루귀신 신라공주 Lets Go
1780572900531,신라공주
1780572900609,경주
1780572900812,신라공주
1780572900816,신라공주다
1780572901081,경주 공주
1780572901151,공주님이당ㅋㅋ
1780572901258,신라 야호~
1780572901409,믿 힌 고윤정이당 ㅋㅋㅋ
1780572901835,영상을 안봐서 뭔지 모르네
1780572902026,야 고윤정
1780572902228,경주 고윤정
1780572902267,까엉이
1780572902295,신라공주
1780572902344,마뗴루용~
1780572902447,신라공주 ㅋㅋㅋ
1780572902616,방과후설렘 오디션 출신이 없네
1780572902889,신라 공주
1780572903158,신라공주
1780572903577,거~제~야~호~
1780572904021,신라공주
1780572904105,신라공주
1780572904231,신라공주
1780572904631,신라공주다
1780572904914,다 보컬일거임
1780572905215,신라공주님이당 ㅋㅋ
1780572905236,실력파들이라
1780572905481,캬
1780572905937,야 윤정아~~~!!!!
1780572906216,신라고윤정
1780572906709,한국어 담당 일본인 ㅋㅋ
1780572906715,신라공주님
1780572906787,신라 공쥬 ㅋㅋ
1780572907106,다 노래 잘하긴 하던데
1780572907333,신라 공주
1780572907389,신라공주
1780572907788,신라야호
1780572907961,이분은 첨인데
1780572908122,고윤정아니에요???
1780572908332,경주 고윤정 ㅋㅋ
1780572908474,이뻐
1780572908618,이분이 이쁘시더라
1780572908917,야 고윤정
1780572908999,메댄
1780572909205,신라공주
1780572909244,공식적으로 포지션 없는데
1780572909345,고윤정이당
1780572909632,신라 야호~~
1780572909663,신라공주ㅋㅋㅋ
1780572910008,신라 공주~~~~
1780572910131,:)
1780572910323,천년수도 신라 출신
1780572910371,공주당 ㅋㅋ
1780572910462,경주 야호~
1780572910554,91살라 vs 08신라
1780572910830,신라고윤정
1780572911032,다 지바ㅣㄴ가
1780572911074,신라고윤정
1780572911104,고윤정
1780572911122,캬
1780572911175,신라공주 ㅋㅋ
1780572911379,고윤정 아님?
1780572911666,까엉이~
1780572911823,경주라 ㅋㅋ
1780572912141,신라공주 ㄷㄷ
1780572912195,캬
1780572912266,고윤정?
1780572912519,신라공주 ㄱㅇㅇ
1780572912675,야 고윤정
1780572912832,신라 ㅋㅋ
1780572913171,신라공쥬당 ㅋㅋ
1780572913608,신라 야호~
1780572914118,신라공주ㅋㅋ
1780572914122,근데 별명이 다 지리긴하네
1780572914132,경주라서 신라인가?
1780572914334,고윤정아닌가요????
1780572914431,존예
1780572914574,유튜브에 나가야 데뷔임
1780572914776,까엉이
1780572914860,야 고윤정
1780572914949,고윤정~
1780572915039,신라고윤정
1780572915256,경주 고윤정
1780572915257,신라 고윤정 ㄷㄷ
1780572915611,( :
1780572915975,억랩이 없을걸
1780572915987,대 윤 정
1780572916105,야 고윤정
1780572916112,신라텐세~
1780572916170,신라 출신 ㄷㄷㄷ
1780572916223,경주 고윤정~~
1780572916358,신라고윤정
1780572916469,고윤증이
1780572916878,윤정아~~~~!!!
1780572916914,통일싡라ㄷㄷ
1780572916937,신라공주 ㅋㅋㅋㅋㅋㅋ
1780572917165,별명은 누가 드랍하는거임?
1780572917359,신라공주 ㅋㅋㅋㅋ
1780572918023,갱상도 둘
1780572918208,야 고윤정 ㅋㅋ
1780572918252,좀 조이느낌있다
1780572918846,고윤정
1780572918912,살라 진땀패
1780572918996,거제 파이리
1780572919026,야 신라 고윤정
1780572919266,야 고윤정
1780572919270,신라공주 좋네
1780572919404,까엉이
1780572919459,경주 고윤정
1780572919522,야 고윤정
1780572919575,까엉햄
1780572919920,아이다~!!!
1780572919926,까엉이다 까엉이
1780572920238,신 라 텐 세
1780572921031,경주라서 신라 ㅇㅇ
1780572921365,신라텐세 ㄷㄷ
1780572921401,"""야 고윤정"""
1780572921424,ㅋㅋㅋㅋ
1780572921747,뭐 퀘스트 깬거임?
1780572921793,야 고윤정
1780572921928,공주셔?
1780572921931,야 신라 고윤정
1780572922382,캐릭터들이 재밌네 ㅋㅋ
1780572922849,고구려도있나
1780572923459,다양하네 동네가
1780572923593,다 보컬이네
1780572924606,야 고윤정 ㅋㅋ
1780572925726,거제 신라 치바
1780572926137,{:d_108:}
1780572926241,다 시골이네
1780572926429,다 지방출신이네
1780572926816,연습생
1780572927095,다 동쪽이네 ㅋㅋㅋㅋㅋ
1780572928223,메이즈러너
1780572928588,다 지방이네 ㅋㅋ
1780572928742,연습생1
1780572928851,ㅋㅋㅋㅋㅋㅋㅋㅋㅋㅋㅋ
1780572929513,연습생1
1780572929529,ㅋㅋㅋㅋㅋㅋㅋㅋㅋ
1780572929661,연습생
1780572929764,ㅋㅋㅋㅋㅋㅋㅋㅋㅋ
1780572929957,연습생 메이즈러너
1780572929975,메이즈러너
1780572930541,메이즈러너
1780572930880,ㅋㅋㅋㅋㅋㅋㅋ
1780572930885,연습생
1780572930986,연습생
1780572931012,ㅋㅋㅋㅋㅋㅋㅋㅋ
1780572931110,ㅋㅋㅋㅋㅋㅋㅋㅋㅋㅋㅋㅋㅋㅋㅋㅋㅋ
1780572931308,연습생1
1780572931431,?
1780572931491,연습생 ㅋㅋㅋ
1780572931515,연습생1
1780572931519,ㅋㅋㅋㅋㅋㅋㅋ
1780572931520,ㅋㅋㅋㅋㅋㅋㅋㅋㅋㅋㅋ
1780572931624,ㅋㅋㅋㅋㅋㅋㅋㅋㅋㅋㅋㅋㅋㅋㅋㅋㅋㅋㅋㅋㅋㅋㅋㅋㅋㅋ
1780572931644,연습생 1
1780572931729,연습생
1780572931749,ㅋㅋㅋㅋㅋㅋㅋㅋㅋㅋㅋ
1780572931774,ㅋㅋㅋㅋㅋㅋㅋㅋㅋㅋㅋㅋㅋㅋㅋㅋㅋㅋㅋ
1780572931784,연습생1
1780572931794,등판 전 ㅋㅋㅋㅋㅋㅋㅋㅋㅋ
1780572931883,ㅋㅋㅋㅋㅋㅋㅋㅋㅋㅋㅋㅋㅋㅋㅋㅋㅋㅋㅋ
1780572931883,연습생
1780572931905,아직도 데뷔안했네
1780572931979,뭐 연습생임?
1780572932175,ㅋㅋㅋㅋㅋㅋㅋㅋㅋㅋㅋㅋ
1780572932236,ㅋㅋㅋㅋㅋㅋㅋㅋㅋㅋ
1780572932239,ㅋㄴㅋㅋㅋㅋㅋㅋㅋㅋㅋㅋ
1780572932250,ㅋㅋㅋㅋㅋㅋㅋㅋㅋㅋㅋㅋ
1780572932529,구상중
1780572932607,ㅋㅋㅋㅋㅋㅋㅋㅋㅋㅋ
1780572932731,연습생
1780572932751,ㅋㅋㅋㅋㅋㅋㅋㅋㅋㅋㅋㅋㅋㅋㅋㅋㅋㅋㅋㅋㅋ
1780572932817,ㅋㅋㅋㅋㅋㅋ
1780572932830,싹다 시골 ㅋㅋ
1780572932842,ㅋㅋㅋㅋㅋㅋ
1780572932875,ㅋㅋㅋㅋㅋㅋㅋㅋㅋㅋㅋㅋㅋㅋㅋㅋㅋㅋㅋㅋㅋㅋㅋ
1780572932888,부담 ㄷㄷ
1780572932990,ㅋㅋㅋㅋㅋㅋㅋㅋㅋㅋㅋㅋㅋㅋㅋㅋㅋㅋㅋ
1780572932991,ㅋㅋㅋㅋㅋㅋ
1780572932991,연습생
1780572932992,ㅋㅋㅋㅋㅋㅋㅋㅋㅋㅋ
1780572933011,ㅋㅋㅋㅋㅋㅋㅋㅋㅋㅋㅋㅋ
1780572933044,ㅋㅋㅋㅋㅋㅋㅋㅋ
1780572933081,ㅋㅋㅋㅋㅋ
1780572933091,ㅋㅋㅋㅋㅋㅋㅋㅋㅋㅋㅋ
1780572933104,ㅋㅋㅋㅋㅋㅋㅋㅋㅋㅋㅋㅋㅋㅋ
1780572933207,?
1780572933261,ㅋㅋㅋㅋㅋㅋㅋㅋㅋㅋㅋ
1780572933536,ㅋㅋㅋㅋㅋㅋㅋㅋㅋ
1780572933575,ㅋㅋㅋㅋㅋㅋㅋㅋㅋㅋㅋㅋㅋㅋㅋㅋㅋ
1780572933577,RP구상중
1780572933599,ㅋㅋㅋㅋㅋㅋㅋㅋㅋㅋㅋ
1780572933600,ㅋㅋㅋㅋㅋㅋㅋㅋㅋ
1780572933613,캬
1780572933673,데뷔 못함 ㅇㅇ
1780572933770,ㅋㅋㅋㅋㅋㅋㅋㅋㅋ
1780572933890,ㅋㅋㅋㅋㅋㅋㅋㅋㅋㅋㅋㅋㅋㅋㅋㅋㅋㅋㅋ
1780572933895,ㅋㅋㅋㅋㅋㅋㅋㅋㅋㅋㅋㅋㅋㅋ
1780572933916,ㅋㅋㅋㅋㅋㅋㅋㅋㅋㅋㅋ
1780572933951,연습생 1
1780572933958,ㅋㅋㅋㅋㅋㅋㅋㅋㅋㅋㅋㅋㅋㅋㅋㅋㅋ
1780572934075,ㅋㅋㅋㅋㅋㅋㅋㅋㅋㅋㅋㅋㅋㅋㅋㅋㅋㅋㅋㅋㅋㅋㅋㅋㅋㅋ
1780572934097,ㅋㅋㅋㅋㅋㅋㅋㅋㅋㅋㅋㅋㅋ
1780572934110,ㅋㅋㅋㅋㅋㅋㅋㅋㅋㅋㅋㅋㅋㅋㅋ
1780572934218,ㅋㅋㅋㅋㅋㅋㅋㅋㅋㅋㅋㅋ
1780572934232,습박ㅋㅋㅋ
1780572934246,개그맨이셔?
1780572934258,ㅋㅋㅋㅋㅋㅋㅋㅋㅋㅋ
1780572934662,ㅋㅋㅋㅋㅋㅋㅋㅋㅋㅋㅋㅋㅋㅋㅋㅋㅋㅋㅋㅋㅋㅋㅋㅋㅋㅋㅋㅋㅋㅋㅋㅋㅋㅋㅋ
1780572934722,미공개 캐릭 ㅋㅋ
1780572934736,정보없음 ㅋㅋ
1780572934738,너도 뭐하나해라
1780572934752,ㅋㅋㅋㅋㅋㅋㅋㅋㅋㅋㅋㅋ
1780572934804,연습생 1
1780572934878,메이즈러너
1780572934884,연습생 메이즈러너
1780572934952,ㅋㅋㅋㅋㅋㅋㅋㅋㅋㅋㅋㅋㅋㅋㅋㅋㅋㅋㅋㅋㅋ
1780572934958,ㅋㅋㅋㅋㅋㅋㅋㅋㅋ
1780572934973,ㅋㅋㅋㅋㅋㅋㅋㅋㅋㅋㅋㅋㅋㅋ
1780572935021,연습생 ㅠ
1780572935048,ㅋㅋㅋㅋㅋㅋㅋㅋㅋㅋㅋ
1780572935050,ㅋㅋㅋㅋㅋㅋㅋㅋㅋㅋㅋㅋㅋㅋㅋㅋㅋㅋㅋㅋㅋㅋㅋ
1780572935085,ㅋㅋㅋㅋㅋㅋㅋㅋㅋㅋㅋㅋㅋㅋㅋㅋ
1780572935096,ㄷㄱㄷㄱㄷㄱㄷㄱㄷㄱㄷㄱㄷㄱ
1780572935113,ㅋㅋㅋㅋㅋㅋㅋㅋㅋㅋㅋㅋ
1780572935201,설명이 ㅋㅋㅋ
1780572935215,연습생 1
1780572935226,구상중ㅋㅋㅋ
1780572935380,ㅋㅋㅋㅋㅋㅋㅋㅋㅋㅋㅋㅋ
1780572935570,ㅋㅋㅋㅋㅋㅋㅋㅋㅋㅋ
1780572935631,연습생 ㅋㅋ
1780572935648,연습생1
1780572935671,ㅋㅋㅋㅋㅋㅋㅋㅋㅋㅋㅋㅋㅋㅋㅋ'
1780572935683,연습생1
1780572935819,ㅋㅋ
1780572935820,연습생
1780572935930,?
1780572936004,진짜라는거임
1780572936033,연습생 1
1780572936043,유튜브가 본체셔?
1780572936051,메이즈러너 ㅋㅋ
1780572936123,ㅋㅋㅋㅋㅋㅋㅋㅋㅋㅋㅋㅋㅋㅋ
1780572936201,아니 안원잘부가 메인이야??
1780572936203,연습생 ㅋㅋㅋㅋㅋ
1780572936206,연습생입니다
1780572936311,ㅋㅋㅋㅋㅋㅋ
1780572936320,아빠깜
1780572936359,?
1780572936369,연습생 1
1780572936414,ㅋㅋㅋㅋㅋㅋㅋ
1780572936473,메이즈러너입니다
1780572936494,컨셉연승생
1780572936663,ㅋㅋㅋㅋㅋㅋㅋㅋ
1780572936676,유튜버셔?
1780572936834,예능그룹임?
1780572936844,캐릭터 구상해야하노 ㅋㅋ
1780572936892,메이즈 러너 ㅋㅋㅋ
1780572936905,연습생 1
1780572936918,아직 데뷔 안함;;
1780572936969,연습생1 ㅋㅋㅋ
1780572936980,ㅋㅋㅋㅋㅋㅋㅋㅋㅋㅋㅋㅋ
1780572937109,데뷔안함 ㅋㅋㅋㅋ
1780572937315,연습생 1
1780572937456,연습의 연습인거임
1780572937529,ㅋㅋㅋㅋㅋㅋㅋㅋㅋㅋㅋㅋ
1780572937540,ㅋㅋㅋ 오히려 저게 메인이 되었어
1780572937643,연습생1
1780572937720,?
1780572937811,ㅋㅋㅋㅋㅋㅋㅋㅋㅋㅋㅋㅋㅋㅋ
1780572937828,아 부담
1780572937860,부담...
1780572937878,캐릭터 구상 중 ㅋㅋㅋㅋㅋㅋㅋㅋㅋㅋ
1780572937885,아니 무슨 ㅋㅋㅋㅋㅋㅋㅋㅋㅋㅋㅋ
1780572937915,메이즈러너
1780572937960,부담감 ㅋㅋ
1780572937960,ㅋㅋㅋㅋㅋㅋㅋㅋㅋ
1780572937966,호시탐탐 ㅋㅋㅋㅋㅋㅋ
1780572937973,손톱 뜯는 중
1780572938052,연습생 ㅋㅋㅋ
1780572938107,ㄹㅇ 연습생이라 불림
1780572938216,ㅋㅋㅋㅋㅋㅋㅋㅋㅋㅋㅋㅋㅋㅋㅋㅋㅋ
1780572938218,나머지 둘 ㅈ댔어 ㅋㅋㅋㅋㅋㅋㅋㅋ
1780572938253,헉 ㅠㅠ
1780572938380,캐릭터 중요하지
1780572938468,연습생 1
1780572938697,연습생이셔
1780572938721,다른 멤버들 캐릭터가 확실해서 ㅋㅋㅋㅋㅋㅋ
1780572938738,야 잘해라
1780572938816,ㅋㅋㅋㅋㅋㅋㅋ
1780572939045,ㅋㅋㅋㅋㅋㅋㅋㅋㅋㅋㅋㅋ
1780572939061,살려만다오 ㅋㅋㅋㅋㅋㅋ
1780572939148,연습생;
1780572939176,연습생 ㅠㅠ
1780572939250,연습생ㅋㅋㅋㅋㅋㅋㅋㅋㅋㅋㅋㅋㅋ
1780572939295,rp 만드는중
1780572939330,ㅋㅋㅋㅋㅋㅋㅋㅋㅋㅋㅋㅋㅋㅋㅋ
1780572939341,아직 데뷔 안함?
1780572939365,?
1780572939390,너 뭐할래 ㅋㅋ
1780572939411,ㅋㅋㅋㅋㅋㅋㅋㅋㅋㅋㅋㅋㅋㅋㅋㅋㅋ
1780572939452,유튜브 연습생 ㅠㅠㅠㅠ
1780572939493,연습생
1780572939562,데뷔 못함 ㅋㅋ
1780572939665,RP ㅋㅋㅋㅋㅋㅋㅋㅋㅋㅋㅋㅋㅋㅋㅋㅋㅋ
1780572939957,ㅋㅋㅋㅋㅋㅋㅋㅋㅋㅋㅋㅋ
1780572939975,데뷔전
1780572939977,출연대기중
1780572939994,ㅋㅋㅋㅋㅋㅌㅋㅋㅋㅋㅋㄱㅋㅋㅋㅋ
1780572940133,rp 찾아야지
1780572940149,ㅅㅂㅋㅋㅋ
1780572940242,출연 연습생
1780572940309,압박감 레전드 ㅋㅋ
1780572940423,부담감 상승중 ㅋㅋ
1780572940478,연습생이냐고 ㅋㅋ
1780572940527,유튜버냐고 ㅋㅋㅋㅋㅋ
1780572940609,rp야?
1780572940631,메이즈러너 ㅋㅋ
1780572940706,연습생 1
1780572940711,아직 rp가
1780572940849,ㅋㅋㅋㅋㅋㅋㅋㅋㅋㅋㅋㅋㅋㅋㅋㅋㅋㅋㅋㅋㅋㅋㅋㅋㅋㅋㅋㅋㅋ
1780572940955,미공개
1780572940971,ㅋㅋㅋ뒤에 두명 힘들어 지금
1780572940979,연습생 (데뷔 2년차)
1780572940989,ㅋㅋㅋㅋㅋㅋㅋㅋㅋㅋㅋㅋ
1780572940993,메이즈러너
1780572941017,컨셉 구상중
1780572941021,연습생1
1780572941080,데뷔 전
1780572941156,연습생 1 이십니다
1780572941196,컨센충들 ㅋㅋㅋㅋㅋ
1780572941245,연습생
1780572941273,ㅋㅋㅋㅋㅋㅋㅋㅋㅋㅋㅋㅋ
1780572941374,?????????
1780572941460,개그맨이에요?
1780572941592,연습생1ㅋㅋㅋ
1780572941615,연습생임 ㅋㅋㅋㅋㅋ
1780572941615,ㅋㅋㅋㅋㅋㅋㅋㅋㅋㅋㅋㅋㅋㅋㅋ
1780572941718,케릭구상
1780572941833,등판을 안했어?
1780572941912,에?
1780572942012,연습생1
1780572942033,부담 100
1780572942047,연생 1
1780572942072,연습생 1
1780572942134,아니 그 유튜브채널이 메인이야?ㅋㅋ
1780572942218,연습생 1
1780572942348,야망있네
1780572942383,아직 데뷔 안했어요
1780572942577,부  담
1780572942732,원이가 다 쳐냈댘ㅋㅋㅋㅋㅋ
1780572942741,얼마나 재밌을까?
1780572942836,다시 데뷔해야되네 ㅋㅋ
1780572942947,노 젓는중 ㅋㅋㅋㅋㅋㅋㅋㅋㅋㅋㅋㅋㅋㅋㅋㅋㅋㅋㅋㅋㅋㅋㅋㅋ
1780572942992,rp 구상중ㅋㅋㅋㅋ
1780572942995,부담 지린다
1780572943124,연습생 1
1780572943147,연습생1
1780572943209,연습생(데뷔함)
1780572943339,그럴만하네 ㅋㅋㅋㅋㅋㅋ
1780572943407,진짜라는거임 ㅋㅋ
1780572943574,아직 데뷔안함
1780572943576,ㅋㅋㅋㅋㅋㅋㅋㅋㅋㅋㅋㅋㅋㅋㅋㅋㅋㅋㅋㅋ
1780572943699,연습생
1780572943736,{:d_126:}{:d_126:}{:d_126:}{:d_126:}{:d_126:}
1780572943792,연습생 1 ㅋㅋㅋㅋㅋㅋㅋ
1780572943827,유망주
1780572944284,리센느 연습생입니다
1780572944286,메이즈러너(예정)
1780572944339,이분들 유튜버임?ㅋㅋㅋ
1780572944404,벤치네...
1780572944431,연습생 ㅋㅋㅋㅋㅋㅋㅋㅋ
1780572944523,아직~ 우리한테 안익숙해요~
1780572944529,ㅋㅋㅋㅋㅋㅋㅋㅋ
1780572944563,호달댈
1780572944583,연습생
1780572944742,품앗이 해야지ㅋㅋㅋㅋㅋㅋㅋㅋ
1780572944834,구상 중 개웃기네
1780572945252,연습생입니다
1780572945375,손톱뜯는중 ㅋㅋㅋㅋㅋ
1780572945388,아직 알피가 ㅋㅋ
1780572945514,데뷔안함
1780572945569,메이님..
1780572945584,야…호ㅠㅠㅠ
1780572945626,ㄷㄱㄷㄱㄷㄱㄷㄱ
1780572945755,메이즈러너ㅋㅋ
1780572945768,{:d_106:}{:d_106:}{:d_106:}{:d_106:}{:d_106:}
1780572945784,네
1780572945809,머리 아플거야.. 스트레스 많이 받을거야...
1780572945828,부담 ㅈ되겠다
1780572945834,ㅇㅇ
1780572945892,메이즈러너
1780572945992,데뷔준비중
1780572946063,연습생임 ㅋㅋㅋㅋ
1780572946158,리센느 오피셜 채널 안원잘부 ㅋㅋㅋㅋㅋㅋㅋㅋ
1780572946183,부담100
1780572946184,네
1780572946336,연습생1
1780572946463,DLC
1780572946538,부담 되겠네 ㅋㅋㅋㅋ
1780572946553,rp 만드는중
1780572946569,데뷔전 ㅋㅋㅋㅋ
1780572946602,열심히 해라
1780572946649,부담감 MAX
1780572946682,ㅈ댔어 ㅋㅋㅋㅋㅋ
1780572946738,부담 ㅈ대겟음 ㄹㅇ ㅋㅋㅋㅋㅋ
1780572947175,데뷔전 연습생ㅋㅋㅋ
1780572947200,연습생인데요
1780572947214,언빡싱
1780572947275,부담백배 ㅋㅋㅋ
1780572947445,
1780572947467,ㅋㅋㅋㅋㅋㅋㅋㅋㅋㅋㅋㅋㅋㅋㅋㅋㅋㅋㅋㅋㅋㅋㅋㅋㅋㅋㅋㅋㅋ
1780572947875,연습?생
1780572947921,DLC셔 ㅇㅇ
1780572947948,;;;
1780572948003,DLC 습박ㅋㅋㅋㅋㅋㅋㅋㅋㅋㅋㅋㅋㅋㅋㅋㅋ
1780572948126,rp구상중
1780572948130,아직 연습생 ㅠㅠㅠㅠㅠ
1780572948316,노 젓는거예요~
1780572948441,메이즈러너로 데뷔함
1780572948541,리센느 연습생입니다 ㅇㅇ
1780572948610,일단 메이즈러너 이긴 한데 ㅋㅋㅋㅋㅋ
1780572948651,호달달....
1780572948803,미출시
1780572948887,부담스럽겠다
1780572949001,dlc 이러네 ㅋㅋㅋㅋㅋ
1780572949024,ㅋㅋㅋㅋ
1780572949057,연습생임
1780572949058,메이즈러너 예쩡이긴해
1780572949064,부담 ㅋㅋㅋㅋㅋㅋㅋㅋㅋㅋㅋㅋㅋㅋㅋㅋㅋㅋ
1780572949066,연습생1이야?
1780572949376,디엘시 ㅋㅋㅋ
1780572949499,dlc라고?
1780572949508,호달달
1780572949642,dlc ㅋㅋㅋㅋㅋㅋㅋㅋㅋ
1780572949803,연습생 1
1780572949957,사실 이분이 일본인임
1780572950073,DLC구나
1780572950107,데뷔 준비중
1780572950116,메이즈러너임
1780572950120,부담되겟다
1780572950156,아직 출시전입니다
1780572950164,메이즈러너 ㅠㅠ
1780572950249,벤치멤버
1780572950270,설명 이거맞아?ㅋㅋㅋ
1780572950402,유튜버임?
1780572950487,RP 정하라고 ~~
1780572950551,데뷔 못함 ㅠㅠ
1780572950604,데뷔못한 연습생
1780572950609,데뷔조여
1780572950704,열심히 해라 연습생
1780572950873,연습생ㅋㅋㅋㅋㅋㅋㅋㅋㅋㅋㅋㅋㅋ
1780572951047,개부담돼 ㅋㅋㅋㅋㅋㅋㅋㅋㅋㅋㅋㅋ
1780572951212,패치 전
1780572951292,애들 부담이 크다
1780572951318,연습생이셔?
1780572951322,부담 ㅋㅋ
1780572951366,아직ㄷ ㅔ뷔 안함;;\
1780572951384,부담된다
1780572951565,근데 곧 나와요
1780572951603,ㅋㅋㅋㅋㅋㅋㅋㅋㅋ
1780572951703,부담 많이 될거야
1780572951889,부담 지릴듯
1780572951958,DLC는 ㅋㅋㅋㅋㅋㅋㅋㅋㅋㅋㅋ
1780572952612,마치 릴딕
1780572953143,데뷔했지만 아직 데뷔를 안한
1780572953219,2년째 연습생
1780572953251,신라공주 갸루 거대산맥이 커
1780572953387,부담감 엄청나겠네 ㅋㅋㅋ
1780572953744,아직 데뷔안하셯어?
1780572953932,아 부담시러
1780572954469,헉...
1780572954668,부담 ㅈ됬다 ㅋㅋㅋㅋㅋㅋㅋㅋㅋㅋㅋㅋㅋㅋㅋㅋㅋㅋㅋㅋㅋㅋㅋㅋ
1780572954725,ㅠㅠㅠ 호달달....
1780572954807,노래 좋다
1780572954925,손톱 다뜯기는중
1780572955037,아 노젓는게아니라 노 구매부터 하는중 ㅋㅋㅋㅋㅋㅋㅋㅋㅋㅋㅋㅋㅋㅋㅋㅋ
1780572955273,개웃기네ㅋㅋㅋ
1780572955731,벤치
1780572955845,메이즈 러너
1780572956010,리센느 연습 연습생
1780572956036,누구든 부담감 디질듯
1780572956315,얼리 엑세스셔
1780572956575,유튜브 DLC긴 해 아직
1780572956660,호달달 다시 데뷔 준비해야되네 ㅋㅋ
1780572956936,내일 나오겠네 ㅋㅋ
1780572957199,유스셔?
1780572957574,메이즈러너셔
1780572957594,다음 DLC 언제나오냐
1780572957887,데뷔했는데 왜 고통을
1780572958131,불펜 달구는 중 ㅋㅋㅋㅋㅋ
1780572958339,네이버 프로필 ㅋㅋㅋㅋ
1780572958413,노래보다 중요한건 캐릭
1780572958449,안원잘부 연습생
1780572958474,ㅎㄷㄷ
1780572959227,얼마나 재밌을까 ㄷㄱㄷㄱ
1780572959277,개부담되겄네
1780572959418,미출시ㅋㅋㅋㅋ 습박 ㅋㅋㅋㅋㅋ
1780572960996,ㄹㅇ
1780572961718,ㅋㅋㅋㅋㅋㅋㅋㅋㅋㅋㅋㅋㅋㅋ
1780572961801,ㄹㅇ ㅋㅋ
1780572961869,ㅋㅋㅋㅋㅋㅋㅋㅋㅋㅋㅋ
1780572962108,메이즈러너로 나올예정
1780572962350,ㄹㅇ
1780572962394,ㅋㅋㅋㅋㅋㅋㅋㅋㅋ
1780572962447,ㅋㅋㅋㅋㅋㅋㅋㅋㅋㅋㅋ
1780572962524,확정이에여
1780572962525,철인캐릭터 있음
1780572962571,허기
1780572962725,ㄹㅇ ㅋㅋ
1780572962780,사기긴해
1780572963098,ㅋㅋㅋㅋㅋㅋㅋㅋㅋㅋ
1780572963288,부담감max
1780572963500,ㄹㅇㅋㅋㅋ
1780572963800,신캐 밸붕
1780572963849,헉;;
1780572963917,ㅋㅋㅋㅋㅋㅋㅋㅋ
1780572963932,헉 ㅋㅋㅋㅋㅋ
1780572964187,rp못정하심ㅠ
1780572964882,ㅋㅋㅋㅋㅋㅋㅋ
1780572965050,한마 유지로 급 ㄷㄷㄷㄷㄷ
1780572965192,위에가 너무 대박나서
1780572965270,그래서 못나오는중
1780572965352,앞에 3명이 다 터져서
1780572965506,큰거온다 두구두구
1780572965890,ㄹㅇ
1780572966043,ㄹㅇ ㅋㅋㅋㅋㅋㅋ
1780572966045,양대산맥
1780572966062,신캐 밸런스
1780572966107,부담많이되지
1780572966360,데뷔를 두 번 한다곳!!!
1780572966576,거제러너
1780572966674,이미 데뷔했는데
1780572966704,ㄹㅇㅋㅋ
1780572967010,오피캐릭터일듯
1780572967133,눈이 돌아잇음 일단
1780572967632,메이 존나웃긴데 ㄹㅇ..
1780572967818,앞에가 너무 빵터져서
1780572968104,갸루귀신 이겨야됨 ㅋㅋ
1780572968233,다음 패치에 나온대요
1780572968332,디엘시가 두개야
1780572968371,몇 개 들고 왔는데 원이가 거절했다고 했던 것 같은데 ㅋㅋ
1780572968894,너무 잘됐어 앞으로 ㅋㅋ
1780572969048,연습생2
1780572969217,앞에 갸루가 너무 괴물임
1780572969849,연샙승2
1780572970368,연습생2
1780572970508,갸루 신라공주 이겨야해
1780572970622,찐 연습생1
1780572971067,연습생2
1780572971198,리브샌박
1780572971448,아 하지마라!!
1780572971686,연습생2
1780572971701,연습생2
1780572971854,캬
1780572972234,ㅋㅋㅋㅋㅋㅋㅋㅋㅋㅋㅋㅋㅋㅋㅋㅋㅋㅋㅋㅋㅋㅋㅋㅋㅋㅋㅋㅋㅋ
1780572972249,ㅋㅋㅋㅋㅋㅋㅋㅋㅋㅋㅋㅋ
1780572972527,ㅋㅋㅋㅋㅋㅋㅋㅋㅋㅋㅋㅋㅋㅋ
1780572972529,구상중 ㅋㅋㅋ
1780572972679,가장 미친자 ㅋㅋㅋㅋㅋㅋ
1780572972775,ㅋㅋㅋㅋㅋㅋㅋㅋㅋㅋㅋㅋㅋㅋㅋㅋㅋ
1780572972956,ㅋㅋㅋㅋㅋㅋㅋㅋㅋㅋㅋㅋㅋ
1780572972963,ㅋㅋㅋㅋㅋㅋㅋㅋㅋㅋ
1780572972971,ㅋㅋㅋㅋㅋㅋㅋㅋㅋㅋㅋㅋㅋㅋ
1780572972997,ㅋㅋㅋㅋㅋㅋㅋㅋㅋ
1780572972998,ㅋㅋㅋㅋㅋㅋㅋㅋ
1780572973013,구상중 ㅋㅋ
1780572973101,연습생 2
1780572973139,ㅋㅋㅋㅋㅋㅋㅋㅋㅋㅋㅋ
1780572973173,ㅋㅋㅋㅋㅋㅋㅋㅋㅋㅋ
1780572973178,ㅋㅋㅋㅋㅋㅋㅋㅋㅋㅋㅋㅋㅋㅋㅋㅋㅋㅋㅋㅋㅋㅋㅋㅋㅋㅋ
1780572973180,ㅋㅋㅋㅋㅋㅋㅋㅋㅋㅋㅋㅋㅋㅋㅋㅋ
1780572973181,DLC 2개 ㅋㅋㅋㅋㅋㅋㅋ
1780572973207,DLC2
1780572973334,ㅋㅋㅋㅋㅋㅋㅋㅋㅋㅋㅋㅋㅋㅋㅋㅋㅋㅋㅋㅋㅋㅋㅋㅋㅋㅋㅋㅋㅋㅋㅋㅋㅋㅋㅋㅋ
1780572973454,ㅋㅋㅋㅋㅋㅋㅋㅋㅋㅋㅋㅋㅋㅋㅋㅋ
1780572973505,ㅋㅋㅋㅋㅋㅋㅋㅋㅋㅋㅋㅋㅋㅋㅋㅋㅋㅋㅋㅋㅋㅋㅋㅋㅋ
1780572973550,ㅋㅋㅋㅋㅋㅋㅋㅋㅋㅋㅋㅋㅋㅋㅋㅋㅋㅋㅋㅋㅋㅋㅋㅋ
1780572973604,연습생2
1780572973644,ㅋㅋㅋㅋㅋㅋㅋㅋㅋㅋㅋ
1780572973753,ㅇㅇ
1780572973867,연습생2
1780572973879,ㅋㅋㅋㅋㅋㅋㅋㅋㅋㅋㅋㅋㅋㅋㅋ
1780572973949,와 dlc가 2개나
1780572974221,연습생2
1780572974272,dlc2
1780572974287,연습생2
1780572974319,구상중2
1780572974352,연습생2
1780572974383,ㅋㅋㅋㅋㅋㅋㅋㅋㅋㅋㅋ
1780572974403,연습생 2
1780572974415,연습생2
1780572974474,{:d_221:}{:d_126:}{:d_221:}
1780572974597,ㅋㅋㅋㅋㅋㅋㅋㅋㅋㅋㅋ
1780572974756,ㅋㅋㅋㅋㅋㅋㅋㅋㅋㅋㅋㅋㅋㅋㅋ
1780572974825,DLC
1780572974957,디엘시 2
1780572974960,연습생2 ㅋㅋㅋㅋ
1780572975005,ㅋㅋㅋㅋㅋㅋㅋㅋㅋㅋㅋㅋ
1780572975010,연습생2
1780572975054,dlc 2
1780572975063,연습생 2
1780572975083,연습생2
1780572975085,어떡해 ㅋㅋㅋ
1780572975363,연습생 2
1780572975435,연습생 2
1780572975638,캐릭터 구상중이 웃기네 ㅋㅋ
1780572975650,신캐 2개 ㅋㅋㅋ
1780572975724,부담감 maxㅋㅋㅋ
1780572975879,수원의자랑
1780572975991,연습생이 2명인
1780572975996,연습생2
1780572976128,연습생2
1780572976155,구상중이셔?
1780572976362,연습생2
1780572976369,대기중
1780572976495,구 상 중
1780572976537,연습생 2
1780572976607,연습생2
1780572977064,또 신캐
1780572977256,언락
1780572977289,ㅋㅋㅋㅋ 부담되겠다 ㅋㅋ
1780572977324,오 신캐 2개
1780572977402,ㅋㅋㅋㅋㅋㅋㅋㅋㅋㅋㅋㅋ
1780572977511,ㅋㅋㅋㅋㅋㅋㅋㅋㅋ
1780572977655,차? 분?
1780572977658,ㅋㅋㅋㅋㅋㅋㅋ
1780572977730,DLC 2
1780572977766,ㅋㅋㅋㅋㅋㅋㅋㅋㅋㅋㅋㅋㅋㅋㅋㅋㅋㅋ\\\
1780572977799,캐릭 생성중;;
1780572978155,연습생이구나
1780572978258,연습생2
1780572978450,철권이네
1780572978654,부담감 좃대겠다...
1780572979136,연습생2
1780572979258,DLC2
1780572979413,연습생 2
1780572979485,철권같네
1780572979670,야…호ㅠㅠㅠㅠ
1780572979704,dlc 2
1780572979778,연습생 2
1780572979799,어떻게해
1780572980054,ㅋㅋㅋㅋㅋㅋㅋㅋㅋ
1780572980092,갸루랑 신라공주 이기기 쉽지않아 ㅋㅋㅋㅋㅋ
1780572980503,진경은씨
1780572980558,미공개야?
1780572980646,ㅋㅋㅋㅋㅋㅋ
1780572980769,게임에선 신캐가 사기캐지 ㅇㅇ
1780572981179,구상중ㅋㅋㅋ
1780572981291,dlc 2부작 진짜에요??
1780572981360,데바데야
1780572981526,개 부담 ㅋㅋㅋㅋㅋㅋ
1780572981798,신캐 2개 ㄷㄷ
1780572981875,알차네
1780572981979,dlc 2개나 있네
1780572982247,얘네들 예능찍음? ㅋㅋㅋㅋㅋㅋㅋㅋ
1780572982251,두개가 국룰이거든요
1780572982278,이어 2
1780572983137,철권이냐고 ㅋㅋ
1780572983421,수원의 자랑 리브
1780572983616,지들이 구상중인게 ㅈㄴ 웃김 ㅋㅋㅋㅋ
1780572983766,다 이쁘긴하네
1780572983946,해금 안됨 ㅋㅋ
1780572984119,coming soon
1780572984321,DLC2 ㅋㅋㅋㅋ
1780572984393,시즌패스 캐릭터
1780572984396,그냥 둘이 같이 나오는게 낫지않나
1780572984405,철권인가요
1780572984663,캬 DLC 기대된다
1780572984732,다 대박나서 부담되겠네 ㅋㅋ
1780572984923,순서는 아직 미정
1780572985504,부담 백배 ㅋㅋ
1780572986079,생성중
1780572986473,원래 초반엔 3인조가 맞아
1780572986731,이쁘다
1780572986855,DLC 두번 예정
1780572986884,안원잘부 ㅋㅋㅋㅋㅋ
1780572987116,안원잘부가 등용문이네
1780572987206,차?분
1780572987277,부담감 미칠듯ㅋㅋㅋㅋㅋㅋ
1780572987327,리브가 막보임
1780572987573,ㅋㅋㅋㅋㅋㅋㅋ
1780572987886,dlc ㅋㅋㅋ
1780572988050,쟤는 그래도 할거 잇긴해
1780572988085,철권 시즌패스
1780572988614,갸루 신라공주 어떻게 이길건데?
1780572988944,부담감 100
1780572988995,철권돌ㄷㄷ
1780572989372,무도에서 캐릭터 정하는거마냥 ㅋㅋ
1780572989470,어케이기노
1780572990081,그게 소개야?
1780572990216,일단 다이쁘네
1780572990569,물음표씨ㅋㅋㅋ
1780572990778,다 예뻐
1780572990865,갸루랑 신라공주가 캐릭터 잘잡았네 ㅋㅋㅋㅋㅋㅋ
1780572990954,어렵네
1780572991131,3인조 ㅋㅋ
1780572991496,진짜 얼마나재밋을까
1780572991677,dlc 2개가 국룰이긴하지
1780572992619,부담 100배
1780572993198,다 예쁘네
1780572993730,다들 아름다우셔
1780572994651,3인조그룹 ㅋㅋㅋ
1780572995120,데뷔 2년차 (미공개)
1780572995770,3인걸그룹이네요
1780572996397,갸루는 못이겨 ㅋ
1780572996825,나같으면 잠 못잔다
1780572997992,개이쁘네
1780572999340,설명 재미있게 잘했네
1780573002028,근데 얘넨 진짜 다 이쁘네
1780573002604,듀오 ㄷㄷㄷ
1780573003197,해금이구나
1780573003500,3+1+1
1780573003857,한명씩
1780573004276,컨셉잡고 나옴
1780573004323,두명씩나오긴함
1780573004355,한명씩 나오더라
1780573004847,원이 +
1780573005315,해금시스템이구나?
1780573005438,dlc지
1780573005696,비주얼멤버만 모아놓은 느낌이다
1780573005870,원이가 중심
1780573007185,2~3명씩
1780573007533,거제편 550만이네 미쳤네
1780573008184,원이 채널이라
1780573009471,거제파이리
1780573009483,갸루가 맨처음에떴음
1780573009777,ㅇㅇ
1780573010230,원이+@
1780573010288,원이가 떴음
1780573011082,원이 플러스 한명
1780573012112,원이 고정에 번갈아가면서 나옴
1780573012158,1명씩 나오던데
1780573012646,한승연포지션
1780573012943,ㅇㅇ
1780573012959,ㅇㅇ
1780573014443,ㅇㅇ
1780573014653,개인채널인데
1780573015369,그죠
1780573015392,원이가 채널주인
1780573016160,ㅇㅇ
1780573016288,ㅇㅇ
1780573016315,ㅇㅇ
1780573016646,원이채널에서 한명씩
1780573016713,ㅇㅇ
1780573016757,한명씩 컨셉잡고 나옴 ㅋㅋ
1780573016852,주인장이 파이리임
1780573017063,게스트형식
1780573017090,원이 야호~
1780573017236,원이가 여기저기 다 나갔어
1780573017403,섭캐들ㅇㅇ
1780573017539,ㅇㅇ
1780573017640,유튜브 채널
1780573018098,게스트엿음
1780573018365,ㅇㅇ
1780573018368,그냥 원이 채널임 ㅋㅋㅋㅋ
1780573018402,원이 채널에 미나미 리브 나옴
1780573018724,야호
1780573018845,야호
1780573019006,아닌데요
1780573019235,맞음
1780573019704,호스트가 원이임
1780573019778,원이 개인채널이야
1780573020280,원이가 채널
1780573021260,ㅇㅇ 대박쳐서
1780573021475,ㅇㅇ
1780573021649,맞음
1780573021998,아 그런컨셉?
1780573022153,사투리
1780573022226,원래 개인 채널하다가 대박떠서
1780573023121,파이리가 채널 주인이라
1780573023315,ㅇㅇ
1780573023768,조력자임
1780573023795,ㅇㅇㅇ
1780573023991,ㅇㅇ
1780573024144,ㅇㅇ
1780573024250,ㅇㅇ원이 자컨에서
1780573024410,게스트인데 원이님이~
1780573024917,갸루가 뺏음
1780573025165,ㅇㅇ
1780573025262,신캐
1780573025560,다 대박남
1780573025630,ㅇㅇ
1780573025700,맞음
1780573025725,신캐 계속 출시중
1780573026072,그지 게스트로 멤버가 한명씩 나오는거지
1780573026084,유튜브채널주인이
1780573026485,신캐 ㅋㅋㅋ
1780573026599,ㅇㅇㅇ
1780573026666,원이 갸루귀신 신라공주 그 외2
1780573026804,무슨 히든퀘스트야?ㅋㅋㅋㅋㅋ
1780573026884,ㅇㅇ
1780573027162,한명씩 해금
1780573027520,메이즈러너
1780573027687,메이즈러너임
1780573027948,dd
1780573027990,ㅇㅇ
1780573028050,사투리도 대박
1780573028171,나머지는 연습생
1780573028779,ㅇㅇ 맞음
1780573028808,신캐 2개남음
1780573028810,다 대박
1780573029093,신캐가 다 터진거지
1780573029232,ㅇㅇㅇ
1780573029558,멤버 홍보차
1780573029806,캐릭터 ㅈ되네 ㅋㅋㅋㅋㅋㅋㅋㅋㅋㅋㅋ
1780573029833,맞다
1780573029852,한명씩 해금하는건가봐
1780573030006,ㅇㅇ
1780573030009,신케 출시
1780573030157,야호~~~
1780573030733,ㅇㅇㅇ
1780573030946,신캐 출시
1780573031469,원래 그런것도 아닌데 걍 대박나버려서 부담에 못나오는중인거 ㅋㅋㅋ
1780573031675,설정이 거의 버튜버인데
1780573031696,뉴 챌린저!
1780573031697,ㅇㅇ
1780573031714,해금
1780573031743,커스텀 중입니다
1780573032277,ㅇㅇ
1780573032340,근데 다 대박났어
1780573032439,신캐 아직 2개남음 ㅇㅇ
1780573032736,한명씩 해금
1780573032742,순서도 딱 맞아
1780573032923,신라공주 웃기네 ㅋㅋㅋ
1780573033200,"갸루, 사투리 연습생1,2"
1780573033237,해금작
1780573033486,신캐 2개남음
1780573033879,채널주인은 원이 맞아
1780573034307,정해진건 아님
1780573034887,다음 캐릭 언제 해금됨?
1780573035145,해금중
1780573036342,철권식 해금
1780573036702,계획에 없던 건데 그렇게 된 듯
1780573037331,거기서 갑자기 빵떠서 남은 사람들이 좀 어려워짐 ㅋㅋ
1780573037376,연습생 1 2는 빠꾸먹어서 못나옴 ㅋㅋ
1780573037446,수원의 구운동의 자랑 리브
1780573037768,사투리도 재밌어
1780573037960,저거 이길수있냐
1780573039656,dlc 하나씩ㅋㅋㅋ
1780573039755,먹었어 ㅋㅋ
1780573039855,갸루랑 신라공주가
1780573040055,개대박
1780573040188,갸루귀신 캐리
1780573040242,갸루가 대박났음
1780573040460,갸루가 처음
1780573040866,한명씩 해금은ㅋㅋㅋ
1780573041030,갸루 신라를 어케 이겨 ㅋㅋ
1780573041445,갸루가 SSR 떠버림
1780573041570,원이가 운전연수하는거 많이 봤는데
1780573041746,진짜 쎄다
1780573041840,ㄹㅇ
1780573041895,압도적임
1780573042043,갸루가 아직도 op임
1780573042103,갸루 너무쌤
1780573042153,ㅇㅇ
1780573042225,좀 독보적
1780573042263,갸루고트
1780573042327,야 호
1780573042391,여기가 대박낫음
1780573042542,너무 빡임
1780573042688,저기가 ㄹㅇ 벽임
1780573042938,갸루가 개대박남
1780573043309,ㅋㅋㅋㅋㅋㅋ
1780573043343,근데 낼때마다 대박난..
1780573043410,미친 이오리급
1780573043600,Op야
1780573043866,대 효 리
1780573043902,갸루 초대박
1780573044028,갸루가  빵 떠버려서
1780573044220,이오리는 ㅇㅈ이지
1780573044354,갸루가 대박
1780573044404,ㅇㅇ
1780573044516,개잘됐음
1780573044706,ㅇㅇ
1780573044990,ㅇㅇ
1780573045436,ㄹㅇ
1780573045555,갸루가 너무쌤 ㅇㅇ
1780573045583,ㅋㅋㅋㅋㅋㅋㅋㅋㅋ
1780573045665,ㅇㅇ
1780573045704,거의 먹긴함
1780573045905,400만 찍음
1780573046224,ㄹㅇㅋㅋ
1780573046287,ㅋㅋㅋㅋㅋㅋㅋ
1780573046311,ㅇㅇ
1780573046433,봐보면 진짜재밌음
1780573046519,ㅇㅇ
1780573046604,ㅋㅋㅋㅋㅋㅋ
1780573046690,본진을 역전
1780573046694,ㅇㅇ
1780573046744,ㅇㅇ
1780573046808,ㅇㅇ
1780573046943,구글에 리센느 치면 저 두분 프로필 없음 ㅋㅋㅋㅋㅋㅋㅋㅋㅋㅋㅋ
1780573047498,초대박남
1780573047681,ㅋㅋㅋㅋㅋㅋㅋㅋㅋㅋㅋㅋㅋ
1780573047836,ㅇㅇ
1780573047882,라이브 보자
1780573048302,거의 동급임'
1780573048321,미친이오리
1780573048369,신라공주도 대박났는데
1780573048381,그냥 괴물임
1780573048395,초대박
1780573048459,ㅇㅇ
1780573048831,리센느 떳음
1780573048969,ㅇㅇ
1780573049574,ㅇㅇ
1780573049678,채널 주인 바뀜
1780573049721,아 이오리 ㅋㅋㅋㅋ
1780573050029,ㅇㅇ
1780573050238,사투리도 대박 ㅋㅋ
1780573050407,ㅋㅋㅋㅋㅋㅋㅋㅋㅋㅋㅋㅋ
1780573050454,캬
1780573050510,초대박남
1780573050764,미친 이오리 ㅋㅋㅋㅋㅋㅋ
1780573050772,떡벽임
1780573050846,거의 먹힐뻔
1780573051085,"ㅇㅇ 걍 잡아먹ㅇ,ㅁ"
1780573051236,개인 채널은 아님 제작사랑 기획사랑 다르대
1780573051491,갸루라이브
1780573051716,채널 먹을뻔
1780573051871,sss 떠버림
1780573052045,ㅇㅇ
1780573052228,미나미 개이쁘네
1780573052506,채널 먹힘 ㅋㅋ
1780573052637,갸루가 진짜 벽느껴짐
1780573052732,나루토 사스케
1780573052780,그냥 미친 이오리임
1780573053029,ㅋㅋㅋㅋㅋㅋㅋ
1780573053131,근데 그게 또 사투리가 역전함
1780573053178,진짜 재밌긴하더라
1780573053545,갸루가 더 인기임 ㅋㅋㅋ
1780573053607,사실 터트린 시발점임
1780573053890,갸루가 괴물임
1780573054085,뭣
1780573054444,영상을 보삼
1780573055605,채널 뺏길 위기
1780573055761,지금 조회수 400만넘어
1780573055916,사실 3명다 주인공느낌이긴함
1780573055970,안녕하세요 미나미입니다
1780573056287,ㅋㅋㅋㅋㅋㅋㅋㅋㅋㅋㅋㅋㅋㅋ
1780573056440,ㅋㅋㅋㅋㅋㅋㅋ
1780573056463,ㅋㅋㅋㅋㅋㅋㅋ
1780573056498,ㅜㅜ
1780573056633,갸루가 재밌어
1780573056718,이효리 야호~~~
1780573057153,갸루 괴물임
1780573057325,ㅋㅋㅋㅋㅋㅋㅋㅋㅋㅋㅋㅋㅋㅋㅋㅋㅋㅋㅋㅋㅋㅋㅋㅋㅋㅋㅋㅋㅋㅋㅋㅋㅋㅋㅋㅋㅋㅋ
1780573057345,헉
1780573057447,근데 거제편 보면 원이가 주인공 맞긴함
1780573057509,뭣
1780573057542,ㅋㅋㅋ
1780573057902,미친 이오리급임
1780573058163,뭣
1780573058421,아직 해금전이라 그렇구나
1780573058510,ㄹㅇ?
1780573058542,신라공주도 같이 대박났는데
1780573058733,ㄹㅇ?ㅋㅋㅋㅋㅋ
1780573058846,뭣
1780573058922,잘하기도 하고
1780573058951,뭣
1780573058998,ㅠㅠㅠ
1780573059045,헉..
1780573059433,데뷔를 안했는데요
1780573059561,그건 좀
1780573059586,ㅋㅋㅋㅋㅋㅋㅋㅋ
1780573059906,아직 데뷔도 안했네
1780573060004,미친이오리는 쎈대;;
1780573060307,그건 너무 슬픈데..
1780573060344,헉
1780573060449,ㅜㅜ
1780573060779,헉
1780573060829,구상중
1780573061843,너무해
1780573061964,ㅠㅠㅠ
1780573062036,근데 인기는 신라공주가 더 많던데
1780573062136,아직 연습생이라 사진 안 걸림 ㅠㅠ;
1780573062141,해금 전
1780573062371,걍 사황급떠버림
1780573062555,웃냐?
1780573062925,흠
1780573062967,ㅓㅎㄱ
1780573063102,채널을 뺏길 위기
1780573063311,전성기 그브급
1780573063567,헉
1780573064559,ㄹㅇ이가
1780573064640,;
1780573064941,ㅠㅠ
1780573065859,웃긴 게 아닌데...
1780573066615,해금전
1780573067523,까엉이
1780573067579,뭣
1780573068482,미출시
1780573069024,신라공주 저사진은 조이느낌도 난다
1780573069670,DLC라니 ㅋㅋㅋ
1780573070047,ㅠㅜ
1780573070293,ㅋㅋㅋㅋㅋㅋㅋㅋ
1780573070547,하트어택
1780573070634,할트어택
1780573071027,닉언급 해줏에ㅛ ㅠㅠ
1780573071081,해금이 안됨
1780573071470,dlc
1780573071847,그거 네이버 아님?
1780573072177,캬
1780573072227,러브어택 캬
1780573072331,하트어택
1780573072529,18 ㅋㅋ 나머지 록리셔 ㄱㅊ
1780573072576,헐트어택~
1780573072974,잠금해제
1780573073419,ㅋㅋ신캐
1780573074159,하트어택
1780573074441,dlc
1780573075044,노래 체급 좋음
1780573075268,하트어택
1780573075404,러 브 어 택 캬~
1780573076328,헐트어택
1780573076350,러브어택 노래좋아
1780573077033,미친이오리
1780573077186,핱어택
1780573077416,하트어택이다
1780573077828,...
1780573077952,서든어택 ㅋㅋㅋㅋ
1780573077977,하트어택
1780573078062,하트어택
1780573078251,이거 전에 들어봤잖아
1780573078949,할트어택
1780573079344,곧 다 뜨겠지~
1780573079504,하트어택~
1780573079588,러브어택함듣고가자
1780573080227,하트어택 내 심장을 공격해
1780573080292,핥어택~
1780573080632,저점매수 안한
1780573080655,하트어택 내 심장을 공격해
1780573080837,유튜브가 대박났지
1780573080870,하트어택 내 심장을 공격해
1780573081516,내심장을 공격해~
1780573081855,유튜브 보는게 젤 낫긴해
1780573082156,가락이 잡혀요
1780573083674,가라기
1780573084872,러브어택이 쌈이 들어볼래때 나온건가??
1780573084995,헐트어택~ 내 심장을 공격해~
1780573085786,할트 어택~
1780573086782,헕어택 내심장을 공격해
1780573087255,헐트어택 내 심장을 공격해
1780573087631,노래를 또 안 들어볼 수가 없겠죠
1780573088203,안원잘부
1780573088249,ODG
1780573088254,ㅇㅇ
1780573088269,파이리
1780573088831,안원잘부 영상 안보면 모름
1780573089056,ㅇㅇ
1780573089494,ㅇㅇ
1780573089582,멤버는 나오는데 사진이 없네 구글
1780573089616,치지직은 저점매수를 이미 했다는거임
1780573089651,히트를 빵~~
1780573089688,캬ㅑㅑㅑ
1780573089795,ㅇㅇ
1780573089971,ㄹㅇㅋㅋ
1780573090069,ㄴㄴ
1780573090333,ㅇㅇ
1780573090449,안원잘~
1780573091282,조회수 역대급 대박임 지금
1780573091592,안원잘부 숏츠 광고보면 미나미한테 광고 다 맡김
1780573091724,러브어택이랑 핀볼 함
1780573091878,ㅇㅇ
1780573092166,그 전에 운전연수
1780573092390,거기피디가 코어임
1780573092470,저 채널 보긴해야해
1780573092479,근원은 케이카임
1780573093062,저기가 본진 해처리구만
1780573093170,유튜브 숏츠라도 봐라
1780573093617,메인스트림임
1780573094020,ㅇㅇ 조회수 레전드임
1780573094068,근원지는 연수아저씨긴함
1780573094157,맞긴해
1780573094526,운전먼저지
1780573094540,그게 그룹 공식 채널보다 더 잘됨
1780573094669,원이가 걍 견인중이긴한데
1780573095616,삼촌들이랑 자동차 연수
1780573096173,원래도 내실을 잘쌓긴 했어
1780573096225,근원지는 케이카
1780573096322,근원지 맞지
1780573096486,핱어택 내 심장을 공격해
1780573096707,원래는 운전연수부터 아니여?
1780573096863,나는 연수 아저씨 부터 봤는데
1780573096872,연수아저띠
1780573096996,그전에는 운전연수
1780573097261,아닌데
1780573097528,꼬브기에 이은 파이리
1780573097536,어떻게이름이안원잘부
1780573097550,운전연수부터
1780573097673,안~들어볼수가 없 겠 죠
1780573097711,연수아저씨 아님?
1780573097728,연수아저씨
1780573098040,음... 더 뭐가 있긴한데
1780573098286,시작은 운전연수긴 해
1780573098319,운전연수부터 빌드업이지
1780573098947,ㅋㅋㅋㅋ
1780573099170,일단 야호~~~
1780573099235,근원은 다른데지
1780573099414,핫어택
1780573099600,연수아저씨가 근본인데 ㅠ
1780573099659,안원잘부 영상을 안보면 뭔지 모르지
1780573099852,근데 반응이 와서 시작된 유튜브긴 함
1780573099881,울 엄마도 저거 보더라 트로트만 보던 분인데
1780573099901,자동차 연수부터지
1780573100033,데뷔곡이 없네
1780573102105,캬
1780573102325,18위 ㅈㅉㅇㅇ?
1780573102592,나의 연수 아저씨 부터임
1780573102609,저 채널을 봐야되긴해
1780573102670,운전연수부터
1780573103657,ㅋㅇㅋ 봐야지
1780573103677,운전연수가 먼저긴 해
1780573103822,오 뭐야 18등임? ㄷㄷ
1780573104446,원래는 나의 연수아저씨가
1780573104788,핱어택
1780573105222,캬
1780573105259,여기저기 만힝 나왔더라
1780573105641,나의ㅜ연수 아저씨
1780573106049,노래도 들어봐야지
1780573106324,근원지는 이선민이랑 찍은 연수아저씨임
1780573106364,잘돼서 보기좋네
1780573106367,올
1780573106472,캬
1780573106553,연수아저씨의 빌드업이 있는데 ㄹㅇ
1780573106563,음 데뷔곡이없네
1780573106693,나의 연수 아저씨에서 원이 뜸
1780573106756,와
1780573107339,캬
1780573107538,1년만에 ㄷㄷ
1780573107629,하트어택 야호~
1780573108029,서 사 갑
1780573108195,캬
1780573108207,헐트어택
1780573108398,탑벡 재진입 두번한 곡
1780573108967,캬
1780573108997,캬
1780573109805,캬
1780573109883,데뷔곡 어디갔어
1780573109903,캬
1780573109907,운전연수 부터 보긴해야지 ㅇㅇ
1780573109939,이거거든
1780573110170,캬
1780573110199,캬
1780573110663,캬
1780573110683,하트어택
1780573110769,캬
1780573111381,그때 무대하심
1780573111548,하트어택~
1780573111624,이거 직접 봤잖아
1780573111741,캬
1780573111874,캬
1780573111933,캬
1780573112249,캬
1780573112330,노래좋아 벌써
1780573112465,하트어택 캬
1780573112466,아 휠클릭
1780573112835,하트어택
1780573112937,핥어택~
1780573113245,근데 노래도 좋음
1780573113363,이궈궈던 ㅋㅋㅋㅋㅋㅋㅋㅋㅋㅋㅋㅋ
1780573113399,캬
1780573113434,캬
1780573113537,노래 좋긴해
1780573113650,개 띵곡임
1780573113664,노래고트
1780573113691,캬
1780573113880,하트어택~ 내 마음을
1780573113995,캬 하트어택
1780573113999,이거 개좋아
1780573114418,굿
1780573114556,{:d_46:}{:d_46:}{:d_46:}{:d_46:}
1780573114577,캬
1780573114878,원이랑 선민삼촌 서사가 먼저 아님?
1780573114993,들어볼래그립네
1780573115017,이노래는 좋긴함
1780573115381,캬
1780573115468,아 이노래
1780573115501,굿
1780573115568,캬
1780573115615,갠춘
1780573115751,작아요
1780573115781,캬
1780573115880,ㄱㅊ
1780573116084,ㄱㅊ
1780573116107,소리좋음
1780573116263,굿
1780573116295,굿
1780573116302,와 본업모습 처음봐
1780573116450,귿
1780573116474,굿
1780573116510,작아
1780573116631,적당함
1780573116651,잘들림 ㅇㅇ
1780573116698,ㄱㅊ
1780573116728,굿
1780573116739,좋습니다
1780573116750,좋음
1780573116779,무대도봣던
1780573116798,오 윤희
1780573116840,좀 작음
1780573116889,좋아요
1780573116960,야호~~~
1780573117032,심장을 공격해~
1780573117124,조금 키워줘
1780573117129,들어볼래에서 들어봄
1780573117241,좋음
1780573117358,살짝 작은거같은데
1780573117367,좋음
1780573117425,작음
1780573117572,ㄱㅊ
1780573117613,이거 들은적 있는거같은데
1780573117774,좀 큰데
1780573117843,노래좋던데
1780573117870,ㄱㅊ
1780573117883,딱 좋은듯
1780573117987,너 직관햇자나
1780573118084,뒤지게이쁘네
1780573118162,좋음
1780573118231,굿
1780573118244,굿
1780573118277,와 예쁘다
1780573118338,굿
1780573118398,좋아요
1780573118432,좋아연
1780573118478,딱 좋아요
1780573118488,쏘구다
1780573118784,지금 17위네?
1780573118878,ㄱㄱ
1780573119261,직관한 노래 ㅋㅋ
1780573119320,캬
1780573119525,좀 작은데
1780573119782,캬
1780573119809,직접 보셨잖아~
1780573119913,ㄱㅊ
1780573120276,괜춘
1780573120317,캬
1780573120589,아는 노래네
1780573120713,이노래는 걍 좋음
1780573120735,안무가 좀 별로던데
1780573120845,더크게
1780573120943,알아서 조절가능
1780573121155,원이 이쁘당
1780573121203,이쁘다잉
1780573121286,이거 들어볼래에 나온노래다
1780573121389,와
1780573121430,작은데
1780573121450,작음
1780573121565,이 곡이 제일좋더라
1780573121774,여름에 딱이야
1780573122308,이거 들어봤자나
1780573122560,ㄱㅊ
1780573123149,{:d_49:}{:d_49:}{:d_49:}
1780573123200,이거 역주행 했을 때 들어볼래 나온거긴 함 ㅋㅋㅋㅋㅋㅋ
1780573123235,이거 룩삼님 예전에 들었던거 같은데
1780573123643,좋라요
1780573123679,야호~
1780573124168,약간 작은듯?
1780573124290,살짝 작음
1780573124435,갸루 ㄷㄷ
1780573124764,정석이네
1780573124768,넌 봤잖아
1780573124928,그때 무대도 했었음 들어볼래에서
1780573125184,어 여기는
1780573125353,당신 2미터에서 직관함
1780573125381,좋은데
1780573125413,한채영?
1780573125687,야호~
1780573125854,뮤비 처음보네
1780573126243,미나미 이목구비 어흐..
1780573126245,거제~야호
1780573126279,이거 2년전노랜데
1780573126506,소리 약간 작음
1780573126553,뮤비 첨 본당
1780573126576,이거 룩삼 직관했잖아
1780573126671,갸루 지리네
1780573126710,직접 본 거 아님? ㅋㅋ
1780573126774,야호~
1780573126924,이 노랜 무난하게 낫베드
1780573127049,야호~
1780573127132,좀만 키워 목소리보다 작음
1780573127290,이게 본업이라고?
1780573127314,제철이네
1780573127570,님 직접 봤잖슴
1780573127583,근데 이노래 그때 룩삼은 싸비가 힘빠진다그랬는데 ㅋㅋ
1780573127974,너 mc할떄 한거아님?
1780573128014,살짝 작음
1780573128382,직접 본거잖아
1780573129244,지금 17위래
1780573129463,야호
1780573129548,좀 작아
1780573129769,더올라라
1780573129819,노래 좋더라잉
1780573130019,좀더 올려주십쇼
1780573130493,안무가만 비싸게 하면 완전 더 뜰듯
1780573130499,이제 다 누군지 안다
1780573130579,야호~
1780573130909,니가 후렴듣고 뭐라뭐라 했잖아
1780573130979,기억못할듯
1780573131318,굿
1780573131459,난 이게 젤 좋긴 하더라 ㅇㅇ
1780573131894,이거 무대 햇자나
1780573132193,굳
1780573132585,이노래 좋음
1780573132685,굿
1780573132839,뮤비도 봤음
1780573133552,<<<<<<< 기억에서 삭제도미
1780573133687,저번에 얘네들 신곡 들엇는데 보컬좋은데 너무 작게햇다고 평햇지
1780573134192,딱이다
1780573134386,들어볼래에서 들었지~
1780573134741,그때도 나와서 이거했음
1780573135493,굳
1780573136722,이건 직접 봤는데
1780573136835,너 들었잖아
1780573136893,당연히 까먹었죠
1780573136908,들어볼래에서 들어봤잖아
1780573137194,중소인데 미국 로케네
1780573137816,17위라고?
1780573138132,직접 봐놓고 기억삭제
1780573138965,왜 룩삼이 그걸 기억할거라 생각하지
1780573139226,비트 좋다
1780573139287,이거 직접봤잖아
1780573139490,<<<<<<< 기억못할듯
1780573139764,아 진짜 이노래는 우리가 먼저 알았는데
1780573140494,들어볼래에서 라이브보지않음?
1780573141276,스트롱 스트롱
1780573142726,대 신 라 공 주
1780573143911,치지직 저점매수 ㅋㅋ
1780573144101,17위ㄷㄷ
1780573144193,당연히 까먹지 ㅋㅋ
1780573144196,체이시이잉
1780573144314,핀볼인가 그게 좋다고햇엇어
1780573144337,뮤지직때 이거했구나
1780573144410,할트어택~내 심장을 공격해~
1780573144572,노래는 그때도 좋았는데
1780573144791,캬
1780573144794,슴슴하이
1780573144802,룩삼 절대 기억못하지
1780573144836,뮤비도 보고 좋다고 함
1780573144907,이노래는진짜좋음
1780573145138,1 2 3 4
1780573145226,당연히 까먹죠~
1780573145386,{:d_109:}{:d_109:}{:d_109:}{:d_109:}{:d_109:}{:d_109:}{:d_109:}
1780573145479,이거들어볼래에서했던거같은데
1780573145957,간다
1780573146237,까먹음?
1780573146419,온다
1780573146437,캬
1780573146806,ㄹㅇ
1780573147303,뮤 지 직
1780573147422,캬ㅑㅑㅑ\
1780573147605,캬ㅑㅑㅑㅑㅑ
1780573147778,라잌미 라잌미~
1780573147868,캬
1780573147940,캬
1780573148093,캬
1780573148283,캬
1780573148544,캬
1780573148564,캬
1780573148567,캬
1780573148646,캬
1780573148660,캬
1780573148661,캬
1780573148661,ㄹㅇ
1780573148747,여기 대펴가 티아라 소속사 였다는데
1780573148860,오우
1780573148934,캬ㅑ
1780573149146,카
1780573149192,캬ㅑㅑ
1780573149237,캬~~~
1780573149462,처음 듣는 중
1780573150091,{:d_42:}{:d_42:}{:d_42:}
1780573150134,캬
1780573150225,캬
1780573150321,그때도 이미 역주행한거임
1780573150326,이거
1780573150382,캬
1780573150456,캬
1780573150461,캬ㅑㅑ
1780573150487,{:d_59:}{:d_59:}{:d_59:}{:d_59:}
1780573150720,캬ㅑㅑ
1780573150743,{:d_60:}{:d_60:}{:d_60:}{:d_60:}{:d_60:}
1780573150750,훅 괜찮네
1780573151082,{:d_94:}{:d_94:}
1780573151089,아 이거구나
1780573151106,캬ㅑㅑㅑ
1780573151171,캬 이거구나
1780573151193,캬
1780573151361,아
1780573151389,캬
1780573151507,ㄹㅇㅋㅋ
1780573152089,노래 좋다
1780573152343,캬
1780573152407,아 여기 좋다
1780573152636,캬
1780573152727,후욱후욱 우리가 먼전데 우리가 먼저알았는데
1780573152750,캬ㅑㅑㅑㅑㅑㅑㅑㅑㅑ
1780573152827,뽀여줘~
1780573152830,캬
1780573152835,들어봣는데?
1780573152961,아 이거구나
1780573153005,들어볼래 버젼으로 보죠
1780573153316,캬
1780573153410,청량하다
1780573153474,캬 여름이다
1780573153638,뮤 지 직
1780573153912,메인 라인이 오지긴하네
1780573154076,캬
1780573154201,아아
1780573154235,후욱후욱
1780573154446,캬~
1780573154658,야호~~~
1780573154800,{:d_49:}{:d_49:}{:d_49:}{:d_49:}{:d_49:}{:d_49:}
1780573155031,{:d_59:}{:d_59:}
1780573155084,ㄹㅇ
1780573155093,이거 광고 때리던거
1780573155119,캬ㅏㅏㅏ
1780573155177,어우 비누냄새
1780573155396,ㅇㅇ
1780573155430,공쥬당 ㅋㅋ
1780573155449,캬
1780573155456,ㄹㅇ
1780573155464,처음 들음?
1780573155478,ㅇㅇ
1780573155515,{:mlb_76:}{:mlb_76:}{:mlb_76:}
1780573155570,캬
1780573155618,이건 진짜좋음
1780573156059,ㄹㅇ
1780573156094,캬
1780573156155,캬
1780573156172,이건 진짜 우리가 먼전데
1780573156348,캬
1780573156514,ㅋㅋㅋㅋㅋㅋ
1780573156713,아 이 노래구나
1780573156723,상큼허이~
1780573156778,캬
1780573156864,끄덕
1780573156866,{:d_94:}{:d_94:}{:d_94:}
1780573156868,{:d_94:}{:d_94:}
1780573156984,여름이다 여름
1780573157031,캬
1780573157170,ㅋㅋㅋㅋㅋ
1780573157264,캬
1780573157308,그니까
1780573157349,오
1780573157437,{:chky_1:}{:chky_1:}{:chky_1:}{:chky_1:}{:chky_1:}
1780573157457,캬
1780573157551,캬
1780573157594,캬
1780573157753,라이브
1780573157864,미지의 세계로~
1780573157903,우리 봤자나~~
1780573158014,부럽네요
1780573158227,부럽다
1780573158248,개부럽ㅈ네
1780573158334,기억하는구나?
1780573158343,캬
1780573158381,캬
1780573158464,캬 ㅋㅋ
1780573158589,캬
1780573158618,오 기억해요?
1780573158869,저점매수의 신
1780573158898,부럽다
1780573158908,캬
1780573158973,{:d_60:}{:d_60:}{:d_60:}{:d_60:}{:d_60:}{:d_60:}
1780573159072,캬
1780573159343,오 기억나는구나
1780573159373,개부럽다
1780573159472,노래좋타
1780573159514,ㅋㅋㅋㅋㅋ
1780573159600,부럽다
1780573159604,개부럽다
1780573159676,캬
1780573159700,<<< 옆에 있었음
1780573159706,{:d_60:}{:d_60:}{:d_60:}{:d_60:}
1780573159750,옆에서 ㅋㅋㅋ
1780573159757,ㅇㅎ
1780573159857,부럽다
1780573159861,들어볼래에서 봤거든요 ㅇㅇ
1780573159901,그러네
1780573159911,캬
1780573159930,캬
1780573159982,맞음
1780573160047,개부럽다 저점매수
1780573160143,라이브로 바로 ㄷㄷ
1780573160171,캬
1780573160270,기억을 한다고?
1780573160331,캬ㅐ
1780573160534,ㅋㅋㅋㅋㅋㅋㅋㅋㅋㅋㅋㅋㅋㅋㅋㅋㅋㅋㅋㅋㅋㅋㅋㅋㅋㅋㅋㅋㅋㅋ캬
1780573160781,이거엿네
1780573160852,ㄹㅇㅋㅋ
1780573160866,부럽
1780573161051,캬
1780573161078,캬
1780573161183,영상도 봄 ㅋㅋㅋㅋ
1780573161223,캬
1780573161232,캬
1780573161250,개부럽다
1780573161358,부 러 워
1780573161366,캬
1780573161389,캬
1780573161390,영상도 봄
1780573161396,캬
1780573161542,으으 부러워
1780573161577,ㅋㅋㅋㅋㅋㅋ
1780573161629,들어볼래
1780573161629,캬
1780573161646,우리도
1780573161658,부럽네...............
1780573161739,캬
1780573161740,부럽
1780573161887,부럽다
1780573161996,구석에서 ㅋㅋ
1780573162026,캬
1780573162272,ㄹㅇㅋㅋ
1780573162305,개부럽
1780573162332,영상도 봤어
1780573162343,부럽다
1780573162395,부럽다
1780573162416,캬
1780573162416,부럽네
1780573162460,부럽네
1780573162503,저점매수 ㅋㅋ
1780573162528,불버다
1780573162822,치지직 영상 보자
1780573162874,캬
1780573162984,와
1780573163286,캬
1780573163308,그건 부럽네
1780573163409,캬
1780573163431,캬
1780573163525,ㅋㅋㅋㅋㅋㅋㅋㅋㅋㅋㅋㅋㅋㅋ
1780573163639,인생업적
1780573163719,오 기억하네
1780573163745,부럽다
1780573163790,ㅈㄴ부럽네
1780573163934,부럽다 부러워
1780573164105,캬
1780573164123,저점매수
1780573164154,바로 옆에서
1780573164170,저잼매수 머냐고
1780573164200,라이브 잘해
1780573164286,캬
1780573164320,캬ㅑㅑㅑㅑㅑㅑ 기억하는구나
1780573164388,개부럽
1780573164405,{:d_109:}{:d_109:}{:d_109:}
1780573164421,이걸 라이브로 들었다는게 ㄹㅇ
1780573164444,저점매수의 신
1780573164525,대 목 성
1780573164749,ㄹㅇ ㅋㅋ
1780573164813,부럽다 쌈아
1780573164998,그땐 관심없었잖아
1780573165101,ㅋㅋㅋㅋ꺼드럭
1780573165136,바로 옆에서 직관
1780573165141,캬
1780573165254,내친구 센느
1780573165271,부러운 생퀴
1780573165917,오 편집
1780573166102,우리가 먼저 봤는데
1780573166145,우리도 라이브봤어
1780573166239,이거 나올떄 따끈할뗴ㅒ
1780573166248,으으
1780573166251,미나미 조온나이쁘네
1780573166370,들어볼래
1780573166421,미나미 어흐
1780573166427,이걸 직관했어
1780573166605,부럽다
1780573166710,ㄹㅇ 초저점 매수
1780573167280,<<< 기억안남
1780573167353,캬
1780573167495,저점매수 부럽
1780573167587,부럽ㅁ네
1780573167619,영상 본 건 까먹었구나..
1780573167903,우리가 먼저 알았는데
1780573168131,끄덕끄덕 너무 귀여워~~
1780573168348,치지직 다시보기
1780573168916,캬
1780573168981,저점매수 성공
1780573169030,저점매수의신
1780573169078,들어볼래 버전으로 함더 볼까요
1780573169874,기억을 한다고...?
1780573170068,들어볼래에서 라이브 한게 레전드 녹화인줄알앗어 그때
1780573170238,최저점매수
1780573170325,지금은 보고싶어도 못본다
1780573170420,저점매수 ㅋㅋ
1780573170510,저점매수 ㄷㄷ
1780573170528,제발 리센느 초대석
1780573170533,들어볼래 저점매수의신
1780573170569,직관러
1780573171401,저점매수의신 ㅋㅋㅋ
1780573172157,저점 목격
1780573172398,{:d_94:}{:d_94:}{:d_94:}{:d_94:}{:d_94:}{:d_94:}
1780573172450,내동생 리센느
1780573172499,내 친구 센느
1780573173019,그럼 그영상을 보자
1780573174155,캬
1780573174208,기억 못하잖아
1780573174350,꺼드룩삼 할만해
1780573174532,치지직버전 함보자
1780573174610,다시보기 ㄱㄱ
1780573175637,그땐몰랏는데
1780573175646,미나미 너무좋아 어흐
1780573175718,최저점매수
1780573176193,파란모자 이쁘다
1780573176520,저점매수
1780573176566,좀 기다려라
1780573176847,우리가 먼저알았는데 {:d_58:}{:d_58:}{:d_58:}
1780573177442,기억을 하는게 ㅈㄴ 신기하네
1780573178168,저점목격이지
1780573178408,난 신곡 러너웨이가 더좋더라
1780573178715,좋네
1780573179150,그 영상 ㄱㄱ
1780573179319,나여
1780573179553,먼저본 룩삼
1780573180011,ㄱㄱㄱ
1780573180710,꺼드럭삼 가능하네 부럽다
1780573182640,어흐어흐
1780573183620,모자 누구임??
1780573183696,목격의 신
1780573183709,들어볼래 버전 기
1780573184340,억랩
1780573184971,들어볼래 버전 있나
1780573185390,캬 억랩까지
1780573185447,한국어 많아서 좋다이
1780573185957,억랩 조져주고
1780573186044,억랩타임
1780573186405,억랩 ㅋㅋ
1780573186499,오 리센느
1780573186797,자막이 영어번역이네
1780573186852,신라공주
1780573187469,대 이 리
1780573187523,제나 ㅈㄴ이쁘네;;
1780573187611,억랩
1780573188017,억랩타임
1780573188180,들어볼래 다시보기할꺼임 걱정 ㄴㄴ
1780573188376,노래 좋네
1780573188390,윤정아~
1780573188446,억렙 심어주고
1780573188930,매수는 아니지 ㅋㅋ 그러고 까먹었는데
1780573189060,이쁘당
1780573189111,랩 좋다
1780573189334,근본
1780573189739,이거 노래방같은데서 라이브로 부른게 ㅈㄴ 좋음
1780573189819,좋다
1780573190266,억랩 심어주고
1780573190272,대 이 리
1780573190297,노래 너무 좋다
1780573190480,억랩 지리네
1780573190707,억랩 함 해주고
1780573190862,어밀리
1780573190886,억랩 한잔~
1780573191994,그르르 빠
1780573192243,랩..
1780573192531,이건 꺼드럭삼 ㅇㅈ
1780573192680,와 배꼽
1780573192688,치즈버젼
1780573193666,차에 물채워놨네
1780573194677,와 고윤정ㄷㄷ
1780573194854,억랩 좋고
1780573195032,원이 ㅈㄴ이쁘네
1780573195675,파 이 리
1780573195700,윤정이가 이뻐
1780573195872,신라공주도 랩 하는구나
1780573195887,치지직 메인에 맨날 띄우던데 ㅋㅋ
1780573195953,모자 미나미
1780573196964,침수차 ㄷㄷ
1780573197347,억랩 심어주고
1780573197707,원이가 누구인가요
1780573198012,들어볼래 다시보기
1780573199137,있음
1780573200468,미나미 살 많이뺐네
1780573200531,캬
1780573202003,들어볼래 틀어줘잉
1780573203599,꼬북꼬북
1780573203749,억랩은 ㅇㅈ이지
1780573203809,돈냄새가 왜 나는걸까
1780573204548,이선민이랑같이우투브하는사람인데
1780573204788,온다 온 다 온다
1780573206331,돈많이들었겠다
1780573206554,리센느 역주행해서 들어볼래 버전 영상있음
1780573206802,거제 파이리 예쁘다
1780573206932,근데 지뇨씨 이런 노래 안좋아하잖아요
1780573208057,캬
1780573208314,갸루
1780573208500,캬ㅑㅑㅑ
1780573208687,캬
1780573208846,캬
1780573209061,캬~
1780573209536,파이리 닮으면 원이
1780573210311,캬~
1780573210440,비트가 개좋아
1780573210469,{:d_42:}{:d_42:}{:d_42:}
1780573210718,들어볼래 마지막에 봐야지
1780573210852,캬ㅑㅑ
1780573210925,캬~~
1780573211192,진짜 다들 살 ㅈㄴ 뺐네 ㅋㅋㅋ
1780573211481,{:mlb_76:}
1780573211577,뮤비에 돈 많이쓴거같다
1780573211998,야호~
1780573212314,으헤헤 그냥 기분 좋아짐
1780573212329,이노래좋아
1780573212372,리센느 야호
1780573212392,이 부분으 ㄹ들어봣구낭
1780573212540,미나미~
1780573212629,대 갸 루
1780573212721,술술 넘어가네 노래가
1780573212977,노래 느낌 괜찮은데
1780573213462,노래좋긴해
1780573213815,도랏다
1780573213997,르센느아~!
1780573214331,뜬 이유가 있네
1780573214522,유일하게 무대를 볼수있음
1780573215099,노래 좋다
1780573215117,철학이 느껴지는
1780573215267,?
1780573215491,미나미씨 이때는 살짝 젖살이안빠졌네
1780573215539,뽀여줘~
1780573216039,파이리 진짜 닮았네
1780573216170,야호~~
1780573216230,대 나 미
1780573216364,디엘시
1780573216444,뽀여줘~
1780573216447,이때도 돈 많이 썼는데?
1780573217043,룩삼 제거버전
1780573218302,연습생
1780573218387,대 주 헌
1780573218740,신경 엄청썼네
1780573219433,다 이쁘네
1780573221003,리브얌ㅁ
1780573221055,캬~~~
1780573221527,연습생
1780573221830,이건 진짜 좋아
1780573223631,근데 너무 슴슴하다 이지리스닝인긴해도
1780573223984,뜬이유가 있음 노래 좋네 ㅋㅋㅋㅋㅋ
1780573224344,<<<<사비부분 힘ㅈㄴ 빠진다고 한거기억못하나보네 ㅋㅋㅋ
1780573225160,이러니깐 빚이50억이구나
1780573225918,가사가 고트긴해
1780573226583,근데 중소인데 뮤비 돈 많이 썼네
1780573227918,훅이 정말 좋아
1780573229076,이땐 애기같네
1780573229574,노래좋네
1780573230786,지금이 살 더빠졋네
1780573230840,캬ㅑㅑ
1780573231043,들어볼래 게스트 goat
1780573232457,노래 잘만들었다 이건
1780573232503,이뻐
1780573233251,노래진짜좋음
1780573233908,진짜 1년사이에  엄청뺐네
1780573233943,특유의 중소 느낌이 없네
1780573234397,와 말랐다
1780573235152,예전에 봤던적 있긴함
1780573235397,그러게 돈냄새나네 무비에서
1780573235943,춤이 좋네
1780573236147,노래 진짜 잘 나왔따
1780573236441,좋다좋다
1780573236522,화장실다녀와야겠다 호다닥
1780573236620,돈 많이 써줬네 진짜
1780573236878,그냥 흐뭇해지는데
1780573236879,중소인데 돈 진짜 많이썼네
1780573237620,아 근고
1780573238172,신경 진짜 많이 써준다
1780573238456,캬
1780573239336,가사가 지금이랑 찰떡됏음
1780573239340,대출땡겨서 뮤비만들었네 ㅠㅠ
1780573239588,유명해지면 갑자기 노래가 좋아지는거임
1780573239755,저떄 좋다고 홍보 많이 해줬더라면 지금 초대석 가능?ㅋㅋㅋ
1780573240959,힘줘서 잘만듦
1780573242649,노래 좋다잉
1780573243049,아 팡고
1780573243492,중소퀄이 아니긴하다
1780573243690,춤이 부드럽다
1780573244167,갸루다
1780573244435,중소에 그 헐렁한 느낌이 없긴 함
1780573245254,오윤희
1780573245433,핀볼 노래도 좋던데
1780573246032,애들이었으니까 앳기가 빠지는 거지
1780573246422,뮤비가 딱 중소긴하네 ㅋㅋ
1780573247028,캬 {:d_59:}{:d_59:}{:d_59:}
1780573247054,억랩 ㅋㅋㅋ
1780573247162,캬캬캬
1780573247897,베이스 맛있네
1780573247997,아 근고
1780573249393,살 많이 뺐네 ㅋㅋㅋ
1780573249602,미남이 너무 이쁘다
1780573250079,진짜 애기들이었네
1780573252143,영업이익 -57억이라던데
1780573252260,노래 좋긴해
1780573252639,미나미 지금 살엄청뺸거구나
1780573253381,유명해지면 노래 철학이 보임
1780573253480,{:d_60:}{:d_60:}{:d_60:}{:d_60:}
1780573254284,룩삼 야호
1780573255377,ㄹㅇ 중소퀄은 아니긴하네
1780573255771,미나미양 참 이쁘네
1780573255778,제철시절 ㅋㅋ
1780573256140,파이리 ㄷㄷ
1780573256453,이게 몇년전임?
1780573256924,나름 돈 썼는데?
1780573257744,카우벨~
1780573258104,이게 무슨향이라고?
1780573258374,거제에서 찍었나
1780573258392,야호~
1780573258420,훅잡이네
1780573258483,노래가 ㅈㄴ 좋긴하네
1780573258623,근데 적자 난 이유를 알거 같기도 하다 ㅋㅋㅋ 중손데 퀄이
1780573258846,그동안 70억 넘게 썼네..
1780573259832,ㅋㅋㅋㅋㅋㅋ
1780573259862,노래 좋네
1780573260289,24년
1780573260527,?
1780573260728,야호
1780573261126,이쁘긴해
1780573261356,2년전
1780573261567,음?
1780573262118,?
1780573262249,진짜 애들이다
1780573262394,아니 근데 뮤비퀄이 생각보다 괜찮은데?
1780573262559,ㄹㅇ ㅋㅋ 철학이 갑자기 보임
1780573262564,캬
1780573262834,노래 예전에 유튜브 광고로 접했었음
1780573263157,거제야?
1780573263497,2년전
1780573263660,?
1780573264243,?
1780573264411,7월 컴백이 리메이크곡이라는데
1780573264532,미나미가 메보임
1780573264741,귀신 더블링
1780573264993,거제에서 찍었나 ㅋㅋㅋㅋㅋㅋㅋㅋㅋㅋㅋㅋ
1780573265200,낙타 난입
1780573265267,의상 같은게 중소깔이긴한데 ㅋㅋ
1780573265365,합방때 인연을 제대로 텄어야..
1780573266287,내기억으로는 저때도 진짜 말랐던거 같은데
1780573266481,{:d_60:}{:d_60:}{:d_60:}{:d_60:}
1780573266556,어으 뿌애
1780573267094,중소치고 퀄리티가 좋음
1780573267821,데자부가 ㄹㅇ 좋던데
1780573269452,야호
1780573269603,이쁘다
1780573269704,거제 ㅋㅋㅋ
1780573269711,힘빠진다매 ㅋㅋㅋ
1780573269741,일본인이 멥
1780573270206,저기 거제다ㄷㄷ
1780573270900,{:d_60:}{:d_60:}
1780573271359,그래도 떡상햇으니 이제 회수하겟지
1780573271790,룩삼님이 이 사비부분이 너무 쳐진다고했었음
1780573271845,파이리는 저때랑 지금이랑 그대로네
1780573271961,거제임?
1780573273072,노래 퀄 좋음
1780573273265,어떻게 더 마르지
1780573274382,7월 컴백이 리메이크곡이라는데 뭘까
1780573275995,2년전이면 원이도 미자시절인가
1780573276243,ㅋㅋㅋㅋㅋㅋㅋㅋㅋㅋ
1780573276324,을왕리에서 찍었구나
1780573276343,{:mlb_76:}{:d_230:}{:mlb_76:}{:d_230:}
1780573276836,해외로케만해도 얼마여
1780573276962,거제야 치바야 어디야
1780573277303,의상이 아쉬운데
1780573277345,거제여?
1780573277792,브릿지 넣고 3절까지 있는거 근본있네 3분 넘는것같고
1780573277910,일본분이 메보야?
1780573278500,중소치곤 잘만들었네
1780573278650,뮤비 퀄리티가
1780573279201,흠 좋네
1780573280185,야호~
1780573280488,애들이 귀엽다 ㅋㅋ
1780573280780,낙타 뭐지요?
1780573281011,여기 LA
1780573281590,들어볼래에서 처음 듣고 플리에서 빠진적이 없다는거임
1780573281800,진짜 리센느 잘 됐으면 좋겠다
1780573281941,장소는 미국인데 거제느낌 남
1780573282182,그때 몰랐던 철학이 느껴져요
1780573282727,난 러너웨이가 제일좋던데
1780573282990,캬
1780573283316,저기 거제임?
1780573285278,노래가 좋음 ㅇㅇ
1780573286445,캬
1780573286488,뮤비가 돈 냄새가 나네
1780573286622,의상이 중소 느낌나네요
1780573287092,캬
1780573287337,르센느 하트어택 최고네
1780573287429,중소돌 인데 퀄좋네
1780573287464,캬
1780573287959,오..
1780573288062,캬
1780573288136,캬
1780573288167,캬
1780573288173,캬
1780573288183,일본인이 메보아닌가
1780573288661,캬
1780573289088,낙타 야호~
1780573289163,노래좋네
1780573289287,캬~~~
1780573289318,캬
1780573289369,노래가 좋네 ㅇㅇ
1780573289546,이게 최신mz 노래임?
1780573289596,들어볼래에서 봤을 때 생각나네
1780573289843,파이리다 파이리
1780573289853,캬ㅑㅑ
1780573289887,노래가 좋다
1780573290018,이지리스닝 메타 그립네
1780573290065,이지리스닝 이네
1780573290066,좋읍니다
1780573290200,아 좋다
1780573290337,거제 야호~
1780573290627,거제 야호~
1780573290861,노래 좋아~
1780573291048,노래는 진짜 잘뽑네
1780573291173,캬
1780573291381,캬~~ 좋다좋다
1780573291541,러블리하네
1780573291642,캬
1780573291893,다 좋은데 의상이 약간
1780573291991,아니 리센느 사장 진짜 능력이 ㅈ되는 건가 생각보다 퀄이 나쁘지 않냐 왜
1780573292124,{:d_62:}{:d_62:}{:d_62:}{:d_62:}
1780573292426,훅이 좋아
1780573292488,술술넘어간다~
1780573292558,거제 야호~
1780573292846,노래 개좋노
1780573292989,캬
1780573293445,{:d_54:}
1780573293727,시원하다
1780573293789,돈 개많이 쓰긴 한듯
1780573294034,들어볼래도 한번 보자
1780573295173,와 공주님
1780573295213,철학이 느껴지네 ㅇㅇ
1780573295379,러브어택 심장을 공격해
1780573295438,{:d_54:}{:d_54:}
1780573296428,?
1780573296621,슬슬넘어간다
1780573297218,멜로디가 좋아
1780573297403,?
1780573297811,?
1780573297859,??
1780573298081,?
1780573298116,노래를 잘뽑아
1780573298245,?
1780573298337,룩삼 출연버전
1780573298508,?
1780573298564,개맛도리 부분
1780573298572,ㅋㅋㅋㅋㅋㅋ
1780573298803,시원하이
1780573298932,걍 노래가 좋음 ㅇㅇ
1780573298980,?
1780573299020,?
1780573299161,?
1780573299172,ㅋㅋㅋㅋㅋㅋㅋㅋㅋㅋ
1780573299267,?
1780573299441,나른마른
1780573299551,?
1780573299583,?
1780573299701,?
1780573299742,할트어택아님?
1780573299862,?
1780573299943,??
1780573300039,?
1780573300048,?
1780573300129,?
1780573300180,ㅋㅋㅋㅋㅋㅋㅋㅋ
1780573300195,?
1780573300294,zzz
1780573300323,부드럽게 넘어가그든요
1780573300339,왜 들어봤지 ㄹㅇ
1780573300484,?
1780573300497,느아으
1780573300504,?
1780573300726,?
1780573300794,??
1780573300972,나른해
1780573301059,ㅋㅋㅋㅋㅋㅋㅋㅋㅋ
1780573301084,느아
1780573301131,ㅋㅋㅋㅋㅋㅋㅋㅋㅋㅋ
1780573301201,송희롱
1780573301303,가사가좋음
1780573301703,?
1780573301720,훅이 좋아
1780573301758,기습 조롱
1780573301897,조롱을
1780573301958,?
1780573302071,?
1780573302145,ㄹㅇㅋㅋ
1780573302198,고소자료
1780573302296,무난하이 좋음
1780573302342,감긴다
1780573302443,음?
1780573302462,{:d_117:}{:d_117:}{:d_117:}{:d_117:}{:d_117:}
1780573302639,아는척 ㄴ
1780573302697,룩래방 마렵네 ㅋㅋ
1780573303144,?
1780573303202,??
1780573303569,바로 송희롱
1780573303585,ㅋㅋㅋㅋㅋㅋㅋㅋㅋㅋㅋ
1780573303596,ㅇㅇ
1780573304259,2~3세대 느낌남
1780573304382,ㅋㅋㅋㅋㅋㅋㅋㅋㅋㅋㅋ
1780573304665,나른~혀
1780573304676,멜로디 맛좋다
1780573304774,?
1780573305412,나른한느낌
1780573305413,철학이 느껴짐 ㅇㅇ
1780573305446,? 힘빠진다매 ㅋㅋ
1780573305820,캬
1780573305866,느아응나응
1780573306491,송희롱을
1780573306631,메인 라인이 사기임
1780573306652,들어볼래 버전 궁금한데
1780573307305,고소장 수집을
1780573307833,술술 넘어가긴해
1780573312386,리센ㄴㄴㄴㄴ느
1780573312620,대중적인듯
1780573313253,고소자료 ㅋㅋ
1780573314705,힘빠진다며 ~ ㅋㅋㅋㅋ
1780573315180,노래에 도파민이 좀 들어가야 함 리센느는 대중한테 알릴려면
1780573315317,저점매수의 신
1780573317893,굴냄새
1780573318137,ㅇㅇ
1780573318201,컨셉 잘살림
1780573318405,향이 컨셉이라던데
1780573319297,리센족
1780573319445,향기같은 노래
1780573319494,메인 라인이 좋긴해 ㅇㅇ
1780573319503,향기로 장면을 기억한다
1780573319747,너무 술술넘어가서
1780573321246,ㅇㅈ
1780573322134,향기같은 노래야 ㅇㅇ
1780573323160,이건 무슨향이지
1780573324678,향기같
1780573325002,오 그럴싸하다
1780573325335,그치
1780573325766,ㅇㅇ 도파민이 들어가야하는데
1780573325917,음 ㅇㅈ
1780573327618,리센족은
1780573327970,캬
1780573328054,탑노트 미들노트
1780573328173,자냥
1780573328633,캬
1780573328694,탑 노트
1780573328696,다르지 ㅇㅇ
1780573328724,{:d_108:}
1780573328885,그럴싸한데?
1780573329021,향기처럼
1780573329032,ㄹㅇㄹㅇ
1780573329083,아련한 맛임
1780573329112,오 그런걸 알아?
1780573329117,아하
1780573329381,오..
1780573329876,거제굴톤
1780573329975,겨
1780573330289,캬
1780573330631,오
1780573331547,뭐임 대본있음?
1780573331856,신라고윤정 ㅇㄷ
1780573331959,오
1780573332275,무슨 향인가요
1780573332438,쌈아 너 요즘 책읽냐?
1780573332721,캬
1780573332770,진짜에요??
1780573333178,미들노트 탑노트
1780573333629,잘 아네
1780573333972,쌈이가 힘빠진다 한거 데자부 아니었나?
1780573333978,그럴싸하네
1780573334595,철학이 느껴지네
1780573334878,인기없을땐 힘빠졌지만 지금은 다르지 ㅋㅋ
1780573334981,철학이 보이지? 나도 그래
1780573335163,리센느 분석은? 룩튜브 ㅋㅋ
1780573335464,?
1780573335904,데자뷰가 좋음
1780573336555,준비잘햇네 쌈아
1780573336579,룩동진
1780573336751,향기처럼 다가옴
1780573336799,멘트 준비해옴?
1780573337269,비유 좋네
1780573337492,영화 향수 봤나
1780573337827,요즘 진짜 책읽냐
1780573337913,?
1780573338320,칙!!~~
1780573338422,책읽냐?
1780573338449,?
1780573338796,아니 웰케 표현잘함?
1780573338873,?
1780573338922,대본 누가써줬냐
1780573339060,?
1780573339077,?
1780573339141,룩어임?
1780573339228,?
1780573339310,음?
1780573339523,?
1780573339545,ㅋㅋ
1780573339607,철학이 보여?
1780573339633,요즘 책좀 읽음?
1780573339880,?
1780573339881,ㅋㅋㅋㅋㅋㅋㅋㅋㅋㅋㅋㅋ
1780573339937,?
1780573340050,?
1780573340056,미리보고옴?
1780573340224,?
1780573340443,?
1780573340514,{:d_113:}
1780573340559,그런생각은 없엇는데
1780573340582,ㅋㅋㅋㅋㅋㅋㅋ
1780573340595,{:d_60:}{:d_60:}{:d_60:}{:d_60:}{:d_60:}{:d_60:}
1780573340603,ㅋㅋㅋㅋㅋㅋ
1780573340609,{:d_133:}{:d_133:}{:d_133:}
1780573340627,ㅋㅋㅋㅋㅋㅋㅋㅋㅋㅋㅋㅋㅋㅋ
1780573340687,ㅋㅋㅋㅋㅋ
1780573340703,?
1780573340742,?
1780573340803,ㅋㅋㅋㅋㅋ
1780573340875,?
1780573340875,ㅋㅋㅋㅋㅋㅋㅋㅋ
1780573340887,?
1780573340941,?
1780573340949,아 힘빠져
1780573341029,?
1780573341202,?
1780573341241,의정부 갸루 버전임?
1780573341246,?
1780573341388,느아
1780573341419,?
1780573341426,잔향 창법이셔?
1780573341452,고소자료 온
1780573341498,????
1780573341636,ㅋㅋㅋㅋㅋㅋㅋㅋㅋㅋㅋㅋㅋㅋㅋ
1780573341691,ㅋㅋㅋㅋㅋㅋㅋㅋㅋ
1780573341911,?
1780573341974,ㅋㅋㅋㅋㅋㅋㅋㅋㅋㅋㅋㅋ
1780573342063,?
1780573342308,ㅋㅋㅋㅋㅋㅋㅋㅋㅋㅋㅋㅋㅋㅋㅋㅋㅋㅋㅋㅋㅋ
1780573342351,얘 요새 어휘력 늘었네
1780573342469,?
1780573342535,?
1780573342693,ㅋㅋㅋㅋㅋㅋㅋㅋㅋㅋㅋㅋㅋㅋㅋㅋㅋㅋㅋㅋㅋ
1780573342786,ㅋㅋㅋㅋㅋㅋㅋ
1780573342947,??
1780573343041,ㅋㅋㅋㅋㅋㅋㅋ
1780573343125,? 모기임?
1780573343210,??
1780573343288,;;
1780573343353,ㅋㅋㅋㅋㅋㅋㅋ
1780573343399,?
1780573343552,오머이갓
1780573343602,캬
1780573343720,?
1780573343777,?
1780573343843,?
1780573343865,ㅋㅋㅋㅋㅋㅋㅋㅋㅋㅋㅋ
1780573344118,파이리
1780573344196,ㅋㅋㅋㅋㅋㅋㅋㅋㅋㅋㅋㅋ
1780573344270,룩센느
1780573344421,돌발상혹ㆍㅇ
1780573344593,ㅋㅋㅋㅋㅋㅋㅋㅋㅋㅋㅋㅋㅋㅋㅋㅋㅋㅋㅋㅋㅋㅋㅋㅋㅋㅋㅋㅋㅋㅋㅋㅋㅋㅋㅋㅋㅋㅋㅋㅋㅋㅋㅋㅋㅋㅋㅋㅋㅋㅋㅋㅋㅋㅋㅋㅋㅋㅋㅋㅋㅋㅋ
1780573344667,ㅋㅋㅋㅋㅋㅋㅋㅋㅋ
1780573344679,룩어 ㄷㄷ
1780573344710,?
1780573344732,;;;;;
1780573345231,?
1780573345249,뭉쳐진거 맞았네
1780573345578,뭐고
1780573346031,룩고학력 뭐지요?
1780573346133,ㅋㅋㅋㅋㅋㅋㅋㅋㅋㅋㅋㅋㅋㅋㅋㅋㅋㅋㅋㅋㅋㅋㅋ
1780573346334,??>?
1780573346409,?
1780573346419,퍼지는 느낌이다?
1780573346644,룩어습박ㅋㅋㅋㅋㅋㅋㅋㅋㅋㅋㅋㅋㅋㅋㅋㅋㅋㅋㅋ
1780573346756,무슨말이누
1780573346833,파도같기도하고
1780573347159,?
1780573347226,예습하고 오지 말라고
1780573347456,좋네
1780573347599,대표님한테 대본 받았냐??
1780573348040,고소자료 ㅋㅋㅋ
1780573348220,??
1780573348279,너 천재냐?
1780573348517,룩어 ㄷㄷ
1780573348555,송희롱 고소각
1780573348615,그럴듯하네
1780573349002,ㅋㅋㅋㅋ
1780573349007,모기임?
1780573349020,룩센느
1780573349038,웨에에엥
1780573349096,느애느애
1780573349192,리자몽 방귀같은
1780573349201,양지멘트 뭐지요
1780573349643,(돌발)
1780573349697,3단으로 나눠져있다는거지 ㅇㅇ;
1780573349699,ㅋㅋㅋㅋㅋㅋㅋㅋㅋㅋ
1780573349743,룩어
1780573349835,예?
1780573350130,러브 룩어택
1780573350456,스윽 감기는 느낌
1780573350766,모기가 벌써
1780573351286,높다 높아
1780573351692,룩어 습박 ㅋㅋ
1780573352059,핀볼은안봄?
1780573352484,향수처럼 퍼지는 느낌
1780573352590,후각의 청각화 ㄷㄷ
1780573352771,(돌발상황)
1780573352850,룩어임?
1780573352935,스며든다?
1780573353313,대본?
1780573353813,예습 같네
1780573353955,광고 멘트 같네
1780573354049,뭐냐 갑자기
1780573354327,룩어 뭐지여
1780573354371,자료 뭔가요
1780573354544,예습도했음?
1780573354916,뭐 대본 받음?
1780573354958,그런거 같기도하고
1780573355315,향기간은 노래 ㅇㅇ
1780573355349,준비한 멘트 뭐지요?
1780573355649,대본 받았냐?
1780573355906,파이리가 누구임
1780573355912,뿌듯 ㅋ ㅋ
1780573355975,예습하네
1780573356347,근데 진짜 그럴듯함
1780573356374,여기서 팍 뜰줄알았는데 훅 힘빠진다고..
1780573357948,책좀봤네
1780573358195,?
1780573358532,어흐
1780573358721,?
1780573358730,?
1780573358833,ㅋㅋㅋㅋㅋㅋㅋㅋㅋㅋㅋㅋ
1780573358835,?
1780573358883,어어
1780573358938,아이고 예쁘다야~
1780573358948,?
1780573359022,끼워 맞출려고 ㅋㅋㅋㅋㅋㅋㅋ
1780573359052,ㅋㅋㅋㅋㅋㅋㅋㅋㅋㅋㅋㅋㅋㅋ
1780573359055,ㅋㅋㅋㅋㅋㅋㅋㅋ
1780573359420,?
1780573359451,ㅋㅋㅋㅋㅋㅋㅋㅋㅋㅋㅋㅋ
1780573359469,광고받음?
1780573359559,ㅋㅋㅋㅋㅋㅋㅋㅋㅋㅋ
1780573359560,?
1780573359697,음??
1780573359900,?
1780573360103,?
1780573360126,?
1780573360157,??
1780573360203,?
1780573360246,변태같아요
1780573360270,?
1780573360271,ㅋㅋㅋㅋㅋㅋㅋㅋㅋ
1780573360342,?
1780573360485,?????
1780573360516,?
1780573360517,ㅋㅋㅋㅋㅋㅋㅋㅋㅋㅋㅋㅋㅋ
1780573360550,ㅋㅋㅋㅋㅋㅋㅋㅋㅋㅋㅋㅋㅋㅋㅋ
1780573360625,?
1780573360650,르카인
1780573360663,ㅋㅋㅋㅋㅋㅋㅋㅋㅋㅋㅋ
1780573360743,ㅋㅋㅋㅋㅋ
1780573360755,ㅋㅋㅋㅋㅋㅋㅋㅋㅋ
1780573360807,ㅋㅋㅋㅋㅋㅋㅋㅋㅋㅋㅋㅋㅋㅋㅋㅋㅋㅋㅋㅋㅋㅋㅋㅋㅋㅋㅋㅋㅋㅋㅋㅋ
1780573360880,?\
1780573360917,예?
1780573360922,ㅋㅋㅋㅋㅋ
1780573361026,ㅋㅋㅋㅋ?
1780573361072,?
1780573361270,습박ㅋㅋㅋㅋㅋㅋㅋㅋㅋㅋ
1780573361349,?
1780573361708,킁
1780573361819,ㅋㅋㅋㅋㅋㅋㅋㅋㅋㅋㅋㅋㅋ
1780573361873,ㅋㅋㅋㅋㅋㅋㅋㅋㅋㅋㅋㅋㅋㅋㅋ
1780573361989,야랄 시작
1780573362030,?
1780573362032,ㅋㅋㅋㅋㅋㅋㅋㅋ
1780573362091,?
1780573362120,ㅋㅋㅋㅋㅋㅋㅋㅋㅋㅋㅋㅋㅋㅋㅋㅋㅋㅋㅋㅋㅋ
1780573362126,?
1780573362297,릴딕
1780573362305,향수맞지?
1780573362390,{:d_94:}
1780573362402,ㅋㅋㅋㅋㅋㅋㅋㅋㅋㅋㅋㅋㅋㅋㅋㅋㅋㅋㅋㅋㅋㅋㅋㅋㅋㅋㅋ
1780573362424,ㅋㅋㅋㅋㅋㅋㅋㅋㅋㅋㅋㅋ
1780573362476,ㅋㅋㅋㅋㅋㅋㅋㅋㅋㅋㅋㅋㅋㅋㅋㅋㅋㅋㅋㅋㅋㅋㅋㅋㅋㅋ
1780573362480,??
1780573362523,어어
1780573362528,ㅋㅋㅋㅋㅋㅋㅋㅋㅋㅋㅋㅋ
1780573362540,?
1780573362595,{:d_126:}
1780573362651,???
1780573362728,?
1780573363039,보약 이냐
1780573363087,ㅋㅋㅋㅋㅋㅋㅋㅋㅋㅋㅋ
1780573363096,좀 변태같네;;
1780573363130,?
1780573363153,ㅅㅂㅋㅋㅋㅋㅋㅋㅋ
1780573363163,??
1780573363164,캬 ㅋㅋㅋㅋ
1780573363196,??
1780573363266,ㅋㅋㅋㅋㅋ
1780573363270,?
1780573363340,어어
1780573363407,(돌발상황)
1780573363430,??????????????
1780573363430,약하는데?
1780573363447,약 하는건가요?
1780573363499,?
1780573363528,큰거온다
1780573363582,ㅋㅋㅋㅋㅋㅋㅋ
1780573363697,보약함?
1780573363711,향기가 아닌데?
1780573364001,;;;;;;;;;
1780573364084,?
1780573364105,??
1780573364116,(돌발상황)
1780573364314,?
1780573364367,코카인 아닙니다
1780573364386,?
1780573364386,또 쇼츠묻어가려고
1780573364403,???
1780573364460,?
1780573364471,르카인 맡앗다
1780573364621,이상해요..
1780573364672,?
1780573364921,고소할게요
1780573364967,향기..맞지?
1780573365012,리카인 ㄷㄷ;
1780573365075,그냥 겨가좋은청년같은데
1780573365217,{:d_126:}{:d_126:}
1780573365310,{:d_116:}
1780573365333,미치겠네
1780573365409,ㅋㅋㅋㅋㅋㅋㅋㅋㅋㅋㅋㅋ
1780573365519,? 향수 맞지?
1780573365572,좀 이상한데
1780573365578,룩카인
1780573365675,ㅋㅋㅋㅋㅋㅋㅋㅋㅋㅋㅋㅋㅋㅋㅋㅋ
1780573365691,약함?
1780573365845,콧구멍 ㅈㄴ크다 ㅋㅋㅋㅋㅋㅋㅋㅋㅋㅋㅋㅋㅋㅋㅋ
1780573365992,ㅋㅋㅋㅋㅋㅋㅋㅋ
1780573366130,주접 on zz
1780573366217,르카인
1780573366280,ㅋㅋㅋㅋㅋㅋㅋㅋㅋㅋ
1780573366326,??
1780573366392,청각의 후각화네요
1780573366439,약이잖아
1780573366448,ㅈㄴ 변태 같아
1780573366725,거제굴톤 석굴웜톤 냄새
1780573366756,룩 카 인
1780573366882,미친변태같아요!!!
1780573367074,보약신고
1780573367208,?야랄시작
1780573367208,이거지 ㅇㅇ
1780573367302,룩카인 뭐지요
1780573367311,그건 다른 약 같은데\
1780573367364,보약하냐
1780573367365,습박 ㅋㅋㅋㅋㅋ
1780573367450,킁카크앜
1780573367462,그거 향수아닌데?
1780573367536,너무 느끼는데 ㄷㄷ
1780573367657,변태같은데
1780573367875,코카인함?ㅌㅌㅋㅌ
1780573367921,보약아니야?
1780573368002,뭔가 다른거 같은데
1780573368019,무슨 향인지 나무위키에 있나
1780573368067,흡연하시나요?
1780573368200,<<<<< 이사람은 리자몽 똥방구인데..
1780573368257,광고임?
1780573368324,향수 맞음?
1780573368372,송희롱 ON
1780573368420,휠클릭 ㅅㅂ
1780573368432,아 변태쳐내
1780573368452,대표님이랑 법정에서 뵙겠구나 삼아
1780573368477,쇼츠하나나오겠다 ㅋㅋ
1780573368486,향기가 아니고 보약인가요?
1780573368495,보약
1780573368604,그냥 겨에 미친 청년
1780573368637,므와~~?
1780573368819,향수 맞제?
1780573368913,{:d_126:}{:d_126:}{:d_126:}{:d_126:}
1780573369330,변태같아요;;
1780573369376,보약 ㄷㄷ
1780573369584,빼줌마
1780573369850,억텐
1780573369988,좀위험한데?
1780573370350,무서워요
1780573370391,룩카인 ㅋㅋ
1780573370464,{:mlb_76:}{:mlb_76:}{:mlb_76:}{:mlb_76:}
1780573370520,향수 맞지요?
1780573370580,??
1780573370721,완 벽  해
1780573370808,쓰읍 하
1780573371384,향수아닌걱탕ㄴ데?
1780573371847,?
1780573371881,개이쁘노
1780573372238,향기맞아요?
1780573372348,고소자료
1780573372673,기습 보약 ㅋㅋ
1780573372711,룩카인은 ㅋㅋㅋ
1780573372741,휠 클 릭 쳐 해 라
1780573372842,다른걸 들이마셨다?
1780573373052,향수 맞음?
1780573373219,향수 맞지?
1780573373840,방금 그건 다른 약...
1780573373890,룩어임?
1780573373919,보얏
1780573373926,양발운전
1780573374210,왜 갑자기 보약을..
1780573374354,릴디기디기디기
1780573374379,사과해
1780573374457,(아니 그렇다고 해서)
1780573374747,향수 맞지
1780573374769,킁카킁카
1780573374956,향수가 아닌거같아요
1780573375006,보약아닌지
1780573375141,느껴버리네 ㅌㅋㅌㅋ
1780573375595,아니 광고에요?
1780573375770,뭔느낌
1780573376746,핀볼
1780573377570,쌈이 고학력자임?
1780573377689,보약을
1780573377814,고소자룤ㅋㅋㅋ
1780573377839,들어볼래 버전은 없네
1780573377957,그건 향수가 아닌데..
1780573377957,핀볼도 좋음
1780573377999,운전 나오네
1780573378047,핀볼 띵곡
1780573378139,룩카인 ㅅㅂㅋㅋ
1780573378466,힘빠짐ㅁㅁㅁ마
1780573379322,양발운전...?
1780573379332,핀볼
1780573379798,핀볼~
1780573379936,다 듣자
1780573380106,리카인ㄷㄷ
1780573380219,핀볼
1780573380867,핏불 ㄷㄷ
1780573380881,왔다 갓볼
1780573380893,핀볼좋지
1780573381190,?
1780573381300,핏불
1780573381535,핀볼
1780573381747,핍볼 ㅋㅋㅋ
1780573381859,핏볼
1780573381996,핏불
1780573382236,캬
1780573382316,증강 고트
1780573382461,?
1780573382475,핏불은 ㅇㅈ
1780573382676,ㅋㅋㅋㅋㅋㅋㅋㅋㅋㅋㅋ
1780573382719,오
1780573382845,핀볼
1780573382941,럼블볼
1780573383013,핀볼 좋지요
1780573383074,핏불이요?
1780573383151,아 핀볼 이거 좋았지
1780573383233,핀볼 좋지
1780573383276,핏불
1780573383283,핏불
1780573383449,핏불ㅋㅋㅋ
1780573383551,요샌 핀볼 많이 올라오던데
1780573383586,아 핀볼 이거 좋잖아
1780573383641,핏불?
1780573383648,핀볼 ㄷㄷ
1780573383848,핀볼 좋던데
1780573383882,핏불 ㅋㅋ
1780573383903,이거 조음
1780573384072,ㅋㅋㅋㅋ
1780573384210,개띵곡임
1780573384381,어????
1780573384794,핏불
1780573384830,솔직히 개띵곡
1780573384854,핀볼은인죵
1780573384933,ㅋㅋㅋㅋㅋㅋㅋㅋㅋㅋ
1780573385005,와 발
1780573385044,이게 제일 좋아
1780573385045,핏불은 ㅋㅋ
1780573385121,핏불
1780573385132,띵공
1780573385177,이 노래 좋더라
1780573385254,헉
1780573385303,이거 좋지
1780573385312,오
1780573385362,이건 진짜 좋음
1780573385427,이거 좋음
1780573385470,난 이게 좋음
1780573385612,고트
1780573385649,핏불 좋지
1780573385743,캬 이노래좋아
1780573386053,좋지
1780573386100,핏불은 ㅇㅈ이지
1780573386256,핏볼은 임마
1780573386312,핏불ㅋㅋㅋㅋㅋㅋ
1780573386334,오 발
1780573386505,핏불 습박ㅋㅋㅋㅋㅋㅋ
1780573386604,볼앤핏 ㅋㅋㅋ
1780573386655,핏불 좋지
1780573386677,발 패티쉬
1780573386727,핀볼 띵곡
1780573386966,핏볼ㅋㅋ
1780573387319,발페티쉬임?
1780573387746,핏불은지리긴해
1780573388234,핏불은 인죵
1780573388458,이게 ㄹㅇ 히트임
1780573388460,캬
1780573388490,발
1780573388819,핀볼 조아
1780573389064,와 발
1780573389761,이건 중소 퀄이 아니던데
1780573389780,이거 개좋음
1780573389804,헉
1780573390345,발충
1780573390788,발
1780573390945,가사 없나
1780573390952,이거 니가 좋다고 한거자나
1780573391300,핀볼도좋지
1780573391318,발
1780573391409,핀볼 개개띵곡
1780573391470,캬ㅑㅑㅑ
1780573391544,개띵곡
1780573392378,발
1780573392460,이거도 슴슴허이 좋아
1780573392642,타란티노 햄
1780573392810,이거 좋음
1780573392835,증바람 goat ㅋㅋ
1780573392947,"오,..."
1780573393065,헉
1780573394824,캬
1780573394943,핀볼 개좋음
1780573394954,최두호 핏불 나와!
1780573394983,아니 곡퀄 좋은데?
1780573395878,난 이게 최애
1780573396282,증강 GOATㅋㅋ
1780573396609,ㅜㅑ
1780573396738,케이팝의 정수가 느껴지는 노래임 ㄹㅇ
1780573396887,오..
1780573396994,이거도 들어봤네
1780573397280,왜 좋냐
1780573397318,수록곡 바이브
1780573397509,이게.지림
1780573397556,핀볼이 미쳤어
1780573397683,이건 룩삼이 처음 들었을 때도 좋다고 했었지
1780573397799,제나양 이쁘구만
1780573397858,오 좋다
1780573397979,오 좋은데?
1780573398660,띵곡
1780573399486,삔볼~
1780573399999,캬ㅑㅑ
1780573400867,한국어 추가좀요...
1780573401241,핀볼~
1780573401517,제나양
1780573402177,이거 좋다
1780573402458,파이리
1780573404605,한국 자막이 없네
1780573404690,이거도 라이브했었음
1780573404954,꿀잼증강 GOAT
1780573404975,ㄹㅇ 좋음
1780573405128,핀볼은 그때도 좋다고했음
1780573405723,이거 곡퀄 ㅈ댐
1780573405926,ㅋ커엽네
1780573407992,오 좋은데
1780573408004,오 좋은데여
1780573409438,레벨 깔인데 진짜좋음
1780573409861,이게 더 맛있다
1780573410036,이거 내 최애
1780573410965,캬
1780573411255,퀄뭔데이거
1780573411384,이게 더 좋은데
1780573411409,이게 좀더 힙하네
1780573413164,아 이거네
1780573413408,계속 누워있네
1780573413660,와 피쏠려
1780573413799,피쏠린다
1780573414214,피쏠린다
1780573414499,노래 퀄들이 다 좋아
1780573415097,버클리음대 출신들이 많아서
1780573415103,맛있다 오
1780573415172,발을엄청보여주네
1780573415214,얘들몇살임 어려보인다
1780573415222,피쏠리겟다
1780573415264,피안쏠리나
1780573415276,춤이 돼게 매력있다
1780573415650,피쏠린다
1780573415749,발이 포인트네
1780573416009,피쏠리겠다
1780573416186,피 쏠려
1780573416393,중소 맞냐
1780573417012,피쏠려
1780573417195,이게 딱 좋네
1780573417622,{:d_51:}
1780573417888,오 이게 더 좋다
1780573419049,좋다
1780573419507,얘네 곡 퀄이 중소가 아냐
1780573420022,화면 후처리를 잘 쓰네
1780573420079,메이
1780573420478,ㅍㅂㅍㅂㅍㅂ
1780573421129,오
1780573421164,급이 중소가 아닌데 ㄹㅇ?
1780573421535,이 노랜 진짜 깔끔하게 오네
1780573421539,왜 돈냄새 느껴지냐
1780573421672,캬
1780573421703,오
1780573421771,노래 퀄이 중소퀄이 아님
1780573421968,오
1780573422197,ㅍㅂㅍㅂ
1780573422260,ㅍㅂㅍㅂㅍㅂ
1780573422300,와
1780573422308,아 이거
1780573422377,오
1780573422528,ㅍㅂㅍㅂㅍㅂ
1780573422683,노래 다 좋다
1780573422781,캬ㅑ
1780573422816,믿 힌
1780573422827,여기 말안됨
1780573422884,오
1780573423156,이건 추가한다
1780573423257,한글자막좀 ㅋㅋㅋㅋㅋ
1780573423270,오
1780573423276,오
1780573423316,캬
1780573423347,오
1780573423432,오
1780573423861,캬
1780573423966,어 이거 들어봤는데
1780573423974,오
1780573424044,원이 몸매 ㄷㄷ
1780573424082,오오
1780573424289,원이양..
1780573424432,오...
1780573424453,오 좋은데
1780573424521,ㅍㅂㅍㅂㅍㅂ
1780573424647,이게 더 좋다
1780573424851,이거지 ㅋㅋㅋㅋ
1780573424869,원이
1780573424935,ㅍㅂㅍㅂㅍㅂ
1780573424974,ㅍㅂㅍㅂㅍㅍㅂ
1780573425071,어 이거 들어본거같냐
1780573425307,다시 들어도 이게 더 좋아
1780573425606,캬
1780573425614,원이양...
1780573425637,노래 좋다
1780573425652,오
1780573425771,좋은데?
1780573426046,ㅍㅂㅍㅂㅍㅂ
1780573426065,좋네
1780573426066,야 노래 왜케 좋냐?
1780573426519,비트가 외국물 점 막았는데?
1780573426569,오후우
1780573426585,이거라고 ㅋㅋㅋㅋㅋㅋ
1780573426686,캬
1780573426746,핀볼을 좋아하던 친구가 떠오르네요...
1780573426889,레벨같네
1780573427614,중소 느낌이 아니야
1780573427837,좀 치네
1780573427891,난 이거
1780573427923,피힌볼 말 안됨
1780573427940,어흐
1780573428770,좋다
1780573428922,색감 좋다
1780573429335,개좋아
1780573429417,파이리당
1780573430123,좋네
1780573430244,와 의상 좋다
1780573430247,{:d_46:}{:d_46:}{:d_46:}{:d_46:}{:d_46:}
1780573430531,퀄은 좋아
1780573430608,슴슴한데 난
1780573430698,오 몸매가
1780573431941,개좋음 이거 ㅋㅋ
1780573432024,ㄹㅇ 좋은데?
1780573432213,좋은데
1780573432347,대푝가 출신이 좋아서 노래가 다 좋음
1780573432760,이건죠은데
1780573433166,와 노래 좋다
1780573433320,ㅍㅂㅍㅂㅍㅂ{:d_49:}{:d_49:}{:d_49:}{:d_49:}
1780573433573,ㅍㅂㅍㅂㅍㅍㅂㅍㅂ
1780573433589,노래가 그냥 좋은데
1780573433637,어우 이뻐
1780573433933,ㅍㅂㅍㅂㅍㅂ~
1780573433963,피힌볼
1780573434495,{:d_59:}{:d_59:}{:d_59:}
1780573434750,수록임?
1780573435041,원이양{:d_94:}{:d_94:}
1780573435515,ㄹㅇ 중소 느낌이 아니네
1780573435642,음악이 오묘하네
1780573435906,머고 이거
1780573436172,핀볼이 goat임 ㄹㅇ
1780573436371,ㅍㅂ ㅍㅂ ㅍㅂ~
1780573436849,이런게 2년이묵었네
1780573437633,노래퀄은 다 좋네
1780573439082,대기업 수록곡 느낌
1780573439233,노래 잘 뽑네
1780573439764,개좋네
1780573440109,원이 어흐..
1780573440378,난 이게 더 좋네
1780573440646,노래좋네용
1780573441255,{:d_59:}{:d_59:}{:d_59:}{:d_59:}{:d_59:}
1780573441570,뭐지 왜 들어봤지
1780573442688,춤도 향수 그거네
1780573442765,노래 퀄리티가 중소 느낌이 안 나
1780573444181,핀볼 야호
1780573444345,음악력이 높네
1780573444801,여기 훅잡이네
1780573444957,미나미
1780573445380,좋은데
1780573445384,구성 잘짰네
1780573445418,수박씨머야
1780573445455,부산야호
1780573445468,으악
1780573445789,다슬기 ㄷㄷ
1780573445848,노래가 그냥 좋음
1780573446122,약간 SM깔
1780573446138,아 놀래라
1780573446368,노래 좋음
1780573446375,증바람 꿀잼 증강ㅋㅋ
1780573446541,걍 골반
1780573446619,핀볼 돌릴때 이노래 틀자 ㅋㅋ
1780573446874,더블 타이틀이었으니까
1780573447157,?
1780573447521,헉 소용돌이
1780573447645,뉴진스 느낌난다
1780573447918,야호 ㅋㅋㅋㅋㅋㅋㅋ
1780573447952,야호
1780573448030,시노종
1780573448189,노래조은디?
1780573448268,뭐야
1780573448483,수박씨 뭐야
1780573448573,오케이 핀볼하려갈게요
1780573448597,팝같음 이건 ㄹㅇ
1780573449140,뭔가 다 몽환적이네
1780573449273,향수같아요
1780573449634,내친구 주헌이의 역작
1780573450108,수박씨임?
1780573450305,핀볼핀볼핀볼~~
1780573450352,노래 좋다
1780573451303,달팽이 ㄷㄷ
1780573451329,레드벨벳 노래같음
1780573451349,감기네 이거
1780573451527,달팽이인가
1780573451618,갸루양
1780573452112,룩삼: (흐믓)
1780573452687,전곡보단 좋네
1780573452694,수박씨 ㄷㄷ
1780573453218,미남이다
1780573453395,{:d_109:}{:d_109:}
1780573453954,타란티노가 찍었나
1780573454075,수박씨 ㅋㅋㅋㅋ
1780573454309,수박씨모지요
1780573454746,레드벨벳 느낌
1780573455994,칼바람 증각 GOAT
1780573456053,미나미상
1780573456075,버클리 출신이 개많음 여기
1780573456876,숏팬츠 아흐;;
1780573457268,퉤퉤퉤
1780573457942,흐흐
1780573458119,캬
1780573458141,ㅈㄴ 이쁘다
1780573458174,ㄱㅇㅇ
1780573458654,캬ㅑㅑ
1780573459978,가사도 적당하고
1780573460554,커엽 ㅋㅋㅋㅋㅋㅋㅋ
1780573462610,신라공주
1780573463811,룩삼찡~뉴진스 혜인이 젤 예쁘다고 했었자나? 바람피는거야?
1780573464165,ㄱㅇㅇ
1780573464287,ㄱㅇㅇ
1780573464640,드럼이 묵직한데
1780573464773,얘가 신라인가?
1780573466926,뮤비는 저예산 티가 나긴해
1780573467564,신라공주 예쁘다잉
1780573467895,대 신 라
1780573468021,ㄱㅇㅇ
1780573468042,상큼하이 쳐 쥑이네
1780573468501,오 이노래 제목 뭐임
1780573469613,얼굴 체급 ㄷㄷ
1780573470639,야호
1780573470825,신라공주 이름이 뭐임
1780573471136,미나미 음색이 사기임
1780573471794,3시 미소보소
1780573472956,통 일 신 라
1780573472972,산라통일!!!!!!!!!!!!
1780573473006,야~호
1780573473234,개이쁘다
1780573473315,표정 습박ㅋㅋㅋ
1780573473567,1시 표정
1780573474285,노래잘뽑는듯
1780573474678,모르겠다 야호~~
1780573474916,이노래 개좋네
1780573475562,신라공주 제나 까엉이
1780573475724,진땀승
1780573476420,노래제목 핀볼
1780573476447,{:d_59:}{:d_59:}{:d_59:}
1780573477108,1시 웃참실패
1780573477258,미나미 개지리긴하다
1780573477352,제나
1780573478096,ㅍㅂㅍㅂㅍㅂ~
1780573478377,^ㅁ^
1780573479492,ㅍㅂ~
1780573480378,캬ㅑㅑ
1780573480398,신라공주 제나
1780573480739,제나?
1780573481416,뭔 노래여 영상이나 올려라
1780573481895,캬
1780573481928,화음 고급스럽게 뺐네
1780573482095,오 노래 개좋은데?
1780573482138,신라공주 제나요
1780573482457,ㅍㅂㅍㅂㅍㅂ~
1780573482733,좋다 ㅋㅋㅋ
1780573482767,ㅍㅂㅍㅂㅍㅂ~
1780573483043,중소 특유의 짜치는 맛이 없네
1780573483089,먼데 할리우드
1780573483284,걍 좋음
1780573483344,캬
1780573483575,나도
1780573483584,ㅇㅇ
1780573483746,ㅍㅂㅍㅂㅍㅂㅍㅂ
1780573484033,ㄹㅇ
1780573484167,ㅋㅋㅋㅋ
1780573484180,아이 존나 좋네
1780573484196,신라공주 신덕
1780573484410,노래 걍 좋음
1780573484578,그러게
1780573484636,중독성 지리네
1780573484637,ㅇㅈ
1780573484767,캬
1780573484790,나도
1780573484907,미국에서찍었나
1780573485537,그 때도 좋다고 했었어
1780573485791,노래 좋긴 해
1780573485792,내도 그렇다
1780573485823,ㅋㅋㅋㅋㅋㅋ
1780573485970,나도좋아
1780573486001,ㄹㅇ 좋은데
1780573486154,트렌디함 걍
1780573486228,그때도 좋아했었음 ㅇㅇ
1780573486285,노래 개좋은데
1780573486323,이노래는 진짜 묻히기 아까워
1780573486328,좋아할줄알았음
1780573486504,신라윤정
1780573486798,나도
1780573486882,레드벨벳깔임
1780573486960,쉬워
1780573487028,좋네
1780573487063,이지해
1780573487243,그냥 좋음
1780573487275,그렇것 같았음 ㅋㅋㅋㅋㅋ
1780573487333,좋다
1780573487584,와
1780573487736,저번에도 좋다고함 ㅇㅇ
1780573488096,이건 걍 좋음
1780573488217,나도 이게 더 취향이다
1780573488312,{:d_59:}{:d_59:}
1780573488421,저기 경주 고분임?
1780573488597,ㅍㅂㅍㅂㅍㅂ
1780573488844,노래 진짜좋다
1780573489053,나도 이노래가 더좋음
1780573489283,나도
1780573489284,노래깔은 진짜 bb
1780573489413,뮤지직때도 이거 좋다고 했음
1780573489437,이게 진짜 좋음
1780573489669,"ㅍㅂㅍㅂㅍㅂㅍ~~~""="
1780573489739,ㅍㅂㅍㅂㅍㅂㅍㅂ
1780573490101,좋다 ㅍㅂㅍㅂㅍㅂ
1780573490125,핀볼~
1780573490176,좋다고 했었음
1780573490206,이지이지해~
1780573490263,노래가 너무 쉬워서 좋다
1780573490305,좋다
1780573490414,제나 듸지게 이븜
1780573490807,아니 중소 맞음???????????????/
1780573490904,미국뭐임
1780573491116,이거도 좋음
1780573491210,ㅍㅂㅍㅍㅂㅍㅂㅍㅂ
1780573491365,비트 굿
1780573492043,그래서 플리에 그때 넣었음
1780573492310,전에도 그랬음 ㅋㅋㅋ
1780573492511,거슬리는 부분이 하나도 없어서 좋은듯
1780573493449,그때도 좋다고했음
1780573493884,핀볼 ㄱㄱ?
1780573493914,ㅍㅂㅍㅂㅍㅂ
1780573494031,레드벨벳같다 그러게
1780573494603,이건 퀄이 중소 퀄이 아님
1780573495260,여기 기획사 중소라며 사운드 꽤 괜찮은데?
1780573495450,케이팝 알아보기 들을때도 좋아햇엇지 않나
1780573495545,룩삼찌잉~~  뉴진스 혜인이 젤 예쁘다며?? 바람 피는 거야~?
1780573495635,ㅋㅋㅋㅋㅋㅋㅋㅋㅋㅋ
1780573495918,좋은데
1780573496218,레벨 느낌 나는데
1780573496308,처음 들었을 때도 좋다고 했었어
1780573497015,ㅋㅋㅋㅋㅋㅋㅋㅋㅋㅋㅋ
1780573497647,취향갈릴 노래가 아님
1780573497809,노래력 높네
1780573498438,기억력이 없는 사람
1780573498529,외국 로케인가봐 ㄷㄷ
1780573498938,한결같구나
1780573499005,기억 아예 리셋 ㅋㅋㅋ
1780573499149,통일신라 어게인!!!!
1780573499973,레드벨벳 스멜
1780573500291,핀~볼게임
1780573501348,ㅋㅋㅋㅋ일관성있네
1780573501438,레드벨벳 수록곡 느낌
1780573501505,들어볼래 버전을 다시봐야겠다
1780573503469,?
1780573503979,난 데자부
1780573504096,중소라기엔 촬영을 잘한다
1780573504215,경주야?
1780573504416,?
1780573504469,일관성 하나는
1780573504845,한결같은 새끼 기억력 없는 새끼
1780573504874,이지리스닝 극한이네
1780573504941,기억력이 없는 사람 ㅋㅋㅋ
1780573505161,기억이 없는 남자
1780573505407,아니 신라공주 어린데 왤캐 성숙하냐
1780573505762,?
1780573507596,?
1780573507795,그러네 레드벨벳
1780573511544,핀볼 좋으면 데자부도 좋을듯
1780573514061,어어
1780573516094,원이
1780573516817,원이양
1780573517261,노래가 고급지네
1780573517306,파이리
1780573518129,파이리 ㅋㅋ
1780573518601,원이 양..
1780573519078,중소 안같음
1780573519189,수속성 파이리
1780573520096,{:d_94:}{:d_94:}{:d_94:}
1780573520238,갸루
1780573521065,뮤비 감독이 타란티노인가 발이 ㄷㄷ
1780573521140,대 나 미 ㄷㄷ
1780573522234,와 발
1780573522980,오....
1780573523148,어 발
1780573523354,발
1780573523553,발
1780573523776,레드벨벳 참여진 아님?
1780573524529,원이 목소리가특징이있네
1780573525150,원이양 파트가 적네
1780573525158,{:d_94:}{:d_94:}{:d_94:}{:d_94:}{:d_94:}
1780573525163,ㅍㅂㅍㅂㅍㅂ
1780573525579,와
1780573526052,ㅍㅂㅍㅂㅍㅂ
1780573526315,오/...........
1780573526726,믿 힌
1780573526747,어흐
1780573527184,핖티 느낌도 잇는거 같네
1780573527408,캬
1780573527733,아 좋다이
1780573528043,좋은데
1780573528503,체급 높은데
1780573529978,아 그래서 발
1780573530438,으어
1780573530629,웃음을 자아냅니다
1780573530840,뭔가 돈냄새남 ㄹㅇ
1780573531195,원이양...
1780573531450,파이리
1780573531822,타란티노님 여기에요
1780573531857,와 굴톤
1780573532505,옷 이쁘닫
1780573533265,으이
1780573533869,삔볼삔볼~~
1780573534134,ㅗㅜㅑ
1780573534730,ㅋㅋㅋㅋㅋㅋㅋㅋ
1780573534968,파이리양...
1780573535012,ㅋㅋㅋㅋㅋㅋㅋㅋㅋㅋ
1780573535072,음?
1780573535729,?
1780573535902,ㅋㅋㅋㅋㅋㅋㅋㅋㅋ
1780573535912,ㅋㅋㅋㅋㅋㅋㅋㅋ
1780573535969,ㅋㅋㅋㅋㅋㅋㅋㅋㅋㅋㅋㅋ
1780573536005,ㅋㅋㅋㅋㅋ
1780573536029,ㅋㅋㅋㅋㅋㅋㅋㅋㅋㅋㅋ
1780573536033,ㅋㅋㅋㅋㅋㅋㅋㅋ
1780573536469,ㅋㅋㅋㅋㅋㅋㅋㅋㅋ
1780573536490,ㅋㅋㅋㅋㅋㅋㅋㅋㅋ
1780573536600,ㅋㅋㅋㅋㅋㅋㅋㅋ
1780573536794,원이양...
1780573536814,ㅋㅋㅋㅋㅋㅋㅋ
1780573536827,ㅋㅋㅋㅋㅋㅋㅋ
1780573537060,ㅋㅋㅋㅋㅋㅋㅋ
1780573537070,ㅋㅋㅋㅋㅋㅋ
1780573537138,ㅋㅋㅋㅋㅋㅋㅋㅋ
1780573537304,음?
1780573537314,ㅋㅋㅋㅋㅋㅋㅋ
1780573537370,ㅋㅋㅋㅋㅋㅋㅋㅋㅋㅋ
1780573537506,ㅋㅋㅋㅋㅋㅋㅋㅋ
1780573537524,ㅋㅋㅋㅋㅋㅋㅋㅋ
1780573537580,?
1780573537639,ㅋㅋㅋㅋㅋㅋㅋㅋㅋㅋㅋㅋㅋㅋ
1780573537729,ㅋㅋㅋㅋㅋㅋㅋㅋ
1780573537743,ㅋㅋㅋㅋㅋㅋㅋㅋㅋㅋㅋㅋㅋ
1780573537936,ㅋㅋㅋㅋㅋㅋㅋㅋ
1780573538110,ㅋㅋㅋㅋㅋㅋㅋㅋㅋㅋ
1780573538156,1시 아저씨 출현
1780573538177,ㅋㅋㅋㅋㅋㅋㅋㅋㅋㅋ
1780573538273,으흐흫
1780573538292,?
1780573538375,ㅋㅋㅋㅋㅋ
1780573538446,파이리 몸매
1780573539034,ㅋㄲㅋㅋㅋㅋ
1780573539493,양머리
1780573539495,상현이니?
1780573539505,ㅋㅋㅋㅋㅋㅋㅋ
1780573539511,ㅋㅋㅋㅋㅋㅋㅋㅋㅋㅋㅋㅋ
1780573539581,으이
1780573540417,ㅋㅋㅋㅋㅋㅋㅋㅋㅋㅋ
1780573540523,거제누나 본업 잘하네
1780573540669,아저씨출현 ㅋㅋㅋㅋㅋㅋㅋㅋㅋㅋㅋ
1780573541051,전에도 좋다 했잖아 ㅋㅋㅋㅋㅋㅋㅋㅋㅋㅋㅋㅋㅋㅋㅋㅋㅋㅋㅋㅋㅋㅋㅋㅋㅋ
1780573541398,ㅋㅋㅋㅋㅋㅋㅋㅋㅋㅋㅋㅋㅋ
1780573542013,효니임?
1780573542585,원이양....
1780573543415,공업용 리액션 굿
1780573543821,근데 춤 되게 특이하다
1780573544375,유부남 맞나요
1780573544953,어흐 원이양....
1780573545144,춤도 엄청 살랑살랑부드럽게 잘추시네 다들;;
1780573545260,뮤비에 돈을 많이 쓰진 못했구나
1780573545382,와 방금 유튜브 보고왔는데 최근 영상들 조회수 500만씩 나옴 ㅋㅋㅋㅋㅋ
1780573545435,미나미양.........
1780573545867,ㅋㅋㅋㅋ
1780573546003,갑자기 백상현
1780573547692,효니야...
1780573548852,ㅍㅂㅍㅂㅍㅂ
1780573549004,어흐
1780573550530,{:d_94:}{:d_94:}{:d_94:}{:d_94:}
1780573551106,파이리양..
1780573551943,ㅍㅂㅍㅂ
1780573552409,거제야호양............
1780573552581,듣기 편하구나
1780573553493,원이가 진짜 지리네
1780573554736,구성이 진짜 근본 케이팝 구성이라 호감이야
1780573555197,이구간좋아
1780573555841,노래도 좋구
1780573556256,{:d_94:}
1780573556397,노래 좋다 이거
1780573558823,ㅍㅂㅍㅂ
1780573559110,메이즈러너양...
1780573560134,핀볼핀볼
1780573560324,노래들이 여름에 듣기 좋네
1780573560656,노래 개좋네
1780573560711,춤도 좋네
1780573561338,너무핀볼 원툴아니냐?
1780573562317,신라공주 ㄷㄷ
1780573562419,노래가 좋다
1780573564033,와 스타킹 미치겠네
1780573564124,감이 되게 좋네
1780573564640,가영양..
1780573565170,꼬부기 닮음
1780573565217,마려움
1780573565828,ㅇㅈ
1780573565931,ㅋㅋ
1780573566073,개좋다 진짜
1780573566179,ㅋㅋㅋㅋㅋ
1780573566283,ㅋㅋㅋㅋㅋㅋ
1780573566749,ㅋㅋㅋㅋㅋㅋㅋㅋㅋㅋㅋㅋㅋㅋㅋㅋㅋㅋㅋㅋㅋ
1780573566758,ㄹㅇ
1780573566903,ㅋㅋㅋㅋㅋㅋㅋㅋㅋ
1780573567448,ㄹㅇ
1780573567615,ㅋㅋㅋㅋㅋㅋㅋㅋㅋ
1780573567648,ㄹㅇㅋㅋ
1780573567719,ㄹㅇ
1780573567767,오나
1780573567774,ㅍㅂ ㅍㅂ ㅍㅂ~
1780573567988,훅잽이
1780573568103,ㅋㅋㅋㅋㅋㅋㅋㅋㅋㅋㅋㅋ
1780573568173,ㄹㅇ
1780573568286,ㅋㅋㅋㅋㅋㅋㅋㅋ
1780573568563,막내가 진짜 이쁘네
1780573568622,ㄹㅇ
1780573569500,ㄹㅇ
1780573569536,피인볼~ 피인볼~
1780573569566,ㄲㅂ
1780573569649,발
1780573569709,아..
1780573570172,발
1780573570181,ㄲㅂ
1780573570279,ㄲㅂ
1780573570417,ㅋㅋㅋㅋㅋ
1780573570494,ㄲㅂ..
1780573570515,ㅋㅋㅋㅋㅋㅋㅋㅋㅋ
1780573570517,ㅋㅋㅋㅋㅋㅋㅋㅋㅋㅋㅋㅋ
1780573570525,오 발;;
1780573570536,중소인데 돈 많이 썼네
1780573570644,캬
1780573570647,ㅋㅋㅋㅋㅋㅋㅋㅋㅋㅋㅋㅋ
1780573570697,ㄲㅂ
1780573570908,훅을 잘만듬
1780573570949,ㄲㅂ
1780573571088,ㄲㅂ
1780573571126,오
1780573571366,타란티노~
1780573571837,또 들어 걍
1780573571928,발
1780573572160,오 발컨
1780573572200,발 ㄷㄷ
1780573572594,앰버그리스향이라는데 무슨 향임?
1780573572603,?
1780573572660,역재생
1780573572677,어케헀누
1780573572697,발
1780573572803,와 발뭐야 미침?
1780573572936,발
1780573573153,ㄲㅂ
1780573573195,발
1780573573590,발 믿힌
1780573573725,ㅋㅋㅋㅋㅋㅋㅋㅋㅋㅋㅋ
1780573573843,어케했누 ..
1780573573845,ㅋㅋㅋㅋㅋㅋㅋㅋ
1780573573924,ㅍㅂㅍㅂㅍㅂ
1780573573978,발은 인죵
1780573574001,타란티노..
1780573574006,어흐
1780573574125,어흐
1780573574371,발ㄷㄷㄷㄷㄷㄷㄷㄷㄷㄷㄷㄷㄷㄷㄷ
1780573574497,?
1780573574524,ㄲㅂ
1780573575018,또들으면 되지 ㅋㅋ
1780573575027,발페티시 뭔데......
1780573575069,너 핀볼 중독이야
1780573575108,ㄲㅂ
1780573575224,오
1780573575769,송희롱
1780573575806,어흐
1780573575994,핏물
1780573576381,발
1780573576448,발컨 ㄷㄷ
1780573576708,발.
1780573576743,오 잘부르노
1780573578408,이곡장점 제작비저렴
1780573579025,필볼은 그녀석이 좋아했는데
1780573579196,트래핑보소
1780573579475,들어볼래에서도 했나 저거
1780573579776,노래 퀄 개좋네
1780573580184,발은 어흐어흐
1780573580765,타란티노가 뮤비만듬?
1780573580885,음악 생각보다 좋네
1780573581472,ㄲㅂ
1780573582112,어흐
1780573582793,발 어흐어흐
1780573583235,타란티노햄 함박웃음
1780573587053,나도
1780573588387,훅을 잘 뽑네
1780573588781,ㅍㅂㅍㅂ~
1780573589402,내도
1780573591109,러브어택이 상큼함
1780573591660,앞에 발페티쉬 복선이어승ㅁ?
1780573591837,대중적
1780573593157,대중적
1780573593159,대중성도
1780573593206,데자뷰 들어주세요...
1780573593447,대중적인 느낌
1780573593460,핍티핍티는 언제해여...
1780573594503,맞긴해
1780573594618,노래 다 좋긴 하다
1780573595360,그룹 특색이 잘 산다?
1780573595419,대중적
1780573595461,냄새
1780573595499,러브어택 존좋
1780573596319,체급
1780573596726,완성도가 높다
1780573597072,습하
1780573597264,러브어택이 대중적이지
1780573598000,향긋
1780573599089,대브어택은 그냥 대중 저격임
1780573599108,보약느낌
1780573600397,할트어택내맘을공격해
1780573600658,ㄹㅇ
1780573600894,데자뷰가 진짜 좋은데
1780573601079,대중성은 럽어택
1780573601532,톡쏘는데 핀볼은
1780573601716,이것도 괜찮던데
1780573601770,냄새습하
1780573602069,삐삐삐~
1780573602233,글로우업 최애곡
1780573602585,이것도 좋은데
1780573602610,훅이랑 벌스랑 대비가 강해서 그래
1780573603067,결국 대중들이 좋아하는데에는 이유가 있는거다~
1780573603106,글로루업
1780573603204,일단 비트부터 힙해서 좋았다
1780573604180,발페티쉬 복선 ㅋㅋㅋ
1780573604290,글로우 업~
1780573604403,미니 2집
1780573606037,최신곡인가
1780573606122,나는 이거
1780573606710,이것도 좋지
1780573606855,뗴뗴뗴뗴뗴뗴~ 끌로업
1780573607773,글로우업은 뭐지
1780573607794,이것도 들어볼래에서 부름
1780573607850,이노래내취향 ㅋㅋㅋ
1780573608069,근토리
1780573608860,와..
1780573608889,이 노래도 훅이 좋음
1780573609158,난 여기부터모르는데
1780573609397,글로우업
1780573609909,비누향
1780573610095,꺼웝
1780573610538,뉴진스 혜인이 젤 예쁘다며? 좋아하는 깔 바뀐거야?
1780573610642,난 이노래 젤 좋아해
1780573610656,글로업
1780573611146,여자친구 뮤비같네 ㅋㅋ
1780573611227,글로우업~
1780573611379,글로우 업~
1780573612111,이것도 들어볼래였네
1780573612149,글로업
1780573612638,얘네 노래가 저점이 높음
1780573612767,노래가 진짜 깨끗하고 맑다
1780573612973,난 이게 제일 좋더라
1780573613013,캬
1780573613280,이노래도 좋더라
1780573613835,중소치고 뮤비퀼이 좋네
1780573614664,이거도 들어볼래 라이브
1780573615108,끌로업
1780573615140,글럽
1780573615140,근토린가
1780573615233,뮤비가 다있어?
1780573615460,뗴뗴뗴뗴뗴뗴뗴
1780573615887,이거 라이브로 본거
1780573616043,{:d_108:}{:d_108:}{:d_108:}{:d_108:}
1780573616925,이쁘노
1780573617132,야호
1780573617363,좋지
1780573617730,이것도 띵곡
1780573618208,들어볼래~
1780573618411,여자친구느낌이다
1780573618530,파이리양
1780573618557,보통 뮤비를 숙소 하나 잡고 찍는구나 ㅋㅋㅋㅋㅋ
1780573619393,개이뻐
1780573619396,시작이 좋네
1780573619912,좋은데
1780573620388,이거 좋음
1780573620701,오 이뻐
1780573621025,캬
1780573621618,으헤헤
1780573621791,근데 뮤비마다 의상 감다살이네
1780573621947,3명만 알겠다 진짜
1780573621952,들어볼래 때 불렀던거 ㅋㅋㅋㅋ
1780573622116,캬
1780573622385,개띵곡
1780573622629,얼굴 체급 ㄷㄷ
1780573622788,{:d_94:}{:d_94:}{:d_94:}
1780573623269,아야
1780573623621,이노래도 조음
1780573623844,어 느낌 오는데
1780573624385,체급보소
1780573624481,야호누나당
1780573624600,이 뮤비가 유독 이쁘게 나왔던데
1780573624711,이쁘다
1780573624901,{:d_94:}{:d_94:}{:d_94:}{:d_94:}{:d_94:}
1780573624958,{:d_94:}{:d_94:}{:d_94:}
1780573625104,이센스 미만 잡
1780573625256,안되
1780573625599,오
1780573626447,체했니 ?
1780573626624,야호
1780573628017,룩삼이 직관했잖아
1780573628262,얼굴 체급 보소;
1780573628394,이게 중소돌이지
1780573628527,오자막있네
1780573628608,갸루다
1780573629205,ㅋㅋㅋㅋ
1780573629337,억랩시작은
1780573629578,얘네보면 뭔가 웃음만 나옴 ㅋㅋㅋㅋ
1780573629620,거제 야호~~
1780573630100,야호
1780573630571,얼굴 체급이
1780573630833,처음듣나?
1780573630871,난 이게 좋더라
1780573632235,야호
1780573632423,비누향이네 얘가
1780573633095,아일릿 삘이다
1780573635143,야호
1780573635422,제나가 ㅈㄴ이쁘구나
1780573635674,뭐야 이거 좋다
1780573636151,억랩
1780573636179,제나제나양
1780573636484,미나미양은 랩도잘하네
1780573636843,뮤지직때 이것도 봤나
1780573637033,여자친구?
1780573637477,신라공주
1780573638235,스읍
1780573638537,1시 표정 비상 ㅋㅋ
1780573638794,와 이쁘네
1780573638861,신라윤정
1780573639190,뾰루퉁 표정 뭐죠
1780573639216,억랩바로 반응오네
1780573639561,아일릿 느낌이다
1780573639625,음….
1780573639793,갸루 신라공주 체급 지리네
1780573639962,ㅋㅋㅋㅋㅋ
1780573640235,표정 ㅋㅋ
1780573640321,ㅋㅋㅋㅋㅋㅋㅋㅋ
1780573640321,캬ㅑㅑㅑ
1780573640474,제나야
1780573640609,오
1780573642105,아 이노래~
1780573642769,표정 ㅋㅋㅋㅋ
1780573642984,끄덕끄덕
1780573643063,노래에 항상 향기 느낌 나긴하네
1780573643372,이노래 개좋음
1780573643761,와 고윤정
1780573644061,파이리
1780573644151,파이리
1780573644464,억랩 ㅋㅋㅋ
1780573645137,오
1780573645192,그래 억랩을 하지마라
1780573645312,고우시네
1780573645616,첨들어보네
1780573645631,가볍고 좋네
1780573646116,트렌드 케치를 잘하는듯
1780573646277,원이당ㅋㅋ
1780573646315,파이리양
1780573646617,뉴진스 혜인 버리고~좋아하는 깔 바뀐거야?
1780573646807,{:d_94:}{:d_94:}{:d_94:}
1780573647081,파이리
1780573647663,체급뭐냐
1780573647722,원이양
1780573647828,1시 아저씨출현
1780573649413,이쁘다
1780573649733,향이라는 가사를 좋아하네
1780573649848,가사도 향기네
1780573649995,노래들이 전체적으로 갓씻고나온 뽀송한냄새나네
1780573650635,억랩은 빼줘 ㅠㅠ
1780573652256,억랩안하니까 좋자나
1780573652398,야호
1780573652845,억랩은 좀..
1780573652912,야호~
1780573654084,진짜 유튜브로 뜬거구나
1780573654327,상큼해
1780573655064,이떄부터 외모 전성기왓네
1780573655388,한국어 자막 있네 이건
1780573655639,근데 다 예쁘네..
1780573656379,dhdn
1780573656420,캬
1780573656563,노래 체급좀 되네?
1780573656740,캬
1780573656884,오
1780573656982,캬
1780573657028,프로젝트 헤일메리 ㄷㄷ
1780573657130,아
1780573657152,연습생
1780573657171,억랩은 좀 아쉬워
1780573657289,오
1780573657677,와
1780573657681,캬\
1780573657688,캬ㅑㅑㅑㅑ
1780573657840,오오~
1780573657896,캬
1780573657959,표정봨ㅋ
1780573658042,오
1780573658237,캬
1780573658291,야호~
1780573658301,1시 학부모 출현
1780573658404,캬
1780573658744,오
1780573658938,와
1780573658943,오
1780573659006,오
1780573659204,아 이거
1780573659356,오
1780573659367,메이
1780573659760,귀엽네 ㅋㅋㅋ
1780573659933,와우
1780573660023,얘네 귀여워서 억랩 없어도 되는뎅
1780573660206,오
1780573660272,캬
1780573660409,오
1780573660505,오
1780573660520,오
1780573660696,개좋아 노래
1780573660992,와
1780573661004,오
1780573661111,프리 없이 바로 후렴이네
1780573661368,오 좋은데
1780573661438,캬
1780573661503,오
1780573661593,{:d_42:}{:d_42:}{:d_42:}{:d_42:}{:d_42:}
1780573661617,퀄보소
1780573661709,띠끼따~
1780573661725,메이가 이뻐
1780573661754,캬
1780573661984,아이 좋아
1780573662056,캬
1780573662203,방금 혀 좋아
1780573662265,좋은데?
1780573662530,노래 좋다
1780573662610,노래 좋다 이건
1780573662627,연습생 1
1780573662876,체급 좋은데
1780573662957,와
1780573663016,오
1780573663249,이거 좋다
1780573663270,어? 들어봣는데
1780573663288,캬
1780573663639,얼굴체급이 높음 얘네
1780573663704,어 들어봤어
1780573663985,메이즈러너 개이쁘네
1780573664048,노래좋은데
1780573664481,와 누구임?> 개이쁜데
1780573664666,이지하네
1780573664800,좋은데
1780573664897,여기가 개쳐좋음
1780573664902,메이 이쁘다
1780573665130,좋다잉
1780573665141,아하 이런 느낌?
1780573665170,예쁘다
1780573665183,오 뭔가 팍왓는데
1780573665309,좋네
1780573665427,메이즈러너양...
1780573665578,이노래가 1황 같은데
1780573665703,이노래도 좀 향기상상되네
1780573665874,크
1780573665948,좋네
1780573666048,좋네
1780573666916,오 좋은데 이것도
1780573666943,ㅇㅇ
1780573666986,ㅇㅇ
1780573667029,ㅇㅇ
1780573667519,ㅔ
1780573667548,ㅇㅇ
1780573667588,ㅇㅇ
1780573667643,좋다
1780573667690,기억 삭제
1780573667940,오 개좋네
1780573667972,ㅇㅇ
1780573668211,ㅇㅇ
1780573668292,들어볼래
1780573668470,노래가 걍 좋긴하네
1780573668522,ㅇㅇ했음
1780573668588,그럴걸
1780573668601,했을걸?
1780573668645,ㅇㅇ
1780573668815,ㅇㅇ
1780573668833,ㅇㅇ
1780573668834,ㅇㅇ
1780573668836,ㅇㅇ
1780573668839,ㅇㅇ
1780573668926,ㅇㅇ
1780573669020,ㅇㅇ
1780573669111,ㅇㅇ
1780573669187,ㅇㅇ
1780573669192,ㅇㅇ
1780573669309,했다는거임
1780573669383,ㅇㅇ
1780573669422,그럴껄
1780573669521,노래 체급이 그냥 좋네
1780573669542,했었나?
1780573669548,ㅇㅇ
1780573669562,깊어 깊어
1780573669641,했어요....
1780573669737,다 퀄이 좋은데?
1780573670114,ㅇㅇ
1780573670198,왜 좋은데 와
1780573670239,억랩만 좀 줄이면 되겠다
1780573670316,ㅇㅇ
1780573670334,방금 뭔가 팍 왓음
1780573670409,ㅇㅇ
1780573670424,{:x0due0duebb:}{:x0due0duebb:}{:x0due0duebb:}
1780573670886,ㅇㅇ
1780573670959,ㅇㅇ
1780573671002,ㅇㅇ
1780573671074,기억력 좋네
1780573671443,헉 이것도 리센느 꺼였어?
1780573671506,코맹메이
1780573671903,했음ㅇㅇ
1780573672008,오 좋다
1780573672817,뗴뗴뗴뗴뗴뗴뗴~ 글로업~
1780573672829,캬
1780573673325,훅 좋아
1780573673595,이거 했었음
1780573673702,기억하는구나
1780573674019,캬ㅑㅑㅑ
1780573674035,음~ 향긋해
1780573674191,오
1780573674275,오 기억하네
1780573674454,오
1780573674522,오
1780573674523,캬
1780573674543,오
1780573674623,ㅇㅇ했음
1780573674631,옹?
1780573674739,이게 제일 좋은데
1780573674816,대대대대대
1780573675290,거의 다 봤을 걸
1780573675840,글뤄업
1780573675913,했어요 나갈때 활동곡이었음
1780573676412,이걸 기억해?
1780573676430,ㄸㄸㄸㄸㄸㄸㄸㄸ
1780573676473,끌로업~
1780573676549,오
1780573676562,메이 진짜 개이쁘네 ㄹㅇ
1780573677236,아
1780573677304,노래 귀여운거봐라
1780573677546,ㄸㄸㄸㄸㄸㄸㄸㄸ
1780573677547,지리네
1780573677625,개좋은디?
1780573677666,오우
1780573677726,개 귀엽네
1780573677802,훅을 잘 만드네
1780573677906,ㄸㄸㄸㄸ
1780573677941,땤!
1780573678101,떼떼떼떼
1780573678113,좋당
1780573678118,ㄸㄸㄸㄸ
1780573678192,떼떼떼떼떼
1780573678522,오
1780573678834,노래 좋네
1780573678905,ㄸㄸㄸ
1780573678933,이것도 했어
1780573679358,이걸 기억하네
1780573679444,개맛있네
1780573679784,음?
1780573680011,아 이게 리센느 꺼였구나
1780573680264,ㄸㄸㄸㄸㄸㄸㄸㄸㄸㄸ~
1780573680396,끌로업
1780573680407,이게 난 젤 낫네
1780573680421,노래가 무슨 다좋네
1780573680451,노래 다 좋네..
1780573680587,오
1780573680706,느낌있네
1780573680951,뚜따따ㄸ따따따
1780573681137,ㄸㄸㄸㄸㄸㄸㄸ
1780573681198,ㄸㄸㄸㄸㄸㄸㄸㄸㄸ
1780573681650,곰보업~
1780573681914,ㄸㄸㄸㄸㄸㄸㄸㄸ
1780573682070,미나미 개이쁘다
1780573682079,캬ㅑㅑㅑ
1780573682243,ㄸㄸㄸㄸㄸㄸㄸ
1780573682291,ㄸㄸㄸㄸㄸㄸ
1780573682538,ㄸㄸㄸㄸㄸㄷ
1780573682854,와 공주님
1780573682918,ㄸㄸㄸㄸㄸㄸㄸ
1780573682925,피프티깔이네
1780573682989,ㄸㄸㄸㄸㄸ
1780573682993,저점이 높구나
1780573683199,ㄸㄸㄸㄸㄸㄸㄸㄸㄸㄸㄸ
1780573683293,노래 다 괜찮네
1780573683510,오 좋은데 뭐야
1780573683690,ㄸㄸㄸㄸㄸㄸㄸㄸㄸㄸ
1780573684099,이거좋다
1780573684579,캬
1780573684687,데자부가 좋던데
1780573684724,야 고윤정
1780573684837,뚜따따따
1780573684837,좋네
1780573685271,진짜 개이쁘네
1780573685777,공주님 개이뻐
1780573686296,아니 이사람이 기억을 한다고?
1780573686300,ㄸㄸㄸㄸㄸㄸㄸㄸ
1780573686832,뚜띠두따띠띠
1780573686971,공쥬님 ㄷㄷ
1780573686976,글로와~
1780573687281,신라공주 이쁘다
1780573687571,여기서 미나미 한갱 닮음
1780573687742,러브어택이랑 글로우 업 두곡 함
1780573687764,제나 얼굴체급 ㄷㄷ
1780573688079,괜찬네
1780573689185,노래 좋네
1780573689648,뜌땨뜌땨
1780573689714,비트 좋다
1780573690125,준내이쁘네
1780573690523,체급 개높은데? ㅋㅋㅋ
1780573690555,와
1780573690586,여기 다들이뻐
1780573691041,공주님 체급봐라
1780573691139,노래들 체급 지리네
1780573691552,훅 잘만든다
1780573691973,노래 다 좋은데 왜 못떴었지
1780573693065,리브양
1780573693501,공주님 개이쁘시네
1780573693808,어흐
1780573693998,디엘시2
1780573694175,대체적으로 노래를 잘 뽑네
1780573694454,누구지
1780573694680,리브양...
1780573694903,와
1780573695195,공주님 체급 ㄷㄷ
1780573695402,노래 체급이 다 좋은데
1780573695492,리브개이쁘네
1780573695714,다 이쁘노
1780573695748,좋다
1780573695775,와 이분 예쁘네
1780573695810,리브 존내 이뻐
1780573695878,아하
1780573695892,연습생이다
1780573695940,회사 대표님이 버클리라 했던거 같은데
1780573696226,리브양..
1780573696498,이분 누구시죠
1780573696557,와
1780573697184,퀄 중소가 아니야 ㄹㅇ
1780573698021,{:d_94:}{:d_94:}{:d_94:}{:d_94:}{:d_94:}{:d_94:}
1780573698158,{:d_47:}{:d_47:}
1780573698168,리브양...
1780573700177,리브 이뻐
1780573700470,왕갈비리브양...
1780573700645,다이쁘노
1780573701172,아니 노래가 다 좋은데 생각보다
1780573701514,저점이 높은편이네
1780573702110,메이양..
1780573702308,노래는 다 좋았네
1780573702674,메이가 진짜 이뻐
1780573703050,애초에 뜰만했네
1780573703880,노래 좋네 이거
1780573704042,왜 안떳지?
1780573704204,연습생1
1780573704331,{:d_94:}{:d_94:}{:d_94:}{:d_94:}{:d_94:}
1780573704449,그만큼 중소여돌 뜨기 힘듦
1780573704643,파이리
1780573705309,5세대 1짱 먹자
1780573705428,억랩 심어주고
1780573705602,사운드는조아 킥한방이 잇음 딱 뜰만한데 노래들이
1780573705848,다 이쁘시네
1780573706044,파이리당
1780573706406,러브어택보다 더 좋네
1780573706636,노래 다좋았는데 왜못뜸
1780573707786,어흐
1780573707799,{:d_223:}{:d_94:}{:d_94:}{:d_94:}{:d_94:}{:d_94:}
1780573707869,좋은데
1780573707879,개이쁘네
1780573708256,잘하는데 그냥
1780573708657,살랑 살랑
1780573708657,리본파이리 커엽네
1780573709206,이분이 이쁘신데
1780573709549,{:d_94:}{:d_94:}{:d_94:}{:d_94:}
1780573710349,괜찮네 노래들
1780573710761,캬
1780573710837,심어주고
1780573711120,이노래좋네
1780573711600,이분누구야 개이뻐
1780573712091,와
1780573712277,개이쁘네
1780573713210,진짜 돌시장 빡세구나
1780573713682,개이쁘네
1780573713931,공주님 진짜 이쁘네...
1780573713953,{:d_41:}
1780573714235,메이양...
1780573715008,허리 보소
1780573715146,와 노래 다 좋은데도 못떴었네
1780573715944,저 막내분이 귀엽네
1780573715949,러브어택이 가장 별론데? 다 노래 ㅈㄴ 좋다
1780573716528,메이 목소리보소
1780573716700,나도 러브어택보다 좋ㅇ느데
1780573717006,이름뭐야이름
1780573717277,파이리는 랩 전문인가
1780573717304,너무 슴슴한데
1780573718794,개이뻐
1780573718812,리브인가
1780573719443,그냥 좋은데
1780573720156,파이리 개귀엽네 ㅋㅋㅋ
1780573720303,ㄹㅇ 홍보가 잘 안되었던 것 뿐이었네
1780573720930,오
1780573721821,싸미는 리자몽 좋아하는데...
1780573722039,캬ㅑㅑ
1780573722309,너무 슴슴해
1780573722829,노래 다 괜찮네
1780573722981,캬
1780573724067,오홍
1780573724235,캬캬
1780573724417,슴슴한데
1780573725339,캬ㅑㅑㅑ
1780573725515,노래 좋다 이것도
1780573725538,이 노래가 제일 좋은데
1780573725709,크 원이
1780573725724,맛있네 ㅋㅋㅋㅋㅋㅋㅋㅋㅋㅋㅋㅋㅋ
1780573725902,좋다
1780573726152,노래 왜 다 좋냐
1780573726353,노래 좋네
1780573726736,캬 노래 쥰내 좋다 ㅠㅠ
1780573726993,{:d_42:}{:d_42:}{:d_42:}{:d_42:}{:d_42:}
1780573727474,와
1780573727573,원이양...
1780573728583,와
1780573728728,좋다
1780573728754,다 이지리스닝이네
1780573728779,{:d_223:}{:d_94:}{:d_94:}{:d_94:}{:d_94:}
1780573728834,쟤깍 소리 좋다
1780573728902,ㄹㅇ 노래 다 괜찮노ㅋㅋㅋㅋ
1780573729002,원이 캬
1780573729619,이건 진짜 좋네
1780573729649,이거 개좋은데
1780573729792,아니 노래도 다좋고 애들도 예쁜데 ㄹㅇ 못뜬게 아쉽노 키키랑 다르게
1780573731628,훅이 좋은데
1780573732595,노래 저점이 높은데?
1780573732822,원이양..
1780573733327,전체적으로 목소리가 다 부드럽다
1780573734758,뭔가 상큼해
1780573736459,얘넨 순수하게 중소라 못뜬듯
1780573736612,ㅇㅇ
1780573737011,ㄸㄸㄸㄸㄸㄸㄸㄸㄸㄸ
1780573737103,아니 여기랑 뗴뗴뗴 가 좋네
1780573738717,데데데데데~
1780573739160,노래 다 이지리스닝 깔인데 괜찮네
1780573739453,ㄸㄸㄸㄸ~~
1780573739491,ㄸㄸㄸㄸㄸ~~ 끌로업
1780573739632,ㅇㅇ
1780573739670,뗔
1780573739896,무난하게 좋네
1780573740002,ㄸㄸㄸㄸㄸㄸㄸㄸㄸㄸㄸ
1780573740761,성장서사
1780573740864,ㄸㄸㄸㄸㄸㄸㄸㄸㄸ
1780573740965,노래가 다 솜사탕같네
1780573741071,ㄸㄸㄸㄸ
1780573741191,ㄸㄸㄸㄸㄸㄸㄸㄸㄸㄸ
1780573741241,근데 저점만 높긴함
1780573741499,곱다
1780573741544,이게 비누향인가
1780573741587,ㄸㄸㄸㄸㄸㄸㄸㄸㄸ
1780573741705,ㄷㄷㄷㄷㄷ
1780573741946,여 부분리 좋음
1780573742276,비누향나네
1780573742363,ㄸㄸㄸㄸㄸㄸㄸㄸㄸ~
1780573742729,이게 제일 좋네
1780573743086,훅이 술술 넘어가네
1780573743233,ㄷㄷㄷㄷㄷㄷㄷㄷㄷㄷㄷㄷ
1780573743333,ㄸㄸㄸㄸㄸㄸ가 좋아
1780573743474,여자친구 감성
1780573743715,걍 생기가 도랐음
1780573743817,수수한 느낌
1780573743872,ㄸㄸㄸㄸㄸㄸㄸㄸㄸㄸ
1780573743877,ㄸㄸㄸㄸㄸㄸㄸㄸ
1780573743889,향기가 느껴지네요
1780573744003,데자부가 좋던데
1780573744177,ㄸㄸㄸㄸ
1780573744221,ㄸㄸㄸㄸㄸ
1780573744525,상큼한 맛이 좋음
1780573745629,뗴뗴뗴ㅖ
1780573745703,ㄸㄸㄸㄸㄸㄸ
1780573745827,ㄸㄸㄸㄸㄸㄸㄸ
1780573745979,야호
1780573745992,비누 향 ㅋㅋㅋㅋㅋ
1780573746109,진짜 이즈리스닝이라 듣기 너무 편함
1780573746119,음~ 비누냄세
1780573746810,노래퀄이 좋아
1780573747391,여기가
1780573747474,이땐 또 이지리스닝 한참 잘나갈때 아닌가?
1780573747532,ㄸㄸㄸㄸㄸㄸㄸㄸㄸㄸㄸㄸㄸ
1780573747692,ㄸㄸㄸㄸㄸㄸㄸㄸㄸㄸㄸ
1780573747776,딱봐도 맑잖아
1780573747823,ㄸㄸㄸ ㄱㄹㅇ
1780573747984,목소리가 팍 튀는거 없이 부드럽네
1780573748122,원이양...
1780573748582,비누향임 ㅇㅇ
1780573748734,비누향이네 ㅇㅇ..
1780573748864,{:d_42:}{:d_42:}{:d_42:}{:d_42:}{:d_42:}{:d_42:}{:d_42:}
1780573748989,원이양 허리가...
1780573749740,한 타이밍 쉬었다가 팡 터지는게 좋네
1780573749775,노래 왤케 다 잘뽑냐
1780573750274,리센느 노래가 튀지않고 듣기에 좋음
1780573750576,이거 비누향인가
1780573751109,들어볼래 선구안 뭐삼요?
1780573752093,ㄸㄸㄸㄸ
1780573752277,좋네
1780573752454,아일릿 느낌
1780573752595,비누비누
1780573752872,깨끗하잖아
1780573752966,진짜 아이돌판 말이 안된다 노래 퀄이랑 비주얼이 이런데 뜨기가 힘들구나
1780573753360,ㄸㄸㄸㄸㄸ
1780573753833,이건 비누향임?
1780573753924,ㅇㅇ 저땐
1780573755375,비누네
1780573755420,듣기 편한데 너무 비어있지는 또 않아서 좋네
1780573755787,비누향인가
1780573756297,노래가 다 이지리스닝이긴 함
1780573757009,들어볼래 돌아와
1780573757170,와ㅏㅏㅏ
1780573757349,리브야 ㅠㅠ
1780573757422,ㅏㅏㅏㅏ
1780573758376,저 분 규리 닮았다
1780573758482,캬
1780573758579,이게 비누향
1780573758596,근데 넘이쁘다 다들
1780573759330,오우
1780573759676,이뻐요
1780573759781,남규리 닮았다
1780573760330,비누향
1780573760818,저땐 이지리스닝이 대세였음
1780573761430,돈 있어야 뜬다
1780573761992,"비누네,,"
1780573762186,오 노래가 좋다 다 생각보다
1780573762912,요
1780573762934,하 피부 나도 깨끗해지고싶다
1780573763137,체급이 좋네
1780573763164,근데 진짜 비누향나네 노래에서
1780573763218,이게 비누향임
1780573763264,캬
1780573763272,캬
1780573763496,캬
1780573763854,뮤비 때깔이 중소 느낌은 아니네
1780573764106,리센느 뜰만하다잉
1780573764649,발매때 못뜬게 아쉽다 ㅠ
1780573765154,?
1780573765176,끌로업
1780573765311,케이팝이 너무 레드오션이야
1780573765566,근데 뮤비때깔이 넘 좋은데
1780573765713,저땐 이지리스닝의 시대였지
1780573765877,아 왜 짧아!!!!!!
1780573766735,들어볼래 선구안 뭐지요??
1780573766756,야 들어볼래2 언제해
1780573766910,꽈앙
1780573766915,ㄱㄹㅇ
1780573767568,비누비누
1780573767655,이게 비누더라
1780573767750,노래가 부드러운데 임팩트는 일부러 안넣은건가
1780573767994,진짜 개쳐이뻐
1780573768149,좋구만
1780573768428,노래 체급 좋네
1780573769037,비누네
1780573769327,오
1780573769411,오
1780573769686,ㅂㄱ누
1780573770674,데자부 어서 듣고 싶네
1780573771050,오
1780573771352,들어볼래2 언제해!!
1780573771649,이스 더 도브~
1780573771704,오
1780573772225,오
1780573772323,데자부 ㄱㄱ
1780573772614,오
1780573772739,비누~
1780573772819,오
1780573773041,오 비누향
1780573773358,맞네
1780573773572,오
1780573773662,진짜 비누향맞네ㅇㅇ
1780573773791,오
1780573774131,비누향 ㅇㅈ
1780573774305,파라파라가 고점 찍었잖아
1780573774424,진짜 비누네
1780573774465,피에젖은 풀잎 ㄷㄷㄷ
1780573774477,오이비누 ㄷㄷ
1780573774548,느껴진다
1780573774583,오
1780573774833,오이비누 굿
1780573774879,뽀득뽀득
1780573775273,도브네 도브
1780573775315,도브냄새
1780573775414,비누셔
1780573775462,비누 있다
1780573775972,비누냄새 났음 ㄹㅇ;
1780573775972,도브 비누 향
1780573776028,다 컨셉이 있네
1780573776203,확실하네
1780573776444,그거 수록
1780573776868,진짜 비누네
1780573777022,앰버그리스는 뭐지
1780573777171,맞네 딱 그 느낌임
1780573777716,비누 인죵ㅋㅋ
1780573778172,핀볼향
1780573778495,엠버그리스
1780573778566,앰버그리스
1780573778815,수록곡이여?
1780573778895,핀볼향
1780573779215,핀볼 향
1780573779232,에버그레이스?
1780573779415,오 뭔가
1780573779424,앰버그리스쪼깅ㄴ듯
1780573779485,몰루
1780573779918,순서대로 아님?
1780573780254,핀볼향
1780573780318,몰라
1780573780324,핀볼 도파민
1780573780340,엠버그리스
1780573780367,타이틀이아닌가바
1780573780534,앰버그리스
1780573780837,그건 수록곡
1780573780838,ㅋㅋㅋㅋ
1780573780896,앰버그리스
1780573780995,핀볼 향
1780573781016,앰버그리스
1780573781089,킁킁
1780573781227,수록곡
1780573781241,핀볼향
1780573781301,심드롬 앨범
1780573781629,무취무향
1780573781663,수록곡인가보네
1780573781687,핀볼향
1780573781691,핀볼향
1780573781718,신그롬
1780573781823,핀볼향
1780573781941,핀볼향
1780573781973,오 그르네 비누네
1780573782158,앨범이라..
1780573782216,발
1780573782238,피에 젖은 풀잎 향 기대 중
1780573782256,앰버그리스
1780573782771,살냄새
1780573782780,핀볼향
1780573782951,공 향
1780573783218,스댕
1780573783336,핀볼향
1780573783386,오락실향
1780573783451,수록곡은 향 없나봄
1780573783477,핀볼 아님?
1780573783495,핀볼은 핀볼인갑제
1780573783545,그냥느껴
1780573783769,앨범 사면 그 향이 담긴 굿즈를 줌
1780573783785,핀볼향
1780573783914,앰버그리스 아님?
1780573783948,엠버그리스아님?
1780573784025,쇠향
1780573784057,도브
1780573784167,오이비누횽이야
1780573784302,그건 그냥 ㅋㅋ
1780573784374,철 향
1780573784471,신드롬 앨범
1780573784768,앰버 머시기
1780573784793,발
1780573784898,에보ㅓ그레이스
1780573784967,핀볼향
1780573785395,쇠냄새지뭐
1780573785460,엘범이잖음
1780573785467,핀볼 수록곡임
1780573785793,수록곡이라
1780573785907,앰버그리스 ㅜ머지
1780573786173,핀볼향
1780573786341,ㅋㅋㅋㅋㅋㅋㅋㅋ
1780573786630,앨범이잖아
1780573786658,수록곡인듯
1780573786760,쇠구슬향
1780573786815,가자 에버그레이스
1780573787030,핀볼수록곡임??
1780573787046,핀볼은 수록곡이던데
1780573787397,생활화학 하시는구나
1780573787497,엠버그리스향인듯?
1780573787544,에버그레이스향
1780573787651,스댕
1780573787713,핀볼 수록곡이라 없어요
1780573787737,에버그레이스?
1780573788112,핀볼향 ㅋㅋ
1780573788112,엄버그리스가 뭔가요
1780573788118,멘솔
1780573788245,에버그레이스향이 뭔데
1780573788463,그냥 핀볼인가
1780573788493,강철 향이요ㅗ
1780573788521,핀볼향
1780573788682,스뎅향
1780573788766,쐬냄새야?
1780573788850,가자 에버그레이스
1780573789197,앨범 향이래
1780573789302,수록향
1780573789329,쇠향
1780573789535,넘어가
1780573789877,수록곡이라
1780573789913,쇠냄세
1780573789945,에버그레이스 ㅋㅋㅋㅋㅋ
1780573790027,핀볼은 핀볼향
1780573790226,멘솔향
1780573790235,핏불향
1780573790514,쇠냄새 ㅋㅋ
1780573790525,구슬향
1780573790693,니가찾아
1780573790945,오락실냄새
1780573791169,핀볼 그 플라스틱 향
1780573791235,앰버그리스가 뭐여
1780573791936,앨범제목임
1780573792030,핀볼은 수록곡임
1780573792119,수록곡 아
1780573792131,앨범
1780573792593,쇠향이지 뭐
1780573792671,쇠냄새
1780573793104,쇠공향
1780573793184,그거 수록곡
1780573793278,쌈배랑 자장면 내묘ㅐ
1780573793527,스댕향기 ㅋㅋ
1780573793689,그건 앨범 별 향
1780573793719,피에 젖은 풀잎 향
1780573794297,쇠공향
1780573794523,앨범마다 향
1780573794528,앰버그리스임
1780573794959,is the 비누!!
1780573795027,멘솔향
1780573795139,앨범의 전체
1780573795400,ㅇㅇ
1780573795540,구슬에서 나는 향
1780573795685,개불향
1780573796232,오이 비누향
1780573796434,앨범향
1780573796637,앨범 향이자나
1780573796982,그냥
1780573797114,ㅇㅇㅇㅇ
1780573797181,구리스 향
1780573797325,쇠냄새
1780573797332,ㅇㅇㅇ
1780573797939,에버그레이스
1780573798317,에버그레이스 향임
1780573798493,앨범 전체적 향이니까
1780573798562,스댕향
1780573798572,앨범의 향
1780573798735,앨범 전체의 향이지
1780573799004,그런듯
1780573799246,핀볼은 스테인레스 향
1780573799563,"""향을 찾아"""
1780573799822,에버그레이스 누구냐
1780573799924,핀볼이 타이틀이 아니네
1780573800224,ㅔ
1780573800228,LG생건에서 캐스팅해라
1780573800323,탁구향
1780573800981,앨범 전체 컨셉 이긴 한듯
1780573801065,쇠냄새
1780573801431,멘솔향 한번 내자
1780573801457,아블향
1780573801463,난 스킨향
1780573801753,쇠구슬향
1780573801895,앨범의 전체 느낌?
1780573801952,모르겠
1780573802002,맞아여
1780573802388,앨범전체아님?
1780573802518,가자 에버그레이스~
1780573802808,전체인가?
1780573802993,핀볼이 수록곡아니야?
1780573803121,쇠공향 ㅋㅋㅋ
1780573803364,앨범전체의 향인듯
1780573803717,핀볼은 레드벨벳 향
1780573803905,앨범 전체 컨셉 아닐까?
1780573803949,전체 앨범향 아님?
1780573804091,앰버그리스 저 앨범이긴함
1780573804374,앨범향임
1780573804967,몰라 그거까진
1780573805397,비요
1780573805797,피에젖은?
1780573805893,피 ㄷㄷ
1780573805975,피요?
1780573806170,?
1780573806193,ㄴㄴ
1780573806247,앰버그리스향은 뭔 냄새임
1780573806405,블러드~
1780573806508,피라뇨
1780573806561,비라고
1780573806636,블라디미르
1780573806677,비라고
1780573806729,비라고 임마
1780573806774,비에젖은이라고
1780573806964,?
1780573806985,비라고요
1780573807238,비요
1780573807273,피가 아니라 비 ;
1780573807273,ㄷㄷ
1780573807312,피 ㄷㄷ
1780573807526,?ㅋㅋㅋㅋ
1780573807669,피 ㄷㄷ
1780573807693,앨범이 벌써 6개야?
1780573807772,비
1780573807786,자꾸 피래
1780573807800,먼 피여
1780573807948,비라고 ㅋㅋㅋㅋㅋㅋ
1780573808098,비라고 ㅋㅋㅋㅋ
1780573808132,그놈의 피;
1780573808193,앰버그리스는 바다향임
1780573808203,피요?
1780573808204,왜 자꾸 ㅍ ㅣ래 ㅋㅋㅋㅋㅋㅋ
1780573808233,피요?
1780573808372,에버그레이스
1780573808410,비라니까
1780573808430,비라니까 ㅋㅋㅋ
1780573808530,피요?
1780573808604,피요?
1780573808608,헉
1780573808623,비요 ㅋㅋㅋ
1780573808701,피요?
1780573808735,피?
1780573808772,비비비
1780573808875,비라고
1780573808914,비라고 ㅋㅋ
1780573808972,왜자꾸 피래
1780573809235,비라구요
1780573809375,피 ㄷㄷ
1780573809482,가자 에버그레이스~
1780573809553,피?
1780573809586,더블타이틀아님ㅍ
1780573809637,피에 젖으면
1780573809638,피라니요
1780573809831,피ㄷㄷ
1780573809852,비라고 ㅋㅋ
1780573809917,비라고 습박
1780573810045,ㅋㅋㅋㅋㅋㅋㅋㅋㅋㅋㅋ
1780573810060,피에 젖은?
1780573810145,ㅋㅋㅋㅋㅋㅋㅋㅋㅋㅋㅋㅋ
1780573810388,사무라이도 아니고 ㅋㅋㅋㅋ
1780573810426,피에 젖은 ㅋㅋㅋㅋㅋㅋㅋㅋ
1780573810494,비에 젖은이라고ㅋㅋㅋㅋ
1780573810647,무서워요
1780573810946,비라곸ㅋㅋㅋㅋㅋㅋ
1780573810974,피에 젖은 ㅋㅋㅋㅋㅋㅋㅋㅋ
1780573811447,블라디 캐리요
1780573811536,피는 ㅅㅂ ㅋㅋㅋ
1780573811536,ㅋㅋㅋㅋㅋㅋㅋㅋㅋㅋㅋㅋㅋㅋㅋㅋㅋㅋㅋ
1780573811610,비라고
1780573811630,비라고
1780573811662,저 앨범이 진짜임
1780573811752,피 ㅋㅋㅋㅋㅋ
1780573811964,왜 자꾸 피에 젖냐고
1780573811999,피요?
1780573812070,비 이색갸
1780573812105,비라고
1780573812153,피?
1780573812228,블라디미르임??
1780573812308,자꾸 왜 피에 젖어
1780573812441,피요?
1780573812467,예 피에 젖은?
1780573812471,왜 자꾸 블라디 만들어
1780573812475,피요?
1780573812520,ㅋㅋㅋㅋㅋㅋㅋㅋㅋㅋㅋㅋ
1780573812547,피에 ㅋㅋㅋㅋ
1780573812595,블라디미르냐공
1780573812671,비라고 ㅋㅋㅋㅋㅋ
1780573812792,피 ㅋㅋㅋㅋㅋ
1780573812956,비요..
1780573813030,비요 비
1780573813063,ㅋㅋㅋㅋㅋㅋㅋ
1780573813071,왜자꾸 피 ㅋㅋ
1780573814345,무서워요ㅠㅠㅠㅠㅠ
1780573814396,피 아니라고 ㅋㅋ
1780573814739,자꾸 피래 ㅋㅋㅋ
1780573814812,왜 피에 젖냐고
1780573814819,ㅋㅋㅋㅋㅋㅋㅋㅋㅋㅋㅋ
1780573815022,피에 젖은 풀잎 ㄷㄷ
1780573815033,피가 아니라 비라고 ㅋㅋㅋㅋㅋㅋㅋㅋㅋㅋㅋㅋㅋㅋㅋㅋㅋㅋㅋㅋㅋㅋㅋㅋㅋㅋ
1780573815111,비....
1780573815178,피는 ㅋㅋㅋ
1780573815254,앨범 사면 그 향이 있는 굿즈를 줌
1780573815267,뭐에젖어요?
1780573815363,왜 자꾸 피에 적시냐고
1780573815409,무서워요 ㅠㅠ
1780573815562,왜 자꾸 피래
1780573815663,무서워요
1780573815766,이생퀴야
1780573815853,피에 젖은 풀잎 {:d_116:}
1780573815900,왜 계속 피라고하는거얔ㅋㅋㅋ
1780573816130,피는 임마
1780573816388,피에젖은ㅆㅋㅋㅋㅋㅋㅋ
1780573816409,룩라디미르
1780573816447,피에젖은풀잎 ㄷㄷ
1780573816741,피에젖은ㅋㅋㅋㅋ
1780573817040,블라디미르 ㅋㅋ
1780573817106,피에 젖은 하정우향
1780573817115,블라디향 ㄷㄷ
1780573817242,562만회 ㄸㄸㄷ
1780573817322,피에젖은은 님아
1780573817444,피에 젖은 ㅋㅋㅋㅋ
1780573817803,왜 자꾸 피라고 하냐 ㅋㅋ
1780573817848,블라디ㅋㅋㅋㅋ
1780573818581,뭘자꾸 피에젖어 ㅋㅋㅋ
1780573818638,장르가 바뀌는데
1780573818929,피에 젖은?;;
1780573818942,비ㅋㅋㅋㅋㅋ
1780573819096,파이리 왜 더 이뻐보이지 ㅋㅋ
1780573820453,피에 젖으면 안돼
1780573820886,무서워요 ㅠㅠㅠㅠㅠ
1780573821077,피에 젖은은 ㅋㅋ
1780573821287,에버그레이스 향은 뭔 냄새야ㅕ
1780573821654,비누로 떼 밀라고
1780573822943,피에젖은 하정우향 이네요
1780573824120,피에 젖은;
1780573825634,낙타 큰일났다 안과가봐라
1780573825911,왜 자꾸 피에 젖냐고 ㅋㅋㅋㅋㅋㅋㅋㅋㅋㅋ
1780573827329,편안한..
1780573827925,서틀한
1780573828120,황해향
1780573829366,이지리스닝
1780573829552,이지리스닝
1780573829595,귀에 팍팍 튀는 거 없이 술술 넘어가
1780573829820,귀가 편안해
1780573830380,이지
1780573830447,ez 리스닝
1780573830594,편안한
1780573830605,나른나른혀
1780573831127,이지 리슽닝
1780573831417,이지리스닝?
1780573831497,이지리스닝 계열이지
1780573831646,이즈리스닝
1780573831868,ㄹㅇ
1780573831894,이지 리스닝
1780573832427,이지리스닝이 맞다
1780573832762,편안함
1780573832992,이지리스닝
1780573833200,멜로디 위주
1780573833288,은은한 향
1780573833613,몽글몽글하니 좋음
1780573833952,이지리스닝 추구했음
1780573833976,앰버그리스는 바다+부들부들 향임
1780573834262,ㅇㅇ 귀가 편함 그냥
1780573834870,ez
1780573835159,아니 킹받게 자꾸 피에젖은이라고 하네 일부러지 너
1780573835510,듣기 편해
1780573835619,이지
1780573836466,이지리스닝
1780573836909,듣기 편함
1780573839044,ㅇㅇ
1780573840394,글로우업 진짜 좋음
1780573840720,뿅뿅뿅
1780573841501,통통튀지
1780573841623,평양냉면
1780573843154,이건 좀 뿅뿅
1780573847826,근데 이것도 이즈리스닝 느낌아닌가
1780573849774,슴슴
1780573850313,뿅뿅
1780573850450,슴슴뿅뿅
1780573850900,뿅뿅 비누
1780573850910,뿅중이
1780573851010,뿅뿅류
1780573851410,슴슴한편
1780573851590,요새 다 귀때려박으니까 이거 들이면 귀가 편함
1780573851924,슴슴뿅뿅
1780573851989,씨게할라면할수있지않을까
1780573852005,ㅇㅇ일부런데?
1780573852033,ㅇㅇ
1780573852183,뽕뽕류 ㅋㅋㅋㅋ
1780573852356,난 뿅뿅이 좋다
1780573852453,뮤비 이쁘다
1780573852455,뿅양냉면
1780573852725,이지뿅
1780573852743,뿅뿅류
1780573852781,뿅뿅 중에 내가 제일쉬워
1780573853151,뿅뿅중 슴슴
1780573853506,뵹뵹 정도
1780573854042,이지뿅뿅
1780573854106,슴슴한 뽕뽕
1780573854996,슴뿅
1780573855215,딱 비누야 ㅇㅇ
1780573855624,이지뿅
1780573856150,뿅뿅슴슴류
1780573856285,{:d_59:}{:d_59:}
1780573856498,간된 평양냉면
1780573856590,아이리땅류
1780573857291,이지뿅뿅
1780573857764,슴슴 뿅뿅
1780573857923,괜찬음
1780573858011,이게 제일 좋음
1780573858189,뿅양냉면임
1780573858315,뿅뿅류
1780573858322,음색 좋다
1780573858424,이지뿅뿅
1780573858791,ㅋㅋㅋㅋㅋㅋㅋㅋ
1780573858889,뿅양냉면ㅋㅋㅋㅋㅋㅋㅋㅋㅋ
1780573858999,뵹뵹
1780573859406,뵹뵹시치
1780573861881,슴슴한 나물 무침
1780573862019,기본적으로 하우스 디스코 베이스인데
1780573862832,뵹뵹 정도로 하죠
1780573862975,이지뿅
1780573863533,뿅양냉면 ㅋㅋㅋ
1780573863632,루시우 보보봉느낌임
1780573863871,뿅뿅류 이즈리스닝
1780573864150,슴뿅류
1780573864680,뿅양냉면
1780573865298,평양뿅뿅
1780573865340,슴뿅
1780573865710,슴뿅
1780573867425,슴뿅
1780573868023,뿅양냉면은 ㅋㅋㅋ
1780573869165,마냥 슴슴하진 않음
1780573869212,슴뿅ㅋㅋㅋ
1780573869385,식초넣은 평양냉면
1780573869736,뿅양냉면 ㅇㅈㄹㅋㅋㅋㅋㅋㅋㅋ
1780573870062,슴슴뽕
1780573871068,요즘 정줄놓는 뿅뿅이 많아서 그럼
1780573873266,오케이 다음곡
1780573873762,뉴진스 뿅뿅이 어려운 뿅뿅이지
1780573874455,뽕양냉면ㅋㅋㅋㅋㅋㅋㅋㅋ
1780573875131,캬
1780573875165,데자부가 좋은데
1780573875856,이거 goat
1780573875953,뿅양냉면 이러네 ㅋㅋㅋㅋ
1780573875979,데자부 !
1780573876091,어
1780573876095,킹 자 뷰
1780573876104,왔다
1780573876130,부
1780573876135,데자부
1780573876373,왓다
1780573876563,띵곡
1780573876791,데자부 좋지
1780573877026,띵곡
1780573877261,이거도 좋던데
1780573877346,데 자 부
1780573877387,데자부~
1780573877415,데자부도 좋지
1780573877485,데자부~
1780573877625,이거야
1780573877641,캬
1780573877642,데자 부
1780573878052,내 최애곡떴다
1780573878280,캬
1780573878341,캬
1780573878385,캬
1780573878633,난 이거야
1780573878803,데자부!
1780573878868,이니셜 d는 ㅇㅈ
1780573878880,박 거 손
1780573878983,왔다
1780573879044,음 철학이 보인다
1780573879046,데이자부
1780573879070,요거 좋더라
1780573879081,데자 부
1780573879162,캬
1780573879302,난 데자부 좋아
1780573879361,난 이게 제일 좋음
1780573879406,비와이
1780573879440,이게 찐임
1780573879555,데자부~
1780573879562,캬ㅑㅑㅑ
1780573879568,데자부!
1780573879664,왔다
1780573879757,이것도 좋음
1780573879792,캬
1780573879904,부
1780573879930,달리자
1780573880164,데자부가 젤좋음
1780573880192,이니셜 D
1780573880225,데[자 부~
1780573880267,킹자부
1780573880456,온다
1780573880577,사실상 2선발 노래
1780573880623,goat 왔다
1780573880730,비와이임?
1780573880758,데자부 그냥 GOAT
1780573880974,데자 부
1780573880984,킹자뷰 고트
1780573881162,데자부가 진짜 조음
1780573881212,데자부 뮤비가 ㄹㅇ 좋음
1780573881376,이거 좋던데
1780573881398,이게제일좋아
1780573881996,이니셜D goat ㅋㅋ
1780573882148,비와이!
1780573882254,박 거 손
1780573882507,이게 GOAT임
1780573882628,요거 띵콜이야
1780573882632,이니셜d
1780573882656,이거도 좋지
1780573882720,캬
1780573882803,이니셜d?
1780573882896,데자부가 ㄹㅇ
1780573882901,캬
1780573883027,데자북
1780573883092,이거 좋더라
1780573883330,왔다
1780573883498,난 이거 좋더라
1780573883753,캬
1780573883870,이니셜디 ㅋㅋㅋ
1780573883949,아 좋아 이거
1780573883992,슴슴류
1780573884096,캬
1780573884434,킹자부
1780573884547,와 왔다
1780573884590,데자부조음
1780573884724,비와이~
1780573885268,딱 1년전이네
1780573885280,와
1780573885452,1년전이네
1780573885557,제일조ㅓㅎ아하는 노래다
1780573885596,이니셜D ㄷㄷ
1780573885621,여름 디토 왓다
1780573885624,박거손
1780573885815,이거 살짝 아일릿도 어울릴 거 같은
1780573886182,고오트
1780573886205,파이리
1780573886450,이거 개지림
1780573886501,으음 향긋한 일본냄새~
1780573886604,노래 많니냈네
1780573886773,고트 왔다
1780573886831,악수 goat
1780573887027,슬슬 최근 오네
1780573887341,이노래 좋던데
1780573887535,와
1780573887702,여름 디토
1780573887786,내 최애곡
1780573887950,요거 좋더라
1780573887964,한국임?
1780573887972,26년 6월이면 작년이네
1780573888049,데자부 조음
1780573888057,이거 goat 임
1780573888112,얘도 좋더라
1780573888177,파이리
1780573888209,파이리양
1780573888288,이게 고트인거같은데
1780573888449,거파
1780573888463,블룸조음
1780573888549,박거손
1780573888593,데쟈부
1780573888730,박 거 손
1780573888756,지ㅣㅣㅣ야
1780573888758,원이양....
1780573888996,ㄹㅇ 숨듣명
1780573889041,개이뻐
1780573889478,원이양
1780573889486,이거 디즈니 편곡 지리는데
1780573889494,데자부 미쳤음
1780573889616,이거지 ㅋㅋ
1780573889769,파이리 이쁘다
1780573889796,원이야~~
1780573889924,이거 좋음 ㅇㅈ
1780573890140,원이양...
1780573890384,원이양
1780573890543,어 벌써 뭔지 알겠다
1780573890579,캬 교복잘어울리네
1780573890608,이게 진짜 좋음
1780573890718,개인적으로 젤 좋더라
1780573890908,곱다 고워
1780573891425,많이 냈네
1780573891522,악 수
1780573891532,와
1780573892067,이것도 좋음
1780573892527,난 이게 좋아
1780573892572,이노래구나
1780573892976,비와이가 말아먹은 회사
1780573892976,솔직히 러브어택보다 더 좋아
1780573893209,대이리
1780573893326,교복
1780573894175,디토급임 ㄹㅇ
1780573894874,캬
1780573895269,악 수
1780573895791,야호~
1780573896043,음~ 향긋한 일본내음
1780573896480,이 노래가 개좋음
1780573896483,오
1780573896502,뭔가 뉴진스 느낌인데
1780573896651,파이리양........
1780573896738,이거 케이팝 알아보기때 들엇던기억난다
1780573897089,난 이노래가 제일 좋더라
1780573897204,꺄르르 꺄르르
1780573897448,이거 너무좋아
1780573898467,한국어 자막 좀 제발
1780573898563,거제임?
1780573898758,박 거 손
1780573899157,젊다 젊어
1780573899221,교복 그냥
1780573899255,봄느낌 확오노
1780573899703,디또감성이네
1780573899751,C
1780573900267,왤케 허슬했노
1780573900434,제나
1780573900883,데자부가 미쳤어 진심
1780573900952,한국어 왜 줬다 말았다 해
1780573901010,내 최애
1780573901303,왜 안뜬거임
1780573901511,와
1780573901579,노래 진짜 다 괜찮네
1780573901751,기엽
1780573901862,청량하네
1780573902293,이건 뮤비 분위기가 진짜
1780573902327,와제나
1780573902658,추억 느낌
1780573902760,연습생 괴롭히네
1780573902807,나 이게 좋더라
1780573903493,감성 ㅈ되노
1780573903525,초여름 느낌 풀내음난다
1780573903695,이게 젤 좋아
1780573903705,캬ㅑㅑ
1780573903814,힙합 레이블 GOAT
1780573903817,향기를 계속 넣네
1780573903903,고윤정아님?
1780573904273,신라고윤정
1780573904344,다좋은데
1780573904394,오 노래가 뭔가 다 다르네
1780573905742,거제 야호보다가 이거보니까 연예인 맞네 ㅋ
1780573906340,청량하다
1780573906346,거제임? ㅋㅋㅋ
1780573906594,신라고윤정 ㄷㄷ
1780573907370,ㄹㅇ
1780573908267,이거진짜좋던데
1780573908273,ㅋㅋㅋㅋㅋ
1780573908332,ㅈㄴ 이쁨
1780573909276,여기 프리가 좋음
1780573909673,귀엽다
1780573909694,이거 미쳤어
1780573909848,신라 공주님 진짜 인쁨
1780573909949,리브양...
1780573909985,ㅋㅋㅋㅋ
1780573910366,ㄹㅇ 한국어 자막 좀 넣어라
1780573910433,오우
1780573910458,노래에서 데쟈뷰느껴짐 ㄹㅇ
1780573910661,해외에서 더 뜨던 그룹이라 ㅠㅠ
1780573911162,? 이거도 들어봤는데?
1780573911476,오
1780573911712,신고 ㄷㄷ
1780573911758,리브 예뻐
1780573912267,아이비 클럽임?
1780573912909,오
1780573913175,캬
1780573913778,뭔가 일본같은데 ?
1780573913873,뮤비에 투자 많이 하네
1780573913903,교복 오
1780573914111,뿅뿅사운드를 자주쓰네
1780573914264,진짜 ㅈㄴ 이쁘다
1780573914898,노래가 다 느낌이 다르네ㅋㅋㅋ
1780573915380,거젠가요?
1780573915703,이쁘다
1780573915714,잇지 않았음?
1780573915810,원이상
1780573915942,온다
1780573917142,감성 좋다
1780573917277,일본감성
1780573917543,원이양..
1780573917546,이거 룩삼이랑 들어본것같은데
1780573917565,원이~
1780573918046,진짜 종나예쁘네;
1780573918736,원이양..
1780573918924,일본이네
1780573919424,캬
1780573919885,거제 로케 뭐임
1780573919989,일본맞네
1780573920446,어 이거 님 들어봄
1780573920562,처음 스 친~
1780573920891,해외로케 ㄷㄷㄷ
1780573921300,캬
1780573921492,캬ㅑㅑㅑㅑㅑㅑㅑㅑㅑㅑㅑㅑㅑㅑㅑㅑㅑㅑㅑㅑㅑㅑ
1780573921494,캬
1780573921650,리센느 은근 음악이 다 들어본거네
1780573921671,원이양...
1780573922130,와 개이쁘다
1780573922256,캬
1780573922373,이것도 음감회때 한거 같은데
1780573922459,캬~
1780573922477,갸루상
1780573922540,일본 여름이였다
1780573922687,치바임?
1780573922709,오
1780573922884,감성 좋노
1780573923104,먼가 사운드나 이런게 뉴진스 생각남
1780573923185,캬
1780573923426,상큼해~
1780573923545,이게 좋아
1780573923731,캬
1780573923773,다 부드럽냐 노래가
1780573923897,원희야..
1780573923941,오
1780573924051,캬
1780573924463,카메라 필터 느낌 좋네
1780573924465,캬ㅏ
1780573924810,데자부~
1780573925253,까엉이 갈수록 이쁘노
1780573925281,어흐
1780573925619,개이쁘다
1780573925634,제작비 잘 아꼇네
1780573925673,원이양 진짜 이쁘네
1780573925749,오 좋은데
1780573925856,오 이노래 좋다
1780573925909,캬
1780573926270,아 좋다
1780573926286,괜찮네
1780573926511,아 기억난다
1780573926910,오 감성 좋은데
1780573927386,상큼하구만
1780573927600,노래 좋네
1780573927607,노래 좋네 이거
1780573927677,이거 룩삼이랑 이번달의 KPOP으로 들어본것같은데
1780573927815,카페에서 봣었음
1780573927963,어흐
1780573927995,와노래좋다
1780573928338,아니 노래 체급 진짜
1780573928509,캬ㅑㅑㅑ
1780573928679,이 부분 너무 좋아
1780573928890,미나미 개이쁘게 나오네 ㅋㅋ
1780573928918,치바네
1780573929015,미나미 ㄱㅇㅇ
1780573929223,오
1780573929445,미나미 진짜 개이쁘네
1780573929653,이노래 개좋네
1780573929708,와
1780573929845,일본냄시
1780573929873,감성 좋다 이거
1780573929941,뉴진스류네
1780573930056,한국이라 좋네
1780573930104,여름 디토
1780573930203,노래 좋네
1780573930354,부드럽네
1780573930412,미나미양..
1780573930685,미나이양
1780573930739,워
1780573930783,난 이게 젤 좋다
1780573930805,원이야..
1780573930898,미나미 왜 일본인 발음이 없냐거
1780573930913,캬
1780573930923,{:d_43:}{:d_43:}{:d_43:}{:d_43:}
1780573931226,영상이 뉴진스 느낌이네
1780573931263,첨듣는데 좋은데
1780573931563,워~
1780573931570,워
1780573931587,아 개좋아
1780573931926,여긴 꽝 하는건 안하는건가
1780573931955,색깔 확실하다 근데
1780573932062,여름이었다...
1780573932384,워
1780573932414,{:d_94:}{:d_94:}{:d_94:}
1780573932459,노래가 다 좋네
1780573932469,촌진스같네
1780573932601,노래 좋네 이것도
1780573932793,일본이네
1780573932801,쎄쎄쎄
1780573932848,노래는 다좋은듯
1780573933191,예
1780573933211,워~
1780573933222,난 이노래가 더 좋다
1780573933785,뉴진스는 이런 사운드 안했는데
1780573934084,청량하노
1780573934190,오 이 노래 뭐야
1780573934359,감성 좋네
1780573934420,방금 부분이 최고야
1780573934441,손심바
1780573934448,캬 ㅋㅋ
1780573934695,아니 노래가 다 좋은데 생각보다
1780573935039,ㅏㅏㅏㅏㅏㅏ
1780573935342,예
1780573935929,뭔가 묘하게 구수하네
1780573936027,한국어라 좋네
1780573936234,노래 퀄들이 다 괜춘한디
1780573936488,{:d_94:}{:d_94:}{:d_94:}{:d_94:}{:d_94:}
1780573937062,미나미양..
1780573937162,간질간질하네
1780573937244,이노래 개맛도리네
1780573937747,음~ 일본 청춘
1780573937908,여름 디토
1780573938461,서울가스나 다됐네
1780573938515,노래 다 괜찮네 ㅋㅋㅋㅋㅋㅋ
1780573938604,여기 미나미 지역이라던데
1780573938626,ㅏㅏㅏㅏㅏㅏㅏ
1780573939157,미나미가 ㅈㄴ 잘해
1780573939206,캬ㅑㅑㅑㅑㅑㅑㅑㅑㅑ
1780573939475,여름청량 느낌
1780573939600,이쁘네
1780573940370,여름이엿다
1780573941154,뮤비도 좋은데?
1780573941602,카페에서 많이 들었었는데 얘들 노랜줄 몰랐었는데
1780573941643,노래 좋아
1780573941844,음 일본 스멜
1780573942455,뮤비 일본 포카리 느낌 오지게나네
1780573942571,뉴진스류 ㅇㅈ
1780573942865,일본에서 촬영했네
1780573943040,캬ㅑㅑㅑㅑㅑ
1780573943273,노래퀄은 다 앵간하네
1780573943503,미나미 눈 땡그란거봐라
1780573943517,시골진스
1780573944347,개이쁘네
1780573944377,야 고윤정
1780573944636,뉴진스 느낌나네
1780573945136,여름디또 ㄷㄷㄷㄷ
1780573945294,여기가 치바임?
1780573945392,와 뒤지게 이쁘네
1780573945691,노래는 뉴진스랑 완전 다른데
1780573945697,달다 달아
1780573945990,쓰울가쓰나 다대뿟네
1780573946348,노래 좋다
1780573946610,디토 여름버전
1780573946716,ㅝ
1780573946718,노래 브금으로 틀어놓기 ㅣ좋네 이지리스닝
1780573946896,ㅈㄴ 이쁘네
1780573946907,잘 찍었네
1780573947259,워
1780573947492,예
1780573947569,왜케 이쁨
1780573947578,음 향긋해
1780573947613,여름이였다
1780573947686,여기 치바임?
1780573948167,어흐
1780573948475,겁나 풋풋하다
1780573948503,덕연이 딸 파이리
1780573948514,ㅖ
1780573948519,완전 여름깔이네
1780573948885,ㅖ
1780573948982,너와 나 같네
1780573949010,노래가 다좋네
1780573949183,아 존나이쁘다
1780573949281,예어
1780573949499,오오오오
1780573949535,예압
1780573949542,아 치바임?
1780573950291,여기가 미나미 고향임?
1780573950299,개이쁜데?
1780573950341,쯔<=쯔가무시 조심해라
1780573950423,캬
1780573950575,북극곰 어흐 ㄷㄷㄷ
1780573950671,워~예~
1780573951000,{:d_33:}
1780573951092,이게 그 피에 젖은 풀입인가보다
1780573951722,ㅋㅋㅋㅋ진짜 동네 풀밭에서 찍었네
1780573952044,시골진스 ㅋㅋㅋ
1780573952052,치바 야호
1780573953561,캬
1780573954201,ㅖㅣ
1780573954228,공주님
1780573954309,북극곰 ㄷㄷㄷㄷ
1780573954348,ㅓㅓㅓㅓㅓ
1780573954447,캬
1780573954467,와
1780573954523,개이쁘네
1780573954719,와 쌍알
1780573955304,야 고윤정
1780573955316,원이 스울가스나 다되삣네
1780573955391,대 신 라
1780573955523,ㄱㅇㅇ
1780573955575,디토 느낌이 강해 ㄹㅇ
1780573955802,고윤정 머임
1780573955941,와
1780573955946,제나양...
1780573955972,캬
1780573956201,와 개이쁘당
1780573956216,신라공주양..
1780573956230,향 미쳤네
1780573956378,가영양...
1780573956403,야 고윤정
1780573956430,ㄱㅇㅇ
1780573956448,제나양
1780573956466,와ㅏㅏㅏ 얼굴공격
1780573956573,캬
1780573956639,잔스포츠~
1780573956662,캬
1780573956697,경주공주
1780573956795,캬
1780573956804,캬
1780573956805,와우
1780573956815,다 이쁘냐 근데
1780573956874,개이쁜제
1780573957157,다 이뻐
1780573957212,캬
1780573957236,야 고윤정
1780573957259,신라공주 이쁘노
1780573957274,와
1780573957541,고윤정 이쁘다
1780573957557,귀엽다
1780573957559,신 라
1780573957614,아~ 여름 디토?
1780573957741,와
1780573957749,캬
1780573957874,청량하고 풋풋함 미쳤네
1780573957925,와 신라공주
1780573957929,와
1780573958019,가영양..
1780573958098,야 고윤정
1780573958098,이쁘다
1780573958206,캬
1780573958270,신라공주다 ㅋㅋ
1780573958630,고우시네
1780573958700,커엽
1780573958701,공쥬님
1780573959005,제나양....
1780573959126,와
1780573959163,어우 침나와
1780573959499,신라공주
1780573959559,ㅈㄴ이쁘네
1780573959652,공주님..
1780573959820,ㄹㅇ
1780573960399,잔스포츠진짜 ㅋㅋㅋ애기같네
1780573960602,까엉이
1780573960755,치뱌 놀러간김에 찍었나 ㅋㅋㅋ
1780573960944,야 고윤정
1780573961258,ㅘㅘㅘㅘㅘㅘ
1780573961319,ㄹㅇ
1780573961356,ㄹㅇ
1780573961515,신라공주양..
1780573961795,요즘 애들은 다 이뻐
1780573962108,신라윤정
1780573962203,뮤비깔 좋다
1780573962272,다들 이뻐
1780573962821,신라양 이쁘네...
1780573963179,고백해도 될까요
1780573963197,얼굴 체급이 다들 높으셔
1780573963619,캬ㅑㅑ
1780573963633,나여 신라공주
1780573963901,가시나 개쳐이쁘네
1780573963936,신라 고윤정양..
1780573963950,비주얼 다 좋음 ㅇㅇ
1780573964019,신라공주 ㄷㄷ
1780573964280,공주님이네 진짜 ㄷㄷ
1780573964707,19살 미쳤네
1780573965064,"""야 고윤정"""
1780573965231,제나양...
1780573965615,상큼하다
1780573965652,일본냄새 지린다
1780573965690,야. 고윤정.
1780573966180,ㄹㅇ 고윤정
1780573966224,다 자연스럽ㅇ게 이쁨
1780573966275,야 고윤정
1780573966277,마 고윤정
1780573966296,ㄹㅇ
1780573966430,윤정양..
1780573966495,캬ㅑㅑㅑㅑㅑㅑ
1780573966539,진짜 체급 미쳤네 얼빡샷
1780573966951,ㄹㅇ
1780573967201,ㄹㅇ
1780573967317,뮤비는 쌀먹인데 이뻐서 재미있네 ㅋ
1780573967318,얼굴체급 ㄹㅇ
1780573967699,여디?
1780573967702,근데 진짜 이쁨
1780573967920,ㄹㅇ
1780573967994,ㅋㅋㅋ
1780573968516,ㄹㅇ
1780573968625,개이쁘네
1780573968625,야 고윤정
1780573968638,이뻐
1780573968755,ㄹㅇ
1780573968843,ㄹㅇ
1780573969074,ㄹㅇㅋㅋ\
1780573969139,방금 샷 좋았다
1780573969191,ㄹㅇ
1780573969571,ㄹㅇ
1780573969681,ㄹㅇ
1780573969852,맞아
1780573970008,ㄹㅇ
1780573970072,ㄹㅇ
1780573970196,캬
1780573970204,ㄹㅇ
1780573970213,ㄹㅇ
1780573970528,ㄹㅇ
1780573971167,야 고윤정
1780573971180,ㄹㅇ
1780573971251,콧대 뭐노
1780573971257,야 고윤정
1780573971416,다들 체급이 높아
1780573971579,ㄹㅇ 왜케이쁘지;
1780573971738,킹쁘긴 해
1780573972310,얼굴체급 깜놀급
1780573972341,야호~
1780573972541,ㄹㅇ
1780573972542,으흐ㅎ
1780573973228,경주 고윤증이
1780573973380,얼굴체급 다 높음ㅋㅋㅋㅋ
1780573973438,ㄹㅇ
1780573973607,ㄹㅇ
1780573973725,신라가 개예쁨
1780573974509,얼빡 최고
1780573974899,다들 고우셔
1780573974947,체급이 ㄷㄷ
1780573975050,메이양....
1780573975800,신 라 텐 세
1780573976152,얼굴 체급이 진짜 ㅗㄴㅍ음 얘네
1780573976202,너 가까이서봤잖아
1780573977012,요즘 걸그룹들은 다 비쥬얼이
1780573977039,야 고윤정
1780573978302,결국 이뻐야 뜬다
1780573978658,직관했잖아
1780573979190,아 고윤정 닮았네 진짜
1780573979507,그땐 좀 멀리서 봤었지
1780573979513,우희진땀승 ;
1780573980434,야 고윤정
1780573980570,대 리 브
1780573980854,손돌리기 커엽구로
1780573981707,연습생들도 예쁘네
1780573981854,고윤정 ㄷㄷ
1780573982192,노래도 느좋
1780573982713,신라텐세 ㄷㄷㄷ
1780573982914,와
1780573983186,얘네 체급 낮은애가 잘 없음
1780573983278,뉴진스 대체 되겟네 ㅋㅋㅋ
1780573984138,캬
1780573984519,캬ㅑㅑㅑㅑ
1780573984622,세잎
1780573985086,파이리양.........................
1780573985184,아니 5명 다 잘모아놨네
1780573985601,캬
1780573985711,야 고윤정
1780573986335,ㄹㅇ 좋은데
1780573986554,신라천정 ㅋㅋㅋ
1780573987285,캬
1780573987314,전부 센터상임
1780573987713,중소돌치고 비주얼이 말이 안되네
1780573988181,원이양...
1780573988407,꼬부기상 안좋아하는데 제나는 이쁘게 느껴지네
1780573988602,노래 퀄 괜찮은데 파뭍혀있었네
1780573988859,캬
1780573988889,거제 야호가 한몫한게 얼굴이 익숙해졌어
1780573989679,노래 좋다
1780573989743,이 부분 너무 좋은데
1780573990357,노래가 생각보다 좋네
1780573990577,뮤비를 잘찍는다
1780573990665,ㅝ
1780573991060,파이리
1780573991229,파이리
1780573991313,이노래 왜 뉴진스 느낌나냐
1780573991798,와 노래 미쳤네
1780573991993,개이쁘네그냥
1780573992107,ㄷㄷ
1780573992302,워
1780573992370,더리브?
1780573992499,미나미양..
1780573992881,연습생 2명 부담되뎄는데
1780573992991,ㅖ
1780573993198,제목 뭐에옹
1780573993214,워
1780573994018,실물 본사람 >>>>
1780573994214,이지리스닝
1780573994441,ㅖ
1780573995180,"pd가 잘하네 트렌드 따라서 뉴진스, 핖티 잘 섞어서"
1780573995225,쿵빠 쿵빠
1780573995395,예아
1780573996094,쌈이는 실제로 보지않음?
1780573996572,와
1780573996660,시골진스 ㄷㄷ
1780573996953,ㅋㅋㅋ
1780573997248,이게 피의젖은 그향기인가
1780573997307,일본 청춘 느낌도 있는데
1780573997345,노래도 뮤비도 좋네
1780573997901,갸루양...
1780573997918,갸루귀신이다
1780573998215,영상 색감이 개좋다
1780573998298,갸루양..
1780573998497,미나미는 살좀쪘었네 옛날에 ㅋㅋㅋㅋㅋ
1780573998684,와 저분 진자 이쁘다
1780573998796,?
1780573998994,지예아~
1780573999173,미나미양
1780573999489,미나미양..
1780573999848,고말숙?
1780574000125,북극곰이 어쩌구
1780574000981,실물본거개부럽네;;
1780574001106,갈색 단발 예쁘다
1780574001397,ㅋㅋㅋㅋㅋㅋㅋㅋ
1780574001433,yeah
1780574001896,미나미 이쁘다
1780574001943,헉
1780574001995,?
1780574002024,감성 좋네
1780574002457,?
1780574002639,오
1780574003172,말숙이?
1780574003237,예?
1780574003337,예야~
1780574003539,?
1780574003681,yeah
1780574003690,?
1780574003794,헉
1780574003900,뭐죠?
1780574004293,?
1780574004402,?
1780574004516,예압
1780574004740,?
1780574004748,ㅋㅋㅋㅋ
1780574004768,어흐
1780574005062,ㅋㅋㅋㅋㅋㅋㅋ
1780574005963,행복해보여서 기분이 다 좋네
1780574005968,?
1780574006018,오...
1780574006373,?
1780574006749,쟤네 웃참 엄청했네 ㅋㅋ
1780574006964,생각보다 노래들이 괜찮네
1780574006994,워우
1780574007023,헉
1780574007336,?
1780574007540,워
1780574007609,ㅋㅋㅋㅋㅋㅋ
1780574007903,청량해
1780574008044,?
1780574008217,지예아-
1780574008272,워우~
1780574008366,와
1780574008394,파라파라나 춰야겠다
1780574008459,워
1780574008532,예아
1780574008551,시골진슼ㅋㅋㅋㅋㅋ
1780574008789,어흐
1780574008830,wuh
1780574008932,ㅝ
1780574009183,ye
1780574009194,뭐 턴거임
1780574009390,ㅖㅏ
1780574009526,훠 ~
1780574009535,방금 뭐지
1780574009699,예아
1780574009818,ㅋㅋㅋㅋㅋㅋㅋㅋㅋㅋ
1780574009996,예아
1780574010329,망그룹 얘기 ㄴ
1780574010398,예아
1780574010470,Pk
1780574010544,예
1780574010747,워우
1780574010809,와
1780574010948,ㅋㅋㅋㅋ
1780574011006,ㅋㅋㅋㅋㅋㅋㅋ
1780574011047,예~
1780574011111,예아~
1780574011159,큰거온다
1780574011190,예아
1780574011594,캬
1780574011610,와
1780574011649,ㅖㅏ
1780574011668,와
1780574011756,룩삼식 더블링 뭐임
1780574011973,지예아
1780574012027,워우 예아
1780574012135,예아
1780574012315,이쁘다
1780574012602,예아
1780574012845,무슨
1780574012845,파라파라나 춰야겟다
1780574012848,ㅋㅋㅋㅋㅋㅋㅋㅋㅋㅋㅋㅋ
1780574013034,캬..
1780574013577,윤정아
1780574013578,/룩삼제거버전
1780574013829,ㅋㅋㅋㅋㅋㅋㅋㅋㅋ
1780574014666,까엉씨 개이쁘네
1780574015623,버하지요
1780574015749,{:d_94:}{:d_94:}{:d_94:}
1780574015776,엇박
1780574015820,와 방금
1780574015863,갸루귀신 이쁘네;
1780574016268,노래 좋네
1780574017085,진짜 메이 개이쁘네
1780574018261,오이데
1780574018618,롱리브더킹 ㅎㄷㄷ
1780574018729,오
1780574019710,더블링치기 좋은 곡이네 ㅋㅋ
1780574019801,신라씨 그냥 개쳐이쁘네
1780574020763,얏호
1780574021671,파이리양..
1780574021894,아무였구나
1780574021906,파이리봐
1780574021975,제나 너무 예쁜데
1780574022739,화장실임?
1780574022908,뉴진스 이후로 처음느끼는느낌임 ㄷㄷ
1780574023130,보컬 뭔데 ㄷㄷ
1780574023283,이거 뮤비보니 알겠네
1780574023863,크레용팝 뭐야
1780574024012,예아
1780574024029,원이양...
1780574024097,?
1780574024208,종나이쁘다 진짜로
1780574024427,음?
1780574024502,워
1780574024856,?
1780574025288,zzz
1780574025315,예아
1780574025486,억랩뭔데;;
1780574025584,ㅋㅋㅋㅋㅋㅋㅋㅋ
1780574025611,감성디지네
1780574025698,ㅋㅋㅋㅋㅋㅋㅋㅋㅋ
1780574025897,비에 젖은 풀잎향 ㅇㅈ
1780574025938,보컬들이 좋네
1780574026316,갬성있네
1780574026466,1시 자제좀
1780574026667,?
1780574026766,더블링 뭐삼요
1780574026905,불키고놀자
1780574027130,ㅋㅋㅋㅋㅋㅋㅋㅋㅋㅋㅋㅋ
1780574027169,개이뻐
1780574027258,워~
1780574027342,ㅝ ㅖ
1780574027464,예아
1780574027660,예아
1780574027965,ㅝ ㅖㅏ
1780574028330,예아
1780574028559,워
1780574028651,ㅋㅋㅋㅋㅋㅋㅋㅋ
1780574028657,ㅋㅋ
1780574028948,분위기 좋네잉
1780574029739,겨산점
1780574030065,머해 ㅋㅋ
1780574030949,/룩삼 제거버전
1780574030954,지예아
1780574031118,나도ㅗㅗㅗㅗ
1780574031158,오..
1780574031212,예아
1780574031270,캬
1780574031466,꺄르르 꺄르르 느낌 너무 좋다
1780574031521,워
1780574031833,화장실을 자꾸
1780574031967,최애 정하기 어렵다 여기
1780574032020,캬
1780574033113,피처링 노리는거야?
1780574033410,억예아 ㅋㅋㅋ
1780574033690,갑자기 박거손 뭔대
1780574034029,겨산점
1780574034058,무서워
1780574034114,이제 진짜 뉴진스 안돌아아도되겠다 ㅋㅋㅋ
1780574034188,워~
1780574034470,노래 좋다
1780574034499,캬ㅑㅑ
1780574034502,나도 포옹
1780574034540,여긴 비쥬얼이 미쳤냐
1780574034590,캬
1780574034792,캬
1780574035220,/룩삼프리미엄
1780574035867,와 이 샷도 좋다
1780574036159,브릿지좋고
1780574037169,이거 뭐임 ㅋㅋㅋㅋㅋㅋㅋㅋ
1780574038117,이게 제일 좋네
1780574038601,이쁘네
1780574038957,워~
1780574039134,워우
1780574039212,후 메잌 디스
1780574039360,워
1780574039437,감성 좋다
1780574039715,워
1780574040068,여자친구+뉴진스네
1780574040097,무섭다
1780574040283,yeah
1780574040388,워~
1780574040476,ㅖ
1780574040627,예아
1780574040782,노래 체급 보소
1780574040790,예아~
1780574040813,워
1780574040897,워
1780574040898,ㅝ
1780574040914,예
1780574041175,예아~
1780574041215,예~`
1780574041264,예아
1780574041326,메이도 진짜 이쁜데
1780574041786,{:d_94:}{:d_94:}{:d_94:}
1780574041794,예아~
1780574042055,예아
1780574042076,야자 끝난 감성이네
1780574042099,예
1780574042103,ㅋㅋㅋㅋㅋㅋㅋㅋ
1780574042194,ㅋㅋㅋㅋㅋㅋ
1780574042267,근데 밤에 저러는거 마주치면 좀 놀랠듯
1780574042295,ㅖ
1780574042456,예~
1780574042457,예아 ~
1780574042627,ㅋㅋㅋㅋㅋㅋㅋㅋ
1780574042628,예아
1780574042645,예아~
1780574042714,진짜 여고생들 모여서 노는 느낌이라 힐링된다
1780574042742,ㅖㅏ
1780574042749,ㅋㅋㅋㅋㅋㅋㅋㅋ
1780574042830,예아
1780574043207,미해금 캐릭
1780574043416,1시 표정 레전드
1780574043454,ㅋㅋㅋㅋㅋㅋㅋ
1780574043475,워~
1780574043592,ㅋㅋㅋㅋ
1780574043643,예`
1780574043826,ㅖ~
1780574043979,wah
1780574044330,열대야 느낌 좋네
1780574044669,이쁘다
1780574044710,ㅋㅋㅋㅋㅋㅋㅋㅋㅋㅋ
1780574044731,이거 노래좋다
1780574044832,워~ 예~ 개좋네ㅋㅋㅋㅋㅋㅋ
1780574044836,갑자기 공포인데
1780574044839,예아!
1780574044979,이건 좋네
1780574045049,좋다
1780574045177,예아
1780574045238,ㅋㅋㅋㅋㅋㅋ
1780574045364,dPdkj
1780574045744,캬
1780574045770,잘해 응
1780574045827,치바 감성머삼
1780574046330,워
1780574046579,와
1780574046898,믿힌
1780574046910,일본진스 ㄷㄷ
1780574047069,뮤비 좋다..
1780574047163,오
1780574047934,커엽네
1780574047969,이거지
1780574048031,이거 좋네
1780574048269,원이양...
1780574048606,귀여워
1780574048641,얘네 노래는 카페에서 나오면 좋겠다
1780574048800,ㅖㅏ
1780574048834,ㄹㅇ 뉴진스 필요없노 ㅋㅋ
1780574049108,캬
1780574049199,좋네...
1780574049249,와
1780574049318,와
1780574049341,노래 조은데?
1780574049434,노래 좋네
1780574049656,오 좋다
1780574050305,개이쁘네
1780574050366,핵 상큼
1780574050391,쌈아 입꼬리 올라간다
1780574050852,느낌좋긴하다
1780574050880,와
1780574050928,캬
1780574051034,어우 청량해
1780574051085,치지직 한번더 안오나
1780574051270,와
1780574051271,와!
1780574051457,캬
1780574051466,감성좋노
1780574051585,원이양..
1780574051590,청량하네
1780574051652,ㅝ~ ㅖ~
1780574051792,원이양...
1780574052109,한창 웃길나이
1780574052153,귀여우
1780574052351,아따 곱다
1780574052596,원이양..
1780574052696,늦었어 집에 들어가
1780574052902,교복이 잘어울리네 어려서
1780574052920,개이뻐
1780574052949,뉴진스 없는게 기회였네
1780574053243,개이뻐
1780574053524,이거 좀 치네
1780574053909,미쳐따 증말
1780574054020,찐 웃음이었ㄴ는데
1780574054120,동네에서 찍었나 ㅋㅋ
1780574054339,열차랑 샷이 좋네
1780574054452,원이양.
1780574054602,ㅝ
1780574055146,열대야 감성 ㄷㄷ
1780574055443,ye
1780574055725,이게 젤 좋다
1780574055810,워~
1780574055813,ㅖ
1780574055847,원이양
1780574055863,ㅖ~
1780574055876,원이양...
1780574055923,감성 지린닫ㄷㄷ
1780574055935,그냥 좋네
1780574055990,예아~
1780574056347,이.....쁘다
1780574056442,에~
1780574056472,워
1780574056614,ㅖ
1780574056771,워
1780574057166,원이야 뛰지는 마렴 ㅋㅋㅋㅋ
1780574057960,입꼬리 ㅋㅋㅋㅋㅋㅋㅋㅋㅋ
1780574058147,디토 느낌도 있네
1780574058241,ye
1780574058352,진짜 저 컨셉도 할수있는 시기가 정해져있다
1780574058354,ㅖㅏ
1780574058402,예아
1780574058404,노래랑 뮤비 분위기가 좋음
1780574058479,예아
1780574058598,새벽 갬성까지
1780574058710,ㅖ
1780574058727,뮤비도 뒤지게 이쁘다
1780574058795,ㅖ
1780574058990,노래 다 괜찮네
1780574059103,ㅖㅏ
1780574059106,04에 뭐가 있네
1780574059119,ㅋㅋㅋㅋㅋㅋㅋㅋㅋㅋ
1780574059643,{:d_45:}{:d_45:}{:d_45:}{:d_45:}{:d_45:}{:d_45:}
1780574059725,어흐 밤공기
1780574059768,ㅖㅏ
1780574059923,워~
1780574060143,성공해서 너무 기쁘다
1780574060797,데자부가 ㄹㅇ 고트임
1780574061089,뮤비 잘만들었다
1780574061110,까엉
1780574061147,되게 상큼하다
1780574061157,극 락
1780574061464,치바 동네에서 찍은듯
1780574061511,기승전결이 있어 뽕이 있어
1780574061654,아니 노래가ㅋㅋㅋ기분이 좋아지네
1780574061777,좋다 좋아
1780574061936,ㅖㅏ
1780574062209,여름이었다
1780574062332,역시 예황
1780574062372,항상 웃어있는게 큼
1780574062376,얼굴 폼들이 왜이러냐
1780574062407,윤정아
1780574062684,감성 좋네
1780574063021,밤공기 어흐..
1780574063466,느낌 좋다잉
1780574063553,거제처자 참 곱다
1780574063659,노래도 점점 업글하네
1780574063885,왜안뜸?
1780574063938,워 랑 예아 개찰진네 ㅋㅋ
1780574064102,오
1780574064333,캬
1780574064353,너무 좋다
1780574064450,입꼬리가 걍올라간다
1780574064604,캬
1780574065546,체급 미쳤네
1780574065821,노래에서 향이 나네 ㄹㅇ
1780574065880,괜찮네 이것도
1780574065923,잘컸다
1780574066182,노래가 잘빠졌어
1780574066198,잘한다 잘해
1780574066254,노래 좋다 감성이
1780574066317,이거진짜좋네
1780574066321,흙진스 제대로네
1780574066498,노래 진짜 좋다
1780574066522,워우 예아
1780574066559,캬
1780574066730,어우
1780574067152,여름이었다...
1780574067288,일본인가
1780574067402,와
1780574067493,뉴진스 잘가고 이제 리센느로 갈아탈게 ㅋㅋ
1780574067586,캬
1780574067641,오
1780574067713,감성 ㄷㄷ
1780574068072,뮤비 이쁘네
1780574068147,그냥 좋은데?
1780574069347,데자뷰 좋네
1780574069349,이제 이거 떼창하겠네 ㅋㅋㅋ
1780574069690,노래체급 좀높은데?
1780574069764,입꼬리가 자동이다
1780574069932,산뜻하네
1780574070223,캬
1780574070415,데자부 좋은데요
1780574070672,ㅋㅋㅋㅋ
1780574070704,좋은데?ㅋㅋ
1780574070833,박수
1780574070849,아이돌 시장 빡세네
1780574071026,노래 체급보소
1780574071050,ㅇㅈ
1780574071158,ㅋㅋㅋㅋㅋㅋㅋㅋㅋ
1780574071274,좋다
1780574071299,캬
1780574071344,일본감성이네 진짜
1780574071404,어어
1780574071521,커엽네
1780574071708,귀엽다
1780574071863,이거참좋네
1780574072002,좋네 이거
1780574072014,철도 위험해
1780574072039,분위기넘조은디
1780574072249,머야 ㅋㅋ
1780574072314,wah~ yeah~
1780574072325,감성 보소
1780574072556,낭만보소
1780574072950,뮤비 떼깔좋네
1780574072979,박수가 절로 나온다
1780574073235,감성보소
1780574073431,좋네욤
1780574073529,너넨 성공해라 ㅇㅇ
1780574073668,ㄱㅇㅇ
1780574073712,교복이 어울리네
1780574074202,체금 말 안되네
1780574074250,감성좋은데?
1780574074259,감성 잘 살렸네
1780574074434,야호
1780574074572,이거 작년에 쌈님께서 들으셨는데 ㅋㅋㅋ
1780574074641,7월컴백 리메이크곡이라는데 개궁금하네 ㅋㅋㅋㅋㅋㅋㅋ
1780574074870,이거 노래 좋네
1780574074920,걍 노래 다조은데?
1780574074940,예~
1780574075216,이거 역주행할수도
1780574075284,감성 지리네
1780574075349,철도애서 노는거 아냐
1780574075383,워우
1780574075422,캬
1780574075673,캬
1780574075713,음~ 일본감서
1780574075897,키가 짱크다
1780574076275,예아
1780574076286,일본인가
1780574076313,귀엽노
1780574076334,참좋네 ㅅㅅㅅㅅ
1780574076841,워~ 예~
1780574077128,예~
1780574077155,버클리 사장 안목 좋네
1780574077354,ㅝ
1780574077406,모자무싸
1780574077705,샷 진짜 좋네 이거
1780574077787,ㅋㅋㅋㅋㅋㅋㅋㅋㅋㅋㅋㅋㅋㅋㅋㅋㅋ
1780574077933,워
1780574078114,예아
1780574078136,데자부 좋네
1780574078279,디토 얘기 왜 나오는지 알겠다
1780574078280,ㅝ
1780574078307,감성 뭐노
1780574078653,감도 개높다
1780574079007,어우 예야ㅏ~
1780574079078,yeah
1780574079126,워 우 예야 ㅋㅋㅋㅋ
1780574079287,커엽다 커여워
1780574079340,어~
1780574079605,뮤비 밝은 디또 느낌이네
1780574080221,교복이 이쁘다 그냥
1780574080347,ㅖ
1780574080412,예
1780574080640,나도..
1780574081097,진효야 나 입꼬리가 안 내려간다
1780574082231,지예아
1780574082248,돈 진짜 많이 썼겠다
1780574082389,뽕끼만 조금더 넣어주면 대중한테도 분명들어올텐데
1780574082536,약간 대중음악하는 아일릿같네
1780574082559,높다
1780574082743,눈호강노레
1780574084056,비지보이 들어주세요
1780574085301,에ㅐㅇ
1780574085942,난 좋음
1780574085999,나는 조아
1780574086250,저는 패이보릿
1780574086355,엥
1780574086500,좋다
1780574087935,난 젤좋음
1780574087938,약간 무난한?
1780574088058,난 핀볼이
1780574088132,젤 좋은데
1780574088259,글로업이 난 제일 좋다
1780574088397,심심해
1780574088540,난 글로우업
1780574088923,나도
1780574088964,슴슴해
1780574088970,비 와이~
1780574089202,좋음
1780574089494,ㅇㅈ
1780574089551,비지보이가 좋던데
1780574089618,핀볼
1780574089825,ㅍㅂㅍㅂ~
1780574089860,발
1780574089914,나도 핀볼이 ㅇㅇ
1780574089921,데뷔곡도 좋던데
1780574089997,걍 다 좋음
1780574090007,삔볼
1780574090189,삥뽈
1780574090195,나도 핀볼
1780574090382,ㄴㄷ
1780574090770,난 런어웨이
1780574090774,ㅍㅂㅍㅂ
1780574090815,삔볼
1780574090910,ㅍㅍㅂㅍㅂㅍㅂ
1780574090962,ㅇㅈ
1780574091148,난 최애곡
1780574091160,삔볼
1780574091241,러너웨이도 좋더라
1780574091362,핀볼 좋음
1780574091520,아오 홍머병
1780574091579,다 좋아~
1780574091964,삔 보올
1780574092034,나도 핀볼
1780574092108,핀볼도 ㅇㅈ
1780574092312,뮤비가조아
1780574092499,나도 핀볼
1780574092510,난 러너웨이
1780574092554,나도
1780574092757,나도‘
1780574093190,난 러브어택
1780574093552,ㅍㅂㅍㅂㅍㅂ~
1780574093609,나도 핀볼
1780574093723,취향차이지
1780574093929,나도 핀볼
1780574093977,삔볼
1780574094056,그냥 노래가 다 좋음
1780574094148,"스,무스하게 잘먹힘"
1780574094176,핱드
1780574094201,나도 핀볼
1780574094429,난 이니셜 D 데자부 밖에 몰라
1780574094616,ㅍㅂㅍㅂㅍㅂㅍㅂ
1780574094635,삔볼
1780574095311,많이냈네
1780574095514,붐업
1780574095599,삔볼 좋아
1780574095683,이거도 좋음
1780574096462,난 러브어택 ㅇㅇ
1780574096806,오옹
1780574096812,ㅍㅂㅍㅂㅍㅂㅍㅂㅍ
1780574097350,할트어택
1780574098176,핀볼이 제일 특이해
1780574098351,삥뽈
1780574098854,ㄹㅇ
1780574099294,일부러 그런듯?
1780574099320,ㅇㅈ
1780574099537,ㅇㅇ
1780574099771,런어웨이가 고트 같은데
1780574099802,ㅋㅋㅋ
1780574099880,ㅋㅋㅋㅋㅋㅋㅋㅋㅋㅋㅋㅋ
1780574100314,핱드랍도 좋던데
1780574100433,ㄹㅇ
1780574100535,ㄹㅇ
1780574100619,ㅇㅈ
1780574101228,ㄹㅇ
1780574101294,저점이 높은 곡이 개많어
1780574101305,음악력 높음 ㅇㅇ
1780574101708,워 예~
1780574102002,핱트 어퉥~
1780574102033,노래 다 괘않네
1780574102358,워~
1780574102389,훅을 잘 만들어
1780574102673,달평이 뭔데
1780574103142,ㅋㅋㅋㅋㅋㅋㅋㅋㅋㅋㅋㅋㅋㅋㅋㅋㅋㅋㅋㅋㅋㅋㅋ
1780574103717,ㅝㅖ
1780574104848,in my lotion도 조아용...
1780574105145,떼뗴떼뗴떼
1780574105456,하트어택 유튜브에 나온거야
1780574105539,킬링파트가 있음
1780574106233,싸비
1780574106386,술술넘어감
1780574106434,롱런의 비결
1780574107260,이뻐
1780574107333,비지보이 개좋음
1780574108408,ㅋㅋㅋㅋㅋㅋㅋㅋㅋㅋㅋㅋㅋㅋ
1780574108459,ㅋㅋㅋㅋㅋㅋㅋ
1780574108534,ㅋㅋㅋㅋㅋㅋㅋㅋㅋㅋ
1780574108726,ㅋㅋㅋㅋㅋㅋㅋ
1780574108743,ㅋㅋㅋㅋㅋㅋ
1780574108956,ㄹㅇ
1780574109126,ㅋㅋㅋㅋ
1780574109227,느아~
1780574109235,꾸듯~
1780574109241,ㅋㅋㅋㅋㅋㅋㅋㅋㅋㅋ
1780574109394,ㅋㅋㅋㅋㅋㅋㅋㅋㅋㅋㅋㅋ
1780574109559,므아
1780574109660,아 ㅋㅋㅋㅋ
1780574109797,야호~
1780574109999,ㅋㅋㅋㅋㅋㅋㅋ
1780574110051,야호~~
1780574110077,ez
1780574110164,ㅋㅋㅋㅋㅋㅋㅋㅋ
1780574110306,ㅋㅋㅋㅋ
1780574110400,까네
1780574110449,ㅋㅋㅋㅋㅋㅋㅋㅋㅋㅋㅋㅋㅋㅋㅋㅋㅋㅋㅋㅋㅋㅋㅋㅋㅋㅋㅋㅋㅋㅋㅋㅋㅋㅋㅋㅋㅋㅋ
1780574110538,워~ 예아~
1780574110705,ㅋㅋㅋㅋㅋㅋㅋㅋㅋ
1780574110746,ㅋㅋㅋㅋ
1780574110868,야호~
1780574110869,ㅝ
1780574110884,맞긴해
1780574110892,힘 빼는게 좋지
1780574110946,ㅋㅋㅋㅋㅋㅋㅋㅋㅋㅋㅋㅋㅋ
1780574111048,ㅋㅋㅋㅋㅋㅋㅋㅋㅋㅋ
1780574111186,그래서 좋음 ㄹㅇ
1780574111187,ㅋㅋㅋㅋㅋㅋㅋㅋㅋ
1780574111237,야허~
1780574111291,ㅋㅋㅋㅋㅋㅋㅋㅋㅋㅋㅋㅋ
1780574111357,워~
1780574111525,야홍-
1780574111636,야 허
1780574111651,거제 야호~
1780574111704,이지함 ㅇㅇ
1780574111727,갸루형
1780574111765,기교가 많아
1780574111811,향기자늠 ㄹㅇ
1780574111859,이지리스닝 goat
1780574111891,ㅋㅋㅋㅋㅋㅋㅋㅋㅋㅋ
1780574112008,떼뗴뗴
1780574112027,야~~호~~
1780574112291,ㅋㅋㅋㅋㅋㅋㅋㅋㅋㅋㅋ
1780574112366,ez~
1780574112427,향이 컨셉이라그런듯
1780574112484,스르르
1780574112577,야호류
1780574112606,뉴진스 음악들이 250이 그특유의 뽕끼를 세련되게 넣어노아서
1780574112732,ㅋㅋㅋㅋㅋㅋㅋㅋㅋ
1780574112793,ㅋㅋㅋㅋㅋㅋㅋㅋㅋㅋ
1780574113072,거제 야호~
1780574113496,야호
1780574113531,뭔 느낌인진 알겠다
1780574113540,야~~~호 같은 느낌
1780574113575,느어~
1780574113622,갑분 므와~~~~
1780574113645,느아ㅏㅏㅏㅏ
1780574113715,야호
1780574113939,느아.~
1780574114096,야호~
1780574114097,편안해
1780574114135,워~
1780574114338,ㅋㅋㅋㅋㅋㅋㅋㅋㅋㅋㅋㅋㅋㅋㅋㅋㅋ
1780574114347,그게 뽀인트~
1780574114388,야호 정신
1780574114475,야허어어
1780574114511,극찬
1780574114514,뿅양냉면 ㅇㅇ
1780574114539,노래다 편안해서 좋음
1780574114561,야허
1780574114721,워 예
1780574114772,거제 야호~
1780574114792,야호~
1780574114950,예아~
1780574114954,헤으응~ 하게 만드는 노래
1780574115077,ㅋㅋㅋㅋㅋㅋㅋㅋ
1780574115089,느아
1780574115197,요즘은 그게 맞아
1780574115216,예~
1780574115386,?
1780574115415,거제 야호
1780574115421,기교를 너무 많이 부려
1780574115431,ㅋㅋㅋㅋㅋㅋㅋㅋㅋㅋㅋㅋ
1780574115437,그게 바로 리센느임
1780574115510,야호
1780574115554,야호
1780574115567,야호~
1780574115726,ez~~~
1780574115754,예~
1780574115919,느아~ 느낌
1780574116049,야호~
1780574116088,야홍
1780574116207,야호~~
1780574116257,고음 지르는게 없어서 그런듯
1780574116273,YA-HO
1780574116365,좌약st
1780574116374,뜨끔
1780574116464,릴렉싱 ㅋㅋ
1780574116617,야호~~
1780574116689,르센느아~
1780574116799,야호~
1780574116844,므와~~
1780574116953,호우
1780574116987,야호~
1780574117055,야호~
1780574117084,느아
1780574117259,귀가 편함
1780574117260,야호~
1780574117279,그룹이 야호다 ㅋㅋㅋㅋ
1780574117318,야호
1780574117404,ㅋㅋㅋㅋㅋㅋㅋㅋㅋㅋㅋㅋㅋ
1780574117419,야호~
1780574117510,ㅋㅋㅋㅋㅋㅋㅋㅋ
1780574117669,야호~
1780574117690,야호~~
1780574117832,전체적으로 힘빠지는보컬느낌있음
1780574118138,?
1780574118229,야호~
1780574118233,예아~
1780574118249,야호바이브
1780574118521,야~~호~~~~
1780574118538,야호
1780574118558,으어...
1780574118665,예~
1780574118786,ㅋㅋㅋㅋㅋㅋㅋㅋㅋㅋ
1780574119340,야~호~
1780574119355,슨ㄴㄴㄴ나
1780574119442,야-호
1780574119626,야~호
1780574119654,와 얼굴
1780574119674,뭔 느낌인지 알겠음ㅋㅋㅋ
1780574120562,맛테루용~
1780574120721,와씨
1780574120985,허으ㅇㅇ
1780574121230,와뭐야
1780574121450,야호
1780574121453,나 이거 최애
1780574121530,르센느아 ~~
1780574121614,오
1780574122177,캬ㅑㅑ
1780574122338,야호~
1780574123059,야호 ~
1780574123225,존나이쁘잖아 머야
1780574123293,부를때 좀 제대로 불러줘
1780574123294,핫드뢉
1780574123556,오
1780574123799,와우
1780574124034,오 느낌이 다르네 이건
1780574124492,인간 야호
1780574124493,이거 좋던데
1780574124653,힘들어가는데 갑자기?
1780574124937,uk개러지다
1780574125302,그게 갸루
1780574125654,야호~~~~
1780574126035,오
1780574126313,와 파이리
1780574126621,이것도 좋음
1780574126959,하트어택~
1780574127078,캔 스탑 원 스탑
1780574127149,워우
1780574127168,난 이거 최애임
1780574127435,눈 겁나크네
1780574127456,야호
1780574127684,와
1780574127788,캬
1780574127847,이것도 묘한깔인데
1780574127929,하우스??
1780574128119,얼굴 뭐삼 ;
1780574128245,존예
1780574128275,오
1780574128301,마떼루용~~
1780574128972,원이양...........
1780574129208,하트드랍 좋치
1780574129229,매우 이;쁘다
1780574129247,이것도 디게 좋던데
1780574129268,와 얼굴
1780574129499,전체적으로 강하게 가지않아서 그런듯
1780574129638,와
1780574129796,ㅈㄴ이쁜데
1780574130299,와
1780574130401,때깔 머고 중소 맞나
1780574130659,원이양.
1780574130726,이게 최신인가?
1780574131424,이건 빠르네
1780574131693,뭐야 노래가 또 다르네
1780574131950,얼굴 체급보소
1780574131997,진짜 용안 어메이징하시다
1780574132269,느낌 싹달라지네 오
1780574132417,다이쁘다
1780574132969,다 이뻐
1780574133050,이것도 귀에 익네
1780574133672,야호 들으면 힘 빠짐
1780574133736,이건 노래가 빠르네
1780574133825,이거 성수동에 나온노래잖아
1780574134335,다양하게 하시네
1780574134539,와 얼굴보소
1780574134797,가라지곡도 있구나
1780574135450,이건 첨듣는데
1780574136007,와 미나미 벅지 ㄷㄷ;
1780574136219,얼굴 체급 습박;
1780574137668,멜터웨이
1780574137885,{:d_60:}{:d_60:}{:d_60:}{:d_60:}
1780574138204,성수동
1780574138234,뮤비 느낌이 싹 달라졌네
1780574138373,성숙해졌어
1780574138541,개러지네?
1780574138886,사운드가 중소가 아닌데
1780574138974,원이양을 처음 본 순간....
1780574139143,다라이 미쳤네 진짜
1780574139601,나도 이거 최애임
1780574139911,얼굴이 ㄷㄷㄷㄷ
1780574140321,진경은거인 신죠사사게오
1780574140943,오
1780574141847,와
1780574141911,리브 예뻐
1780574141936,와
1780574142092,와 이쁘다
1780574142167,와
1780574142358,와
1780574142473,와
1780574142697,존나 이쁘네
1780574142896,이게 사투리 2편 엔딩곡
1780574143124,와
1780574143190,오우
1780574143307,와
1780574143327,와우
1780574143445,와
1780574143541,와 리브양
1780574143669,와..
1780574143703,ㅈㄴ예브네
1780574143728,눈 디게 크다
1780574143774,와
1780574143782,와ㅏㅏㅏㅏ
1780574143894,ㅘ
1780574144021,와
1780574144106,리브양..
1780574144125,리브 와
1780574144156,와 개이뻐
1780574144197,와
1780574144224,리브양...
1780574144398,개맛도리
1780574144468,오우...
1780574144594,와…
1780574144684,와
1780574144745,리브
1780574145200,이것도 좋음
1780574145264,연습생!
1780574145458,와
1780574145484,리브상
1780574145566,와
1780574146057,와 미해금 캐릭터
1780574146120,어흐
1780574146129,오 빠숀쇼 느낌
1780574146601,리브양...
1780574147443,리브양
1780574147913,너무 이뻐요
1780574147990,와 너무 이쁘다
1780574147995,아 이게 그 카페에서 튼 노래구나
1780574148197,향기는 계속 들어가는구나
1780574148727,얼굴력 다 올라왔네
1780574149792,노래들이 좋긴한데 중소라 곡이 초S급은 없는 느낌
1780574151733,연습생 개이뻐
1780574151855,언제 데뷔하시지
1780574152766,힘빠지는 목소리 ㅋㅋ
1780574152830,체급 지리는뎅?
1780574152862,DLC 언제나ㅓ오냐
1780574153073,미해금캐릭 ㄷㄷ
1780574153174,리브양...
1780574153485,슴슴한게 오히려 매력임
1780574153625,캬
1780574154777,진경은거인 신죠사사게요
1780574155214,이건 노래가 빠르네
1780574155716,연습생양..
1780574155736,딜 라 이 트
1780574155751,이게 베리향임?
1780574156356,DLC빨리 풀려라
1780574156386,어흐
1780574156974,야 고윤정.
1780574157113,얼굴력이 투메인데
1780574157309,딜라이트 ㄷㄷ
1780574157679,좋아좋아
1780574157765,딜라이트?
1780574157909,딜라이트
1780574158196,대 환 중
1780574158237,근데 진짜 노래 퀄이 중소가 아니다
1780574159775,딜라이트?
1780574160501,오
1780574160562,여기 대표가 작곡 작사도 하던데
1780574161416,캬 딜 라 이 트
1780574161576,아 이거구나
1780574161626,아 이거
1780574161740,오
1780574161833,이 노래 은근 좋음
1780574162322,아 이거구나
1780574162400,어
1780574162460,오???
1780574162534,오
1780574162686,오
1780574163132,어?
1780574163430,어 이거
1780574163460,캔스탑
1780574163499,오
1780574163675,힘빠져
1780574163730,캬
1780574164070,{:lck_4:}{:lck_4:}{:lck_4:}
1780574164277,어 이거 들어본거네
1780574164530,캬
1780574164625,들어봣다
1780574164760,오
1780574164883,아 이거구나
1780574165165,그래 그거임
1780574165286,오
1780574165327,오
1780574165378,오
1780574165443,어 이거야?
1780574165562,왜 들어본거같지
1780574165630,개좋다
1780574165631,아 이거네
1780574165689,오
1780574166121,저지~
1780574166292,들어봤어
1780574166637,오 이 노래구나
1780574166809,들었던거
1780574166867,아 성수편
1780574166927,여긴 좋네
1780574166988,이거임 사투리 2편 엔딩
1780574167018,카페앞에서 춘거네
1780574167063,어
1780574167079,아 이거 들어봤어
1780574167193,야 춤추자~
1780574167250,그맛
1780574167364,아 엔딩곡
1780574167452,이거 들어봤는데
1780574167475,아 이거구나
1780574167501,옷가게 노래같다
1780574167799,소금빵 춤 ㄸ
1780574167810,어 들어봤는데
1780574167904,좋노
1780574167976,들어봤는데
1780574168260,하트어택 내심장 공격해~
1780574168268,어?
1780574168310,들어봤어
1780574168328,?
1780574168602,개좋네
1780574168736,힘빼주고~
1780574168740,오 이런 노래도 하는구나
1780574169101,유툽 마지막에 그노래구나
1780574169506,이거였음?
1780574169788,이거 들어봤어
1780574169856,들어본거같기도하고
1780574169877,들어봤어
1780574171002,니가 아는 그거
1780574171024,Uk개러지
1780574172516,약간 몽환느낌인가
1780574172568,이게 그 카페 노래구나 ㅋㅋ
1780574172590,유튜브에서 봐서
1780574172699,나 이거 올영가서 들어봤는데
1780574172834,어디서 다 들어본거ㅋㅋ
1780574173013,이거 소금빵그노래구나
1780574173041,들어본것같기도
1780574173503,ㅋㅅㄴㅅ
1780574173585,이거 들어봤는데?
1780574174517,이거였구나
1780574175157,어디서 들어봤지?
1780574175171,소금빵춤
1780574176239,빰빰 빰 빰빰
1780574176330,소금빵춤 ㅋㅋㅋㅋㅋㅋㅋㅋㅋㅋㅋ
1780574176373,와
1780574176460,소금빵 먹으면서 춤춘 그 곡
1780574176786,소금빵춤은 ㅋㅋㅋㅋㅋ
1780574176824,어
1780574177114,원이양...
1780574177278,와 얼굴
1780574177649,와
1780574177679,성수에서 춘거네
1780574178176,노래는 좋아
1780574178225,이거 성수동 마지막에나오는노래아니가
1780574178348,성수에서 춤춘게이거네
1780574178395,유튜브 마지막 그거네
1780574178455,아 이거야?
1780574178499,캬ㅑㅑ
1780574178724,이거 뭔가 익숙하다
1780574178931,아 여기 들어봄
1780574179065,파이리 귀엽네 ㅋㅋ
1780574179087,성수 엔딩 곡 ㅋ
1780574179309,들어보긴했어
1780574179503,아 소금빵
1780574179759,소금빵 그 노래
1780574179900,ㅋㅋㅋㅋㅋ
1780574180059,원이양..
1780574180375,와
1780574180855,소금빵춤ㅋㅋㅋㅋㅋㅋ
1780574181302,와 진짜 이쁘네
1780574181435,소금빵춤
1780574181546,어..이거..
1780574182021,아 이거야??
1780574182102,소금빵 노래네
1780574182127,성수동이당
1780574182130,와ㅏㅏㅏㅏ
1780574182432,하투하랑 비슷하네
1780574182547,들어본거같은데?
1780574183236,원이양...
1780574183280,가게들에서 많이 트나
1780574183683,소금빵춤 ㅋㅋㅋㅋㅋㅋㅋㅋㅋ
1780574183735,아 성수곡이야
1780574183859,소금빵ㅋㅋ
1780574183888,"제나양,,"
1780574183991,신라공주님
1780574184047,원이양
1780574184121,제나양..
1780574184295,소금빵송이었구만
1780574184667,들어볼래에서 했으니까
1780574184687,소금빵 ㅋㅋㅋ
1780574184689,캬
1780574184745,번개치는거보소
1780574184953,성수엔딩
1780574184956,소금빵ㅋㅋㅋㅋㅋㅋ
1780574185577,뭔가 그 부분만 들어봤네
1780574185595,와 신라공주
1780574186037,와
1780574186059,스며들어
1780574186167,소금빵 노래였네
1780574186237,아 소금빵춤
1780574186412,ㅋㅋㅋㅋ
1780574186768,dhdn
1780574187008,와
1780574187049,캬
1780574187119,소금빵춤 ㅋㅋㅋ
1780574187696,소금빵춤ㅋㅋㅋㅋㅋㅋㅋㅋㅋㅋㅋㅋ
1780574187789,신라공주양
1780574188085,소금빵춤
1780574188141,와
1780574188171,오
1780574189310,캬
1780574189340,와ㅏㅏㅏ
1780574190054,사투리면 엔딩곡
1780574190541,안보여
1780574191423,캬
1780574191627,이거 팝업에서 많이 들은 노래같음ㅋㅋ
1780574191674,소금빵들고 춤춘거 나온노래
1780574191862,소금빵ㅋㅋㅋㅋㅋㅋ
1780574191955,소금빵춤 ㅋㅋㅋ
1780574192040,와 방금 원이 진짜 뭐냐
1780574192187,빵집 앞 춤이구나
1780574192355,왜 이름이 소금빵춤 ㅋㅋㅋ
1780574192602,어우 눈
1780574192865,아 소금빧ㅇ ㅋㅋㅋㅋㅋㅋㅋ
1780574193313,근데 생각보다 노래들이 좋네
1780574193391,노래가 다 좋은데
1780574193419,어우 눈뽕
1780574193432,어으 눈부셔
1780574194290,아니 얼굴 체급들이 왤케 좋냐
1780574194390,ㅖㅏ
1780574195385,근데 너무 예쁘다
1780574195718,거기서 들은거구나
1780574195840,돈 많이 썼네 노래에
1780574196612,캬
1780574196754,아 소금빵춤 ㅋㅋㅋ
1780574198594,성수듀오 ㄷㄷ
1780574198878,메이양
1780574199294,아하 소금빵춤
1780574200020,어흐..
1780574200125,메이양..
1780574200687,메이양..
1780574201625,자는척뭐노
1780574203055,노래퀄은 다좋네
1780574203148,좋은데?
1780574203277,넌부족해~
1780574203556,소금빵 브금이구나
1780574204008,다들 더말라졌네
1780574204587,소금빵 노래다
1780574204899,메이양...
1780574205011,메이즈러너
1780574205247,성수듀오 ㅋㅋ
1780574205333,CCTV 헉 ㄷㄷ
1780574206177,딜라이트
1780574206447,슴슴류
1780574206753,그야 소금빵 먹으면서 추는 춤이니까
1780574206979,방금 완전 레인보우 A
1780574207068,거제 출발
1780574207314,대환중
1780574207653,이사람이 뭔가 일본인같은데
1780574207817,어흐 메이동생
1780574208188,소금빵 그 노래 구나
1780574208488,성수 사투리봤네
1780574208707,대환중
1780574209188,영상 구성이나 미감이 너무 아쉽네
1780574209384,나도 ㅋㅋ
1780574209476,대 환 중
1780574209977,뮤비가 갈 수록 저렴해지는 거 같네
1780574209991,꼬맹메이 ㅋㅋ
1780574210993,뭔가 어디서 다 들어본 느김인데?
1780574211700,나두 안와닿음ㅋㅋ
1780574211939,쬐끔 아쉽
1780574212011,환중하겠네
1780574212110,훅은 좋은데
1780574212319,노래에 돈 더써야겟다 저점은 높은데 확 오는게 없네
1780574212347,아쉽긴해
1780574213311,확 안터져서 그럼
1780574213603,나도
1780574214759,원이양...
1780574215058,킥이 없나
1780574215907,빵터지는 맛이 없어
1780574215970,타이틀 아니라서
1780574216129,일부러 안터뜨리는듯
1780574216232,더 좋아질수있을거같음
1780574216337,소금빵 손에 들어야됨
1780574216794,에스파 처럼 더 쌔야해
1780574216881,ㅇㅇ 전체적으로 그럼
1780574217006,일부러
1780574217113,주문걸어 아센디오?
1780574217343,젤 아쉬운데 솔직히
1780574217421,몸매 이거이거
1780574217944,임팩트가
1780574218068,ㅇㅇ 한번쳐주면좋을거같은데 안쳐서 아쉬움
1780574218255,뭔가 더 터져야하는데
1780574218396,후렴은 좋은데
1780574218735,감질나게하네
1780574218768,ㅇㅇ 더 잘만들수잇엇을거같은데
1780574218924,원이양
1780574219221,평냉이당
1780574219324,너무 똑같이 반복함
1780574219400,원이양....
1780574219532,평냉그룹
1780574219958,슴슴해잉..
1780574220108,힘이 쭉쭉 빠지네
1780574220267,도파민이가
1780574220280,좋은데 이거
1780574220910,{:d_115:}{:d_115:}{:d_115:}{:d_115:}
1780574221694,노린거야
1780574222105,ㅋㅋㅋㅋ
1780574222190,감질나네 ㅋㅋㅋ
1780574222206,빵터질만한데
1780574222313,ㅋㅋㅋㅋㅋㅋㅋㅋㅋ
1780574222732,리센스가 대체적으로 그런듯
1780574223004,대표랑 작곡팀이 직접만드니 이정도 퀄이 나오지 그나마 중소에서도
1780574223280,목소리 결도 비슷하긴함
1780574224075,ㅋㅋㅋㅋㅋㅋㅋㅋ
1780574224577,그러게
1780574224654,키치
1780574224917,가라지 베이스곡같은
1780574225074,ㅋㅋㅋ
1780574225691,변주한번줫어야함
1780574225806,그대신 얼굴력이 급상승한득
1780574225859,안터지네
1780574226008,소금빵처럼 만들었네
1780574226142,도파민 중독임
1780574226469,dhk
1780574226690,일부러 이지하게 간듯?
1780574227051,에스파는 팍 터지는데
1780574227540,어ㅣ
1780574227802,이지리스닝이라
1780574227862,보통 저런건 일부러임
1780574227988,훅이 힘이 부족해
1780574228048,슴슴류네
1780574228617,힘이 빠지는 느낌
1780574228701,와
1780574228981,느낌이 있는데 느낌이 없음
1780574229060,넘 슴슴류야ㅜ
1780574229451,유지력이 부족한느낌임
1780574229672,와ㅏㅏㅏㅏ
1780574229932,ㄹㅇ
1780574229970,미나미 파워보컬 잘되던데 안써서 아쉬움
1780574230335,오
1780574230344,ㅇㅇ
1780574230576,범생이 음악같네
1780574230942,슴뿅이 일관적임
1780574231577,소금빵 에디션이 더 좋은 듯
1780574231770,nn
1780574232175,데뷔곡부터 다 같은 결임
1780574232193,타이틀이 아닌데 뮤비가 있어?
1780574232486,여기도 좋은데
1780574233095,접때도 비슷한말 하긴함
1780574233355,이 친구가 예쁘네
1780574233528,여기서 좀더 터지는게 정석이긴 하지않나
1780574233655,ㄹㅇ 소금빵이네
1780574234293,와 겨
1780574234596,쉿
1780574234634,리브양...
1780574234657,나미양...
1780574234716,와 근데 이쁘다 진짜
1780574235028,이노래가 개인적으로 젤 아쉽노
1780574235045,그대신 얼굴력이 리즈인데
1780574235170,와
1780574235190,곡 하나로만 써서 그런듯
1780574236186,먼지 알겠네
1780574236623,캬
1780574237566,훅 도입부가 개좋긴해
1780574237797,질린 평양냉면
1780574238319,그렇긴해
1780574238814,노래 걍 개좋은데
1780574238850,캬
1780574239163,변주 한번만 들어갓어도
1780574239355,와
1780574239603,나미양..
1780574239620,얘내 곡들이 다 후렴을 약하게 시작하고 뒤에 훅을 붙힘
1780574240351,미나미 개이뻥
1780574242164,야~~호~~~
1780574242338,이게 제일 최신곡인가?
1780574242365,그래서 라이브가 더 좋음
1780574242653,두어개 섞어야 뽕차는데
1780574242877,향은 쌔면 맡기싫잖아요
1780574243201,미남이씨 ....
1780574243265,슴슴뿅
1780574243543,평냉 ㅋㅋ
1780574244528,얼굴력이 수직상승함
1780574244773,디톡스 그룹이네
1780574245794,부셔버리는 맛이 있어야하는데 파워가 부족해
1780574245827,미나미 얼굴 ㄷㄷ
1780574248323,걍 보컬좀 쌔게 떄려박아보지
1780574248872,합격
1780574249506,억랩 쳐내
1780574249931,아 뭔말인진 알겠다 ㅋㅋ
1780574250534,냉면 ㅋㅋㅋ
1780574250864,더 빵 터트렸어야 하나
1780574250934,와 리브양
1780574251214,선공개였네
1780574252009,와 근데 평냉 이정도면 리센느면옥인데
1780574252051,ㅋㅋㅋㅋㅋㅋㅋ
1780574252148,얼굴력은 뭐여 ㅋㅋ
1780574252275,그런 면에서 이게 더 좋은데
1780574252500,캬ㅑㅑㅑ
1780574255438,때리네
1780574258269,슴슴하네
1780574259483,리브양도 얼굴이 장난아니네;
1780574259946,좋긴한데....
1780574259949,야호메타
1780574260088,평냉ㅋㅋㅋ
1780574261928,리센느는 라이브를 봐야함
1780574262243,와
1780574262402,대갸루
1780574264225,근데 때리는 보컬도 슴슴해 ㅋㅋㅋ
1780574265252,슴슴한데 맛있는데
1780574265764,얼굴이 무슨
1780574266517,다이뻐요
1780574267558,와우 얼굴 체급 ㄸ
1780574267735,차에서 틀기는 좋아보이네
1780574268963,갸루 얼굴 진짜 미쳤네
1780574270771,얼굴로 밀어붙이는 느낌
1780574273345,애들이 다 이쁘니까 클로즈업을 자주 잡네
1780574273407,어어어
1780574273665,근데 노래들이 다 평타이상은 하는거같은데?
1780574273724,체급 높네
1780574273963,캐삽
1780574273976,야 고윤정
1780574274024,마라맛이 부족해
1780574274098,난 이거 플리 넣어야겠다 걍 듣기 편하네
1780574274627,노래 좋다
1780574275183,이전게 더 좋았는듯
1780574275319,얼굴활용되게잘하신다
1780574275411,평냉
1780574275536,캬 용안은 이거이거b
1780574275791,얼굴 체급이 ㅈㄴ 높아짐
1780574276405,진짜 드라이브용입
1780574277010,갸루양 폼 보소
1780574277942,이쁘잖아 한잔해
1780574277966,그냥 틀어놓기에는 좋은데 그래도
1780574278887,수원 구운동의 자랑 리브양
1780574279400,야호냉면 캬ㅑㅑ
1780574279666,높은 체급
1780574279779,같은 음 반복느낌
1780574279796,저지클럽 비트 어울릴듯
1780574279960,원이양 ...
1780574280434,은은한 향수가 좋앙
1780574281129,진짜 이거 드라이브 용이데??????/
1780574282121,그니까 클로즈업 많이잡네 예뻐서그런지
1780574282762,와
1780574283638,그냥 슴슴해
1780574284480,리브 개이뻐
1780574284731,비주얼이 좋으니까
1780574284995,근데 뮤비 예산진짜 아끼고 아껴서 잘뽑았다 ㅋㅋㅋ
1780574285202,갸루양 {:d_94:}{:d_94:}{:d_94:}{:d_94:}{:d_94:}
1780574285825,신라윤정
1780574286331,대중성도그렇고 이지리스닝에 듣기좋네 곡들이 다
1780574286465,이전곡들이 더 낫긴하네
1780574286999,그냥 기부니가 좋네요
1780574287202,좋긴한데 트렌드는 아니긴 해
1780574287637,차에서 알고리즘에 뜨면 넘기지는 않을듯
1780574287767,영상감독 지리누
1780574289265,아 구운동 출신이야/
1780574289542,성수느낌
1780574289566,노래가 향기처럼 은은하네
1780574289640,버클리음대출신 평양냉면사운드
1780574290446,bb
1780574290593,다라이 체급으로 커버하는중
1780574290594,들을거 없을때 듣기좋네
1780574291116,나도
1780574291440,와
1780574291717,아쉽긴혀
1780574292697,ㄴㄷ
1780574292824,나두..ㅋ
1780574293483,와
1780574293671,ㅋㅋㅋㅋㅋㅋㅋ
1780574293782,캔스탑 거기만 좋네
1780574294106,ㄹㅇ
1780574295002,ㅋㅋㅋㅋㅋㅋㅋㅋㅋㅋㅋㅋㅋㅋㅋㅋㅋㅋ
1780574295572,ㅋㅋㅋㅋㅋㅋㅋㅋㅋㅋㅋㅋㅋㅋㅋ
1780574295920,원이씨가 목소리가 특이하네
1780574296055,ㄹㅇㅋㅋ
1780574296091,ㅋㅋㅋㅋㅋㅋㅋㅋ
1780574296219,웃어주라
1780574297219,ㅋㅋㅋㅋㅋㅋㅋㅋㅋ
1780574297283,ㅋㅋㅋㅋㅋㅋㅋㅋㅋㅋㅋㅋㅋ
1780574297547,ㅋㅋㅋㅋㅋ
1780574297754,개이쁘긴하다
1780574298046,시크하네 ㅋ
1780574298410,?
1780574298711,이건 성숙해
1780574298808,캔스탑 그 부분은 개꽂히는데
1780574299508,마저…
1780574299671,점점 힘빠지네용
1780574300268,귀여운 분들이잫아
1780574300806,글로우업이 제일 좋은데
1780574301120,웃는게 예쁘긴하던데
1780574301259,ㅋㅋㅋㅋㅋ
1780574301319,베리향이래
1780574301351,시크
1780574301358,웃어줘~
1780574301599,다들 정색하고있어!
1780574301854,슴슴하긴해
1780574302672,ㅋㅋ
1780574302806,ㅋㅋㅋㅋㅋㅋ
1780574302957,노래 개좋은데?
1780574303057,와
1780574303099,시크?
1780574303183,1시 아빠웃음 실패
1780574303802,쿨걸
1780574303871,은미
1780574304145,편집샵에서 나올거같음
1780574304589,신선한 느낌이 없음
1780574305066,슴슴ㄴㄴㄴㄴ나
1780574305277,냉미녀 곡임
1780574305328,추구미는 확실한듯
1780574305454,{:d_52:}{:d_52:}{:d_52:}{:d_52:}{:d_52:}{:d_52:}
1780574305758,웃어줘야 좋아해
1780574305930,무신사에서 많이 틀 거 같은 노래임
1780574306105,음흉한 미소
1780574306106,웃어야되
1780574306269,이새킨 그냥 청춘을 좋아함
1780574306359,"와,,,"
1780574306683,어려서 그런지 귀여운게 잘어울림
1780574306987,몽환
1780574307164,청순농가 살려야지
1780574308112,차가워요 ㅠㅠ
1780574308449,난 데자부~
1780574310286,자라 곡
1780574310482,편집샵깔이야
1780574310649,1시 학부모웃음 실패 ㅋㅋㅋㅋ
1780574310694,고급진 향느낌이라해야하나
1780574310813,ㅋㅋㅋㅋㅋㅋㅋㅋㅋㅋㅋㅋ
1780574310845,웃을떄 같이 웃음나옴
1780574311300,이때 노래들 유행이 이랫음 랩위주
1780574311372,슴슴하게
1780574311454,bloom 드가자
1780574311482,그맛이야
1780574312311,무신사노래
1780574312313,너무 냉미냐
1780574312835,룩동진
1780574316822,그 소녀소녀한 향이 없어
1780574316844,좋은데
1780574317315,오온다
1780574317452,러너웨이가 좋던데
1780574317659,러너웨이~
1780574318067,노래 많이 냈네
1780574318724,러너~
1780574318825,런웨이 강림
1780574319268,큰거온다
1780574319396,러너웨이?
1780574319399,이거 좋음
1780574319399,이거 좋음
1780574319452,런어웨이가 좋더라
1780574319616,이게 최신인가
1780574319679,헉
1780574319886,채신곡
1780574319940,러너 샤라웃 ㄷㄷ
1780574320239,채신곡
1780574320267,캬 왓다
1780574320423,온다
1780574320552,오버워치팀 ㄷㄷ
1780574320598,띵
1780574320926,난 이게제일좋더라
1780574320955,YE
1780574321140,러니키
1780574321211,러너
1780574321278,대 대 훈
1780574321365,칸예 ㄷㄷ
1780574321367,러니키
1780574321405,동훈이 어서오고
1780574321646,러너햄..
1780574321737,메이즈러너
1780574321809,ㄹㄴㅇㅇ~
1780574322127,러너형?
1780574322213,러너 ㄷ
1780574322334,러너?
1780574322472,te
1780574322550,이노래좋아
1780574322574,비지보이
1780574322710,예
1780574323010,이번 신곡
1780574323074,러너웨이도 많이 좋더라
1780574323266,대 훈
1780574323282,대 대 훈
1780574323305,대러너
1780574323328,이거지예
1780574323377,제일 최신곡
1780574323443,노래 개좋음
1780574323475,이거 좋음
1780574323525,캬
1780574323680,윤대훈
1780574323857,러너햄
1780574323905,러너웨이 좋음
1780574324006,러니키!!
1780574324091,러너햄
1780574324121,이거 좋음
1780574324135,ye
1780574324139,이거 좋던데
1780574324170,칸예
1780574324237,이것도 좋지
1780574324296,채신곡
1780574324350,이건 좋더라
1780574324526,예~
1780574324563,ㄹㄴㅇㅇ~
1780574324662,러너 샤라웃
1780574324669,칸예셔?
1780574324750,러너햄
1780574324849,러너햄
1780574324902,러니끼
1780574325003,대 러 너
1780574325049,러너햄
1780574325095,메이즈러너 어서오고
1780574325205,대훈 웨이
1780574325365,대 대 훈
1780574325442,러너햄
1780574325476,러너햄..
1780574325555,대 러 너
1780574325621,예
1780574325652,러니키 ㄷㄷ
1780574325668,러니키 어서오고
1780574325690,제일 아쉬운 노래인데
1780574325748,메이즈러너
1780574325788,아 이게 최신곡임?
1780574325859,아니키~
1780574325885,최신곡
1780574325912,둥치따치두두둗ㄴ다
1780574325974,러너햄
1780574326131,러너 ㄷㄷ
1780574326133,대 러 너
1780574326199,메이즈러너
1780574326200,피아노?
1780574326276,러너샤라웃을
1780574326338,대 러 너
1780574326485,채신곡이잖아
1780574326498,이거 좋음
1780574326584,러니키 ㅋㅋㅋㅋ
1780574326679,ye
1780574326824,이게최신곡?
1780574326890,러니키
1780574326972,러니키 ㅋㅋㅋ
1780574327035,러니키웨이
1780574327212,얼마전에 들은거
1780574327267,대 대 훈
1780574327330,블룸이 없네
1780574327377,캬
1780574327397,러너햄 샤라웃 ㄷㄷ
1780574327408,러너형 어서오고
1780574327433,난 이게 젤 좋음
1780574327437,캬
1780574327458,대대훈
1780574327470,러너 샤라웃 ㄷㄷ
1780574327501,대 대 훈
1780574327626,대 대 훈
1780574327628,러너 샤라웃
1780574327641,온다
1780574327661,대 러 너
1780574327914,러너 웨이
1780574327925,블룸어디갔냐
1780574328070,러니키
1780574328176,대 러 너
1780574328228,대 대 훈
1780574328561,난 이거 좋더라
1780574328772,런어웨이는 칸예 노랜아닌가요
1780574328876,메이즈런 ㄷㄷ
1780574328991,안제 일케 많이 냈데
1780574329066,Ye
1780574329244,YE
1780574329296,대 러 너
1780574329579,오
1780574329582,대훈이횽 ㄷㄷ
1780574329861,오
1780574329943,메이즈 러너웨이
1780574329959,템포가 빨라서 좋더라
1780574330053,러너햄 ㅋㅋㅋㅋㅋㅋ
1780574330335,대 대 훈
1780574330552,대대훈
1780574330894,이거지
1780574331005,대 러 너
1780574331138,대 대 훈
1780574331358,대 러 너
1780574331575,칸예?
1780574331582,이것도 좋더라
1780574331754,오
1780574331813,이건 많이 들어봤다
1780574332253,밴드?
1780574332314,러너웨이가 저희가 잘알죠
1780574332482,이거 노래 좋은데 성적은 별로라더라
1780574332875,오
1780574333181,YE
1780574333610,러니키
1780574333628,오
1780574333658,칸예
1780574333662,이노래 개좋아
1780574333826,난 이거 좋음
1780574333863,YE
1780574334400,대 러 너
1780574334446,달려잇
1780574334562,노래를 엄청 냈네
1780574334759,오 사운드
1780574334798,런어웨이는 고트야
1780574335195,메이즈 러너 어서오고
1780574335220,이거 좋더라
1780574335395,뛰어잇
1780574335438,대훈이횽이야~~
1780574335580,ㅈㄴ 달려!!
1780574335583,저번에 들었음
1780574335624,YE
1780574335895,달려?
1780574336046,리듬겜 같다
1780574336117,달려?
1780574336119,달려잇
1780574336293,대 대 훈
1780574336485,메이즈러너 ㄷㄷ
1780574336491,달려
1780574336775,달려잇
1780574336913,이거거든
1780574337087,러니키
1780574337114,바로 DnB
1780574337535,비트 좋네
1780574337706,대 대 훈
1780574338280,ㅈㄴ달려
1780574338370,YE
1780574338438,ㅈㄴ달려
1780574338455,이거 좋네
1780574338790,함 다ㅓㄹ려?
1780574338940,Ye
1780574339109,시작부터 미소 발사
1780574339333,오 드럼엔베이스?
1780574339399,함 달려?
1780574339488,저번에 들었던 곡임
1780574339834,오?
1780574340066,대 대 훈
1780574340143,DNB
1780574340252,{:looksamRun:}{:looksamRun:}{:looksamRun:}{:looksamRun:}{:looksamRun:}
1780574340262,무서워여...
1780574340372,달려잇
1780574341557,{:looksamRun:}{:looksamRun:}{:looksamRun:}{:looksamRun:}{:looksamRun:}{:looksamRun:}
1780574341772,약네랜 생각나는 무비
1780574342129,YE
1780574342709,이거좋네
1780574342804,메이즈러너 ㄷㄷㄷㄷ
1780574342912,노래방 라이브가 더 좋더라
1780574342994,여자친구 같다
1780574343008,대훈이햄 ㄷㄷㄷ
1780574343473,{:d_42:}{:d_42:}{:d_42:}{:d_42:}{:d_42:}
1780574343898,오
1780574343903,지난번에 들었던거네
1780574344195,오 좋네
1780574344550,YE
1780574345210,오
1780574345324,오?
1780574345354,Snv
1780574345656,오 비트 좋아요
1780574346132,야호~
1780574346503,ㅈㄴ뛰어
1780574346546,이거도 안웃나
1780574346583,와근데데뷔2년차인데 노래많이냈네
1780574347364,오 좋네
1780574347409,해리포터?
1780574347785,사운드 개좋
1780574348148,Dnb
1780574348337,나 이게 제일좋더라
1780574348901,스타일 달라졌네
1780574348921,비트좋은데
1780574349940,A
1780574351282,{:looksamRun:}{:looksamRun:}{:looksamRun:}
1780574351841,이거 미나미 라이브 버전이 좋던데
1780574351907,아 이런 컨셉
1780574352990,와 이거 좋다
1780574353087,시작 좋은데
1780574353234,영상미 좋누
1780574353251,갑자기 체급 높아졌네
1780574354686,좋은데?
1780574355364,힙합이네요
1780574355373,매스록이야?
1780574356591,ㄷㄷ
1780574357268,어어
1780574357377,오우
1780574358101,해리포터야?
1780574358117,헉
1780574358221,큰거온다
1780574358511,어흐
1780574358523,헉
1780574358531,헉
1780574358537,헉
1780574358587,헉
1780574358663,어어
1780574358887,어디가
1780574359184,으악
1780574359359,예?
1780574359375,?
1780574359548,ㄷㄷㄷㄷㄷ
1780574359551,1등
1780574359772,헉
1780574359860,ㅇㅇ 라이브가좋더라
1780574359897,{:d_59:}{:d_59:}{:d_59:}{:d_59:}{:d_59:}{:d_59:}
1780574360389,어어 가지마라
1780574361021,돈좀썼네 뮤비에 갑자기
1780574361764,오
1780574362131,와
1780574362176,메이즈러너
1780574363339,노래 잘뽑네ㅋㅋ
1780574363440,비트 좋다
1780574363486,오
1780574363514,이거 라이브가 더 좋더라
1780574363547,goat
1780574363935,아 들어봣는데
1780574363960,캬
1780574364109,오
1780574364480,오??
1780574364976,오..
1780574365595,이거 개좋다
1780574365776,비트좋아!!!!!!!!!!
1780574366169,아 이거구나
1780574366252,오
1780574366297,이게 뜨고나서 나온곡이었던가
1780574366391,오
1780574366770,캬
1780574366822,오
1780574367277,좋은데?
1780574367380,좋다
1780574367743,{:d_94:}{:d_94:}{:d_94:}{:d_94:}
1780574367760,dnb도 하고 장르 많이 하긴 했네
1780574367807,슴슴한데 난
1780574368005,s노래 조은데
1780574368101,좋다
1780574368754,일단 대중한테좀 먹힐라면 쨍해야하는데 지금은 그 한스푼만 딱 들어가면
1780574368836,힘빠지는 게 무기 맞네
1780574368847,메이즈 러너 주제곡이네
1780574369277,오
1780574369289,비트좋다
1780574369498,개좋은데??
1780574369658,방금곡보다 좋다
1780574369857,아 이거 들었잖아
1780574369894,이쁘노
1780574370120,이거 들어봤는데
1780574370229,개좋네 이거
1780574370250,노래가 다 이지리스닝이라 좋네
1780574370472,이것도 약하게부르네
1780574370476,좋네
1780574371412,힘빠진다는거 뭔말인지알겠다ㅣ
1780574371491,투자 좀 한듯?
1780574371768,ㅋㅋㅋ
1780574371976,근데 중소치고 뮤비 퀄이 좋다
1780574372014,들어본거네ㅐ
1780574372130,ㄹㅇ 이건 라이브가 더 좋더라
1780574372348,{:looksamRun:}{:looksamRun:}{:looksamRun:}{:looksamRun:}{:looksamRun:}
1780574372479,1등!!!!!!!
1780574372662,캬
1780574372874,슉
1780574372951,이거도 들어봤는데 ㅋㅋ
1780574373104,미나미양
1780574373161,어우 힘빠져~
1780574373244,이게 제일 최근
1780574373268,다 약간 이런맛이던데
1780574373436,파라파라나 춰야지~
1780574373700,무후우우웁
1780574373738,이런 몰랑몰랑한 곡이 어울리네
1780574373928,힘 빼기 고수
1780574373974,dnb 개좋다
1780574373975,활쏘는게 ㅋㅋㅋ
1780574374512,진짜 이지리스닝 좋아하네
1780574374550,임팩트가 좀 없는데
1780574375046,난 이게 더 좋은데 러브어택을 많이 좋아하던데
1780574375423,{:d_54:}{:d_54:}
1780574375817,갸루양..
1780574376202,아 이것도 들어봣당
1780574376225,아육대 ㄷㄷ
1780574376291,걍 노래가 다 좋음
1780574376400,아니 노래좋네
1780574376721,힘빠지네
1780574376957,오호
1780574377096,미나미 살이 쏙빠졋네
1780574377131,너무 슴슴해 ㅠ
1780574377167,2절부턴 진성임
1780574377361,억 kpop 안해서 좋다
1780574377443,우리 리센느 많이 사랑해주세요
1780574377747,아 이거구나
1780574377982,1등
1780574378004,옛날 엠플로우 느낌이나네
1780574378283,오묘해
1780574378975,캬
1780574379142,활 저렇게 쏘는거 아닌데
1780574379156,어우 힘빠져
1780574379397,어우 힘빠지긴해
1780574379534,이거 좋은데?
1780574380381,ㅋㅋㅋㅋㅋㅋㅋㅋ
1780574380652,{:d_223:}{:d_94:}{:d_94:}{:d_94:}{:d_94:}{:d_94:}
1780574380859,이것도 약간 슴뿅
1780574381361,개이쁘다
1780574381585,이지리스닝 유행할 때 아니었나
1780574381613,ㄷㄴ힘빠지는데 좋음
1780574381768,평냉류 고트그룹 ㄷㄷ
1780574381801,싸이월드 느낌인데
1780574382011,힘빠지는게 좋다
1780574382135,훅에서 더 힘 뺐네
1780574382171,이건 라이브가 더좋아
1780574382354,뭔가 리듬게임에 나올만한데?
1780574382504,이노래였구나
1780574382620,저번에 들었떄와 완전 반응이 다르네 ㅋㅋ
1780574382835,전에 살짝 부족하다 하지 않았나
1780574382839,경은 양...
1780574382894,좋은데?
1780574383152,이건 힘좀많이 빠지는데
1780574383199,?
1780574383285,?
1780574383509,제일 최신곡이잖아
1780574383788,간질간질하네
1780574384136,마스터링이 좀 약한가
1780574384570,스답
1780574384574,평냉goat 그룹 ㄷㄷㄷ
1780574385431,이 너래가 젤 좋음
1780574385836,음?
1780574385860,정답
1780574386261,이게 슴슴컨셉중에 제일 낫네
1780574386748,이지리스닝
1780574387200,ㄴㄴ
1780574387427,슴슴하ㅣ네
1780574387895,ㅋㅋㅋㅋㅋㅋㅋㅋㅋㅋㅋㅋㅋㅋㅋㅋㅋㅋㅋㅋㅋㅋ
1780574388142,헉
1780574388458,ㅋㅋㅋㅋㅋㅋㅋㅋ
1780574388463,정답
1780574388489,다른 앨범
1780574388651,ㄴㄴ
1780574388736,음?
1780574389015,ㄱ-
1780574389150,논파
1780574389159,ㅋㅋㅋㅋㅋㅋㅋㅋ
1780574389222,캬
1780574389233,아닌데
1780574389288,ㄴㄴ
1780574389678,ㅋㅋㅋㅋㅋㅋㅋ
1780574389955,ㄴㄴ
1780574389992,아닌데요
1780574390103,다름
1780574390233,ㅋㅋㅋㅋㅋㅋㅋㅋㅋㅋ
1780574390529,아이돌보다 아티스트느낌이네
1780574390772,저번에 들었을떄 반응과 너무 달라 ㅋㅋ
1780574390788,ㄴㄴ 다른 앨범임
1780574390788,어우 간지러워
1780574391006,슴슴앨범
1780574391204,ㄴ
1780574391206,아닐걸요
1780574391220,다르던데?
1780574391474,ㄴㄴ
1780574391637,오케이 무슨말 할줄알겠어
1780574391759,ㅋㅋ
1780574391825,ㄴㄴ
1780574392036,ㄴㄴ
1780574392038,ㄴㄴ
1780574392042,슴슴
1780574392147,다른앨범
1780574392358,힘빠진다
1780574392376,ㄴㄴ
1780574392391,다른데
1780574392402,디싱임
1780574392418,다른거
1780574392544,ㄴㄴ
1780574392581,이거 같이봤던거 아닌가
1780574392649,ㄴㄴ
1780574393042,ㄴㄴ
1780574393125,아니지않음?
1780574393231,아님
1780574393280,아닌데
1780574393469,ㄴㄴ
1780574393574,뭔가 리듬게임에서 맛있게 하는 부분 나오는 느낌이다
1780574393636,아니야?
1780574393643,ㄴㄴ
1780574394030,이번에 나온거 같은데? 3월달에
1780574394129,한달전꺼김
1780574394335,슴슴향인가
1780574394478,ㄱ-
1780574394487,다른
1780574394808,땡
1780574394913,이거 라이브버전이 더 좋더라 나는
1780574395562,이거 싱글인데 최신
1780574395621,디지텅싱글임ㅋㅋㅋ
1780574395738,다른데
1780574395919,뭣
1780574395928,ㅋㅋㅋㅋㅋㅋㅋ
1780574396613,이게 젤 최근꺼
1780574396645,걍 다 이런 컨셉임
1780574396666,ㅋㅋㅋㅋㅋㅋ
1780574396932,ㅋㅋㅋㅋㅋㅋ
1780574397898,아닌데
1780574397909,다름
1780574397959,아닌데 이거 2달전에 나온건데
1780574397995,ㅈㅅ ㅋㅋ
1780574398056,방금곡보다 훨씬 괜찮은데
1780574398319,이게 제일 최근
1780574398523,ㅋㅋㅋㅋ
1780574398615,{:d_4:}
1780574398654,이건 라이브가 더좋긴해
1780574398707,ㅋㅋㅋㅋㅋ
1780574398891,유튭은 팬인데 노래는 좀 어렵네...
1780574399019,노래는 다 좋은데 다 비슷비슷하네
1780574399126,아님 말고
1780574399347,데뷔곡부터 이런 결임
1780574399359,이게 제일 최신건가
1780574399664,ㄲㅂ
1780574399877,ㅇㅇ 디지털싱글임
1780574400218,런어웨이는 최근곡임
1780574400330,싱글임
1780574400961,얜 싱글임
1780574401234,디지털싱글이구요 최근
1780574401528,ㅋㅋㅋㅋㅋㅋㅋㅋ까비
1780574401541,라이브 좋음
1780574401753,와 신라곤듀 이쁘다
1780574402097,깔이 비슷해
1780574403159,글 안 읽는 청년
1780574403248,걍 싱글임
1780574403340,2절은 쎄게 부르는거 아님?
1780574403971,지난달에 활동끝난건데
1780574403993,데뷔곡부터 이런 결임 다
1780574404649,대 원 이
1780574405380,원이햄
1780574406000,와
1780574406707,라이브는 힘있던데 뮤비는 왜 이래
1780574407106,싱글
1780574408178,와
1780574408180,ㅈㄴ 이쁘네
1780574408283,리브누나...
1780574408818,존예
1780574408974,와 얼굴
1780574409518,슴슴하네
1780574410529,곡들 들어보니까 다 이런쪽이더라
1780574410982,가장 최근거
1780574411918,?
1780574415024,걍 맨날이런 노래함
1780574416463,전체적으로 나른나른하네
1780574417015,담비~
1780574417188,노루다
1780574417299,음원에선 디게 약하게 부르네
1780574418878,다르네
1780574419182,앞에는 노래 좋았는데 뒤로 갈수록 슴슴하네
1780574419493,캬
1780574419882,슴사슴사
1780574420078,디렉을 약간 힘빠지는 느낌으로하나?
1780574420993,좋다잉
1780574421115,4월 8일에 나온 곡
1780574421337,이 곡은 라이브가 지림
1780574421741,고라니 잡아?
1780574422277,ㄱㅇㅇ
1780574422601,달려
1780574422984,러너웨~이~
1780574422984,이건 2달밖에 안됨
1780574423079,노루야캐요
1780574423090,리센느도 은근 멜로디컬한 노래들이 어울림 약간 제이팝 향 나는 블룸이 그런노래
1780574423634,뭐야 테이프 늘어지는 소리가 들리네
1780574423938,대 대 훈
1780574424513,그렇네 라이브듣고오니까 힘이 더 없네 여기가 ㅋㅋ
1780574424751,노루야캐요
1780574424763,틀어놓기 좋은 노래네
1780574425058,ㅋㅋㅋㅋㅋㅋㅋㅋ
1780574425402,zzzzzzzzz
1780574425471,{:d_59:}{:d_59:}{:d_59:}{:d_59:}
1780574426192,ㅋㅋㅋㅋㅋㅋㅋㅋㅋㅋㅋㅋ
1780574426390,ㄹㅇ
1780574426482,ㄹㅇ
1780574427053,도파민은 없누
1780574427286,듣긴 좋은디
1780574428136,ㅋㅋㅋㅋㅋㅋㅋ
1780574429570,리듬닥터 스타일
1780574430117,정글리듬
1780574430138,제나양...
1780574430257,캬~
1780574431282,ㅇㅇ bpm이 빨라서
1780574431288,까엉 양...
1780574431397,DnB
1780574431649,ㅋㅋㅋ
1780574431843,깔이 이쪽이라
1780574431925,리듬게임 제일 맛있는 부분임
1780574432068,확 이해했다
1780574432099,후우우우
1780574432454,우후후~
1780574432517,축제에선 힘있게 부르던데
1780574432622,ㅋㅋㅋ
1780574434561,b급냄새 너무심하네
1780574434996,이지리스닝
1780574435776,걍 데뷔곡 들어보면 알게됨 거기서 걍 가지뻗기임
1780574435865,좋은데
1780574436386,신라공주 진짜 아름답네
1780574436629,다 이지 리스닝이네
1780574437878,ㅇㅇㅇㅇㅇㅇ
1780574438380,억지하입이없어서 좋은데
1780574438498,좀 슴슴하네
1780574438499,맞네. 깔이 이쪽이네
1780574439094,저 유우우우 후우우우가 좋아
1780574439674,좋당
1780574440405,약간 오투잼에서 잘나올법함
1780574440468,정글 베이스
1780574441659,아 요런 느낌
1780574441718,벌써 멜로디 다 따셨네 역시 룩사마
1780574441840,비지보이가 멜로디 좋던데
1780574441927,노래들이 죄다 중독성이 없음
1780574442023,라이브 잘하더라
1780574442402,좋네
1780574443522,어허
1780574444090,캬
1780574444366,난 이지리스닝 좋긴함
1780574444588,대 러 너
1780574444656,쿵쿵따리 쿵쿵따
1780574446503,평냉 goat ㄷㄷ
1780574446728,라이브가 나은 애들인가
1780574446848,노래 좋은데?
1780574447338,좋다
1780574447340,난 이게 젤 나은 듯
1780574448082,좋은데?
1780574448500,아이러니~
1780574448543,{:d_59:}
1780574448789,중소느낌낭낭하네
1780574449319,라이브는 좀 더 파워풀하던데
1780574449626,이게 제일 좋네
1780574450094,라이브가 이건 더좋아
1780574450497,드럼 킥이 좋아
1780574450587,드럼이 너무 경박함
1780574450899,러 니 키
1780574451204,좋은데
1780574451782,ㄹㅇ 오투잼 같네
1780574452188,라이브가 보컬이 더 커서 좋더라
1780574452194,드림캐쳐 느낌도 나네
1780574452439,애매하게 주류컨셉 하는거보다 이런 특징있는게 좋음 중소는
1780574452728,이게 핀볼 담으로 젤 나은데
1780574453340,나니아 ㄷㄷ
1780574453658,대 러 너 ㅋㅋㅋㅋㅋㅋㅋㅋㅋㅋㅋㅋㅋㅋㅋㅋ{:d_59:}{:d_59:}{:d_59:}{:d_59:}{:d_59:}{:d_59:}{:d_59:}{:d_59:}
1780574454520,러니키
1780574454594,ㄹㅇ리듬닥터 같네 ㅋㅋㅋ
1780574455506,평냉류 프로듀싱이냐
1780574455608,뭔가 여자친구같은느낌이네
1780574456931,미나미 진짜 보물이다
1780574457203,난 이게 제일 좋은데 ㅋㅋ
1780574457854,어어
1780574457961,보컬은 진짜 좋다
1780574458082,이게 제일좋다
1780574458319,이건 좀 별로더라
1780574458706,슴슴허이
1780574459670,에스파노래랑 진짜 정반대 끝과끝같다
1780574460450,힙합같냥
1780574461289,좋은데 진짜..?
1780574461417,순한맛 드림캐처
1780574461504,효과음은 왜있는거여 ㅋㅋㅋ
1780574461776,오
1780574462061,헉
1780574462521,이런 거 좋아하는 사람들 많잖아
1780574462971,좋은데?
1780574463334,뮤비보다 라이브가 더 듣기좋더라
1780574463726,헉
1780574463844,중소는 이런 특징있는게 좋음
1780574464202,헉
1780574464380,뭔가 음원은 힘빠지긴하네
1780574464500,뭐여
1780574464518,이거 좋은데
1780574465898,좋은데
1780574465932,이제 떳으니까 돈 더 쓰겟지
1780574466222,런
1780574466472,헉
1780574466778,런
1780574466809,라이브가 파워풀하고 음원은 일부러 이지리스닝 하는듯
1780574467323,탈출 ㄷㄷ
1780574467614,달린다
1780574467974,탈 출
1780574468166,캬
1780574468603,끼 임 사 고
1780574468869,근토리 심어주고
1780574469157,근토리 심어주고
1780574469483,딱 보컬제거하면 이지투같은데서 많이 나올
1780574470199,브릿지
1780574471222,런
1780574471477,런
1780574471582,달려잇
1780574471714,달려잇~~
1780574471847,슴슴하다
1780574472384,낫브지않음
1780574472518,런
1780574472544,달려
1780574472727,달렷
1780574472995,비지보이가 없네
1780574473178,헉
1780574473224,약속의 네버랜드네
1780574473326,어라
1780574473641,데바데 탈출 성공
1780574474319,뛰어잇
1780574474383,슴슴류 난 좋네
1780574474736,한잔해
1780574474815,줄건줘
1780574475455,약속의 네버랜드야?
1780574475626,{:d_43:}{:d_43:}
1780574475754,런해
1780574475975,클리세 on
1780574476290,내손을잡아
1780574476367,유기안하네
1780574476639,오
1780574477183,복도 함 달려?
1780574477500,마 손 잡아라
1780574477738,일어나라
1780574478205,뷰우우우
1780574478223,가자 고윤정
1780574478803,ㅁ버리고뛰어!!
1780574479331,멜로디 좋네
1780574479361,원이양...
1780574479497,경상도 ㄸ
1780574480372,빌드업 좋아하구나
1780574480849,줄건줘는 뭐여 ㅋㅋㅋ
1780574481549,5인탈출
1780574481968,근데 노래가 다비슷비슷한거 같은데
1780574482399,유기안해?
1780574482783,약속의 네버랜드 아시는구나
1780574483140,이걸같이가?
1780574483204,마 퍼뜩 인나라
1780574483217,데바데 ㅋㅋㅋ
1780574483579,신공 살려
1780574483876,마 일어나라
1780574483935,줄건 줘 ㅋㅋㅋㅋㅋㅋ
1780574484129,이지투디제이 오투잼 레츠고
1780574485967,데바데 ㄱ?
1780574486945,슴슴한게 추구하는 방향인가?
1780574487186,나도 이게 제일 좋은데
1780574487502,함 달려
1780574487542,{:looksamRun:}{:looksamRun:}{:looksamRun:}{:looksamRun:}{:looksamRun:}{:looksamRun:}
1780574487702,요즘 이런거 추구하는 아이돌 별로 없어서 희귀해
1780574488340,메이야 뛰어야겠지..?
1780574488409,데바데 ㄱㄱ?
1780574488952,이걸살려?
1780574489043,이걸살려?
1780574489356,미나미상
1780574489564,데바데 좋아하시나
1780574490558,별로노
1780574491003,데바데야?
1780574491909,데바데 ㅋㅋ
1780574492274,뮤비 난해하네 ㅋㅋㅋ
1780574492798,그러게 이건 라이브가 더 좋을거 같다
1780574492822,숲 속에서 뭐하지요?
1780574493001,올살 ㅋㅋㅋ
1780574493581,좋은데
1780574493582,메이즈러너 느낌인가
1780574494520,비지보이 느낌 다른데
1780574494538,7 ㄱ?
1780574494822,메이즈러너 거제까지 가야지
1780574495018,질러주는거 있어야지
1780574495095,데바데 맵같이 생겼네 ㄹㅇ
1780574495277,시슴
1780574495655,시슴
1780574495797,욕봤데이
1780574496160,노루
1780574496407,시슴
1780574496446,노루 뭐야
1780574496508,밤비~
1780574496600,14..
1780574496712,슴사
1780574496807,사슴뭐삼요
1780574496967,이비트로 흥행하기는 힘들지
1780574496986,사슴 ㅎㅇ
1780574496994,사슴?
1780574497084,노루노루야
1780574497189,좋은데?
1780574497199,믿힌 시슴이다
1780574497260,노루야캐요
1780574497375,시슴
1780574497406,사슴?
1780574497626,사슴 ㄷㄷ
1780574497828,라이브를 봐야겠네 묘헤서
1780574498678,시슴~
1780574499123,아멘브레이크 개고트네
1780574499263,뷰우우우~
1780574499281,ㅇㅎㅎ~~
1780574499479,사슴군
1780574499560,노루
1780574499792,시슴 뭐지요
1780574500123,시슴... 시슴을 조심하시오...
1780574500653,시슴
1780574500672,노루 야캐요
1780574500990,시슴을 조심하시오
1780574501153,노루야캐요
1780574501235,시슴을...
1780574501301,노루야캐
1780574501475,메이즈러너 거제까지~
1780574501707,시슴
1780574501903,사슴~
1780574502406,무섭다
1780574502571,시슴... 시슴을 조심하십시오
1780574502604,Love echo들어줘요
1780574502712,맨날 라면먹다가 샐러드 먹는거같네
1780574503340,노루 야캐요...
1780574503683,도망가다 왜 춤을추고있노
1780574503839,시슴아
1780574504046,데바데뭐지요?
1780574504594,시금
1780574504723,마녀회같네
1780574504823,좋은데?
1780574505111,모기물리것다
1780574505188,bloom & busy boy 도 꼭 들어야 돼!!!
1780574505651,억이돌 냄새남
1780574506607,리드겜결이긴 함 ㅋㅋㅋㅋ
1780574507080,사슴 사슴을 조심하시오
1780574508077,모기물린다
1780574508550,난돟다
1780574508916,근데 노래 엄청높네
1780574509410,탈출했네
1780574509771,런이야~
1780574509778,괜찮네
1780574509801,런
1780574511456,-런-
1780574511737,좋은데
1780574512125,난 좋은데
1780574512656,요즘 리센느 자주 나와서 라이브도 챙겨봤는데 라이브도 잘하 ㅁㅋㅋ
1780574512694,게임 노래 같네
1780574512726,또로로롱~~띠로로롱~~
1780574512879,노래 좋네
1780574513111,무ㅜㅜㅜ 뷰ㅜㅜㅜㅜ
1780574513142,사슴 머삼
1780574513191,따라할만한 부분이 없다
1780574513241,ㅈㄴ달려
1780574513922,좋은데
1780574514129,노루면 도망가야지
1780574514484,좋네
1780574514955,busy boy는 없나요?
1780574516078,런
1780574516103,이제 유튜브 보자
1780574516519,손 이쁘네
1780574516665,나도
1780574516886,이건 라이브가 더 좋다
1780574517086,비쥬얼이 좋아 일단
1780574517116,슴슴
1780574517881,애매한 쌀먹이네 뮤비가 다
1780574518821,라이브가 더 좋아
1780574519122,좋은디
1780574519413,슴슴
1780574519586,나ㅏ도
1780574519625,ㅋㅋㅋㅋㅋㅋㅋ
1780574519835,슴슴해
1780574520014,"""핀볼"""
1780574520565,ㅋㅋㅋㅋㅋ
1780574520873,소나무향
1780574521101,그런데 노래가 다 비슷하긴 하네
1780574521286,슴스
1780574521286,비지보이 없나요 비지요
1780574521412,ㅋㅋㅋ
1780574521741,계속듣기엔 개좋은데
1780574522236,ㅋㅋㅋㅋㅋ
1780574522317,평냉
1780574522353,ㅋㅋㅋㅋ
1780574522365,도파민이 없어
1780574522559,ㅇㅇ
1780574523262,ㅋㅋㅋㅋㅋㅋㅋ
1780574523265,솔의눈이라고요
1780574523328,ㅋ
1780574523590,라이브가 더 좋다 이건
1780574523884,플리에는 안넣을거같다
1780574524044,ㅋㅋㅋㅋㅋㅋㅋㅋㅋ
1780574524102,Busy boy ㅇㄷ?
1780574524278,얘는 걍 쇠맛이 좋음
1780574524278,평냉 goat
1780574524328,쏘주말아 한잔말아~~
1780574524338,피톤치드향 ㅋㅋㅋ
1780574524456,디톡스되것소
1780574524503,솔잎향
1780574524612,ㅋㅋㅋㅋㅋㅋㅋㅋㅋㅋㅋㅋㅋㅋㅋ
1780574524746,근데 진짜 라이브랑 다르다 ㅋㅋ
1780574524975,솔의눈
1780574525053,ㅋㅋㅋㅋ
1780574525111,피톤치트향
1780574526114,평냉
1780574526321,이게 인센스임? ㅋㅋ
1780574526396,난 슴슴류 좋아
1780574527135,극찬인데
1780574527387,솔의눈
1780574527454,아예 그룹자체 컨셉임
1780574527716,이사람은 두리안향 좋아함
1780574527973,코튼이긴해
1780574528031,이지
1780574528131,그저핀벌
1780574528257,왜케 슴슴한 거 못 먹게 됨?
1780574528265,비 지 보 이 내 놔
1780574528402,솔의눈
1780574528420,요요
1780574528655,ㄹㅇㅋㅋ
1780574528664,핀볼핀볼핀볼
1780574528740,요요 띵곡
1780574528802,솔의눈 ㅋㅋㅋ
1780574529236,어 내취향이야
1780574529780,전체적으로 슴슴하구나
1780574530979,베이스 좀 깔아주세요
1780574531471,수록곡 타임이군
1780574532430,비지보이 어딨냐
1780574532466,비지보이도 좋은데
1780574533681,아주좋아
1780574533923,이정도 ㅇㅇ
1780574533928,인마이로션ㄱㄱㄱㄱㄱㄱㄱㄱㄱㄱㄱㄱ
1780574534333,uh uh 하고 yo yo 도 있나?
1780574535221,블룸 좋아요
1780574535241,블룸도 추천함
1780574535428,핀볼 한번 더 듣자
1780574535595,비슷한게 많아
1780574535735,데뷔곡
1780574536467,비지보이 어디갔어
1780574536660,많네
1780574536726,ㅇㅇ 이정도면 다본듯
1780574536751,비지보이가 조음
1780574536913,비지보이
1780574537169,"비지보이, 블룸 좋음"
1780574538443,인마이로션 ㄱㄱㄱㄱ
1780574538460,비지보이
1780574538884,bloom이 좋음
1780574538953,더 들어줘~~
1780574539049,삔발~
1780574539080,ㅍㅂ ㅍㅂ ㅍㅂ~
1780574539168,블룸들어보기 추천
1780574539291,블룸이 제일 좋던대
1780574539557,비지보이 어따 팔아먹음;;
1780574539613,YOYO 들어보자
1780574539708,ㅍㅂㅍㅂㅍㅂ
1780574539898,발
1780574539946,핀볼
1780574539965,타이틀은 다 들을까요
1780574540057,핀볼 ㅇㅈ
1780574540713,블룸ㄱㄱ
1780574540851,소나무취향
1780574540876,비지보이 ㅇㄷ갔냐
1780574540887,ㅋㅋㅋㅋㅋㅋㅋㅋㅋ
1780574541071,비지보이 내놔
1780574541071,ㅍㅂㅍㅂㅍㅂ
1780574541208,인마이로션 들어봐
1780574541281,비지보이 좋아잉
1780574541422,ㅇㅇ
1780574541598,ㅍㅂㅍㅂㅍㅂ
1780574541621,핀볼이제 ㅋㅋ
1780574541647,난 글로우업
1780574541776,블룸 좋음
1780574542046,ㅍㅂㅍㅂ
1780574542321,데자부가 좋다
1780574542353,핀볼
1780574542456,ㅍㅂㅍㅂㅍㅂㅍㅂㅍ
1780574542506,나도
1780574542527,핀볼 개좋음
1780574542575,ㄹㅇ임
1780574542634,알앤비깔
1780574542749,데뷔곡 괜찮앗음
1780574542769,ㅍㅂㅍㅂㅍㅂ
1780574542828,요요가 데뷔곡
1780574542845,ㅇㅈ
1780574543459,ㅇㅈ
1780574543691,들을줄아시는군
1780574543800,ㅍㅂ~ㅍㅂ~
1780574544584,ㄹㅇ
1780574544620,핀볼~핀볼~핀볼~
1780574544730,이런 노래들이 좋음
1780574544783,핀볼 ㅇㅈ
1780574544835,수록곡도 맛도린데
1780574544841,ㅍㅂㅍㅂㅍㅂㅍㅂ
1780574544919,요요 참 좋아요
1780574545042,나도
1780574545373,시골진스
1780574545382,제일 특이해서 좋았어
1780574545643,피힌볼~
1780574545669,원이양...
1780574546156,블룸은 꼭들어봐야돼!!!!!!!!!!!!!!!!!!!!!!!!!
1780574546369,ㅇㅈ
1780574546636,ㅍㅂㅍㅂ
1780574546778,난 데자부
1780574546808,대 원 이
1780574546812,ㅍㅂㅍㅂㅍㅂㅍㅂㅍㅂㅍㅂ
1780574546957,밤밤밤인가? 그 OST 곡도 좋던데
1780574547105,얘뿌다
1780574547216,비지보이
1780574547221,하트어택이 없네
1780574547273,핀볼~
1780574547594,비지비지비지비지비지보이 어딧어
1780574547671,핀볼이 제일높네
1780574547860,핀볼은 인죵
1780574548118,비지보이가 좋은데
1780574548286,얘네 노래중에 요요가 젤 좋아
1780574549177,전에도 그얘기한거같은데
1780574549454,나도 이게 제일 맛도리인듯
1780574549560,근데 핀볼은 오히려 너무 티피컬해
1780574549730,볼륨좋은데
1780574549793,딱 니취향이다
1780574549899,정체성
1780574550216,비지보이 어디 갔어
1780574550422,ㄹㅇㅋㅋ
1780574550579,요요 좋음
1780574550593,인죵
1780574550727,인마이로션 들어다오....
1780574551102,역주행 가겠네 이것도
1780574551717,딱이네
1780574551840,럽 어택
1780574551854,하트어택~
1780574551946,할트어텍~
1780574552171,확실히
1780574552641,비지보이가 없네
1780574552715,하트어택
1780574552934,ㄹㅇ
1780574552979,난 블룸이 좋던데
1780574553252,하트어택 들었음
1780574553457,하트어택~
1780574554701,저거가 좋더라
1780574555325,비지보이 어디감
1780574555500,비지보이가 ㄹㅇ 님 취향일텐데
1780574555832,비지비지비지비지비지보이
1780574556096,흐에에~~
1780574556820,비지보이 “줘”
1780574557277,핱트어택
1780574557351,러브어택
1780574557460,핱택
1780574557629,럽어택은 ㄹㅇ 좋음
1780574557737,요요..
1780574558630,하트어택~~ 네 심장을 공격해
1780574558659,헐트어택
1780574558844,요요
1780574558882,하트어택이지
1780574559049,비지보이 한번 듣죠
1780574559292,벳벳벳ㅂ셉세 그로업
1780574559704,느으으느즈
1780574560427,인마이로션 ㄱㄱㄱ
1780574560596,내심장을 공격해
1780574560828,나도 어브어택
1780574561866,핱ㄹ어택
1780574561879,향은 글로우업
1780574562332,하트어택이 진리지
1780574562367,난 데자부
1780574562458,아니 블룸이 왜 없음
1780574562891,할트어택
1780574563038,비지보이가 체급 ㅈ되는데
1780574563178,난 데자부도 좋음
1780574563384,글로업도 ㄱㅊ던데
1780574564881,"블룸,비지보이 두개는 그냥 좋던대"
1780574565084,하트 어택 내심장을 공격해
1780574565626,비지보이 안들으면 지상렬임
1780574565632,블룸 어딨냐
1780574565966,uh uh
1780574566324,핥 어택 ~
1780574566952,하트어택~ 네 심장을 공~격해~~
1780574567433,내 심장을 보여줘~
1780574567845,난 이거
1780574567897,워
1780574568050,비지찌개가 좋음?
1780574569696,박거손
1780574570013,블룸도 좋은데
1780574570113,하트어택 내 심장을 공격해
1780574572423,뮤비가좋은듯
1780574572821,처 음 스친~
1780574574432,라이크 라이크미
1780574574505,비지보이 갈란티스 리믹스도 있음
1780574576435,뗴뗴뗴뗴뗴뗴~ 끌로업~
1780574576479,끌로우업`
1780574576912,비지보이를 안 넣었네
1780574577327,비지보이 가져와ㅏㅏ
1780574578583,ㄸㄸㄸㄸㄸㄸㄸ
1780574578592,하트어택 내 심장을 공격해
1780574578625,글로우업 ㅇㅈ
1780574578865,겨
1780574579318,너무 이지리스닝 일변도라
1780574579650,ㄹㅇ
1780574579697,캬ㅑㅑㅑㅑㅑ
1780574579761,ㄹㅇ
1780574579812,비지보이 어딨냐
1780574579899,비지보이 돌려다오
1780574580502,ㅋㅋㅋ
1780574580607,오우
1780574581160,이게 난 젤 좋아
1780574581186,ㄸㄸㄸㄸㄸㄸㄸㄸ
1780574581599,여기 음색 너무좋아
1780574581617,ㄸㄸㄸㄸㄸㄸㄸ
1780574581836,ㅇㅈ
1780574582032,비지찌개어딨어
1780574582044,캬
1780574582312,비지보이듣자요
1780574582513,ㅋㅋㅋㅋㅋㅋㅋㅋ
1780574583038,비지보이없네
1780574583074,캬 ㅋㅋㅋㅋ
1780574583177,ㄸㄸㄸㄸㄸㄸㄸㄸㄸㄸㄸㄸㄸㄸ
1780574583676,캬
1780574583860,뗴뗴뗴
1780574583866,ㅋㅋㅋㅋㅋㅋㅋㅋㅋㅋㅋㅋ
1780574584131,뮤비는 다 좋음
1780574584182,ㅋㅋㅋㅋㅋㅋㅋ
1780574584249,나도 이게 최애
1780574584273,ㄸㄸㄸㄸㄸㄸㄸㄸ
1780574584379,메이즈 러너
1780574584441,ㄸㄸㄸㄸㄸㄸㄸㄸㄸㄸ
1780574584639,메이양..
1780574584979,캬
1780574585027,난 이게 젤 상큼해서 좋더라
1780574585126,러브어택이 젤좋다 나는
1780574585174,영상은 데자뷰가 제일좋다 난
1780574585270,들어볼래 버전 ㄱ?
1780574585305,이거 제일 좋아
1780574585542,캬
1780574585579,나도 글로우업 최애곡임
1780574585754,ㄸㄸㄸㄸㄸㄸ
1780574585847,ㄸㄸㄸㄸㄸ
1780574585869,ㄸㄸㄸㄸㄸㄸㄸ
1780574585947,ㅋㅋㅋㅋㅋㅋㅋㅋㅋㅋ
1780574586124,떼떼떼
1780574586492,ㅋㅋㅋㅋㅋㅋㅋㅋㅋㅋㅋㅋ
1780574587296,나두
1780574587382,흐흐흐흐흐
1780574587469,ㅋㅋㅋㅋㅋㅋㅋㅋㅋㅋㅋㅋㅋㅋㅋ
1780574587478,상큼한거 좋아하네
1780574588093,난 하트어택
1780574588350,비지보이 리믹스가 좋던데
1780574588970,캬ㅑㅑ
1780574589482,이게 제일 완성도가 좋음
1780574589545,비주얼 왤케좋냐
1780574589574,ㄸㄸㄸㄸㄸ
1780574590026,ㄸㄸㄸㄸㄸㄸ
1780574590509,들어볼래 ㄱ
1780574590544,무비 쿠러이 좋네
1780574590764,비지보이 ㄱㄱ
1780574591419,뗴뗴뗴뗴
1780574591984,ㄸㄸㄸㄸㄸ
1780574592293,ㄸㄸㄸ
1780574592833,ㄸㄸㄸㄸㄸㄸㄸㄸㄸ
1780574593463,떼떼떼
1780574593546,나두요
1780574594386,난 블룸
1780574594673,들어볼래 봐라
1780574594747,타이틀 안 들은거 들을까요?
1780574595021,들어본거같기도
1780574596051,무비 퀄이 중소 치고 되게 좋은듯
1780574596679,러브어택
1780574597313,비지보이 ㄱㄱㄱㄱㄱㄱ
1780574597639,요요 좋음
1780574602266,밑에 수록곡 몇개만
1780574603231,인마이로션 ㄱㄱㄱㄱ
1780574603408,사장님이 잘해
1780574603564,수록곡 맛좀 보쉴?
1780574604350,글로우업
1780574604390,러브어택
1780574604522,글 누가썼냐 비지보이가 없어
1780574604814,수록곡은 어떠려나
1780574605146,하트드롭 들음?
1780574605209,더 들어볼까요
1780574605262,들어볼래
1780574605354,요요 ㄱㄱㄱㄱ
1780574605437,블룸이 좋다
1780574605487,비지보인가 저건 밑에있나
1780574605529,요요가 데뷔곡
1780574605804,이정도로 하고 유튜브나 보자
1780574606350,초반곡들이 좋네
1780574607132,노래를 다넣지도않았네
1780574607266,뭣
1780574607711,비지찌개 ㄱㄱ
1780574607829,비지비지비지비지비지보이
1780574608596,비지보이 어닸어
1780574608910,요요
1780574609407,비지보이 ㅈㅂㅈㅂ 한ㅓㄴ만
1780574610113,뒷심이 떨어져
1780574610544,비지보이
1780574610669,인마이로션 ㄱㄱㄱ
1780574610731,yoyo
1780574611350,블룸
1780574611385,블룸 비지보이
1780574612138,비지보이
1780574612526,비지보이
1780574613089,비지보이
1780574613096,비지보이
1780574613177,비지보이
1780574613646,비지보이?
1780574613712,블룸 비지보이는 들어야제
1780574613737,yo yo
1780574613764,비지보이
1780574613776,비지보이
1780574613793,bloom
1780574613926,블룸 좋음
1780574613947,인마이로션 ㄱ
1780574614573,요요랑 비지보이
1780574614618,요요
1780574614771,데뷔곡
1780574614863,요요요
1780574614866,삐질보이
1780574614924,근데 ㄹㅇ 중소같은 느낌이 없다
1780574615005,요요
1780574615536,ㅛ ㅛ ㅛ ㅛ ㅛ
1780574615778,비지보이
1780574616061,요요 좋아
1780574616292,비지보이
1780574616677,블룸이 타이틀
1780574617268,씨잼
1780574617689,비지보이 ㄷㄷ
1780574618157,요요
1780574618221,뮤비가 있네
1780574618490,비지찌개가 뭔데
1780574618610,바지보이
1780574618705,요요가 데뷔곡
1780574618860,비지보이 많이 나오네
1780574618936,dhk
1780574619459,요요가 데뷔
1780574619574,데뷔
1780574619620,요요
1780574619654,ㅛㅛ
1780574619784,비지보이
1780574620195,데뷔
1780574620396,블룸 비지보이
1780574620489,이거 좋은데
1780574620742,블룸ㄱㄱ
1780574621065,블룸 들어라
1780574622164,파라파라
1780574622304,요요 좋지
1780574623249,그 해외작곡가랑 작업한거도 잇지안나
1780574623452,요요 진짜 좋음
1780574623587,이게 데뷔 선공개곡
1780574623971,YOYO현상
1780574624408,ㅛㅛ
1780574624805,내친구 센느ㅋㅋ
1780574624827,이게 데뷔여 ?
1780574624854,진짜 비지보이 블룸
1780574625494,이건 첨듣네
1780574625641,비지보이 러브어택
1780574626422,블룸 들어야한다
1780574626704,비지비지비지비지비지보이
1780574626872,데뷔곡
1780574627424,블룸 제발 들어
1780574627471,이거 좋아
1780574627797,비지보이 제발
1780574628641,bloom도 좋음
1780574628910,비지찌개가 말이 많네
1780574629424,난 이게 젤 좋음
1780574629669,와
1780574629714,걍 데뷔곡에서 다 같은 결
1780574629856,오
1780574629872,블룸 한번만 들어다오
1780574629991,데뷔곡이네
1780574630476,엄청 짧네
1780574630715,데뷔 선공개 곡
1780574630758,이건 선공개
1780574630797,오
1780574631301,갸루
1780574632167,오
1780574632275,이건 데뷔곡임
1780574632330,존나이쁘네
1780574632331,바쁜남자 ㄱㄱ
1780574632399,오 분위기 다른데
1780574632450,야호
1780574632499,천천히들어보면되지
1780574633496,개이쁘다
1780574633511,와 사운드 뭐냐 이거
1780574633882,오
1780574633947,1분 47초 뭐냐
1780574634009,알앤비네
1780574634089,중소돌인데 뮤비많이 찍었네
1780574634250,좋은디?
1780574634336,나미양//
1780574634473,사운드 하우스임?
1780574634482,오
1780574634809,야호~
1780574634889,이게 좀 쏘네요
1780574634975,비지찌개가 그리 맛있나
1780574635008,비트 개좋은데?
1780574635243,룩삼 스탈인데
1780574635849,파라파라나 춰야겠다
1780574635961,이것도 좋네
1780574635987,이거 좋은데
1780574636055,개이쁘네
1780574636250,이거 그때 같이 들었어
1780574636266,노래가 다 좋네
1780574636703,노래가 되게 짧네
1780574638377,사운드 특이하네
1780574638399,좋은데
1780574638586,데뷔때는 또 다르네
1780574639136,데뷔를 이 곡으로 했어?
1780574639289,좋은데 비트
1780574639587,이거 좋다
1780574639590,좋은데
1780574639781,익숙한k팝맛이네
1780574639993,이게데뷔곡임?
1780574640750,오 뮤비 느낌있 어
1780574640795,깔은 다 비슷해
1780574640897,비지보이 블룸  제발
1780574641123,와
1780574641227,이건 첨듣네
1780574641582,뮤비가 이쁘네
1780574641622,캬
1780574642032,전형적인 좆소사운드
1780574642266,비트 좋다
1780574642497,와
1780574643205,중소라 하기엔 얼굴체급 말안되네
1780574644231,비지찌개 개맛도리임
1780574644672,미나미양...
1780574645198,좋은데?
1780574645453,보아느낌 ㄷㄷ
1780574645878,딱 컨셉맞는노래네
1780574646430,향기를 되게 강조하네
1780574646452,보아 느낌
1780574646700,비트 깔쌈하네
1780574647039,와 고윤정
1780574647208,로션이 고트긴해
1780574649148,비트에 돈 쓴거같다
1780574649706,아니 비지찌개가 뭔데 대체 이난리임
1780574649866,리듬게임같다
1780574650719,이건 더 슴슴하네
1780574650937,미남이
1780574651477,맛있는데?
1780574651557,좋다잉
1780574651685,이쁘시네..
1780574653757,핑머 goat
1780574656771,멜로디 귀에 감기네
1780574658684,비트를 독특하게 찎네
1780574660034,이거 비트가 아주 좋네
1780574660879,노래에서 향수냄새남
1780574661033,샤이니 느낌 비트
1780574661346,도입부가 좋네
1780574664750,오?
1780574665487,흠
1780574666939,오
1780574667058,오
1780574667117,훅이 아쉽네
1780574668300,대표님 열심히 하는 이유를 알겠네 ㅋㅋㅋ
1780574669451,ㄹㅇ 이지투 깔인데 ㅋㅋㅋ
1780574670531,오
1780574670578,개좋은데?
1780574671771,데뷔곡이래
1780574672000,향기향
1780574672109,데뷔곡임
1780574672233,데뷔곡
1780574672243,ㅇㅇ
1780574672511,데뷔곡
1780574672530,데뷔
1780574672660,데뷔곡이 1분40초야?
1780574672946,향기향은 머여 ㅋㅋ
1780574673131,데뷔곡
1780574673190,컨셉이 진하네
1780574673775,데뷔곡
1780574673832,데뷔곡
1780574674359,줫나 향수네
1780574674397,오
1780574674533,데뷔
1780574674662,기향기
1780574675536,프로듀스48느낌 나죠
1780574675565,첫곡 아님?
1780574675651,데뷔 선공개 곡
1780574675732,ㅋㅋㅋㅋㅋㅋ
1780574675987,ㅋㅋㅋㅋㅋㅋ
1780574676109,ㅋㅋ
1780574676126,향기향
1780574676160,슴슴하네
1780574676295,ㅋㅋㅋㅋㅋㅋㅋㅋㅋㅋ
1780574676334,ㅋㅋㅋ
1780574676341,데뷔곡이래
1780574676388,노래 조은데
1780574676707,ㅋㅋㅋㅋㅋㅋㅋㅋㅋㅋㅋㅋㅋ
1780574677247,이거 데뷔 앨범 선공개곡
1780574677287,데뷔곡이래용
1780574677649,데뷔곡
1780574677870,가구점 ㅋㅋㅋㅋㅋㅋ
1780574678158,데뷔 선공개곡이래
1780574678166,{:d_45:}{:d_45:}{:d_45:}
1780574678313,선공개 싱글임
1780574678333,향이 느껴져요;;
1780574678418,이케아 냄새
1780574678497,고오급
1780574678672,우디향
1780574678730,대표님이 추구하는게 확실하시네
1780574678881,대중적인 곡보다 이런게 낫다 걍
1780574679230,데뷔곡이구나
1780574679363,탁 생각나네
1780574679434,이거 음원으로 이어폰으로 들으면 사운드 좋음
1780574679704,걸크래쉬 노래는업나
1780574679717,입체음향 느낌
1780574679733,첫곡이래요
1780574679950,뒤에 멜로디 좋네
1780574680244,데뷔곡이야?
1780574680381,데뷔곡인데 선공개느낌
1780574680415,비트 되게세련됐네
1780574680513,아 퍼니쳐요
1780574680737,데뷔선공개곡이래
1780574680849,ㅋㅋㅋ샤이니 같냐
1780574681305,데뷔곡이라서 그런가 컨셉이 진하네
1780574681387,ㅋㅋㅋㅋㅋㅋ
1780574681557,톡톡 튀는 노래 조은데
1780574682082,내 취향인데
1780574683446,젠틀몬스터 냄새 나는데
1780574683567,초반께 소리도 더 쎈듯
1780574683576,우디향 ㅋㅋㅋ
1780574683869,난 아쉽네 이건
1780574683897,멤버들 비주얼을 많이강조하시네
1780574684593,이케아
1780574685114,데뷔곡 좋은데?
1780574686204,{:d_59:}{:d_43:}{:d_59:}{:d_43:}{:d_59:}{:d_43:}
1780574686584,미나미 이때도이쁘네
1780574687517,다 비슷하네 진짜
1780574687861,못뜨고 해체했으면 피눈물났겠다 진짜
1780574688142,이노래 좋네
1780574688328,데뷔 선공개
1780574688410,성수동인데 여기
1780574688832,뒤에 노래들이 잔향이라 약한가?
1780574688913,배운사람들 노랜데
1780574689112,좋은데
1780574690498,ZARA 깔
1780574691361,비트가 너무 내 취향인데
1780574691363,살짝 아쉽네
1780574691924,{:d_43:}{:d_43:}{:d_43:}
1780574693738,코디가 진짜 좋다
1780574694896,그냥 이런 음악을 계속하시네
1780574694903,자라느낌 ㅇㅈ
1780574696325,자라 깔 ㅇㅈ
1780574696901,버클리 냄새
1780574697020,버클리음대냐 이게?
1780574697484,ㅇㅇ
1780574697537,ㅇㅇ 그게 좋음
1780574697902,빵상임?
1780574698068,성수동 향 ㅋㅋㅋ
1780574698477,똥똥똥
1780574699001,뚱센느시절 커엽네
1780574699471,슴슴한 노래에 비트나 소리 표현을 강조하는듯
1780574699704,김김김
1780574700263,이게 데뷔곡이야? 개높네
1780574701309,오
1780574701436,사운드가 진짜 좋음
1780574702047,전체적으로 스파 브랜드 옷 매장 느낌나네 노래들이
1780574703183,카메라 마사지없이 어떻게 이정도
1780574704203,신라공주다
1780574705985,근데 깔은 좋은데
1780574708684,이어폰으로 들으면 좋아
1780574708811,자라 가면 틀어져있는 노래
1780574708964,사장님 아스날 팬이던데 행복사 중이겠네 그냥
1780574709290,이거 비트는 진짜 좋은데
1780574709931,어 끝?
1780574710234,음 스멜~
1780574710349,아하
1780574711186,신 라 텐 세
1780574711356,짧네
1780574711365,요요
1780574711395,짧네
1780574711486,짧네?
1780574711517,와
1780574711634,엄청 짧네
1780574711724,ㅓㅁ여
1780574711855,1분40초??
1780574712154,개짧네
1780574712616,비지비지비지
1780574712624,오옹
1780574712670,?
1780574712701,2절도 있는데
1780574712985,짧네
1780574713071,데뷔곡 ㅇㅎ
1780574713248,짧네
1780574713361,머야 좀 짧네
1780574713618,짧네
1780574713674,겁나 짧네
1780574713722,요요~
1780574713809,비트는 개조아
1780574714081,02
1780574714315,블룸 이랑 비지보이 ㄱㄱ
1780574714651,뮤비는 풀곡 아님
1780574714884,신라공주가 약간 센터인가보네
1780574714998,순식간이노
1780574715135,1분반이면 슴슴하네
1780574715225,비지찌개 가자
1780574715238,노래가 다 좋네
1780574715376,바 지 보 이
1780574715486,짧
1780574715864,좋네
1780574715974,전체적으로 슴슴해
1780574715997,깔끔허이
1780574715999,2분이 안되는구나
1780574716026,너무 짧다
1780574716338,비트 좋은데?
1780574716673,짧네
1780574716686,엄청 짧네
1780574717152,블룸
1780574717259,짧네
1780574717295,비지추가점
1780574717536,비지찌개 드가자
1780574718649,선공개곡
1780574718679,블룸 들어주세요
1780574718700,비지보이를 제발 들어다오
1780574718779,짧은데
1780574718852,'블룸블룸
1780574718878,1분30초라고 ?
1780574719238,이건 약간 인트로곡 같은거라 짧음
1780574719238,음원은 길텐데
1780574719288,짧네?
1780574719589,블룸
1780574719608,uh uh
1780574720050,인마로션
1780574720203,블룸 비지보이 ㄱㄱ
1780574720365,티저 느낌이네
1780574720624,뮤비가 짧게 뽑은거
1780574721112,개좋음
1780574721705,비지찌개 함 끓이봐라
1780574722055,"블룸, 비지보이"
1780574722766,비지보이 들어보래요
1780574722842,블룸ㄱㄱ
1780574722940,난 니가 싫아 비지비지비지~
1780574723167,짧은게 대세임
1780574723372,제발 비지보이
1780574724880,uhuh 도 좋은뎅..
1780574725168,블룸
1780574725443,비지찌개는 없는데?
1780574725742,비지보이
1780574726395,인마이로션도 ㄱㄱ
1780574727294,타이틀 다 들음
1780574727429,체급이 좋은데?
1780574727439,비지비지
1780574728258,uh uh도 !
1780574728557,비지보이를
1780574729049,블ㄹ무 ㄱ
1780574729436,ㄱㄱ
1780574731371,들어다오 제발
1780574731629,인마로션ㄱㄱㄱ
1780574731690,아 이거 아이돌다움
1780574732838,UhUh
1780574732850,비지찌개어디?
1780574733068,인마이 로션도 맛도린데
1780574733860,uhuh도 타이틀
1780574733959,비지보이 좋음
1780574734100,오 최근이네
1780574734224,ㄱㄱ
1780574734288,비지틀으라고
1780574735115,하트어택 다시 들어줘
1780574735679,블룸도 개조음
1780574736071,노래 많이냈다 근데
1780574736220,이것도 좋음
1780574736969,노래 많이 냈네
1780574736980,비지찌개 없구요 ㅋㅋㅋㅋㅋㅋ
1780574737662,비지보이를 들어다오 제발
1780574737711,리센느 제철시절
1780574737747,다 들어달래
1780574738042,이거도 좋아요
1780574738102,뭐가좀많네
1780574738165,11월이면 최근이네
1780574738387,이것도 좋음
1780574738734,파이리.ㄷㄷ
1780574741327,어
1780574741614,노래 엄청 많이 냈네
1780574741935,꿍스딱스
1780574741937,노래 많이냈네
1780574742088,비지찌개 없는거여?
1780574742389,난 블룸이 제일좋아
1780574743382,파이리다
1780574744205,비지보이 가 먼데 한번 들어보자
1780574744767,노래 많다잉
1780574744861,근데 뮤비 엄청많이찍었네
1780574745245,난 이거 좋아 ㅋㅋㅋㅋ
1780574745341,뮤비 진짜 많네
1780574748868,적자날만하네
1780574750329,ㅋㅋㅋㅋㅋㅋㅋㅋㅋㅋㅋㅋㅋㅋㅋ
1780574750550,ㅋㅋㅋ
1780574750590,뮤비 되게많이 찎긴했네
1780574751049,시위하는 분들이 꽤 많네 패고싶네
1780574751280,일단 사운드가 좋음 노래들이
1780574751294,뮤비도 많이 찍었네
1780574751440,프미나 느낌인데?
1780574751804,노래 근데 다 좋은데
1780574752029,전 이노래가 젤 좋음
1780574752183,파란조명 ㄷㄷ
1780574752359,새벽필터 ㅋ
1780574752424,파랗넹
1780574752924,거제 쿨톤 파이리 필터
1780574752969,돈많이썻네 ㅋㅋ
1780574753432,블루우우우우우~~움? 이노래인가
1780574753645,필터 이빠이
1780574754970,새벽 5시 필터
1780574756405,Uhuh도 들어줘요
1780574757529,노래가 다 비슷한데 ㄹㅇ
1780574758573,진짜 이지리스닝 치고 곡마다 킬포가 있어서 개조음
1780574759744,시티팝 깔인데
1780574760319,룬문자 ㄷㄷ
1780574760350,룩어
1780574760743,이노래는 탑라인잘씀
1780574760871,투자 많이 했네
1780574760980,돈 많이 쓴티가 나는구나
1780574761579,뮤비 디게 많이 찍긴했네
1780574762626,태민 노래 같네 이건
1780574762771,노래 되게 많이 냈었네
1780574762833,ㅎㅎ
1780574764486,약간 여자친구 포지션이 될수잇으려나
1780574765075,이거 벅차는곡아닌가?
1780574765274,회사가 돈을 쏟아 붓는데? 노래를 몇개를 낸거야
1780574765294,노래겁나 냇네ㄱㅋ
1780574765944,곰 잡았구나 ㄷㄷ
1780574766362,ㅋㅋㅋㅋㅋㅋㅋㅋㅋㅋㅋㅋㅋㅋ
1780574767072,이게 좀 여돌 정석 스타일
1780574767437,퍼리
1780574767582,늑구 탈출 ㄷㄷ
1780574769240,늑구 탈출 ㄷㄷㄷ
1780574769435,아 근데 돈 안아끼네
1780574770234,이거좋아
1780574771141,아
1780574771638,아
1780574771899,아 이거구나
1780574771907,오
1780574772028,아
1780574773057,우우우웅우
1780574773111,오
1780574773120,아
1780574773123,이거
1780574773478,이노래 개좋아
1780574773536,아 이거
1780574773552,아 이거 들어봤어
1780574773749,크
1780574774278,아 이거
1780574774282,오
1780574774295,오
1780574774805,와
1780574774831,아 이거좋음
1780574774840,아 이거구나
1780574774890,캬
1780574774990,늑구는 ㅋㅋㅋ
1780574775534,아 이거
1780574775753,오 괜찮네
1780574775780,이게 더 좋은데?
1780574775878,좋다
1780574776139,{:d_49:}
1780574776142,아 이거 들어봣어
1780574776149,두돈반 타고 뭐함
1780574777150,아ㅏㅏ
1780574777174,이거 어디서 들어봤어
1780574777532,캬
1780574777657,ㅜㅜㅜㅜㅜㅜㅜㅜㅜ
1780574777697,이거
1780574777900,ㅋㅋㅋㅋㅋㅋㅋ
1780574778037,아아아아~
1780574778116,들어봄
1780574778315,여기 적자 50억이라며
1780574778726,이쁘다
1780574778923,고윤정
1780574778999,와 개이쁘네
1780574779186,아
1780574779931,이거 들어봣는데
1780574780059,ang
1780574780117,돈 진짜 많이 썻구나 대표님 ㅋㅋㅋ
1780574780184,ㅋㅋㅋㅋ
1780574780514,캬
1780574781149,이게좋네
1780574781313,아하
1780574781392,들어봤당
1780574781961,좋은데
1780574782128,캬
1780574782210,재밌네
1780574782588,이쁘노
1780574782710,늑구 ㅋㅋㅋ
1780574782826,제이팝느낌스
1780574783235,산뜻하네
1780574783255,개이쁘네
1780574783432,아 근데 존나이쁘다
1780574783675,이건 아이돌 노래네
1780574783788,원이 너무 예뻐
1780574784229,{:d_94:}{:d_62:}
1780574784446,아ㅏㅏㅏ
1780574784465,이거지
1780574784862,원이다원이
1780574784920,돈 마니 썻다
1780574785065,두돈반 ㅋㅋㅋㅋㅋㅋ
1780574785133,윙크뭐야
1780574785963,그때 들었던건가
1780574786030,맛있네
1780574786089,두돈반 타고있네
1780574786641,캬ㅑㅑㅑㅑㅑ
1780574787037,이거 좀들어봄
1780574787133,ㅏㅏㅏ
1780574787153,들아봤다
1780574787514,적자가50억이라고?
1780574787969,야호
1780574788535,ㅣㅏㅏㅏㅏㅏㅏㅏㅏㅏㅏ
1780574788661,진짜 돈많이 썻겠네
1780574788876,이게 완전 정석이네 ㅋㅋㅋㅋ
1780574788934,아ㅏㅏㅏㅏㅏ
1780574789635,아아아앙
1780574789789,졸라 이쁘네 미친
1780574790472,운전기사뭔데
1780574790558,이건 좀 정석느낌이네
1780574790711,적자 50억?!?@?@?!
1780574791333,{:d_54:}{:d_54:}
1780574791748,존예
1780574791856,대표님 노력하셨구나
1780574792163,얘는 프로미스나인 깔인데
1780574792833,작곡하는데 돈 다썼노
1780574793105,표정 뭐임 ㅋㅋㅋㅋㅋㅋㅋ
1780574793235,이거 좋은데?
1780574793261,리브 미쳤네
1780574793570,와 근데 진짜 투자많이한거같네
1780574793644,이건데
1780574793788,중소그룹 퀄 아니네
1780574793795,웃는거봐 ㅋㅋㅋ
1780574793909,아름답게 피어나지~~
1780574794308,그냥 기분이 좋아짐
1780574794454,상큼하이 쳐 쥑이네
1780574795017,오 이게젤낫다
1780574795120,투자 받아서 적자로 찍힘
1780574795299,이건 정석 KPOP이네
1780574795901,kcm 패션
1780574795968,좋네
1780574796207,방긋
1780574796407,야호
1780574796551,뮤비 많이 찍긴 했네
1780574797251,이쪽 디게 잘어울린다
1780574797390,표정 ㅋㅋㅋ
1780574797410,롱 리브 더 킹
1780574797717,무대가 귀엽던데 이건
1780574797745,회사가 뮤비에 투자 엄청했네
1780574797900,중소돌치고 뮤비퀄리티도 좋고 노래도 많이냈네
1780574798011,두돈반 감성 좋네
1780574798217,ㅋㅋㅋㅋㅋㅋㅋㅋㅋㅋ
1780574798505,이게제일 아이돌스럽긴하다
1780574798538,ㅋㅋㅋㅋㅋㅋㅋㅋㅋ
1780574798995,ㅋㅋㅋ
1780574799268,르센느아 광고좀 많이 찍어야겠네
1780574799372,킹쁘다
1780574799556,방긋
1780574800859,아 아~
1780574801038,진짜 말도 안되게 이쁘다
1780574801150,{:d_98:}{:d_98:}{:d_98:}
1780574801220,야호
1780574802029,미나미 이쁘다
1780574802359,ㅋㅋㅋㅋㅋㅋㅋㅋㅋㅋㅋㅋㅋ
1780574802672,정신 빼앗긴다
1780574802812,방긋
1780574803046,좋다~
1780574803049,방긋
1780574803766,방긋
1780574804973,이뿌다
1780574805517,두돈반ㅋㅋㅋㅋㅋ
1780574805677,새끼 이제야 웃네 ㅋㅋㅋ
1780574805947,파이리 개쩐다
1780574806452,웃음을 자아냅니다
1780574806498,방긋
1780574806575,두돈반은 ㅋㅋ
1780574806724,2년차에 노래를 이리많이 냈으니 적자가 50억인거
1780574807531,트럭이 좀 깨네 ㅋㅋㅋㅋ
1780574808430,퀄이 다 좋네
1780574808496,근데 2년동안 뮤비를 엄청 찍었네
1780574808582,와 고윤정
1780574809215,슬로ㅜ
1780574809283,리센느 노래는 다 무난하게 좋네
1780574809362,한번 빵 뜨면 다 회수 된다
1780574810456,뮤비에 돈막쓰는편이네 대표님
1780574810499,진땀승
1780574811027,저거 맛있지
1780574812141,블룸이지 역시
1780574814231,야 고윤정
1780574814278,^ㅡㅡㅡㅡ^
1780574815214,두돈반 ㅋㅋ
1780574816083,우희 진땀승
1780574816845,이건 아이돌 깔이네
1780574818372,메이즈러너 ㅎㄷㄷ
1780574818468,연습생들
1780574819270,두돈반이라 감성 사는데
1780574819543,니 거제에서 그러고 다니면 혼난다
1780574819623,메이즈러너 ㄷㄷ
1780574819893,대표님이  goat긴해
1780574821063,뮤비를 년차 생각하면 되게 많이 찍었네
1780574821151,뮤비 개 많네
1780574821509,이만큼을 50억에 뽑아?!
1780574823350,왜이렇게다 누워서 멍하니 다른곳 쳐다보고 있는 장면이 다 있냐 ㅋㅋㅋㅋㅋㅋㅋㅋ
1780574823511,파이리 이뻐
1780574823676,.
1780574823800,뮤비가 좋네
1780574824195,근데 요새 비슷한 그룹이 없는거 같기도
1780574824214,박자좀 타네
1780574824389,돈 엄청 많이 쓰긴 했네
1780574824533,뮤비를 줄이고 좋은 작곡가 구해야할듯
1780574825011,야호~
1780574826809,갸루양 {:d_94:}{:d_94:}{:d_94:}{:d_94:}{:d_94:}
1780574827427,생각해보니깐 싹다 뮤비네
1780574827496,미남이시네요
1780574829035,ㅏㅏㅏㅏㅏㅏ
1780574829338,훅좋다
1780574829471,으흐흐흐
1780574829987,캬 메이양...
1780574830804,돈많이쓰긴했네
1780574831993,후렴이 좋다
1780574832876,살짝 이달소 느낌인데
1780574833906,이게 좋네 ㅋ
1780574834438,역시 센터 원이
1780574834547,좋다
1780574835133,원이양...
1780574835319,둥탁둥탁
1780574835458,파이리양...
1780574835799,좋은데
1780574835869,파이리 개이쁘네
1780574836086,{:d_60:}{:d_60:}{:d_60:}{:d_60:}{:d_60:}
1780574836539,원이양....
1780574836975,블룸이 젤 마음에 든다
1780574837289,아 이노래?
1780574837706,뮤비 중소돌은 좀심하게 로테가없던데 그래도여기는 많이찎었네
1780574837894,내친구 센느ㅋㅋ
1780574838002,리브양...
1780574838431,A
1780574839014,좋은데
1780574840106,갸루사마
1780574840252,무난하이
1780574840782,미니미
1780574842845,그래도 오랜만에 진짜 아이돌같은 서사긴하네
1780574842865,캬
1780574843042,생각보다 좋은데
1780574843375,춤 되게 특이하다
1780574843716,오 진짜 이달소 느낌
1780574844555,ㅏㅏㅏㅏㅏㅏ
1780574845759,ㅎㅎㅎ
1780574846016,리브양
1780574846148,아 이거
1780574847194,캬
1780574847581,{:d_94:}{:d_94:}{:d_94:}
1780574847937,수원왕갈비
1780574848419,ㅏㅏ
1780574849191,bloom 부분 올릴때 너무부드럽네
1780574849222,갸루누나 ㅎㅎ
1780574849512,메이 이쁘다
1780574851426,아아~
1780574851906,와 근데진짜
1780574852102,투자를 많이 했나보네
1780574853251,미나미양..
1780574853345,미나미 믿힌
1780574853655,리브양..
1780574853720,이거 들어볼래에서도 부르지 않았나?
1780574853927,와 미나미
1780574854779,갸루귀신양...
1780574855073,그러네 이달소 느낌이네
1780574855337,얼굴 씹존예네
1780574855679,이뿌당
1780574855723,미남이네
1780574855953,메이는 걸어와~~~~~~
1780574856310,개이쁘네 파이리
1780574857759,아니 2년에 앨범이 이렇게 많으면 몇개월마다낸겨
1780574858041,해외k팝 팬들 좋아할거 같은데
1780574858473,이래도 못뜨고 있었던게 진짜 레드오션이네
1780574860020,메이야 아직 출발 안 했나
1780574860259,뮤비가 엄청 많아서 신기하긴 하네
1780574860322,꽂히진 않는다
1780574860497,다 이쁘다 진심
1780574861421,ㅏㅏ~
1780574861621,메순간
1780574861709,투자 많이하긴했네
1780574862261,{:d_94:}{:d_94:}
1780574863231,단발이 뭔가 일본인 처럼 생겼네
1780574864502,미나미양...
1780574864663,리브장예쁨
1780574864776,오늘 이형 머리 기름 많이지네
1780574865551,갈색단발 이름 누군가요
1780574866587,노래로 뜬 게 아닌데 왜 노래를 보고있냐
1780574866752,어어
1780574866880,엥
1780574866952,리센느 진짜 이쁘네
1780574867061,따뜻한노래
1780574867258,아 개극
1780574867493,개구멍
1780574867516,미나미 왤캐이쁘냐
1780574868131,요즘 Kpop 치고 한글 비중이 많네
1780574868739,헉
1780574869491,진짜 뜨기 힘든가보다
1780574870234,전체적으로 슴슴하네
1780574870647,ㅋㅋㅋ리센느 좋다~
1780574870920,야 고윤정
1780574872624,ㄹㅇ 걸그룹 레드오션 너무심함ㅋㅋ
1780574873545,고윤정 어디가
1780574874277,ㅈㄴ달려
1780574874468,?
1780574875028,정석적인 노래 구성같은데
1780574875143,제나양
1780574875171,ㄹㅇ 고윤정 닮았네 ㅋㅋ
1780574875425,버클리음대 작곡가 3명이라던데
1780574876433,거제까지 뛰는중
1780574876440,야 고윤정
1780574876489,까엉아 ㅋㅋㅋㅋ
1780574876861,막내 삐졋다
1780574876921,와
1780574877240,오
1780574877486,윤정양...
1780574878101,약간 에이핑크깔나네 ㅋㅋ
1780574878333,니가 왜 뛰니
1780574878383,삐짓삐짓삐짓삐짓삐짓뽀이
1780574878715,근데 왜 다 해외로케 같지
1780574878936,ㅏㅏㅏㅏㅏㅏㅏㅏㅏ
1780574879267,음
1780574879717,약간 노래가 사브리나 카펜터 노래 쀨인데???????????
1780574880677,야 고윤정
1780574880678,ㅋㅋㅋㅋㅋㅋ
1780574881306,걍 걸그룹 정석이네 이건
1780574881673,잘뛰네
1780574881977,ㅈㄴ달려잇
1780574881989,선덕공주
1780574882011,중소 기획사 치고 돈 쏟아 부었네 노래 나온 갯수랑 mv 갯수랑 각종 예능 스케쥴 다 잡고 출연했는데
1780574882330,거제런 ㄷㄷ
1780574882449,아ㅏㅏㅏㅏ
1780574882590,캬
1780574883165,메이즈러너 ㅋㅋㅋ
1780574883175,달려?
1780574883222,어디감
1780574883389,달려
1780574883407,다려잇~~
1780574883715,달려잇
1780574884090,달린다 메이
1780574884477,{:looksamRun:}{:looksamRun:}{:looksamRun:}
1780574884496,{:looksamRun:}{:looksamRun:}
1780574884582,거제런 ㄷㄷ
1780574884744,달려잇
1780574884746,달려잇
1780574885015,ㅈㄴ달려
1780574885053,ㅈㄴ 달려
1780574885227,"인마로션 들어다오.,.................."
1780574885255,신인인데 뮤비가 몇개야 ㅋㅋㅋ
1780574885546,달려
1780574885678,습박 늑구 탈출한다
1780574885781,노래 좋다이
1780574885784,노래진짜 열심히 많이 냈네
1780574885790,달려잇
1780574886380,달려잇~
1780574886426,거제까지 뛰는중ㅋㅋㅋㅋ
1780574886484,잘뛰네
1780574886599,이제서야 출발하는구나 메이야
1780574886909,리센느 비주얼도 좋고 노래도 좋은데 진짜 뜨기 힘들었나보네
1780574887050,또 달리네
1780574887193,잘 달리네
1780574887707,늑구 on
1780574888298,거제가는중
1780574888941,잘뛰네 ㅋㅋ
1780574890565,달려~
1780574890886,결국 얘내가 뜬건 노래가 아니라 거제 야호인거냐 근데 ㅋㅋㅋ{:d_4:}
1780574891141,거제까지 달리기
1780574891315,메이 잘뛰네
1780574891466,메이 드디어 뛰는구나
1780574891505,선덕공주
1780574891866,안아줘요
1780574892480,역시 국룰 달려야지
1780574892565,ㅈㄴ 달려
1780574892612,서로 안는 장면이 많네 ㅋㅋㅋ
1780574893649,거제로 뛰는
1780574893690,대표님 열심히 하셨네...
1780574894598,"사브리나 카펜터 노래들 느낌이다,,"
1780574895075,늑구뭐야
1780574895371,이쁘긴 뒤지게 이쁘네
1780574895808,제나 개이쁘네
1780574895955,ㅈㄴ달려
1780574896356,아름답게 피어나지~ 되게꽂히네
1780574896618,좋네
1780574897194,안아줘요~
1780574897431,ㅈㄴ 달려잇
1780574899072,좋은뎅
1780574899260,듣기에 거부감은 없긴하네
1780574899520,그러게 포옹하는 장면이 많네 ㅋㅋ
1780574901901,노래 다좋네
1780574903055,걍 다이쁘네
1780574903356,ㅏㅏ
1780574903771,러브어택으로 이미 역주행 한번 했었대
1780574904567,샤라웃 늑구
1780574904755,무난하네
1780574905062,노래 좋다
1780574905154,오 듣는중에 닭살 돋네
1780574905363,귀가 편안해
1780574906176,얼굴 체급 뒤지네
1780574907140,이건 뽕이 좀 있네
1780574907297,씨ㅣㅣㅣㅣ익
1780574907408,노래는 별로
1780574907686,왜이리 좋아해 ㅋㅋㅋ
1780574908109,캬
1780574908384,ㅋㅋㅋㅋㅋㅋㅋㅋㅋㅋ
1780574908582,노래 저점이 높다
1780574908791,1시 레전드 ㅋㅋ
1780574909609,ㅋㅋㅋㅋㅋㅋㅋㅋ
1780574909931,단발 너무 잘어울리네
1780574909986,ㅋㅋ
1780574910031,ㅋㅋㅋㅋㅋㅋㅋㅋㅋㅋㅋㅋ
1780574910097,개이뻐
1780574910162,근데 진짜 슴슴하긴하네 ㅋㅋㅋㅋㅋㅋㅋㅋㅋㅋㅋㅋ
1780574910349,웃음을 자아냅니다...
1780574910405,ㅋㅋㅋㅋㅋㅋㅋㅋㅋㅋㅋㅋ
1780574910410,ㄹㅇ 사브리나 느낌이네
1780574910421,여기는 히트곡을 뽑을 자질은 보임
1780574910635,ㅋㅋㅋㅋㅋㅋ
1780574910723,귀는 편하네 노래가
1780574911000,밸런스좋다 ㅋㅋ
1780574911059,방긋
1780574911186,ㅋㅋㅋㅋㅋㅋㅋㅋ
1780574911270,새어나오는 웃음
1780574911335,막상보니 노래괜찮은데 주목은 유튜브로 받은게 신기하긴하네
1780574911390,파이리 불 쏜다
1780574911429,캬
1780574911542,새끼 이제야 웃네
1780574911562,ㅋㅋㅋㅋㅋㅋㅋㅋㅋㅋㅋㅋㅋ
1780574911686,이것도 라이브 되게 좋겠는데?
1780574911716,귀여웡
1780574911736,파이리 ㅋㅋㅋㅋ
1780574911917,웁
1780574912065,개좋아하네 ㅋㅋㅋ
1780574912280,미나미 웃는거 개예쁘네
1780574912501,웃음을 자아냅니다
1780574912813,ㅋㅋㅋㅋㅋㅋㅋㅋㅋㅋㅋ
1780574913348,비지보이 ㄱㄱ
1780574913355,ㅋㅋㅋㅋㅋㅋㅋ
1780574913442,ㅋㅋㅋㅋㅣㄱ
1780574913574,미나미당ㅋㅋ
1780574913584,파이리 와꾸체급 높다잉
1780574913808,ㄱ-
1780574913966,개쳐예쁘네 다들
1780574914034,웃었다
1780574914051,좋다
1780574914118,노래저점이 다 높은데
1780574914432,ㅋㅋㅋㅋㅋㅋㅋㅋㅋㅋㅋㅋ
1780574914536,ㅋㅋㅋㅋㅋㅋㅋㅋㅋ
1780574914559,왜
1780574914561,파이리 끼부리네 ㅋㅋ
1780574914770,왜 가버림 ㅋㅋㅋㅋㅋㅋㅋㅋㅋㅋㅋ
1780574915252,최애 정했니?
1780574915454,ㅋㅋㅋㅋㅋㅋㅋㅋ
1780574915607,미나미상!~
1780574915687,멤버가...
1780574915825,웃음을 자아냅니다
1780574915962,웃음 자아냅니다
1780574915989,누구 꽂힘
1780574916086,비지
1780574916264,ㅋㅋㅋㅋㅋㅋㅋㅋㅋㅋㅋ
1780574916321,uh uh
1780574916581,최애 나왔나요
1780574916629,얘 최애 정했다
1780574916666,ㅋㅋㅋㅋ
1780574916693,눈이 자꾸 가냐
1780574916743,웃음을 자아냅니다
1780574916985,룩삼님 표정이
1780574917263,ㅋㅋㅋㅋㅋㅋㅋㅋㅋㅋㅋㅋㅋ
1780574917335,최애 누구임 그래서
1780574917589,괜창ㅎ은데
1780574917689,멤버 라인업 좋아
1780574917752,꽂히는 멤버 있구나
1780574917805,난 제나양
1780574917992,ㅋㅋㅋㅋㅋㅋㅋㅋㅋㅋㅋㅋㅋㅋ
1780574918202,ㅋㅋㅋㅋㅋ
1780574918334,찾아찾아
1780574918432,누군데
1780574918634,ㅋㅋㅋㅋㅋㅋㅋㅋㅋㅋㅋㅋ
1780574918654,ㅋㅋㅋㅋㅋㅋㅋㅋㅋㅋㅋㅋㅋㅋㅋㅋㅋㅋㅋㅋㅋㅋㅋㅋㅋㅋㅋㅋㅋㅋ
1780574918704,최애 생김?
1780574918757,ㅋㅋㅋㅋㅌㅋㅋ
1780574919172,누구 꽂혓어
1780574919375,ㅋㅋㅋㅋㅋㅋㅋㅋㅋㅋㅋㅋㅋㅋㅋㅋ
1780574919442,ㅂㅣ지보이 ㄱ
1780574919578,미나미가 잘해
1780574919722,누군데
1780574919746,ㅋㅋㅋㅋㅋ
1780574919860,타이틀들이 제일 좋은거 같은데
1780574919890,향기 알아보기
1780574920147,다 엄청 어리네
1780574920225,누가좋은데
1780574920321,웃음을 자아냅니다
1780574920386,누군가요
1780574920450,최애 정했니
1780574920952,ㅋㅋㅋㅋㅋㅋㅋㅋㅋㅋㅋ
1780574920983,나이확인해?
1780574920990,원이?
1780574921069,미나미
1780574921099,웃음을 자아냅니다
1780574921110,어리구나
1780574921177,ㅋㅋㅋㅋㅋㅋㅋㅋㅋㅋ
1780574921184,최애 있나보다
1780574921188,최애 정했냐?
1780574921189,:)
1780574921271,최애 정했냐
1780574921347,지금 딱봐도 최애 제나임
1780574921386,코 커진거봐라
1780574921474,최애 찾는중
1780574921874,룩삼핍오나ㅋㅋ
1780574922266,미남이?
1780574922360,최애 정하는거냐
1780574922364,최애 찾음?
1780574922429,ㅋㅋㅋㅋㅋㅋㅋㅋㅋ
1780574923002,발견
1780574923136,비지보이 함 틀어보소
1780574923240,ㅋㅋㅋㅋㅋㅋㅋㅋㅋㅋㅋ
1780574923596,누군데
1780574923662,ㅋㅋㅋㅋㅋㅋ
1780574923726,비지보이를 제발 들어다오
1780574923740,ㅋㅋㅋㅋㅋㅋㅋ
1780574923769,?
1780574924175,ㅋㅋㅋㅋㅋㅋㅋㅋㅋㅋㅋ
1780574924253,최애 찾았니?
1780574924311,원이찾는거아님?
1780574924383,보여주면 알려줄게
1780574924398,ㅋㅋㅋㅋㅋㅋㅋㅋㅋㅋㅋㅋㅋㅋㅋㅋ
1780574924555,미나미 아니야?
1780574924631,헉
1780574924665,난 제나
1780574924780,채애찾는중
1780574924829,리브?
1780574924876,최애
1780574924990,꽂히는 사람 있나보다 ㅋㅋㅋㅋㅋ
1780574925168,최애
1780574925270,?
1780574925308,커엽네
1780574925374,?
1780574925487,원이지
1780574925570,미나미?
1780574925590,주캐 발견
1780574925671,갸루 야호
1780574925672,리브?
1780574925746,누군가요
1780574925992,ㅋㅋㅋㅋㅋㅋ
1780574926023,?
1780574926045,파이리구나
1780574926082,ㅋㅋㅋㅋㅋㅋ
1780574926152,찾아버렸다
1780574926206,원이양...
1780574926242,주캐?
1780574926310,파이리
1780574926326,최애야 ?
1780574926462,찾앗다 내 주캐
1780574926643,미남이
1780574926670,신라공주?
1780574926689,ㅋㅋㅋㅋㅋㅋㅋㅋㅋㅋ
1780574926868,주캐 ㅋㅋ
1780574926869,주캐 ㅋㅋㅋㅋㅋㅋㅋㅋㅋㅋ
1780574926920,ㅋㅋㅋㅋㅋㅋㅋㅋㅋㅋㅋㅋㅋㅋㅋㅋㅋ
1780574927074,주캐 ㅋㅋㅋ
1780574927113,주캐
1780574927148,주캐 ㅋㅋ
1780574927149,주캐는ㅋㅋㅋ
1780574927257,ㅋㅋㅋㅋㅋㅋㅋㅋㅋㅋㅋㅋㅋㅋㅋㅋㅋㅋㅋㅋㅋ주캐
1780574927301,제나
1780574927305,주캐
1780574927459,미나미?
1780574927572,ㅋㅋㅋㅋㅋㅋㅋ
1780574927636,zzzzzzzzzz
1780574927638,주캐 ㅋㅋ
1780574927646,주캐 ㅇㅈㄹ ㅋㅋㅋㅋㅋㅋㅋㅋㅋ
1780574927817,메이즈러너?
1780574927887,주캐
1780574927903,주캐 ㅋㅋ
1780574927939,누구야 ㅋㅋ
1780574927979,ㅋㅋㅋㅋㅋㅋㅋㅋㅋㅋㅋㅋㅋㅋㅋㅋㅋㅋㅋㅋㅋㅋㅋㅋㅋㅋㅋㅋㅋㅋㅋㅋㅋㅋㅋㅋㅋㅋㅋㅋㅋㅋㅋㅋㅋㅋㅋㅋㅋㅋㅋㅋㅋㅋㅋㅋㅋㅋㅋㅋㅋㅋㅋㅋㅋㅋ
1780574928018,헉
1780574928095,ㅋㅋㅋㅋㅋㅋㅋ
1780574928165,주캐는 ㅋㅋㅋㅋ
1780574928313,찾았나보네
1780574928315,ㅋㅋㅋ
1780574928317,최애 정함?
1780574928525,주캐ㅋㅋ
1780574928565,주캐 ㄷㄷ
1780574928649,ㅋㅋㅋㅋㅋㅋㅋㅋㅋㅋㅋㅋㅋㅋㅋㅋ
1780574928730,최애는 정하기 ㅋㅋㅋ
1780574928753,주캐 ㅇㅈㄹ
1780574928833,주캐 ㅋㅋㅋ
1780574928874,난 제나
1780574928931,내 주캐 ㅋㅋㅋㅋㅋ
1780574928932,비지보이 ㄱㄱ
1780574928945,주캐 정했냐
1780574928990,메이즈 러너?
1780574929155,가렌이다
1780574929309,최애
1780574929322,주캐 ㅇㅈㄹ
1780574929413,주캐는 ㅅ1ㅋㅋㅋㅋ
1780574929495,ㅋㅋㅋㅋㅋ
1780574929633,거제 야호를 봐야돼
1780574930028,주캐요?
1780574930200,야호
1780574930267,뭔 주캐야 ㅋㅋㅋㅋㅋㅋㅋㅋㅋㅋㅋㅋㅋㅋㅋㅋㅋ
1780574930585,주캐
1780574930780,주캐 정하기 ㄷㄷ
1780574930836,주캐 ㅋㅋ
1780574930943,파이리
1780574931072,주캐는ㅋㅋㅋ
1780574931089,멈춰봐
1780574931383,주챔
1780574931416,주캐
1780574931437,미나미 ㅋㅋ
1780574931468,주캐 ㅋㅋㅋㅋㅋ
1780574931736,올라운더 되겟어
1780574931745,주캐 ㅇㅈㄹ ㅋㅋ
1780574931854,리브일듯
1780574931874,주캐 ㅋㅋㅋ
1780574931929,내친구 센느ㅋㅋ
1780574931986,난 원이
1780574932067,가렌 찾아
1780574932107,최애ㅋㅋㅋ미실
1780574932317,룩빡이 몇년차 예상이 틀리지 않아 얘 제나임
1780574932358,주캐 ㄱㄱ
1780574932377,메이 아님 리브같은데
1780574932427,:}
1780574932670,가 렌
1780574933173,{:d_116:}{:d_116:}{:d_116:}
1780574933192,제나가 예쁘지
1780574933731,주캐 ㅋㅋㅋㅋㅋ
1780574933776,영상에서 멈춰봐
1780574933845,철권이냐고
1780574933933,주캐 ㅇㅈㄹㅋㅋ
1780574933996,ㅋㅋㅋㅋㅋㅋㅋ
1780574934073,스타팅은 파이리지
1780574934208,주캐 ㅋㅋㅋㅋㅋㅋㅋㅋ
1780574934260,주챔
1780574934357,베니마루
1780574934409,주캐 ㅋㅋㅋ
1780574934422,주캐 ㅋㅋㅋㅋㅋㅋㅋ
1780574934541,주캐 ㅋㅋㅋㅋㅋ
1780574934547,뮤비에서 보여줘봐
1780574934576,화면을 띄워 ㅋㅋㅋㅋㅋ
1780574934578,고윤정
1780574934988,누구냐구 ㅋㅋ
1780574935030,우희지 바부야 ㅠㅠㅠㅠㅠㅠ
1780574935120,주캐
1780574935273,누구셔
1780574935332,제나아님? 아님 미나미
1780574935405,제나?
1780574935499,제나?
1780574935505,정실
1780574935522,메이인가
1780574935877,주챔 정하기
1780574936012,주챔 ㄷㄷ
1780574936581,주캐 누구징
1780574936591,ㅋㅋㅋㅋ
1780574936810,주캐 ㅋㅋㅋㅋㅋㅋㅋㅋㅋㅋㅋㅋㅋ
1780574937103,누구여
1780574937297,주캐ㅋㅋㅋㅋ
1780574937390,귀여워~
1780574937552,뮤비에서 봐봐
1780574937716,주캐 ㅋㅋ
1780574937729,원이?
1780574937821,난 미나미
1780574937831,리브?
1780574937966,누구지 ㅇㅈㄹ
1780574937984,다시한번볼까?
1780574938158,가렌 어디있음
1780574938179,나의 가렌
1780574938312,포켓몬이셔?
1780574938318,정실
1780574938382,미나미네ㅋㅋㅋ
1780574938406,리브인가?
1780574938687,미남이같은데
1780574938732,가렌찾기
1780574938816,ㅋㅋㅋㅋㅋㅋㅋㅋㅋㅋ
1780574939084,메이 ㄱㄱ
1780574939171,주캐는
1780574939373,미나미 신라공주 파이리 연습생
1780574939528,제나
1780574939590,ㅋㅋㅋㅋㅋㅋㅋㅋㅋㅋㅋㅋㅋㅋㅋㅋㅋㅋㅋㅋ
1780574939659,넌 우희지 바부야
1780574940040,원이였음
1780574940060,주챔 정하기
1780574940118,못찾네
1780574940215,메이인거같은데
1780574941072,얼굴 체급 습박;;
1780574941248,메이즈러너 ㄱㄱ
1780574941489,주캐 ㅋㅋㅋㅋㅋ
1780574941672,나의 가렌은 누구인가
1780574942215,주챔 ㅋㅋㅋ
1780574942245,스타팅 포켓몬
1780574942532,제나
1780574942561,제나 예상해봅니다
1780574942797,못알아봐 ㅋㅋ
1780574942848,데빌진
1780574942901,?
1780574942924,스타팅은 파이린해
1780574943140,눈도 깜짝 안 한다
1780574943320,최애찾기 ㅋㅋㅋ
1780574943421,리브일거같은데
1780574943516,영상에서 말하라고
1780574943550,화면 띄우면 사람들이 말해줄듯
1780574943627,원이
1780574943755,마떼루용~
1780574943956,주캐 우희 버려?
1780574944265,원이?
1780574944378,ㅋㅋㅋㅋㅋㅋㅋ
1780574944625,ㅋㅋㅋㅋㅋㅋㅋㅋㅋㅋㅋㅋㅋㅋㅋ
1780574944671,영상에서 멈춰봐 ㅋㅋㅋ
1780574944770,alskal
1780574944992,최신정보로 봐보자
1780574945045,까엉이 인가보네
1780574945128,영상멈추면 알려주께
1780574945361,주캐 뭐임?
1780574945894,주캐인데 왜 못찾음
1780574946117,ㅋㅋㅋㅋㅋㅋㅋㅋ
1780574946531,갸웃
1780574946541,헷갈리는거면 미나미 리브 중이다
1780574946818,교윤정?
1780574946988,느낌상 제나 < 센터같음
1780574947029,제나일듯
1780574947348,제나 이쁘네요
1780574947378,영상으로 봐
1780574947466,다 똑같이 생겼네
1780574947593,리브리브
1780574947638,데마시아
1780574947832,뭐 범인찾음?
1780574947832,그냥 장면을 우리한테 보여라
1780574947847,미나미지
1780574947941,오빠 뭐하는데
1780574948100,메이구나
1780574948146,영상에서 멈춰보쇼
1780574948204,ㅋㅋㅋㅋㅋㅋㅋㅋㅋㅋㅋㅋ
1780574948274,난 1ㄱ시
1780574948377,못알아보네 ㅋㅋ
1780574948893,가렌 찾기
1780574949393,일단 원이는 아님ㅋㅋ 티가 확나서
1780574949628,님 주캐 우희에요
1780574949949,난 1시
1780574950140,아이돌 가렌 찾기
1780574950456,화면을 보여줘
1780574950460,화면을 멈춰봐
1780574950476,메이
1780574950478,갸웃
1780574950526,영상 보여줘봐 ㅋㅋ
1780574950743,3번쨰\
1780574950848,선덕
1780574950866,영상멈춰봐 ㅋㅋ
1780574950973,ㅋㅋㅋㅋㅋㅋㅋㅋㅋ
1780574951490,영상에서 멈춰봐
1780574951513,영상을 다시 보면되잔ㅎ아
1780574951658,알려줄께
1780574951683,영상을 보여줘ㅋㅋㅋㅋㅋ
1780574951744,영상으로 ㄱㄱ
1780574951872,음?
1780574952041,리브
1780574952117,ㅋㅋㅋㅋㅋㅋㅋ
1780574952271,고개 돌리는거 개웃ㅣ네
1780574952354,까엉이?
1780574952437,ㅋㅋㅋㅋㅋㅋㅋㅋㅋㅋㅋ
1780574952491,최근 쇼츠좀 봐보자
1780574952516,ㅋㅋㅋㅋ
1780574952542,ㅋㅋㅋㅋㅋㅋㅋㅋㅋㅋ
1780574952729,ㅋㅋㅋㅋㅋㅋㅋㅋㅋㅋㅋㅋㅋㅋㅋㅋ
1780574952755,멈춰봐
1780574952835,그냥 뮤비에서 찾아
1780574953006,히든캐 2명인가봐
1780574953069,뮤비에서 찾아
1780574953250,리브 아니면 메이인데
1780574953287,다시 봐
1780574953331,야호~
1780574953342,까엉이인듯 ㅋㅋㅋ
1780574953365,진경은거인 신죠사사겡요
1780574953671,ㅋㅋㅋㅋㅋㅋㅋㅋ여기선 못찾네
1780574953688,선덕공주
1780574953978,신라공주같은데
1780574954027,ㅋㅋㅋㅋㅋㅋㅋㅋㅋㅋㅋㅋㅋㅋㅋ
1780574954201,리브아니면메이아님?
1780574954453,개 행복해하네 ㅋㅋㅋㅋㅋㅋㅋㅋㅋㅋㅋㅋㅋㅋㅋㅋㅋㅋㅋㅋㅋㅋㅋㅋㅋㅋㅋㅋ
1780574954746,리브양..
1780574954864,메이제
1780574954884,난 1시
1780574955028,우희요
1780574955130,입꼬리 원위치
1780574955289,리자몽가야돼
1780574955903,ㅋㅋㅋㅋㅋㅋㅋㅋㅋㅋㅋㅋ
1780574956108,야호~
1780574956129,다시보자
1780574956399,히익
1780574956471,왜 못찾냐고 ㅋㅋ
1780574956477,(배우자 황우희)
1780574956722,주캐 황 우희
1780574956847,메이상 좋아함
1780574957202,누군데
1780574957256,영상으로봐봐
1780574957348,영상으로 찾자
1780574957563,영상으로 ㄱㄱ
1780574957802,리브일듯
1780574957885,우리한테 보여줘
1780574957901,니가 본걸 우리에게 보여달라
1780574957951,영상 멈춰봐
1780574958278,일시정지
1780574958824,본인ㅇ이 찾고 싶어서 ㅋㅋ
1780574958829,멈춰봐
1780574959156,가렌찾기
1780574959973,유부남이 왜 자꾸 주캐 새로 찾는지
1780574961040,메이즈러어
1780574961651,연습생인가?
1780574962188,캬 ㅋㅋ
1780574962679,아 우희님이요?
1780574963562,ㅋㅋㅋㅋㅋㅋ
1780574963752,까엉인가본데
1780574964071,아앜
1780574964148,리브나 메이 쪽일거같은데용
1780574964263,까엉이네 ㅋㅋㅋㅋㅋㅋㅋㅋㅋ
1780574964340,제나네
1780574964530,메이
1780574964584,머리가 다 똑같음 ㅋㅋㅋ
1780574964608,피어나지
1780574964620,주캐 황우희
1780574964637,ㅋㅋㅋㅋㅋㅋㅋㅋㅋㅋㅋㅋ
1780574964645,제나네
1780574964916,진경은거인 신죠사사게요
1780574964951,고윤정이네
1780574964962,신라공주지?
1780574965015,제나
1780574965183,가영이네 ㅋㅋ
1780574965197,신라공주네
1780574965407,신라공주구나 ㅋㅋㅋㅋㅋㅋㅋ
1780574965412,신라공저ㅜ냐?
1780574965553,황우희요
1780574966313,제나네
1780574966422,구별못함 ㅋㅋㅋㅋ
1780574966423,제나 같은데?
1780574966505,{:d_43:}{:d_43:}{:d_43:}{:d_43:}
1780574966515,제나겠네
1780574966522,제나?
1780574966639,이게 비슷한 멤버가 두어명 있어 ㅋㅋ
1780574966665,신라공주냐?
1780574966736,선덕공주
1780574966753,신라공주?
1780574966767,베우자 황우희
1780574966967,왜저래
1780574966996,신라공주네
1780574967284,제나네
1780574967294,제나
1780574967321,까엉이구나
1780574967381,가영이네
1780574967400,제나네
1780574967423,신라공주네
1780574967444,제나 인가?
1780574967507,아름답게피어나지~
1780574967788,시나곤듀구나
1780574967790,웃음을~
1780574967977,까엉이인가?
1780574968402,제나임
1780574968467,제나 ㅋㅋ
1780574968599,황우희?
1780574968608,제나
1780574968624,제나네
1780574968624,신라공주네
1780574968661,제나
1780574969112,제나?
1780574969175,제나여
1780574969199,ㅋㅋㅋㅋㅋㅋㅋㅋㅋㅋㅋㅋ
1780574969260,제나
1780574969336,신라공주
1780574969367,신라공주
1780574969376,ㅋㅋㅋㅋㅋㅋㅋㅋㅋㅋㅋㅋㅋ
1780574969385,제나네
1780574969535,ㅋㅋㅋㅋㅋㅋㅋㅋㅋㅋ
1780574969560,ㅋㅋㅋㅋㅋㅋㅋㅋㅋㅋㅋㅋㅋㅋㅋㅋㅋ
1780574969692,ㅈ[니
1780574969695,우희 비상~
1780574969736,ㅋㅋㅋㅋㅋ
1780574969851,신라공주 ㅋㅋㅋ
1780574969881,제나네
1780574969899,신라공주
1780574969992,ㅋㅋㅋㅋㅋㅋㅋㅋㅋㅋㅋㅋㅋㅋ
1780574970027,제나구나
1780574970064,제나
1780574970105,제나제나?
1780574970126,제나
1780574970134,야 고윤정
1780574970137,대 제 나
1780574970173,신라공주네
1780574970178,제나
1780574970202,봐봐
1780574970301,ㅋㅋㅋㅋㅋㅋㅋㅋㅋ
1780574970382,신라공주님
1780574970493,신라공주 ㅋㅋㅋ
1780574970687,제나
1780574970812,신라공주
1780574970834,제나
1780574970868,ㅋㅋㅋㅋㅋㅋ
1780574970876,신라공주?
1780574970944,제나네
1780574970998,신라공주네
1780574971003,공주님
1780574971063,신라공주 ㅋㅋ
1780574971068,선덕이구나
1780574971116,제나
1780574971145,제나네
1780574971162,제나양..
1780574971236,제나네
1780574971247,제나느
1780574971256,신라공주가 최애네
1780574971284,제나제나
1780574971301,공주님
1780574971482,신라공주
1780574971485,까엉이구나
1780574971525,신라공주네
1780574971580,제나 ㅋㅋ
1780574971618,까엉이
1780574971676,제나
1780574971723,주캐 찾기ㅋㅋㅋㅋㅋ
1780574971732,대 윤 정
1780574971795,제나 ㅋㅋ
1780574971806,제나
1780574971879,메이니?
1780574971910,제나
1780574971939,신라공주 ㅋㅋㅋㅋㅋㅋㅋㅋㅋㅋ
1780574971943,제나네
1780574972000,제나임
1780574972009,아 ㅋㅋ
1780574972033,신라공주
1780574972086,까엉이
1780574972132,까엉이네 ㅋㅋ
1780574972185,확신의 우희상
1780574972243,신라공주 ㅇㄱㅇ
1780574972576,신리겅주
1780574972592,신라공주네 ㅋㅋㅋㅋㅋㅋㅋㅋㅋㅋㅋㅋ
1780574972633,제나
1780574972636,ㅔㅈ나임
1780574972645,가영이 좋아하는구나
1780574972662,제나
1780574972677,제나
1780574972698,고윤정
1780574972714,신라공주
1780574972736,신라공주네 ㅋㅋ
1780574972750,ㅋㅋㅋㅋㅋㅋㅋ
1780574972787,신라공주네 ㅋㅋㅋㅋㅋㅋ 제나
1780574972796,신라공주네 ㅋㅋㅋㅋㅋ
1780574972799,제나네 ㅋㅋ
1780574972917,신라공주
1780574972985,나여
1780574972987,제나
1780574973041,공쥬님
1780574973161,신라공주
1780574973201,ㅋㅋㅋㅋㅋㅋㅋㅋㅋ
1780574973272,?
1780574973487,아 신라공주님 ㅋㅋㅋㅋㅋㅋㅋ
1780574973489,신라공주
1780574973543,신라고윤정
1780574973554,신라공주
1780574973600,신라공주 원픽이야?
1780574973616,제나
1780574973642,신라공주
1780574973727,제나
1780574973731,ㅋㅋㅋㅋㅋㅋㅋㅋㅋㅋㅋㅋㅋㅋㅋㅋㅋㅋㅋ
1780574973748,신라공주
1780574973834,보는눈있네
1780574973862,신라공주
1780574973881,제나 ㅋㅋ
1780574973908,막내
1780574973913,제나네
1780574973972,신라공주
1780574973995,신라공주 ㅋㅋ
1780574974108,신라 고윤정
1780574974118,신라고윤정
1780574974174,신라공주
1780574974285,야 고윤정
1780574974545,고윤정이요
1780574974548,제나 ㅋㅋㅋㅋ
1780574974575,제나
1780574974652,신라공주
1780574974671,신라공주양
1780574974695,대 신 라
1780574974730,신라공주 ㅋㅋㅋㅋ
1780574974731,신라공주네
1780574974742,제나ㅋㅋㅋㅋㅋㅋㅋㅋㅋ
1780574974800,제나
1780574974824,신라공주
1780574974918,제나씨
1780574974933,야 고윤정
1780574974947,신라공주 ㅋㅋㅋ
1780574974983,제나
1780574975032,제나네
1780574975039,신라공주요
1780574975065,대 제 나
1780574975119,까엉ㅇㅇㅇㅇ
1780574975254,막내?
1780574975401,제나 신라공주
1780574975414,신ㄹ라공ㅇ주
1780574975456,제나네ㅋㅋㅋㅋ
1780574975508,제나 ㅋㅋㅋㅋ
1780574975519,제나이쁘긴해
1780574975534,고윤정 좋아하구나
1780574975552,고윤정
1780574975581,제나
1780574975601,신라공주
1780574975615,신 라 공 주
1780574975642,신라공주
1780574975665,고윤정
1780574975722,제나 맞지 ㅋㅋㅋㅋㅋㅋㅋㅋ
1780574975804,ㅋㅋㅋㅋㅋㅋㅋㅋㅋㅋㅋㅋㅋㅋ
1780574975812,신라공주
1780574975843,ㅋㅋㅋㅋ
1780574975893,표정ㅋㅋㅋㅋㅋ
1780574976169,제나구나 ㅋㅋ
1780574976228,제나
1780574976242,신라공주 ㅋㅋ
1780574976431,까엉쓰
1780574976460,신라공주네
1780574976470,제나 ㅋㅋㅋㅋㅋㅋ
1780574976494,대 윤 정
1780574976500,19살
1780574976576,신라텐세
1780574976599,신라공ㅈㆍ
1780574976630,신라공주
1780574976635,대 제 나
1780574976688,신라공주
1780574976789,까엉이
1780574976979,신라공주
1780574977040,제나?
1780574977056,신라공주 ㅋㅋㅋ
1780574977082,막내?
1780574977110,신라공주
1780574977134,신라고윤정 ㄷㄷ
1780574977190,대 신 라
1780574977200,야 고윤정
1780574977201,고윤정
1780574977296,제나
1780574977318,까엉이는 인죵
1780574977338,선덕여왕
1780574977388,황우희 진땀승
1780574977392,까엉이
1780574977404,신라공주
1780574977405,선덕공주ㅋㅋㅋ
1780574977450,신라공주내 ㅋㅋ
1780574977472,신라공주
1780574977527,신라공주네
1780574977527,제나
1780574977722,ㅋㅋㅋㅋㅋㅋㅋㅋㅋㅋㅋㅋㅋㅋㅋㅋㅋ
1780574977814,신라공주 ㅋㅋ
1780574978172,신라공주 ㅋㅋ
1780574978253,대 신 라.
1780574978330,야 고윤정
1780574978345,ㅋㅋㅋㅋ
1780574978362,ㅋㅋㅋㅋㅋㅋㅋㅋㅋㅋㅋㅋㅋㅋㅋㅋㅋ
1780574978490,고윤정씨
1780574978529,제나구나
1780574978568,신라공주 ㅇㅇ
1780574978635,ㅋㅋㅋㅋㅋㅋㅋㅋㅋ
1780574978658,17세 ㄷㄷ
1780574978664,제나
1780574978706,제나
1780574978759,경주 고윤정
1780574978776,신라고윤정
1780574978781,취향 한결같네 ㅋㅋㅋㅋ
1780574978883,경주 고윤정
1780574978972,???????????
1780574979018,대 윤 정
1780574979061,ㅋㅋㅋㅋㅋㅋㅋㅋㅋㅋㅋㅋㅋ
1780574979162,제나양
1780574979174,신라공주~
1780574979261,이분이요
1780574979290,ㅋㅋㅋㅋ
1780574979438,역시 제나
1780574979514,신리공주 고윤정
1780574979535,공주님을 알아보넼ㅋㅋㅋㅋㅋㅋ
1780574979664,신라공주
1780574979670,까엉이구나 ㅋㅋㅋ
1780574979680,제나 ㅋㅋㅋ
1780574979714,예상에서 벗어나질 않는다니깐 ㅋㅋ
1780574979763,고윤정
1780574979774,고윤정씨요
1780574979791,신라공주 ㅋㅋㅋ
1780574979857,신라공주님
1780574979946,신라공쥬님
1780574979971,신라고윤정
1780574980126,선덕공주
1780574980132,신라공주 ㅋㅋㅋㅋ
1780574980192,신라공주
1780574980227,이쁘긴해
1780574980314,ㅈㄴ이쁘긴해
1780574980408,제나
1780574980573,확신의 고윤정상
1780574980593,까엉이는 인죵이지
1780574980636,고윤정 아시는구나
1780574980695,대 윤 정
1780574980916,ㅋㅋㅋㅋㅋ
1780574980916,까엉이
1780574980978,신라공주?
1780574981035,까엉이
1780574981107,그럴줄알았다ㅋㅋㅋ막내
1780574981154,신라공주
1780574981241,고윤정 좋아하는구나
1780574981257,확실히 우희상이긴하네 ㅇㅇ
1780574981377,신라공줔ㅋㅋㅋㅋㅋㅋㅋㅋㅋㅋㅋㅋㅋㅋㅋㅋㅋㅋㅋㅋㅋㅋㅋㅋㅋ
1780574981578,대 신 라
1780574981782,신라겅듀
1780574981842,야 룩삼
1780574981877,고3
1780574981937,신라공주를 픽하셨군요
1780574982014,대 윤 정
1780574982128,미성년자야
1780574982147,08년생을 찾아버리네
1780574982369,우희 진땀승 ;;
1780574982392,신라공주구나 ㅋㅋ
1780574982418,신 공
1780574982422,ㅣ까엉
1780574982576,우희 진땀승 ㄷㄷ;;
1780574982654,신라공주~
1780574983124,신라천정
1780574983210,왜
1780574983351,고윤정
1780574983411,막내임
1780574983425,신라공주 ㅋㅋㅋ
1780574983427,한결같죠
1780574983634,신 라 텐 세
1780574983659,대 윤 정
1780574983807,까여이
1780574983846,이쁘긴해
1780574984134,제나가 뒤지게 예쁘긴 해
1780574984153,이분이 신라공주구나
1780574984435,미성년자..
1780574984524,보는눈 있으시네
1780574984740,대 윤 정
1780574984773,고윤정은 인죵 ㅋㅋ
1780574985021,고3임
1780574985086,대 윤 정
1780574985192,08 킬러네 룩삼
1780574985206,제나
1780574985570,까엉
1780574985572,까엉이
1780574985840,사투리 바로봐야지
1780574985929,경주 고윤정
1780574986287,막내네
1780574986293,야 고윤정!
1780574986523,대 윤 정
1780574986538,젠ㄴㄴㄴㄴㄴㄴㄴㄴㄴㄴㄴ나
1780574986553,08
1780574986637,한결같은..
1780574986658,고등학생입니다
1780574986720,야. 고윤정.
1780574986811,신라 야호~
1780574986878,경주 아웃풋
1780574987222,미자...
1780574987229,ㅋㅋㅋㅋㅋㅋㅋㅋㅋㅋㅋㅋㅋㅋㅋ
1780574987434,ㅋㅋㅋㅋㅋㅋㅋㅋㅋㅋㅋㅋ
1780574987518,젠ㄴㄴㄴㄴㄴㄴㄴㄴㄴㄴ나
1780574988035,아 제나~
1780574988058,구엽네
1780574988061,신라텐세
1780574988157,그 밑에인데
1780574988211,ㅋㅋㅋㅋ
1780574988265,야 고윤정
1780574988528,08
1780574988781,실력파 막내
1780574988924,귀여우셔
1780574989107,캬
1780574989111,나도 제나~
1780574989290,고윤정 ㅋㅋ
1780574989394,08
1780574989431,윤정아
1780574989461,신라공주임 ㅇㅇ
1780574989491,경주 고윤정 ㅋㅋ
1780574989536,고3
1780574989557,막내를 좋아하네
1780574989631,민짜야
1780574989658,고3이다
1780574989672,08년생 ㅋㅋ
1780574989821,보는눈은 bb
1780574989876,잘가라
1780574990004,역시 공주
1780574990112,고윤정
1780574990208,경주 고윤정
1780574990223,아직 미성년자긴해
1780574990293,크흠
1780574990335,고등학생...
1780574990336,고윤정
1780574990359,크흠
1780574990362,야 고윤정.
1780574990520,ㅋㅋㅋㅋㅋㅋㅋㅋㅋㅋㅋㅋㅋㅋㅋㅋ
1780574990588,고윤전 ㅇㅈ
1780574990591,까엉 양...
1780574990593,대 윤 정
1780574990609,이쁘긴 디지게 이쁘네
1780574990735,야 고윤정
1780574990759,08년생
1780574990844,신라공주셔?
1780574990974,08킬러;
1780574991048,사진이 잘 안나왔네
1780574991071,ㅋㅋㅋㅋㅋ
1780574991091,센터임
1780574991127,아 고윤정
1780574991170,야 고윤정
1780574991377,17 ㄷㄷ
1780574991419,고윤정 ㅋㅋ
1780574991655,야 미자야
1780574991804,개이뻐
1780574991935,경주 야호~
1780574991973,흠
1780574992138,보는눈은 진짜 bb
1780574992277,08제나 ㄷㄷ
1780574992299,08제나
1780574992358,윤정양..
1780574992490,쌈이는 막내를 좋아하네 한결같군
1780574992532,야. 고윤정
1780574992536,야 고윤정
1780574992570,얘 맞음
1780574992621,고윤정
1780574992998,08년생입니다
1780574993037,신라 고윤정
1780574993048,까여이
1780574993130,대 윤 정
1780574993277,미자야..
1780574993588,소나무같은 취향
1780574993594,야 고윤정
1780574993683,선덕공주 ㅇㅈ
1780574993730,08
1780574993757,경찰아조씨 여기에요
1780574993888,막내 ㅋㅋ
1780574993918,고윤정
1780574994003,이거 미나미잖아
1780574994006,경주 고윤정
1780574994147,신라공주 ㄷㄷ
1780574994246,신라텐세
1780574994258,젠ㄴㄴㄴㄴㄴㄴㄴㄴㄴ나
1780574994634,흠..
1780574994645,킹쁘긴해
1780574994915,옛날 조이얼굴도 좀 있다
1780574994933,역시 공주야
1780574995011,나도 고윤정
1780574995015,사투리 영상 봐야겠네
1780574995121,젠ㄴㄴㄴㄴㄴㄴㄴ나
1780574995337,와 보는눈은
1780574995458,영걸 킬러 룩삼
1780574995556,아 젠ㄴㄴㄴㄴㄴㄴㄴㄴㄴ나
1780574995601,대 윤 정
1780574995674,이쁘긴해
1780574995680,고윤정
1780574995794,08....?
1780574995888,야 고윤정
1780574995906,경주 고윤정
1780574995917,막내 픽 ㅋㅋ
1780574995942,미성년자 킬러 ㄷㄷ
1780574996219,말하는거 커엽던데
1780574996288,야 고윤정~
1780574996418,신라공주 고윤정 제나 19살
1780574996466,신라텐세
1780574996563,고3입니다 감사합니다
1780574996658,경주
1780574997296,쌈님 나이 절반임
1780574997435,야 고윤정
1780574997728,고윤정
1780574997996,고3...
1780574998076,17살 차이 습박ㅋㅋㅋㅋ
1780574998154,08제나 ㅋㅋ
1780574998211,하지마라 진짜
1780574998254,고윤정
1780574998280,공주 할만한대?
1780574998345,ㅇㅈ
1780574998394,08 토레스입니다
1780574998478,야 고윤정 ㅋㅋㅋ
1780574998529,ㅇㅇ 걍이쁘네
1780574999100,ㅇㅈ
1780574999371,이쁘긴함
1780574999603,경주 고윤정
1780575000073,야 고윤정
1780575000326,고윤정이잖음
1780575000434,킹쁨
1780575000467,센터같긴해
1780575000641,비지보이 ㄱㄱㄱㄱㄱㄱ
1780575000748,ㄹㅇ 개이쁨
1780575001234,골라도 미자를 고르냐 쌈아
1780575001311,이쁘긴해
1780575001405,다 예쁜거같음 ㄹㅇ
1780575001550,젠ㄴㄴㄴㄴ나
1780575001665,08 토레스 ㄷㄷ
1780575002300,08 토레스 ㄷㄷㄷㄷ
1780575002338,신라공주 이뻐
1780575002553,이쁘지
1780575003149,17살 쓰ㅃ빡
1780575003659,웃는게 개이쁨
1780575003792,{:d_45:}
1780575003901,아니~
1780575004181,08이라고?
1780575004256,보는눈이 좋아
1780575004454,댕이쁨 ㅋㅋㅋ
1780575004456,체급이
1780575004459,취향 한결같네 ㄹㅇ
1780575004684,야 고윤정
1780575004899,이쁘고 잘함
1780575005041,안원잘부 핟번 봐봐
1780575005129,마 살림차리고싶나
1780575005715,고3이네
1780575005812,이제 비지보이 ㄱㄱㄱㄱㄱㄱ
1780575006079,08년생 진짜에요?
1780575006453,미나미 이쁘던데
1780575007582,양발운전 ㅋ
1780575007755,나이 두배ㄷㄷ
1780575008073,17살 차이라고?
1780575008178,비지 보이... 비지보이...
1780575008584,17살 차이라고? 딸이냐?
1780575008667,비지보이ㄱㄱㄱㄱㄱㄱ
1780575008881,보는 눈이 있네
1780575008992,비지보이가 없네
1780575009447,마 사투리 영상 안봤나?
1780575009514,습박 17살 차이네
1780575009657,나이가 2배라고?
1780575010686,그래서!
1780575010787,비지보이 한번만~
1780575011624,정보) 이생퀴 리센느 들어볼래때 만나서 핀볼이 기억에 남는다 했는데 오늘도 역시나 처음듣는것마냥 리액션하네 ㅋㅋ 지뇨야 너답다
1780575011624,캬
1780575011720,나의 연수 아저씨
1780575011755,08토레스 ㄷㄷ
1780575011777,캬
1780575012129,08토레스는 ㅇㅈ이지
1780575012565,대 선 민
1780575012735,유튜브가 대박났지
1780575012754,대 선 민
1780575012786,비지보이없네
1780575012838,나의 연수
1780575012991,연수아저씨지
1780575013130,파라파라나 춰야겟다
1780575013148,비지찌개 치아라
1780575013299,어어 도 좋아여 ㅎㅎ
1780575013404,그래서!
1780575013666,비지보이 안듣나요
1780575014078,갓 튜 브
1780575014667,캬
1780575014797,사투리 갸우
1780575015125,야호~
1780575015183,비지보이 들어줘
1780575015386,가보자
1780575015604,인마로션도 좋은뎅
1780575015913,비지찌개가 없네
1780575016108,비지찌개 왜 안듣냐
1780575016139,도시테
1780575016184,비지보이 왜없냐
1780575016580,삼촌...
1780575016640,이게 진짜죠 ㅇㅇ..
1780575016651,개인 유튜브
1780575016711,유튜브가 순수체급이 웃김
1780575016793,ㅋㅋㅋㅋㅋㅋㅋㅋㅋㅋㅋㅋ
1780575016815,오 정리 잘해놨다
1780575017140,헉
1780575017173,아직 미성년자야
1780575017177,이제 진짜 알아보기
1780575017247,비지
1780575017331,비지찌개가 먼데
1780575017434,엄
1780575017435,비지찌게는
1780575017738,나의연수아저씨
1780575018159,08년생 ㄷㄷㄷ
1780575018344,08토레스는 ㅇㅈ
1780575018653,ㅋㅋㅋㅋㅋㅋㅋㅋㅋㅋㅋㅋㅋ
1780575018932,{:d_126:}{:d_126:}{:d_126:}{:d_126:}{:d_126:}
1780575018969,어우
1780575019063,뭣
1780575019150,딸이네 그냥
1780575019165,ㄱ-
1780575019219,R-
1780575019220,들어볼래 나와서 유명해짐 ㄷㄷ
1780575019424,헉
1780575019449,거제 야~호
1780575020189,ㄹㅇ이가
1780575020276,진짜에요?
1780575020387,많이 들었다
1780575020405,삼촌 ㄱ-
1780575020632,17살 차이면 딸뻘이네 ㅋㅋ
1780575020698,습박
1780575020822,케이카 ㅋㅋ
1780575020945,ㄱ-;;
1780575021100,갸루
1780575021168,대 선 민
1780575021510,운전연수 ㅋㅋㅋ
1780575022017,야호
1780575022018,{:d_126:}{:d_126:}{:d_126:}
1780575022060,1/2 룩삼
1780575022328,뭣
1780575022447,야호
1780575022535,마 비지보이 함 들어라
1780575022736,아빠
1780575023115,나이 두배 ㅋㅋㅋ
1780575023818,비지노래 들어줘...
1780575024222,그게 왜요
1780575024318,딸벌 ㅋㅋㅋ
1780575024350,{:d_126:}{:d_126:}{:d_126:}{:d_126:}
1780575024400,비지보이가 없네
1780575024569,ㅏ{:d_126:}{:d_126:}
1780575024580,비지보이 한번만 들어주래
1780575024622,케이카
1780575024744,음?
1780575025538,ㄱ-
1780575025800,닌 유튜브도 안보냐?
1780575026576,와
1780575027102,이선민씨하고 나온
1780575027327,우이
1780575027397,나의 연수아저씨
1780575027796,유튭도 이전에 많이 나왔더라
1780575027845,나의 연져씨
1780575027992,ㅋㅋㅋㅋㅋㅋㅋㅋㅋㅋㅋㅋㅋㅋ
1780575028088,역시 룩삼이다
1780575028476,ㅋㅋㅋㅋㅋㅋㅋ
1780575028703,ㅋㅋㅋㅋㅋ
1780575029406,나이 두배 이벤트 ㅋㅋㅋㅋ
1780575029479,ㅋㅋㅋㅋㅋㅋㅋㅋㅋㅋㅋㅋㅋㅋㅋㅋ
1780575029718,ㅋㅋㅋㅋㅋㅋㅋㅋㅋㅋ.
1780575029825,ㄷㅊㄷㅊ
1780575029910,ㅋㅋㅋㅋㅋㅋㅋㅋㅋ
1780575029937,나의 연수아저씨 ㅇㅈ
1780575029973,2/1룩삼 ㄷㄷ
1780575030006,비지보이 꼭ㄷ들ㅇ야ㅘ
1780575030122,까먹은 뇌 ㅋㅋ
1780575030261,유튜브
1780575030473,ㅋㅋㅋㅋㅋㅋㅋ
1780575030834,ㅋㅋㅋㅋㅋㅋㅋㅋㅋㅋ
1780575030993,ㅋㅋㅋㅋㅋㅋㅋㅋㅋㅋㅋㅋㅋㅋㅋㅋㅋㅋㅋㅋㅋㅋㅋㅋㅋ
1780575031046,캬
1780575031047,ㅋㅋㅋㅋㅋㅋㅋㅋㅋ
1780575031204,ㅋㅋㅋㅋㅋㅋㅋㅋㅋㅋ
1780575031235,ㅋㅋㅋㅋㅋㅋㅋㅋㅋㅋㅋㅋㅋㅋㅋㅋㅋ
1780575031390,{:d_126:}{:d_62:}{:d_126:}{:d_62:}
1780575031517,ㅋㅋㅋㅋㅋㅋㅋㅋㅋㅋㅋㅋ
1780575031628,취향이 어디가곘냐고ㅋㅋㅋㅋ
1780575031825,그게 룩삼이야
1780575031860,한결같은거죠
1780575031918,대 선 민 대 영 우
1780575032151,ㅋㅋㅋㅋㅋㅋㅋㅋㅋㅋㅋㅋ
1780575032182,ㅋㅋㅋㅋㅋㅋㅋㅋㅋㅋㅋ
1780575032371,프로야
1780575032469,그냥 까막는 청년
1780575032513,ㅋㅋㅋㅋㅋㅋㅋㅋㅋㅋㅋㅋㅋㅋ
1780575032615,ㅋㅋ그래도기억했다는거임~~
1780575032704,ㅋㅋㅋㅋㅋㅋㅋㅋㅋㅋ
1780575032716,ㅋㅋㅋㅋㅋㅋㅋㅋ
1780575032720,역시 김지뇨다
1780575032841,ㅋㅋㅋㅋㅋㅋㅋ
1780575033093,ㅋㅋㅋㅋㅋㅋㅋㅋㅋ
1780575033148,나랑 20살차이네
1780575033324,이선민
1780575033401,ㄹㅇ ㅋㅋㅋ
1780575033564,케이카 유튜브
1780575033626,개이득이죠?
1780575033692,ㅋㅋㅋㅋㅋㅋㅋㅋ
1780575033761,리액션 goat 두뇌
1780575033797,오이데~~
1780575034014,그저 룩삼
1780575034059,개이득이긴해
1780575034201,ㅋㅋㅋㅋㅋㅋㅋㅋㅋㅋ
1780575034331,ㄱㅇㄷ
1780575034407,개이득
1780575034630,ㄷㅊㄷㅊ
1780575034640,까먹은 뇌
1780575034772,ㅋㅋㅋㅋㅋㅋㅋㅋㅋㅋ
1780575034776,ㄹㅇㅋㅋ
1780575034958,ㅋㅋㅋㅋㅋㅋㅋㅋㅋㅋㅋㅋㅋㅋㅋㅋㅋㅋㅋㅋㅋㅋㅋㅋㅋㅋㅋ
1780575035126,개이득 ㅋㅋㅋ
1780575035190,안들어본 귀 삽니다
1780575035191,ㄱㅇㄷ ㅋㅋ
1780575035229,뇌세척 ㄷㄷ
1780575035280,ㅋㅋㅋㅋㅋㅋㅋㅋㅋㅋㅋㅋㅋㅋㅋㅋㅋㅋㅋㅋ
1780575035321,ㄹㅇㅋㅋ
1780575035442,캬
1780575035487,깨끗한 뇌
1780575035528,일관성 ㅋㅋ
1780575035733,매번 새롭죠?
1780575035844,한결같네
1780575036158,나의 연져씨ㅋㅋ
1780575036230,ㅋㅋㅋㅋㅋㅋㅋㅋㅋㅋㅋㅋㅋㅋㅋㅋㅋㅋㅋ
1780575036232,응 개이득이야
1780575036244,리셋형 뇌
1780575036370,뇌세척 개꿀
1780575036411,ㅋㅋㅋㅋㅋㅋㅋㅋㅋㅋㅋㅋㅋㅋㅋㅋㅋㅋㅋㅋㅋㅋㅋㅋ
1780575036604,ㅋㅋㅋㅋㅋㅋㅋㅋㅋㅋㅋㅋㅋㅋ
1780575036836,ㅋㅋㅋㅋㅋㅋㅋㅋㅋ
1780575037465,매번마다 새롭죠?
1780575037530,ㄱㅇㄷ이죠?
1780575037856,유튜브 최적화 뇌 ㅋㅋㅋㅋ
1780575038117,ㄱㅇㄷ
1780575038180,개이득 ㅋㅋ
1780575038331,언제나 새로워 개이득
1780575038423,리액션 최적화
1780575038426,ㄱㅇㄷ
1780575038441,유튜버 재능
1780575038990,ㅋㅋㅋㅋㅋㅋㅋㅋㅋㅋㅋㅋ
1780575039213,부럽다
1780575039900,쇼츠각 뽑아주시잖아
1780575040079,어울려
1780575040175,축복이다
1780575040604,축복받은 뇌
1780575040635,유튜브 개이득이죠?
1780575040684,ㅋㅋㅋㅋㅋㅋㅋㅋㅋㅋㅋㅋㅋㅋ
1780575040727,맛떼루용~~~
1780575040856,ㄹㅇ임
1780575040862,이미 익숙해
1780575041878,매벙 새로워서 좋겠다 너무 부럽다
1780575041979,그게 재능이야
1780575042279,표백 뇌 ㅋㅋㅋㅋ
1780575042471,월드컵 특화 뇌 억까 모지
1780575042494,안들어본 귀 삽니다~
1780575042498,진짜 라는거임
1780575042563,뇌세척 믿힌
1780575042656,안본뇌 ㄱㅇㄷ
1780575042923,오히려 좋아
1780575043188,한결같은거 ㅋㅋㅋㅋㅋ
1780575043234,유튜브 재능
1780575043255,뇌 리셋 부럽다
1780575043795,안들은 뇌 삽니다
1780575043822,트루리셋
1780575044005,찐 재능이야
1780575044399,이선민 원이를 몰라?
1780575044506,매번 새로운 청년
1780575044814,리액션 최적화
1780575045047,축복받은 뇌
1780575045085,늘 새로워
1780575045175,룩삼 야호~
1780575045196,ㅋㅋㅋㅋㅋㅋㅋㅋㅋㅋㅋ
1780575045358,언제나 처음듣는듯이 리액션 가능
1780575045488,하트어택 안들음 아직
1780575045769,플로피디스크
1780575046197,진짜 안들은 뇌 사는거임 ㅋㅋㅋㅋ
1780575047096,축복받은 뇌
1780575047955,취향은 한결같네
1780575047997,맛떼루용
1780575048037,일관적임
1780575048742,인마이로션도 좋다던데
1780575049191,세척기능ㅋㅋㅋ
1780575049491,존재하지 않는 기억
1780575049590,안들은 뇌 산거임
1780575049666,안 들어본 귀
1780575050194,진짜 재능
1780575050639,뇌가 ROM ㅋㅋ
1780575051136,리액션 전문 ;;
1780575051356,리셋
1780575052017,하트어택은 언제등음?
1780575052119,{:d_46:}{:d_46:}{:d_46:}
1780575052303,진짜 안들은 뇌처럼ㅋㅋ
1780575052759,기억 짬때리기
1780575054372,ㅋㅋㅋㅋㅋㅋㅋㅋㅋㅋㅋ
1780575054504,하트어택 안들음?
1780575054735,님은 항상 똑같은거같음 ㅋㅋ
1780575056878,ㅋㅋㅋㅋㅋㅋㅋㅋㅋㅋ
1780575059123,설윤 추천곡
1780575059245,새로운 챔피언 못해 이제
1780575059260,5위..알..알츠하이머
1780575059412,뇌가 플로피
1780575059884,ㅇㅈ
1780575060123,하트어택 첨에 들음
1780575060274,취향은 한결같음
1780575060321,맞음 대부분 비슷함 ㅋㅋ
1780575060834,?
1780575060901,안들은귀 찾습니다 안해도된다는거임
1780575060932,ㄹㅇ
1780575061386,ㅇㅈ
1780575061477,라드를 좀 늘었어 ㄹㅇ
1780575061499,ㄹㅇ
1780575061616,캬
1780575061635,ㄹㅇ
1780575061680,하트어택은 없는 거예요
1780575061974,ㄹㅇ
1780575062104,축뇌? 축귀?
1780575062193,ㅇㅈ
1780575062292,늘긴했어
1780575062348,ㄹㅇㅋㅋ
1780575062387,입원후
1780575062483,발
1780575062516,라드가뭐야
1780575062833,ㅇㅈ
1780575062944,ㅇㅈ
1780575063100,ㅋㅋㅋㅋㅋ
1780575063595,ㄹㅇ
1780575063658,안들은 뇌가 공짜야..?
1780575063783,야뀐 룩삼
1780575063819,RAM 휘발성 기억장치 뇌
1780575063854,ㅇㅈ
1780575063939,라드력이 좀 늘었어 ㅇㅇ
1780575064526,ㅋㅋㅋㅋㅋㅋㅋ
1780575064562,{:d_126:}
1780575064903,아 러브어택인가?
1780575064915,아 첨에
1780575065009,그건 ㅇㅈ
1780575065186,ㅈ 라 드
1780575065329,사람은 변하기 마련이야
1780575065661,에겐 슬슬 나오는중 ㅋㅋ
1780575066120,라드요?
1780575066527,뭐 라드력?
1780575066540,하트어택 안들음
1780575066751,돈맛봤네 ㅋㅋㅋ
1780575066849,너 라드력 그거 다 허수잖아
1780575067066,라드 많이 늘었어
1780575067341,발 라드
1780575067461,큰병을 앓고 난후
1780575067805,입원후 ㅇㅇ
1780575067953,라드력 조금 늘음
1780575068133,돼지기름
1780575068499,라드 월드컵때문에?
1780575068563,조금 늘었어 입원후에
1780575069519,너 라며든거야
1780575069795,근라드;
1780575069819,진짜 늘었어
1780575069927,갓라드
1780575070224,그런거같긴해 좀 야뀐 느낌
1780575070516,라드력 좀 성장하긴 했어
1780575070653,기름이저씨
1780575071296,라드 뮤지엄
1780575071395,라드 ㅋㅋㅋ
1780575071601,에스트로겐 ..
1780575072080,이제 청국장 잘먹음?
1780575072638,연수아저씨 존잼 ㅋㅋ
1780575073237,에겐남 되어가는거야 그거
1780575073340,여기서부터 서서히 뜬 거임
1780575073520,에겐력
1780575073743,나도 연수아저씨로 알았는데
1780575073926,에겐력이 올랐다
1780575074164,코자호르몬
1780575074309,케이팝 만이들어서 그런가 멜로디에 조금씩 반응함
1780575075844,3시간전 공식에 신곡 올라옴
1780575076393,라드 돼지기름 임마 이걸 몰라
1780575076447,나의 연수아저씨
1780575076802,ㅇㅋㅇㅋ
1780575076890,저게 ㅈㄴ 웃김
1780575076956,이제 나ㅣ이든거지
1780575076956,대동숙
1780575076963,저거 재밌음
1780575076970,ㅇㅋㅇㅋ
1780575077203,오키오키
1780575077219,라드가 건강에도 좋다더라
1780575077460,오키오키 ㅋㅋ
1780575077542,오키오키 ㅋㅋ
1780575078601,?
1780575078666,ㅇㅋㅇㅋ
1780575078797,ㅇㅋㅇㅋ
1780575078823,ㅇㅋㅇㅋ
1780575078923,오키오키
1780575078947,동수칸 월드컵 이후 성장함
1780575079495,ㅇㅋㅇㅋ?
1780575079516,오키오키
1780575079711,오키오키 ㅇㅈㄹ ㅋㅋ
1780575079890,오키오키는 ㅋㅋㅋ
1780575080034,징징라든만 아니면 되나
1780575080110,오키오키
1780575080246,근데 거의 알엔비 아님?
1780575080306,ㅇㅋㅇㅋ
1780575080315,오키오키는 습박;
1780575080478,나의 연수 아저씨
1780575080593,ㅋㅋㅋㅋㅋㅋ이거 웃김
1780575080714,연져씨
1780575080886,ㅇㅋㅇㅋ ㅇㅈㄹ ㅋㅋ
1780575081010,?ㅋㅋㅋㅋ
1780575081092,ㅋㅋㅋㅋㅋㅋㅋㅋㅋㅋㅋ
1780575081333,오키오키
1780575081453,ㅋㅇㅋ?
1780575081664,ㅇㅋㅇㅋ
1780575082293,ㅇㅋㅇㅋ
1780575082855,ㅇㅋㅇㅋ
1780575083466,나도 이게 정주행했는데 개재밌음
1780575083571,대 선 민
1780575083904,ㅇㅋㅇㅋ
1780575083943,ㅋㅇㅋ
1780575084122,ㅇㅋㅇㅋ
1780575084125,저거 재밋음
1780575084772,ㅋㅋㅋㅋ
1780575085833,ㅋㅋㅋㅋㅋㅋㅋ
1780575085861,스튜디 오키오키
1780575085898,ㅇㅋㅇㅋ
1780575086160,스튜디 오키오키
1780575086335,양발 ㅋㅋㅋㅋ
1780575086846,ㅇㅋㅇㅋ
1780575086913,양발운전을
1780575087063,양발 ㄷㄷ
1780575087879,ㅇㅋㅇㅋ
1780575088381,엄청 재미있음 ㅋㅋㅋ웃김
1780575088808,헉
1780575088983,?
1780575089174,이거 먼저봤었는데
1780575089252,여러군데 많이 나왔더라
1780575089431,ㅋㅋㅋㅋㅋ
1780575089580,이거 개재밌음
1780575089605,양발?
1780575089902,꿀잼임
1780575089926,ㅋㅋㅋㅋㅋㅋㅋㅋㅋㅋㅋㅋㅋㅋㅋㅋ
1780575089997,ㄷㄷ
1780575090365,ㄷㄷ
1780575090610,저게 ㅈㄴ웃김
1780575090685,양발운전...
1780575091062,???
1780575091339,글을 아주 지 멋대로 읽는구나
1780575091400,ㅋㅋㅋㅋㅋㅋ
1780575091708,?
1780575091825,ㅋㅋㅋㅋㅋㅋㅋㅋㅋㅋㅋㅋㅋㅋㅋㅋㅋㅋㅋㅋㅋㅋㅋㅋㅋㅋㅋㅋㅋㅋㅋㅋㅋㅋㅋㅋㅋㅋㅋㅋㅋ
1780575091884,이선민씨 잘해
1780575091898,재밌음ㅋㅋㅋㅋ
1780575091937,이건 좀..
1780575092572,안 볼 수 없겠죠
1780575092601,개웃김 저거
1780575092701,대 선 민
1780575092759,이거 재밋음 ㅋㅋㅋㅋㅋㅋ
1780575092781,양발운전 ㄷㄷ
1780575093418,헉
1780575093503,ㅋㅋㅋㅋㅋㅋ
1780575093875,양발운전
1780575093976,양발운전....?
1780575094186,이거 먼저 봤음
1780575094229,진짜 목숨걸고 방송함
1780575094593,쭉 파보면 개재밌음
1780575094712,걍 웃김 저거
1780575094754,?
1780575094845,첫날이니까
1780575095074,dk
1780575095289,이거 이선민이 웃겨서
1780575095724,파이리 ㅋㅋ
1780575096178,헉
1780575096292,ㅋㅋㅋㅋㅋㅋㅋㅋㅋ
1780575097159,쉽지않네
1780575097380,개웃김 이거
1780575097681,양발 운전 ㅋㅋㅋㅋㅋㅋ
1780575097993,양발운전은 10
1780575098156,ㅋㅋㅋㅋㅋㅋㅋㅋㅋ
1780575098183,원이 개귀여움
1780575098976,헉
1780575099210,ㅋㅋㅋㅋ
1780575099220,대 흥 민
1780575099514,뭣
1780575099759,ㅋㅋㅋㅋㅋ
1780575100356,{:d_126:}{:d_126:}{:d_126:}
1780575100380,안될거 없제
1780575100461,F1 이냐
1780575100678,?
1780575100710,엄..
1780575100741,헉
1780575100917,헉
1780575101034,ㅋㅋㅋㅋㅋㅋㅋㅋㅋㅋ
1780575101111,로고 맞추기로 입문햇는데 나는 ㅋㅋ
1780575101132,?
1780575101195,ㅋㅋㅋㅋㅋㅋㅋㅋㅋㅋㅋㅋ
1780575101222,ㅋㅋㅋㅋㅋㅋㅋ
1780575101228,ㅋㅋㅋㅋㅋㅋㅋㅋㅋㅋㅋㅋ
1780575101551,ㅋㅋㅋㅋㅋㅋㅋㅋㅋ
1780575101846,헉
1780575101880,ㅋㅋㅋㅋㅋㅋㅋㅋㅋㅋ
1780575101910,ㄷㄷㄷ
1780575101915,ㅋㅋㅋㅋㅋㅋㅋㅋㅋㅋㅋㅋ
1780575101986,ㅋㅋㅋ
1780575102099,ㅋㅋㅋㅋㅋㅋㅋㅋㅋ
1780575102104,ㅋㅋㅋㅋㅋㅋ
1780575102120,원이양....
1780575102138,ㅋㅋㅋㅋㅋㅋㅋㅋㅋㅋㅋ
1780575102160,ㅋㅋㅋㅋㅋㅋㅋㅋㅋㅋㅋ
1780575102248,이거 시간 ㅈㄴ 잘감 보다보면
1780575102257,ㅋㅋㅋㅋㅋㅋㅋㅋㅋㅋㅋㅋ
1780575102263,ㅋㅋㅋㅋㅋㅋㅋㅋㅋㅋㅋㅋㅋㅋㅋㅋㅋㅋㅋ
1780575102356,뭣
1780575102444,ㅋㅋㅋㅋㅋㅋㅋ
1780575102484,맞긴해
1780575102505,앜ㅋㅋㅋㅋ
1780575102524,진짜 용감하다ㅋㅋ
1780575102528,ㅋㅋㅋㅋㅋㅋㅋㅋㅋㅋㅋㅋㅋㅋ
1780575102538,ㅋㅋㅋㅋ
1780575102708,ㅋㅋㅋㅋㅋㅋㅋㅋㅋㅋㅋㅋㅋㅋ
1780575102714,ㅋㅋㅋㅋㅋㅋㅋ
1780575102763,ㅋㅋㅋㅋㅋㅋㅋㅋ
1780575102813,쏘 쿨~
1780575102853,ㅋㅋㅋㅋㅋㅋㅋ
1780575102867,웟
1780575102936,ㅋㅋㅋㅋㅋㅋㅋㅋㅋㅋㅋㅋㅋㅋㅋ
1780575102997,뭣
1780575103007,ㅋㅋㅋㅋㅋㅋㅋㅋㅋㅋㅋ
1780575103011,ㄷㄷㄷ
1780575103076,안될건없죠
1780575103103,크아아아악
1780575103112,ㅋㅋㅋㅋㅋㅋㅋㅋㅋㅋㅋㅋㅋㅋ
1780575103116,ㅋㅋㅋㅋㅋㅋㅋㅋㅋㅋㅋㅋㅋㅋㅋㅋㅋㅋㅋㅋ
1780575103143,ㅋㅋㅋㅋㅋㅋㅋㅋㅋㅋㅋ
1780575103170,ㅋㅋㅋㅋㅋㅋㅋㅋㅋㅋㅋㅋㅋㅋ
1780575103229,ㅋㅋㅋㅋㅋㅋㅋㅋㅋㅋㅋ
1780575103252,ㅋㅋㅋㅋㅋㅋㅋㅋㅋㅋㅋㅋㅋㅋㅋ
1780575103276,ㅋㅋㅋㅋㅋㅋㅋㅋㅋㅋㅋ
1780575103315,캬
1780575103370,뭣
1780575103953,ㅋㅋㅋㅋㅋㅋㅋㅋㅋㅋㅋㅋㅋㅋㅋㅋㅋㅋㅋㅋㅋㅋ
1780575104006,{:d_126:}
1780575104015,ㅋㅋㅋㅋㅋㅋㅋㅋㅋㅋㅋㅋㅋ
1780575104021,헉
1780575104056,ㅋㅋㅋㅋㅋㅋㅋㅋㅋㅋㅋ
1780575104068,ㄱ-
1780575104073,ㅋㅋㅋㅋㅋㅋㅋㅋ
1780575104094,ㅋㅋㅋㅋㅋㅋㅋㅋㅋㅋㅋㅋㅋㅋㅋㅋㅋㅋㅋㅋㅋㅋㅋ
1780575104172,될 것도 없어요
1780575104202,ㅋㅋㅋㅋㅋㅋㅋㅋㅋㅋㅋㅋ
1780575104210,하 ㄱ
1780575104224,될것도 없어요 ㅋㅋㅋ
1780575104232,ㅋㅋㅋㅋㅋㅋㅋㅋㅋㅋㅋㅋㅋㅋㅋㅋㅋㅋㅋㅋㅋㅋㅋㅋ
1780575104234,으악
1780575104243,안될건없지
1780575104259,ㅋㅋㅋㅋㅋㅋㅋㅋㅋ
1780575104261,ㅋㅋㅋㅋㅋㅋㅋㅋㅋㅋㅋㅋㅋㅋ
1780575104288,ㅋㅋㅋㅋㅋㅋㅋㅋㅋㅋㅋㅋㅋㅋㅋㅋㅋㅋㅋㅋㅋㅋㅋㅋ
1780575104353,ㅋㅋㅋㅋㅋㅋㅋㅋㅋㅋㅋㅋㅋ
1780575104360,ㅋㅋㅋㅋㅋㅋㅋㅋㅋㅋ
1780575104478,ㅋㅋㅋㅋㅋㅋㅋㅋㅋㅋㅋㅋ
1780575104523,맞긴해
1780575104553,ㅋㅋㅋㅋㅋㅋㅋㅋㅋㅋㅋㅋ
1780575104604,why not?
1780575104605,헉
1780575104608,ㅋㅋㅋㅋㅋㅋㅋㅋ
1780575104642,ㅋㅋㅋㅋㅋㅋㅋㅋㅋ
1780575104695,ㅋㅋㅋㅋㅋㅋㅋㅋㅋㅋㅋㅋㅋ
1780575104740,ㅋㅋㅋㅋㅋㅋㅋㅋㅋㅋ
1780575104746,안될건없지 ㅇㅇ;
1780575104770,ㅋㅋㅋㅋㅋㅋ
1780575104840,ㅋㅋㅋㅋㅋㅋㅋㅋ
1780575104873,?
1780575104927,ㅋㅋㅋㅋㅋㅋㅋㅋㅋㅋㅋㅋㅋㅋㅋㅋㅋㅋㅋ
1780575105051,ㅋㅋㅋㅋㅋㅋㅋㅋ
1780575105121,ㅋㅋ안될건없짘ㅋ
1780575105173,ㅋㅋㅋㅋㅋㅋㅋ
1780575105230,헉
1780575105297,ㅋㅋㅋㅋ
1780575105346,벌써웃기네
1780575105415,그....렇긴 하죠
1780575105441,ㅋㅋㅋㅋㅋㅋ
1780575105524,헉....
1780575105541,ㅋㅋㅋㅋㅋㅋㅋㅋㅋㅋㅋ
1780575105577,{:d_135:}
1780575105601,안될것 없긴한데 이게 ...
1780575105668,ㅋㅋㅋㅋㅋㅋㅋㅋㅋㅋㅋㅋㅋㅋ
1780575105692,ㅋㅋㅋㅋㅋㅋㅋㅋㅋㅋㅋㅋㅋㅋㅋㅋㅋ
1780575105725,안될거 없죠
1780575105756,안될건 없긴하지
1780575105803,ㅋㅋㅋㅋㅋㅋㅋ
1780575105954,맞긴해
1780575106032,ㅋㅋㅋㅋㅋㅋㅋㅋㅋ
1780575106083,{:d_106:}
1780575106143,헉
1780575106171,f1 마인드
1780575106214,당당 ㅋㅋㅋ
1780575106237,f1은 그렇게해
1780575106264,허억
1780575106365,ㅋㅋㅋㅋㅋㅋㅋㅋㅋㅋㅋㅋ
1780575106464,ㅋㅋㅋㅋㅋㅋㅋㅋㅋㅋㅋㅋㅋㅋㅋㅋ
1780575106510,될것도 없어요
1780575106599,대 선 민
1780575106625,될것도 없죠
1780575106720,{:d_126:}{:d_126:}{:d_126:}{:d_126:}{:d_126:}{:d_126:}{:d_126:}
1780575106731,ㅋㅋㅋㅋㅋㅋㅋㅋㅋ
1780575106751,예능감이 좋아
1780575106786,ㅋㅋㅋㅋㅋㅋㅋㅋㅋ
1780575106799,ㅋㅋㅋㅋㅋㅋㅋ
1780575106844,ㅋㅋㅋㅋㅋㅋㅋㅋㅋㅋㅋㅋㅋㅋㅋㅋㅋㅋㅋㅋㅋㅋㅋㅋㅋㅋㅋㅋㅋㅋ
1780575107000,ㅋㅋㅋㅋㅋㅋㅋㅋㅋㅋㅋㅋㅋㅋㅋㅋㅋ
1780575107043,귀엽
1780575107058,ㅋㅋㅋㅋㅋㅋㅋㅋㅋㅋㅋㅋ
1780575107073,될것도 없어요
1780575107324,될 것도 없어요
1780575107443,캬
1780575107555,ㅋㅋㅋㅋㅋㅋㅋㅋㅋㅋㅋㅋ
1780575108057,안될건 없다 ㅋㅋㅋㅋㅋㅋㅋ
1780575108158,ㅋㅋㅋㅋㅋㅋㅋㅋㅋㅋㅋㅋㅋㅋ
1780575108309,안될건 없지 ㅇㅇ
1780575108526,안 됩니다
1780575108532,안될것 없죠!
1780575108548,ㅋㅋㅋㅋㅋㅋㅋㅋㅋㅋㅋㅋㅋㅋㅋㅋㅋㅋㅋㅋㅋㅋㅋㅋ
1780575108749,ㅋㅋㅋㅋㅋㅋㅋㅋㅋㅋㅋㅋㅋㅋㅋㅋㅋㅋㅋ
1780575109160,ㅋㅋㅋㅋㅋㅋㅋㅋㅋㅋㅋㅋ
1780575109356,대선민 ㅋㅋㅋㅋㅋ
1780575109392,쌩초보라
1780575109542,ㅋㅋㅋㅋㅋㅋㅋㅋㅋㅋㅋㅋ
1780575109559,ㅋㅋㅋㅋㅋㅋㅋㅋㅋㅋㅋㅋㅋ
1780575109693,f1 무시하냐
1780575109944,거침없는
1780575110057,ㅋㅋㅋㅋㅋㅋㅋㅋㅋ
1780575110105,안될건 없지
1780575110430,하면 하지
1780575110455,안될건 없긴하지 불법은아니니까
1780575110496,그렇긴해
1780575110598,면허 따기 전임ㅋㅋ
1780575111003,ㅋㅋㅋㅋㅋㅋㅋ
1780575111023,안될건없지 음음
1780575111059,될 것도 없어요
1780575111060,안될건 없죠\
1780575111121,ㅋㅋㅋㅋㅋㅋㅋㅋㅋㅋㅋㅋ
1780575111218,마치 페라리
1780575111451,개그맨은 다르다
1780575111542,안될건없긴하지
1780575111792,대 선 민 ㅋㅋㅋㅋ
1780575111884,될것도 없어요 ㅋㅋㅋㅋㅋ
1780575111980,될 것도 없어요 ㅋㅋㅋㅋㅋㅋㅋㅋ
1780575111985,{:d_106:}{:d_106:}{:d_106:}{:d_106:}
1780575112094,MZ
1780575112123,열린사고
1780575112640,안될건 없다 ㅋㅋㅋㅋㅋㅋㅋㅋㅋㅋㅋㅋㅋㅋㅋ
1780575112882,ㅋㅋㅋㅋㅋㅋㅋㅋㅋㅋㅋㅋ
1780575113122,안될건없죠 팩트긴 해 ㅋㅋ
1780575113184,안될건 없죠!
1780575113258,{:d_134:}{:d_134:}{:d_134:}{:d_134:}
1780575113486,밥줍니꺼
1780575113511,f1은 하는데
1780575114372,ㅋㅋㅋ
1780575114376,ㅋㅋㅋㅋㅋㅋㅋㅋㅋㅋㅋ
1780575114376,할려면 하지
1780575114413,ㅋㅋㅋㅋㅋㅋㅋㅋㅋㅋㅋㅋㅋㅋㅋㅋㅋ
1780575114721,ㅋㅋㅋㅋㅋㅋㅋ
1780575114803,ㅋㅋㅋㅋ
1780575114818,ㅋㅋㅋㅋㅋㅋㅋㅋㅋ
1780575114876,될것도 없어요 ㅋㅋㅋㅋㅋ
1780575114969,안될건없긴해 ㅋㅋㅋ
1780575115010,ㅋㅋㅋㅋㅋㅋㅋㅋㅋㅋ
1780575115050,ㅋㅋㅋㅋㅋㅋㅋㅋㅋㅋㅋㅋㅋㅋㅋㅋㅋ
1780575115057,ㅋㅋㅋㅋㅋㅋㅋㅋㅋㅋㅋㅋ
1780575115119,ㅋㅋㅋㅋㅋㅋㅋㅋㅋㅋㅋ
1780575115202,ㅋㅋㅋㅋㅋㅋㅋㅋㅋㅋㅋ
1780575115228,ㅋㅋㅋㅋㅋㅋㅋㅋㅋㅋㅋㅋㅋㅋㅋㅋㅋㅋㅋㅋ
1780575115366,안될건없지
1780575115398,ㅋㅋㅋ
1780575115445,ㅋㅋㅋㅋㅋㅋㅋㅋㅋ
1780575115525,ㅋㅋㅋㅋㅋㅋㅋㅋㅋㅋㅋ
1780575115618,될것도 없어요 ㅋㅋㅋㅋㅋㅋㅋㅋㅋㅋㅋㅋ
1780575115711,ㅋㅋㅋㅋㅋㅋㅋㅋㅋㅋㅋㅋㅋㅋㅋㅋㅋㅋㅋㅋㅋㅋ
1780575115713,ㅋㅋㅋㅋㅋㅋㅋㅋㅋㅋㅋㅋㅋㅋㅋㅋ
1780575115733,ㅋㅋㅋㅋㅋㅋㅋㅋㅋㅋㅋ
1780575115748,ㅋㅋㅋㅋㅋㅋㅋㅋㅋㅋㅋㅋㅋㅋㅋㅋ
1780575115758,ㅋㅋㅋㅋㅋㅋㅋㅋㅋㅋㅋㅋㅋㅋㅋㅋㅋㅋㅋㅋㅋㅋㅋㅋㅋㅋ
1780575115822,ㅋㅋㅋㅋㅋㅋㅋㅋㅋㅋㅋ
1780575115843,맞긴해
1780575115944,ㅋㅋㅋㅋㅋㅋㅋㅋㅋㅋㅋㅋㅋㅋㅋㅋㅋㅋㅋㅋㅋㅋㅋㅋㅋㅋㅋㅋㅋㅋㅋㅋㅋㅋㅋ
1780575116041,ㅋㅋㅋㅋㅋㅋㅋㅋㅋㅋㅋ
1780575116192,ㅋㅋㅋㅋㅋㅋㅋㅋㅋㅋㅋㅋㅋㅋㅋㅋ
1780575116217,ㅋㅋㅋㅋㅋㅋㅋㅋㅋㅋㅋㅋㅋㅋㅋㅋㅋㅋㅋㅋ
1780575116310,ㅋㅋㅋㅋㅋㅋㅋㅋㅋㅋㅋㅋㅋㅋㅋㅋ
1780575116412,안될건없죠ㅋㅋㅋㅋㅋㅋㅋㅋㅋ
1780575116521,음
1780575116552,팩-트
1780575116592,될것도 없어요 ㅋㅋㅋㅋㅋㅋㅋㅋㅋㅋㅋ
1780575116612,이선민 ㅋㅋㅋㅋㅋㅋㅋㅋㅋㅋㅋㅋㅋㅋㅋㅋ
1780575116758,ㅋㅋㅋㅋㅋㅋㅋㅋㅋㅋㅋㅋㅋㅋㅋㅋㅋㅋㅋㅋㅋ
1780575116777,ㅋㅋㅋㅋㅋㅋㅋㅋ
1780575116827,킹 선 민
1780575116862,이선민캐리긴해
1780575116957,밥줍니까
1780575116967,ㅋㅋㅋㅋㅋㅋㅋㅋㅋㅋㅋ
1780575116998,ㅋㅋㅋㅋㅋㅋㅋㅋㅋㅋ
1780575117231,대 선 민
1780575117240,될 것도 없어요 ㅋㅋㅋㅋㅋㅋㅋㅋㅋㅋ
1780575117268,될 것도 없어요...!
1780575117384,ㅋㅋㅋㅋㅋㅋㅋㅋ
1780575117521,3명이 케미가 좋음
1780575117578,ㅋㅋㅋㅋ
1780575117832,ㅋㅋㅋㅋㅋㅋㅋㅋㅋㅋㅋㅋㅋㅋㅋㅋㅋㅋㅋㅋㅋㅋㅋㅋㅋㅋ
1780575117899,ㅋㅋㅋㅋㅋㅋㅋㅋㅋㅋㅋㅋ
1780575118156,저거 개웃기던데 ㅋㅋㅋ
1780575118207,ㅋㅋㅋㅋㅋㅋㅋㅋㅋㅋㅋ
1780575118462,ㅋㅋㅋㅋㅋㅋㅋㅋㅋㅋㅋ
1780575118508,ㅋㅋㅋㅋㅋㅋㅋㅋㅋㅋㅋㅋㅋ
1780575118700,대 선 민
1780575118765,이선민 ㄹㅇ 개웃김여기서 ㅋㅋ
1780575118828,될것도없어요 ㅋㅋㅋㅋㅋㅋ
1780575118891,안돼요~
1780575119022,대 선 민
1780575119147,하면하지
1780575119461,면허는 딴건가 ㅋㅋㅋ
1780575119732,이선민 ㅋㅋㅋㅋㅋㅋㅋㅋㅋㅋㅋ
1780575120225,ㅋㅋㅋㅋㅋㅋㅋㅋ
1780575120235,ㅋㅋㅋㅋㅋㅋㅋㅋㅋㅋㅋㅋㅋㅋ
1780575120312,안될건 없긴해  문제생길확률이 높아질뿐 ㅋㅋ
1780575120722,ㅋㅋㅋㅋㅋㅋㅋㅋㅋㅋㅋㅋㅋ
1780575120725,ㅋㅋㅋㅋㅋㅋㅋㅋㅋㅋㅋㅋ
1780575120867,대 선 민
1780575120997,안될긴 없긴 해 ㅋㅋㅋ
1780575121218,ㄹㅇ
1780575121372,순수하네 진짜
1780575121737,될 것도 없어요 ㅋㅋㅋㅋ
1780575121956,될것도 없어!
1780575122364,퍼펭
1780575122484,대 선 민
1780575122652,ㅋㅋㅋㅋㅋㅋㅋㅋㅋㅋㅋㅋㅋㅋㅋㅋㅋㅋㅋㅋㅋㅋㅋㅋㅋㅋ
1780575122657,ㅋㅋㅋㅋㅋㅋㅋㅋㅋㅋㅋㅋㅋㅋㅋㅋㅋㅋ
1780575122690,ㅋㅋㅋㅋㅋㅋㅋ
1780575122763,{:d_106:}{:d_106:}{:d_106:}
1780575123432,ㅋㅋㅋㅋㅋㅋㅋ
1780575123453,대 선 민
1780575123596,대 선 민
1780575123889,이선민 미쳤어
1780575124506,원이 ㅋㅋㅋ
1780575124583,이선민 진짜 개웃김 ㅋㅋㅋ
1780575124688,반면 이선민웃김
1780575124721,될 거 없긴하지
1780575124749,될 것도 없대 ㅋㅋㅋㅋㅋㅋㅋㅋ
1780575125050,ㅋㅋㅋㅋ 세명 캐미 쩔어
1780575125276,하면 하는 거지
1780575126150,F1은 쌉가능
1780575126209,ㅋㅋㅋㅋㅋㅋㅋㅋㅋㅋㅋㅋㅋㅋㅋㅋㅋㅋㅋㅋㅋㅋㅋㅋㅋ
1780575126839,안될게 없긴해
1780575126876,퍼스트펭귄은 달라
1780575126970,전설의 시작
1780575127211,셋이 케미가 좋음 ㅋㅋ
1780575127264,이선민 니쥬까는거봐라 ㅋㅋ
1780575128083,선수는 하긴해 ㅋㅋㅋㅋ
1780575128123,이선민 ㅋㅋㅋㅋ
1780575128198,대선민
1780575129373,대 선 민
1780575129921,가끔 몸 고장날 때가 있음 자전거 탈 때도
1780575130768,정동혁씨 잘치네
1780575131366,대선민
1780575131934,ㅋㅋㅋㅋ
1780575132603,대선민
1780575133224,애초에 브레이크 위에 발을 올려두는거 부터가
1780575133460,캬ㅑㅑ
1780575134403,캬
1780575134436,메시 ㄷㄷ
1780575134481,ㅋㅋㅋㅋㅋㅋㅋㅋ
1780575134780,?
1780575134832,?
1780575134875,헉
1780575135058,ㅋㅋㅋㅋㅋㅋㅋㅋㅋ
1780575135144,캬
1780575135319,ㅋㅋㅋㅋㅋㅋㅋㅋㅋ
1780575135953,왼발잡이 ㅋㅋㅋㅋㅋㅋㅋㅋㅋㅋㅋㅋㅋㅋㅋ
1780575136178,ㅋㅋㅋㅋㅋㅋㅋㅋㅋㅋㅋㅋㅋㅋㅋㅋ
1780575136536,ㅋㅋㅋㅋㅋㅋㅋㅋㅋㅋ
1780575136542,???
1780575136634,ㅋㅋㅋㅋㅋㅋㅋ
1780575136842,ㅋㅋㅋㅋㅋㅋㅋㅋㅋㅋㅋㅋ
1780575136977,라보나
1780575137055,ㅋㅋㅋㅋㅋㅋㅋㅋㅋㅋㅋㅋ
1780575137191,ㅋㅋㅋㅋㅋㅋㅋㅋㅋㅋㅋㅋ
1780575137225,ㅋㅋㅋㅋㅋ
1780575137240,ㅋㅋㅋㅋㅋㅋ
1780575137304,창의적이네
1780575137381,메시는 어떡해 ㅜㅜㅜ
1780575137395,ㅋㅋㅋㅋㅋㅋ
1780575137417,ㅋㅋㅋㅋㅋㅋㅋㅋㅋㅋ
1780575137424,ㅋㅋㅋㅋㅋㅋㅋㅋㅋㅋㅋㅋㅋㅋㅋㅋ
1780575137441,ㅋㅋㅋㅋㅋㅋㅋㅋㅋㅋ
1780575137607,ㅋㅋㅋㅋㅋㅋㅋㅋㅋㅋㅋㅋㅋㅋㅋ
1780575137639,ㅋㅋㅋㅋㅋㅋㅋㅋㅋㅋㅋ
1780575137898,ㅋㅋㅋㅋㅋㅋㅋㅋㅋㅋㅋㅋㅋㅋㅋㅋㅋㅋㅋㅋㅋㅋㅋㅋㅋㅋㅋㅋㅋㅋㅋㅋㅋㅋㅋㅋㅋㅋㅋㅋㅋㅋㅋㅋㅋㅋㅋㅋㅋㅋㅋㅋㅋㅋㅋㅋㅋㅋㅋㅋㅋㅋㅋㅋㅋㅋㅋㅋㅋㅋㅋㅋㅋㅋㅋㅋ
1780575138343,ㅋㅋㅋㅋㅋ
1780575138365,ㅋㅋㅋㅋㅋㅋㅋㅋㅋㅋㅋㅋㅋ
1780575138432,ㅋㅋㅋㅋㅋㅋㅋㅋㅋㅋㅋㅋㅋ
1780575138529,ㅋㅋㅋㅋㅋㅋㅋㅋ
1780575138595,ㅋㅋㅋㅋㅋㅋㅋㅋㅋㅋㅋㅋ
1780575138652,ㅋㅋㅋㅋㅋㅋㅋㅋㅋㅋㅋㅋㅋㅋㅋㅋㅋㅋㅋㅋㅋ
1780575138731,ㅋㅋㅋㅋㅋㅋ
1780575138806,왼발잡이 ㅋㅋㅋㅋㅋㅋㅋ
1780575138899,왼발잡이 ㅋㅋㅋㅋㅋㅋ
1780575138947,ㅋㅋㅋㅋㅋㅋ
1780575138985,왼발잡이 ㅋㅋㅋㅋㅋㅋ
1780575139298,ㅋㅋㅋㅋㅋㅋㅋㅋㅋㅋㅋㅋㅋㅋㅋㅋㅋ
1780575139363,ㅋㅋㅋㅋㅋㅋㅋㅋㅋㅋㅋㅋ
1780575139507,ㅋㅋㅋㅋㅋㅋㅋㅋㅋㅋ
1780575139703,ㅋㅋㅋㅋㅋㅋㅋㅋㅋㅋㅋㅋㅋㅋㅋㅋㅋㅋㅋㅋㅋㅋㅋㅋ
1780575139916,ㅋㅋㅋㅋㅋㅋㅋㅋㅋㅋㅋㅋㅋㅋㅋㅋㅋㅋㅋㅋㅋㅋㅋㅋ
1780575140024,라보나 운전
1780575140706,나이트
1780575140749,창의적인 멘트
1780575140812,개웃겨 ㅋㅋ
1780575140947,새초롬하네
1780575141177,메시!
1780575141315,ㅋㅋㅋㅋㅋ
1780575141332,대선민
1780575141486,메시 생각까지
1780575141823,예리하다
1780575141907,아오 구토견
1780575142024,ㅋㅋㅋㅋㅋㅋㅋㅋ
1780575142080,예리해
1780575142189,ㅋㅋㅋㅋㅋㅋㅋㅋ
1780575142513,양발쓰라고
1780575142527,ㅋㅋㅋㅋㅋㅋㅋㅋㅋㅋ
1780575142767,논파
1780575142790,왼발잡이는 어째요
1780575142805,메 갓
1780575142852,ㅋㅋㅋㅋㅋㅋㅋㅋㅋㅋㅋㅋㅋㅋ
1780575142944,왼발잡이 ㅋㅋ
1780575143076,ㅋㅋㅋㅋㅋㅋㄴㄴ
1780575143141,?
1780575143182,메시 ㅋㅋㅋㅋㅋ\
1780575143187,라보나운전
1780575143331,이선민이 개웃김
1780575143426,룩삼과다
1780575143579,왼발잡이가 뭐임
1780575143689,선민이햄
1780575143726,열려있음
1780575143757,ㄹㅇ
1780575143784,ㅋㅋㅋㅋㅋㅋㅋㅋㅋㅋㅋㅋㅋㅋㅋㅋㅋㅋㅋㅋㅋㅋㅋㅋㅋㅋㅋㅋㅋㅋㅋㅋ
1780575143829,근데?
1780575143882,박지성의 왼발
1780575143903,신박한데
1780575143908,라보나
1780575144141,스웩있는데
1780575144423,예리해 ㅋㅋㅋㅋ
1780575144651,축구하셔 ㅋㅋ
1780575144706,나 머리가 띵해
1780575144789,ㄱㅋㄱㅋㄱㄱㅋㅋㅋ
1780575144800,?
1780575144836,안될것도 없죠
1780575144934,왼발잡이는 어떡해?
1780575145011,날카로운데?
1780575145015,?
1780575145030,ㅋㅋㅋㅋㅋㅋㅋㅋㅋㅋ
1780575145324,메갓...
1780575145336,존나 웃김 ㅋㅋ
1780575145345,ㄹㅇ
1780575145389,?
1780575145414,메갓 운전법 ㄷㄷ
1780575145539,메시는?
1780575145703,?
1780575145706,메시
1780575145741,ㄹㅇㅋㅋㅋㅋ
1780575145834,ㄹㅇ
1780575145859,?ㅋㅋ
1780575145951,왼발잡이는 생각 못하긴했네
1780575145967,메갓
1780575146007,라보나 ㅋㅋㅋㅋㅋㅋㅋ
1780575146021,?
1780575146058,라보나킥
1780575146115,대구토
1780575146129,디ㅣ마리아 ㅋㅋ
1780575146139,대 메 갓
1780575146335,ㄹㅇ
1780575146418,ㅋㅋㅋㅋㅋㅋㅋㅋㅋ
1780575146528,ㄹㅇ
1780575146682,ㅋㅋㅋㅋㅋㅋㅋㅋㅋㅋㅋㅋㅋㅋㅋㅋㅋㅋㅋㅋㅋㅋㅋㅋ
1780575146744,?
1780575146799,발을 누가 사용을 해
1780575146825,라보나운전 ㅋㅋㅋㅋㅋㅋㅋㅋㅋ
1780575146883,ㅋㅋㅋㅋㅋㅋㅋㅋ
1780575146887,라보나 운전 ㅋㅋㅋㅋㅋㅋ
1780575146888,그러네
1780575146909,구토 운전
1780575146962,메갓
1780575146969,ㅋㅋㅋㅋㅋㅋㅋㅋㅋㅋㅋ
1780575147029,ec
1780575147036,아오
1780575147041,?..
1780575147078,메갓
1780575147230,?
1780575147255,?
1780575147335,걍 오른발로 밟아
1780575147638,왼발잡이가 있어?
1780575147639,어..?
1780575147643,그럼 택시타~
1780575147733,ㄹㅇ
1780575147785,?
1780575147983,ㄹㅇ
1780575148138,??
1780575148173,핵심을찔렀어
1780575148256,?
1780575148301,메시임?
1780575148374,ㅊ왼발잡이가 ㅋㅋ
1780575148408,ㄹㅇ요
1780575148416,디마리아 오열
1780575148439,열려있어
1780575148454,왼발잡이는 ㅋㅋㅋㅋㅋㅋㅋㅋㅋㅋ
1780575148460,ㄹㅇ
1780575148502,메갓 운전법 ㅋㅋㅋㅋㅋㅋㅋㅋㅋㅋㅋㅋㅋ
1780575148520,왼발잡이도 오른발로 해요...
1780575148611,왼발잡이가 뭐야
1780575148743,ㄹㅇ
1780575148899,살짝만 대도 브레이크 눌리는데
1780575149022,라보나 ㄷㄷ
1780575149099,왼발잡이가 있냐?
1780575149149,왼발잡이가 있냐
1780575149195,생각도 안해봤다 저거 ㅋㅋㅋㅋㅋㅋㅋ
1780575149503,닥치
1780575149633,캬
1780575149721,노주현씨다
1780575149819,ㄹㅇ 메시는 어떻게 운전함
1780575149896,ㄹㅇ임
1780575149960,ㄹㅇ
1780575150015,그러니까
1780575150165,왼발잡이가 뭔데
1780575150183,축구하냐고
1780575150377,메시
1780575150520,메갓
1780575150572,라보나 해야지
1780575150600,왼발잡이가 있음?
1780575150620,왼발잡이 ㅋㅋㅋㅋㅋㅋㅋㅋㅋㅋㅋㅋㅋㅋㅋ
1780575150668,똑가치함
1780575150805,똑같이 하지
1780575150824,대 메 갓
1780575150833,메갓
1780575150866,그니까 왼발잡이 어캐함?
1780575150878,라보나 운전
1780575150909,라보나 운전 ㅋㅋㅋ
1780575150955,왼발잡이가 어딧어
1780575151033,라보나
1780575151129,왼발 차량은 왜 안만듬
1780575151202,원이식 사고
1780575151264,왼발잡이는ㅋ 뭔 축구선수임?
1780575151284,메갓
1780575151314,메시는 어케
1780575151336,메갓 운전 어캄?
1780575151363,?
1780575151392,그냥하는거지
1780575151476,메시 운전 못함?
1780575151497,라보나 운전 ㅁㅊ ㄷㄷ
1780575151604,왼발잡이가 뭔데
1780575151629,이거 컨텐츠 재ㅣㅅ음
1780575151781,메시 불쌍해 ㅠㅠ
1780575151813,키보드 마우스랑 똑같지 뭘 ㅋㅋㅋㅋㅋ
1780575151818,저거 누르는건데 뭔
1780575151843,걍 오른발로하지
1780575151867,똑같아
1780575151995,메시 어캄
1780575152003,대 메 갓
1780575152036,그냥 살음
1780575152205,ㅈㄹ ㄴㅋㅋㅋ
1780575152270,원이가 케릭터가 특이함 ㅋㅋㅋㅋ
1780575152347,걍 오른발로 운전하겠죠?
1780575152357,왼발잡이는 반대로 만들어줘야하는거 아니냐
1780575152413,?
1780575152429,메혐 ㅋㅋ
1780575152469,구토 ㅋㅋㅋㅋㅋ
1780575152631,누가 그런생각을 ㅋㅋㅋㅋㅋㅋㅋㅋ
1780575152733,뭘 어케해 ㅋㅋㅋㅋ
1780575152801,?
1780575152884,아니 왼발잡이라고 오른발 장애있냐고
1780575152946,라보나 운전
1780575153009,축구선수셔
1780575153036,그냥 하는거야
1780575153186,그냥하지 뭐 ㅋㅋ
1780575153228,오른발로해
1780575153318,양발숙련도 올려야지
1780575153320,왼발잡이가 있음?
1780575153351,아오 구평
1780575153466,마시 ㄷㄷ
1780575153469,뭘 어떡해 오른발써야지
1780575153552,예리한데?
1780575153559,aprkt
1780575153568,알아하는거지
1780575153700,라보나 운전해야지 뭐
1780575153701,뭔상관인데 ㅋㅋ
1780575153786,운전은 애초에 상관없지않나
1780575153911,라보나운전함
1780575153943,메갓
1780575153962,똑같아
1780575153993,라보나 엑셀
1780575154159,왜 왼발잡이배려안함?
1780575154278,왼발잡이가 있어?
1780575154321,마우스는
1780575154408,운전못함 ㅠㅠ
1780575154425,메갓
1780575154648,왼손도 아니고
1780575154761,멀 어떻게해 오른발로 해야지
1780575154795,뭐 메시야?
1780575154880,침팬지까지 생각하는 열린생각 ㄷㄷ
1780575154881,왼발잡이는 처음 듣는데
1780575154913,왼발잡이 사실 좀 힘이 덜들어가긴 ㅎ ㅐ
1780575154913,일본가야지
1780575154958,메갓은
1780575155049,왼발잡이라는게 어딧어
1780575155120,똑똑해 애가
1780575155227,근발잡이 ㄷㄷ
1780575155246,안예리해
1780575155321,메시 운전 못함
1780575155339,약발이라도 슛은해야지
1780575155478,그냥 오른발로 하는거지 뭐
1780575155545,오른발쓰지..
1780575155640,메시 ㄷㄷ
1780575155654,뭐가 예리해
1780575155747,왼발잡이가있음?
1780575155754,노주현 ㅋㅋ
1780575155759,축구선슈냐고ㅋㅋ
1780575155807,라보나 ㅋㅋ
1780575155815,왼발잡이인데 그냥 운전함
1780575155980,왼발잡이도 오른발있어
1780575156111,우리 색다르게 생각하지 말자
1780575156135,뭔소리야 ㅋㅋㅋㅋㅋㅋ
1780575156218,그냥 오른발로 하는거임
1780575156266,왼발잡이는 오른발 못 써?
1780575156293,왼발잡이도 오른발로 운전해 멍충아 ㅋㅋ
1780575156319,축구냐고 ㅋㅋㅋ
1780575156419,오른발잡이는 있어?
1780575156443,메시한테 물어보죠
1780575156452,발을 잡진 안잖아
1780575156532,그냥 오른발 써야지
1780575156539,이강인임?
1780575156581,왼발잡이면 오른발 못씀?
1780575156582,사장이 구너 출신이라 그런가
1780575156594,아니 무슨 저게 어려운거라고
1780575156883,운전석을 바꿔
1780575156923,저 오른손잡인데 키보드 왼손으로도 써요
1780575156934,라보나 운전 ㅋㅋㅋㅋㅋ
1780575156946,메갓은 ㅋㅋㅋㅋ
1780575156988,라보나운전은 씹 ㅋㅋ
1780575156992,메시 비상
1780575157005,라보나 운전 ㅋㅋㅋㅋㅋㅋㅋ
1780575157183,2성이면
1780575157194,그냥 하는거지
1780575157220,대메갓
1780575157354,메시는 어떻게해요
1780575157498,신기한 생각이네
1780575157508,왼손도 아니고 왼발은 ㅋㅋ
1780575157520,라보나 운전 ㄷㄷ
1780575157531,메갓 ㅋㅋ
1780575157583,메시 운전 못함?
1780575157603,메시 불쌍해 ㅠㅠ
1780575157643,메갓
1780575157661,축구하라 해
1780575157696,메시 운전 못해 ㅇㅇ
1780575157753,메시는 어케
1780575157830,메갓
1780575157902,라보나 운전은 ㅋㅋㅋㅋㅋ
1780575157990,대 메 갓
1780575158008,메시는 어케함?
1780575158013,나 왼손잡인데 마우스 오른손써
1780575158172,아오ㅋㅋㅋ
1780575158203,오른발은 있잖아
1780575158239,걍 하는 거지
1780575158319,대 메 갓
1780575158423,라ㅣ보나 ㅋㅋㅋㅋㅋㅋㅋ
1780575158428,왼발 7 ㄷㄷ
1780575158528,측구냐고
1780575158771,왼손잡이 마우스는?
1780575158832,왼발잡이도 오른발 쓸수있어요...
1780575159045,라보냐운전 ㅋㅋ
1780575159054,뭔 축구하냐고 ㅋㅋ
1780575159186,라보나 운전 ㅋㅋ
1780575159215,왼손잡이는 마우스 반대로쓰냐
1780575159400,오른손 사회에 적응함
1780575159419,그사람도 오른발이 있겠지
1780575159421,라보나 ㅋㅋ
1780575159425,왼손잡이는 마우스 왼손으로 잡냐? ㅋㅋㅋㅋ
1780575159482,왼발잡이는 왼발로 걸어다님?
1780575159545,왼발잡이가 어딨어 ㅆㅂㅋㅋㅋㅋㅋㅋㅋㅋㅋ
1780575159560,마우스도 걍 오른손 써 ㅋㅋㅋㅋㅋㅋ
1780575159693,구토 운전법 ㅋㅋㅋㅋㅋㅋ
1780575159701,약발 1임?
1780575159715,라보나 ㅋㅋ
1780575159822,메시 오열
1780575160032,라보나 ㅇㅈㄹㅋㅋㅋㅋ
1780575160097,대 메 갓
1780575160149,뭐 축구임??
1780575160200,라보나 운전 십ㅋㅋㅋ
1780575160237,메갓ㄷ
1780575160240,왼발잡이용 차량을 사야지
1780575160377,뭔 왼발잡이야 ㅋㅋ
1780575160471,메시 비상 ㅋㅋ
1780575160574,축구선수 아니고선 왼발잡이가 어딨어
1780575160641,대 메 갓
1780575160668,메시는 양발써도됨
1780575160931,주발이 있긴하잖아
1780575160990,운전에 왼발잡이가 어딨어 ㅋㅋㅋ
1780575161087,라보나
1780575161090,안될건 없죠도 된다는 말은 아님 ㅋㅋㅋ
1780575161107,왼발 하나로 해야지
1780575161137,왼발잡이가 왜 없어
1780575161219,일본에서는 어떻게함?
1780575161348,손도 아니고 발이..
1780575161460,메시 그래서 운전 못해
1780575161466,ㅋㅋㅋㅋ
1780575161517,왼발잡이도 오른발 써..
1780575161884,디마리아는 라보나로 할듯 ㅇㅇ
1780575161891,?
1780575161907,오른손 잡이라고 왼손으로 핸들 못잡냐
1780575161985,왼손잡이도 마우스 오른손으로 쓰잖아 ㅋㅋㅋ
1780575162067,?
1780575162071,손흥민은 어떻게 운전함
1780575162233,왼발 왼손 잡이들은 그냥 적응한다...
1780575162309,?
1780575162355,발은 씨ㅋㅋ
1780575162448,?
1780575162921,?
1780575162949,?
1780575162965,?
1780575163038,?
1780575163051,?
1780575163069,?
1780575163095,?
1780575163125,?
1780575163140,?
1780575163199,??
1780575163210,아니 오른발 누르는건데 뭔 잡이가 뭔상관이야
1780575163231,?
1780575163249,뭐 축구하냐
1780575163281,?
1780575163326,?
1780575163358,왼손잡이라고 마우스 왼손으로 안잡는데 ㅋㅋ
1780575163378,?
1780575163389,?
1780575163412,?
1780575163419,왼손잡이는 마우스 왼손으로 잡냐고
1780575163902,??/
1780575163966,뭐
1780575163978,?
1780575164009,헉
1780575164014,왼발잡이는 어떻게 걸음??
1780575164021,??
1780575164041,ㅋㅋㅋㅋㅋㅋㅋㅋㅋㅋㅋㅋㅋㅋ
1780575164069,?
1780575164078,?
1780575164115,?
1780575164129,?
1780575164153,?
1780575164153,?
1780575164213,?
1780575164312,?
1780575164315,??
1780575164343,?
1780575164350,?
1780575164368,??
1780575164376,?
1780575164392,?
1780575165029,?
1780575165036,?
1780575165047,?
1780575165058,???
1780575165060,????????
1780575165158,?
1780575165161,?
1780575165169,??
1780575165171,?
1780575165174,?
1780575165221,??
1780575165230,?
1780575165237,?
1780575165282,??
1780575165314,?
1780575165320,공차냐 ㅋㅋㅋㅋㅋㅋㅋㅋㅋㅋㅋㅋㅋ
1780575165321,?
1780575165342,?
1780575165384,?
1780575165386,?
1780575165592,?
1780575165624,?
1780575165638,?
1780575165660,?
1780575165707,?
1780575165767,손흥민은 양발가능한가요??
1780575165814,?
1780575165816,헉
1780575165856,?
1780575165880,?
1780575165891,?
1780575165910,?
1780575165925,강현이냐?
1780575165933,?
1780575166011,???
1780575166015,?
1780575166059,?????
1780575166107,?
1780575166182,??
1780575166336,될 것도 없죠
1780575166398,???
1780575166398,?
1780575166466,?
1780575166475,????
1780575166596,???????????????????
1780575166607,하이브리드
1780575166607,?
1780575166733,{:d_126:}{:d_126:}{:d_126:}
1780575166780,?
1780575166804,?
1780575166910,?
1780575166930,??
1780575167045,?
1780575167175,ㅇㅇ
1780575167180,????
1780575167336,?
1780575167402,?
1780575167414,?
1780575167457,메시 운전 못함 그래서
1780575167570,아펠임?
1780575167629,??
1780575167634,???
1780575167646,???????????????
1780575167649,ㅋㅋㅋㅋㅋㅋㅋㅋㅋㅋㅋ
1780575167661,?
1780575167733,?????????
1780575167746,예?
1780575167795,왼발잡이용 차를사야지
1780575167798,f1 포르자
1780575167825,미친놈인가?
1780575167838,휴
1780575167910,양발을
1780575168292,ㅋ?
1780575168418,?
1780575168443,?
1780575168453,??
1780575168489,아아
1780575168520,?!
1780575168520,아 ㅋㅋ
1780575168534,오르막에선 양발?
1780575168581,{:d_126:}{:d_126:}{:d_126:}{:d_126:}{:d_126:}
1780575168649,?
1780575168742,아
1780575168761,왼발잡이용 차 뽑아주세요
1780575168934,헉???
1780575168937,?
1780575168968,유로트럭ㅋㅋㅋ
1780575168987,휴
1780575169014,아
1780575169227,양발운전충이 여깄었네 ㅋㅋㅋ
1780575169305,???
1780575169395,그래그래
1780575169412,휴
1780575169437,씹 ㅋㅋ
1780575169486,ZZZZZZZZZZZZZZ
1780575169538,ㅋㅋㅋㅋㅋㅋㅋㅋㅋㅋㅋㅋㅋㅋㅋㅋ
1780575169635,게임에선 양발해야지
1780575169779,에라이
1780575169786,미친놈
1780575169837,유로트럭?
1780575170024,아 그럼 됐지
1780575170048,??
1780575170067,아하
1780575170094,아
1780575170146,유로트럭?
1780575170241,????
1780575170282,ㅇㅈ
1780575170438,그게 무슨 말이야
1780575170798,캬 ㅋㅋㅋㅋ
1780575170859,레이싱 ㅋㅋ
1780575170867,ㅋㅋㅋㅋㅋㅋㅋㅋㅋㅋㅋㅋ
1780575170897,휴~
1780575170923,그건 다 그래
1780575170967,F1 쌉가능
1780575171015,게임은 ㅇㅈ
1780575171178,아
1780575171189,ㅇㅎ
1780575171189,그건 뭐
1780575171197,이거이거
1780575171251,아
1780575171263,아 그건
1780575171270,gb
1780575171291,아
1780575171344,아하
1780575171368,휴
1780575171371,게임은 ㅇㅈ이지
1780575171372,휴
1780575171375,아
1780575171490,아
1780575172132,그건 ㅇㅈ
1780575172134,휴
1780575172164,휴
1780575172209,아그건인정
1780575172209,영도트럭 ㅋㅋㅋㅋㅋㅋㅋㅋㅋ
1780575172212,아하
1780575172221,그건 ㅇㅈ
1780575172222,ㅋㅋㅋㅋㅋㅋㅋㅋ
1780575172222,레이싱은 원래 양발이야
1780575172275,휴
1780575172289,게임은 원래
1780575172320,그건
1780575172331,휴
1780575172335,게임은 ㅇㅈ
1780575172371,레이싱은 양발이 맞아
1780575172387,ㅋㅋㅋㅋㅋㅋㅋㅋㅋㅋㅋㅋㅋㅋㅋㅋㅋㅋㅋㅋㅋㅋㅋㅋㅋㅋㅋㅋ
1780575172419,휴
1780575172442,아 ㅋㅋㅋ
1780575172455,레이싱은 인졍
1780575172483,?
1780575173044,휴
1780575173055,아 ㅇㅋ
1780575173098,아
1780575173100,ㅇㅎ
1780575173116,휴~
1780575173137,고건 ㅇㅈ
1780575173140,휴
1780575173158,휴~
1780575173177,그건 해야지
1780575173214,영도트럭땐 양발해야지 ㅇㅇ
1780575173238,ㅋㅋㅋㅋㅋㅋㅋㅋㅋㅋㅋ
1780575173253,예
1780575173258,그게 맞음
1780575173265,나락가는줄알았네
1780575173292,아하
1780575173311,게임은 뭐
1780575173326,레이싱은 ㅇㅈ이지
1780575173354,그러니 사고가나지
1780575173362,아 모양
1780575173398,아하
1780575173759,그건 뭐
1780575173797,어쩐지 트럭을 요상하게 몰더라니
1780575173818,아하
1780575173860,ㅇㅈ
1780575173862,아아
1780575173904,어쩐지...
1780575173947,그건 뭐
1780575174001,휴
1780575174019,아 오케이
1780575174023,레이싱은 원래 양발이야
1780575174038,게임은 ㅇㅈㅇㅈ
1780575174140,인죵
1780575174151,아
1780575174175,레이싱게임은 그게맞아
1780575174241,그건 당연하지
1780575174246,아 휴
1780575174288,휴
1780575174304,그건 맞아
1780575174318,휴
1780575174339,휴
1780575174418,그건 뭐]
1780575174781,휴
1780575174784,고수용임?
1780575174805,휴
1780575174832,레이싱은 원래 양발씀
1780575174854,휴
1780575174877,레이싱은 원래그래\
1780575174881,그건 뭐 ㅇㅈ
1780575174882,룩 타 니
1780575174935,ㅋㅋㅋㅋㅋㅋㅋ
1780575175004,휴
1780575175015,레이싱은 양발 있음
1780575175044,웬 ㅁㅊ놈인가했네 ㅋㅋㅋㅋ
1780575175059,원래 겜에선 다 양발이야 ㅋㅋㅋ
1780575175115,게임은 양발이 맞음
1780575175139,레이싱선수는 양발
1780575175159,휴
1780575175242,게임은 그렇지
1780575175300,휴
1780575175341,그건 맞음 ㅇㅇ
1780575175414,f1은 양발운전이지
1780575175767,아 ㅇㅈ
1780575175786,게임은 그래야지
1780575175817,게임용은 맞음
1780575175937,게임은 ㅇㅈ
1780575176007,레이싱은 원래 양발이야
1780575176056,클러치 때문 아님?
1780575176069,그건뭐
1780575176089,아 뭐야ㅋㅋㅋㅋ
1780575176151,아 휴
1780575176158,게임용은 ㅇㅈ
1780575176181,그게 정석아님?
1780575176200,휴~
1780575176222,유로트럭 ㄱ?
1780575176262,휴
1780575176290,말을 그렇게 하면 ㅋㅋㅋㅋ
1780575176293,그건 그럴수있지
1780575176313,원래 f1은 양발운전이야
1780575176343,그건 ㅇㅈ
1780575176385,아 깜짝이야 ㅋㅋㅋ
1780575176394,휴~
1780575176444,게임은 ㅇㅈ
1780575176494,휴
1780575176565,오케이오케이
1780575176616,휴
1780575176628,그건
1780575176695,휴
1780575176714,그건 뭐
1780575176761,레이싱은 양발 해야돼
1780575176875,게임은 원래 양발이야
1780575176909,레이싱은 그렇게 해야지
1780575176914,그래그래
1780575177074,휴~
1780575177133,ㅋㅋㅋㅋㅋㅋㅋㅋㅋㅋㅋ
1780575177140,f1선수들도 양발이래
1780575177148,레이싱은 원래 양발이야
1780575177188,아 깜짝야
1780575177259,휴
1780575177273,레이싱은 원래 양발
1780575177331,아 게임은 그럼
1780575177337,영도트럭 ㅋㅋㅋㅋㅋㅋㅋㅋㅋㅋㅋㅋ
1780575177436,실제로도 양발이 재밌음
1780575177471,천재냐
1780575177542,휴
1780575177579,아 휴..
1780575177584,아 오케이 그건
1780575177624,그래서 게임할때 사고나는구나
1780575177634,영도용
1780575177697,휴
1780575177823,아 원래 레이싱은 양발임
1780575177885,레이싱은 원래 양발이자나
1780575177915,레이싱은 양발이야
1780575177992,개고수네;;
1780575178130,휴
1780575178253,게임은 ㅇㅈ이지
1780575178401,휴
1780575178429,레이싱은 ㅇㅈ
1780575178513,'유로 트럭'
1780575178533,휴
1780575178537,아 그건 뭐ㅋㅋ
1780575178613,미친놈인줄 알았네
1780575178653,게임은 뭐
1780575178692,휴
1780575178694,근데 레이싱은 원래 양발이래
1780575178805,휴
1780575178924,f1 선수들도 양발로 한다던데
1780575179064,휴
1780575179153,게임용은 양발해야함
1780575179158,레이싱은 해야지 당연히
1780575179167,그건 게임이니까
1780575179225,게임용은 양발이 맞아
1780575179231,나락갈뻔
1780575179241,실제 레이싱도 양발이야
1780575179631,유로트럭 ㅇㅈ
1780575179668,원래 프로는그래
1780575179710,그건 수동 아니냐
1780575179775,어쩐지..
1780575179789,ㅋㅋㅋㅋㅋㅋㅋㅋㅋㅋ
1780575179804,그건 원래그래
1780575179872,논란 한줄 추가할뻔~
1780575179929,레이싱은 원래 양발이야
1780575180024,게임은 뭐
1780575180044,레이싱은 원래 양발이야
1780575180077,아오 실제로 양발하는줄
1780575180112,왼발로하곗지
1780575180126,현실에서 못한걸 게임에서 푼다
1780575180238,레이싱은 다 양발함ㅋㅋㅋㅋ
1780575180272,레이싱은 양발이지
1780575180283,게이밍페달
1780575180299,레이싱(유로트럭)
1780575180471,그건 양발이 맞아
1780575180626,그건 맞지
1780575180715,클러리 때매 아님?
1780575180726,휴~
1780575180802,나락갈뻔 ㅋㅋㅋ
1780575180802,레이싱은 양발이지
1780575180848,다행이구나 룩삼아
1780575180862,레이싱은 양발로 아는데
1780575180900,써프라이즈~~~~~~
1780575180908,휴
1780575180968,도로에비상걸릴뻔
1780575181071,일단 클립딸게왜
1780575181138,휴 방어했네
1780575181149,다 그래
1780575181155,고건맞는것이지
1780575181214,애초에 압력이 달라서 되
1780575181234,게임용은 브레이크 없음
1780575181291,f1레이서도 양발임
1780575181293,그건맞아ㅇㅇ
1780575181327,나락갈 뻔
1780575181393,레이싱은 양발임 ㅇㅇ
1780575181447,그래서
1780575181558,그래서 게임할때 사고남ㅇㅇ
1780575181642,룩타니 ㄷㄷㄷㄷㄷㄷㄷ
1780575181836,ㅋㅋㅋㅋㅋㅋㅋㅋㅋ
1780575181870,(돌발상황) 나올뻔
1780575181893,원래 레이싱은 양발이야
1780575182215,근데 레이싱은
1780575182571,깜짝 놀랐네
1780575182752,레이싱은 원래 그래
1780575183126,레이싱은 원래 양발이야
1780575183381,게임은 양발해야지
1780575183508,유로트럭 빌드업인가요?
1780575183606,레이싱은 선수들도 양발해..
1780575183783,레이싱은 원래 양발이야
1780575183844,변화구보소
1780575184171,어쩐지 유로트럭할때 ㅈ같이하더라
1780575184517,레이싱은 ㅇㅈ이야
1780575184616,캬
1780575184684,원래 레이싱은 양발이야
1780575184714,룩 타 니 ㄷㄷㄷㄷㄷ
1780575185008,레이싱은 원래 양발아님?
1780575185183,레이싱은 양발받아
1780575185234,캬
1780575185352,캬
1780575185370,?
1780575185469,ㅋㅋㅋㅋㅋㅋㅋㅋㅋㅋ
1780575185515,게임에선 필요하지
1780575185549,레이싱은 원래 양발쓰지않나
1780575185590,?
1780575185780,캬
1780575185790,?
1780575185931,??
1780575185977,ㅋㅋㅋㅋㅋㅋㅋㅋㅋㅋㅋㅋㅋㅋㅋ
1780575186012,캬
1780575186034,드디어 나락가는줄
1780575186050,캬
1780575186117,캬
1780575186150,ㅋㅋㅋㅋㅋㅋㅋㅋㅋㅋ
1780575186337,클러치를 밟아야하는데
1780575186390,캬
1780575186543,ㅋㅋㅋㅋㅋㅋㅋㅋㅋㅋㅋㅋ
1780575186731,?
1780575186769,ㅋㅋㅋㅋㅋㅋㅋㅋㅋㅋㅋㅋㅋㅋ
1780575186797,트럭이니까
1780575186829,캬
1780575186902,ㅋㅋㅋㅋㅋㅋㅋㅋㅋㅋ
1780575186966,ㅋㅋㅋㅋㅋㅋ
1780575187125,ㅋㅋㅋㅋ
1780575187127,ㅇㅈㅇㅈ
1780575187174,레이싱은 원래 양발이야
1780575187216,그게 맞아
1780575187236,맞지
1780575187269,캬
1780575187285,실제니까
1780575187369,?
1780575187371,ㅇㅈㅇㅈ
1780575187380,ㅋㅋㅋㅋㅋㅋㅋㅋㅋ
1780575187416,그건 실제도로야
1780575187420,ㅆ
1780575187516,?
1780575187539,ㅋㅋㅋㅋㅋㅋ
1780575187697,그건 진짜 운전임
1780575187710,?
1780575187784,캬
1780575187886,실제 f1 양발임
1780575187886,ㅋㅋㅋㅋㅋㅋㅋ
1780575187988,트럭이니깐 ㅇㅇ;
1780575188150,ㄹㅇ
1780575188203,ㅋㅋㅋㅋㅋㅋㅋㅋㅋㅋㅋㅋㅋㅋㅋㅋㅋ
1780575188212,ㅋㅋㅋㅋㅋㅋㅋㅋㅋㅋㅋㅋㅋㅋㅋ
1780575188221,생활운전이잖아
1780575188227,f1은 양발이야
1780575188245,그건원래 양발하는건데?
1780575188308,캬 ㅋㅋ\
1780575188437,트럭
1780575188739,?
1780575188798,레이싱은 실제 양발임
1780575188909,ㅇㅈ
1780575188932,아 레이싱 원래 양발임? 몰랐네
1780575188936,캬
1780575188970,그럼 인죵
1780575188973,근데 그모양이야?
1780575189004,ㅋㅋㅋㅋㅋㅋㅋㅋㅋㅋㅋㅋㅋㅋㅋㅋㅋ
1780575189045,캬
1780575189045,?
1780575189047,레이싱은 원래 양발이래
1780575189056,캬ㅑㅑㅑ
1780575189102,캬
1780575189139,zi
1780575189202,캬ㅑ ㅋㅋㅋㅋㅋㅋㅋㅋㅋ
1780575189238,하
1780575189269,캬
1780575189273,유로는 레이싱이 아니지
1780575189348,캬
1780575189424,캬 근본
1780575189498,ㅋㅋㅋㅋㅋㅋㅋㅋㅋㅋ
1780575189542,캬
1780575189562,그건 실제니까 ㅇㅇ
1780575189565,캬
1780575189584,캬
1780575189591,캬
1780575189631,클러치 안씀??
1780575189788,ㅇㅈ
1780575189853,캬
1780575189861,레이싱이 아니니까
1780575189916,캬
1780575189986,수동은 양발운전이 아니잖아
1780575190098,메소드연기 ㄷㄷ
1780575190114,캬
1780575190175,캬
1780575190206,캬
1780575190275,캬
1780575190275,캬
1780575190382,캬
1780575190402,ㅇㅈ이지
1780575190466,그건 트럭이니까
1780575190518,그건 맞지
1780575190664,ㅇㅇ
1780575190716,맞아
1780575190772,캬(ㅅㅂ)
1780575190775,캬
1780575190866,유로트럭은 레이싱 아니잖아
1780575190921,유로트럭은 한발해야지
1780575190939,캬
1780575191154,캬
1780575191188,영도트럭 ㅋㅋㅋ
1780575191197,캬
1780575191234,캬
1780575191292,그게 맞아
1780575191344,그르티
1780575191368,캬
1780575191420,?
1780575191431,캬
1780575191493,?
1780575191629,ㅋㅋㅋㅋㅋㅋㅋㅋㅋ
1780575191867,클러치는 어케 밟아요
1780575191894,카레이서들도 양발운전함
1780575192178,ㅇㅈ
1780575192351,그건 레이싱이 아니니까
1780575192400,ㅋㅋㅋㅋㅋㅋㅋㅋ
1780575192549,맞지맞지
1780575192619,ㅇㅇㅇㅇ원래 레이싱은 양발임
1780575192770,캬
1780575192971,ㅋㅋㅋㅋㅋㅋㅋㅋㅋㅋㅋㅋㅋㅋㅋㅋ
1780575192991,ㅇㅇㅇ 맞음
1780575193000,캬
1780575193193,캬
1780575193285,?
1780575193376,ㅋㅋㅋㅋㅋㅋㅋㅋㅋㅋㅋㅋㅋ
1780575193378,음음
1780575193495,F1은 쌉양발이제
1780575193505,레이싱은 원래 양발이래
1780575193572,반응속도
1780575193639,사고나도 게임이니까
1780575194175,캬
1780575194235,ㅇㅈ합니다
1780575194346,직업의식 goat
1780575194363,그게 실제니까
1780575194400,오히려 트럭이 클러치 아니냐
1780575194432,ㅋㅋㅋㅋㅋㅋㅋㅋㅋㅋㅋㅋㅋㅋㅋ
1780575194497,캬ㅑㅑㅑㅑㅑㅑ
1780575194524,캬
1780575194527,캬 고증
1780575194581,ㅇㅇ
1780575194683,??
1780575194727,ㅇㅈ
1780575194830,개똑똑하네
1780575194848,드디어 나락가는줄알았대 ㅋㅋㅋㅋㅋ
1780575194859,근데 왜..
1780575194960,그건 정상
1780575194980,캬
1780575195002,f1은 양발맞아
1780575195039,그게 정석이야
1780575195241,캬~
1780575195311,포르자
1780575195329,캬ㅑㅑㅑ
1780575195570,캬
1780575195774,F1은 진짜 양발임 ㅇㅇ;
1780575195841,음 맞지맞지 ㅋㅋㅋ
1780575195857,ㅇㅈ
1780575195898,f1은 양발이 맞아
1780575195900,ㅋㅋㅋㅋㅋㅋㅋㅋㅋㅋㅋㅋ
1780575195924,캬
1780575195928,ㅋㅋㅋㅋㅋ
1780575195980,캬
1780575196009,ㅇㅇㅇ
1780575196031,오
1780575196070,그거 맞음
1780575196086,맞아
1780575196144,ㅈㅉㅇㅇ?
1780575196146,캬
1780575196177,ㅇㅈㅇㅈ
1780575196181,그건 선수들도 그렇게해
1780575196259,캬
1780575196323,실제에서만 하지말아다오
1780575196438,캬
1780575196551,ㅇㅈ
1780575196614,캬~
1780575196633,캬
1780575196678,너 천재냐
1780575196705,F1은 양발로 하니까
1780575196716,캬
1780575196821,?
1780575196848,캬
1780575196974,오옹 몰랐네
1780575197047,캬 근본
1780575197080,양발 하는데 왜그럼
1780575197111,당연한거지
1780575197227,?????
1780575197260,ㅇㅈㅇㅈ
1780575197325,캬
1780575197341,ㅇㅈ합니다
1780575197396,캬\
1780575197446,이야
1780575197494,인정~~
1780575197501,범퍼카는요?
1780575197546,캬
1780575197602,캬
1780575197657,f1 선수들은 전문가들이고
1780575197907,ㅋㅋㅋㅋㅋㅋㅋㅋㅋㅋ
1780575197936,ㅇㅈ
1780575198053,ㅋㅋㅋㅋㅋㅋㅋㅋ
1780575198143,근본지리네
1780575198300,캬
1780575198619,근본충
1780575198761,캬ㅑㅑㅑㅑㅑㅑㅑㅑ
1780575198804,아 ㄹㅇ???
1780575198854,캬
1780575198870,캬ㅑㅑㅑㅑ
1780575198876,ㅇㅈ이긴해
1780575198914,정석대로 하네
1780575199013,머신 있는거임?
1780575199063,그건 수동이자나 ㅡㅡ
1780575199140,캬
1780575199146,ㅇㅇ
1780575199172,방지턱 덜컹 = 둘다밟음
1780575199217,게임기도 그렇게 맞춘거지
1780575199321,실제 f1은 양발이지
1780575199375,캬
1780575199389,F1은 양발이 맞아
1780575199461,너 천재냐 진짜
1780575199486,운잘알
1780575199562,ㅇㅈ합니다
1780575199604,ㅇㅈㅇㅈ
1780575199615,캬 아는구나
1780575199654,고증충ㅋㅋㅋ
1780575199774,쌉ㅇ2
1780575199815,정석대로 하네 그냥
1780575199822,워크에씩이 있네
1780575199870,인정합니다
1780575200039,양발은 트랙에서만 하는게 맞음 ㅇㅇ
1780575200063,근본있네
1780575200093,고증 확실하네요
1780575200158,ㅋㅋㅋㅋㅋ
1780575200191,뭐야 정상이잖아
1780575200267,캬ㅑㅑㅑㅑ
1780575200356,고증은 이거이거
1780575200364,ㅇㅈ합니다
1780575200476,{:d_126:}
1780575200483,ㅇㅈ
1780575200499,근본 ㅇㅈㅇㅈ
1780575200589,프로네
1780575200705,f1은 양발이 맞지
1780575200970,고증지리네
1780575201183,그렇게 해도 트럭 많이 엎었지
1780575201211,천재네
1780575201241,아니 그건 그냥
1780575201275,A
1780575201403,룩카루스 너무 날아올라서  나락갈뻔~
1780575201796,캬ㅑㅑㅑ
1780575201882,ㅇㅈ
1780575202208,그게ㅐ맞지
1780575202235,ㅇㅈㅇㅈ
1780575202471,F1은 양발이 맞긴해
1780575202525,클러치
1780575202821,그건 ㅇㅈ
1780575202966,그래야 몰입 잘 되지 ㅇㅇ;
1780575203015,그럼 양발 운전 안이잖아
1780575203057,영도트럭 오토였어?
1780575203191,맞음
1780575203294,근본(무면허)
1780575203401,그건 수동이니까 당연하지
1780575203561,F1은 인정이제~
1780575203580,당연한거잖아 습박
1780575203682,카피닌자
1780575203844,ㅇㅈ합니다
1780575204047,ㅇㅈ
1780575204250,클러치는 밟아야지
1780575204430,요즘 트럭은 오토도 많음
1780575204515,f1대로 확인
1780575204708,룩삼이 근본이라니
1780575205595,잘하네
1780575205633,고증 굿
1780575205653,거의 뭐 막스네요
1780575205739,뭐야 양발운전하네
1780575205803,천재냐
1780575205899,ㅇㅈ합니다
1780575206536,뭐좀아는놈이네
1780575206558,걍 당연한 거 아닌가요
1780575206626,고증충
1780575207335,ㅇㅈ
1780575208212,ㅋㅋㅋㅋ
1780575208444,f1은 언제함
1780575209321,f1대로 고증 확인
1780575209457,미혼입니다
1780575210016,너 홍머병 아니였냐
1780575210903,f1 클러치 밟는거 아녀?
1780575212343,당연한걸ㅋㅋㅋㅋㅋ
1780575213329,아 ㅋㅋㅋㅋ
1780575213513,헉
1780575214525,ㅋㅋㅋㅋㅋ
1780575215037,ㄱ-
1780575215059,ㅋㅋㅋㅋㅋㅋㅋㅋㅋㅋㅋ
1780575215394,노주현
1780575215754,카니발
1780575215838,ㄹㅇㅋㅋ
1780575215950,ㅋㅋㅋㅋㅋㅋㅋㅋㅋㅋㅋ
1780575215975,ㅋㅋㅋㅋㅋㅋㅋㅋㅋㅋㅋㅋㅋㅋㅋㅋㅋㅋㅋㅋㅋㅋㅋㅋㅋㅋㅋ개니발 ㅋㅋㅋㅋㅋㅋㅋㅋㅋㅋㅋㅋㅋㅋㅋㅋㅋㅋㅋㅋㅋㅋㅋㅋㅋㅋㅋ
1780575216095,ㅋㅋㅋㅋㅋㅋㅋㅋㅋㅋ
1780575216127,ㅋㅋㅋㅋㅋㅋㅋㅋ
1780575216177,캬
1780575216305,ㅋㅋㅋㅋㅋㅋㅋㅋㅋ
1780575216373,ㅋㅋㅋㅋㅋㅋㅋㅋㅋㅋㅋㅋ
1780575216402,ㅋㅋㅋㅋㅋㅋㅋㅋㅋ
1780575216567,ㅋㅋㅋㅋㅋㅋㅋㅋㅋㅋㅋㅋ
1780575216599,ㅋㅋㅋㅋㅋㅋ
1780575216608,ㅋㅋㅋㅋㅋㅋㅋㅋㅋㅋㅋㅋ
1780575216722,ㅋㅋㅋㅋㅋㅋㅋㅋㅋㅋㅋㅋㅋㅋ
1780575216724,ㅋㅋㅋㅋㅋㅋㅋㅋㅋ
1780575216934,ㅋㅋㅋㅋㅋㅋㅋㅋ
1780575216936,ㅋㅋㅋㅋ
1780575217080,ㅋㅋㅋㅋㅋㅋㅋㅋㅋㅋ
1780575217141,ㅋㅋㅋㅋㅋㅋㅋㅋㅋㅋㅋㅋㅋㅋㅋ
1780575217255,ㅋㅋㅋㅋㅋㅋㅋㅋㅋㅋㅋㅋㅋㅋ
1780575217315,ㅋㅋㅋㅋㅋㅋㅋㅋㅋㅋㅋㅋㅋㅋㅋㅋㅋㅋㅋㅋㅋㅋㅋㅋㅋㅋㅋㅋㅋㅋㅋㅋ
1780575217339,ㅋㅋㅋㅋㅋㅋㅋㅋㅋ
1780575217343,ㅋㅋㅋㅋㅋㅋㅋㅋㅋㅋㅋㅋㅋㅋㅋㅋㅋ
1780575217349,ㅋㅋㅋㅋㅋㅋㅋㅋㅋㅋㅋㅋㅋㅋㅋㅋㅋ
1780575217406,ㅋㅋㅋㅋㅋㅋㅋㅋㅋㅋㅋㅋㅋㅋㅋㅋㅋㅋㅋㅋㅋㅋㅋ
1780575217415,ㅋㅋㅋㅋㅋㅋㅋㅋㅋㅋㅋ
1780575217487,ㅋㅋㅋㅋㅋㅋㅋㅋㅋㅋㅋ
1780575217506,ㅋㅋㅋㅋㅋㅋㅋㅋㅋㅋㅋㅋㅋㅋ
1780575217528,ㅋㅋㅋㅋㅋㅋㅋㅋㅋㅋㅋㅋㅋㅋ
1780575217532,앜ㅋㅋㅋ
1780575217548,ㅋㅋㅋㅋㅋㅋㅋㅋㅋㅋㅋㅋㅋㅋ
1780575217718,ㅋㅋㅋㅋㅋㅋㅋㅋㅋ
1780575217949,ㅋㅋㅋㅋㅋㅋㅋㅋㅋㅋㅋㅋㅋㅋ
1780575217986,ㅋㅋㅋㅋㅋㅋㅋㅋㅋ
1780575218004,ㅋㅋㅋㅋㅋㅋㅋㅋ
1780575218007,ㅋㅋㅋㅋㅋㅋㅋㅋㅋㅋㅋㅋㅋㅋㅋㅋㅋ
1780575218009,ㅋㅋㅋㅋㅋㅋㅋㅋ
1780575218029,ㅋㅋㅋㅋㅋㅋㅋㅋㅋㅋㅋ
1780575218068,ㅋㅋㅋㅋㅋㅋㅋㅋㅋㅋㅋㅋ
1780575218068,ㅋㅋㅋㅋㅋㅋㅋㅋㅋㅋㅋㅋㅋㅋㅋㅋㅋㅋㅋㅋㅋㅋㅋㅋㅋㅋㅋㅋㅋㅋㅋㅋㅋㅋㅋㅋㅋㅋㅋㅋㅋㅋ
1780575218102,ㅋㅋㅋㅋㅋㅋㅋㅋㅋㅋ
1780575218135,ㅋㅋㅋㅋㅋㅋㅋㅋㅋㅋㅋㅋㅋㅋㅋㅋㅋ
1780575218137,ㅋㅋㅋㅋㅋㅋㅋㅋㅋㅋㅋㅋㅋㅋ
1780575218139,ㅋㅋㅋㅋㅋㅋㅋㅋㅋㅋㅋㅋㅋㅋㅋ
1780575218179,ㅋㅋㅋㅋㅋㅋㅋㅋㅋㅋ
1780575218285,ㅋㅋㅋㅋㅋㅋㅋㅋㅋㅋㅋㅋㅋ
1780575218299,ㅋㅋㅋㅋㅋㅋㅋㅋㅋㅋㅋㅋㅋ
1780575218321,애기 태우고 카니발~
1780575218390,캬
1780575218428,ㅋㅋㅋㅋㅋㅋㅋㅋㅋㅋㅋㅋㅋㅋ
1780575218481,캬
1780575218827,ㅋㅋㅋㅋㅋ
1780575218887,ㅋㅋㅋㅋㅋㅋㅋㅋㅋㅋㅋㅋㅋㅋㅋㅋㅋ
1780575218969,ㅋㅋㅋㅋㅋㅋㅋㅋㅋㅋㅋㅋ
1780575219013,ㅋㅋㅋㅋㅋㅋㅋㅋㅋㅋㅋㅋㅋㅋㅋㅋㅋㅋㅋㅋㅋㅋㅋㅋㅋㅋㅋㅋㅋㅋㅋㅋㅋㅋㅋㅋㅋㅋㅋㅋㅋㅋㅋㅋㅋㅋㅋㅋㅋㅋㅋ
1780575219015,ㅋㅋㅋㅋㅋㅋㅋㅋㅋㅋㅋㅋㅋㅋㅋㅋㅋㅋㅋㅋㅋㅋㅋㅋㅋㅋㅋㅋ
1780575219082,ㅋㅋㅋㅋㅋㅋㅋㅋ
1780575219164,ㅋㅋㅋㅋㅋㅋㅋㅋㅋㅋ
1780575219168,ㅋㅋㅋㅋㅋㅋㅋㅋㅋ
1780575219189,ㅋㅋㅋㅋㅋㅋㅋㅋㅋㅋㅋㅋㅋㅋㅋㅋㅋㅋㅋ
1780575219191,ㅋㅋㅋㅋㅋㅋㅋ
1780575219192,ㅇㅈ
1780575219277,ㅋㅋㅋㅋㅋㅋㅋㅋㅋㅋㅋㅋㅋㅋㅋㅋㅋㅋㅋㅋㅋㅋ
1780575219288,ㅋㅋㅋㅋㅋㅋㅋㅋㅋㅋㅋㅋㅋㅋㅋㅋㅋㅋㅋㅋㅋㅋㅋㅋㅋㅋㅋㅋㅋㅋㅋ
1780575219313,ㅋㅋㅋㅋㅋㅋㅋㅋㅋㅋㅋㅋㅋㅋㅋㅋㅋㅋㅋㅋㅋㅋㅋㅋ
1780575219313,그 발언
1780575219342,ㅋㅋㅋㅋㅋㅋㅋㅋㅋㅋㅋㅋㅋㅋㅋㅋㅋ
1780575219428,팩토스
1780575219428,ㅋㅋㅋㅋㅋㅋㅋㅋㅋㅋㅋㅋㅋㅋ
1780575219458,너..........
1780575219461,ㅋㅋㅋㅋㅋㅋㅋ
1780575219522,ㅋㅋㅋㅋㅋㅋㅋㅋㅋㅋㅋㅋㅋㅋㅋㅋ
1780575219559,ㅋㅋㅋㅋㅋㅋㅋㅋ
1780575219649,ㅋㅋㅋㅋㅋㅋㅋㅋㅋㅋ
1780575219692,ㅋㅋㅋㅋㅋㅋㅋㅋㅋㅋ
1780575219725,ㅋㅋㅋㅋㅋ
1780575219788,ㅋㅋㅋㅋㅋㅋㅋㅋㅋㅋㅋㅋ
1780575219821,ㅋㅋㅋㅋㅋㅋㅋㅋㅋㅋ
1780575219822,ㅋㅋㅋㅋㅋㅋㅋㅋㅋㅋㅋㅋㅋ
1780575219868,ㅋㅋㅋㅋㅋㅋㅋㅋㅋㅋㅋㅋㅋㅋㅋㅋㅋㅋㅋㅋ
1780575219887,너어는
1780575219932,확신
1780575219976,ㅋㅋㅋㅋㅋㅋㅋㅋㅋㅋㅋㅋㅋㅋㅋㅋㅋㅋ
1780575220164,ㅋㅋㅋㅋㅋㅋㅋㅋㅋㅋㅋㅋㅋㅋㅋㅋㅋㅋㅋㅋㅋㅋㅋㅋㅋㅋㅋㅋㅋㅋㅋㅋㅋ
1780575220192,헉
1780575220227,ㅋㅋㅋㅋㅋㅋㅋㅋㅋㅋㅋㅋㅋㅋㅋㅋㅋㅋㅋㅋ
1780575220341,ㅋㅋㅋㅋㅋㅋㅋㅋㅋㅋㅋㅋㅋㅋㅋㅋㅋㅋㅋㅋㅋㅋㅋㅋㅋㅋㅋㅋㅋ
1780575220341,ㅇㅈ
1780575220518,ㅋㅋㅋㅋㅋㅋㅋ 바로
1780575220625,예능 참 잘해
1780575220647,ㅋㅋㅋㅋㅋㅋㅋㅋㅋㅋㅋㅋㅋㅋㅋㅋㅋㅋㅋㅋ
1780575220693,ㅋㅋㅋㅋㅋㅋㅋㅋㅋㅋㅋㅋㅋㅋㅋㅋㅋ
1780575220772,ㅋㅋㅋㅋㅋㅋㅋㅋㅋㅋㅋㅋㅋㅋㅋ
1780575221112,캬
1780575221138,잘한테
1780575221175,{:d_126:}{:d_126:}{:d_126:}
1780575221235,ㅋㅋㅋ
1780575221252,정확해
1780575221313,너 잘한다
1780575221335,ㅋㅋㅋㅋㅋㅋㅋㅋㅋㅋㅋ
1780575221439,ㅋㅋㅋㅋㅋㅋㅋㅋㅋㅋㅋㅋㅋㅋ
1780575221458,미혼이셔?
1780575221525,맞긴 해 ㅋㅋㅋㅋㅋㅋㅋㅋㅋㅋㅋ
1780575221625,{:d_44:}{:d_44:}{:d_44:}{:d_44:}
1780575221706,예늘감 ㅈ돼 ㅋㅋ
1780575221799,카니발
1780575221834,ㅋㅋㅋㅋㅋㅋㅋㅋㅋㅋㅋㅋㅋㅋㅋ
1780575221862,핵심을 찔렀어
1780575221894,ㅋㅋㅋㅋㅋㅋㅋㅋㅋㅋㅋㅋ
1780575221933,ㅋㅋㅋㅋㅋㅋㅋㅋㅋㅋㅋㅋㅋㅋㅋ
1780575221940,미혼 ㅋㅋㅋ
1780575221944,완벽한 딸 아빠상
1780575222212,차잘알
1780575222360,ㅋㅋㅋㅋㅋㅋㅋㅋㅋㅋㅋㅋ
1780575222491,37세?
1780575222546,미혼 ㅋㅋ
1780575222608,ㅈㄴ 유부남상ㅋㅋㅋㅋ
1780575222685,잘하네 ㅋㅋㅋㅋㅋㅋㅋㅋㅋㅋㅋㅋㅋㅋㅋㅋㅋㅋㅋㅋㅋㅋㅋㅋㅋ
1780575222730,ㅋㅋㅋㅋㅋㅋㅋㅋㅋㅋㅋㅋㅋㅋㅋㅋㅋㅋㅋㅋㅋㅋㅋㅋㅋㅋㅋㅋㅋㅋㅋㅋ
1780575222744,ㅋㅋㅋㅋㅋㅋㅋ
1780575222769,애기 카니발 국룰
1780575222986,ㅋㅋㅋㅋㅋㅋㅋㅋㅋㅋㅋㅋㅋㅋㅋㅋㅋㅋㅋㅋㅋㅋㅋㅋㅋㅋㅋㅋㅋ
1780575223005,ㅋㅋㅋㅋㅋㅋㅋㅋㅋㅋㅋㅋㅋㅋㅋㅋㅋㅋㅋㅋㅋㅋㅋㅋㅋㅋㅋㅋㅋ
1780575223113,확신의 기혼상 ㅋㅋ
1780575223182,ㅆㅇㅈ
1780575223191,37세라고???
1780575223339,노주현씨 ㅋㅋㅋ
1780575223352,ㅋㅋㅋㅋㅋㅋㅋㅋㅋㅋㅋㅋㅋㅋㅋ 확신의 기혼상
1780575223374,ㅇㅈㅋㅋㅋㅋㅋㅋㅋ
1780575223612,ㅋㅋㅋㅋㅋㅋㅋㅋㅋㅋㅋㅋㅋㅋㅋㅋㅋ
1780575223631,헉 ㅋㅋㅋㅋ
1780575223873,ㅋㅋㅋㅋㅋㅋㅋㅋㅋ
1780575223908,ㅋㅋㅋㅋㅋㅋㅋㅋㅋㅋㅋㅋㅋㅋㅋㅋㅋㅋㅋㅋㅋㅋㅋ
1780575223961,관상이 그래
1780575223986,와 30대임?
1780575224143,무조건 애 둘은 있어야지 음음
1780575224266,정답
1780575224326,37세요?
1780575224370,미혼이셔?
1780575224450,자동반사
1780575224491,ㅋㅋㅋㅋㅋㅋㅋㅋㅋㅋ
1780575224496,ㅋㅋㅋㅋㅋㅋㅋㅋㅋㅋㅋㅋㅋㅋㅋㅋㅋㅋㅋㅋㅋㅋㅋ
1780575224526,ㅋㅋㅋㅋㅋㅋㅋㅋㅋㅋㅋㅋㅋㅋ
1780575224560,확신의 기혼상
1780575224570,ㅋㅋㅋㅋㅋㅋㅋㅋㅋㅋ
1780575224633,ㅇㅈ
1780575224710,카니발상
1780575225214,ㅋㅋㅋㅋㅋㅋㅋㅋㅋㅋㅋㅋㅋㅋㅋㅋㅋㅋㅋㅋㅋㅋㅋㅋㅋㅋㅋㅋㅋㅋㅋㅋㅋㅋㅋㅋㅋㅋㅋㅋㅋㅋㅋㅋㅋㅋㅋㅋㅋㅋㅋㅋㅋㅋㅋㅋㅋㅋㅋㅋㅋㅋㅋㅋㅋㅋㅋㅋㅋㅋㅋㅋㅋㅋㅋㅋㅋㅋㅋㅋㅋㅋㅋㅋㅋㅋㅋㅋㅋㅋㅋㅋㅋㅋㅋㅋㅋㅋㅋ
1780575225250,잘해 ㅋㅋㅋㅋㅋㅋㅋㅋㅋㅋㅋ
1780575225312,확신의 유부상
1780575225491,확신의 기혼상 ㅋㅋㅋㅋ
1780575225679,ㅈㄴ 솔직하네 ㅋㅋㅋㅋㅋ
1780575225938,ㅋㅋㅋㅋㅋㅋㅋㅋㅋㅋ
1780575225970,유부상
1780575225985,망설임이 없어
1780575226033,잘한다
1780575226391,ㅋㅋㅋㅋㅋㅋㅋㅋㅋㅋㅋㅋㅋㅋㅋㅋㅋㅋㅋㅋㅋ
1780575226411,예능 잘해 ㅋㅋㅋ
1780575226431,맞말
1780575226447,맞긴해
1780575226481,순수해서 개웃김
1780575226550,이게 존나웃김 ㅋㅋㅋㅋㅋㅋ
1780575227100,확신의 유부남상 ㅋㅋ
1780575227278,카니발상
1780575227305,기혼상 ㅋㅋ
1780575227311,37세요?????????????????
1780575227352,누가봐도 유부남인데
1780575227918,졸라귀엽네 ㅋㅋㅋㅋ
1780575227963,개웃곀 ㅋㅋㅋㅋㅋㅋㅋㅋㅋㅋㅋㅋㅋㅋㅋㅋㅋㅋㅋㅋ
1780575228334,차문 열면 시트있을거같음
1780575228445,잘한다 ㅋㅋㅋㅋㅋㅋㅋㅋㅋ
1780575228553,ㅋㅋㅋㅋㅋㅋㅋㅋㅋㅋㅋㅋㅋㅋㅋㅋㅋㅋㅋㅋㅋㅋㅋ
1780575228795,ㅋㅋㅋㅋㅋㅋㅋㅋㅋㅋㅋㅋㅋ
1780575229064,37세라고??
1780575229223,유부상이긴해
1780575229237,ㅋㅋㅋㅋㅋㅋㅋㅋㅋㅋㅋㅋㅋㅋ
1780575229345,ㅋㅋㅋㅋㅋㅋㅋㅋㅋㅋㅋㅋㅋㅋ
1780575229351,ㄱ-
1780575229375,ㅋㅋㅋㅋㅋㅋㅋㅋㅋㅋㅋㅋㅋㅋ
1780575229622,ㅋㅋㅋㅋㅋㅋㅋㅋㅋㅋㅋㅋㅋㅋㅋㅋㅋㅋㅋㅋㅋ
1780575229692,ㅋㅋㅋㅋㅋㅋㅋㅋㅋㅋㅋㅋㅋㅋㅋㅋㅋㅋㅋㅋㅋ
1780575229849,ㅋㅋㅋㅋㅋㅋㅋㅋㅋㅋㅋㅋㅋㅋㅋㅋㅋㅋㅋㅋㅋ
1780575229866,ㅋㅋㅋㅋㅋㅋㅋㅋㅋㅋㅋ
1780575229948,ㅋㅋㅋㅋㅋㅋㅋ
1780575230121,ㅋㅋㅋㅋㅋㅋㅋㅋㅋㅋㅋㅋㅋㅋㅋㅋㅋㅋㅋㅋㅋㅋㅋ
1780575230190,ㅋㅋㅋㅋㅋㅋㅋㅋ
1780575230441,아이오닉5
1780575230468,ㅋㅋㅋㅋㅋㅋㅋㅋㅋ
1780575230481,없다고?
1780575230481,ㅋㅋㅋㅋㅋㅋㅋㅋㅋㅋㅋ
1780575230504,ㅋㅋㅋㅋㅋㅋㅋㅋㅋ
1780575230598,ㅋㅋㅋㅋㅋㅋㅋㅋㅋㅋㅋㅋ
1780575230680,ㅇㅈ.
1780575230726,ㅋㅋㅋㅋㅋㅋㅋㅋㅋㅋ
1780575230782,ㅋㅋㅋㅋㅋㅋㅋㅋㅋㅋㅋㅋ
1780575230892,확신의 딸아빠상
1780575231210,ㅋㅋㅋㅋㅋㅋㅋㅋㅋㅋㅋㅋ
1780575231227,ㅋㅋㅋㅋㅋㅋㅋㅋㅋㅋㅋㅋㅋ
1780575231281,뚜벅이
1780575231300,ㅋㅋㅋㅋㅋ
1780575231475,ㅋㅋㅋㅋㅋㅋㅋㅋ
1780575231510,ㅋㅋㅋㅋㅋㅋㅋㅋㅋㅋㅋㅋㅋㅋ
1780575231515,ㅋㅋㅋㅋㅋㅋㅋㅋㅋㅋㅋㅋㅋㅋㅋㅋㅋ
1780575231621,ㅋㅁㅋㅋㅋㅋㅋㅋㅋㅋ
1780575231712,ㅋㅋㅋㅋㅋㅋㅋㅋㅋ
1780575231718,ㅋㅋㅋㅋㅋㅋㅋㅋㅋㅋㅋㅋㅋㅋㅋㅋ
1780575231756,선민이횽 88이야
1780575231836,ㅋㅋㅋㅋㅋㅋㅋㅋㅋㅋㅋ
1780575231848,ㅋㅋㅋㅋㅋㅋㅋㅋㅋ
1780575232058,ㅋㅋㅋㅋㅋㅋㅋㅋㅋㅋㅋㅋㅋㅋㅋ
1780575232066,ㅋㅋㅋㅋㅋㅋㅋㅋㅋㅋㅋㅋㅋㅋㅋㅋㅋㅋㅋㅋㅋㅋㅋㅋㅋㅋㅋㅋㅋㅋㅋㅋㅋㅋㅋㅋㅋㅋㅋㅋㅋㅋㅋ
1780575232102,지하철
1780575232173,ㅋㅋㅋㅋㅋㅋㅋㅋㅋㅋ
1780575232252,ㅋㅋㅋㅋㅋㅋㅋ
1780575232326,ㅋㅋㅋㅋㅋㅋㅋㅋㅋㅋ
1780575232350,ㅋㅋㅋㅋㅋㅋㅋㅋㅋㅋㅋㅋ
1780575232380,ㅋㅋㅋㅋㅋㅋㅋㅋㅋ
1780575232439,ㅋㅋㅋㅋㅋㅋㅋ
1780575232611,지하철ㅋㅋ
1780575232627,ㅋㅋㅋㅋ지하철
1780575232725,ㅋㅋㅋㅋㅋㅋㅋㅋㅋㅋㅋㅋㅋㅋㅋㅋㅋㅋㅋㅋㅋㅋㅋㅋㅋㅋㅋㅋㅋㅋㅋㅋㅋㅋㅋㅋㅋㅋㅋㅋㅋㅋㅋㅋㅋㅋㅋㅋㅋㅋ
1780575232851,ㅋㅋㅋㅋㅋㅋㅋㅋㅋㅋㅋㅋㅋ
1780575232921,ㅋㅋㅋㅋㅋㅋㅋ
1780575232982,ㅋㅋㅋㅋㅋㅋㅋㅋㅋㅋㅋㅋㅋㅋㅋㅋㅋㅋㅋㅋㅋㅋ
1780575232995,노빠꾸 ㅋㅋㅋㅋㅋ
1780575233044,ㅋㅋㅋㅋㅋㅋㅋㅋㅋㅋㅋㅋㅋㅋㅋㅋㅋ
1780575233065,ㅋㅋㅋㅋ
1780575233173,ㅋㅋㅋㅋㅋㅋㅋㅋㅋㅋㅋㅋㅋㅋㅋ
1780575233231,지하철 ㅋㅋㅋㅋㅋㅋㅋ
1780575233300,ㅋㅋㅋㅋㅋㅋㅋㅋㅋ
1780575233428,ㅋㅋㅋㅋㅋㅋㅋㅋㅋ
1780575233470,뚜벅이
1780575233474,뚜벅이상
1780575233627,지하철ㅋㅋㅋㅋ
1780575233635,ㅋㅋㅋㅋㅋㅋㅋㅋㅋㅋㅋㅋㅋㅋㅋㅋㅋㅋㅋㅋㅋㅋㅋㅋㅋㅋㅋㅋㅋㅋㅋ
1780575233658,뚜벅이
1780575233764,ㅋㅋㅋㅋㅋㅋㅋㅋㅋㅋㅋㅋㅋㅋ
1780575233940,지하철ㅋㅋㅋㅋㅋㅋㅋㅋㅋㅋㅋㅋㅋㅋㅋㅋㅋㅋㅋㅋㅋㅋㅋㅋㅋㅋ
1780575233958,저런
1780575233980,ㅋㅋㅋㅋㅋㅋㅋㅋㅋㅋ
1780575234001,뚜벅이상
1780575234023,BMW
1780575234025,ㅋㅋㅋㅋㅋㅋㅋㅋㅋㅋㅋㅋㅋㅋ
1780575234197,ㅋㅋㅋㅋ
1780575234262,버스
1780575234343,ㅋㅋㅋㅋㅋㅋㅋㅋㅋㅋ
1780575234397,잘하네
1780575234434,ㅋㅋㅋㅋㅋㅋㅋㅋㅋㅋㅋㅋ
1780575234522,k5
1780575234637,ㅋㅋㅋㅋ
1780575234853,ㅋㅋㅋㅋㅋㅋㅋㅋㅋㅋㅋ
1780575234879,ㅋㅋㅋㅋㅋㅋㅋㅋㅋㅋㅋㅋㅋㅋㅋ
1780575234960,ㅋㅋㅋㅋㅋㅋㅋㅋ지하철
1780575234994,bmw
1780575234996,ㅋㅋㅋㅋㅋㅋㅋㅋㅋㅋㅋ
1780575235121,ㅋㅋㅋㅋㅋㅋㅋㅋㅋㅋㅋㅋㅋㅋㅋㅋㅋㅋ뚜벅이
1780575235180,잘 치네 ㅋㅋ
1780575235303,ㅋㅋㅋㅋㅋㅋㅋㅋㅋㅋㅋ
1780575235306,뚜벅이 ㅋㅋㅋ
1780575235437,뚜벅이가 어울리는 남자 ㅋㅋㅋㅋ
1780575235920,ㅋㅋㅋㅋㅋㅋㅋㅋㅋㅋㅋㅋㅋㅋㅋㅋ
1780575235976,B. M. W
1780575236018,예능을 잘하긴하네
1780575236077,뚜벅이
1780575236122,BMW BMW
1780575236135,지하철 ㅋㅋㅋㅋㅋㅋ
1780575236285,지하철
1780575236320,bmw타는 이미지
1780575236440,버스 메트로 웤
1780575236471,확신의 뚜벅이상
1780575236510,뚜벅이 ㅋㅋ
1780575236578,ㅋㅋㅋㅋㅋㅋㅋㅋㅋㅋㅋㅋㅋㅋ
1780575236681,뚜벅이 ㅋㅋㅋㅋ
1780575236746,노빠ㄱ
1780575237161,개웃기네
1780575237214,잘치네 ㅋㅋㅋ
1780575237284,BMW
1780575237296,캬
1780575237503,잘하네 ㅋㅋㅋㅋㅋㅋㅋ
1780575237622,버스 지하철
1780575237630,와 개웃기네 이거
1780575237855,확신의 지하철상
1780575238187,ㅋㅋㅋㅋㅋㅋㅋㅋㅋ
1780575238243,애기 태우고 카니발
1780575238299,개빡구없네 ㅋㅋㅋㅋㅋㅋㅋㅋㅋ
1780575238449,지하철ㅋㅋㅋㅋㅋㅋㅋㅋㅋㅋ
1780575238579,k5
1780575238786,아이오닉 5
1780575238881,말잘하네
1780575238952,노빠꾸네
1780575239099,재밌네
1780575239111,좀 침
1780575239250,핥어택 내심장을 공격해
1780575239419,센스있네
1780575239639,카니발 룩 ㅋㅋㅋ
1780575239657,뚜벅이상ㅋㅋㅋㅋㅋㅋㅋㅋㅋㅋㅋㅋㅋㅋㅋㅋㅋㅋㅋ
1780575239862,BMW
1780575239934,할트어텍~ 내심장을 공격해
1780575240123,Bus Metro Walk
1780575240136,잘쳐 ㅋㅋㅋ
1780575240270,ㅋㅋㅋㅋㅋㅋ잘해
1780575240344,커엽네
1780575240435,매력있다
1780575240538,되게 직설적이시네
1780575240575,ㅋㅋㅋㅋㅋㅋㅋㅋㅋㅋㅋㅋㅋㅋ
1780575240744,잘쳐
1780575240777,잘 쳐
1780575240876,아니 어떻게 37세
1780575240895,bmw ㅋㅋㅋ
1780575240950,잘한다
1780575241129,좀칩니다
1780575241327,테토녀
1780575241473,잘 치지 ㅋㅋㅋ
1780575242069,아이오닉 차주ㅋㅋ
1780575242111,예능감이 좋아
1780575242156,뚜벅이성
1780575242279,WWE 센스있는데?
1780575242403,잘친다
1780575242501,재밌음
1780575242688,예능감 있음
1780575242746,ㄹㅇ
1780575242749,뚜벅이상 ㅋㅋ
1780575243038,공항버스 ㅋㅋ
1780575243147,예능 잘하셔
1780575243353,잘치는데 ㅋㅋㅋ
1780575243544,예능 센스가 있어
1780575243595,잘쳐
1780575243619,좀 치네
1780575243687,예능감이 좋음
1780575243849,이거 개그맨 2명이 진짜 잘해줌
1780575243864,잘치네
1780575243880,재밌음 ㅇㅇ
1780575243961,파이리
1780575244091,ㅇㅇ 벌써 재밌음
1780575244389,이선민 미혼인게 ㅈㄴ 웃겨 ㅋㅋㅋ
1780575244571,사람냄새가 남
1780575244574,감겼네
1780575244699,ㄹㅇ
1780575244753,재밌음ㅋㅋ
1780575244788,웃기네ㅋㅋ
1780575244914,그러네
1780575245182,감긴다 ㅋㅋ
1780575245218,재밌음 ㄹㅇ ㅋㅋㅋ
1780575245255,감긴다
1780575245275,저게 재밌음
1780575245281,예능 잘하더라
1780575245386,이거 재밌어 시리즈
1780575245557,저거 재밌음
1780575245638,재밌음 저거
1780575245729,말 개잘함
1780575245797,원이가 잘치긴해
1780575245826,카니발은 진짜 ㅇㅈ
1780575245836,예늘 잘해
1780575245845,ㅇㅇ 재밌음 ㅋㅋㅋㅋ
1780575246000,재밌음
1780575246008,좀 치네 ㅋㅋㅋ
1780575246056,정주행각임
1780575246086,치는데 ㅋㅋㅋ
1780575246321,존잼임 ㅋㅋ
1780575246393,뜬 이유가 있음
1780575246550,걍 개웃김
1780575246748,재밌음
1780575246766,ㄹㅇㅋㅋ
1780575246858,ㅈㄴ재밌음
1780575246965,진짜 재밌음 ㅋㅋ
1780575247024,ㄹㅇ
1780575247088,저거 재밌음 ㅇㅇ
1780575247135,ㅋㅋㅋㅋㅋㅋㅋ
1780575247206,\재밌네
1780575247345,진짜 재밌음
1780575247410,예능감이좋아 ㅋㅋ
1780575247412,뚜벅이상 개웃기네ㅋㅋㅋㅋㅋㅋㅋㅋㅋㅋㅋㅋㅋㅋㅋㅋㅋ
1780575247420,예능감이 좋음
1780575247477,예능감이 좋긴함
1780575247542,재밌음
1780575247577,ㅈㄴ 웃겨 저거
1780575247696,ㄹㅇ
1780575247713,예능 좀 치네
1780575247720,개그좀침
1780575247823,재밌는거 짱많음
1780575247836,ㅈㄴ웃기네
1780575247880,파이리 예능감 있어
1780575247976,예능 잘함
1780575247989,데뷔1년차 치고 잘치네
1780575248014,ㅈㄴ웃김 ㅋㅋㅋ
1780575248281,대선민
1780575248307,잘침
1780575248592,이거 재밌음 ㅋㅋ
1780575248705,ㄹㅇ
1780575248801,이선민이 개잘함ㅋㅋㅋ
1780575248872,ㄹㅇ 개재밋음
1780575249180,나 이거보고 팬됐자너
1780575249201,예능감 좋네
1780575249296,감이 있더라
1780575249303,재밌음
1780575249351,재밌음 ㅋㅋㅋㅋㅋㅋㅋㅋ 연수아저씨
1780575249416,재밌음
1780575249536,재밌음
1780575249923,저 멤버 조합이 사기임ㅇ ㅇ
1780575249951,쌍방이 재밌는데
1780575249957,ㅇㅇ 예능을잘함 ㅋㅋㅋ
1780575250364,저거 재밌어ㅋㅋ
1780575250380,원이웃김
1780575250443,잘침ㄹㅇ
1780575250699,ㅋㅋㅋㅋ
1780575250852,컨텐츠 재밌더라
1780575250997,최근에 영포티라고 대놓고 말한것도 웃기던데
1780575251047,ㄹㅇ 예능감이 미쳤음
1780575251186,ㅈㄴ 재밌음 ㄹㅇ
1780575251406,그쵸
1780575251975,예능감 있어
1780575252446,개그맨 2명이 캐리함
1780575252589,실 운전이네
1780575252903,셋이 케미가 좋음
1780575253197,아스날이다
1780575253294,치고빠지는거 개잘함
1780575253513,매력있어
1780575253696,진짜 저거 처음본날 정주행함
1780575254285,피디가 감다살임
1780575254372,웃을떄가 진짜 예뻐
1780575254541,예능으 ㄹ잘해요
1780575254551,결국 파이리가 잘해
1780575254583,거침이 없네
1780575254610,이선민이 그냥 미친사람임
1780575255346,저거 개웃
1780575255759,나의 연수 아저씨 개꿀잼임 ㅋㅋ
1780575256844,케미가좋던데
1780575257217,풀버전 정주행 다함
1780575258569,빼는 게 없어
1780575258679,오
1780575259267,ㄷㄷ
1780575259570,와
1780575260460,빡세긴해
1780575260540,핸들 건들지마라
1780575260740,도로 와이라나
1780575261258,진짜 목숨걸고 방송한다니까
1780575261298,ㅋㅋㅋㅋㅋㅋㅋㅋㅋㅋㅋㅋㅋㅋㅋㅋㅋㅋㅋ
1780575261793,어어어
1780575262020,으아
1780575262615,란데뷰~
1780575262811,탱딜이 다되는 애임 ㅋㅋ
1780575263464,파이리가 참잘해
1780575263544,어어
1780575263580,저땐 좀 친해졌을 때
1780575263767,ㅋㅋㅋㅋㅋㅋㅋㅋㅋ
1780575264149,어
1780575264336,초보한테는 어려움
1780575264346,오요오요
1780575264410,오우
1780575264445,ㅋㅋㅋㅋㅋㅋㅋㅋㅋㅋㅋㅋㅋㅋ
1780575264688,ㅋㅋㅋㅋㅋㅋㅋㅋㅋㅋㅋㅋㅋㅋㅋㅋㅋㅋㅋㅋ
1780575264699,와 리얼컨텐츠머임
1780575264744,ㅗㅠㅗㅠ
1780575264830,ㅋㅋㅋㅋㅋㅋㅋㅋ
1780575264853,ㅋㅋㅋㅋㅋㅋㅋㅋㅋㅋㅋㅋㅋㅋ
1780575264886,ㅋㅋㅋㅋㅋㅋㅋ
1780575264946,ㅋㅋㅋㅋㅋㅋㅋㅋㅋㅋ
1780575265209,ㅋㅋㅋㅋㅋㅋ
1780575265406,아으
1780575265531,ㅋㅋㅋㅋㅋㅋㅋㅋㅋㅋㅋㅋㅋ
1780575265973,ㅋㅋㅋㅋㅋㅋㅋㅋㅋㅋㅋㅋㅋㅋ
1780575266016,ㅋㅋㅋㅋㅋㅋㅋㅋㅋㅋ
1780575266057,ㅋㅋㅋㅋㅋㅋㅋ
1780575266077,맞나요 만나요ㅋ
1780575266243,어우 식은땀 나
1780575266307,zzzz
1780575266527,이쒀 ㅋㅋ
1780575266697,ㅋㅋㅋㅋㅋㅋㅋㅋㅋ
1780575266746,ㅋㅋㅋㅋㅋㅋㅋㅋㅋㅋㅋㅋ
1780575266851,ㅋㅋㅋㅋㅋㅋㅋㅋㅋㅋㅋㅋ
1780575266870,호들갑
1780575267372,개무섭다
1780575267388,아스날 앙리 유니폼 근본
1780575267716,ㅋㅋㅋㅋㅋㅋㅋㅋㅋㅋㅋ
1780575268028,ㅋㅋㅋㅋㅋㅋㅋㅋㅋㅋ
1780575268036,표정 ㅋㅋㅋ
1780575268112,해맑
1780575268153,ㅋㅋㅋㅋㅋㅋㅋㅋㅋ
1780575268225,해맑
1780575268299,{:d_116:}{:d_116:}{:d_116:}{:d_116:}
1780575268387,ㅋㅋㅋㅋㅋㅋㅋㅋㅋㅋㅋㅋㅋㅋㅋ
1780575268466,세명이 다 안절부절ㅋㅋㅋㅋㅋㅋ
1780575268539,ㅇㅇㅋㅋㅋㅋㅋㅋㅋㅋㅋㅋ
1780575268588,목숨을 건 촬영 ㄷㄷ
1780575268589,미소가 무섭다야
1780575268615,저런 주택가 진짜 몇센치 차이로 다녀야해서
1780575268771,ㅋㅋㅋㅋㅋㅋㅋㅋㅋㅋ
1780575268800,군침이 싸악
1780575268828,ㅋㅋㅋㅋㅋㅋㅋ
1780575268900,ㄱㅇㅇ
1780575269213,ㅋㅋㅋㅋㅋㅋㅋㅋㅋㅋ
1780575269245,어어어어
1780575269355,졸라귀엽네 ㅋㅋㅋ
1780575269376,ㅋㅋㅋㅋㅋㅋㅋ
1780575269399,킹스날
1780575269723,ㅋㅋㅋㅋㅋㅋㅋㅋㅋㅋ
1780575269767,무슨표정인데 ㅋㅋ
1780575270121,도로 난도 미쳤네 ㅋㅋㅋㅋ
1780575270140,파이리 웃는다
1780575270156,파이리
1780575270259,표정 ㅋㅋㅋㅋㅋㅋ
1780575270496,파이리 불꽃 발싸!
1780575270569,리얼씟이네
1780575270683,원이덕에 이선민 몸값도 엄청오름
1780575271442,구너네
1780575271645,무섭다
1780575271709,군침이 싹
1780575271909,^____^
1780575272068,양갈래 개귀엽
1780575272300,넣으시고요
1780575272417,ㅋㅋㅋㅋㅋㅋㅋㅋㅋㅋㅋㅋㅋㅋㅋㅋ
1780575272490,파이리웃음 ㅋㅋㅋ
1780575272730,^^
1780575272763,ㅋㅋㅋㅋㅋㅋㅋㅋㅋㅋㅋㅋㅋ
1780575272794,표정봐 ㅋㅋ
1780575272979,목숨을 건 컨텐츠
1780575273213,ㅋㅋㅋㅋㅋㅋ
1780575273995,파이리 커여줘
1780575273996,ㅋㅋㅋㅋㅋㅋㅋㅋㅋ
1780575274132,재밌지 아무것도 모를때는ㅋㅋㅋ
1780575274613,아스날 뭐지요?
1780575274618,어우
1780575274990,안절부절
1780575275348,와 목숨걸고 찍네
1780575275465,ㅋㅋㅋㅋ파이리개구ㅣ엽네
1780575275506,ㅋㅋㅋㅋ
1780575275570,ㅋㅋㅋㅋㅋㅋㅋㅋㅋㅋ
1780575275824,우회전 넣어
1780575275878,^v^
1780575275995,ㅋㅋㅋㅋㅋㅋㅋㅋㅋ
1780575275998,어어어
1780575276272,컨텐츠가 긴장감넘치는데
1780575277010,ㅋㅋㅋㅋㅋㅋㅋㅋㅋㅋㅋㅋㅋㅋㅋㅋㅋㅋㅋㅋㅋㅋㅋㅋㅋㅋㅋㅋ
1780575277458,ㅋㅋㅋㅋㅋㅋㅋㅋㅋㅋㅋㅋㅋㅋㅋ
1780575277650,으아아아아아
1780575277712,어어어
1780575277983,아스날 옷이 킥임
1780575278140,아오
1780575278142,ㅋㅋ
1780575278200,ㅋㅋㅋㅋㅋㅋㅋㅋㅋㅋㅋㅋㅋㅋㅋ
1780575278667,으아아아아
1780575278670,어어어어어
1780575279072,휴
1780575279148,들어가요~
1780575279297,어우
1780575279595,어어
1780575279763,해맑아 ㅋㅋ
1780575279862,어우
1780575280050,ㅋㅋㅋㅋㅋㅋㅋㅋㅋ
1780575280098,파이맄ㅋ
1780575280391,어어어~
1780575280668,{:d_116:}{:d_116:}{:d_116:}{:d_116:}{:d_116:}{:d_116:}
1780575280915,어흐...
1780575281219,들어가요우우
1780575281349,어어
1780575281487,ㅋㅋㅋㅋㅋㅋㅋㅋㅋㅋㅋㅋㅋㅋ
1780575281617,오~~~~~
1780575281843,어ㅓㅓㅓㅓ
1780575281948,휴
1780575282137,ㅋㅋㅋㅋㅋ
1780575282143,{:d_126:}{:d_126:}{:d_126:}{:d_126:}
1780575282788,어우 쫄려
1780575282970,휴
1780575282995,컨텐츠가 ㄹㅇ 목숨걸고 하네
1780575283634,어우
1780575283711,다들 난리ㅋㅋㅋㅋㅋㅋㅋ
1780575283716,ㅋㅋㅋㅋㅋㅋㅋㅋㅋㅋ
1780575284080,팔뭐야
1780575284197,?
1780575284214,손에 땀이나요
1780575284223,ㅋㅋㅋㅋㅋㅋ
1780575284360,위험한데 ㄷㄷ
1780575284483,해말ㄺ아 ㅋㅋ
1780575284556,운전 첨하면 안들림 ㄹㅇ..
1780575284586,?
1780575284624,유로트럭을 현실에서하노 ㅋㅋㅋ
1780575284693,ㅋㅋㅋㅋㅋㅋㅋㅋㅋㅋㅋㅋㅋㅋ
1780575284753,오투 유니폼ㅋㅋㅋㅋㅋㅋㅋㅋㅋ
1780575284786,{:d_116:}{:d_116:}{:d_116:}{:d_116:}{:d_116:}{:d_116:}{:d_116:}
1780575285009,아스날
1780575285173,팔 뭐냐
1780575285215,핸들링이
1780575285476,핸들 ㅋㅋ
1780575285589,근데 도로가 어렵다
1780575286209,핸들링 ㅋㅋㅋㅋㅋㅋㅋㅋㅋ
1780575286219,{:d_116:}{:d_116:}{:d_116:}{:d_116:}{:d_116:}{:d_116:}
1780575286238,어이
1780575286476,ㅋㅋㅋㅋㅋㅋㅋㅋㅋㅋㅋㅋㅋㅋㅋ
1780575286491,해맑아 ㅋㅋ
1780575286652,팖걲는거 ㅋㅋㅋㅋ
1780575286740,손 x
1780575286796,ㅋㅋㅋㅋㅋㅋㅋㅋㅋㅋㅋㅋㅋㅋ
1780575287002,팔 뭐야
1780575287066,방금 팔 뭐야
1780575287090,ㅋㅋㅋㅋㅋㅋㅋ
1780575287165,어우 ㅋㅋ
1780575287362,ㅋㅋㅋㅋㅋㅋㅋㅋㅋㅋㅋㅋㅋㅋㅋㅋㅋㅋㅋㅋㅋㅋㅋ
1780575287378,손x
1780575287569,핸들을 ㅋㅋ
1780575287698,ㄱ-
1780575287744,보기만해도 쫄리네
1780575287752,어 아스날옷
1780575287853,ㅋㅋㅋㅋㅋㅋㅋㅋㅋㅋㅋ
1780575287910,누가 저래 핸들링을 ㅋㅋㅋ
1780575287910,목숨걸고 방송
1780575287956,교차
1780575288022,핸들링이
1780575288181,핸들링 ㅋㅋㅋ
1780575288335,팔자를
1780575288626,핸들링 미치겠네 ㅋㅋㅋㅋㅋㅋㅋㅋㅋㅋㅋㅋ
1780575288790,ㅋㅋㅋㅋㅋㅋㅋㅋㅋㅋ
1780575288815,아스날 옷 뭐지요
1780575289208,핸들링 ㅋㅋ
1780575289476,ㅋㅋㅋㅋㅋㅋㅋㅋㅋㅋㅋㅋㅋㅋㅋ
1780575289641,아오 브레이크 밟게되네
1780575289643,태극권인가
1780575289696,ㅋㅋㅋㅋㅋㅋㅋㅋㅋㅋㅋㅋ
1780575289831,ㅋㅋㅋㅋㅋㅋㅋㅋㅋㅋㅋ
1780575289849,아스날 ㅋㅋ
1780575290072,ㅋㅋㅋㅋㅋㅋㅋㅋㅋㅋㅋㅋ핸들링
1780575290089,ㅋㅋㅋㅋㅋㅋ
1780575290136,ㅋㅋㅋㅋㅋㅋㅋ
1780575290416,ㅋㅋㅋㅋㅋ
1780575290471,교차 ㅋㅋㅋㅋ
1780575290486,ㅋㅋㅋ
1780575290671,ㅋㅋㅋㅋㅋㅋㅋㅋㅋㅋㅋㅋㅋ
1780575290718,ㅋㅋㅋㅋㅋㅋㅋㅋㅋ
1780575290840,ㅋㅋㅋㅋㅋ
1780575290963,ㅋㅋㅋㅋㅋㅋㅋㅋㅋㅋㅋㅋㅋㅋ
1780575290990,pd가 연습하고 오라고 하던데
1780575291019,ㅋㅋㅋㅋㅋㅋㅋㅋㅋㅋㅋ
1780575291638,ㅋㅋㅋㅋㅋㅋㅋㅋㅋㅋㅋㅋㅋ
1780575291965,코끼리코 ㅋㅋ
1780575292597,ㅋㅋㅋㅋㅋㅋㅋㅋㅋㅋㅋㅋㅋ
1780575292720,구평 ㅋㅋㅋㅋㅋㅋㅋㅋㅋ
1780575292762,핸들링 숨막혀
1780575292855,ㅋㅋㅋㅋㅋㅋㅋㅋㅋ
1780575293028,ㅋㅋㅋㅋㅋㅋㅋㅋㅋㅋㅋㅋㅋㅋ
1780575293128,ㅋㅋㅋㅋㅋㅋㅋㅋㅋㅋㅋㅋ
1780575293339,핸들링 레전드
1780575293500,ㅋㅋㅋㅋㅋㅋㅋㅋㅋㅋ
1780575293566,ㅋㅋㅋㅋㅋㅋㅋ
1780575293992,ㅋㅋㅋㅋㅋㅋㅋㅋ
1780575294267,존나웃기네
1780575294426,뿌ㅜㅜㅜㅜㅜ
1780575294524,코끼리 코 ㅋㅋㅋㅋ
1780575294810,ㅋㅋㅋㅋㅋㅋㅋㅋㅋ
1780575295005,주먹감자를
1780575295022,ㅋㅋㅋㅋㅋ
1780575295096,개평
1780575295529,어으.. 브레이크좀
1780575295596,아스날 버건디 이쁜거 입었네
1780575295612,아니 핸들을...
1780575295680,ㅋㅋㅋㅋㅋㅋㅋㅋㅋㅋㅋㅋㅋㅋㅋㅋㅋㅋㅋㅋㅋㅋㅋㅋㅋㅋㅋㅋㅋ
1780575296050,무서워
1780575296131,ㅋㅋㅋㅋ
1780575296189,아스날이네
1780575296643,지뇨야 참아
1780575296923,ㅋㅋㅋㅋㅋㅋㅋㅋㅋㅋㅋ
1780575296978,ㅋㅋㅋㅋㅋㅋㅋㅋ
1780575297154,목숨걸고 찍네 ㅋㅋㅋㅋㅋ
1780575297372,여기 회사 대표가 아스날팬이래
1780575297440,ㅋㅋㅋㅋㅋㅋㅋㅋㅋㅋㅋㅋ
1780575297581,습박ㅋㅋㅋ
1780575297764,아스날 겁나이쁠때네
1780575297812,와 목숨걸고하네
1780575298679,아찔하긴해 ㅋ
1780575298915,구너임 ㄹㅇ
1780575299008,엘리펀트 핸들링
1780575299118,ㄹㅇㅋㅋ
1780575299442,코끼리코 운전법 ㄷㄷ
1780575299444,ㄹㅇ
1780575299997,ㄹㅇ
1780575300013,아스날 뭐지
1780575300544,겁없어
1780575300700,숨막히는 30초..
1780575300895,진짜
1780575300971,ㅇㅈ
1780575300988,캬
1780575301018,ㅋㅋㅋ
1780575301102,이뻐서 ㄱㅊ
1780575301318,?
1780575301320,ㄹㅇ
1780575301333,ㄹㅇ
1780575301349,ㅇㅈ
1780575301402,ㅇㅇㅇㅇ
1780575301517,ㄹㅇ
1780575301666,ㄹㅇ
1780575301724,ㄹㅇ
1780575301731,스무스하게 가네
1780575301734,겁이 없어
1780575301837,ㄹㅇ안쫄아
1780575302020,ㄹㅇㄴㅋㅋ
1780575302038,근데 다 까먹음
1780575302190,ㅇㅇ 겁이없어
1780575302263,ㄹㅇ
1780575302297,아찔하네
1780575302364,과감헤
1780575302381,아찔하긴한데
1780575302408,ㅋㅋㅋㅋㅋㅋㅋㅋㅋㅋㅋㅋ
1780575302491,?
1780575302767,멀티가 됨
1780575302889,ㄹㅇ
1780575302897,구너네
1780575302902,ㅇㅈ
1780575303128,ㄹㅇ
1780575303176,초보인데
1780575303184,겁이없어 ㅋㅋ
1780575303206,목숨걸고 우넞ㄴ
1780575303260,ㄹㅇ
1780575303389,처음운전 저렇게 못함
1780575303415,안쫄긴한다
1780575303462,잘하긴해
1780575303563,말걸면 어지러움
1780575303596,fd
1780575303677,코너링은 재능이야
1780575303726,레이싱재능이여?
1780575303950,겁
1780575304153,그래도 꽤 안정적인데
1780575304185,무서워서 못함
1780575304224,아직 무사고
1780575304306,안쫄잖아
1780575304663,안쫄아야됨
1780575304757,?
1780575305235,겁럾음
1780575305237,스릴감있게함
1780575305290,겁이 없네
1780575305330,아스날
1780575305351,겁이 없어야해
1780575305513,초보인데 이정도면
1780575305566,안나가
1780575305596,겁이 많아
1780575305607,반응
1780575305695,차폭 개념
1780575305784,하나도 안쫄아
1780575305809,초보치고 진짜 잘하는거야
1780575305849,겁이 많음
1780575305971,감아주는거 배워야돼
1780575305990,안쫄아
1780575305999,겁이 많음
1780575306049,긴장하면 더 실수하긴해
1780575306284,머뭇거려
1780575306370,침착
1780575306538,겁이 없어
1780575306565,겁
1780575306567,겁이 없잖아
1780575306593,겁이 없네
1780575306708,ㄹㅇ
1780575306771,쫄아
1780575306936,멈칫멈칫
1780575306955,엑셀을 안 밟아
1780575306988,겁먹음
1780575307027,개쫌
1780575307059,개쫄보
1780575307082,일단 겁이 없음
1780575307118,겁이많아
1780575307303,겁이 너무 많아
1780575307327,겁이 없음
1780575307332,가다 멈춰
1780575307333,일단 겁이 없네
1780575307345,초보인데 겁이 없어
1780575307369,겁이
1780575307429,호들갑
1780575307506,쫄아
1780575307519,쪼는게 문제임
1780575307565,ㄹㅇ
1780575307585,왼쪽 붙는 게 힘든데
1780575307688,ㄹㅇ
1780575307728,ㅇㅇ
1780575307738,겁이없음
1780575307748,못들어감
1780575307953,겁이없음
1780575307990,ㄹㅇ
1780575308107,당황하면 멈춤
1780575308129,쫄아서 못해
1780575308180,안쫄아
1780575308332,나쁘지 않음
1780575308356,안나감 ㅇㅇ
1780575308373,너무 쫄아서
1780575308417,ㄹㅇ
1780575308475,저기서 멈춰버리지
1780575308719,쫄아
1780575308722,맞아
1780575308736,ㄹㅇ
1780575308844,ㅇㅈ
1780575308844,그치
1780575308858,아재들이 잘 쳐주네 ㅋㅋㅋ
1780575308913,맞아
1780575308937,ㄹㅇ
1780575309006,ㅇㅈ
1780575309052,ㄹㅇ
1780575309106,중간에 멈춤
1780575309186,겁이없음
1780575309205,나도
1780575309239,겁이나서
1780575309392,겁이 ㅈㄴ 많아
1780575309410,ㅇㅈ
1780575309498,두려운가?
1780575309531,ㅇㅇ
1780575309788,ㄹㅇ
1780575309935,겁이 많음
1780575310012,ㅈㄴ 쫄음
1780575310045,ㅇㅇ
1780575310094,쫄고시작함
1780575310126,방어 방어 방어
1780575310194,진짜과감함
1780575310376,아ㅏ스날?
1780575310404,ㅇㅇㅇㅇ
1780575310452,ㄹㅇ
1780575310706,겁 ㅇㅈ
1780575310786,ㅋㅋ
1780575310826,ㄹㅇ
1780575311128,겁이 많음
1780575311138,무서우면 멈춰
1780575311453,겁이 없긴해
1780575311905,ㄹㅇ
1780575312039,ㄹㅇ 안쫄아
1780575312268,경험치 채우면 됨
1780575312271,겁없어야 늘어 운전
1780575312707,겁이 없네 ㅋㅋㅋ
1780575312826,쫄지 않음
1780575312838,그냥박어
1780575313090,겁이 없어
1780575313159,겁이없네 ㅋㅋㅋ
1780575313334,진짜 맞는말임 ㅋㅋㅋ
1780575313643,얘는 너무 없어
1780575313778,오 그거 영상에 나옴
1780575314002,덜돌리면 사망이여
1780575314048,낮음
1780575314379,너무 겁먹으면 못해 진짜
1780575314636,쫄고시작하긴해
1780575314662,겁좀 내라..
1780575314780,패닉
1780575314960,겁이 많으면 못햏
1780575315227,겁이나
1780575315308,겁많아서 멈추면 오히려 위험한
1780575315476,킵고잉 해버려 그냥
1780575315966,고개 빼꼼
1780575316529,원이씨 구너야근데?
1780575317141,ㅇㅇ 맞아
1780575317191,아니야..운전은 겁이 좀 있어야돼..
1780575317249,쫄면 더 사고남
1780575318228,패닉오면 ㅈ됨
1780575318538,겁은 좀 있어야 하는데
1780575318595,진짜 겁이많으면 개사고남 ㅋㅋㅋㅋㅋㅋㅋㅋ
1780575318711,무서워잉
1780575318875,웃고있어요
1780575319321,고속도로가 제일 편해
1780575319520,겁좀 내라 좀..
1780575320060,쫄면 안됨
1780575320162,속도줄이면 더위험하긴해
1780575320283,ㄹㅇ 쫄지는 않음
1780575320565,ㅇㅇ너무 두려워하면안댐
1780575320823,신나함ㅋㅋㅋㅋ
1780575321014,쫄리면 어쩔수 없지
1780575321159,운전은 자신감 ㅇㅈ
1780575321191,재능이 보임
1780575321440,즐기는중
1780575321566,무서워하면 안돼긴해
1780575321871,겁이없어ㄹㅇ
1780575322394,표정보소
1780575322540,목숨 걸고 함 ㄹㅇㅋㅋ
1780575322746,겁없으면 다긁어
1780575322845,쭉쭉 나가시네
1780575322955,악마의 재능
1780575322987,사고만 안나면
1780575323059,겁대가리없어 ㅋ
1780575323185,쫄진않아
1780575323546,파이리 햄
1780575323940,표정 ㅋㅋㅋㅋ
1780575324038,겁좀 내라
1780575324520,즐기고있어
1780575324661,니가 피해
1780575324762,쫄면 안 됨 ㅇㅇ
1780575325074,너무 안쫄더라 ㅋㅋㅋㅋ
1780575325324,겁 많으면 못해
1780575325335,겁 많으면 오히려 사고남
1780575325578,돈받았는데 해야지
1780575325860,거제에서 살다와서 겁이 없어
1780575325969,재능(광기)
1780575326074,거제는 쫄지않아
1780575326553,겁이 적당히 있어야 해
1780575326732,쫄면 ㅈ됨
1780575326875,쫄아서 대응을 못함
1780575326883,사고만 안나면 ㄱㅊ음
1780575326902,나도 그래서 장롱임ㅋㅋ
1780575327121,ㅇㅈ
1780575327127,거제 정신
1780575327761,겁이 너무 없어
1780575327770,일단 해봐!
1780575328022,운전을 누가 자신감으로하냐 ㄷㄷ
1780575328230,(왜 호들갑이지?)
1780575328290,어차피 다른 차들이 피해주는 경우가 많아서 ㅋㅋ
1780575328438,벨런스가중요해
1780575328451,표정봐 ㅋㅋ
1780575328688,아직 사고 안나봐서 그럼
1780575328728,쫄아야되도 안쫌
1780575328745,너가 피해
1780575329461,사고만 안내면뭐
1780575330235,어떡해 어떡해 하면 박는거임
1780575330745,웃는거 봐
1780575330840,스무스한데?
1780575330925,적당하면 좋지 ㅋㅋ
1780575331175,속도안줄여 ㅅㅂㅋㅋㅋㅋ
1780575331194,소속사대표가 구너임
1780575331566,근데 아스날 반팔티 머임??
1780575331899,근데 좀 쪼는게 좋은데
1780575331927,싱글벙글 ㅋㅋㅋㅋ
1780575332208,표정 무서워요
1780575332219,입이 웃상이다
1780575332533,ㄹㅇ 쫄면 아무거도 안되
1780575332684,좀 쫄아야됨 ㅋㅋ
1780575332698,운전은 가오랑 기세임
1780575333240,파이리다 ㅋㅋ
1780575333304,사고는 한번 날거 같다는거임 ㅇㅇ
1780575333891,조금은 있어야지..
1780575334034,ㄹㅇ
1780575334085,ㅇㅈ
1780575334098,거제정신
1780575334120,거제에서 돌고래 타고다녀서
1780575334171,ㅋㅋㅋㅋㅋㅋㅋㅋㅋㅋ
1780575334231,ㄹㅇㅋㅋㅋ
1780575334286,ㅇㅇㅇㅇ
1780575334308,ㅋㅋㅋㅋㅋㅋㅋ
1780575334337,ㄹㅇ
1780575334395,ㅋㅋㅋㅋㅋㅋㅋㅋ
1780575334658,ㅋㅋㅋㅋㅋㅋ
1780575334743,파이리 웃는거보소
1780575334769,ㄹㅇ
1780575334782,"운전은 저거 중요하지, 배우면 어차피 겁은 생겨"
1780575334944,ㅋㅋㅋㅋㅋㅋㅋㅋㅋㅋㅋㅋ
1780575335165,ㅋㅋㅋㅋㅋㅋㅋㅋㅋㅋㅋ
1780575335213,ㄹㅇ ㅋㅋ
1780575335229,ㅋㅋㅋㅋㅋㅋㅋㅋㅋ
1780575335439,ㅋㅋㅋㅋㅋㅋㅋㅋㅋㅋㅋㅋㅋ
1780575335644,ㄹㅇㅋㅋ
1780575335655,ㅋㅋㅋㅋㅋㅋㅋㅋ
1780575335657,ㄹㅇㅋㅋ
1780575335710,ㄹㅇ
1780575335852,ㅋㅋㅋㅋㅋㅋㅋㅋㅋㅋㅋㅋㅋㅋㅋㅋㅋㅋ
1780575336001,원이씨 아스날팬이셔?
1780575336018,ㅋㅋㅋㅋㅋㅋㅋㅋㅋㅋㅋㅋ
1780575336100,ㅋㅋㅋㅋㅋㅋㅋㅋㅋㅋㅋㅋㅋㅋ
1780575336251,ㅋㅋㅋㅋㅋㅋㅋㅋㅋㅋㅋㅋㅋㅋ
1780575336277,위험해 겁이 없으면
1780575336304,ㄹㅇㅋㅋ
1780575336371,심지어 웃는다고
1780575336448,사고나기딱좋음
1780575336550,막드감
1780575336700,살떨림
1780575337037,ㅋㅋㅋㅋㅋㅋㅋ
1780575337132,ㅋㅋㅋㅋㅋㅋㅋㅋㅋㅋㅋ
1780575337199,ㅇㅇ
1780575337223,ㄹㅇ 개위험해
1780575337288,ㄹㅇㅋㅋ
1780575337350,표정이 무서워요
1780575337520,ㄹㅇㅋㅋㅋ
1780575337525,제발 천천히
1780575337543,난 안 멈 춰
1780575337562,ㄹㅇㅋㅋ
1780575337586,ㅋㅋㅋㅋㅋ
1780575337633,ㅋㅋㅋㅋㅋㅋㅋㅋㅋㅋㅋ
1780575337748,ㄹㅇㅋㅋ
1780575337775,ㅋㅋㅋㅋㅋㅋㅋㅋㅋㅋㅋㅋㅋㅋ
1780575337961,F1 가야해
1780575338004,어깨좀 눌러줘야해
1780575338007,ㅋㅋㅋㅋㅋㅋㅋㅋㅋㅋㅋㅋㅋㅋㅋ
1780575338140,ㄹㅇㅋㅋ
1780575338161,ㅋㅋㅋㅋㅋㅋㅋㅋㅋㅋㅋㅋㅋㅋ
1780575338300,아 ㅋㅋㅋㅋㅋㅋㅋㅋㅋㅋㅋㅋㅋㅋㅋㅋㅋㅋㅋㅋㅋㅋㅋㅋㅋㅋㅋㅋㅋ
1780575338341,초보는 쫄아야제
1780575338573,막스베르스타펜 되기직전임
1780575338699,사고날거같음
1780575338727,절대 안쫌
1780575338821,ㄹㅇ ㅋㅋㅋㅋㅋㅋㅋ
1780575338901,광기임
1780575339053,ㄹㅇㅋㅋ
1780575339106,ㄹㅇ
1780575339179,ㅋㅋㅋㅋㅋㅋㅋㅋㅋㅋㅋ
1780575339824,ㅋㅋㅋㅋㅋㅋㅋㅋㅋㅋㅋㅋㅋㅋㅋ
1780575339898,ㄹㅇ ㅋㅋㅋㅋㅋㅋ
1780575339969,항상 웃고있음 ㅋㅋㅋ
1780575340053,F1 재능이네 ㅇㅇ
1780575340069,ㄹㅇ ㅋㅋㅋㅋㅋㅋㅋㅋㅋㅋㅋㅋㅋ
1780575340460,F1 가야해 ㅇㅇ
1780575340493,겁이 없음 사고난다
1780575340495,좀 쫄자
1780575340530,ㄹㅇ
1780575340725,겁이 너무 없으며ㄴ위험하지ㅋㅋㅋㅋㅋㅋ
1780575340773,ㄹㅇ
1780575340871,거제정신
1780575341031,속도 즐김
1780575341253,브레이크가 좀 늦긴해 ㅋㅋㅋㅋㅋㅋㅋㅋ
1780575341325,사고 한번 나면 이제 겁이 생김
1780575341728,테토녀임
1780575341789,재능(위험)
1780575341810,나랑 비슷하네
1780575341899,ㅋㅋㅋㅋ신난파이리같음 그냥
1780575342298,저게 더 위험함
1780575342298,촬영하면 더 힘들텐데
1780575342666,레이싱 인재야
1780575342776,사고 한번 나야 정신 차리지
1780575343364,광기야 이건
1780575343479,어깨 좀 눌러주고
1780575343833,막스야
1780575344043,광기임
1780575344227,겁이 너무 없엉
1780575344317,ㅋㅋㅋㅋㅋㅋㅋㅋ
1780575344444,표정 습박 ㅋㅋㅋㅋ
1780575344527,표정이 무서워요 ㅠㅠ
1780575344554,사고나 ㅋㅋ
1780575344633,초보운전딱지없이 혼자 나갈 스타일ㅋㅋㅋㅋㅋㅋㅋㅋ
1780575344658,운전은 보통이 제일 좋음 ㅋㅋㅋㅋㅋ
1780575345187,자신감 붙을 때 조심해야하긴 해
1780575345239,막스야
1780575345499,조금은 쫄아야..
1780575345739,원이를 F1으로
1780575346122,거제정신
1780575346194,똑같은말하긴함
1780575346201,f1 레츠소
1780575346280,거제정신
1780575346461,거제 출신
1780575346624,저러다가 사고나거든
1780575346633,거제 상여자
1780575347126,수리비는 대표가 내주겠지
1780575347187,표정하나 안변하는거봐라ㅋㅋㅋㅋ
1780575347546,어깨 좀 눌러야지
1780575347549,조금만 쫄아다오
1780575347618,황벨이 최고야
1780575347867,f1 ㅋㅋㅋㅋㅋㅋ
1780575348030,F1 급 ㄷㄷ
1780575348160,f1재능인데
1780575348485,부작용 ㅋㅋ
1780575348613,테토녀야
1780575349333,매 회차마다 리셋됨 ㅋㅋㅋ
1780575349640,사고한번 나면 깨우치는 성격
1780575350082,중간만하면
1780575350212,대표차 모는거 한번봐봐라
1780575350716,엄청 쫄면 도로 흐름 망침
1780575350816,ㅋㅋㅋ박아봐야함
1780575351723,조심히가 중요하긴해
1780575351732,F1가자
1780575352078,저게 더 위험하긴해
1780575352135,강냉이 너무 보이는데
1780575352641,막스정신
1780575353719,영우랑 똑같은말 하네ㅋㅋ
1780575353789,거제녀자
1780575354103,ㅋㅋㅋㅋㅋㅋ
1780575354188,f1 하실?
1780575354377,ㅋㅋㅋㅋㅋㅋㅋㅋㅋㅋㅋ
1780575354801,ㅋㅋㅋㅋㅋㅋㅋㅋ
1780575354858,본인이 운전잘한다고 생각하는게 진짜 위험
1780575354999,ㅋㅋㅋㅋㅋㅋㅋㅋㅋㅋㅋㅋㅋㅋㅋㅋㅋㅋㅋㅋ
1780575355282,ㅋㅋㅋㅋㅋㅋㅋㅋㅋㅋㅋ
1780575355450,ㅋㅋㅋㅋㅋㅋㅋㅋㅋㅋ
1780575355752,막스 직전임;;
1780575355780,거제 야호~ 봐야제
1780575355824,ㅋㅋㅋㅋㅋㅋㅋㅋㅋㅋㅋㅋㅋㅋㅋ
1780575355849,ㅋㅋㅋㅋ
1780575356249,막스정신
1780575356555,큰거왔다
1780575356599,ㅋㅋㅋㅋㅋㅋㅋㅋㅋㅋㅋㅋㅋㅋ
1780575356648,ㄹㅇ 광기가 보이는데
1780575356683,ㅋㅋㅋㅋㅋㅋㅋㅋㅋㅋ
1780575356791,ㅋㅋㅋㅋㅋㅋㅋㅋㅋㅋ
1780575356839,ㅋㅋㅋㅋㅋㅋㅋㅋㅋ
1780575356908,ㅋㅋㅋㅋ
1780575356952,막스표정
1780575357059,눈에 살기가
1780575357127,레이서셔
1780575357190,레이서 느낌 ㅋㅋㅋㅋㅋㅋ
1780575357287,ㄹㅇ아스날 팬임
1780575357380,진짜
1780575357949,ㅋㅋㅋㅋㅋㅋㅋ
1780575358029,갸루 귀신 나오냐
1780575358383,둘린데?
1780575358519,ㅋㅋㅋㅋㅋㅋㅋㅋㅋㅋㅋㅋㅋㅋㅋ
1780575358528,하트 어택 안나와?
1780575358619,ㅋㅋㅋㅋㅋㅋㅋㅋㅋㅋㅋㅋ
1780575358672,진짜즐김 ㅋㅋㅋ
1780575358866,신난다 켜짐
1780575358919,막스정신
1780575358944,레이서 파이리
1780575358994,ㅋㅋㅋㅋㅋㅋㅋㅋㅋㅋㅋ
1780575359055,ㄷㄷㄷ
1780575359229,ㅋㅋㅋㅋㅋㅋㅋㅋㅋㅋㅋㅋ
1780575359329,ㅋㅋㅋㅋㅋㅋㅋㅋ
1780575359466,ㅋㅋㅋㅋㅋㅋㅋㅋㅋㅋㅋㅋㅋㅋㅋㅋㅋㅋㅋㅋㅋㅋㅋㅋㅋㅋㅋㅋㅋㅋㅋㅋㅋㅋㅋㅋㅋㅋㅋㅋㅋㅋㅋㅋㅋㅋㅋㅋㅋㅋㅋㅋㅋ
1780575359555,ㅋㅋㅋㅋㅋㅋㅋㅋㅋ
1780575359643,레이싱 컨텐츠?
1780575359855,ㅋㅋㅋㅋㅋㅋㅋㅋㅋㅋㅋㅋㅋㅋㅋㄴㅋㅋ
1780575360323,아스날 팬인가?
1780575360422,거 제 막 스
1780575360718,ㄹㅇ 즐기시는데?ㅋㅋㅋㅋ
1780575360720,ㅋㅋㅋㅋㅋㅋㅋㅋㅋㅋ
1780575361501,막스 원이
1780575361510,파이리
1780575361559,ㅋㅋㅋㅋㅋㅋㅋㅋㅋㅋㅋㅋㅋㅋㅋㅋㅋ
1780575361572,(즐겁다)
1780575361610,트랙 도는거 보고싶네
1780575361634,뽀구미 = 너무 넘침
1780575361838,갸루귀신이당
1780575361847,온다
1780575361993,막스멘탈
1780575362054,눈이 ㅋㅋㅋㅋㅋ
1780575362309,아니 둘리잖아
1780575362598,거제녀자라
1780575362924,왔다 갸루
1780575363682,야호~
1780575364016,안원잘부
1780575364575,리자몽인데 이정도면
1780575364717,갸루다
1780575366026,웃긴거 많은데 마지막짤은 왜 넣었지 ㅋㅋㅋㅋ
1780575366101,거제막스
1780575366166,ㅋㅋㅋㅋㅋㅋㅋㅋㅋㅋㅋㅋ
1780575366328,거제 막스ㅋㅋ
1780575366409,ㅋㅋㅋㅋㅋㅋㅋㅋㅋㅋㅋㅋㅋ
1780575366446,ㅋㅋㅋㅋㅋㅋㅋㅋ
1780575366448,대표님 차로 급브레이크 밟늑너 봐야되늗네 ㅋㅋㅋ
1780575366475,ㅋㅋㅋㅋㅋㅋ
1780575366697,ㅋㅋㅋㅋㅋㅋㅋㅋㅋ
1780575366822,뚜뚜뚜뚜
1780575367013,ㅋㅋㅋㅋㅋㅋㅋㅋㅋㅋㅋㅋㅋㅋ
1780575367015,야호
1780575367100,ㅋㅋㅋㅋㅋㅋㅋㅋㅋㅋㅋㅋ
1780575367176,ㅋㅋㅋㅋㅋㅋㅋㅋㅋㅋㅋㅋㅋ
1780575367330,ㅋㅋㅋㅋㅋㅋㅋㅋㅋㅋ
1780575367429,아스날팬 맞음
1780575367587,야 호~
1780575367699,원이와 함께하는 영도 트럭 컨텐츠나왓다
1780575367755,ㅋㅋㅋㅋㅋㅋㅋㅋㅋㅋㅋㅋ
1780575367780,ㅋㅋㅋㅋㅋㅋㅋㅋㅋㅋㅋㅋㅋㅋㅋㅋㅋㅋㅋㅋㅋㅋㅋㅋㅋㅋㅋㅋㅋ
1780575367995,ㅋㅋㅋㅋㅋㅋㅋㅋ
1780575368081,거제 스타펜
1780575368193,ㅋㅋㅋㅋ
1780575368463,막스급ㅋㅋ
1780575368469,ㅋㅋㅋㅋㅋㅋㅋㅋㅋㅋㅋㅋㅋㅋㅋㅋㅋㅋㅋㅋㅋㅋㅋㅋㅋㅋㅋㅋㅋㅋㅋㅋㅋㅋㅋㅋㅋㅋㅋㅋㅋㅋㅋㅋㅋㅋㅋㅋㅋㅋㅋㅋㅋㅋㅋㅋㅋㅋㅋㅋㅋㅋㅋㅋㅋㅋㅋㅋㅋㅋㅋㅋㅋㅋ
1780575368490,ㅋㅋㅋㅋㅋㅋ
1780575368654,ㅋㅋㅋㅋㅋㅋㅋㅋ
1780575368700,갸루 왔다
1780575369130,ㅋㅋㅋㅋㅋㅋ
1780575369246,ㅋㅋㅋㅋㅋㅋ
1780575369264,ㄸㄸㄸㄸ
1780575369329,거제 막스
1780575369435,뚜루뚜뚜뚜~
1780575369662,ㅋㅋㅋㅋㅋㅋㅋㅋㅋㅋㅋㅋ
1780575369740,함 박아..?
1780575369776,그 채널
1780575369901,뚜뚜뚜뚜
1780575370505,거제 막스
1780575370528,경의 표정
1780575370813,거제 얏호
1780575370869,거제 야 호
1780575371449,아스날 티셔츠 뭐야
1780575371503,드디어
1780575371530,주유소 함가?
1780575371546,레전드다
1780575371781,대 나 미
1780575371782,"거제 막스,"
1780575371872,뚜뚜뚜뚜
1780575372096,뚜뚜뚜뚜
1780575372394,DLC 터짐
1780575373574,거제 막스 ㅋㅋ
1780575374000,왔다
1780575374690,영도 트럭 컨텐츠 나왓다
1780575374829,ㄸㄸㄸㄸ
1780575375522,전설의 시작
1780575375755,퇴물 막스
1780575375975,왜 곰 만났을때 없음?
1780575376189,일본어 3모드
1780575376246,하트어택
1780575376659,ㄸㄹㄸㄸㄸ
1780575376961,갸루다 갸루
1780575376999,DLC가 터짐 ㅇㅇ
1780575377002,갸루상
1780575377082,피트스탑 들어가듯이 그냥 우회전 갈김
1780575377251,전설의 그 채널
1780575377540,갸루귀신이네
1780575377660,전설의 프리퀄
1780575378173,사장님이랑 원이 구너임
1780575378373,전설의 시작
1780575378438,미나미.등판
1780575378616,전설의 시작
1780575378857,온다
1780575379081,레전드 등판
1780575379089,전설의 시작
1780575379333,야호~
1780575379338,전설의 시작
1780575379495,설명 읽어야지
1780575380316,전설의 시작이다
1780575380516,시작
1780575380894,곰 만난거 왜 없어
1780575381267,전설의 시작
1780575381918,야호
1780575382816,갸~ 루
1780575382861,전설의 시작
1780575382904,꺄루
1780575383456,갸루 왔다
1780575383525,전설의 시작 ㅋㅋ
1780575384135,아손데이콩
1780575384254,아손데콩!
1780575384371,전설의 시작
1780575384477,양키는 ㅋㅋㅋㅋ
1780575384677,전설의 시작 ㅋㅋㅋㅋ
1780575384678,전설의 시작
1780575385149,전설으 ㅣ시작
1780575385716,전설의 시작
1780575385826,양키?
1780575386348,전설의 시작
1780575386533,오이데~
1780575386796,거제 야호 ~
1780575386866,ㅋㅋㅋㅋㅋㅋㅋㅋㅋㅋㅋㅋㅋㅋㅋㅋ
1780575386894,야호~
1780575386977,곰 영상 ㅇㄷ?
1780575387347,미나미 얼어있는거 개귀여움
1780575387397,PD가 ㄹㅇ
1780575388134,전설의 시작
1780575388161,룩삼 좋아할듯
1780575388171,아쏜데꽁~
1780575388229,쿄아송데콩
1780575388343,아손데꽁~
1780575388772,전설의 시작
1780575389105,이끼마쇼
1780575389434,야호~
1780575389634,한국어 발음 진짜 좋다
1780575389899,전설의시작
1780575391094,{:mlb_76:}{:mlb_76:}
1780575391423,전설의시직 ㅋㅋㅋㅋ
1780575392110,아 이거도 여기구나
1780575392352,전설의시작 ㅋㅋ
1780575393570,곰영상 어디감
1780575394182,야호~
1780575394596,전설의 시작ㅋㅋㅋㅋㅋ
1780575396369,쿄와 아손데쿙 ㅋㅋㅋ
1780575396498,ㅋㅋㅋㅋㅋ
1780575396700,쿄 아손데꽁~
1780575396824,압구정 발음 아주 ㅋㅋ
1780575396853,음 향긋해~
1780575396938,개이뻐
1780575396939,곰영상은 ㄱ-
1780575397032,태초의 갸루 ㄷㄷㄷ
1780575397198,쿄아손데콩~
1780575397632,일본어 잘한다
1780575397978,캬
1780575398222,캬
1780575398354,쿄아손데콩~
1780575398728,ㅋㅋㅋ
1780575398911,ㅋㅋㅋㅋㅋㅋㅋㅋㅋㅋㅋㅋㅋㅋㅋㅋ
1780575398952,ㅋㅋㅋㅋㅋㅋㅋㅋㅋㅋ
1780575398960,ㅋㅋㅋㅋㅋㅋㅋㅋㅋㅋㅋㅋㅋ
1780575398981,ㅋㅋㅋㅋㅋㅋㅋㅋㅋㅋ
1780575399042,ㅋㅋㅋㅋㅋㅋㅋㅋㅋㅋㅋㅋㅋ
1780575399072,ㅋㅋㅋㅋㅋㅋㅋㅋ
1780575399154,ㅋㅋㅋㅋㅋㅋㅋㅋ
1780575399177,캬
1780575399586,ㅋㅋㅋㅋㅋㅋㅋㅋㅋㅋ
1780575399667,ㅋㅋㅋㅋㅋㅋㅋㅋ
1780575399710,ㅋㅋㅋㅋㅋㅋㅋㅋㅋㅋㅋㅋ
1780575399744,ㅋㅋㅋㅋㅋㅋㅋㅋㅋ
1780575399851,ㅋㅋㅋㅋㅋㅋㅋㅋㅋㅋ
1780575399915,캬
1780575399934,ㅋㅋㅋㅋㅋㅋㅋ
1780575400052,이쁘당 ㅋㅋ
1780575400058,ㅋㅋㅋㅋㅋ
1780575400132,ㅋㅋㅋㅋㅋㅋㅋㅋㅋ
1780575400204,ㅋㅋ
1780575400219,ㅋㅋㅋㅋㅋㅋㅋㅋㅋㅋ
1780575400270,ㅋㅋㅋㅋㅋㅋㅋㅋㅋㅋㅋㅋㅋㅋ
1780575400296,ㅋㅋㅋㅋㅋ
1780575400340,{:d_126:}
1780575400387,개잘하넼ㅋㅋㅋㅋㅋㅋㅋㅋㅋ
1780575400402,ㅋㅋㅋㅋㅋㅋㅋㅋㅋㅋㅋㅋ
1780575400523,캬
1780575400630,ㅋㅋㅋㅋ
1780575400712,ㅋㅋㅋㅋㅋㅋㅋㅋㅋㅋ
1780575400721,V
1780575400904,ㅋㅋㅋㅋㅋㅋㅋㅋㅋ
1780575400935,ㅋㅋㅋㅋㅋㅋㅋ
1780575400974,개찰지네
1780575401046,와
1780575401207,ㅋㅋㅋㅋㅋㅋㅋㅋㅋㅋㅋㅋㅋ
1780575401208,ㅋㅋㅋㅋㅋㅋㅋㅋ
1780575401244,전설의시작
1780575401332,아손데꽁~
1780575401332,캬
1780575401474,ㅋㅋㅋㅋㅋㅋㅋㅋㅋㅋㅋ
1780575401544,캬
1780575401556,캬
1780575401616,ㅋㅋㅋㅋㅋㅋㅋㅋㅋㅋ
1780575401663,ㅋㅋㅋㅋㅋㅋ
1780575401667,ㅋㅋㅋㅋㅋㅋㅋㅋㅋㅋㅋㅋㅋㅋㅋㅋㅋ
1780575401831,W
1780575401964,전설의시작ㄷㄷㄷ
1780575402027,ㅋㅋㅋㅋㅋㅋㅋㅋ
1780575402044,콩~
1780575402495,잘해 ㅋㅋ
1780575402577,콩~
1780575402664,ㅋㅋㅋㅋㅋㅋ
1780575402669,레전드의 시작
1780575403016,쿄 아손데꽁~
1780575403093,아손데꽁
1780575403157,쿄아손데콩~
1780575403169,캬
1780575403531,아손데꽁?
1780575403585,거제 야호~
1780575403879,ㅋㅋㅋㅋㅋㅋㅋㅋㅋㅋ
1780575403991,캬
1780575404101,귀여워
1780575404252,귀엽네
1780575404399,ㄹㄹㄹㄹㄹㄹㄹㄹ
1780575404407,진짜 갸루잖아? ㅋㅋㅋㅋㅋ
1780575404796,갸루 시작하면 표정이 ㅋㅋ
1780575404880,개이쁘네
1780575405159,음 향긋해
1780575406014,?
1780575406299,ㅋㅋㅋㅋㅋㅋㅋㅋㅋㅋ양키는 싴ㅋㅋ
1780575406764,곰영상은 넘어가
1780575406790,VV
1780575408131,ㅋㅋㅋㅋㅋㅋㅋㅋㅋ
1780575408449,ㅋㅋㅋㅋㅋㅋㅋㅋㅋㅋㅋㅋㅋㅋㅋ
1780575408450,ㅋㅋㅋㅋㅋㅋㅋㅋㅋㅋ
1780575409220,ㅋㅋㅋㅋㅋㅋㅋㅋㅋㅋ
1780575409338,ㅋㅋㅋㅋㅋㅋㅋㅋ
1780575409540,캬
1780575409619,어ㅗ
1780575409794,ㅋㅋㅋㅋㅋㅋㅋㅋ
1780575409809,드라마 느낌나네
1780575410104,캬ㅑㅑㅑㅑㅑㅑ
1780575410166,ㅋㅋㅋㅋㅋㅋ
1780575410276,왜 잘하냐고
1780575410342,ㅋㅋㅋㅋㅋㅋㅋㅋㅋㅋㅋㅋㅋㅋㅋㅋㅋㅋㅋ
1780575410562,용과같이인가요?
1780575410595,ㅋㅋ
1780575410891,ㅋㅋㅋㅋㅋㅋㅋㅋㅋㅋㅋㅋ
1780575411359,키류
1780575411507,잘하네 ㅋㅋㅋ
1780575411653,오
1780575411659,ㅋㅋㅋㅋ
1780575411685,양아치잖아
1780575411822,이타다스~
1780575411961,ㅋㅋㅋㅋ
1780575412169,용과같이 말투다
1780575412177,",,,,\"
1780575412233,들린다 들려
1780575412776,용과같이
1780575413051,귀엽네
1780575413110,바이브가
1780575413180,쉽지않네
1780575413186,이따갸스~
1780575413461,{:d_108:}{:d_108:}{:d_108:}
1780575413689,ㅋㅋㅋㅋㅋㅋㅋㅋ
1780575413838,마지막은 용과같이인데?
1780575413939,갸루가 유독 잘치네
1780575413943,잘해 ㅋㅋㅋㅋㅋㅋㅋ
1780575413954,전설의 시작 ㅋㅋㅋ
1780575414017,개잘한다
1780575414288,양키모드도 좋아
1780575414330,개잘하네
1780575414397,불량연애다
1780575414474,......
1780575414650,도리배ㅔㅋㅋㅋㅋㅋ
1780575414714,이게 시초야
1780575414828,잘하네ㅋㅋㅋㅋ
1780575414924,귀여워요
1780575414965,키류임?
1780575415334,다갸스
1780575415350,미남이
1780575415495,VV
1780575415508,이건 불량배..
1780575415781,커엽긴 하네
1780575415921,첫등판
1780575415961,캬
1780575415999,쿄 아손데꽁~
1780575416124,미나미 밝은머리 개잘어울림 ㅋㅋ
1780575416239,왜 ㅈㄴ 잘하냐
1780575416350,아하
1780575416455,ㅋㅋㅋㅁㅋㅋㅁ
1780575416635,양끼모드
1780575416701,갸루귀신 들리기전
1780575416940,일본 양아치모드인가
1780575417101,설마 곰영상도 있어?
1780575417167,잘해 ㅋㅋㅋ
1780575417205,{:d_116:}
1780575417205,잘한다
1780575417271,DLC 터짐
1780575417435,용과같이 같네
1780575417637,마지하ㄹㄹㄹ라헤따
1780575417722,미나미 등장
1780575417823,대 나 미
1780575417862,곰영상 어디갔는데
1780575417887,등판함
1780575418057,잘해 ㅋㅋ
1780575418136,바이브가 양아치야
1780575418345,전설의 시작
1780575418356,이땨다스
1780575418513,용과 같이 ㄷㄷ
1780575418672,용과같이 ㅋㅋ
1780575419019,미남이
1780575419206,갸루가 찰져 ㅋㅋㅋㅋ
1780575419510,곰 영상도 철학이 느껴짐 이제
1780575419563,ㅋㅋㅋㅋㅋ미나미개웃겨
1780575419623,신캐 등장
1780575419807,갸루귀신
1780575419959,신캐
1780575420053,ㅋㅋㅋㅋㅋㅋㅋㅋ
1780575420283,신캐 ㅋㅋㅋ
1780575420309,전설의 시작
1780575420391,{:sooflowerCheerup:}{:sooflowerCheerup:}{:sooflowerCheerup:}
1780575420496,여기서 갸루만 뽑은게 킥임
1780575420632,야호~
1780575420636,캬
1780575420681,이미 유튜브 만들었는데 조회수 30~40만 찍히고있엇음
1780575420690,근데 풀영상 봐야 더 느낌오긴한다
1780575420774,야호~
1780575420813,ㅋㅋㅋㅋㅋㅋㅋㅋ
1780575420975,야호~
1780575421157,캬
1780575421239,왔다
1780575421253,캬
1780575421324,전설
1780575421340,전드전드 레전드
1780575421342,거제 야호~!@
1780575421385,폭발
1780575421388,믿 힌
1780575421430,야호
1780575421437,전설이당
1780575421471,DLC가 터짐 ㅇㅇ
1780575421489,왔다
1780575421523,왔다
1780575421529,캬
1780575421551,전설의
1780575421600,야호~
1780575421722,캬
1780575421790,왔다
1780575421813,야호~
1780575421839,왔다
1780575421964,야호~
1780575422019,시작됐다
1780575422042,야호~
1780575422121,캬
1780575422129,거제 야호~
1780575422139,야호~
1780575422152,ㄹㅈㄷ
1780575422325,야호~
1780575422373,거제 야호~
1780575422418,거제 야호~
1780575422444,큰거왓다
1780575422475,캬
1780575422617,신캐ㅋㅋㅋ
1780575422620,캬
1780575422620,온다
1780575422651,야호
1780575422698,캬
1780575423033,나왔다
1780575423046,거제 야호~
1780575423054,일본어 배우기 였음 ㅋㅋㅋ
1780575423096,레전드
1780575423132,거제 야호~
1780575423161,거제ㅔㅔㅔ
1780575423189,캬
1780575423195,레전드 등장
1780575423242,큰거온다
1780575423323,ㅇㅎ
1780575423327,giat
1780575423341,와 씨 ㅋㅋㅋㅋㅋㅋ
1780575423370,ㄹㅈㄷ ㄹㅈㄷ
1780575423395,야호~
1780575423499,캬ㅑㅑㅑㅑ
1780575423569,떴다
1780575423592,전설
1780575423609,그릴스
1780575423622,야호
1780575423646,거제 야호~
1780575424099,캬ㅑㅑㅑㅑㅑ
1780575424136,그 야호
1780575424143,야호~
1780575424147,야호
1780575424171,야호~
1780575424226,미나미나온후부터 확뜸
1780575424250,엌ㅋㅋㅋㅋㅋ
1780575424300,ㅋㅌㅋㅋㅋㅋㅋㅋㅋㅋㅋㅋㅋㅋㅋㅋㅋ
1780575424416,goatr
1780575424458,바로 변신 ㅋㅋ
1780575424466,거제 야호~
1780575424477,야호~
1780575424484,캬
1780575424516,레전드
1780575424532,신캐 PV
1780575424546,그 영상
1780575424581,전설의 야호
1780575424583,야-호
1780575424623,야호
1780575424630,전설의 시작
1780575424674,ㄱㅈㅇㅎ~~~
1780575425051,왔다
1780575425053,야호~!
1780575425102,야호!
1780575425168,전설의장면
1780575425182,왔 다
1780575425265,전설
1780575425308,야호~
1780575425326,그영상
1780575425330,레잔도
1780575425356,야호
1780575425418,왔다
1780575425426,거제 야호~
1780575425446,캬
1780575425448,전설의 시작
1780575425462,전설ㅋㅋㅋㅋ
1780575425468,야-호
1780575425478,본격
1780575425558,거제 야효~
1780575425612,나왔다
1780575425624,거제 야호~
1780575425774,야호
1780575425815,레전드
1780575425919,거제 야호~
1780575425921,GOAT
1780575426033,여기서 터짐
1780575426060,전설의 시작
1780575426086,캬
1780575426196,전설의 시작
1780575426303,얏호~~
1780575426495,왔다
1780575426499,아예 본격적이네
1780575426515,신나미
1780575426530,전설의
1780575426540,야호
1780575426596,반응이 좋자 본격적으로 갸루로
1780575426618,거~제 얗 호~!
1780575426667,야호
1780575426673,야호~
1780575426768,전설의시작
1780575426770,전설 ㅋㅋㅋㅋㅋㅋㅋㅋ
1780575426771,야호
1780575426880,거제 야호-!
1780575426903,이거까지네
1780575426903,룩삼 야호~
1780575426917,이게 터짐
1780575427076,캬
1780575427094,레전드 등판
1780575427216,거 제 야 호
1780575427474,야호~
1780575427555,야호-!
1780575427637,거제 야호~
1780575427644,야 호 ~
1780575427694,거제 야호~
1780575427760,열심히하시잖아
1780575427855,야호
1780575427894,초고점
1780575427925,소방관 삼촌께 이거구 나
1780575427937,야허~
1780575428185,전설의 그거
1780575428320,전설의 시작
1780575428562,GOAT
1780575428595,거제 야호~
1780575428906,거세 야호~
1780575429051,거제야호
1780575429167,야호~
1780575429195,룩삼 야호~
1780575429223,벌써 레전드다 ㅋㅋㅋ
1780575429353,전설의 영상
1780575429354,힘이 쭉빠지는 그 영상
1780575429924,거제 야호~
1780575430040,전설의 영상
1780575430165,룩삼 얏호
1780575430384,전설의 시작 ㅇㅇ
1780575430581,거제 야호~~~~~
1780575430655,거제~ 야-호!
1780575430840,거제 야~호~
1780575431045,2.0 업뎃 ㄷㄷ
1780575431228,봤제?
1780575431844,옷 봐라 ㅋㅋㅋㅋㅋㅋㅋ
1780575431960,ai 자아생기는게 있어야하는데
1780575432026,PD가 해보자한거라던데 ㅋㅋ
1780575432038,야호~
1780575432066,너 봤지
1780575432177,갸루 개이쁘다
1780575432193,야호~
1780575432416,힘이 쭉빠져..
1780575432503,거제 야호~
1780575432660,야호~
1780575432873,설마 처음봐?
1780575432883,안원잘 진주인공 ㄷㄷ
1780575432997,소방관 ㅋㅋㅋㅋ
1780575433264,진효 야호~
1780575433749,소방고니
1780575434025,거제 야~호
1780575434563,거제 야호~~
1780575434806,"""그거"""
1780575435373,갸루 스킨 나옴 ㅋㅋㅋㅋ
1780575435668,봤구나
1780575435720,{:d_126:}{:d_126:}{:d_126:}
1780575436472,야호~
1780575436744,홍대병 발동
1780575436903,홍머병
1780575436967,처음 보는거지
1780575436968,전설의 시작
1780575437066,느껴
1780575437079,용과같이 깔임
1780575437138,ㅋㅋㅋㅋㅋㅋㅋ
1780575437342,금발이 잘어울린다ㅋㅋㅋㅋㅋㅋㅋㅋㅋㅋㅋ
1780575437694,?
1780575437708,봤지?
1780575437757,너무 유명해서 안봤구나
1780575437996,ㅋㅋㅋㅋㅋㅋㅋㅋㅋㅋㅋㅋㅋㅋㅋㅋㅋㅋㅋㅋㅋ
1780575438063,얏호
1780575438278,야호~
1780575438340,홍대병
1780575438857,ㅋㅋㅋㅋㅋㅋㅋㅋㅋㅋㅋ
1780575439074,ㅋㅋㅋㅋㅋㅋㅋㅋㅋㅋㅋ
1780575439244,ㅋㅋㅋㅋㅋㅋㅋㅋㅋㅌㅋㅋㅋㅋㅋ
1780575439345,캬
1780575439384,잘했어
1780575439537,룩구마 야~호
1780575439711,아오
1780575440085,갸루 이쁘네
1780575440145,ㅋㅋㅋㅋㅋㅋㅋㅋㅋㅋㅋㅋ
1780575440199,ㅋㅋㅋㅋㅋㅋㅋㅋㅋㅋㅋㅋㅋㅋ
1780575440282,ㅋㅋㅋㅋㅋㅋㅋㅋㅋㅋ
1780575440313,GOAT
1780575440386,소방관 님이 패러디한게 이건가?
1780575440429,ㅋㅋㅋㅋㅋㅋㅋㅋㅋㅋㅋㅋㅋㅋㅋㅋㅋㅋㅋㅋㅋㅋㅋㅋㅋㅋㅋㅋㅋㅋㅋㅋㅋㅋㅋㅋㅋㅋㅋㅋㅋㅋㅋㅋㅋㅋㅋㅋㅋㅋㅋㅋㅋㅋㅋㅋㅋㅋㅋㅋㅋㅋㅋㅋㅋㅋㅋㅋㅋㅋㅋㅋㅋㅋㅋㅋㅋㅋ
1780575440615,갸루 개이쁘네
1780575440773,오
1780575440803,오이데~
1780575440876,홍대병 발동
1780575441042,반골기질?
1780575441127,홍머병 ㅋㅋ
1780575441140,너답다
1780575441159,ㅋㅋㅋㅋㅋㅋㅋㅋㅋㅋㅋ
1780575441213,억지로 안봤어?
1780575441256,홍대병 제대로 시작
1780575441272,ㅋㅋㅋㅋㅋㅋㅋㅋㅋㅋㅋㅋㅋㅋㅋㅋㅋㅋㅋㅋㅋㅋㅋ
1780575441274,ㅋㅋㅋㅋㅋㅋㅋㅋㅋ
1780575441454,영도를 안트니깐
1780575441969,지독하다
1780575442093,홍대병 발동 아오
1780575442206,처음보는거야?
1780575442218,또 홍대병
1780575442233,오
1780575442265,아 ㅋㅋㅋㅋㅋㅋㅋㅋㅋㅋ
1780575442307,ㅋㅋㅋㅋㅋㅋㅋㅋㅋ
1780575442485,ㄱ-
1780575442510,안본뇌?
1780575442776,ㅋㅋㅋㅋㅋㅋㅋㅋㅋㅋㅋㅋ
1780575442809,봤지
1780575442985,홍머병이네
1780575443148,ㅋㅋㅋㅋㅋㅋㅋㅋㅋㅋㅋㅋ
1780575443372,잘했어
1780575443413,억지로 안봤다고??
1780575443482,{:d_79:}{:d_79:}{:d_79:}{:d_79:}{:d_79:}
1780575443489,야호~
1780575443601,영도를 틀라고
1780575443736,홍머병 ㅋㅋ
1780575443764,ㅋㅋㅋ
1780575443779,ㅋㅋㅋㅋㅋㅋㅋㅋㅋㅋㅋㅋ
1780575443902,룩삼 야호~
1780575443922,너무 유명해서
1780575443967,야호
1780575444013,룩삼 야호~
1780575444110,ㅋㅋㅋㅋㅋㅋㅋㅋㅋ
1780575444133,ㅋㅋㅋㅋㅋㅋㅋㅋㅋ
1780575444192,ㅋㅋㅋㅋㅋㅋㅋㅋㅋㅋㅋㅋㅋㅋㅋㅋㅋㅋ
1780575444206,ㅋㅋㅋㅋㅋㅋㅋㅋㅋㅋㅋㅋㅋㅋㅋ
1780575444214,홍대변
1780575444265,ㅋㅋㅋㅋㅋㅋㅋㅋㅋㅋㅋㅋ
1780575444293,홍대병 역시
1780575444517,오 오
1780575444591,홍대병
1780575444602,{:d_126:}{:d_126:}{:d_126:}{:d_126:}
1780575444958,ㅋㅋㅋㅋㅋㅋㅋㅋㅋㅋㅋㅋㅋㅋㅋㅋㅋㅋㅋㅋㅋㅋ
1780575444992,ㅋㅋㅋㅋㅋㅋㅋㅋㅋㅋㅋㅋㅋㅋ
1780575445017,ㅋㅋㅋㅋㅋㅋㅋ
1780575445032,ㅋㅋㅋㅋㅋㅋㅋㅋㅋ
1780575445068,ㅋㅋㅋㅋ
1780575445104,거제 야호~
1780575445161,홍머병
1780575445176,ㅋㅋㅋㅋㅋㅋㅋㅋ
1780575445318,잘했어ㄹㅇ
1780575445327,ㅋㅋㅋㅋㅋㅋㅋㅋ
1780575445333,ㅋㅋㅋㅋㅋㅋㅋ
1780575445377,ㅋㅋㅋㅋㅋㅋㅋㅋㅋㅋㅋㅋㅋㅋㅋㅋㅋ
1780575445523,DKDH
1780575445547,ㅋㅋㅋㅋㅋㅋㅋㅋㅋㅋㅋㅋㅋㅋㅋ
1780575445679,야호~
1780575445789,ㅋㅋㅋㅋㅋㅋㅋㅋㅋㅋㅋ
1780575445952,야호~
1780575445953,ㅋㅋㅋㅋㅋㅋㅋㅋㅋㅋㅋㅋㅋㅋㅋㅋㅋㅋㅋㅋㅋㅋ
1780575446012,ㅋㅋㅋㅋㅋㅋㅋㅋㅋㅋㅋㅋㅋㅋㅋㅋㅋㅋ
1780575446015,ㅋㅋㅋㅋㅋㅋㅋㅋㅋㅋㅋㅋㅋㅋㅋ
1780575446022,?
1780575446033,이건 진짜 전설의 시작
1780575446056,ㅋㅋㅋㅋㅋㅋㅋㅋㅋㅋㅋㅋ
1780575446057,어으
1780575446058,ㅋㅋㅋㅋㅋㅋㅋㅋㅋㅋㅋㅋㅋㅋㅋㅋㅋㅋㅋㅋ
1780575446095,ㅋㅋㅋㅋㅋㅋㅋㅋㅋㅋㅋ
1780575446119,ㅋㅋㅋㅋㅋㅋㅋㅋㅋㅋㅋㅋㅋ
1780575446165,ㅋㅋㅋㅋㅋㅋㅋㅋㅋㅋㅋㅋㅋㅋㅋ
1780575446210,ㅋㅋㅋㅋㅋㅋㅋㅋㅋㅋㅋㅋㅋㅋㅋㅋ
1780575446219,ㅋㅋㅋㅋㅋㅋㅋㅋㅋㅋㅋㅋㅋㅋㅋㅋㅋㅋ
1780575446230,야호~
1780575446248,ㅋㅋㅋㅋㅋㅋㅋㅋㅋㅋㅋㅋㅋㅋㅋㅋㅋㅋㅋㅋㅋ
1780575446255,ㅋㅋㅋㅋㅋㅋㅋㅋㅋㅋㅋㅋㅋㅋㅋㅋㅋㅋ
1780575446271,야호~
1780575446327,ㅋㅋㅋㅋㅋㅋㅋㅋㅋㅋㅋㅋㅋㅋㅋㅋㅋ
1780575446376,ㅋㅋㅋㅋㅋㅋㅋㅋㅋㅋㅋㅋㅋㅋㅋㅋ
1780575446383,ㅋㅋㅋㅋㅋㅋㅋㅋㅋㅋㅋㅋ
1780575446549,몰라 ㅋㅋㅋㅋㅋㅋㅋ
1780575446684,ㅋㅋㅋㅋㅋㅋㅋㅋㅋㅋㅋㅋㅋㅋㅋㅋㅋㅋ
1780575446715,ㅋㅋㅋㅋㅋㅋㅋㅋㅋㅋㅋㅋㅋㅋㅋㅋㅋㅋㅋㅋㅋㅋㅋㅋㅋ
1780575446732,룩삼 야호~
1780575446829,아오
1780575446863,야호~
1780575447027,ㅋㅋㅋㅋㅋㅋㅋㅋㅋ
1780575447253,ㅋㅋㅋㅋㅋㅋㅋㅋㅋㅋㅋ
1780575447284,ㅋㅋㅋㅋㅋㅋㅋㅋㅋㅋㅋㅋㅋ
1780575447342,야-호
1780575447442,ㅋㅋㅋㅋㅋㅋㅋㅋㅋㅋㅋㅋㅋ
1780575447474,ㅋㅋㅋㅋㅋㅋㅋㅋㅋㅋㅋㅋㅋㅋㅋ
1780575447482,ㅋㅋㅋㅋㅋㅋㅋㅋㅋㅋㅋㅋㅋㅋㅋ
1780575447517,ㅋㅋㅋㅋㅋㅋㅋㅋㅋㅋㅋㅋㅋㅋㅋㅋㅋㅋㅋㅋㅋㅋㅋㅋ
1780575447585,ㅋㅋㅋㅋㅋㅋㅋㅋㅋㅋㅋ
1780575447589,야헝
1780575447632,진짜 지독하다
1780575447646,너답다 너다워
1780575447788,금발 ㅈㄴ잘어울림
1780575447868,ㅋㅋㅋㅋㅋㅋㅋㅋㅋㅋ
1780575447870,ㅋㅋㅋㅋㅋㅋㅋㅋㅋㅋㅋㅋ
1780575447950,야 홍~
1780575447990,오 홍머병
1780575448155,야호~
1780575448214,ㅋㅋㅋㅋ
1780575448440,영도하라고 ^^
1780575448482,{:d_45:}{:d_45:}{:d_45:}{:d_45:}{:d_45:}{:d_45:}
1780575448595,ㅋㅋㅋㅋㅋㅋㅋㅋㅋㅋㅋㅋㅋ
1780575448612,ㅋㅋㅋㅋㅋㅋㅋㅋㅋ
1780575448703,바이브
1780575448903,ㅋㅋㅋㅋㅋㅋㅋㅋㅋㅋㅋㅋㅋㅋㅋ
1780575448940,ㅋㅋㅋㅋㅋㅋㅋㅋㅋㅋㅋㅋㅋㅋㅋㅋㅋㅋㅋㅋㅋㅋㅋㅋㅋ
1780575448942,ㅋㅋㅋㅋㅋㅋㅋㅋㅋㅋㅋㅋㅋㅋㅋㅋㅋ
1780575448946,{:d_126:}{:d_126:}
1780575448965,ㅋㅋㅋㅋㅋㅋㅋㅋㅋㅋㅋ
1780575448972,ㅋㅋㅋㅋㅋㅋㅋㅋ
1780575448985,홍대병 도진거야?
1780575448988,홍대병 ON
1780575449033,ㅋㅋㅋㅋㅋㅋㅋㅋㅋㅋㅋㅋㅋㅋㅋㅋ
1780575449054,야호~
1780575449167,억지 홍대병 ㅋㅋㅋㅋ
1780575449213,제발 따라하지마
1780575449272,ㅋㅋㅋㅋㅋㅋㅋㅋㅋㅋㅋ
1780575449310,이 악물고 ㅋㅋㅋ
1780575449312,ㅋㅋㅋㅋㅋㅋㅋㅋㅋㅋㅋㅋㅋㅋㅋ
1780575449386,야호 만능이야ㅋㅋㅋ
1780575449497,거제 야호~
1780575449502,ㅋㅋㅋㅋㅋㅋ
1780575449545,룩삼 야호~
1780575449633,아으
1780575449739,ㅋㅋㅋㅋㅋㅋㅋㅋㅋㅋㅋㅋㅋㅋㅋㅋㅋㅋㅋㅋㅋㅋㅋ
1780575449920,ㅋㅋㅋㅋㅋㅋㅋ
1780575449973,룩삼 야~호~
1780575449988,ㅋㅋㅋㅋㅋㅋㅋㅋㅋㅋㅋ
1780575449995,거제 야호~
1780575450090,홍머병 발동 ㅋㅋㅋㅋ
1780575450097,아오 틀크크
1780575450120,ㅋㅋㅋㅋㅋㅋㅋㅋ
1780575450126,야호~
1780575450167,홍대병 ㅋㅋ
1780575450235,ㅋㅋㅋㅋㅋㅋㅋㅋㅋㅋㅋㅋㅋ
1780575450244,ㅋㅋㅋㅋㅋㅋㅋㅋㅋㅋㅋㅋ
1780575450325,홍대병
1780575450365,ㅋㅋㅋㅋㅋㅋㅋㅋㅋㅋㅋㅋㅋㅋㅋㅋㅋㅋ
1780575450448,이걸 참앗네ㅋㅋㅋㅋ
1780575450476,{:d_126:}{:d_126:}{:d_126:}{:d_126:}
1780575450604,몰라야 더 재밌는데
1780575450727,언박싱 ㄱㄱ
1780575450776,ㅋㅋㅋㅋㅋㅋㅋㅋㅋㅋㅋㅋㅋㅋㅋㅋㅋㅋㅋㅋㅋㅋㅋ
1780575450858,ㅋㅋㅋㅋㅋㅋㅋㅋㅋㅋㅋㅋ
1780575450929,야호~
1780575451075,홍대병 ㅋ
1780575451135,드디어 보는거?
1780575451239,풀영상도 재밌어
1780575451507,ㅋㅋㅋㅋㅋㅋㅋㅋㄴ
1780575451535,룩삼 야 - 호
1780575451644,거제 야~호
1780575451683,ㅋㅋㅋㅋㅋㅋㅋㅋㅋㅋㅋㅋㅋㅋㅋㅋㅋ
1780575451695,야호~
1780575451727,야~호~
1780575451773,거제 야호~
1780575451788,얏 ~~ 홍
1780575451803,드디어 영접하는구나
1780575452012,ㅋㅋㅋ
1780575452077,룩삼얏호~~
1780575452080,무야호
1780575452137,야호만 알아서ㅋㅋㅋ
1780575452137,ㅋㅋㄱㅋㅋㅋㅋ
1780575452370,따라할수없어
1780575452390,거제야호~
1780575452439,대룩삼
1780575452514,야~~~호~~
1780575452678,개웃기네 ㅋㅋㅋㅋㅋ
1780575452714,루끄사무 야호~
1780575452759,야호~
1780575452806,야-호~
1780575452844,홍머병
1780575452854,놀림받을까봐 ㅋㅋㅋ
1780575452914,야!호!
1780575452932,룩삼 야호
1780575453079,영포티
1780575453276,룩삼 야호~
1780575453420,썸네일은 본 듯
1780575453505,거제 야~호~
1780575453959,야 ~ 호
1780575454330,ㅋㅋㅋㅋㅋㅋㅋㅋㅋㅋㅋㅋㅋㅋㅋㅋㅋㅋㅋㅋㅋㅋㅋㅋㅋㅋㅋㅋ
1780575454356,늙ㅋㅋ
1780575454537,ㄹㅇ
1780575454588,힘 쭉빠이게 해야됨
1780575454608,여기서 홍대병 발동 하네
1780575454613,ㅋㅋㅋㅋㅋㅋㅋㅋㅋ
1780575454627,아쩌시야
1780575454714,날 쏘고가라
1780575454743,룩포티
1780575454743,야 호옹
1780575454825,틀
1780575454850,ㄹㅇ
1780575454898,룩삼 야~호~
1780575454947,ㅋㅋㅋㅋㅋㅋㅋ
1780575454964,늙크크
1780575455128,진짜 올크크네
1780575455165,돌발상황
1780575455245,그어제 야호
1780575455263,억지 홍대병
1780575455340,야 호
1780575455388,올 ㅋㅋ
1780575455433,ㅋㅋㅋㅋㅋㅋㅋㅋㅋㅋㅋㅋㅋㅋㅋㅋㅋㅋ
1780575455456,ㅋㅋㅋㅋㅋㅋㅋㅋㅋㅋㅋㅋㅋㅋㅋㅋㅋㅋㅋㅋ
1780575455478,지독하다 지독해
1780575455533,늙크크
1780575455583,지뇨 야호~
1780575455643,아껴놨구나
1780575455736,ㄹㅇㅋㅋ
1780575455748,야~호~~
1780575456025,거제 야호~
1780575456045,홍대병 ㅋㅋㅋㅋㅋㅋㅋㅋ
1780575456172,지금 미리 해보죠
1780575456236,ㅋㅋㅋㅋㅋㅋㅋㅋㅋㅋ
1780575456283,아 올크크
1780575456287,아 하지
1780575456302,ㅋㅋㅋㅋ
1780575456324,영도를 틀어~
1780575456325,ㅋㅋㅋㅋㅋㅋㅋㅋㅋㅋ
1780575456365,ㄹㅇ 아저씨
1780575456433,그거 아닌데
1780575456491,틀
1780575456559,ㅋㅋㅋㅋㅋㅋㅋㅋㅋㅋㅋㅋㅋ
1780575456665,얏-허
1780575456743,한번 해주세요
1780575456863,ㅋㅋㅋㅋㅋㅋㅋㅋㅋㅋㅋㅋㅋㅋㅋㅋㅋㅋㅋ
1780575456906,영도해라
1780575456930,야 ㅎ 호~~~
1780575456976,존ㄴㄴ나 아저씨
1780575457031,룩포티 다됐네 ㅋㅋ
1780575457033,그거 아니라고
1780575457141,희롱
1780575457244,ㅋㅋㅋㅋㅋㅋㅋㅋㅋㅋㅋㅋㅋㅋㅋ
1780575457315,보인다보여
1780575457446,ㅋㅋㅋㅋㅋㅋㅋㅋㅋㅋ
1780575457746,틀삼
1780575457753,딸피 인증 ㅋㅋㅋㅋㅋㅋ
1780575457754,ㅋㅋㅋㅋㅋㅋㅋㅋㅋ 아 이걸안해
1780575457765,아저씨 맞잖아
1780575457767,그럼 너식으로 지금 해봐
1780575457866,얏 홍
1780575458026,틀크크
1780575458040,ㅋㅋㅋㅋㅋㅋㅋㅋㅋㅋㅋㅋㅋㅋㅋㅋㅋㅋㅋㅋㅋㅋㅋㅋㅋㅋㅋㅋ'
1780575458086,포티야?
1780575458108,ㅋㅋㅋㅋㅋㅋㅋㅋㅋㅋㅋㅋㅋㅋㅋㅋㅋ
1780575458178,의정부식 야호
1780575458295,ㅋㅋㅋㅋㅋㅋㅋㅋㅋㅋㅋㅋㅋㅋㅋㅋㅋㅋㅋㅋㅋㅋㅋ
1780575458331,ㅋㅋㅋㅋㅋㅋㅋㅋㅋ
1780575458335,ㅋㅋㅋㅋㅋㅋㅋㅋㅋㅋㅋㅋㅋㅋㅋ
1780575458406,ㄹㅇㅋㅋ
1780575458458,ㅋㅋㅋㅋㅋㅋㅋㅋㅋㅋ
1780575458489,늙 크크
1780575458493,ㅋㅋㅋㅋㅋㅋㅋㅋㅋㅋㅋㅋㅋㅋㅋ
1780575458701,ㅋㅋㅋㅋㅋㅋㅋㅋㅋㅋㅋㅋㅋㅋㅋㅋㅋㅋㅋㅋㅋㅋㅋㅋㅋㅋㅋ
1780575458730,그거 아닌데 ㄱ-
1780575459019,ㅋㅋㅋㅋㅋㅋㅋㅋㅋㅋㅋㅋㅋㅋㅋㅋㅋㅋ
1780575459120,아재 밈 사망 될뻔
1780575459131,ㅋㅋㅋㅋㅋㅋㅋㅋㅋㅋㅋㅋㅋㅋㅋㅋㅋㅋㅋㅋㅋㅋㅋㅋㅋㅋㅋㅋㅋㅋㅋㅋㅋㅋㅋ
1780575459158,야호~
1780575459181,늙크크
1780575459214,룩삼 야~호~
1780575459232,아저씨 맞긴해
1780575459268,ㅋㅋㅋㅋㅋㅋㅋㅋㅋㅋㅋ
1780575459326,ㅋㅋㅋㅋㅋㅋㅋㅋㅋㅋㅋㅋㅋ
1780575459417,ㅋㅋㅋㅋㅋㅋㅋㅋㅋㅋㅋㅋㅋㅋㅋㅋㅋㅋㅋ
1780575459429,늙크크 ㅋㅋ
1780575459475,ㅋㅋㅋㅋㅋ
1780575459535,늙크크
1780575459566,틀삼 ~
1780575459597,야 호
1780575459605,ㅋㅋㅋㅋㅋㅋㅋㅋㅋㅋ
1780575459613,늙크크
1780575459649,늙크크
1780575459665,EK
1780575459686,ㅋㅋㅋ
1780575459757,늙 ㅋㅋ
1780575459798,늙크크
1780575459884,늙크크
1780575459885,아저씨 맞는데 왜
1780575459909,아저씨다된지가언젠데 ㅋㅋ
1780575459987,올 크 크
1780575460020,늙크크
1780575460072,올크크~
1780575460075,ㅋㅋㅋㅋㅋ
1780575460176,올크크
1780575460203,늙크크
1780575460230,ㅋㅋㅋㅋㅋㅋㅋㅋㅋㅋㅋㅋㅋㅋㅋㅋ
1780575460233,(돌발상황) 바로나옴
1780575460236,놀림받을까봐
1780575460272,아저씨 다됏네
1780575460322,거제~ 얗 호 ~
1780575460346,늙크크
1780575460394,룩포티 ㅋㅋㅋㅋㅋ
1780575460567,늙크크
1780575460616,늙 크 크
1780575460696,룩 포 티
1780575460773,영포티셔
1780575460856,늙크크
1780575460870,무 야 호
1780575460905,늙 틀 늙 틀
1780575461022,그럼 백퍼 나오짘ㅋㅋㅋㅋㅋ
1780575461079,늙크크
1780575461163,늙크크 ㅋㅋ
1780575461226,올크크
1780575461324,늙크크
1780575461505,아저씨하라고
1780575461512,억대병 ㅋㅋ
1780575461610,ㅋㅋㅋ 힘이 빠져야 포인트라
1780575461619,ㅋㅋㅋㅋㅋㅋㅋㅋㅋㅋㅋㅋㅋㅋㅋㅋㅋㅋㅋㅋㅋ
1780575461677,드디어 외쳐봅니다
1780575461777,야!!호!!!!!!!!!
1780575461814,개딸피 ㅋㅋㅋ
1780575461867,올크크
1780575462025,아저씨맞잖아
1780575462177,얏호~~~
1780575462295,무야호~
1780575462328,ㅋㅋㅋㅋㅋㅋㅋㅋ
1780575462714,지독하네
1780575462761,직업병 ㅋㅋㅋㅋㅋㅋㅋㅋㅋ
1780575463170,ㅋㅋㅋㅋㅋㅋㅋㅋㅋㅋㅋㅋㅋㅋㅋㅋ
1780575463585,틀목성 ㅋㅋㅋㅋㅋ
1780575463612,늙크크
1780575463845,영포티당 ㅋㅋ
1780575463985,늙ㅋㅋㅋ
1780575464514,저 콧소리
1780575464809,일단 이쁨
1780575464897,ㅋㅋㅋㅋㅋㅋㅋㅋㅋㅋㅋㅋ
1780575464996,메스카키해줬으면좋겠다
1780575465040,거제 얏호
1780575465241,늙 크 크
1780575465579,늙ㅋㅋ
1780575465928,올크크
1780575466016,거제 야 - 호
1780575466038,올크크
1780575466361,힘 개빠지는 소리임
1780575466443,늙크크...
1780575467482,이라샤세에에에
1780575467929,룩삼 야 - 호~
1780575468522,캬
1780575468573,이랏샤이마ㅅ
1780575469127,늙크크
1780575469944,캬
1780575471089,ㅋㅋㅋㅋㅋㅋㅋㅋㅋㅋ
1780575471240,야호~
1780575471487,마셍~~~
1780575471684,잘하네 ㅋㅋ
1780575471935,늙크크
1780575472318,콧소리가 자동으로 나오네
1780575472469,브금도 찰떡임
1780575472517,{:d_94:}
1780575472723,짬에서 나오는 바이브
1780575472887,진짜 갸루톤이네
1780575473392,이랏샤세
1780575473440,와 존나 이쁘다
1780575473483,ㅋㅋㅋ
1780575473982,묵음
1780575473996,개잘하네ㅋㅋㅋㅋㅋ
1780575474564,브금이
1780575475379,세~
1780575475854,ㅋㅋㅋㅋㅋㅋㅋ
1780575476285,ㅈㄴ이쁘네;
1780575476417,?
1780575476559,세
1780575476571,이세~
1780575476744,ㅋㅋㅋㅋㅋㅋㅋㅋㅋㅋㅋㅋㅋ
1780575477207,ㅋㅋ
1780575477714,ㅋㅋㅋ
1780575477779,ㅋㅋㅋㅋㅋㅋ
1780575477874,ㅋㅋㅋㅋㅋㅋㅋㅋㅋ
1780575477942,멈블임?
1780575478057,일...쌰~
1780575478208,ㅋㅋㅋㅋ
1780575478266,~세
1780575478422,거제 야호~
1780575478984,개커엽네
1780575479001,ㅋㅋㅋ
1780575479152,전설의 시작
1780575479251,묵음처리 잘하네
1780575479286,이거 풀로봐야 개꿀잼인데
1780575479302,저거 동대문이자나
1780575479381,ㅋㅋㅋㅋㅋㅋㅋㅋㅋㅋㅋㅋㅋㅋㅋㅋㅋㅋㅋ
1780575479395,거제~
1780575479464,{:d_126:}{:d_126:}{:d_126:}
1780575479578,브금이 진짜 찰떡
1780575479681,ㅋㅋㅋㅋㅋㅋㅋㅋㅋ
1780575479839,야호~
1780575479941,캬
1780575479968,혼나 진짜
1780575479978,힘이 쭉빠짐
1780575479988,ㅋㅋㅋㅋㅋㅋㅋㅋㅋㅋㅋㅋㅋㅋ
1780575480180,ㅋㅋㅋㅋㅋㅋㅋㅋ
1780575480340,진짜 ㅈㄴ잘하긴해
1780575480354,ㅋㅋㅋㅋㅋㅋ
1780575480415,거제 야호~
1780575480448,ㅋㅋㅋㅋㅋㅋ
1780575480811,브금도 갸루같아 ㅋㅋㅋㅋㅋㅋㅋㅋㅋ
1780575481088,거제 야호~
1780575481154,ㅋㅋㅋㅋㅋㅋㅋㅋㅋㅋㅋㅋㅋ
1780575481271,거제 야호~
1780575481317,이라세~
1780575481325,ㅋㅋㅋㅋㅋㅋㅋㅋㅋㅋㅋㅋ
1780575481441,ㅋㅋㅋㅋㅋㅋㅋㅋㅋㅋㅋㅋㅋㅋㅋㅋㅋㅋㅋㅋㅋㅋㅋㅋㅋㅋㅋㅋㅋ
1780575481491,ㅋㅋㅋㅋㅋㅋㅋㅋㅋㅋㅋ
1780575481575,ㅋㅋㅋㅋㅋㅋㅋㅋㅋㅋㅋ
1780575481620,거제- 야-호
1780575481759,거제 야호~
1780575481761,ㅋㅋㅋㅋㅋㅋㅋㅋㅋㅋㅋㅋㅋㅋㅋㅋㅋㅋㅋㅋㅋㅋㅋㅋㅋㅋㅋㅋㅋㅋㅋㅋㅋㅋㅋㅋㅋㅋㅋㅋㅋㅋㅋㅋㅋㅋㅋ
1780575481792,ㅋㅋㅋㅋㅋㅋㅋㅋ
1780575482005,거제 야호~
1780575482013,ㅋㅋㅋㅋㅋㅋㅋㅋㅋㅋㅋㅋㅋㅋㅋㅋㅋㅋㅋㅋㅋㅋㅋㅋㅋㅋㅋㅋㅋㅋㅋㅋㅋㅋㅋ
1780575482031,ㅋㅋㅋㅋㅋㅋㅋㅋㅋ
1780575482041,이게 터짐 ㅋㅋㅋㅋㅋㅋㅋ
1780575482100,ㅋㅋㅋㅋㅋㅋㅋㅋㅋㅋ
1780575482106,야호~
1780575482112,ㅋㅋㅋㅋㅋㅋ
1780575482258,캬
1780575482285,야호~
1780575482326,캬
1780575482346,ㅋㅋㅋㅋㅋㅋㅋㅋㅋㅋㅋㅋㅋㅋ
1780575482365,거제 야호~
1780575482420,캬
1780575482464,ㅋㅋㅋㅋㅋㅋㅋㅋㅋㅋㅋㅋ
1780575482538,ㅋㅋㅋㅋㅋㅋㅋㅋㅋㅋㅋㅋㅋㅋㅋㅋㅋㅋㅋㅋㅋ
1780575482621,ㅋㅋㅋㅋㅋㅋㅋㅋㅋㅋㅋ
1780575482637,ㅋㅋㅋㅋㅋㅋㅋㅋㅋㅋㅋ
1780575482658,ㅋㅋㅋㅋㅋㅋㅋㅋㅋㅋㅋㅋㅋㅋㅋㅋㅋㅋㅋㅋㅋ
1780575482682,ㅋㅋㅋㅋㅋㅋㅋㅋㅋㅋㅋ
1780575482706,ㅋㅋㅋㅋㅋㅋㅋㅋㅋㅋ
1780575483064,ㅋㅋㅋㅋㅋㅋㅋㅋㅋㅋㅋㅋㅋㅋㅋ
1780575483128,야 호/~
1780575483172,ㅋㅋㅋㅋㅋㅋㅋㅋㅋㅋ
1780575483253,ㅋㅋㅋㅋㅋㅋㅋㅋㅋㅋㅋㅋㅋㅋ
1780575483269,야호~
1780575483308,야호~
1780575483312,야호-!
1780575483350,ㅋㅋㅋㅋㅋㅋㅋㅋㅋㅋ
1780575483389,ㅋㅋㅋㅋㅋㅋㅋㅋㅋㅋㅋ
1780575483418,ㅋㅋㅋㅋㅋㅋㅋㅋㅋㅋㅋㅋ
1780575483434,ㅋㅋㅋㅋㅋㅋㅋㅋ
1780575483500,ㅋㅋㅋㅋㅋㅋㅋㅋㅋㅋㅋㅋㅋㅋㅋㅋㅋ
1780575483503,ㅋㅋㅋㅋㅋㅋㅋㅋㅋㅋㅋㅋㅋㅋㅋㅋ
1780575483536,야호~~~
1780575483567,ㅋㅋㅋㅋㅋㅋㅋㅋㅋㅋㅋㅋㅋㅋㅋ
1780575483593,ㅋㅋㅋㅋㅋㅋㅋㅋㅋㅋㅋㅋㅋㅋㅋ
1780575483640,ㅋㅋㅋㅋ
1780575483670,캬
1780575483694,그 대사 ㅋㅋ
1780575483704,냅다 거제 야호 ㅋㅋㅋㅋㅋㅋㅋ
1780575483972,ㅋㅋㅋㅋㅋㅋㅋㅋㅋ
1780575484023,ㅋㅋㅋㅋㅋㅋㅋㅋㅋㅋ
1780575484033,밀고 나가버려
1780575484084,찰진다
1780575484153,야0-호~
1780575484175,야호~
1780575484224,거제 야호
1780575484237,야호~
1780575484266,잘해
1780575484269,거제 야호~
1780575484285,ㅋㅋㅋㅋㅋㅋㅋㅋㅋㅋ
1780575484286,야호~
1780575484292,ㅋㅋㅋㅋㅋㅋㅋㅋㅋㅋㅋㅋㅋㅋㅋㅋㅋㅋㅋㅋㅋㅋㅋㅋㅋㅋㅋㅋ
1780575484363,ㅈㅅㅇㅅㅈ
1780575484378,이게 ㅈㄴ 터짐 ㅋㅋㅋㅋㅋㅋㅋ
1780575484386,캬
1780575484518,ㅋㅋㅋㅋㅋㅋㅋㅋㅋㅋㅋㅋㅋㅋㅋ
1780575484547,거제 야호~
1780575484593,ㅋㅋㅋㅋㅋㅋㅋㅋ
1780575484661,캬
1780575484699,개뜬금
1780575484755,귀여워
1780575484850,ㅋㅋㅋㅋ
1780575484930,거제~ 야 호
1780575484952,ㅋㅋㅋㅋㅋㅋㅋㅋㅋㅋㅋㅋㅋㅋㅋㅋ
1780575485079,이거지
1780575485100,ㅋㅋㅋㅋㅋㅋㅋㅋㅋㅋㅋㅋㅋㅋㅋㅋㅋ
1780575485109,ㅋㅋㅋㅋㅋㅋㅋㅋㅋㅋㅋㅋㅋㅋㅋㅋㅋㅋㅋㅋㅋㅋㅋㅋ
1780575485159,말 안통함 ㅋㅋㅋㅋㅋ
1780575485233,ㅋㅋㅋㅋㅋㅋㅋㅋㅋㅋㅋㅋㅋㅋ
1780575485333,ㅋㅋㅋㅋㅋㅋㅋ
1780575485357,ㅋㅋㅋㅋㅋㅋㅋㅋㅋㅋㅋㅋㅋㅋ
1780575485445,ㅋㅋㅋㅋㅋㅋㅋ
1780575485450,ㅋㅋㅋㅋㅋㅋㅋㅋㅋㅋㅋㅋㅋㅋㅋㅋㅋㅋㅋㅋㅋ
1780575485456,이걸로 거제 홍보대사 ㅋㅋ
1780575485572,거제 야호~
1780575485729,얏홍~~~
1780575485877,{:d_109:}{:d_109:}{:d_109:}{:d_109:}{:d_109:}{:d_109:}
1780575485897,ㅋㅋㅋㅋㅋㅋㅋㅋㅋㅋㅋㅋㅋㅋㅋㅋㅋㅋㅋㅋㅋㅋ
1780575486137,ㅋㅋㅋㅋㅋㅋㅋㅋㅋㅋㅋㅋㅋㅋㅋㅋㅋㅋㅋㅋㅋㅋ
1780575486150,야호~
1780575486150,거제야호?
1780575486162,개뜬금없어
1780575486163,거제 야호?ㅋㅋㅋㅋㅋㅋㅋㅋㅋ
1780575486171,얼탱 ㅋㅋ
1780575486177,ㅋㅋㅋㅋㅋㅋㅋㅋㅋ
1780575486178,거제 야호~
1780575486232,원이 얼탱
1780575486235,ㅋㅋㅋㅋㅋㅋㅋㅋㅋ
1780575486256,ㅁㅋㅋㅋㅋㅋㅋㅋㅋㅋㅋㅋㅋㅋㅋㅋㅋㅋㅋㅋㅋㅋㅋㅋㅋㅋㅋㅋㅋㅋㅋㅋㅋㅋㅋㅋㅋㅋㅋㅋㅋㅋ
1780575486260,거제 야호~
1780575486272,야호~
1780575486391,{:d_94:}{:d_62:}
1780575486401,찰지다 찰져
1780575486560,거제~ 야~호~
1780575486572,거제 야호~
1780575486665,ㅈㅅㅇㅅㅈ ㅌㅋㅋㅋ
1780575486923,힘 쭉 빠짐 ㅋㅋㅋㅋㅋ
1780575487163,야호~
1780575487184,퀸
1780575487263,ㅋㅋㅋㅋㅋㅋㅋㅋㅋㅋㅋㅋㅋㅋㅋㅋㅋㅋ
1780575487298,힘쭉 빠지네
1780575487299,ㅋㅋㅋㅋㅋㅋㅋㅋㅋㅋㅋㅋㅋ
1780575487300,{:d_94:}{:d_94:}{:d_94:}{:d_94:}
1780575487350,ㅋㅋㅋㅋㅋㅋ브급
1780575487356,거제 ~ 야호~
1780575487393,거제 야호? ㅋㅋ
1780575487430,개레전드
1780575487473,ㅋㅋㅋㅋㅋㅋㅋㅋㅋㅋㅋㅋㅋ
1780575487554,퀸의 마인드
1780575487632,ㅋㅋㅋㅋㅋㅋㅋㅋㅋㅋㅋㅋㅋㅋㅋㅋㅋㅋㅋㅋㅋㅋ
1780575487697,힘 ㅈㄴ 빠져 ㅋㅋㅋㅋ
1780575487716,ㅋㅋㅋㅋㅋㅋㅋㅋㅋㅋㅋㅋㅋㅋㅋㅋㅋㅋㅋㅋㅋㅋㅋㅋㅋㅋㅋㅋㅋㅋㅋㅋㅋㅋㅋ
1780575487761,ㅋㅋㅋㅋㅋㅋㅋㅋㅋㅋㅋㅋㅋㅋㅋㅋ
1780575487769,야호~
1780575487790,거제 야호?
1780575487792,캬
1780575487865,얼텡 ㅋㅋㅋㅋ
1780575487986,야 호 ~~~~~~
1780575488090,야호~
1780575488244,거제- 야-호~
1780575488254,야ㅇ호`
1780575488262,거제 야호~
1780575488300,거제 야-호~
1780575488343,거제 야호~
1780575488385,ㅋㅋㅋㅋㅋㅋㅋㅋㅋ
1780575488391,?
1780575488542,?
1780575488686,거제 야-호~
1780575488766,?
1780575488831,그 대사
1780575488911,ㅋㅋㅋㅋㅋㅋㅋㅋㅋㅋㅋㅋㅋㅋㅋㅋㅋㅋㅋㅋㅋㅋㅋㅋㅋㅋㅋㅋㅋㅋㅋㅋㅋㅋㅋㅋㅋㅋㅋㅋ
1780575488922,ㅈㄴ 무기력함 ㅋㅋㅋ
1780575489049,?????
1780575489086,퀸의 마인드
1780575489177,거제 야호?? ㅋㅋ
1780575489207,진효 야호~
1780575489212,맛간다
1780575489305,?
1780575489383,?
1780575489428,ㅈㄴ 얼탱없음 ㅋㅋ
1780575489456,ㅋㅋㅋㅋㅋㅋㅋㅋㅋㅋㅋㅋㅋㅋㅋㅋㅋㅋㅋㅋㅋㅋㅋㅋㅋㅋㅋ
1780575489466,ㅋㅋㅋㅋㅋㅋㅋㅋㅋㅋㅋㅋㅋㅋㅋㅋㅋ
1780575489704,야호~
1780575489759,브금 ㅋㅋㅋㅋ
1780575489847,퀸동주
1780575489873,야~호~
1780575489982,?
1780575489988,봐도 음이 틀리네
1780575490069,그거 아닌데
1780575490106,?
1780575490170,{:d_54:}
1780575490210,그거 아닌데
1780575490214,힘이 쭈욱 빠져야됨
1780575490247,?
1780575490251,커제~
1780575490262,전설의 시작 ㅋㅋ
1780575490285,?????????
1780575490401,아.
1780575490412,아니야
1780575490417,야 호오옹
1780575490501,아
1780575490513,그거 아닌데 ㅋㅋㅋ
1780575490515,아닌데
1780575490688,?
1780575490800,그거 아니라고
1780575491061,아 ㅡㅡ
1780575491066,?
1780575491143,얗 ~ 호
1780575491157,?
1780575491157,?
1780575491256,맛이가
1780575491261,?
1780575491277,?
1780575491311,퀸의 마인드
1780575491374,아저씨..
1780575491423,넵다 지르는거 개웃김 ㅋㅋㅋㅋㅋㅋㅋㅋㅋㅋㅋ
1780575491469,?
1780575491509,그거아님
1780575491529,?
1780575491562,???
1780575491726,?
1780575491757,?
1780575491771,?
1780575492223,?
1780575492251,아 그거아닌데
1780575492276,그거 아니라고
1780575492310,ㅋㅋㅋㅋㅋㅋㅋ아웃겨
1780575492372,야허
1780575492390,개웃기넼ㅋㅋㅋㅋㅋㅋㅋㅋㅋㅋㅋㅋㅋㅋㅋㅋㅋㅋㅋㅋㅋ
1780575492394,이거야
1780575492430,?
1780575492498,?
1780575492532,힘 ㅈㄴ빠져 ㅋㅋㅋ
1780575492583,그거 아닌데
1780575492584,그거 아니라고
1780575492607,?
1780575492653,콧소리 더 내라고
1780575492656,비음을 더 써
1780575492659,?
1780575492695,?
1780575492703,??
1780575492711,?
1780575492722,?
1780575492761,아 그거 아닌데
1780575492767,그거 아닌데 ㅋㅋ
1780575492808,그거 아닌데
1780575492909,음?
1780575492911,?
1780575493062,아 그거 아닌데
1780575493113,그거 아닌데
1780575493170,봤는데 뭐임?
1780575493309,?
1780575493360,?
1780575493392,?
1780575493407,?
1780575493432,?
1780575493447,?
1780575493483,대항할수없는
1780575493533,이게 전설의시작
1780575493595,쓰읍...
1780575493613,?
1780575493663,힘을 빼ㅑ
1780575493700,아 그거 아냐
1780575493707,퀸
1780575493792,캬
1780575493844,그거 아닌데
1780575493872,아 그거아닌데
1780575494009,그거 아니라고
1780575494026,이맛이야
1780575494032,음이 안올라감
1780575494057,?
1780575494127,?
1780575494145,야허엉~
1780575494183,?
1780575494205,퀸의 마인드
1780575494325,????????????
1780575494449,?
1780575494578,비음 넣어야됨
1780575494625,늙크크
1780575494673,아 힘빠져
1780575494674,?
1780575494677,눈이 돌아있음 그냥
1780575494688,거제 야호~~
1780575494795,아...
1780575495288,저분이 거제맨임?
1780575495295,?
1780575495307,?
1780575495321,아 그거 아니라고
1780575495331,룩삼퀸
1780575495390,아 맛없네
1780575495394,;;;;
1780575495400,그거 아니라고
1780575495426,그거 아니라고 ㅡㅡ
1780575495456,아 그거 아니라고~
1780575495514,거제~ 야~호~
1780575495541,일본인 맞지?
1780575495563,그거 아닌데
1780575495593,아 그거 아닌데
1780575495614,그거 아니라고
1780575495723,?
1780575495729,아 그거 아닌데
1780575495733,마인드는 좋네
1780575495758,갸루정신
1780575495763,아저씨
1780575496065,?
1780575496089,퀸의 마인드
1780575496156,퀸의 마인드
1780575496173,거제~ 야호
1780575496212,음이 틀린데요
1780575496255,아 취한다
1780575496259,아 야호 밈 끝났다
1780575496331,힘 더 뺴야함
1780575496405,왜 들엇는데도
1780575496428,?
1780575496432,아 그거 아닌데
1780575496481,봤는데 뭐임?????
1780575496514,그거아니야
1780575496549,아 그거 아닌데...
1780575496558,???
1780575496560,봐도 음을 모르느데?
1780575496606,음?
1780575496644,좀더 힘빼야함;;
1780575496695,아 그거 아닌데 아저씨 다됐ㄲ네
1780575496706,그거 아닌데...
1780575496764,아니라고 콧소리 쓰라고
1780575496803,콧소리
1780575496976,듣고도 못하네
1780575497082,그거 아니라고
1780575497148,장원영마인드에 이은 미나미마인드
1780575497193,아저씨 다 됐네...
1780575497197,갸루양 {:d_94:}{:d_94:}{:d_94:}{:d_94:}{:d_94:}
1780575497216,ㅋㅋㅋㅋㅋㅋㅋㅋㅋㅋㅋㅋㅋㅋ
1780575497255,그거 아닌데..
1780575497337,아리가토오~
1780575497369,갸루의 철학이 보인다
1780575497378,엥
1780575497412,찰지네
1780575497468,아재같이 따라하네
1780575497730,아저씨 다 됏네
1780575497832,아 그거아닌데~
1780575497835,아 그거 아닌데~
1780575497899,아재 다됐네
1780575497922,아오 힘빠져
1780575497947,보고 해도 못 따라하는데?
1780575497960,늙크크
1780575497964,그거 아닌데
1780575498040,ㅇㄺㄸ
1780575498056,힘빠지게 해야지
1780575498117,야ㅅ ㅎ ㅓ
1780575498184,약 홍
1780575498440,아 그거 아니라고!!!!!!!
1780575498469,그거 아닌데~
1780575498497,아저씨 다됐누ㅋㅋ
1780575498498,퀸의마인드
1780575498589,힘이 안빠지는데?
1780575498591,콧소리 잔뜩넣어야됨
1780575498606,그렇게 하는거 아닌데 ㅡㅡ
1780575498665,갸루 정신
1780575498707,아 그거 아니라고 아저씨
1780575498743,전설의 시작
1780575498755,아리가또~
1780575498839,아리가떠~
1780575498909,아 그 맛이 아니야
1780575498964,{:d_221:}{:d_221:} 야호
1780575499016,고제? 얏호ㅡ
1780575499040,그거 아닌데;;;
1780575499047,그거 아닌데
1780575499130,아리가또네
1780575499137,아니 발음이 너무 완벽한데
1780575499236,그거 아닌데~
1780575499261,?
1780575499327,아..
1780575499357,야호 뜻이 ㅋㅋㅋㅋㅋㅋ 좋아~가자 ~뭐이런거던데
1780575499432,아리가또~
1780575499541,룩포티 다됐네
1780575499588,비음 더ㅋㅋ
1780575499721,아니 직전에 듣고도 틀리는거는 뭐지?
1780575499807,그 느낌이 아니야
1780575499838,들어도 몰라
1780575499854,들어도 못하네...
1780575499886,ㅋㅋㅋㅋㅋㅋㅋㅋ
1780575500029,아 늙기 싫다
1780575500030,아리가똥~
1780575500075,아리가토~
1780575500107,ㅋㅋㅋㅋㅋㅋㅋㅋㅋ
1780575500172,아제 다됫네
1780575500190,끝을 내려야 된다고
1780575500195,그거 아닌데 {:d_126:}{:d_126:}{:d_126:}{:d_126:}
1780575500281,봐도 지맘대로하누
1780575500300,아리가또~
1780575500317,아리갓또~
1780575500413,들어도 못하네 ㅡㅡ
1780575500417,아리가또 ㅋㅋㅋ
1780575500439,그거 아닌데~~
1780575500506,아리가또 ㅋㅋ
1780575500522,ㅋㅋㅋㅋㅋㅋㅋㅋㅋㅋㅋㅋ
1780575500633,아리가똥~
1780575500926,아리가또~
1780575500995,ㅋㅋㅋㅋㅋㅋㅋㅋㅋㅋㅋ
1780575501020,그거아닌데
1780575501171,아리가똥
1780575501192,아저씨 그거 아니야
1780575501215,아 힘 빠져
1780575501277,아니라고
1780575501313,어~ 아리까토
1780575501363,봤는대 왜 이러는대
1780575501686,늙었네 그냥
1780575501779,아~ 아리가또
1780575501849,힘이 너무 넘치는데
1780575501991,어 아리가또~
1780575502009,아 아리가또
1780575502040,아저씨 다됐네
1780575502131,아 아리가터
1780575502193,그거 아닌데~
1780575502357,거제 얏호~
1780575502507,비음을 넣어야돼
1780575502687,아오 아저씨 다됐네
1780575502700,야호 수명 끝남 ㅈㅈ
1780575502725,야허
1780575502769,그거 아닌데..
1780575502829,그거 아니라고
1780575502878,비음으로하는거야
1780575503400,아 늙기싫다....
1780575503458,비음 썪어
1780575503528,늙 크 크
1780575503711,봐도 못하네 ㅋㅋㅋ
1780575503768,힘이 빠져야된다고
1780575503954,이맛이 아닌데
1780575504101,거제 야~ 호~
1780575504121,아리가또~
1780575504175,늙 크 크
1780575504242,보고도 못해??
1780575504258,그맛이 아닌데
1780575504428,무야호~
1780575504535,뭐라 생각함
1780575505306,ㅋㅋㅋㅋㅋㅋㅋㅋㅋㅋㅋㅋㅋㅋㅋㅋㅋㅋㅋㅋㅋㅋㅋㅋㅋㅋㅋ
1780575505576,비음이 개마싯음
1780575505624,약간 힘빠짐
1780575505661,?
1780575505728,?
1780575505788,아 ㅅㅂ
1780575505817,룩저씨
1780575505824,?
1780575505967,?
1780575505996,캬
1780575506082,?
1780575506097,ㅋㅋㅋㅋㅋㅋㅋㅋㅋㅋㅋㅋㅋㅋㅋㅋㅋ
1780575506122,?
1780575506157,ㅋㅋㅋㅋㅋㅋㅋㅋㅋㅋㅋㅋㅋㅋㅋㅋㅋㅋㅋ
1780575506161,ㅋㅋㅋㅋㅋㅋㅋㅋㅋㅋㅋ
1780575506225,무야호 했겠지
1780575506241,?
1780575506259,?
1780575506268,?
1780575506291,?
1780575506300,?
1780575506349,ㅋㅋㅋㅋㅋㅋㅋㅋㅋㅋ
1780575506408,아..
1780575506413,?
1780575506476,ㅋㅋㅋㅋㅋㅋㅋㅋㅋㅋㅋㅋㅋㅋㅋㅋㅋㅋㅋㅋㅋㅋㅋ
1780575506502,?
1780575506522,아
1780575506534,?
1780575506642,ㅋㅋㅋㅋㅋㅋㅋㅋㅋㅋㅋㅋㅋㅋㅋㅋㅋㅋㅋ
1780575506648,ZI
1780575506660,?
1780575506676,?
1780575506686,틀
1780575506692,?
1780575506716,캬
1780575506717,바로 늙크크
1780575507338,ㅡㅡ
1780575507375,?
1780575507415,아
1780575507436,ㅋㅋㅋㅋㅋㅋㅋㅋㅋㅋㅋㅋㅋㅋ
1780575507445,ㅋㅋㅋㅋㅋㅋㅋㅋㅋㅋ
1780575507449,무야호 했겠지
1780575507461,ㅋㅋㅋㅋㅋㅋㅋㅋㅋㅋㅋㅋ
1780575507490,아
1780575507494,그건 뭔데
1780575507513,개 놀림 받았지
1780575507522,아
1780575507568,?
1780575507574,????????????
1780575507577,와
1780575507612,ㅋㅋㅋㅋㅋㅋㅋㅋㅋㅋㅋㅋㅋ
1780575507615,무야호
1780575507628,?
1780575507671,ㅋㅋㅋㅋㅋㅋㅋㅋㅋㅋ
1780575507677,늙 크 크
1780575507700,?
1780575507720,늙크크
1780575508466,무야호
1780575508490,와..
1780575508537,?
1780575508548,아 틀다됐네
1780575508554,??????
1780575508558,아......
1780575508565,ㅋㅋㅋㅋㅋㅋㅋㅋㅋㅋㅋㅋ
1780575508617,ㅋㅋㅋㅋㅋㅋㅋㅋㅋㅋㅋ
1780575508636,늙크크늙크크
1780575508645,무야호 ㅋㅋㅋㅋ
1780575508663,야~호-
1780575508666,?
1780575508678,?
1780575508695,ㅋㅋㅋㅋㅋㅋㅋㅋㅋㅋㅋㅋㅋㅋㅋㅋㅋㅋㅋㅋ
1780575508698,//
1780575508698,아
1780575508700,?
1780575508710,아오
1780575508713,??
1780575508714,?
1780575509276,아오 틀크크
1780575509290,{:d_126:}{:d_126:}
1780575509298,??
1780575509307,{:d_126:}{:d_126:}{:d_126:}{:d_126:}
1780575509351,ㅋㅋㅋㅋㅋㅋㅋㅋㅋㅋㅋㅋ
1780575509385,늙 크 크
1780575509438,?
1780575509456,등산
1780575509463,아저씨 ㅋㅋㅋ
1780575509465,거제 야호~
1780575509516,?
1780575509520,?
1780575509526,딸크크
1780575509533,?
1780575509562,와 틀내
1780575509572,?
1780575509579,아....
1780575509592,무야호냐고
1780575509607,등산함?
1780575509701,무한도전 찍냐고 ㅋㅋ
1780575509723,아오
1780575510287,ㄹㅇ 야호네
1780575510294,아 늙기싫다
1780575510322,?
1780575510335,무야호 급
1780575510339,?
1780575510344,레전드...
1780575510379,힘이 빠져야 정품임
1780575510381,아으 아저씨 그거 아니라고 !
1780575510382,아...
1780575510406,??
1780575510454,룩포티 ㄷㄷ
1780575510457,북한식.
1780575510463,?
1780575510473,아오 ㅋㅋㅋㅋㅋㅋㅋㅋㅋ
1780575510481,아오 ㅋㅋ
1780575510488,무야호~
1780575510542,야호이
1780575510546,늙크크
1780575510651,{:d_126:}
1780575510702,??
1780575510796,무 야 호~
1780575511052,늙 크 크
1780575511063,??
1780575511102,룩저씨 ㅋㅋㅋㅋㅋㅋㅋㅋ
1780575511122,무야호
1780575511149,무야호
1780575511165,아 그거 아니라고
1780575511180,늙크크
1780575511220,올크크
1780575511247,우익 ~ 야호~
1780575511302,{:d_126:}{:d_126:}{:d_126:}{:d_126:}{:d_126:}{:d_126:}{:d_126:}
1780575511329,{:d_126:}{:d_126:}
1780575511362,거 야 호
1780575511452,틀
1780575511457,아호이~
1780575511512,아호이
1780575511562,신라 공주다
1780575511577,아재임?
1780575511605,야호이
1780575511738,{:d_126:}{:d_126:}{:d_126:}{:d_126:}{:d_126:}
1780575511764,아오 아저씨
1780575512007,아저씨 다 됐네
1780575512044,개아쟄ㅋㅋㅋㅋㅋ
1780575512049,늙크크
1780575512084,ㅋㅋㅋㅋㅋㅋㅋ
1780575512118,늙크크..
1780575512142,올 크 크
1780575512246,늙 크 크
1780575512335,늙크크
1780575512341,아호이
1780575512402,?
1780575512460,아호이냐?
1780575512482,늙크크
1780575512494,늙크크
1780575512594,그건 무야호잖아
1780575512623,야호이~
1780575512628,아호이~
1780575512674,아호이
1780575512701,개틀
1780575512704,늙크킄ㅋㅋ
1780575512706,신라공주 등판
1780575512783,늙크크
1780575512915,다 늙엇네
1780575513031,아...
1780575513043,올크크
1780575513078,ㅋㅋㅋㅋㅋㅋㅋㅋㅋ
1780575513090,ahoy
1780575513149,진짜 맛없네
1780575513297,"야호~ 가 아니라 얗, 호~! 이런느낌으로해야함"
1780575513335,늙
1780575513385,ㅋㅋㅋㅋㅋㅋㅋㅋㅋㅋㅋ
1780575513427,늙 크 ㅁ크
1780575513427,늙크크
1780575513499,아호이
1780575513505,ㅈㄴ 힘빠지게해야댐
1780575513541,신라 공주
1780575513649,늙 크 크
1780575513666,늙크크
1780575513703,늙크크
1780575513739,늙크크
1780575513769,늙ㅋㅋ
1780575513777,군대임?
1780575513929,진짜 늙크크
1780575513942,등산한줄
1780575514033,늙크크
1780575514034,오
1780575514056,아오 늙크크
1780575514104,야호이
1780575514145,"아조씨,,,"
1780575514165,늙크크
1780575514220,늙크크
1780575514237,공쥬님
1780575514273,진짜 아저씨;;
1780575514405,{:d_126:}{:d_126:}{:d_126:}{:d_126:}
1780575514482,늙크크
1780575514523,아호히
1780575514623,{:d_126:}{:d_126:}{:d_126:}
1780575514690,아호이?
1780575514875,캬
1780575514971,진짜 개쳐늙었네
1780575515006,늙크크
1780575515080,거제 무 야호~~~~
1780575515246,{:d_126:}
1780575515300,아재판별 ㅋㅋㅋ
1780575515339,늙 늙 크 크 늙 크 크 늙 크 크 늙 크 크 늙 크 크 크 크
1780575515354,아호이 ~!
1780575515355,신캐 2
1780575515404,아호이 아호이!
1780575515569,무야호
1780575515729,신캐 2
1780575515736,늙크크
1780575515745,억제
1780575515789,……..
1780575515842,틀 크 크
1780575515877,아호이
1780575515941,신라공주다
1780575516020,신 라 공 주
1780575516095,신캐 등장
1780575516277,고윤정
1780575516446,룩삼 아오;
1780575516551,신라공주
1780575516625,신라공주 등장
1780575516773,늙크크
1780575516835,야 고윤정
1780575517002,캬캬캬캬
1780575517123,무~야~호~
1780575517202,신라공주
1780575517263,까여이
1780575517552,{:d_90:}{:d_90:}{:d_90:}{:d_90:}
1780575517874,신라공주
1780575518052,늙크크
1780575518074,늙크크
1780575518109,선덕공주다
1780575518125,신라공주
1780575518260,대 윤 정
1780575518267,DLC 하나 더 출시됨
1780575518272,신라공주
1780575518413,올크크
1780575518458,아호이
1780575518535,까엉이다
1780575518645,신캐 출시
1780575518979,경주공주 등판
1780575519014,뉴 신캐
1780575519102,연타석 홈런
1780575519198,늙크크
1780575519283,ahoy
1780575519322,또 신캐
1780575519499,공주님
1780575519503,신라공주 등판
1780575519515,신라공주
1780575519564,신라공주 ㄱㅇㅇ
1780575519648,선장님이 갑자기 ㅋㅋ
1780575519706,신캐2
1780575519835,마 니 모 살림차리고싶나
1780575520747,신라공주
1780575520948,룩삼 최애
1780575521155,신라공주 등장
1780575521280,연타석 홈런
1780575521294,신라공쥬님
1780575521567,또 신캐가 나왔구나
1780575521663,신 라 공 주
1780575521702,신캐2
1780575522284,사투리만 쓰기
1780575522330,이쁜이 등장
1780575522539,신캐 출연
1780575522811,신라공주
1780575523087,대 신 라
1780575523137,야호뜻이 ㅋㅋㅋㅋㅋ 좋아 가자 이런느낌이라함
1780575523586,주캐
1780575523619,신라공주
1780575523703,야 고윤정
1780575523901,신캐출시
1780575524112,홈런을 연속으로 그냥
1780575524131,선덕공주
1780575524154,사투리
1780575524374,와 신캐다
1780575524457,신라공주 등장
1780575524501,신캐 ㅋㅋㅋ
1780575524578,신캐등장
1780575524656,신라공주
1780575524941,리센느 고윤정
1780575525060,주캐 등장
1780575525283,신라공주
1780575525348,신라공주 당
1780575525367,신라공주
1780575525389,신라공주
1780575525803,신라공주
1780575525846,신라 공주
1780575525925,고윤정 등장
1780575525989,DLC 하나 더 등장
1780575526012,신캐 PV
1780575526371,ㄷㄱㄷㄱㄷㄱ
1780575526506,공주다
1780575527152,신캐등장ㅋㅋ
1780575527330,신라공주
1780575527422,야 고윤정
1780575527472,대 윤 정
1780575527482,파라파라 어디갔노
1780575527563,대 신 캐
1780575527583,신라공주
1780575527813,dlc 결제
1780575528214,올크크
1780575528270,경주 고윤정
1780575528299,갸루 귀신은 바다인데
1780575528380,신라공주 재밌지
1780575528450,신라 고윤정 등장
1780575528500,고윤정이당
1780575529063,연타석 홈런
1780575529298,라이벌 등장
1780575529387,경주 고윤정
1780575529509,신라공주당
1780575529524,ㄷㄱㄷㄱㄷㄱㄷㄱㄷㄱㄷㄱ
1780575529794,개으삐네
1780575530329,만담쇼 재밌음
1780575530754,신라공주 업데이트
1780575530794,룩삼 최애
1780575530867,룩삼 주캐
1780575530932,이건 영상들으 봐야 재밋는디
1780575530996,오이데 오이데로 방점찍는다 이제 ㅋㅋ
1780575531225,와 개이쁘다 ㄹㅇ
1780575531641,파이리
1780575532406,야 고윤정
1780575532603,야 고윤정
1780575533290,개이쁘네
1780575533398,제나 ㄷㄷ 개쎄보이네
1780575533569,윤정양....
1780575533853,얼굴은 제나
1780575533885,진짜임
1780575534208,파라파라 어디감
1780575534820,ㅋㅋㅋㅋㅋㅋㅋㅋㅋㅋㅋㅋㅋㅋㅋㅋ
1780575534831,진효야~
1780575534841,사귀자
1780575536788,진효야~
1780575536836,맞긴해
1780575537217,ㄹㅇ
1780575537228,룩삼 주캐
1780575537325,ㄹㅇ
1780575537495,진짜임.
1780575537981,진짜라는거임
1780575538152,ㅋㅋㅋㅋㅋㅋㅋㅋㅋㅋ
1780575538784,존예네
1780575538984,개이뻐...
1780575539086,야 고윤정
1780575539280,진효야~ 사귀자~
1780575539330,갱상도
1780575539376,ㄹㅇㅋㅋ
1780575539487,진효야~
1780575539598,ㄹㅇ
1780575539874,맞긴함 경상도는
1780575539941,진효야
1780575539967,진효야~
1780575540081,파라파라 어디감
1780575540261,진짜임?
1780575540544,니 나랑 살림차리고싶나
1780575540690,지뇨야
1780575540693,진효야
1780575540791,지뇨~
1780575540794,진효야 사귀자
1780575540874,역유진
1780575540895,지뇨
1780575540919,마 니 모 내랑 살림 차리고싶나
1780575541143,진효야~
1780575541178,진효야
1780575541277,진효야~
1780575541282,맞긴해
1780575541670,진짜임
1780575541824,지뇨야~~~
1780575541893,김가여이
1780575541973,진효~
1780575542166,경상도는 저게좀
1780575542335,파라파라는 더 다음이야
1780575542606,진짜임 ㅋㅋㅋㅋ
1780575542652,지뇨옵빠...
1780575542765,맞긴해
1780575542779,진효오빠~
1780575542918,지뇨야
1780575542991,사투리 진짜네
1780575543025,야 김지뇨
1780575543375,얼굴 폼 지린다
1780575543652,맞긴해~
1780575543800,진효야~~~
1780575544007,원이양...
1780575544894,경상도는 그게 맞긴 해
1780575545388,야 윤정아
1780575546120,신라공주 진짜 이쁘다
1780575546357,소율아ㅓ~
1780575546520,야 고윤정.
1780575546945,지뇨야~
1780575547076,우희야~
1780575547415,이쁘다
1780575547570,크악
1780575548181,니 뭐 살림차리고 싶나
1780575548247,지뇨야~
1780575549789,마 니 살림차리고 싶나
1780575550927,진효야
1780575550987,원이야 야호~~
1780575551358,ㅋㅋㅋㅋㅋㅋㅋㅋㅋㅋㅋ
1780575551457,ㅋㅋㅋㅋㅋㅋㅋㅋ
1780575551491,네
1780575551543,지뇨야
1780575551670,ㅋㅋㅋㅋㅋ
1780575551705,ㅋㅋㅋㅋㅋㅋㅋㅋㅋㅋㅋ
1780575551885,ㅋㅋㅋㅋㅋㅋㅋ
1780575552328,ㅋㅋㅋㅋㅋㅋㅋㅋ
1780575552367,ㅋㅋ
1780575552409,ㅋㅋㅋㅋㅋㅋㅋㅋㅋㅋ
1780575552518,ㅋㅋㅋㅋㅋㅋㅋㅋㅋㅋㅋㅋㅋ
1780575552573,ㅋㅋㅋㅋㅋ
1780575552597,오우
1780575552736,ㅋㅋㅋㅋㅋㅋㅋㅋㅋ
1780575552920,ㅋㅋㅋㅋㅋㅋㅋㅋㅋㅋㅋ
1780575552950,ㅋㅋㅋㅋㅋㅋㅋㅋㅋㅋㅋㅋㅋ
1780575552995,ㅋㅋㅋㅋㅋㅋ
1780575553003,캬
1780575553051,ㅋㅋㅋㅋㅋㅋㅋㅋㅋㅋㅋㅋㅋㅋㅋㅋㅋㅋㅋㅋㅋㅋㅋㅋㅋㅋㅋㅋㅋㅋㅋㅋㅋ
1780575553067,살림차리고싶어요
1780575553103,ㅋㅋㅋㅋㅋㅋ
1780575553339,캬ㅑ
1780575553377,ㅋㅋㅋㅋㅋㅋㅋㅋㅋㅋㅋㅋㅋㅋㅋㅋ
1780575553498,살림 ㅋㅋㅋ
1780575553536,ㅋㅋㅋㅋㅋㅋㅋㅋ
1780575553822,네...
1780575553862,살림차리고싶긴해
1780575554130,ㅋㅋㅋㅋㅋㅋㅋㅋㅋ
1780575554162,ㅋㅋㅋㅋㅋㅋㅋㅋㅋ
1780575554177,네
1780575554377,ㅋㅋㅋㅋㅋㅋㅋㅋㅋㅋㅋㅋㅋㅋ
1780575554527,살림차리고 싶지...
1780575554704,로컬이가
1780575554725,ㅋㅋㅋㅋㅋㅋㅋㅋㅋㅋㅋ
1780575554738,네
1780575554794,마 살림 차리고싶나
1780575554951,지뇨야~
1780575555165,마 니 살림차리고싶나
1780575555591,ㅋㅋㅋㅋㅋㅋㅋ
1780575555763,ㅋㅋㅋㅋㅋㅋㅋㅋㅋㅋ
1780575556292,맞긴해 ㅋㅋㅋㅋ
1780575556598,살림차리고싶다
1780575557374,마 니 살림차리고 싶나
1780575557996,ㄹㅇ ㅋㅋㅋㅋㅋㅋㅋㅋㅋㅋㅋㅋㅋㅋㅋㅋㅋㅋ
1780575558824,ㅔ
1780575559161,살림차리고싶나
1780575559530,ㅋㅋㅋㅋㅋㅋㅋ
1780575559785,ㅋㅋㅋㅋㅋㅋㅋㅋㅋㅋㅋㅋㅋㅋㅋ
1780575560036,진효야... 나 효니....
1780575560432,아으
1780575560534,ㅋㅋㅋㅋㅋㅋㅋㅋㅋㅋㅋㅋ
1780575560586,꺄
1780575561030,ㅋㅋㅋㅋㅋㅋㅋㅋ
1780575561057,ㅋㅋㅋㅋㅋㅋㅋㅋㅋ
1780575561097,김 가여이
1780575561309,ㅋㅋㅋㅋㅋㅋㅋㅋㅋ
1780575561459,살림차리고싶긴하네...
1780575561599,너랑만났을떄랑 개다름ㅋㅋ
1780575561741,지뇨야 야호~~~~
1780575562401,ㅋㅋㅋㅋㅋㅋㅋㅋㅋㅋㅋㅋㅋㅋㅋㅋㅋ
1780575562416,기절 ㅋㅋ
1780575562892,ㅋㅋㅋㅋㅋㅋㅋㅋㅋ
1780575562919,제나 사투리 귀엽
1780575563077,안 괘안아
1780575563657,ㅋㅋㅋㅋㅋㅋㅋㅋㅋㅋㅋ
1780575563658,안개아나
1780575563857,ㅋㅋㅋㅋㅋㅋㅋㅋㅋ
1780575563876,커엽네
1780575563962,ㅋㅋㅋㅋㅋㅋㅋㅋㅋㅋㅋㅋㅋㅋㅋㅋㅋ
1780575564262,ㅋㅋㅋㅋㅋㅋㅋㅋㅋㅋ
1780575565048,진효야
1780575565767,가영양......
1780575566238,안 개아나
1780575566436,사투리 ㅋㅋㅋㅋㅋㅋㅋㅋ
1780575566886,ㅋㅋㅋㅋㅋㅋ
1780575568167,ㅋㅋㅋㅋㅋㅋㅋㅋㅋㅋㅋㅋㅋㅋ
1780575568569,ㅋㅋㅋㅋㅋㅋㅋㅋㅋ
1780575568787,도랐나
1780575568827,ㅋㅋㅋㅋㅋㅋㅋㅋ
1780575569097,ㅋㅋㅋㅋㅋㅋㅋㅋㅋㅋㅋㅋ
1780575569288,ㅋㅋㅋㅋㅋㅋㅋㅋㅋ
1780575569321,도랐나
1780575569432,도란나 ㅋㅋ
1780575569599,ㅋㅋㅋㅋ
1780575569737,마 돌았나
1780575569806,마 돌았낰ㅋㅋ
1780575569826,ㅈㄴ이쁘네
1780575570015,사투리 엄청 강하네ㅋㅋㅋㅋㅋ
1780575570025,마 돌았나
1780575570100,ㅋㅋㅋㅋㅋㅋㅋㅋㅋㅋ
1780575570183,헉
1780575570225,돌았나 ㅋㅋㅋㅋㅋㅋㅋㅋ
1780575570374,마 도랐나
1780575570435,ㅋㅋㅋㅋㅋㅋㅋㅋㅋㅋㅋㅋ
1780575570462,ㅋㅋㅋㅋㅋㅋㅋㅋㅋㅋㅋㅋㅋ
1780575570516,사투리 지리넹
1780575570734,캬ㅑㅑ
1780575570738,ㅋㅋㅋㅋㅋㅋㅋㅋㅋㅋㅋㅋㅋㅋㅋㅋ
1780575570835,ㅇㅇ
1780575570868,ㅋㅋㅋㅋㅋㅋㅋㅋㅋㅋㅋ
1780575570886,도랐나
1780575570948,ㄹㅇ
1780575571130,경북 사람들이 다 사투리가 제각각 다름
1780575571173,도란나 ㅋㅋ
1780575571629,ㅇㅇ
1780575571729,ㅇㅇ
1780575571807,네이티브
1780575572052,그러게
1780575572365,ㅋㅋㅋㅋㅋㅋㅋㅋㅋㅋ
1780575572641,강현아 나 정환이
1780575572656,개심함 ㅋㅋㅋ
1780575572758,일부러 저런거임
1780575572968,ㄹㅇ
1780575573101,일부러 쓰는거지
1780575573151,그래서 뜸
1780575573168,ㄹㅇ
1780575573228,도랐나
1780575573289,거제 경주
1780575573319,ㅋㅋ부담감이컸댘ㅋㅋㅋ
1780575573416,본투비
1780575573517,ㅇㅇ
1780575573534,거제랑 경주라서
1780575573592,커엽당
1780575573611,경상도라 쌔
1780575573612,좀 오바하는거기도 해요
1780575573733,거제 경주
1780575573917,플러팅이네
1780575573942,거제 경주
1780575573980,ㅋㅋㅋㅋㅋㅋㅋㅋ
1780575574173,거제 경주
1780575574203,경주거제 ㅋㅋ
1780575574402,ㅋㅋㅋㅋㅋㅋㅋ
1780575574420,로컬이니까
1780575574452,진짜쎄네
1780575574491,유독 심하긴해
1780575574494,ㄹㅇ
1780575574506,완전 네이티브
1780575574534,갱상도
1780575574566,ㅇㅇ
1780575574606,매력있어
1780575574618,마 도랏나
1780575574632,그러네
1780575574639,경북이자나
1780575574640,사투리 세네
1780575574651,토박이들이라
1780575574849,거제 경주라
1780575574929,저건 각잡고 한거
1780575574943,네이티브임
1780575574969,거제 경주
1780575575010,저쪽이 센편이긴해
1780575575096,로컬ㅋㅋㅋ
1780575575174,시골출신임 거의
1780575575292,좀 과장하는거지 솔직히 ㅋㅋ
1780575575399,대 투 리
1780575575404,방송이라 좀 더 쎄게 ㅋㅋ
1780575575429,경상도 듀오
1780575575656,네이티브
1780575575738,거제 경주라
1780575575789,사투리 컨셉임
1780575575792,거제가 ㄹㅇ 쌤
1780575575801,로컬이니까
1780575575863,많이센편이긴함 ㅋㅋㅋ
1780575575883,경남 경북
1780575575900,재밌어 ㅋㅋㅋㅋㅋㅋㅋ
1780575575905,거제니까 쎌만해
1780575576016,일부러 좀 쎄게 햇대여 저정도 아니래여
1780575576051,네이티브
1780575576053,거제랑 경주라서 더함ㅋㅋㅋ
1780575576215,경주 거제
1780575576391,로컬이야 걍
1780575576541,억지로 좀 쎄게 하는 느낌 ㅋㅋ
1780575576693,거제 경주라서
1780575576728,고향 사투리 살려서 한거
1780575576884,경북이 지려
1780575576921,거제랑 경주라ㅋㅋㅋ
1780575577129,ㄹㅇ
1780575577132,둘다 우리나라 끝이니까 ㅋㅋ
1780575577140,거제 경주라
1780575577240,일부러긴한데
1780575577342,둘다 촌이랏거
1780575577471,일부러 좀 더 쎄게 하는 중
1780575577606,거제는 빡세긴 해
1780575577610,거제 경주
1780575577779,경북과 경남
1780575577914,경상도가 좀쌔긴해
1780575577966,로컬이니까 그렇지
1780575578045,ㄹㅇ 로컬삘
1780575578087,거제는 섬임
1780575578124,일브러 더쓰는거
1780575578171,그래서 좋은듯 ㅋㅋㅋㅋ
1780575578270,일부러 쓰는
1780575578335,바닷가는 그럼
1780575578376,거제 경주라
1780575578424,원주민들임
1780575578495,일부러 쓴거같은데
1780575578934,좀 과하게 한 것도 있대 ㅋㅋㅋㅋ
1780575579069,그 컨셉으로 콘텐츠 찍은거임
1780575579123,더 쎄게 하긴 함
1780575579239,그게 매력임
1780575579371,경상도 토박이잖어
1780575579596,경상도 사람들이 달라 사투리가
1780575579668,오바해서 한거긴 함 예능이라
1780575579708,경주 거제니까
1780575579734,거제는 좀 셈
1780575579875,일부러 씨게한다는말이
1780575580186,거제 사투리라 개쎔 ㅋㅋ
1780575580323,로컬이긴해
1780575580510,아줌마 사투리임 거의
1780575580843,영상이라 좀 더 쌔게 하는거도 있음
1780575581004,일부러 더 쎄게 한술도~
1780575581147,경북 경난ㅁ에서도 촌이잖아
1780575581250,신라공주
1780575581393,근데 원래 사투리 쓰는사람한테 사투리 쓰라하면 더 세짐
1780575581751,일부로 좀 강조한거긴해
1780575581755,경북 경남 대구 부산 다 다름
1780575581834,ㅈㄴ이쁜데 사투리 쓰니까 더 이뻐보여
1780575581857,경상도라서 더 그럼
1780575581959,일부러 더한거긴함
1780575582016,부산은 약한거임
1780575582762,그야 로컬이니까
1780575582769,호감이네
1780575583218,원이는 거제에서 고등학생까지 살아서
1780575583780,살짝 과장한것도 잇긴함
1780575584169,갱상도니까
1780575584307,일부러 더 한거긴한데
1780575584847,ㅇㅇ
1780575586187,경상도가 좀 쌔
1780575586231,일부러 세게 한 건 느껴지지만
1780575586284,좀 오바 한거 아닐까
1780575586337,거제 경주라 쌘 편이래
1780575586428,덕연이 딸
1780575586476,남 북
1780575586486,다름
1780575586581,일부러 좀 더 살리는거지
1780575586866,경북 경남
1780575587028,거제가 개쎔
1780575587147,지역은 달라
1780575587324,달라
1780575587340,경북 경남
1780575587349,좀 다름
1780575587355,달라요
1780575587381,북도 남도
1780575587387,달라요
1780575587406,지역이 좀 멀어
1780575587535,조금씩 다름
1780575587608,거제 친구있는데 엄청 쎔
1780575587645,다르지다르지
1780575587722,ㅇㅇ 다름
1780575587784,달라여
1780575587845,거제면 더쏄듯
1780575587924,남도 북도
1780575587928,거리가 멈
1780575587930,거제 경주
1780575588011,좀 다르대
1780575588051,경북 경남
1780575588128,남도랑 북도
1780575588273,아무래도 거제 경주라 ㅋㅋ
1780575588335,경북 경남
1780575588383,경북 경남
1780575588404,거제 경주면 끝이네 완전
1780575588499,ㅇㅇ
1780575588709,완전 다름
1780575588730,둘다 경남임
1780575588757,달라요
1780575588793,둘이 말투 다름
1780575588820,거제가 더 쎄
1780575588918,다름
1780575589118,좀 다르데
1780575589239,다르지
1780575589257,다름 ㅇㅇ
1780575589441,경북 경남 좀 다름 ㅇㅇ
1780575589472,놀면뭐하니에서 이미 사투리가 터져서 뭔가 옮겨진것도있음
1780575589679,다름
1780575589887,경북 경남 다르지
1780575589910,좀 다름
1780575589997,거제 가야 왜
1780575590079,ㅇㅇ
1780575590084,다름ㅇㅇ
1780575590091,다 다름
1780575590158,좀 다름
1780575590234,경남 거제 경북 경주
1780575590254,ㅇㅇ 다름
1780575590275,경남 경북
1780575590309,좀 다름
1780575590317,경북이고
1780575590335,경북이랑 경남이라서
1780575590340,다르지~
1780575590341,경주랑 거제
1780575590497,다 다름
1780575590674,경남 경북 다르지
1780575590682,경남 경북 좀 다르지
1780575590741,덕연이 딸이라 그럼
1780575590897,약간 다름
1780575591469,다름
1780575591477,경남 경북 좀 다름
1780575591483,쫌 달라
1780575591509,다르죠
1780575591533,좀 다름
1780575591594,조금다름
1780575591634,완전 다르지
1780575591645,다름
1780575591657,경북이 더쎔
1780575591705,달라
1780575591735,다름
1780575591740,다름
1780575591752,경북이 좀 더 톤이 있ㅇ므
1780575591774,다름
1780575591787,다르지
1780575591812,다름
1780575591831,다름
1780575591861,둘이 그래서 조금씩 다름
1780575591868,ㄴㄴ
1780575591878,달라
1780575592453,다름
1780575592456,그래서좀달라
1780575592456,다름
1780575592465,달라
1780575592477,다르지
1780575592490,좀 다름
1780575592505,ㄴㄴ
1780575592523,다르죠
1780575592574,살짝달라
1780575592581,조금 차이 있음
1780575592585,달라
1780575592620,다름
1780575592636,해안가가 좀 쎄
1780575592648,전혀다르지
1780575592652,다르지
1780575592735,틀림
1780575592739,달라
1780575592748,차이 좀 있음
1780575592767,다르지
1780575592800,좀 다름
1780575593411,ㄴㄴ
1780575593417,같냐는게?
1780575593420,ㄴㄴ 좀다름
1780575593422,달라 좀
1780575593454,다름
1780575593536,좀 다름
1780575593544,경상도끼리 붙어서 더 쎔
1780575593598,차이남
1780575593612,다름
1780575593614,다름
1780575593638,다 다름
1780575593654,살짝 다르지
1780575593670,다름
1780575593671,다르지
1780575593689,내려갈수록 더 쌤
1780575593723,달라 달라
1780575593751,다름
1780575593757,조금다름
1780575593768,ㄴㄴ 달라
1780575593796,달라
1780575594509,다름
1780575594521,다름
1780575594535,겠냐
1780575594550,다른데 비슷하지
1780575594556,좀 다름
1780575594588,달라
1780575594598,악센트가 다름
1780575594615,쫌 다름
1780575594615,좀 다르대
1780575594615,악센트 다름
1780575594616,다름\
1780575594655,차원이 다름
1780575594664,좀 달라
1780575594673,ㄴㄴㄴㄴ
1780575594673,악센트가 다름
1780575594691,완전 다르지
1780575594721,조금 차이남
1780575594742,조금 달라요
1780575594746,다르지
1780575594776,완전 달라
1780575594803,쪼금 다름
1780575595429,다름
1780575595444,다름
1780575595466,약간 다름
1780575595476,살짝 다름
1780575595486,좀 다름
1780575595510,ㄴㄴ 다름
1780575595517,조금씩 다르지
1780575595538,좀 다름
1780575595542,울산 부산 대구도 다름
1780575595546,거기도 달라
1780575595561,다른데 비슷해
1780575595624,ㄴㄴㄴ
1780575595638,조금 다름
1780575595658,다릉
1780575595660,같은 경남도 다름 ㅋㅋ
1780575595743,남쪽이 더 쎔
1780575595789,뭐가 같아
1780575595791,달라요
1780575595792,좀 다름.
1780575595794,다르지
1780575596418,창
1780575596465,다름
1780575596494,좀 다름
1780575596497,경북이 더 쎄
1780575596502,대구랑 부산이랑 다른거처럼
1780575596508,조금다름
1780575596513,거제가 쌤
1780575596523,다름
1780575596527,다르대
1780575596564,꽤 달라
1780575596584,경북이 더썌
1780575596596,다르죠
1780575596636,좀 달라 영상에도 나옴
1780575596690,다르지
1780575596731,방금것도 완전 다른데
1780575596757,다름
1780575596761,경남이 더 톤이 쎔
1780575596769,다르지
1780575596769,억양이 좀 더 달라
1780575596777,좀 달라 비슷은해
1780575596832,그거도 쇼츠 있을텐데
1780575597295,또 다름 ㅇㅇ
1780575597297,조금씩 다름
1780575597351,악센트가 달라
1780575597407,억양이 달라
1780575597407,쬐금 다르지
1780575597447,조금 다름
1780575597465,약간 달라
1780575597502,마이달라
1780575597504,들어보면 실제로 다르게 함
1780575597544,악센트만 살짝 다름
1780575597570,ㄴㄴ다름
1780575597578,심지어 부산대구도 아니고 거제 경주 ㅋㅋ
1780575597589,다름
1780575597629,억양이 다름
1780575597687,쫌 다르던데
1780575597742,위 아래
1780575597776,약간다름
1780575597792,억양이 다름
1780575597820,다르지
1780575597821,사투리 많이 다르지
1780575598084,차원이 다르지 ㅇㅇ
1780575598117,다름 들어보면 다른거 느껴짐
1780575598142,많이다름
1780575598149,조금 다름
1780575598191,억양이 다름
1780575598230,저 영상만 봐도 다름
1780575598289,차이가 있음
1780575598296,조감쌕 다 다르지
1780575598314,약간 억양이 다름
1780575598321,지역마다 또 달라
1780575598353,서울은 모르지
1780575598380,달라 달라
1780575598431,경북 경남 다름
1780575598431,부산대구도 다른데
1780575598511,다름
1780575598530,톤이 반대임
1780575598609,억양 아예 다름
1780575598717,조금다름
1780575598729,다르지
1780575598791,억양이 다름
1780575598810,다름 같이 들으면 좀 다름
1780575598883,끝음이 좀 다름
1780575598887,서로 다른거 암
1780575598914,전북 전남도 많이다르고
1780575598925,다름
1780575599013,경북이좀더쌤
1780575599015,비슷해
1780575599019,약간 다를듯
1780575599023,억양도 단어도 다름
1780575599026,쪼끔 다름
1780575599030,완전 다름
1780575599079,경남사투리 경북사투리 대구사투리 다 다름
1780575599157,경북 경남
1780575599212,좀 달라요
1780575599332,거제는 완전 남쪽이지 ㅋㅋ
1780575599374,억양
1780575599422,경북이 좀 더 높낮이가 있ㅇ므
1780575599462,그것도 나옴
1780575599478,멀어 일단
1780575599613,악센트가 다름
1780575599703,경남이 쌤
1780575599918,거제가 좀 더 셈
1780575600133,경북이 훨썜
1780575600155,좀만 떨어져도 아예다름
1780575600166,조금다름
1780575600195,완전 다름
1780575600313,경남끼리도 경북끼리도 다 다름
1780575600397,둘이 차로 2시간 가까이 댐
1780575600437,악센트가 다르지
1780575600556,경북 내부에서도 다르고
1780575600637,차이 완전님
1780575600644,대구부산 급 아닌가
1780575600674,다른걸 저영상에서 보여줌
1780575600727,경북이 톤이 높아
1780575600893,조금 다른데 서로 알아먹음
1780575600919,경남이 사투리 더쌤
1780575601084,달라
1780575601144,난 대군데 조금 다름
1780575601215,데덴찌도 다르겟지
1780575601351,로컬로서 완즌히 다르게 느껴짐
1780575601370,거제가 좀 썜
1780575601407,경북 경남 다름
1780575601432,악센트가 달라요
1780575601439,몰라 시골
1780575601489,억양
1780575601566,전혀다르긴해
1780575601581,악센트가 다름
1780575601588,경북 경남 차이는 좀 크넫
1780575601594,약간 다라
1780575601680,다르지
1780575601685,악센트 위치
1780575601696,경주가 귀여움
1780575601706,트릉ㄴ 비슷
1780575601756,뭐가 다른지 모르겟지만 다름
1780575601788,경남이 더 쎄던데
1780575601873,풀버전 보면 감이 옴
1780575602091,약간 다르고 콘텐츠에서도 차이가 남
1780575602100,조금다름
1780575602134,내려갈 수록 더 쎄지 보통
1780575602156,다른대 서울사람이 보긴 똑같음
1780575602185,경북이 보수의심장이지
1780575602220,사투리도 지역차이가 엄청 크지
1780575602229,경북이 더 깐족거림
1780575602273,악센트 다른데 다 알아들음 서로
1780575602295,사투리여도 달라
1780575602398,지역명이 다를정도잔슴~~
1780575602420,많이 다름
1780575602505,방금도 완전 다르자나
1780575602509,경남끼리도 다를건데
1780575602558,같겠냐~~~~~~~
1780575602705,남한하고 북한하고 같냐?
1780575602730,경북이 좀 강해
1780575602745,거제는 섬지역이라 좀 더 쌤
1780575602751,비슷한데 다름
1780575602819,경북이 좀 쎕니더
1780575602822,악센트가 조금 더 다르다고들음
1780575602893,근데 둘이 붙어잇어서 서로 옮음
1780575602979,비슷한듯 다름
1780575602996,억양이 다름
1780575603076,다름
1780575603181,서울에서 보면 모르지
1780575603200,거제가 훠어어어얼씬 쎔
1780575603254,달라 달라
1780575603284,별 차이 없어
1780575603321,뭐가 달라요??
1780575603357,그얘기도 영상에 나옴 ㅋㅋㅋ
1780575603502,억양차이
1780575603506,억양 다름
1780575603556,다르다안카나마!!
1780575603653,대구 부산 얘네 사투리 보면 됨
1780575603710,사투리 부심 나온다 ㄷㄷㄷㄷㄷ
1780575603767,억양차이가 살짝 이씅ㅁ
1780575603935,억양에서 다름
1780575603963,아예 다르대요 아예
1780575603999,경북 경남 안에서도 다름
1780575604234,그것도 영상에 나옴
1780575604304,뭐가다른지는잘모르겠음
1780575604606,노스웨스트 사우스웨스트 차이임
1780575604641,방금도 달랐자나
1780575604707,전남전북도 다르잖아
1780575604710,그래서 그걸 컨텐츠로 찍음
1780575604724,거제가 더 쎄
1780575604727,완전 다르지 않는데 들어보니
1780575604780,경남이 더 쎔
1780575604926,악센트 주는 부분이나 이런 게 조금씩 다름
1780575605189,경상도면 구분 가능
1780575605235,서울사람이 듣기는 거기서 거기임
1780575605255,근데 우린 몰라
1780575605288,경주쪽이 더 애교있어
1780575605443,근데 경기도 사람이 알건 아닌듯?
1780575605591,저 영상만 봐도 다르잖아
1780575605630,경북이 성조가 쌔
1780575605716,경북이 더 쌔
1780575605753,경남이 부드러움
1780575605899,어디를 올리느냐에 차이남
1780575605946,강남강북은
1780575606412,경남도 창원 진주 좀 달라
1780575606578,데덴찌 생각하셈
1780575607016,억양차이
1780575607106,경남쪽이 더 쎼지
1780575607186,좀 아님 완전 다름
1780575607328,다르지
1780575607395,경북이 더 쎄지 않나
1780575607653,비릿한 웃음 뭐임
1780575607685,지역마다 다 다르대
1780575607729,ㅋㅋㅋㅋㅋㅋㅋㅋㅋㅋㅋ
1780575608092,ㅋㅋㅋㅋㅋㅋㅋㅋㅋㅋㅋ
1780575608703,살짝씩 달라
1780575608893,경남도 군마다 억양 다 다름
1780575609060,완~즈이 달라요
1780575609116,조금 다른데 서로 알아듣기는 ㅏㅁ
1780575609166,경북이 억양이 더 쎔
1780575609609,ㅋㅋㅋㅋㅋㅋㅋㅋㅋㅋ
1780575609661,플로우가좀 다름
1780575609732,ㅋㅋㅋㅋㅋㅋㅋㅋㅋㅋㅋㅋㅋㅋㅋ
1780575609793,ㅋㅋㅋㅋㅋㅋㅋㅋㅋㅋㅋㅋㅋㅋㅋㅋㅋㅋㅋㅋㅋㅋㅋㅋㅋ
1780575609884,ㅋㅋㅋㅋㅋㅋㅋㅋㅋㅋㅋㅋㅋㅋ
1780575609947,방금영상에서도 엄청 달랐어
1780575609952,경북 경남  전북 전남 다 다름
1780575610113,ㅋㅋㅋㅋㅋ
1780575610121,나도
1780575610200,단어도 다르고 억양도 다름
1780575610353,다르다카이~
1780575610455,ㅋㅋㅋㅋ
1780575610533,억양 <<
1780575610535,악센트 다름
1780575610618,넌 서울이랑 경기도랑 같냐
1780575610618,ㅋㅋㅋㅋㅋㅋㅋㅋㅋㅋㅋㅋㅋㅋㅋㅋㅋ
1780575610665,ㅋㅋㅋㅋㅋㅋㅋㅋ
1780575610707,넌 몰라도 돼
1780575610747,ㅋㅋㅋㅋㅋㅋㅋ
1780575610868,근처에 포항 사투리도 은근 다름
1780575610989,ㅋㅋㅋㅋㅋㅋㅋㅋㅋㅋㅋㅋㅋ
1780575611174,ㅋㅋㅋㅋㅋㅋㅋㅋㅋㅋㅋㅋㅋㅋㅋㅋㅋㅋ
1780575611185,ㅋㅋㅋㅋㅋㅋㅋㅋㅋㅋㅋ
1780575611492,ㅋㅋㅋㅋㅋㅋㅋㅋㅋㅋㅋㅋㅋㅋㅋ
1780575611520,나도 몰라요
1780575611798,같은 경남인 부산이랑 울산도 다름
1780575611833,ㅋㅋㅋㅋㅋㅋㅋㅋㅋㅋㅋㅋ
1780575611888,ㅋㅋㅋㅋㅋㅋㅋㅋㅋㅋㅋㅋㅋㅋㅋㅋ
1780575611983,근데 타지역은 구분 잘 못하더라
1780575612219,ㅋㅋㅋㅋㅋㅋㅋㅋ
1780575612229,ㅋㅋㅋㅋㅋㅋㅋㅋㅋㅋㅋㅋㅋㅋㅋ
1780575612327,나도 모르겠어
1780575612335,붓산 빼곤 거기서 거기임
1780575612487,악센트가 달라
1780575612689,ㅋㅋㅋㅋㅋㅋㅋㅋㅋㅋㅋㅋㅋㅋ
1780575612730,아 서울 토박이라
1780575613444,거제가 조선소 사람들이 많아서 좀 강함
1780575613696,경남은 도시마다 또다름
1780575613706,경북이 좀 쌔지
1780575613816,강세가 반대야
1780575614158,다름
1780575614235,ㅋㅋㅋㅋㅋㅋㅋㅋㅋㅋㅋㅋㅋㅋㅋㅋㅋㅋ
1780575614410,ㅋㅋㅋㅋㅋㅋㅋㅋㅋㅋ
1780575614536,같은 경북도 내륙이냐 해안이냐 따라 다름 ㅋㅋㅋ
1780575614597,악센트 앞에 두냐 뒤에두냐
1780575614597,걍 비슷함 ㅋㅋ
1780575614963,물라도돼~
1780575615000,경북은 처음이 높고 경남은 중간이 높아
1780575615101,개빠르긴해
1780575615208,유튜브 검색해봐
1780575615251,ㅋㅋㅋㅋㅋㅋㅋㅋㅋㅋㅋㅋㅋㅋㅋㅋㅋㅋㅋㅋㅋㅋ
1780575615299,야이 새캬 무시하지마라
1780575615421,지도를 봐봐
1780575615707,ㄴㄴ
1780575615874,다르다카이~~
1780575616165,ㅋㅋㅋㅋㅋㅋㅋㅋㅋㅋㅋㅋㅋㅋ
1780575616299,조금 달라
1780575616319,성조는 경북이 쌔
1780575616367,ㅋㅋㅋㅋㅋㅋㅋ
1780575616482,늙크크 늙크크 늙크크 늙크크 늙크크
1780575616550,뒤퍼 어퍼 랑 똑같아 그냥
1780575616972,ㅋㄲㅋㅋㅋㅋㅌㅋㅋㅋㅋ
1780575617161,아예 달라
1780575617237,서울 촌놈이 뭐 알겠냐
1780575617369,ㅋㅋㅋㅋㅋㅋㅋㅋㅋㅋㅋ
1780575617374,몰라서그래
1780575617386,알코르쎄요
1780575617465,ㅋㅋㅋㅋㅋㅋㅋㅋㅋㅋㅋㅋㅋ
1780575617550,은근 다름
1780575617722,다르죠
1780575617741,영상보면 알아
1780575617799,뭘 조금임 ㅈㄴ다름
1780575617859,ㅋㅋㅋㅋㅋㅋㅋㅋㅋㅋㅋㅋ
1780575618048,악센트가 다름
1780575618181,그냥 다름.
1780575618239,경북이 훨썌
1780575618239,ㅋㅋㅋㅋㅋㅋㅋㅋㅋㅋㅋㅋㅋㅋㅋㅋㅋㅋㅋㅋㅋ
1780575618462,조금 다르지
1780575618620,서울이라 모름 ㅋㅋ
1780575618628,ㅋㅋㅋㅋㅋㅋㅋㅋㅋㅋ
1780575618697,ㅋㅋㅋㅋㅋㅋㅋㅋㅋㅋㅋㅋㅋㅋㅋㅋㅋㅋㅋㅋㅋ
1780575618738,비슷해 근데
1780575618760,도금 달라 ㅇㅇㅇ
1780575618847,조금씩다른게 맞겠지
1780575618856,유튜브 보고와라
1780575618939,ㄴㄴ
1780575618953,남쪽으로 갈수록 억양이 쎄짐
1780575619011,ㅋㅋㅋㅋㅋㅋㅋㅋㅋㅋㅋㅋㅋㅋ
1780575619168,달라
1780575619193,악센트가 다르지
1780575619245,우리도 다름
1780575619253,억양이 다라
1780575619313,다름~~~~~~
1780575619480,님 뒾어엎어급임
1780575619500,다 다른게 맞아
1780575619525,아예다르진 않아
1780575619573,ㅋㅋㅋㅋㅋㅋ
1780575619591,ㅋㅋㅋㅋㅋㅋㅋㅋㅋㅋ
1780575619624,데덴찌생각해~
1780575619764,그게 사투리기 떄문
1780575619866,ㅋㅋㅋㅋㅋㅋㅋㅋㅋㅋㅋㅋ
1780575619913,조금 다름 <<< 현지인
1780575619922,다르다안카나마~
1780575619977,거제 조선소 사투리임
1780575619978,난서울사람이랔ㅋㅋㅋ
1780575619986,ㅋㅋㅋㅋㅋㅋㅋㅋㅋㅋㅋ
1780575620050,다른데 ㄹㅇ
1780575620051,억양이 달라
1780575620115,채팅너무 빨라요 ㅠㅠ
1780575620132,ㅋㅋㅋㅋㅋㅋㅋㅋㅋㅋㅋㅋㅋㅋㅋ
1780575620139,달라 ㅋㅋㅋ
1780575620145,완전 다름
1780575620154,다 달라서
1780575620281,아예 다름 = 현지인
1780575620298,다 달라서
1780575620304,그냥 달라 ㅋㅋ
1780575620443,달라 은근히
1780575620463,아무튼 다름
1780575620604,같다는 애들은 표준어 쓰는애들임
1780575620753,거의 같음
1780575620757,넌 못느끼니까
1780575621172,그것도 다름
1780575621210,그런거임
1780575621213,ㄹㅇ
1780575621252,좀 많이 다름
1780575621290,경북 엄청다름
1780575621341,언어는 같은데 톤이 달라
1780575621362,사투리 차이 유튜브 검색해봐
1780575621384,하나 선택해
1780575621426,완~즈이 달라
1780575621432,그거까지가 사투리야 ㅇㅇ
1780575621448,거의 같음 <<<<<<<<<알못
1780575621667,무시 ㄴ
1780575621746,다른게 정배지 ㅇㅇ
1780575621792,약간 다르지 않나?
1780575621845,조금다름
1780575621963,뭔 거의 같아
1780575622103,느낌은 다다르지
1780575622253,얘네도 모름 ㅋㅋ
1780575622438,약간 다름
1780575622574,아오 서울놈들
1780575622583,근데 그게 다 그렇단거임
1780575622650,서울사람이 보기엔 비슷해보임
1780575622676,주관적이니까
1780575622703,ㅋㅋㅋㅋㅋㅋㅋㅋㅋㅋㅋㅋ
1780575622792,톤 자체가 다름
1780575622844,서울사람이 들으면 같긴해 ㅋㅋ
1780575622898,아무튼 다름
1780575623041,경북이 애교가 있음ㅋㅋ
1780575623565,다 다름
1780575623794,아예 다름
1780575623797,같으면 서울사람임
1780575623861,악센트가 다름
1780575623953,완전 다름
1780575623964,다름
1780575623998,외부인들은 모르고 내부인들만 느낌
1780575624009,다른건 팩트야
1780575624154,현지인은 전혀 다르다고 함
1780575624219,같은 말인데?
1780575624247,같다는 애들 나가라
1780575624512,들어본놈 살아본놈 차이같은데
1780575624569,울산은 경북이지
1780575624597,같진않음
1780575624623,다 같은말인데
1780575624889,경상도 사람들이 듣기엔 다 다름
1780575624901,사투리도 걍 데덴찌야
1780575624987,달라 같다는거 알못임
1780575625175,악센트가 다름 근데 다 알아듣긴함
1780575625285,톤이 달라
1780575625295,많이 다름
1780575625447,ㄴㄴ다름
1780575625612,같으면서 다르면서 같으면서 다르면서
1780575625621,진짜 다른데 비슷해
1780575625695,알게모르게 다름
1780575625832,억양이 다름
1780575626069,달라
1780575626213,대구 부산 사투리가 달라
1780575626276,네?
1780575626280,유튜브 안봐서 그래
1780575626297,도시마다 다름
1780575626376,ㄹㅇ
1780575626540,어느나라든 조금씩 다른거임
1780575626559,저거 풀영상에 경남 경북 사투리 차이 이야기함 ㅋㅋㅋ
1780575626754,그 지역 사람 아니면 모를수잇음
1780575626765,채팅도 다름
1780575626830,서울사람들이 치는거임
1780575626932,사람마다도 달라
1780575626934,거의 같음은 알못이네
1780575626988,쫌 다름 ㅇㅇ
1780575627002,다르다고
1780575627202,부산 30년 토박이인데 다릅니다
1780575627203,그거 경상도 사람아니다
1780575627306,아예 다름
1780575627313,ㄹㅇ
1780575627316,대구도 다르니까
1780575627374,다름인간임?
1780575627419,제대로 아는 애가 거의 없으니까 ㅇㅇ
1780575627611,혁준이가 경북임
1780575627740,니니아랑 소풍이억양차이
1780575627810,저거 풀영상보면 나오긴해
1780575628028,그냥 다르다고 생각혀~~
1780575628054,"아예다름 == 경상도, 거의 같음 == 서울머스마"
1780575628163,다른데 같음
1780575628395,진짜 다름
1780575628456,케바케니까
1780575628487,ㄹㅇ 다름
1780575628744,그야말로 슈뢰딩거의 사투리인거지
1780575628832,아무튼 다르다잖아
1780575629257,스울놈들이 뭐아냐
1780575629314,경북 안 살아봤어!!
1780575629332,다 달라
1780575629394,비슷하다는애들은 아예 모르는애들이고
1780575629412,같다는거 경상도사람ㅇ ㅏ님ㅋㅋ
1780575629478,결론 = 다름
1780575629481,다름
1780575629556,여기 경상도 적다 다 서울 촌놈들임
1780575629636,채팅창도 다름
1780575629656,경북도 그래
1780575630114,부산 창원도 다름
1780575630202,ㅋㅋㅋㅋ
1780575630203,아무튼 다름
1780575630328,ㅇㅇ
1780575630493,완전다름
1780575630669,아 난 못느낌~
1780575631108,다르대
1780575631117,다른게 맞음
1780575631778,서울에서보면 같음 밑에보면 다름
1780575631779,다 비슷해
1780575631906,ㅋㅋㅋㅋㅋㅋ
1780575631928,서울 샌님이 알아서 뭐해~
1780575631979,ㅋㅋㅋㅋㅋㅋㅋㅋㅋㅋㅋ
1780575632091,다름방인가요?
1780575632314,ㅋㅋㅋㅋㅋㅋㅋㅋ
1780575632491,아오 ㅋㅋㅋㅋㅋㅋ
1780575632666,데덴찌 같은거임
1780575632699,다 다름 그냥
1780575632731,서울사람들이 비슷하다는겨
1780575632921,대댄찌같은거야
1780575632948,가야랑 신라랑 다르자나
1780575633052,서울사람은 다 똑같이 보지 ㅅㅂㅋㅋㅋㅋㅋㅋㅋㅋㅋ
1780575633306,일단 정확한건 같진 않음 ㅇㅇ
1780575633335,같으면 서울사람임
1780575633411,ㅅㅂㅋㅋㅋㅋㅋㅋ
1780575633473,비슷하다는 애들은 이지역이 아님
1780575633487,ㅋㅋㅋㅋㅋㅋㅋㅋㅋㅋ
1780575633525,울산은 경북이라고 봐야지
1780575633694,ㅇㅇㅇㅇ
1780575633869,경북도 도시마다 달라
1780575633951,다르다는데 못느낌 ㅋㅋㅋㅋ
1780575633968,ㅋㅋㅋㅋㅋㅋㅋㅋㅋㅋㅋㅋㅋㅋㅋㅋㅋ
1780575634188,도네 ㅈㄴ 터지네 ㅋㅋㅋㅋㅋ
1780575634303,걍 다다름 ㅋㅋㅋ
1780575634329,뭔 다달러
1780575634386,ㄹㅇㄹㅇ
1780575634508,ㄹㅇ
1780575634609,아에 다르지
1780575634705,저게 ㄹㅇ이라는거임
1780575634821,지들만 다르다 하고 다 같음
1780575634981,같다고 하는것들은 지방것들이 아님
1780575635320,ㅈㄴ 어렵네
1780575635406,ㅇㅇ
1780575635517,촌놈들 신났어~
1780575635935,경상도 사람은 아예 다른거 알지
1780575635941,그냥 다 다른듯
1780575635980,그냥 다 달 라
1780575636150,ㅋㅋㅋㅋㅋㅋㅋㅋㅋㅋㅋ
1780575636170,내륙해안은좀ㅋㅋㅋㅋ
1780575636303,ㄹㅇ
1780575636316,해안일 수록 쌔짐
1780575636645,멀리서 보면 같음
1780575636863,경북 사람인데 부산 살아봤는데 그냥 서로 다 알아들을정도
1780575637077,집마다 다르다고하겠네
1780575637198,ㅋㅋㅋㅋㅋㅋㅋㅋㅋㅋㅋㅋ
1780575637522,그냥 다름
1780575637616,서울살아서 몰라
1780575637647,습박ㅋㅋ
1780575637741,진짜 라는거임..
1780575637920,살짝 다름
1780575638095,악센트 위치가 달라
1780575638277,뭔 스코틀랜드냐?
1780575638294,어렵다 어려워
1780575638728,ㅇㅇ
1780575638906,알코르세요
1780575638911,저게 맞아
1780575638972,서울이보면 같다는거임
1780575639376,서울 촌놈들이 같다카는거다
1780575639615,다름 땅땅
1780575639722,경상도인들 다튀어나오는거보소 ㅋㅋㅋ
1780575640178,개 쫍은 한국에서 뭔 차이여
1780575640292,경북도 구미는 개심함
1780575640329,아니 서울은 배워도 몰라 걍
1780575640440,그냥 다다름이 맞음
1780575641062,다 다름
1780575642085,경남은 동네마다 다름
1780575642211,혁준이 머구잖아
1780575642346,그게 사투리니까..
1780575642768,도시마다 다 다르더라 근데 ㅋ
1780575642807,다르다고 배웠음 교과서에서
1780575642947,비슷하다는거 서울사람임
1780575643076,어려워 좀
1780575643078,?
1780575643143,땡이 전화 ㄱㄱㄱㄱㄱ
1780575643433,그럼 그냥 다다르네
1780575643454,ㅇㅇ
1780575643546,ㅇㅇ
1780575643772,그건 제주
1780575643913,데덴찌 궁금하네
1780575643921,헉
1780575643968,같다는 애들은 걍 서울사는놈임
1780575644070,거제도는 그렇지
1780575644360,오
1780575644592,그냥 경상인은 경상 사투리 들으면 지역 구분 걍됨
1780575644694,서울사람 입장에서 보면 별다를거없어보임 ㅇㅇ
1780575644711,다달라
1780575644892,사투리안쓰는사람은 모름
1780575645154,창원이 개빡세던데
1780575645485,그건 제주도
1780575645656,맞네
1780575645740,전라도도 다 다흠
1780575645897,?
1780575645924,제주 원탑
1780575646042,어...
1780575646157,인구가 그렇지
1780575646176,데덴찌 같은거임 ㅋㅋ
1780575646340,서울촌놈들이 보면 다 같음
1780575646443,구미가 좀 더 특이하던데
1780575646455,?
1780575646517,ㄴㄴ
1780575646846,제주도지
1780575647123,거제는 원탑이지
1780575647535,ㅋㅋㅋㅋㅋ오 ㅋㅋ
1780575647655,진짜 다 달라
1780575647780,뭔소리여
1780575647891,네이티브라서
1780575648065,억양이 존나셈
1780575648148,제주도가 원탑이지
1780575648295,어으 촌놈들
1780575648456,ㅇ로\
1780575648513,원탑은 제주ㅡ
1780575648529,그건 제주도지
1780575648583,ㅇㅇ 경남 경북 원탑급들임
1780575648586,다르긴해
1780575648641,쌔긴하지
1780575648797,인구가 많으니까
1780575648880,원탑은 제주도지
1780575649286,그냥 지방마다 사투리는 다 달라
1780575649478,경상도는 진짜 쌤
1780575649678,원조 데덴찌임 다달라 그냥ㅋㅋㅋ
1780575649693,그건 제주지
1780575649726,제주가 원탑 아님?
1780575649738,거의 같음 한 애는 경상도인 아닐 확률 200%다 나 부산인인데 경남 경북 사람은 완전히 다른 말씨로 느낀다.
1780575649785,서울이랑 너무 멀잖음
1780575649797,원탑이 어딨노 ㅋㅋ
1780575650064,걍 다 비슷함 ㅋㅋ
1780575650181,ㅇㅇ 다달다
1780575650480,서울사람이보면 거서거기임
1780575650484,원탑은 제주도
1780575650554,룰 ㅋㅋㅋ
1780575650577,데덴찌임
1780575650614,땡이 전화 ㄱㄱ
1780575650643,경북은 귀엽고 경남은 쎔
1780575650873,그건 제주도 아님?
1780575650882,우리 엄마랑 옆집 아지매랑도 다름 그냥 다다름
1780575651096,진짜야
1780575651277,인구가 많으니까 아무래도
1780575651416,ㅇㅇ
1780575651584,소풍이 창원이지
1780575651606,제주가있는데
1780575651786,사투리 쓰면 알아
1780575651893,원탑은 제주지
1780575651941,사투리 원탑은 제주지
1780575651964,로컬룰
1780575651974,그게 사투리지
1780575652123,원탑은 제주지
1780575652258,아 세분화?
1780575652406,충청도가까운 경상도도 다름
1780575652993,악센트 서순이다름
1780575653494,마산창원이 개빡세
1780575653605,데덴찌도 지역마다 다 다른데 뭐
1780575653618,넓으니까
1780575653846,로컬룰이 있지
1780575653969,떙이한테 물어봐라
1780575654005,원탑은 제주지
1780575654078,전라도도 다다름
1780575654218,전라도도 그렇고 충청도도 그럼
1780575654256,데덴찌 같은거임 ㅋㅋㅋㅋㅋㅋㅋㅋㅋㅋㅋㅋㅋㅋㅋㅋㅋㅋㅋ
1780575654455,제주가 원탑
1780575654493,ㅇㅇ
1780575654683,그것이 사투리니까
1780575654715,섬은 달라
1780575654974,다름
1780575655077,그건 뭐 다그렇지
1780575655144,데덴찌급
1780575655205,친구 중에 부산 안에서도 서로 사투리 다른 거 겪어봄
1780575655532,해안가로 갈수록 썜
1780575655648,부족사회임?
1780575655655,경상도뿐만 아니라 모든 지역이 다 다름
1780575655699,제주 미만 잡이지
1780575655957,진짜 바다가 있냐 없냐 따라 다름
1780575656256,원탑은 제주임
1780575656515,섬이랑 또 다름
1780575656732,다른 지방도 다그래
1780575656763,데덴찌도 다른데 개다르지
1780575657079,그건 제주도
1780575657231,어딜가든 다 그럼
1780575657620,?
1780575657652,mz사투리라 또 다르더라 ㅋㅋㅋㅋ
1780575657675,대구가 더 억쎄지
1780575657692,그냥 데덴찌마냥 지역마다 다름
1780575657710,?
1780575657818,데덴찌같은것도 지역마다 다 달라
1780575657935,이게 리얼 데덴찌지
1780575657982,ㅋㅋㅋㅋㅋㅋㅋㅋㅋㅋㅋㅋㅋㅋㅋㅋㅋㅋㅋㅋ
1780575657985,?
1780575658032,젠디
1780575658034,ㅋㅋㅋㅋㅋㅋㅋㅋㅋㅋㅋㅋㅋㅋ
1780575658169,ㅁㅊ ㅋㅋㅋㅋㅋㅋㅋㅋ
1780575658214,ㅋㅋㅋㅋㅋㅋㅋㅋㅋㅋㅋㅋㅋㅋㅋㅋㅋㅋ
1780575658233,모든 지역이 다 그래요
1780575658271,데덴찌~
1780575658272,ㅋㅋㅋㅋㅋㅋㅋㅋㅋㅋㅋㅋㅋㅋㅋㅋㅋ
1780575658276,경상도가 진짜 많이 다르지
1780575658364,원탑은 제주도
1780575658553,ㅋㅋㅋㅋㅋㅋㅋ
1780575658561,ㅋㅋㅋㅋㅋㅋㅋㅋㅋㅋㅋㅋㅋㅋㅋㅋㅋ
1780575658622,제주는 논외 0티어
1780575658789,하늘땅
1780575658995,ㅋㅋㅋㅋ
1780575659040,사투리 원탑은 제주지
1780575659084,ㅋㅋㅋㅋㅋㅋㅋㅋㅋㅋ
1780575659098,아 니니아 좀 다르긴하더라
1780575659172,아오 씹
1780575659359,데덴찌도 다 다르잖아
1780575659393,젠디
1780575659484,앤디신디신디
1780575659587,?
1780575659601,ㅋㅋㅋㅋㅋㅋㅋㅋㅋㅋㅋㅋㅋㅋ
1780575659639,젠디
1780575659801,젠 ~ 디
1780575659919,젠디
1780575659991,젠디
1780575660086,젠디또오야~
1780575660446,댄디씨
1780575660452,뒤퍼 어퍼 쫄려도 한판도 다른데 다르겠죠잉 ㅋㅋ
1780575660489,덴디또야
1780575660772,젠~디
1780575660807,거제도는 섬이었잖음
1780575660938,젠디
1780575661020,ㄹㅇ궁금
1780575661129,그건 동네별로
1780575661179,젠디라고 함
1780575661210,ㅋㅋㅋㅋㅋㅋㅋㅋㅋㅋㅋㅋㅋㅋ
1780575661296,뺀더뺀더 더뺀더
1780575661300,ㅋㅋㅋㅋㅋㅋㅋㅋㅋㅋㅋㅋㅋㅋㅋ
1780575661468,ㅋㅋㅋㅋㅋㅋㅋㅋㅋ
1780575661484,또
1780575661540,ㅋㅋㅋㅋㅋㅋㅋㅋㅋㅋㅋㅋ
1780575661574,ㅋㅋㅋㅋㅋㅋㅋㅋㅋㅋㅋㅋㅋㅋ
1780575661717,??
1780575661720,젠디
1780575662192,서로 사투리 그렇게 쓰는거 아인데? 라고 하는데 다 그이유임
1780575662213,거제 데덴찌 개웃긴데
1780575662241,덴디씨
1780575662257,ㅋㅋㅋㅋㅋㅋㅋㅋㅋㅋㅋ
1780575662333,젠디또야~
1780575662473,젠 디
1780575662738,초대석에서 물어봐야지
1780575662846,데덴찌
1780575663039,ㅋㅋㅋㅋㅋㅋㅋㅋㅋㅋㅋㅋ
1780575663107,젠디
1780575663290,부울경
1780575663343,부울경
1780575663369,데덴찌 야호~
1780575663410,ㅋㅋㅋ
1780575663415,젠디
1780575663457,ㅋㅋㅋㅋㅋㅋㅋㅋㅋㅋㅋㅋㅋㅋㅋㅋㅋ
1780575663594,젠디로마 스리오
1780575663596,하늘땅
1780575663596,뺀더뺸더
1780575663678,젠지또야
1780575663688,댄~디
1780575663720,젠~디
1780575663740,데엠지씨
1780575663747,묵찌묵찌 아님?
1780575663784,무친놈 ㅋㅋㅋㅋㅋㅋㅋㅋㅋㅋㅋㅋㅋㅋㅋㅋㅋㅋㅋㅋㅋㅋㅋㅋㅋㅋㅋ
1780575663875,ㅋㅋㅋㅋㅋㅋㅋㅋㅋㅋ
1780575663883,젠디
1780575663974,혁준이한테 전화 ㄱㄱ
1780575664008,걍 데덴찌 했는데
1780575664016,젠디
1780575664114,젠디~
1780575664122,댄디 대앤디
1780575664225,젠디
1780575664438,젠디또야
1780575664479,젠-디
1780575664489,젠디
1780575664610,아 이거 초대석때 물어봐야지
1780575664690,ㅋㅋㅋㅋㅋㅋㅋㅋㅋㅋ
1780575664854,대구경북
1780575665137,뺀다뺀다
1780575665411,데덴찌 어케해
1780575665530,초대석에서 물어보죠
1780575665909,젠디또이야
1780575666162,젠~디
1780575666495,젠디 또야
1780575666595,편먹기하자
1780575666599,엎어라 재쳐라
1780575666759,ㅋㅋㅋㅋㅋㅋㅋㅋㅋㅋㅋㅋ
1780575666923,젠~디
1780575667108,젠디또오야!
1780575667397,뺀더뺀더 더뺸더 해야지
1780575667611,뺀다뺀다또뺀다
1780575667635,초대석에서 물어봐야지
1780575667645,하늘 땅
1780575667792,젠디 젠~디
1780575667947,근덴찌
1780575668037,?
1780575668213,그건 리센느오면 물어봐
1780575668214,젠디는 또 뭐야 젠지임?
1780575668233,팬더소라 아닌가
1780575668303,뺀더뺀더 더뺀더
1780575668342,하늘땅인데
1780575668546,다 다르지
1780575668576,데덴찌도 봐바 다 다르지
1780575668624,?
1780575668830,?
1780575668948,억양을 모르잖아
1780575669096,앞뒤앞뒤
1780575669141,데엠디씨
1780575669196,경주 있네
1780575669197,경주 있다
1780575669264,초대석에서 안물어보게?
1780575669296,무욱찌
1780575669505,뺸더뺀더 더뺀더
1780575669545,??
1780575669602,묵찌묵찌
1780575669633,엎쳐뒤쳐
1780575669692,와 ㅋㅋㅋㅋㅋㅋ
1780575669850,업엔다운 뭔데 ㅋㅋ
1780575669960,?
1780575669968,ㅋㅋㅋㅋㅋㅋㅋㅋㅋ
1780575670110,덴~지궄ㄴ
1780575670216,저건뭐야 ㅋㅋ
1780575670230,ㅋㅋㅋㅋㅋㅋㅋㅋㅋㅋㅋ
1780575670308,데엔~디
1780575670329,덴지씨
1780575670373,제나사투리는 좀 사는집 느낌스
1780575670497,젠디
1780575670521,젠~~~~~~~~~디
1780575670591,데덴찌 태양쇼츠 댓글가면 개지림 ㅋㅋㅋㅋ
1780575670633,뺀더했었는데
1780575670651,초대석에서 해야지 참아!
1780575670694,젠디또오야!
1780575670728,팬더팬더소라는 뭐야
1780575671092,대엔지씨
1780575671131,경주??
1780575671158,젠디또~야
1780575671269,ㅋㅋㅋㅋㅋㅋㅋㅋㅋ
1780575671270,데엔디씨 ㅋㅋㅋㅋㅋㅋㅋ
1780575671799,편먹기하자~
1780575671869,하늘 땅 이지
1780575671935,젠디
1780575671946,저게 뭐야
1780575672082,뺀다 뺀다 또뺀다
1780575672160,이거 혁준이가 말해줫잖아
1780575672167,?
1780575672183,데엔~~디
1780575672212,덴디
1780575672336,젠~디
1780575672338,그때 혁준이한테 물어봣자나
1780575672354,ㅋㅋㅋㅋㅋㅋㅋㅋㅋㅋㅋ
1780575672367,존나 많아 ㅋㅋ
1780575672394,젠지또야 젠~디
1780575672412,대구 뺀더뺀더 더뺀더
1780575672926,젠디
1780575672931,디지씨
1780575673101,하늘땅인데
1780575673138,뺸더뺸더가 진리임
1780575673164,리듬을 알아야지
1780575673178,???????????????
1780575673235,팬더소라
1780575673353,그냥 유튜브로 보는게 빠름
1780575673388,되는대로 먹고는 ㅋㅋㅋㅋㅋㅋㅋ
1780575673484,젠~디
1780575673663,???
1780575673694,데엔 디씨?
1780575673755,ㅋㅋㅋㅋㅋㅋㅋ
1780575673768,뺀다 뺀다
1780575673856,덴찌 야호~
1780575673879,팬팬팬더소라 ㅇㅈㄹ ㅋㅋㅋㅋㅋㅋㅋㅋ
1780575673930,데엔디씨
1780575673932,팬팬거리네
1780575673940,이게뭐고
1780575674005,하늘땅
1780575674134,뺀더가 맞음
1780575674242,팬팬팬 ㅇㅈㄹ
1780575674256,오레엔디는 뭐야
1780575674289,덴디
1780575674301,?
1780575674307,대군데 뺀다뺀다임
1780575674376,젠~디~또~야~
1780575674379,대구 대학교 악센트 들으면 바로 암
1780575674561,뺀더뺀더지
1780575674738,dandy
1780575674802,와 이거도 갈리네?
1780575674942,댄시쉬 오랜디쉬 아무거나 먹자
1780575675100,데덴디시
1780575675140,뺀다 뺸다 또 뺀다 저거 우리 동네였는데
1780575675271,저긴 경북이잖아
1780575675320,뺀다뺀다 지
1780575675370,초대석에서 물어봐라잉
1780575675373,ㅋㅋㅋㅋㅋㅋㅋㅋㅋㅋㅋㅋㅋ
1780575675661,하늘 땅
1780575675736,팬더는 뭐임??
1780575675845,ㅃㄷㅃㄷㄸㅃㄷ
1780575675960,덴~디
1780575676116,데엔디씨~ 오렌디씨~
1780575676307,??????
1780575676364,젠 ~ 디
1780575676428,?
1780575676644,뺀더뺀더 더 뺀더
1780575676709,?
1780575676752,??
1780575676762,팬더팬더 뭔데ㅋㅋㅋㅋㅋㅋㅋ
1780575676805,?
1780575676835,우리 동네는 하늘천 땅 지였다 진효야 ㅇㅇ
1780575677009,?
1780575677402,ㅋㅋㅋㅋㅋㅋㅋㅋㅋㅋㅋㅋㅋㅋㅋㅋㅋㅋㅋㅋㅋㅋㅋㅋ
1780575677423,ㅋㅋㅋㅋㅋㅋㅋㅋㅋㅋ
1780575677507,??
1780575677567,판다판다 또판다
1780575677570,덴~지 ㅜㄴ
1780575677589,?
1780575677622,ㅋㅋㅋㅋㅋㅋㅋㅋㅋㅋㅋㅋㅋ
1780575677688,하늘천 따지
1780575677702,ㅈㄹㄴ
1780575677760,??
1780575677780,먼 소설을 써놨냐
1780575677800,?
1780575677852,?
1780575677856,?
1780575677870,?
1780575677871,?
1780575677912,젠디 제엔디
1780575677934,?
1780575677937,?
1780575677989,?
1780575678537,??????????
1780575678576,ㅋㅋㅋㅋㅋㅋㅋㅋㅋㅋㅋㅋ
1780575678605,ㅋㅋㅋㅋㅋㅋㅋㅋㅋ
1780575678608,?????????????
1780575678652,?
1780575678666,??
1780575678697,ㅋㅋㅋㅋㅋㅋㅋㅋㅋ
1780575678723,?
1780575678725,캬
1780575678757,ㅋㅋㅋㅋㅋㅋㅋㅋㅋㅋㅋㅋㅋㅋㅋㅋㅋ
1780575678803,ㅋㅋㅋㅋㅋㅋㅋㅋㅋㅋㅋㅋㅋㅋㅋㅋㅋㅋㅋㅋㅋㅋㅋㅋㅋㅋㅋㅋㅋㅋㅋㅋㅋ
1780575678815,?
1780575678815,????
1780575678833,ㅋㅋㅋㅋㅋㅋㅋㅋㅋㅋㅋㅋㅋㅋㅋㅋㅋ
1780575678846,ㅋㅋㅋㅋㅋㅋㅋㅋㅋㅋㅋㅋ
1780575678856,ㅋㅋㅋㅋㅋㅋㅋㅋㅋㅋㅋㅋㅋㅋㅌ
1780575678870,ㅋㅋㅋㅋㅋㅋㅋㅋㅋㅋㅋㅋㅋㅋㅋㅋ
1780575678888,?
1780575678891,?
1780575678913,ㅋㅋㅋㅋㅋㅋㅋㅋㅋㅋㅋㅋ
1780575679509,??
1780575679531,?
1780575679562,ㅋㅋㅋㅋㅋㅋㅋㅋㅋㅋ
1780575679576,???
1780575679580,뭣
1780575679641,덴디씨 오랜디씨 함
1780575679654,ㅋㅋㅋㅋㅋㅋㅋㅋㅋㅋㅋㅋㅋㅋㅋ
1780575679694,?
1780575679708,ㅋㅋㅋㅋㅋㅋㅋㅋㅋㅋㅋㅋㅋㅋ
1780575679732,?
1780575679739,???
1780575679746,팬더소라?
1780575679771,?
1780575679772,묵찌묵찌 국룰이지 저게 무ㅜㄴ데
1780575679783,?
1780575679796,?
1780575679798,ㅋㅋㅋㅋㅋㅋㅋㅋㅋㅋㅋㅋㅋㅋㅋ
1780575679812,?
1780575679835,ㅋㅋㅋㅋㅋㅋㅋㅋㅋㅋㅋㅋㅋㅋㅋ
1780575679839,?
1780575679890,?
1780575680270,뭔데
1780575680280,ㅋㅋㅋㅋㅋㅋㅋㅋㅋㅋㅋㅋㅋㅋ
1780575680291,?
1780575680322,ㅋㅋㅋㅋㅋㅋㅋㅋㅋㅋㅋㅋㅋㅋㅋㅋㅋㅋㅋㅋㅋ
1780575680331,????
1780575680373,{:d_126:}{:d_126:}{:d_126:}{:d_126:}{:d_126:}
1780575680388,?
1780575680503,뭐?
1780575680507,그거 아닌데
1780575680518,??
1780575680521,?
1780575680531,??
1780575680586,ㅋㅋㅋㅋㅋㅋ
1780575680625,ㅋㅋㅋㅋㅋㅋㅋㅋㅋㅋㅋㅋㅋ
1780575680633,뭐라노
1780575680692,???
1780575680731,ㅋㅋㅋㅋㅋㅋㅋㅋㅋㅋㅋㅋㅋ
1780575680770,?
1780575680827,?
1780575680851,?
1780575680903,?
1780575681252,?
1780575681293,?
1780575681311,?
1780575681340,?
1780575681341,아 그거 아닌데
1780575681358,?
1780575681429,?
1780575681442,?
1780575681465,ㅋㅋㅋㅋㅋㅋㅋㅋㅋㅋㅋ
1780575681500,?
1780575681531,?
1780575681557,뺀뺀또뺀
1780575681598,젠디
1780575681738,?
1780575681851,팬더 뭔데
1780575681855,ㅋㅋㅋㅋㅋㅋㅋㅋㅋㅋㅋㅋㅋㅋㅋㅋㅋㅋㅋㅋㅋㅋ
1780575681859,?
1780575681893,?
1780575681893,?
1780575681907,ㅋㅋㅋㅋㅋㅋㅋㅋ
1780575682037,어우 많아
1780575682051,??
1780575682068,젠디 ~
1780575682151,ㅋㅋㅋㅋㅋㅋㅋㅋㅋㅋㅋㅋㅋ
1780575682184,ㅋㅋㅋㅋㅋㅋㅋㅋㅋㅋㅋㅋㅋㅋㅋㅋㅋㅋㅋ
1780575682192,?
1780575682328,?
1780575682356,?
1780575682434,?
1780575682540,{:d_126:}{:d_126:}{:d_126:}
1780575682549,???
1780575682559,?
1780575682612,?
1780575682647,ㅋㅋㅋㅋㅋㅋㅋㅋㅋㅋㅋ
1780575682677,구라치네 또 ㅋㅋ
1780575682707,?
1780575682715,?
1780575682736,???
1780575682834,??/
1780575682879,타령을하네
1780575683019,뭐죠
1780575683145,?
1780575683156,????????????????????
1780575683191,뭐래
1780575683219,저건뭐야
1780575683239,?
1780575683286,?
1780575683339,{:d_126:}{:d_126:}{:d_126:}
1780575683414,ㅋㅋㅋㅋㅋㅋ
1780575683440,야랄났네
1780575683448,?
1780575683494,?
1780575683525,반더팬
1780575683587,?????
1780575683698,저게 뭔데 ㅅㅂ
1780575683708,ㅋㅋㅋㅋㅋㅋㅋㅋㅋㅋㅋㅋㅋㅋㅋㅋㅋㅋㅋㅋㅋㅋㅋㅋㅋㅋㅋㅋㅋㅋㅋ
1780575683783,예?
1780575683810,?????
1780575683811,팬더소라는 뭐야
1780575683814,?
1780575683847,...?
1780575684094,ㅋㅋㅋㅋㅋㅋㅋㅋㅋㅋㅋㅋ
1780575684436,??????????
1780575684449,?????
1780575684458,????
1780575684458,니 머하노
1780575684578,?
1780575684579,?
1780575684604,팬더?
1780575684658,뺀더뺀더 더 뺀더임 대구 ㅇㅇ
1780575684666,??/
1780575684686,?
1780575684708,?
1780575684730,?
1780575684736,?
1780575684775,ㅋㅋㅋㅋㅋㅋㅋㅋㅋㅋㅋㅋㅋㅋㅋㅋㅋㅋㅋㅋㅋㅋㅋㅋㅋㅋㅋ
1780575684799,ㅋㅋㅋㅋㅋㅋㅋㅋㅋㅋㅋㅋㅋㅋㅋㅋㅋㅋㅋㅋㅋㅋㅋ
1780575684841,?
1780575684860,뺀더뺀더 더뺀더~
1780575684929,굿임?
1780575684950,팬더소라는 진짜 뭐임
1780575685033,아 그거 아니라고
1780575685107,??????????????
1780575685321,그거 아닌데
1780575685323,?
1780575685388,{:d_185:}{:d_185:}{:d_185:}{:d_185:}
1780575685391,ㅈㅉㅇㅇ??
1780575685398,그거 아닌데
1780575685428,ㅋㅋㅋㅋㅋㅋㅋ
1780575685434,?
1780575685466,팬더소라는 대체 뭐냐 ㅋㅋㅋㅋㅋㅋ
1780575685538,??
1780575685543,ㅋㅋㅋㅋㅋㅋㅋㅋㅋㅋㅋㅋㅋㅋㅋㅋㅋ
1780575685561,ㅋㅋㅋㅋㅋㅋㅋㅋㅋㅋㅋㅋㅋㅋㅋㅋㅋㅋㅋㅋㅋㅋㅋㅋㅋㅋㅋㅋㅋㅋㅋㅋㅋㅋㅋ
1780575685643,?
1780575685711,만드네 ㅋㅋㅋ
1780575685727,?
1780575685905,????
1780575686088,막지어내는구나 이젠
1780575686094,뺀다뺀다 또뺀다 이거임
1780575686124,타듬타듬배요는 뭐임
1780575686169,뭔진 몰라도 이건 아닐 듯
1780575686173,???
1780575686191,아무말이나 적어놨누 ㅋㅋㅋㅋ
1780575686242,ㅋㅋㅋㅋㅋㅋㅋㅋㅋㅋㅋㅋㅋㅋ
1780575686295,??
1780575686351,지역비하는 좀..
1780575686355,이 뭔 개억지
1780575686371,ㅋㅋㅋㅋㅋㅋㅋㅋㅋㅋㅋㅋㅋㅋㅋ
1780575686408,???
1780575686516,힙해
1780575686541,킹받네
1780575686599,ㅋㅋㅋㅋㅋㅋㅋㅋㅋㅋㅋㅋㅋㅋㅋㅋㅋ
1780575686641,ㅋㅋㅋㅋㅋㅋㅋㅋㅋㅋㅋㅋㅋㅋㅋ
1780575686678,ㄱ-
1780575686884,ㅋㅋㅋㅋㅋㅋㅋㅋㅋㅋㅋㅋㅋㅋㅋ
1780575686944,이게 먼데
1780575687015,미친나
1780575687101,??
1780575687112,뺀더뺀더쓰지 대구는
1780575687116,?
1780575687202,그거 아닌데..
1780575687276,?
1780575687279,야랄 ㄴ
1780575687378,뭐 굿하냐
1780575687497,저게뭐야 ㅋㅋ
1780575687498,그건 진짜 뭔데
1780575687605,뭐야 저게
1780575687613,팬더?
1780575687679,??
1780575687743,영역전개
1780575687782,대구는 데엔디씨인데
1780575687806,??????
1780575687902,틀 크 크
1780575687954,ㅋㅋㅋㅋㅋㅋㅋㅋㅋㅋㅋ
1780575687999,야랄났네
1780575688015,(돌발상황()
1780575688050,?
1780575688078,저건 뭔데 ㅋㅋㅋㅋㅋㅋㅋㅋㅋ
1780575688106,ㅋㅋㅋㅋㅋㅋㅋㅋㅋㅋㅋㅋㅋㅋㅋㅋㅋㅋㅋㅋㅋㅋ
1780575688124,?
1780575688134,ㅋㅋㅋㅋㅋㅋㅋㅋㅋㅋㅋㅋㅋㅋㅋㅋㅋㅋㅋㅋ
1780575688137,ㅈㄹ났네
1780575688235,팬더티비
1780575688311,ㅋㅋㅋㅋㅋㅋㅋㅋㅋㅋㅋㅋㅋㅋㅋㅋㅋㅋㅋㅋㅋㅋㅋㅋㅋㅋㅋㅋㅋㅋ
1780575688319,개억지네ㄹㅇㅋㅋㅋ
1780575688330,니 뭐하노
1780575688523,뺀다 뺀다 또 뺀다~
1780575688615,무서워요
1780575688684,타령을 하네
1780575688691,진짜 처음들어보네
1780575688991,고질라잖아
1780575689034,저게 말이된다고?
1780575689217,타령 ㅋㅋㅋㅋㅋㅋㅋㅋㅋㅋㅋㅋ
1780575689506,ㅋㅋㅋㅋㅋㅋㅋㅋㅋㅋㅋ
1780575689606,구라치네 또
1780575689630,팬더소라가 뭔데
1780575689634,억지로 만들었네 또
1780575689797,{:d_52:}{:d_52:}{:d_52:}{:d_52:}{:d_52:}{:d_52:}
1780575689963,{:d_126:}{:d_126:}{:d_126:}{:d_126:}{:d_126:}{:d_126:}
1780575690267,개긁히노 ㅅ.ㅂ
1780575690327,저게 뭐냐 ㅋㅋ
1780575690596,지역비하 하지마라 쌈아
1780575690602,경사도는 젠~디
1780575690819,경남 경북 쓰는 단어도 달라 억양만 다르다는 애들도 다 서울놈들임
1780575690864,나무위키 꺼라
1780575690926,ㅋㅋㅋㅋㅋㄱㅋㅋㅋㅋㅋㅋㅋㅋㅋㅋㅋㅋㅋㅋㅋㅋ
1780575690968,ㅋㅋㅋㅋㅋㅋㅋㅋㅋ
1780575691065,나 들어본적없는데 무조건 그거 아닐거같은데 ㅋㅋㅋㅋㅋㅋㅋㅋㅋㅋㅋㅋ
1780575691306,ㅅㅂㅋㅋㅋㅋㅋ
1780575691495,뺀다뺸다 또 뺀다~~
1780575691614,팬더소라~
1780575691620,뺀다뺀다 노뺸다
1780575691645,팬더 소라가 뭔데 ㅋㅋㅋㅋ
1780575691709,데엔디씨
1780575691715,진짜 거짓말치지마
1780575691942,(돌발상황)
1780575691977,적 ㅔ 뭐냐고
1780575691992,뺀 인데
1780575692024,개억지 머삼
1780575692113,조롱파네
1780575692121,초대석 해서  물어보죠
1780575692193,비하 하네
1780575692315,사상구 ~ 젠디~또오오야~
1780575692398,지역비하죠 이거?
1780575692565,??
1780575692614,????????????????
1780575692632,리센느 와라 안되겠다
1780575692755,ㅋㅋㅋㅋㅋㅋㅋㅋㅋㅋㅋㅋㅋㅋㅋㅋㅋㅋㅋㅋㅋㅋㅋㅋㅋㅋㅋㅋ
1780575692815,그건 처음인데?
1780575693309,가슴을 왜 두드려 ㅋㅋㅋ
1780575693509,ㅋㅋㅋㅋㅋㅋㅋㅋㅋㅋㅋㅋㅋㅋㅋㅋㅋㅋㅋㅋㅋㅋ
1780575693739,???
1780575693749,일본말이네
1780575693759,??????
1780575693942,ㅋㅋㅋㅋ
1780575694095,침팬지 아님?
1780575694115,??
1780575694128,손은 왜 그래?
1780575694137,?>
1780575694248,???????
1780575694325,ㅋㅋㅋㅋㅋㅋㅋㅋㅋㅋ
1780575694398,ㅋㅋㅋㅋㅋㅋㅋㅋㅋㅋㅋㅋㅋㅋㅋㅋㅋㅋㅋㅋㅋ
1780575694399,?
1780575694506,뺀더뺀더 아니가
1780575694773,하늘땅이라고
1780575694850,ㅋㅋㅋㅋㅁㅊ
1780575694928,?
1780575694978,(돌 발 상 황)
1780575695139,?
1780575695339,??????
1780575695385,어케하는건데 이거ㅋㅋㅋㅋㅋㅋㅋㅋㅋㅋㅋㅋ
1780575695437,?
1780575695458,ㅋㅋㅋㅋㅋㅋㅋㅋㅋㅋㅋㅋㅋㅋㅋㅋㅋㅋ
1780575695611,ㅋㅋㅋㅋㅋㅋㅋㅋㅋㅋㅋㅋㅋㅋㅋㅋㅋㅋㅋㅋㅋㅋㅋㅋㅋㅋㅋㅋㅋㅋㅋㅋㅋㅋㅋㅋㅋ
1780575695631,ㅋㅋㅋㅋㅋㅋㅋㅋㅋㅋㅋㅋㅋㅋㅋㅋㅋㅋㅋㅋㅋㅋㅋㅋㅋㅋㅋㅋㅋㅋㅋㅋㅋ
1780575695639,나 모르는데 저건 진짜 아닐 듯ㅋㅋㅋㅋㅋㅋㅋㅋ
1780575695692,?
1780575695748,??
1780575695777,뺀더뺀더 더뺀더~~
1780575695779,억지제조 ㅋㅋㅋㅋㅋ
1780575695831,ㅋㅋㅋㅋㅋㅋㅋㅋㅋ
1780575695847,ㅋㅋㅋㅋㅋㅋㅋㅋㅋㅋㅋㅋㅋㅋ
1780575695849,??
1780575695948,?
1780575696040,ㅋㅋㅋㅋㅋㅋㅋㅋㅋㅋㅋㅋㅋㅋㅋㅋㅋㅋㅋㅋㅋㅋㅋㅋ
1780575696041,?
1780575696108,??
1780575696111,개억지 ㅋㅋ
1780575696196,가슴은 왜 치죠
1780575696228,???
1780575696425,혐오를 멈춰주세요
1780575696474,??
1780575696532,ㅋㅋㅋㅋㅋㅋㅋㅋㅋㅋㅋㅋㅋㅋㅋ
1780575696628,?:???
1780575696629,?
1780575696643,???
1780575696699,???
1780575696730,ㅋㅋㅋㅋㅋㅋㅋㅋㅋㅋㅋㅋㅋㅋㅋㅋㅋㅋ
1780575696757,ㅋㅋㅋㅋㅋㅋㅋㅋㅋㅋㅋㅋㅋㅋㅋㅋㅋㅋㅋㅋㅋㅋ
1780575696758,가슴은 왜 쳐
1780575696794,비하하는것보소
1780575696831,ㄱ-
1780575696846,ㅋㅋㅋㅋㅋㅋㅋㅋㅋㅋㅋㅋㅋㅋㅋㅋ
1780575696943,가슴은 왜 치는데
1780575697005,경남 진주입니다 묵찌묵찌 했습니다
1780575697381,ㅋㅋㅋㅋㅋㅋㅋㅋㅋㅋㅋ
1780575697395,지맘대로 하네
1780575697409,데엔 디씨~ 오레~엔 디씨~
1780575697412,ㅋㅋㅋㅋㅋㅋㅋㅋㅋㅋㅋㅋ
1780575697420,이건 지역비하잖아
1780575697442,가슴은 왜침 ㅋㅋ
1780575697505,?
1780575697507,리센느 초대석 해서 물어보자 ㅇㅇ
1780575697562,ㅋㅋㅋㅋㅋㅋㅋㅋㅋㅋㅋㅋㅋㅋㅋㅋㅋ
1780575697601,ㅋㅋㅋㅋㅋㅋㅋㅋㅋㅋㅋㅋㅋㅋㅋㅋㅋㅋㅋㅋㅋㅋㅋㅋㅋㅋㅋㅋㅋㅋㅋㅋㅋ
1780575697604,원주민이야?
1780575697637,지역비하임?
1780575697665,뺀다 뺀다 또 뺀다 대구임
1780575697677,ㅋㅋㅋㅋㅋㅋㅋㅋㅋㅋㅋㅋㅋㅋㅋ
1780575697757,이젠 막 지어내네 그냥
1780575697776,zzzzzzzzzz
1780575697825,탐탐비 아니냐 경북은
1780575697836,비하인가요/.
1780575697908,뒤퍼 어퍼 쫄려도한판은 말이 되고?
1780575697918,ㅋㅋㅋㅋㅋㅋㅋㅋㅋㅋㅋㅋㅋㅋㅋㅋ
1780575697993,ㅋㅋㅋㅋㅋㅋㅋㅋㅋㅋㅋㅋ
1780575698013,습박
1780575698342,개소리뭔데 ㅋㅋㅋㅋㅋㅋㅋㅋㅋㅋㅋㅋ
1780575698473,ㅈㄴ웃기네 ㅋㅋㅋㅋㅋㅋㅋㅋㅋㅋㅋㅋㅋ
1780575698638,{:d_76:}{:d_76:}{:d_76:}{:d_76:}
1780575698652,??
1780575698664,ㅋㅋㅋㅋㅋㅋㅋㅋㅋㅋㅋㅋㅋㅋㅋㅋㅋㅋㅋㅋㅋ
1780575698698,개잘하넼ㅋㅋㅋㅋㅋㅋㅋㅋㅋㅋㅋㅋㅋㅋㅋㅋㅋㅋㅋ
1780575698700,조롱 ㄷㄷㄷ
1780575698702,ㅋㅋㅋㅋㅋㅋㅋㅋㅋㅋㅋ
1780575698812,디질래?
1780575698943,비하를
1780575698981,고릴라임?
1780575699018,억지로 만드네 또 ㅋㅋㅋㅋㅋㅋㅋㅋㅋㅋㅋㅋㅋ
1780575699145,뭔데 이게
1780575699266,ㅋㅋㅋㅋ
1780575699312,아프리카 리듬임??
1780575699322,???
1780575699351,ㅋㅋㅋㅋㅋㅋㅋㅋㅋㅋㅋㅋㅋㅋㅋ
1780575699394,팬더시
1780575699707,개긁히네
1780575699736,미친나;
1780575699758,{:d_73:}{:d_73:}{:d_73:}{:d_73:}
1780575699815,아니개웃기네
1780575699948,아니
1780575700153,지맘대로 하네 ㅋㅋㅋㅋㅋㅋㅋㅋㅋㅋ
1780575700174,진짜 ㅈㄹ났다 ㅋㅋㅋ
1780575700552,ㅋㅋㅋㅋㅋㅋㅋㅋㅋㅋㅋㅋㅋㅋㅋㅋ
1780575700595,{:d_126:}{:d_126:}{:d_126:}
1780575700647,?
1780575700710,?????????????
1780575700726,ㅋㅋㅋㅋㅋㅋㅋㅋㅋㅋㅋㅋㅋㅋㅋㅋㅋㅋㅋㅋ
1780575700762,ㅋㅋㅋㅋㅋㅋㅋㅋㅋㅋㅋㅋㅋ
1780575700807,ㅋㅋㅋㅋㅋㅋㅋㅋㅋㅋㅋㅋㅋㅋㅋㅋㅋㅋㅋㅋㅋㅋㅋㅋㅋㅋㅋㅋㅋㅋㅋㅋㅋㅋ
1780575700818,ㅋㅋㅋㅋㅋㅋㅋㅋㅋㅋㅋㅋ
1780575700884,고소
1780575700988,???
1780575701047,진짜 지역비하인데
1780575701079,왜 고릴라가 되셨나요
1780575701106,??????? 조롱하시는건가요 ㅋㅋ
1780575701133,ㅋㅋㅋㅋㅋㅋㅋㅋㅋㅋㅋ
1780575701178,손 개질알났넼ㅋㅋㅋㅋㅋㅋㅋㅋㅋㅋㅋㅋㅋㅋㅋㅋㅋㅋㅋㅋㅋ
1780575701215,ㅋㅋㅋㅋㅋㅋㅋㅋㅋㅋㅋㅋ
1780575701254,?
1780575701268,방금 지어낸거 아님?
1780575701335,가슴은 왜
1780575701426,이새끼 뭐함?
1780575701504,?
1780575701537,ㅋㅋㅋㅋㅋㅋㅋㅋㅋㅋㅋㅋㅋㅋㅋㅋㅋㅋㅋㅋㅋㅋㅋㅋㅋㅋㅋㅋㅋㅋㅋㅋㅋㅋㅋㅋㅋㅋㅋㅋㅋㅋㅋㅋㅋㅋㅋㅋㅋㅋㅋㅋㅋㅋㅋㅋㅋㅋㅋㅋㅋㅋㅋㅋㅋㅋㅋㅋㅋㅋㅋㅋㅋㅋㅋㅋㅋㅋㅋㅋㅋㅋㅋ
1780575701553,?
1780575701570,막지어내는구나 그냥
1780575701616,?
1780575701710,이거 괴담임?
1780575701889,ㅋㅋㅋㅋㅋㅋㅋㅋㅋㅋㅋㅋㅋㅋㅋㅋㅋㅋㅋㅋㅋㅋㅋ
1780575701941,ㅋㅋㅋㅋㅋㅋㅋㅋㅋㅋㅋㅋㅋㅋ
1780575701981,장깨비 사쵸~
1780575702111,???
1780575702143,억투리
1780575702145,사쵸?
1780575702168,음?
1780575702185,(돌발상황)
1780575702286,ㅋㅋㅋㅋㅋㅋㅋㅋㅋㅋㅋㅋㅋㅋㅋㅋㅋㅋㅋㅋㅋㅋㅋㅋ
1780575702384,ㅋㅋㅋㅋㅋㅋㅋㅋㅋㅋㅋㅋㅋㅋ
1780575702440,지역 긁을
1780575702544,?
1780575702590,?
1780575702702,??????????????????????????
1780575702709,?
1780575702714,?
1780575702749,ㅋㅋㅋㅋㅋㅋㅋㅋㅋㅋㅋ ㅈㄹ
1780575702785,ㅋㅋㅋㅋㅋㅋㅋㅋㅋㅋㅋㅋㅋㅋㅋㅋ
1780575702820,개억지 시발ㅋㅋㅋㅋㅋㅋㅋㅋㅋㅋㅋㅋㅋㅋㅋ
1780575702822,ㅋㅋㅋㅋㅋㅋㅋㅋㅋㅋㅋㅋㅋㅋㅋㅋㅋㅋㅋㅋㅋ
1780575702862,ㅋㅋㅋㅋㅋㅋㅋㅋㅋㅋㅋㅋㅋㅋㅋㅋㅋㅋㅋ
1780575702936,뭔데이게
1780575703031,ㅋㅋㅋㅋㅋㅋㅋㅋㅋㅋㅋㅋㅋㅋ
1780575703038,개 억지 부리네
1780575703042,?
1780575703052,ㅅㅂㅋㅋㅋㅋㅋㅋㅋㅋㅋㅋㅋㅋㅋㅋㅋㅋㅋㅋㅋㅋㅋㅋ
1780575703054,사쵸?
1780575703375,대구 데덴찌가 진짜 개구라같음 원탑임 ㄹㅇ
1780575703530,아오 ㅋㅋㅋㅋㅋ
1780575703548,사쵸
1780575703587,지역비하 멈춰!!
1780575703632,알았다 룩어
1780575703642,ㅋㅋㅋㅋㅋㅋㅋㅋㅋㅋㅋㅋㅋㅋㅋㅋㅋㅋㅋㅋㅋㅋㅋㅋㅋㅋㅋㅋㅋㅋㅋㅋㅋ
1780575703657,ㅋㅋㅋㅋㅋㅋㅋㅋㅋㅋㅋㅋㅋㅋㅋ
1780575704003,룩삼/논란
1780575704157,ㅋㅋㅋㅋㅋㅋㅋㅋㅋㅋㅋㅋㅋㅋㅋㅋㅋㅋㅋㅋㅋㅋㅋㅋㅋㅋㅋㅋㅋㅋㅋ
1780575704196,?
1780575704355,ㅋㅋㅋㅋㅋㅋㅋㅋㅋㅋㅋㅋㅋㅋㅋㅋㅋㅋㅋㅋㅋ
1780575704418,?
1780575704436,ㅋㅋㅋㅋㅋㅋㅋㅋㅋㅋㅋㅋㅋㅋㅋㅋㅋㅋㅋㅋ
1780575704499,미친놈임? ㅋㅋㅋㅋㅋㅋㅋㅋㅋㅋㅋㅋㅋㅋㅋㅋ
1780575704505,이건 비하인데?
1780575704511,음치가되어버림
1780575704561,ㅋㅋㅋㅋㅋㅋㅋㅋㅋㅋㅋㅋㅋㅋㅋㅋㅋㅋㅋㅋㅋㅋㅋㅋㅋㅋ
1780575704613,ㅋㅋㅋㅋㅋㅋㅋㅋㅋㅋㅋ
1780575704707,ㅋㅋㅋㅋㅋㅋㅋㅋㅋㅋㅋㅋㅋㅋ
1780575704732,"뭐라는거야 시,발 ㅋㅋㅋ"
1780575704754,막 지어내네 이제
1780575704799,?
1780575704853,ㅋㅋㅋㅋㅋㅋㅋㅋㅋㅋㅋㅋㅋㅋㅋㅋㅋㅋㅋㅋㅋㅋㅋㅋㅋㅋㅋㅋㅋㅋㅋㅋㅋㅋㅋㅋㅋ
1780575704859,ㅋㅋㅋㅋㅋㅋㅋㅋㅋㅋㅋㅋㅋ
1780575704889,?
1780575704906,ㅋㅋㅋㅋㅋㅋㅋㅋㅋㅋㅋㅋㅋㅋㅋㅋ
1780575704928,아으 ㅋㅋㅋㅋ
1780575704946,ㅋㅋㅋㅋㅋㅋㅋㅋㅋㅋㅋㅋㅋㅋㅋㅋㅋㅋㅋㅋㅋㅋㅋㅋㅋㅋㅋㅋㅋ
1780575705083,타요
1780575705085,ㅋㅋㅋㅋㅋㅋㅋㅋ
1780575705089,???
1780575705122,????????
1780575705174,뭐조롱함?
1780575705240,텐텐보~시
1780575705288,음이 그게아닌데ㅋㅋㅋ
1780575705297,습박
1780575705375,ㅋㅋㅋㅋㅋㅋㅋㅋㅋㅋㅋㅋㅋ
1780575705430,야랄났따
1780575705489,모르는데 개열받네
1780575705515,?
1780575705520,개 어거지 뭐죠
1780575705640,지역비하인가요?
1780575705892,기습조롱
1780575705915,왜 타령을 핫헤ㅛㅇ
1780575706009,?
1780575706034,???
1780575706042,ㅋㅋㅋㅋㅋㅋㅋㅋㅋㅋㅋㅋㅋㅋㅋㅋㅋㅋㅋㅋㅋㅋㅋㅋ
1780575706056,지멋대로하네 ㅋㅋㅋ
1780575706200,억지로 초대석 빌드업쌓네
1780575706202,ㅋㅋㅋㅋㅋㅋㅋㅋㅋㅋㅋㅋㅋㅋㅋㅋㅋㅋㅋㅋ
1780575706206,으이
1780575706232,ㅈㄹ ㅋㅋㅋㅋㅋㅋㅋㅋㅋㅋㅋㅋ
1780575706242,맘대로 지어놨네 ㅋㅋ
1780575706296,ㅋㅋㅋㅋㅋㅋㅋㅋㅋㅋㅋ
1780575706311,일본어인가
1780575706460,ㅋㅋㅋㅋㅋㅋㅋㅋㅋㅋㅋㅋㅋㅋㅋㅋㅋㅋㅋㅋㅋㅋㅋㅋㅋ
1780575706555,ㅋㅋㅋㅋㅋㅋㅋㅋㅋㅋㅋㅋㅋㅋㅋ
1780575706586,ㅋㅋㅋㅋㅋㅋㅋㅋㅋㅋㅋㅋ
1780575706588,ㅋㅋㅋㅋㅋㅋㅋㅋㅋㅋㅋㅋㅋㅋㅋㅋㅋㅋㅋㅋㅋ
1780575706591,지멋대로 하네 ㅋㅋㅋㅋㅋㅋㅋㅋ
1780575706660,뭐야이게?
1780575706858,ㅋㅋㅋㅋㅋㅋㅋㅋㅋㅋㅋㅋㅋㅋㅋㅋㅋㅋㅋㅋㅋㅋㅋㅋㅋㅋㅋ
1780575706860,ㅈㄹㅋㅋㅋㅋㅋㅋㅋㅋㅋㅋ
1780575706864,ㅋㅋㅋㅋㅋㅋㅋㅋㅋㅋㅋㅋㅋㅋㅋㅋㅋㅋㅋㅋㅋㅋㅋㅋㅋㅋ
1780575706954,이건 좀..
1780575707013,?
1780575707023,?
1780575707094,개 억지 뭔데
1780575707160,타령임?
1780575707179,뽀뚜루?
1780575707211,이 생퀴 뭐함 ?
1780575707326,ㅋㅋㅋㅋㅋㅋㅋㅋㅋㅋㅋㅋㅋㅋㅋㅋㅋㅋㅋㅋㅋㅋㅋ
1780575707346,지멋대로 멜로디 붙이네
1780575707400,ㅇ앜ㅋㅋㅋㅋㅋㅋㅋㅋㅋㅋㅋㅋ
1780575707529,개억지 ㅋㅋㅋㅋㅋ
1780575707581,아...
1780575707603,ㅋㅋㅋㅋㅋㅋㅋㅋㅋㅋㅋㅋㅋㅋㅋㅋㅋㅋ
1780575707603,막 지어내네
1780575707716,벽느껴진다 ㅋㅋㅋ
1780575707757,야랄났네 ㅋㅋㅋㅋㅋㅋㅋㅋㅋ
1780575707767,모ㅓ야이겤ㅋㅋㅋㅋㅋㅋㅋㅋㅋㅋㅋㅋㅋㅋㅋㅋㅋㅋㅋㅋㅋㅋㅋㅋㅋㅋ
1780575707785,개억지 ㅋㅋㅋㅋㅋㅋㅋㅋㅋㅋㅋ
1780575707892,고소자료
1780575707898,지역 희롱 논란
1780575707955,ㅋㅋㅋㅋㅋㅋㅋㅋㅋㅋㅋㅋㅋㅋㅋㅋㅋㅋㅋ
1780575708168,???????
1780575708214,이거때문이라도 초대석 함 하자
1780575708277,진짜 늙크크
1780575708317,한국 맞음?
1780575708403,이제 막 짓내
1780575708415,개억지 아오
1780575708434,뭐라하는거야
1780575708459,이게 고소자료지
1780575708478,조롱 ㅋㅋㅋㅋㅋㅋㅋㅋ
1780575708486,놀리는 거잖아...
1780575708576,초대석해서 물어봐야겟네
1780575708590,거제시 찾아보자
1780575708625,알코르세요
1780575708673,ㅋㅋㅋㅋㅋㅋㅋㅋㅋㅋㅋㅋㅋㅋㅋㅋㅋㅋㅋㅋㅋㅋㅋㅋㅋㅋㅋㅋㅋㅋㅋㅋㅋㅋㅋㅋㅋㅋㅋㅋㅋㅋㅋㅋㅋㅋㅋㅋㅋㅋ
1780575708674,(돌발 상황)
1780575708699,개지어내는중ㅋㅋㅋㅋㅋ
1780575708753,이거 돌리는거에요?
1780575708837,겐노진노
1780575708873,??????
1780575708923,억투리
1780575708962,긁
1780575709077,이건 니가 만든수준인데
1780575709218,이거 지역 비하죠?
1780575709283,ㅋㅋㅋㅋㅋㅋㅋㅋㅋㅋㅋ
1780575709342,또 ㅈㄹ하네 ㅋㅋㅋㅋㅋㅋㅋㅋㅋㅋㅋㅋㅋㅋㅋ
1780575709400,지맘대로 하네 ㅋㅋㅋㅋㅋㅋㅋㅋㅋㅋㅋㅋㅋㅋㅋㅋㅋㅋㅋㅋㅋㅋㅋㅋㅋㅋㅋㅋㅋㅋㅋㅋㅋㅋㅋㅋ
1780575709464,조롱을 멈춰주십시오.
1780575709649,?
1780575709784,???
1780575710168,룩삼/논란/지역비하
1780575710323,겐노진노
1780575710465,조롱 미쳤네
1780575710612,ㅅㅂ ㅋㅋㅋㄲ
1780575710802,이렇게 긁어?
1780575710971,?
1780575711036,열받게 하려고 ㅋㅋㅋ
1780575711235,ㅋㅋㅋㅋㅋㅋㅋㅋㅋㅋㅋㅋㅋㅋㅋㅋㅋㅋㅋㅋㅋㅋㅋㅋㅋㅋㅋㅋㅋㅋㅋ
1780575711654,ㅅㅂ ㅋㅋㅋㅋㅋㅋㅋㅋ
1780575711765,ㅋㅋㅋㅋㅋㅋㅋㅋㅋㅋㅋㅋㅋㅋㅋ
1780575711829,ㅋㅋㅋㅋㅋㅋㅋㅋㅋㅋㅋ
1780575711868,ㅋㅋㅋㅋㅋ
1780575711912,겐노진노~
1780575712137,ㅋㅋㅋㅋㅋㅋㅋㅋㅋㅋㅋㅋㅋ
1780575712174,덴지 뭔데 ㅋㅋ
1780575712235,뚜마히미까?
1780575712262,묵찌가 국룰이지
1780575712290,ㄹㅇ 걍 경기도 밑으로 한국아님
1780575712359,ㅋㅋㅋㅋㅋㅋㅋㅋㅋㅋㅋㅋㅋㅋㅋ
1780575712441,ㅋㅋㅋㅋㅋㅋㅋㅋㅋㅋ
1780575712521,베엔~ 더시라고
1780575712694,ㅋㅋㅋㅋㅋㅋㅋㅋㅋㅋㅋㅋㅋㅋㅋㅋㅋㅋㅋㅋㅋㅋ
1780575712954,너 ㅅㅂ 의정부 가서 읽어
1780575713112,남제 유행어임?
1780575713159,개억지 시바
1780575713253,겐노진노ㅋㅋ
1780575713285,아오 개억지
1780575713397,지멋대로 멜로디 붙이기 뭐임?
1780575713453,진짜미쳣나
1780575713498,ㅋㅋㅋㅋㅋㅋㅋㅋ
1780575713597,경상도 긁기 머죠
1780575713605,개억지
1780575713623,뭐?
1780575713679,겐지셔?
1780575713801,지뇨
1780575713812,진짜다다르네
1780575713818,지역 비하 멈춰
1780575713824,탄 탄 후회없이 탄탄보~
1780575714068,이제 지역단위로 고소당할듯
1780575714076,이거 조롱이잖아
1780575714076,ㅋㅋㅋㅋㅋㅋㅋㅋㅋㅋㅋㅋㅋㅋㅋㅋㅋㅋㅋㅋㅋㅋㅋㅋㅋㅋㅋㅋㅋㅋㅋㅋㅋㅋㅋㅋㅋㅋㅋㅋㅋㅋㅋㅋㅋㅋ
1780575714078,청유문뭐야
1780575714116,?????????
1780575714329,"""룩삼 아저씨 다 됐네"""
1780575714488,ㅋㅋㅋㅋㅋㅋㅋㅋㅋㅋㅋㅋㅋㅋㅋㅋㅋㅋㅋㅋㅋㅋㅋㅋㅋㅋㅋㅋㅋㅋㅋㅋㅋㅋㅋㅋㅋㅋㅋㅋㅋㅋㅋㅋㅋ
1780575714600,?
1780575714705,ㅋㅋㅋㅋㅋㅋㅋㅋㅋㅋㅋㅋㅋㅋㅋㅋㅋㅋㅋ
1780575714723,???
1780575714773,>?
1780575714954,?
1780575714967,?
1780575714971,경상도민 다 긁깈ㅋㅋㅋㅋㅋㅋㅋㅋㅋㅋㅋㅋㅋㅋㅋ
1780575715039,ㅋㅋㅋㅋㅋㅋㅋㅋㅋㅋㅋㅋㅋ
1780575715073,?
1780575715130,?
1780575715475,?
1780575715489,?
1780575715566,조롱 미쳤지
1780575715569,ㅋㅋㅋㅋㅋㅋㅋㅋㅋㅋㅋㅋㅋㅋㅋㅋㅋㅋㅋㅋㅋㅋㅋㅋㅋㅋ
1780575715585,탕탕후루
1780575715652,이걸 긁네
1780575715736,지역 비하임?
1780575715757,?
1780575715856,????????????
1780575715962,ㅋㅋㅋㅋㅋㅋㅋㅋㅋㅋㅋㅋㅋㅋ
1780575715972,ㅋㅋㅋㅋㅋㅋㅋㅋㅋㅋㅋㅋㅋㅋㅋㅋㅋㅋㅋㅋㅋㅋㅋㅋㅋㅋ
1780575716045,창조하는데?
1780575716127,안동ㅋㅋㅋㅋ
1780575716157,?ㅋㅋㅋㅋㅋㅋㅋㅋㅋㅋ
1780575716158,ㅋㅋㅋㅋㅋㅋㅋㅋㅋㅋㅋㅋㅋㅋㅋㅋ
1780575716321,ㅋㅋㅋㅋㅋㅋㅋㅋㅋㅋㅋㅋㅋㅋㅋㅋㅋㅋㅋㅋ
1780575716382,ㅋㅋㅋㅋㅋㅋㅋㅋㅋㅋㅋㅋㅋㅋㅋㅋㅋㅋㅋㅋㅋㅋㅋㅋㅋㅋㅋㅋㅋ
1780575716406,ㅋㅋㅋㅋㅋㅋㅋㅋㅋㅋ
1780575716430,ㅋㅋㅋㅋㅋㅋㅋㅋㅋ
1780575716641,좋다 이건
1780575716810,ㅋㅋㅋㅋㅋㅋㅋㅋㅋㅋ
1780575716813,ㅋㅋㅋㅋㅋㅋㅋㅋㅋㅋ
1780575716858,ㅋㅋㅋㅋㅋㅋㅋㅋㅋㅋㅋㅋㅋㅋㅋㅋㅋㅋㅋㅋㅋㅋㅋ
1780575716977,ㅋㅋㅋㅋㅋㅋㅋㅋ
1780575717311,가슴은 왜치냐고 ㅋㅋ
1780575717339,ㅋㅋㅋㅋㅋㅋㅋㅋㅋㅋㅋㅋㅋㅋㅋㅋㅋㅋㅋㅋㅋㅋㅋㅋㅋㅋㅋ
1780575717364,아오 ㅋㅋㅋㅋㅋ
1780575717390,혼자 멜로디를 만드네
1780575717400,ㅋㅋㅋㅋㅋㅋㅋㅋㅋㅋㅋㅋㅋㅋㅋㅋㅋㅋㅋㅋㅋㅋㅋㅋㅋㅋㅋㅋㅋㅋ
1780575717429,아오 습박
1780575717443,??
1780575717447,탕탕후루후루
1780575717525,??
1780575717575,탕탕
1780575717575,ㅋㅋㅋㅋㅋㅋㅋㅋㅋㅋㅋㅋㅋㅋㅋㅋㅋㅋㅋㅋㅋㅋㅋㅋㅋㅋㅋㅋㅋㅋㅋㅋ
1780575717595,ㅁㅊ놈 ㅋㅋ
1780575717665,진짜 이상한거 많다
1780575717674,이거 지역비하죠?
1780575717700,{:d_126:}
1780575717719,ㅋㅋㅋㅋㅋㅋㅋㅋ
1780575717733,진짜 열받는다 ㅋㅋㅋㅋㅋㅋㅋㅋㅋㅋ
1780575717829,ㅋㅋㅋㅋㅋㅋㅋㅋㅋㅋㅋㅋㅋ
1780575717942,ㅋㅋㅋㅋㅋㅋㅋㅋㅋㅋㅋㅋ
1780575717962,지랄하지마 ㅋㅋㅋㅋㅋㅋㅋㅋㅋㅋㅋㅋㅋ
1780575718032,아이건 ㅋㅋ
1780575718164,일본인임?
1780575718168,ㅋㅋㅋㅋㅋㅋㅋㅋㅋㅋㅋㅋㅋㅋㅋ
1780575718206,?
1780575718217,ㅋㅋㅋㅋㅋㅋㅋㅋㅋ
1780575718363,탕후루임?
1780575718440,개웃기게
1780575718462,개많네 ㅋㅋ
1780575718524,ㅋㅋㅋㅋㅋㅋㅋㅋㅋㅋㅋㅋㅋㅋㅋㅋ
1780575718565,ㅋㅋㅋㅋㅋㅋㅋㅋㅋㅋㅋㅋㅋㅋㅋㅋㅋㅋㅋㅋㅋㅋㅋㅋㅋㅋㅋㅋㅋㅋㅋ
1780575718766,????
1780575718854,ㅋㅋㅋㅋㅋㅋㅋㅋㅋㅋㅋㅋㅋㅋㅋㅋㅋ
1780575718907,adhd 발병 ㅋㅋ
1780575718960,ㅋㅋㅋㅋㅋㅋㅋㅋ
1780575719027,오
1780575719075,다 긁는다
1780575719227,?
1780575719244,ㅋㅋㅋㅋㅋㅋㅋㅋㅋㅋㅋㅋㅋㅋ
1780575719256,지역 조롱 멈춰
1780575719291,이거 지역비하냐?
1780575719580,???????
1780575719585,??
1780575719588,?????????
1780575719617,ㅋㅋㅋㅋㅋㅋㅋㅋㅋ
1780575719618,?
1780575719626,이새끼 약 안먹음?
1780575719775,ㅋㅋㅋㅋㅋㅋㅋㅋㅋㅋㅋㅋㅋㅋ
1780575719841,의정부는 치외법권입니까?
1780575719866,탕탕후루
1780575719873,?
1780575719885,?
1780575719924,ㅋㅋㅋㅋㅋㅋㅋㅋㅋㅋㅋㅋㅋㅋㅋ
1780575719952,지역비하 뭐지요?
1780575720036,ㅁㅊ놈ㅋㅋㅋㅋㅋ
1780575720075,ㅋㅋㅋㅋㅋㅋㅋㅋㅋㅋ
1780575720092,야랄났넺ㅋ기
1780575720287,ㅋㅋㅋㅋㅋㅋㅋㅋㅋㅋㅋㅋㅋㅋㅋㅋㅋㅋㅋ
1780575720500,?
1780575720527,{:d_126:}{:d_126:}{:d_126:}{:d_126:}{:d_126:}{:d_126:}
1780575720541,?
1780575720692,룩어잖아
1780575720844,ㅋㅋㅋㅋㅋㅋㅋㅋ
1780575720962,ㅋㅋㅋㅋㅋㅋㅋㅋㅋㅋㅋㅋㅋㅋㅋㅋㅋㅋㅋㅋㅋㅋㅋㅋㅋㅋㅋㅋㅋㅋㅋㅋㅋㅋㅋㅋㅋㅋㅋㅋㅋㅋ
1780575721403,ADHD 발병 ㅋㅋㅋㅋㅋㅋㅋㅋㅋㅋㅋㅋ
1780575721416,세상에
1780575721420,??
1780575721430,다 긁어버린다 ㅋㅋ
1780575721437,ㅋㅋㅋㅋㅋㅋㅋㅋㅋㅋㅋㅋㅋㅋㅋ
1780575721460,?
1780575721521,ㅋㅋㅋㅋㅋㅋㅋㅋㅋㅋㅋㅋㅋㅋㅋㅋㅋㅋㅋ
1780575721533,ㅋㅋㅋㅋㅋㅋㅋㅋㅋ
1780575721577,랩을 처하네 ㅋㅋㅋㅋㅋㅋㅋㅋㅋㅋㅋㅋㅋㅋㅋㅋㅋㅋㅋㅋㅋㅋㅋㅋㅋㅋㅋㅋㅋㅋㅋ
1780575721586,?????
1780575721604,진짜 개구라 ㅋㅋㅋ
1780575721692,ㅋㅋㅋㅋㅋㅋㅋㅋㅋㅋ
1780575721694,ㅋㅋㅋㅋㅋㅋㅋㅋㅋㅋㅋㅋㅋㅋㅋㅋㅋㅋㅋㅋㅋㅋㅋㅋ
1780575721842,개찰지네 ㅋㅋㅋㅋ
1780575721920,아오
1780575721921,ㅋㅋㅋㅋㅋㅋㅋㅋㅋㅋㅋㅋㅋㅋㅋㅋㅋㅋㅋ
1780575721927,쓸마노
1780575721944,ㅋㅋㅋㅋㅋㅋㅋㅋㅋㅋㅋㅋㅋ
1780575721952,ㅋㅋㅋㅋㅋㅋㅋㅋㅋㅋㅋㅋㅋㅋㅋㅋㅋㅋㅋㅋㅋㅋ
1780575721958,ㅋㅋㅋㅋㅋㅋㅋㅋㅋㅋㅋㅋㅋㅋ
1780575722151,?
1780575722187,덴~지~
1780575722309,?
1780575722315,쇼츠 탄생
1780575722368,ㅋㅋㅋㅋㅋㅋㅋㅋㅋㅋㅋㅋㅋㅋㅋ
1780575722402,?????????????
1780575722403,ㅋㅋㅋㅋㅋㅋㅋㅋㅋㅋㅋㅋㅋㅋㅋㅋㅋㅋㅋㅋㅋㅋㅋㅋㅋㅋㅋㅋㅋㅋㅋㅋㅋㅋㅋㅋㅋㅋㅋㅋㅋㅋㅋㅋㅋㅋㅋㅋㅋㅋㅋㅋㅋㅋ
1780575722405,개 힙하네
1780575722426,ㅋㅋㅋㅋㅋㅋㅋㅋㅋㅋㅋㅋㅋㅋㅋ
1780575722431,ㅋㅋㅋㅋㅋㅋㅋㅋㅋㅋㅋㅋㅋㅋㅋㅋㅋㅋㅋㅋㅋㅋㅋㅋㅋㅋㅋㅋㅋㅋㅋ
1780575722514,랩임?
1780575722530,ㅋㅋㅋㅋㅋㅋㅋㅋㅋㅋㅋㅋㅋㅋㅋㅋㅋㅋㅋ
1780575722604,?
1780575722607,{:d_185:}{:d_185:}{:d_185:}{:d_185:}
1780575722638,ㅋㅋㅋㅋㅋㅋㅋㅋㅋㅋㅋㅋ
1780575722644,??????????
1780575722798,ㅋㅋㅋㅋㅋㅋㅋㅋㅋㅋㅋㅋㅋㅋㅋㅋㅋㅋㅋㅋㅋㅋㅋㅋㅋㅋㅋㅋㅋㅋㅋㅋㅋㅋㅋㅋㅋㅋㅋㅋ
1780575722827,ㅋㅋㅋㅋㅋㅋㅋㅋㅋㅋㅋㅋㅋ
1780575722828,어 맞는데?
1780575722838,멜로디가 그게 맞냐고 ㅋㅋㅋㅋㅋㅋㅋㅋㅋㅋ
1780575722973,ㅋㅋㅋㅋㅋㅋㅋㅋㅋㅋㅋㅋㅋ
1780575723064,편가르기 월드컵 ㅋㅋㅋㅋ
1780575723103,이분 머하시나요
1780575723138,ㅋㅋㅋㅋㅋㅋㅋㅋㅋㅋㅋㅋㅋㅋ
1780575723228,탄~탄 후루~후루~
1780575723231,룩어임?
1780575723291,???
1780575723300,???
1780575723315,ㅋㅋㅋㅋㅋㅋ
1780575723364,시밬ㅋㅋㅋㅋㅋㅋㅋㅋㅋㅋㅋㅋㅋ
1780575723446,미친농 ㅋㄲㅋㅋ
1780575723456,절대 저거 아닐거같은데
1780575723485,뭔데 ㅋㅋㅋㅋㅋㅋ
1780575723584,지역비하;;
1780575723660,ㅋㅋㅋㅋㅋㅋㅋㅋㅋㅋㅋㅋㅋㅋㅋㅋㅋㅋㅋㅋㅋㅋㅋㅋㅋㅋㅋㅋㅋㅋㅋㅋㅋㅋㅋㅋㅋㅋㅋㅋㅋㅋ
1780575723708,ㅋㅋㅋㅋㅋㅋㅋㅋㅋㅋㅋㅋㅋㅋㅋㅋㅋㅋㅋㅋㅋㅋㅋㅋㅋ
1780575723735,ㅈㄹㅋㅋㅋㅋㅋㅋㅋㅋㅋㅋㅋㅋ
1780575723824,개쳐 웃기네 진짜 ㅋㅋㅋㅋㅋ
1780575723851,개웃기네 ㅋㅋㅋ
1780575723853,미친ㅋㅋㅋㅋㅋㅋㅋㅋㅋㅋㅋㅋㅋㅋㅋㅋㅋ
1780575723973,왜 지맘대로야
1780575724076,탄탄보는 씹ㅋㅋㅋ
1780575724126,…
1780575724259,멜로디는 같게 해야지 ㅋㅋㅋ
1780575724458,미친놈임? ㅋㅋㅋㅋㅋㅋㅋㅋㅋㅋㅋㅋㅋㅋㅋㅋㅋㅋㅋ
1780575724516,또 룩삼식 바이브로
1780575724560,ㅋㅋㅋㅋㅋㅋㅋㅋㅋ
1780575724642,일본 래퍼
1780575724681,멈춰!
1780575724862,긁힌다
1780575725148,진짜 다채롭네 어케 이러냐
1780575725196,랩함?
1780575725357,지역비하 뭐지요
1780575725413,지랄 ㅋㅋㅋㅋㅋㅋㅋㅋㅋㅋㅋㅋㅋㅋㅋㅋㅋㅋㅋㅋㅋㅋㅋㅋㅋㅋㅋㅋㅋㅋㅋㅋㅋㅋ
1780575725436,ㅋㅋㅋㅋㅋㅋㅋㅋㅋ
1780575725450,아 급발진 미친ㅋㅋㅋㅋㅋㅋㅋㅋㅋ
1780575725452,방금 비슷했음
1780575725468,ADHD 미친 ㅋㅋ
1780575725488,진짜 경상도분들 개긁힐듯
1780575725665,진짜
1780575725718,힙합이네
1780575725949,지역비하 뭐삼
1780575725998,룩어잖아
1780575726172,개음병을 하네
1780575726262,ㅋㅋㅋㅋㅋㅋㅋㅋㅋㅋㅋㅋㅋㅋ
1780575726266,근데 진짜 이상한거 많다
1780575726359,지역비하 봇호
1780575726365,야랄ㅋㅋㅋㅋㅋㅋㅋㅋ
1780575726386,사투리 무시하지마
1780575726450,돌발상황 발생
1780575726543,초대석에서 물어보죠
1780575726549,입큰낙타 초대석인가요
1780575726587,ㅋㅋㅋㅋㅋㅋㅋㅋㅋ
1780575726702,디씨 ㅋㅋㅋㅋㅋㅋ
1780575726865,무차별 난사ㅋㅋㅋㅋㅋㅋㅋㅋㅋㅋㅋㅋ
1780575726866,ㅋㅋㅋㅋㅋㅋㅋㅋㅋㅋㅋㅋ
1780575727065,ㅋㅋㅋㅋㅋㅋㅋㅋㅋㅋㅋㅋㅋㅋㅋㅋㅋ
1780575727101,비하맞습니다
1780575727103,미쳤지
1780575727305,힙합이네
1780575727432,랩하냐? ㅋㅋㅋㅋㅋㅋ
1780575727463,앞 ~ 뒤 이게 정석아니냐
1780575727500,ㅋㅋㅋㅋㅋㅋㅋㅋㅋㅋㅋㅋㅋㅋㅋㅋㅋㅋㅋㅋㅋㅋㅋㅋㅋㅋㅋㅋㅋㅋㅋㅋㅋㅋㅋㅋㅋㅋㅋㅋㅋ
1780575727730,쇼츠 ㅊㅊㅊ
1780575727919,지역비하 뭐지요
1780575727969,ㅋㅋㅋㅋㅋㅋㅋㅋㅋㅋ
1780575728057,그거 맞는듯
1780575728136,뎀보뎀보 뎀~보
1780575728451,덴디씨는 잘했네
1780575728517,멜로디 지멋대로 붙이네
1780575728551,룩르노
1780575728553,진짜 레전드네
1780575728833,쇼츠 ㅈ되는거 나와버렸다 미친 나락가라
1780575728845,ㅋㅋㅋㅋㅋㅋㅋㅋㅋㅋㅋ
1780575728851,개레전드뭐냨ㅋㅋㅋ
1780575728946,불러서 네이티브로 들어
1780575729296,룩어 머지요
1780575729434,"""룩삼 아저씨 다 됐네""""룩삼 아저씨 다 됐네""""룩삼 아저씨 다 됐네""""룩삼 아저씨 다 됐네"""
1780575729475,ㅇㅅㄲ 비하하네
1780575729532,씨다씨
1780575729764,ㅋㅋㅋㅋㅋㅋㅋㅋㅋㅋㅋ
1780575729847,ㅁㅊ놈 ㅋㅋㅋㅋㅋㅋㅋㅋㅋㅋㅋㅋㅋ
1780575729956,ㅋㅋㅋㅋㅋㅋㅋㅋㅋㅋㅋㅋㅋㅋㅋㅋㅋㅋㅋㅋㅋㅋㅋㅋㅋㅋㅋㅋㅋㅋ
1780575730733,지역비하 멈춰
1780575730871,아무거나 디씨
1780575730929,어디여
1780575730943,개지랄 ㅋㅋㅋㅋㅋ
1780575731587,아니 미친ㅋㅋㅋㅋㅋㅋㅋㅋㅋㅋㅋ룩어를
1780575731598,ㅋㅋㅋㄱㅋㅋㅋㅋㅋㅋㅋㅋㅋㅋㄱㅋㅋㅋㅋㅋㅋㅋ
1780575731753,앤디신디신디라고
1780575731798,ㅈㄴ 힙하네
1780575731980,즉시조롱난사
1780575732360,경상도 개레전드
1780575732474,우에시다리
1780575732488,지역비하하시네
1780575733046,그냥 힙합인데
1780575733115,헉 지역비하
1780575733337,ㅋㅋㅋㅋㅋㅋㅋㅋㅋㅋㅋ
1780575733395,개미네 짚신 ㅋㅋ
1780575733726,외국아니에여?
1780575734351,지역비핰ㅋㅋㅋㅋㅋㅋㅋㅋㅋㅋㅋㅋㅋㅋㅋㅋㅋㅋㅋㅋㅋㅋㅋㅋㅋㅋㅋㅋㅋㅋㅋㅋㅋㅋㅋㅋㅋㅋㅋㅋㅋㅋㅋㅋㅋㅋㅋㅋㅋㅋㅋㅋㅋ
1780575734371,댄디씨
1780575734933,걍 지들 맘대로하네
1780575735003,경남은 왜...
1780575735037,룩어임?
1780575735714,초대석에서 물어보죠
1780575736004,비하하는것봐
1780575736008,잼상도였네 ㅋㅋ
1780575736671,대구 데덴찌가 진짜 이상하던데
1780575737721,그냥 지들맘대로하네 ㅋㅋㅋ
1780575738120,ㅋㅋㅋㄹㅇ
1780575738194,데덴찌는 많이 안씀?
1780575738692,데덴~~~찌
1780575738888,믿힌 조롱견 ㅋㅋㅋㅋㅋㅋㅋㅋㅋㅋㅋㅋ
1780575739091,대댄~찌
1780575739174,데덴찌 개핪힌데?
1780575739763,ㅋㅋㅋㅋㅋㅋㅋㅋㅋㅋㅋㅋㅋㅋㅋㅋ
1780575739793,파라파라나 춰야겠다
1780575740841,서울도 데덴찌아닌가
1780575740906,가사로 쓰죠 ㅇㅇ
1780575740952,거제 야호~
1780575742306,ㅋㅋㅋㅋㅋㅋㅋㅋㅋ
1780575743161,이거 릴스보내서 꼭 당해라
1780575743683,아니 초대석 스포 뭔데 ㅡㅡ
1780575744115,이건 지역비하냐 아니냐....?
1780575744154,데덴찌는 걍기인데
1780575744197,거제 야호
1780575744432,뺀더뺀더또뺸더
1780575744686,대구 가깝다고 생각했는데 존나 다르네
1780575745019,빌드업 캬
1780575745248,알코오로롤르쎼요
1780575745432,ㄹㅇㅋㅋ
1780575745481,거제 야호~
1780575745824,룩삼이 지역 조롱하는 동안 파라파라나 춰야겠다
1780575746245,혁준이 있잖아
1780575746270,제발 와주세용
1780575746287,뺀다뺀다 또뺀단데
1780575746312,경기도도 사투리 있다
1780575746445,ㅋㅋㅋㅋㅋㅋㅋㅋㅋㅋㅋㅋㅋㅋㅋㅋㅋㅋㅋㅋㅋㅋㅋㅋㅋㅋㅋㅋㅋㅋㅋㅋㅋㅋㅋㅋㅋㅋㅋㅋㅋㅋㅋㅋㅋㅋ
1780575746595,제발 와줘
1780575746978,저점매수했어 넌
1780575747146,데덴찌를 ㅋㅋ
1780575747455,캬
1780575747628,캬
1780575747741,캬
1780575747838,그떄안하고뭐햇어
1780575747844,ㅋㅋㅋㅋㅋㅋㅋㅋㅋㅋㅋㅋ
1780575748074,갸루 데덴찌는 뭐냐
1780575748246,봉봉 퐁퐁도 다 다름ㅋㅋㅋ
1780575748300,캬
1780575748323,캬
1780575748338,ㄹㅇ
1780575748498,ㅇㅈㅇㅈ
1780575748611,사장님이라도 나와
1780575748770,데엔 디씨~ 오레엔 디씨 돼는데로 먹고
1780575748921,캬
1780575748973,구두약속
1780575749162,내 동생들 리센느
1780575749185,캬
1780575749191,캬
1780575749237,머냐 데덴찌 나 서울에서 썻는데 ㅋㅋㅋㅋ
1780575749333,캬
1780575749433,구두약속 ㅋㅋㅋ
1780575749485,ㅋㅋㅋㅋㅋㅋㅋㅋㅋㅋㅋㅋ
1780575749584,언젠가
1780575749809,치바 까지 알수있음
1780575749923,(제발)
1780575749929,구두계약
1780575749949,구두계약
1780575750193,k-약속 했으니까 ㅇㅇ;
1780575750294,축제시즌이라 당장은 쉽지 않음
1780575750582,캬
1780575750714,구두약속을
1780575751106,캬
1780575751216,ㅋㅋㅋㅋㅋㅋㅋㅋㅋㅋㅋㅋㅋㅋ
1780575751336,캬
1780575751371,약속했잖아
1780575751877,데덴찌 시켜야지
1780575752154,겟냐
1780575752256,나와주세요
1780575752421,저점일때 불렀어야지
1780575752470,버스 떠났다 쌈아...
1780575752745,한번만 나와다오..
1780575752842,ㄹㅇ~
1780575752916,구두약속은 좀 ㅋㅋ
1780575753050,저점매수
1780575753263,캬
1780575753505,구두계약
1780575753672,ㅋㅋㅋㅌㅋㅋㅋㅋㅋㅋ
1780575753851,인천살때 데덴찌 했는데
1780575753920,내 친구 리센느
1780575754829,제발 나와줘...
1780575754933,뺀다뺸다 또 뺸따
1780575754975,어퍼디퍼
1780575755115,리센느 초대석 ㄱㄱ혓
1780575755269,<< 뒤퍼어퍼쫄려도한판
1780575755354,ㅋㅋㅋㅋㅋㅋㅋㅋㅋㅋㅋㅋ
1780575755354,거제에도 크게 두개로 나뉘는게 레전드임
1780575755650,시부야
1780575756159,지금 많이 바쁨
1780575756250,룩삼누구신지
1780575756273,치바는 어째 할라나
1780575756543,혁준이 대구잖아
1780575756720,이편 감성 지리는데
1780575756891,개씹저점매수
1780575757289,대표초대석 ㅋㅋㅋ
1780575757481,캬
1780575757519,K-약속
1780575757653,데덴찌 광진구에서 썻어
1780575757719,둘다 폼 좀 올랐잖아 ㅇㅇ
1780575757885,?
1780575758010,캬
1780575758113,ㅋㅋㅋㅋㅋㅋㅋㅋㅋㅋㅋㅋㅋㅋㅋㅋㅋㅋㅋㅋㅋㅋㅋㅋㅋㅋㅋㅋㅋㅋㅋㅋㅋㅋㅋㅋㅋ
1780575758403,시부야네
1780575758416,알코르쎄요가 젤 낫네
1780575758417,캬
1780575758490,캬
1780575758496,ㅋㅋㅋㅋㅋㅋㅋㅋㅋㅋㅋㅋㅋㅋㅋ
1780575758566,와 스크램블
1780575758631,캬
1780575758705,ㅋㅋㅋㅋㅋㅋㅋㅋㅋㅋㅋ
1780575758738,ㅋㅋㅋㅋㅋㅋㅋㅋㅋㅋㅋ
1780575758739,캬
1780575758804,저점매수 실패
1780575758926,ㅋㅋㅋㅋㅋㅋㅋㅋㅋㅋㅋㅋㅋㅋㅋㅋㅋㅋㅋㅋㅋㅋㅋㅋㅌ
1780575758982,캬
1780575759081,?
1780575759209,저점 매수
1780575759212,서울에만 있는
1780575759341,ㅋㅋㅋㅋㅋㅋㅋㅋㅋㅋㅋ
1780575759362,거제갔땈ㅋ
1780575759396,서울에만 있는 ㅋㅋ
1780575759411,캬
1780575759438,ㅋㅋㅋㅋㅋㅋㅋㅋㅋ
1780575759560,캬
1780575759602,거제투어당
1780575759799,ㅋㅋㅋㅋㅋㅋㅋㅋㅋㅋㅋㅋㅋ
1780575759876,ㅋㅋㅋㅋㅋㅋㅋ
1780575759915,'서울에만 있는'
1780575759954,이미 날아올랏다 ㅅㄱ
1780575760141,캬
1780575760145,거제 시부야
1780575760168,ㅋㅋㅋㅋㅋㅋㅋㅋㅋㅋㅋㅋㅋㅋㅋㅋ
1780575760177,캬
1780575760189,캬
1780575760201,ㅋㅋㅋㅋㅋㅋㅋㅋㅋㅋㅋㅋㅋ
1780575760209,대각선ㅋㅋㅋ
1780575760268,ㅋㅋㅋㅋㅋ
1780575760356,시부야 스크럼블
1780575760386,ㅋㅋㅋㅋㅋㅋㅋ
1780575760429,서울에만 있는 ㅋㅋㅋㅋㅋㅋㅋㅋㅋ
1780575760443,캬
1780575760645,ㅋㅋㅋㅋㅋㅋㅋㅋㅋ
1780575760663,ㅋㅋㅋㅋㅋㅋㅋㅋ
1780575760708,ㅋㅋㅋㅋㅋㅋㅋㅋㅋㅋㅋㅋㅋㅋ
1780575760919,캬
1780575761088,ㅋㅋㅋㅋㅋㅋㅋㅋㅋㅋㅋㅋㅋ
1780575761095,ㅋㅋㅋㅋㅋㅋㅋ
1780575761157,캬
1780575761314,번화가네~
1780575762061,캬
1780575762134,재미있는 장면 다 놓치네 ㅋㅋㅋㅋ
1780575762268,이거 재밌더라
1780575762280,저게 서울에만 있어?
1780575762523,캬ㅑㅑ
1780575762622,개짧은데ㅋㅋㅋㅋㅋㅋㅋ
1780575762627,구수허이
1780575762762,와 저거 생겼어?
1780575762874,거제는 ㅇㅈ
1780575763119,스울이네~~~~~
1780575763293,구두계약도 계약이다
1780575763352,브금 ㅋㅋㅋ
1780575763460,정겹노
1780575763531,대각선 신문물이지
1780575763905,?ㅋㅋㅋㅋㅋㅋㅋㅋㅋㅋㅋㅋㅋㅋㅋㅋㅋㅋ
1780575764082,핸 드 폰 바 꾸 는 날
1780575764160,귀엽다 ㅋㅋ
1780575764377,ㅋㅋㅋㅋㅋㅋㅋㅋㅋㅋㅋㅋ
1780575764568,시부야 ㅋㅋㅋ
1780575764593,저거 진짜 없었음
1780575764711,진짜 발전많이하네
1780575764714,이게 거제지
1780575764809,서울 횡단보도
1780575765105,시부야 ㅋㅋ
1780575765715,거제 시부야 ㅋㅋㅋㅋㅋㅋㅋㅋ
1780575765954,서울에만 있는 ㅋㅋㅋ
1780575766421,시부야 사변
1780575766684,거제 스크램블
1780575766728,시부야 시부야~
1780575767183,거제 시부야 ㅋㅋㅋ
1780575767211,ㅋㅋㅋㅋㅋㅋㅋㅋㅋㅋ
1780575767505,ㅋㅋㅋㅋㅋㅋㅋㅋㅋ
1780575767545,얘 여기 가봤잔ㅇ하
1780575767567,ㅋㅋㅋㅋㅋㅋㅋㅋㅋㅋㅋㅋㅋㅋㅋㅋㅋㅋㅋㅋㅋㅋㅋ
1780575767652,야호
1780575767681,거제 시부야 ㅋㅋㅋ
1780575767754,ㅋㅋㅋㅋㅋㅋㅋ
1780575767767,ㅋㅋㅋㅋㅋ
1780575767812,저걸 자랑하는게 개웃김 ㅋㅋ
1780575767855,ㅋㅋㅋㅋ
1780575768235,ㅋㅋㅋㅋㅋㅋㅋㅋㅋㅋㅋㅋ
1780575768404,ㅋㅋㅋㅋ
1780575768503,야호~
1780575768535,ㅋㅋㅋㅋㅋ
1780575768783,ㅋㅋㅋㅋㅋㅋㅋㅋㅋㅋㅋ
1780575768998,시부야 시부야~
1780575769058,시부야 스크램블 ㅋㅋㅋㅋㅋㅋㅋㅋㅋ
1780575770051,거제 스크램블~
1780575770189,시부야다
1780575770255,난 이영상에 제일 좋더라
1780575770309,ㅋㅋㅋㅋㅋㅋㅋㅋㅋㅋㅋㅋㅋㅋㅋㅋㅋㅋ
1780575770875,거제 시부야
1780575770924,우리한테 거제는 호무새의 영토였는데..
1780575771001,거제 시부야 ㅋㅋ
1780575771116,이게 시부야지 ㅋㅋ
1780575771245,어 ㅋㅋㅋㅋㅋㅋㅋㅋㅋㅋㅋ
1780575771502,마산은 덴디야 데덴으로 조짐
1780575771620,이편이 진짜 개웃김
1780575771637,시부야시부야~
1780575772126,거부야 ㅋㅋㅋ
1780575772162,ㅋㅋㅋㅋㅋㅋㅋㅋㅋㅋㅋㅋㅋㅋ
1780575772324,거제 스크램블
1780575772337,시부야~~~
1780575772355,ㄹㅇ 없었는데 ㅋㅋ
1780575772383,개귀여움
1780575772585,대각선은 진짜 도신데
1780575772698,거제 시부야
1780575773008,야호~
1780575773117,야홍~
1780575773289,야 도시다 도시
1780575773496,귀여워
1780575773497,ㅋㅋㅋㅋㅋㅋㅋ
1780575773550,야호~
1780575773595,거제 야호~
1780575773926,ㅋㅋㅋㅋㅋㅋㅋㅋㅋㅋㅋ
1780575773926,네?
1780575773934,시부야 ㅋㅋㅋㅋㅋㅋㅋㅋㅋㅋㅋ
1780575774068,ㅋㅋㅋㅋㅋㅋㅋ
1780575774092,ㅋㅋㅋㅋㅋㅋㅋㅋㅋㅋㅋㅋㅋㅋ
1780575774153,거부야
1780575774231,ㅋㅋㅋㅋㅋㅋ
1780575774251,야호~!
1780575774264,야호
1780575774288,야호~
1780575774310,ㅋㅋㅋㅋㅋㅋㅋㅋㅋ
1780575774322,야홍~
1780575774377,야호~
1780575774429,야~호
1780575774450,야호~
1780575774582,야호ㅡ
1780575774595,ㅋㅋㅋㅋㅋㅋㅋㅋㅋㅋㅋㅋㅋㅋㅋㅋㅋㅋㅋ
1780575774709,야호~
1780575774711,ㅋㅋㅋㅋㅋㅋㅋㅋㅋㅋㅋㅋㅋㅋㅋㅋㅋㅋ
1780575774718,야~호
1780575774804,야호~
1780575774954,야-호\
1780575774962,ㅋㅋㅋㅋㅋㅋ
1780575775030,야호
1780575775081,야호~
1780575775133,발전 많이헀닼ㅋㅋㅋㅋㅋㅋㅋㅋㅋ
1780575775204,야호~
1780575775328,야호~
1780575775409,야호~
1780575775411,거제 스크램블 ㅋㅋㅋㅋ
1780575775510,야호~
1780575775645,야호
1780575775661,거제 스크램블
1780575775672,거제 스크램블 ㅋㅋ
1780575775739,얗 ~ 호
1780575775770,ㅋㅋㅋㅋㅋㅋㅋㅋㅋㅋㅋㅋㅋ
1780575775810,야호~
1780575775814,ㅋㅋㅋㅋㅋㅋㅋㅋ
1780575776104,거제 야호~
1780575776161,대각선 야호
1780575776277,ㅇㅎ~~
1780575776285,야호~~
1780575776302,비율 미쳤네
1780575776352,시부야 시부야
1780575776468,야호-!
1780575776494,야호~~
1780575776552,야호~
1780575776563,야호~
1780575776606,ㅋㅋㅋㅋㅋㅋㅋㅋㅋㅋㅋㅋㅋㅋㅋ
1780575776812,시부야 야호
1780575777107,거제시부야 ㅋㅋㅋㅋㅋㅋㅋㅋㅋ
1780575777155,야호~
1780575777357,시부야 ㅋㅋㅋㅋ
1780575777422,야호가 개사기네 ㅋㅋ
1780575777518,치트키야 ㅋㅋㅋㅋ
1780575777856,어우맥빠져
1780575777938,혼자 색이 다름
1780575778032,뒤에 ㅋㅋㅋㅋ
1780575778339,ㅋㅋㅋㅋㅋㅋㅋㅋㅋㅋㅋㅋ
1780575778512,저거 팬아트가 찐인데
1780575778542,ㅋㅋㅋㅋㅋㅋ
1780575778578,ㅋㅋㅋㅋ
1780575778593,저거 생겻다고 발전 ㅋㅋㅋ
1780575778688,시부야 시부야~
1780575778699,야호
1780575778705,뒤에 아주마 ㅋㅋㅋㅋㅋㅋㅋㅋㅋㅋㅋ
1780575778737,시부야 시부야~
1780575778784,야호~`
1780575778921,귀엽네 ㅋㅋ
1780575779063,뒤에 아줌마
1780575779191,ㅋㅋㅋㅋㅋㅋㅋㅋㅋㅋㅋㅋㅋㅋㅋㅋㅋㅋㅋㅋㅋ
1780575779320,시부야 시부야~
1780575779328,뒤에 아무저니 ㅋㅋ
1780575779437,억텐 지려 ㅋㅋ
1780575779451,미나미 잘해
1780575779471,힘 개빠지네 ㅋㅋ
1780575779576,ㅋㅋㅋㅋㅋㅋㅋ
1780575779597,야~호~
1780575779605,야호~
1780575779658,ㅋㅋㅋㅋㅋㅋㅋ
1780575779753,야호~~
1780575779836,오이데 오이데 ~~~~~~~~~~~~
1780575779914,{:d_59:}{:d_59:}{:d_59:}{:d_59:}
1780575780117,{:d_126:}{:d_126:}{:d_126:}
1780575780232,야호~~
1780575780245,야호~
1780575780331,시부야 시부야~
1780575780390,ㅋㅋㅋㅋ치트키네
1780575780436,혼또~
1780575780465,야호~
1780575780568,ㅋㅋㅋㅋㅋㅋㅋㅋㅋㅋㅋ
1780575780570,뒤에 아주머니 ㅋㅋㅋㅋㅋ
1780575780657,거제 야호~
1780575780682,시부야호~
1780575780916,뒤에 할머니 가시는데
1780575780962,진짱이상한사람ㅋㅋㅋㅋ
1780575780982,ㅋㅋㅋㅋㅋㅋㅋㅋㅋ
1780575781190,뒤에 아주머니 ㅋㅋ
1780575781260,아줌마 씹 ㅋㅋㅋㅋㅋㅋㅋㅋㅋㅋㅋ
1780575781336,개귀엽넼ㅋㅋㅋㅋㅋㅋㅋㅋㅋㅋㅋㅋㅋ
1780575781478,저 콧소리가 사기임 ㅋㅋㅋㅋ
1780575781479,억양 진짜 ㅋㅋㅋㅋㅋㅋㅋㅋ
1780575781492,야호~
1780575781574,ㅋㅋㅋㅋㅋㅋㅋㅋㅋㅋㅋㅋ
1780575781593,야호~
1780575781595,야호~
1780575781806,zzzz
1780575782067,코맹맹이 소리 진짜 ㅋㅋ
1780575782118,뒤에 아주머니 ㅋㅋ
1780575782288,야호~
1780575782376,이야호
1780575782517,혼자 그림체가 달라요
1780575782586,아니 대각선은 인정임 ㄹㅇ
1780575782721,어우 힘빠져
1780575782904,뒤에 아주머니 무슨생각할까
1780575783228,ㅋㅋㅋㅋㅋㅋㅋㅋ부조화 오지네ㅋㅋ
1780575783367,야홍~
1780575783368,야호
1780575783432,아주머니 ㅋㅋ
1780575783660,ㅋㅋㅋㅋㅋㅋㅋㅋ
1780575783758,얏홍
1780575783798,조또 시부야 ㅋㅋㅋㅋㅋ
1780575783843,ㅋㅋㅋㅋ
1780575783906,미나미 진짜 잘해
1780575784051,어머님 ㅋㅋㅋ
1780575784059,아주머니 ㅋㅋㅋㅋ
1780575784070,아무때나 야호 를 ㅋㅋㅋ
1780575784210,야~호~~
1780575784255,ㅋㅋㅋㅋㅋㅋㅋㅋㅋㅋㅋㅋㅋㅋㅋㅋㅋ
1780575784459,야호~
1780575784512,옷이좀..
1780575784592,야호~
1780575784675,뒤에 어머님
1780575785357,ㅋㅋㅋㅋㅋㅋㅋㅋㅋㅋㅋㅋ
1780575785973,어우 표독함이 없네
1780575786076,이쁘네
1780575786354,야홍
1780575786430,뒤에 그냥 걸어가시는 아주머니가 시강임 ㅋㅋㅋㅋㅋ
1780575786784,야호~
1780575786824,일본분이심?
1780575786850,어우 보는 내가 부끄럽닼ㅋㅋ
1780575786902,야호~
1780575787010,야호 조흥ㄴ데
1780575787237,ㅋㅋㅋㅋㅋㅋㅋㅋㅋㅋㅋㅋㅋ
1780575787481,아주머니 뒤에 ㅋㅋㅋ
1780575787606,거제야호
1780575787896,느낌이 좋다
1780575787996,츄리닝 픽
1780575788175,야호~
1780575788245,ㄹㅇ
1780575788297,야호가 ㅈㄴ 사기다
1780575788721,야호~
1780575788932,거부야
1780575789030,야호~~
1780575789115,야호 중독성 ㅈ되네
1780575789130,ㄹㅇ
1780575789543,콧소리 보소 ㅋㅋ
1780575789547,ㄹㅇ
1780575789601,ㅋㅋㅋㅋㅋㅋㅋㅋㅋㅋㅋㅋㅋㅋ
1780575789646,?
1780575789705,ㄹㅇ ㅋㅋ
1780575789798,ㅋㅋㅋㅋㅋㅋㅋㅋㅋㅋㅋㅋㅋㅋㅋㅋㅋㅋㅋ
1780575789826,냐호~
1780575790036,ㅇㅇ
1780575790290,??
1780575790404,핸드폰바꾸는날 ㅋㅋㅋㅋㅋㅋ
1780575790454,핸드폰바꾸는 날
1780575790519,?
1780575790523,시부야 시부야~
1780575790529,뒤에 아주머니는 무슨생각하고 계실까
1780575790574,ㅋㅋㅋㅋㅋㅋㅋㅋㅋㅋㅋ
1780575790613,?
1780575790932,ㅈㄴ잘하네 ㅋㅋㅋㅋ
1780575791019,스크램블에그
1780575791253,ㄹㅇㅋㅋ
1780575791262,ㅋㅋㅋㅋㅋ
1780575791283,ㅋㅋㅋㅋㅋㅋㅋㅋㅋㅋ
1780575791295,시부야
1780575791304,미니스크램블
1780575791323,에그
1780575791334,갸루귀신들림
1780575791361,ㅋㅋㅋㅋㅋㅋㅋㅋㅋㅋㅋㅋㅋㅋㅋㅋㅋㅋㅋㅋㅋ
1780575791383,ㄹㅇ
1780575791561,거제 시부야 ㅋㅋㅋ
1780575791626,ㅋㅋㅋㅋㅋㅋㅋㅋㅋ
1780575791662,ㅇㅇㅇ
1780575791780,에그는 뭐야
1780575791792,?
1780575791929,진짜 그림체가 다르다
1780575791943,에그요?
1780575792079,에그?
1780575792117,ㄹㅇㅋㅋㅋ
1780575792138,에그?
1780575792371,에그?
1780575792423,에그는 머여
1780575792444,에그?
1780575792502,에그 ㅋㅋㅋ
1780575792518,에그?
1780575792576,에그요?
1780575792591,스크램블에그요?
1780575792596,ㅋㅋㅋㅋㅋㅋ
1780575792709,?
1780575792714,스크램블에그?
1780575792746,???
1780575792757,스크램블에그 ㅇㅈㄹ
1780575792817,축솜판
1780575792825,스크램블에그는
1780575792838,?
1780575793009,ㄹㅇㅋㅋ
1780575793036,ㅋㅋㅋㅋㅋㅋㅋㅋ
1780575793071,난다고?
1780575793335,에그는 뭐야
1780575793470,시부야 스크램블 에그
1780575793515,거부야 ㅓ부야
1780575793598,스크램블이요?
1780575793668,에그?
1780575793710,캬
1780575793715,스크램블 에그는 ㅋㅋㅋ
1780575793728,스크렘블애그 ㅋㅋㅋㅋㅋㅋㅋㅋㅋ
1780575793753,에그는
1780575793762,사람 ㅈㄴ많아
1780575793867,스크램블에그
1780575793871,핸드폰바꾸는날.
1780575793905,에그는 뭔데
1780575793910,스크램블에그 ㅇㅈㄹ ㅋㅋㅋㅋ
1780575793946,ㄹㅇ
1780575793964,?
1780575793972,거제부야
1780575793988,ㅋㅋㅋㅋㅋㅋㅋㅋㅋㅋㅋㅋㅋㅋㅋㅋㅋㅋㅋㅋㅋㅋㅋㅋㅋㅋㅋㅋㅋㅋㅋㅋㅋㅋㅋㅋㅋㅋㅋㅋㅋㅋㅋㅋㅋㅋㅋㅋㅋㅋㅋㅋㅋㅋㅋㅋㅋㅋㅋㅋ
1780575793990,추리닝픽 좋음
1780575793999,ㅋㅋㅋㅋㅋㅋㅋㅋㅋㅋㅋㅋㅋㅋㅋㅋㅋㅋㅋㅋㅋ
1780575794092,에그 ㅋㅋ
1780575794108,거제 스크램블 ㄷㄷ
1780575794151,에그요? ㅋㅋㅋ
1780575794182,축소판 ㅋㅋㅋㅋㅋ
1780575794219,뭐요?
1780575794227,세븐일레븐이라 더 일본 느낌임 ㅋㅋ
1780575794319,에그는....
1780575794344,에그 ?
1780575794348,시부야
1780575794356,많지
1780575794405,스크램블에그는 ㅋㅋ
1780575794552,?
1780575794553,에그?
1780575794677,느낌 뒤지네
1780575794693,스크램블 에그는 조식이구요
1780575794747,에그?
1780575794793,스크램블에그?
1780575794909,쥰내긴거 ㅋㅋㅋ
1780575794943,스크램블 에그
1780575795066,에그는 왜붙냐
1780575795107,에그는 ㅋㅋㅋㅋㅋㅋㅋㅋㅋ
1780575795165,사람 개많아
1780575795260,스크렘블에그?
1780575795302,핸드폰바꾸는날
1780575795313,스크램블에그?
1780575795341,스크램블 에그 ㅇㅈㄹ ㅋㅋㅋㅋ
1780575795362,스크램블 에그는 인정이지
1780575795430,스크램블 에그는 ㅋㅋㅋㅋㅋㅋㅋㅋㅋㅋ
1780575795503,에그 ㅇㅈㄹ ㅋㅋㅋㅋㅋ
1780575795536,ㅋㅋㅋㅋㅋㅋㅋㅋㅋㅋ
1780575795540,간판 레전드네
1780575795558,뭔 ㅋㅋ
1780575795565,스크램블애그ㅋㅋㅋㅋ
1780575795754,?
1780575795755,에그? ㅋㅋㅋㅋㅋㅋㅋㅋㅋ
1780575795983,에그?
1780575796004,에그 ㅇㅈㄹ
1780575796016,스크램블 에그는 먼데
1780575796097,뭐 주방갔따왔냐 에그는 머냐
1780575796124,향 첨가
1780575796128,에그 ㅇㅈㄹ
1780575796282,스크램블 에그요?
1780575796333,구수하다
1780575796540,에그?
1780575796729,에그라뇨
1780575796950,스크램블에그는 조식으로 먹어
1780575797021,에그는 머ㅗ야
1780575797059,오른쪽이 왼쪽 색갈 다 뺐었나
1780575797341,스크램블 에그요? ㅋㅋㅋㅋㅋㅋㅋㅋ
1780575797348,에그?ㅋㅋㅋㅋㅋㅋㅋㅋㅋㅋ
1780575797368,에그는뭐요
1780575797487,스크램블 에그는 먹는거고
1780575797519,에그는 왜 붙임?
1780575797572,핸드폰 바꾸는날
1780575797597,그건 먹는거고
1780575797719,에그?
1780575797764,?
1780575797786,핸드폰바꾸는날 ㅋㅋㅋㅋㅋ
1780575797909,스크렘블 에그는 음식이자나
1780575797917,시부야 스크램블...
1780575797984,맛있지
1780575798044,에그 ㅇㅈㄹ
1780575798045,아침드세요?
1780575798076,에그는뭐야
1780575798258,거제 사변
1780575798341,스크램블 에그 ㅇㅈㄹㅋㅋㅋㅋㅋㅋㅋㅋㅋ
1780575798355,에그는 ㅋㅋ
1780575798431,이용원씨
1780575798509,스크램블에그는 맛있지
1780575798591,핸드폰바꾸는날 ㅋㅋㅋ
1780575798613,사람 개많은곳
1780575798651,에그요?
1780575798662,ㅋㅋㅋㅋㅋㅋㅋㅋㅋ
1780575798738,에그는 뭐임 ㅋㅋ
1780575798761,에그아니야
1780575798777,그 느낌이 왜와 ㅋㅋㅋ
1780575798844,ㅋㅋㅋㅋㅋㅋㅋㅋㅋㅋㅋ
1780575798883,에그 스크램블 ㅋㅋ
1780575798937,스크램블 에그 ㅋㅋㅋ
1780575799039,스크렘블에그는 ㅋㅋㅋ
1780575799057,스크램블?
1780575799140,스크램블에그 ㄷㄷ
1780575799331,에그는 없어요
1780575799381,에그는 왜 붙ㅇ는거야 ㅋㅋ
1780575799426,스크램블에그요?
1780575799955,에그는 왜붙여ㅋㅋㅋㅋㅋㅋㅋ
1780575800115,스크램블에그
1780575800138,거제시부야
1780575800149,여긴 좀 짧다
1780575800201,시부야스크램블에그
1780575800234,에그 십 ㅋㅋ
1780575800356,스크램블에긐ㅋㅋㅋㅋ
1780575800412,스크렘블에그는 먹는거구요
1780575800521,스크램블에그요?
1780575800554,스크램블 에그는 ㅇㅈ이지
1780575800728,스크램블 에그 ㅇㅈㄹ ㅋㅋ
1780575800728,시부야 진짜 정신사나워
1780575800764,핸드폰바꾸는날
1780575800973,스크램블에그
1780575801130,스크램블 에그 ㅋㅋㅋㅋㅋㅋㅋ
1780575801347,스크램블 ㅋㅋㅋㅋㅋㅋㅋㅋ
1780575801482,이용원 ㅋㅋㅋ
1780575801520,스크램블에그 맛있지
1780575801877,스크램블 에그는 ㅅㅂ
1780575802203,먹는거야?
1780575802215,스크램블 에긐ㅋㅋㅋㅋ
1780575802239,ㅋㅋㅋㅋㅋㅋㅋㅋㅋ
1780575802319,조식임?
1780575802357,스크램블 에그요?
1780575802418,늙크크 늙크크 늙크크 늙크크 늙크크 늙크크 늙크크 늙크크
1780575802432,스크램블에그는 ㅋㅋㅋㅋㅋㅋ
1780575802726,스크램블 에그는 ㅋㅋㅋㅋㅋㅋㅋㅋㅋㅋ
1780575802851,시부야 크로싱
1780575802860,스크램블에그는 맛있긴해
1780575802942,느낌이 난다고?
1780575803262,스크램블 에그 ㅋㅋㅋㅋㅋㅋㅋㅋㅋㅋㅋㅋㅋㅋㅋㅋㅋㅋㅋㅋㅋ
1780575803597,k시부야
1780575803710,캬
1780575803833,에그는 ㅇㅈ
1780575804061,핸드폰 바꾸는날 ㅎㄷㄷ
1780575804072,캬
1780575804106,에그스크램블이요?
1780575804345,스크램블에그는 걍 먹고 싶은 거 말한 거 같은데
1780575804621,지 멋대로 부르네 진짜
1780575804804,미나미 개이쁘네
1780575804807,늙크크 늙크크 늙크크 늙크크 늙크크
1780575804831,아
1780575804835,스크램블에그 ㄷㄷ
1780575804856,스크램블 에그 ㅇㅈㄹㅋㅋㅋㅋ
1780575805394,스크램블 에그는 씁박
1780575805669,유명하지
1780575805777,스크램블에그 ㅋㅋㅋ
1780575806007,스크램블에그
1780575806518,진짜 아저씨네
1780575807427,계란은 맛있으니까
1780575807825,늙크크
1780575807862,늙크크
1780575808452,저렇게 안작을탠데
1780575808670,파라파라나 춰야겟다
1780575809008,온다
1780575809057,스크램블에그는 앀ㅋㅋㅋㅋㅋㅋㅋㅋㅋㅋ
1780575809117,k 시부야
1780575809302,캬 왓다
1780575809368,ㅇㅇ
1780575809763,자랑이더라
1780575809873,올크크
1780575810504,거랑
1780575810507,자랑이지
1780575810923,와
1780575811009,와 저걸
1780575811425,맨손 ㄷㄷㄷㄷ
1780575811597,지렇이?
1780575811676,이야
1780575811732,홍보 제대로지
1780575811773,캬
1780575811780,으악
1780575811891,어우
1780575812042,ㄹㅇ자랑됨 이제
1780575812231,와
1780575812306,으악
1780575812329,거제영애
1780575812446,난 파라파라나 춰야겟다
1780575812528,으악
1780575812562,캬
1780575812684,이야
1780575812724,상여자지
1780575812732,덕연이 딸인데요
1780575812828,이거 레전드
1780575812835,물고기 오이데~
1780575813063,홍대보사도 하던데
1780575813077,여기가 레전드
1780575813196,으악
1780575813340,낚시 ㅈㄴ 잘할듯
1780575813345,dmdkr
1780575813383,캬
1780575813437,거제경제 활성화
1780575813463,상여자
1780575814003,어?
1780575814005,저걸 맨손으로해?
1780575814339,털털하이
1780575814555,{:d_116:}{:d_116:}{:d_116:}{:d_116:}
1780575814726,맨손은 쉽지않은데
1780575814785,와
1780575814825,으악
1780575814836,와
1780575814853,캬
1780575814938,끼야아아악
1780575814939,거제 홍보대사 됬자나
1780575814961,홍보대사자나
1780575815049,오이데오이데
1780575815199,ㄷㄷ
1780575815460,레츠고 파라파라
1780575815570,상여자네 이야
1780575815573,상여자다
1780575815648,<<< 못함
1780575816051,저게 ㄹㅇ
1780575816060,프리파라
1780575816364,레전드 떴냐 ㅋㅋㅋ
1780575816456,진짜 개쳐아저씨네 룩삼
1780575816526,?
1780575816878,갸루청년 ㅋㅋ
1780575818048,늙크크
1780575818123,상여자
1780575818135,거제 연예인 강함순위 3위이
1780575818543,오이데
1780575818867,덕연이딸
1780575818910,거으제 푸우른 무울결
1780575818971,파라파라나 춰야겠다
1780575819004,쩐다잉
1780575819489,현수막도 걸었던데
1780575819527,이걸 맨손으로? ㄷㄷ
1780575819622,얘네 베텐 나온거도 재밌는데
1780575819627,귀신퇴치
1780575819828,ㅋㅋㅋㅋㅋㅋㅋ
1780575820039,바다 근처에 살면 줄낚시는 걍 하게 되는 듯 ㅋㅋ
1780575820326,갯지렁이끼는 아이돌 ㅋㅋ
1780575820390,테토
1780575820403,아이돌이 저걸
1780575820516,와 지렁이를 잡아?
1780575820635,파라파라나 춰야겠다~
1780575820979,ㅇㅈㅋㅋ
1780575821035,ㅋㅋㅋㅋㅋ
1780575821129,오이데~
1780575821159,사투리 ㅋㅋㅋ
1780575821259,거제 시장보다 거제 홍보 더 잘함
1780575821418,냄새나는데 저거
1780575821869,현지인 인증 ㅋㅋ
1780575822592,난 못해요
1780575822613,맨손으로 ㄷㄷ
1780575822685,거제 상여자
1780575822925,파라파라춰잇
1780575823090,캬ㅑㅑ
1780575823285,와
1780575823509,으
1780575823648,ㅋㅋㅋㅋㅋㅋㅋㅋㅋㅋㅋㅋㅋㅋㅋㅋㅋㅋㅋㅋㅋㅋㅋㅋㅋㅋㅋㅋㅋㅋㅋㅋㅋㅋㅋㅋㅋㅋㅋㅋㅋㅋㅋㅋㅋㅋㅋㅋㅋㅋㅋㅋㅋㅋㅋㅋㅋㅋㅋㅋㅋㅋㅋㅋㅋㅋㅋㅋㅋㅋㅋㅋㅋㅋㅋㅋㅋㅋㅋㅋㅋㅋㅋㅋㅋㅋㅋㅋㅋㅋㅋㅋㅋㅋㅋ
1780575823792,역시 거제 홍보대사
1780575823941,으
1780575823999,ㄷㄷ
1780575824289,으악ㅏ
1780575824361,으
1780575824482,ㅋㅋㅋㅋㅋㅋ
1780575824484,저걸 어케 잡아
1780575824607,으악
1780575824615,진짜 파이리같다
1780575824806,오우
1780575824952,으악
1780575825075,으악
1780575825105,으
1780575825289,ㅋㅋㅋㅋㅋㅋㅋㅋㅋㅋㅋㅋㅋㅋㅋ
1780575825750,거제 사투리 ㅋㅋ
1780575826005,아으으
1780575826444,와
1780575826800,으
1780575826877,네?
1780575827086,악
1780575827316,저거 남자도 잘 못함
1780575827397,개잘꼽네 ㄷㄷㄷ
1780575827732,저걸 맨손은
1780575827942,",<<밀웜먹음"
1780575828013,ㅋㅋㅋㅋㅋㅋㅋ
1780575828025,이게 거제 상여자야
1780575828035,파라파라나 춰야겠다
1780575828039,물리면 개아픈데 이거0
1780575828129,아으
1780575828262,쌈이횽 할수잇음?
1780575828648,ㅋㅋㅋㅋㅋㅋㅋㅋㅋㅋ
1780575829320,으
1780575829481,으억
1780575829693,저기로 바늘넣어야하는데
1780575829810,이게 시골소녀..?
1780575829838,잘잡네 징그러운거
1780575830142,ㅋㅋㅋㅋㅋㅋㅋ
1780575830387,ㅋㅋㅋㅋ
1780575830580,저게 왜 징그러워
1780575830807,ㅋㅋㅋㅋㅋㅋㅋㅋㅋㅋㅋㅋㅋ
1780575830890,우웩
1780575830902,어으 도쿄 촌놈
1780575830963,ㅋㅋㅋㅋㅋㅋㅋㅋㅋ
1780575831003,쉽지않은데 저거
1780575831208,저거 남자도 못해
1780575831348,에욱
1780575831414,으 뭔 아이돌이 지렁이를
1780575831570,ㅋㅋㅋㅋ
1780575831595,ㅋㅋㅋㅋㅋ
1780575831699,우웩
1780575831710,우웩
1780575831718,파라파라나 춰야겠다
1780575831796,나는 못해
1780575832124,우엑
1780575832167,상여자네
1780575832267,나도 저러고 자라긴함
1780575832376,우웩
1780575832486,우웩
1780575832836,저게 ㄹㅇ 바이브임
1780575832996,저거 냄새가 지림
1780575833102,ㅋㅋㅋㅋㅋㅋㅋㅋㅋㅋㅋㅋ
1780575833117,맨손으로 ㅋㅋ
1780575833198,현지인도 쉽지 않음
1780575833245,갸루(가짜임)
1780575833307,상여자
1780575833635,상여자임
1780575833796,갸루귀신 우웩
1780575833863,테토
1780575833949,저거 먹는 유튜버도 있는데 뭐....
1780575834136,파라파라 어디감 ?
1780575834335,파라파라
1780575834421,약간 영화 같다ㅋㅋ
1780575834438,갯지렁이 진짜 뒤지게 징그러운데
1780575834556,근데 저거 개크네
1780575834689,무슨 아이돌이ㅋㅋㅋㅋ
1780575834810,저거 나도 못함
1780575834934,ㅈ되는데?
1780575835088,나도 저거 못만지는데 ㅋㅋㅋㅋ
1780575835254,테토냐
1780575835265,쌈이 가능?
1780575835383,ㄹㅇ
1780575835426,저거 냄새 지리는데
1780575835461,진짜 잘하신다
1780575835802,음
1780575835849,ㄹㅇ
1780575835905,파라파라 언제 나와
1780575836021,저거 진짜 남자도 ㅁ ㅗㅅ해
1780575836224,씹상여자네 ㅇㅇ
1780575836378,ㄹㅇ
1780575836442,ㄹㅇ
1780575836506,저건 쉽지 않음 ㅋㅋㅋㅋㅋㅋㅋㅋㅋㅋㅋ
1780575836584,ㄹㅇ
1780575836598,ㄹㅇ
1780575836609,저거 잘못하면 물림
1780575836646,ㄹㅇ
1780575836688,?
1780575836858,시골은 널린게 지렁이여
1780575836888,ㄹㅇ
1780575836890,테토녀
1780575836899,굉장히 털털해
1780575836990,ㄹㅇ
1780575837115,ㄹㅇ
1780575837129,상여자
1780575837146,이효리임
1780575837203,파이리
1780575837325,ㄹㅇ
1780575837380,ㅋㅋㅋ
1780575837467,상여자
1780575837542,갯지렁이네
1780575837572,ㄹㅇㅋㅋ
1780575837573,ㄹㅇ
1780575837705,ㄹㅇ
1780575837848,매력 개터짐 저편
1780575837873,테토녀
1780575837937,테토녀임
1780575838002,ㄹㅇ
1780575838031,ㄹㅇ
1780575838099,상여자야
1780575838182,여기서 매력터짐
1780575838197,겁없는여자
1780575838235,ㄹㅇ
1780575838267,어흐
1780575838420,테토녀 ㄷㄷ
1780575838451,냄새가 심함 저거
1780575838457,ㅇ?
1780575838458,오
1780575838498,<<밀웜먹방 황제
1780575838520,저런 여자 개멋있음
1780575838741,갯지렁이는 문다던데
1780575838831,온다
1780575838944,지잘녀
1780575838965,맨손 ㄷㄷ
1780575838987,ㅋㅋㅋㅋㅋㅋ
1780575838997,뭔가 일본 영화 같음ㅋㅋ
1780575839120,나 못만짐
1780575839179,ㅋㅋㅋㅋㅋㅋㅋㅋㅋㅋㅋㅋ
1780575839207,테토녀
1780575839314,ㄹㅇ
1780575839383,ㅋㅋㅋㅋㅋㅋㅋㅋㅋㅋㅋㅋㅋㅋ
1780575839543,ㄹㅇ
1780575839546,우희도 시키죠
1780575839795,?
1780575839811,파라파라
1780575839812,어
1780575840001,ㄷㅈ
1780575840079,지렁만녀
1780575840152,파라파라나 춰야겟다
1780575840156,파라파라
1780575840244,오이데
1780575840323,그 춤
1780575840382,파라파라
1780575840400,왔다
1780575840511,ㅋㅋㅋㅋㅋㅋㅋㅋㅋㅋㅋㅋ
1780575840570,드디어
1780575840625,파라파라~
1780575840639,호감
1780575840709,룩삼은 면역이빉다
1780575840746,ㅍㄹㅍㄹ
1780575840753,ㅋㅋㅋㅋㅋㅋㅋㅋㅋㅋㅋㅋㅋ
1780575840880,오이데~
1780575840890,파라파라~
1780575840899,오이데~
1780575840952,?
1780575841032,파라파라 ㅋㅋ
1780575841159,오이데 오이데~
1780575841222,전설
1780575841253,오이데~
1780575841319,파라파라 떴다
1780575841381,파라파라
1780575841389,파라파라나 춰야지
1780575841439,ㄷ물고기 부른느 춤ㅋㅋㅋㅋㅋㅋㅋㅋㅋㅋㅋㅋㅋ
1780575841471,파라파라
1780575841476,그냥 지렁이도 아니고 갯지렁이임 ㅋ
1780575841523,오이데~
1780575841539,갯지렁이 ㄷㄷ
1780575841541,저거 쉽지않음
1780575841599,파라파라~
1780575841670,전설의 짤
1780575841737,캬
1780575841757,물고기 오이데~
1780575841787,왓다 파라파라
1780575841812,그거떳다
1780575841820,ㅋㅋㅋㅋㅋㅋㅋㅋㅋㅋㅋㅋㅋㅋㅋㅋㅋㅋㅋㅋㅋㅋㅋㅋㅋㅋㅋㅋㅋㅋㅋㅋㅋㅋㅋㅋㅋㅋㅋㅋㅋㅋㅋㅋㅋㅋㅋㅋㅋㅋㅋㅋㅋㅋㅋㅋ
1780575842041,오이데 오이데~
1780575842128,오이데~
1780575842230,ㅋㅋㅋㅋㅋㅋㅋㅋㅋㅋ
1780575842390,갯지렁이임 ㅋㅋ
1780575842407,오이데오이데~
1780575842469,오이데오이데
1780575842471,ㅋㅋㅋㅋㅋㅋㅋㅋㅋㅋㅋㅋㅋㅋ
1780575842507,남자도 힘들다 저건
1780575842522,으흐흐
1780575842528,ㅋㅋㅋㅋㅋㅋㅋㅋㅋㅋㅋㅋㅋㅋ
1780575842536,ㅋㅋㅋㅋㅋㅋㅋㅋㅋㅋ
1780575842594,ㄹㅇ 나도 못만짐;
1780575842603,우희 잘만짐?
1780575842730,오이데 오이데~
1780575842746,파라파라 ㅋㅋ
1780575842782,파라파라
1780575842907,파라파라나 춰야겠다\
1780575842908,오이데~
1780575842932,쌈이는 저걸 먹어
1780575842941,이게 개웃김 ㅋㅋ
1780575843002,아 ㅡㅡ
1780575843128,아
1780575843159,온다
1780575843168,파라파라나 춰야겟다
1780575843215,왔다
1780575843258,ㅍㄿㄹ
1780575843321,<<< 벌레 잘먹는 남자
1780575843341,오이데 오이데
1780575843348,파라파라나 추자
1780575843373,오이데~ 오이데~
1780575843395,파라파라나
1780575843430,파라파라나 춰야겟다~
1780575843512,ㅋㅋㅋㅋㅋㅋㅋㅋㅋ
1780575843575,아
1780575843616,파라파라 ㅋㅋ
1780575843634,오이데 오이데
1780575843804,테토녀
1780575843813,왓다
1780575843960,ㄹㅇ
1780575844160,ㅇㅇ
1780575844623,ㅇㅇ
1780575844625,파라파라나 춰야지
1780575844670,못해 난
1780575844701,ㅇㅇ
1780575844723,파라파라나 춰야겠다
1780575844759,오이데~
1780575844805,물고기 물고기~
1780575844821,ㅇㅇ
1780575844833,ㅍㄿㄹ
1780575844838,파라파라 떴다
1780575844874,ㄹㅇ
1780575844921,파라파라
1780575844967,ㅇㅇ
1780575845021,ㅇㅇ
1780575845035,오이데~~~~~
1780575845079,ㅇㅇ
1780575845101,ㄹㅇ
1780575845112,ㅇㅇ
1780575845133,ㅇㅇ
1780575845150,ㄹㅇ
1780575845572,싫어하지
1780575845603,그냥 싫음
1780575845630,ㄹㅇ
1780575845707,ㄹㅇ
1780575845742,ㅇㅇ
1780575845762,ㅇㅇ
1780575845777,ㅇㅇ
1780575845851,못만지
1780575845877,그치
1780575845888,ㅋㅋ
1780575845917,ㅇㅇㅇ
1780575845937,오이데
1780575845939,ㅇㅇ
1780575845953,파라파라나 춰야지
1780575845954,나도 싫어
1780575845954,냄새나
1780575845959,싫어용
1780575846036,ㅇㅇ
1780575846056,ㅇㅇ
1780575846076,ㅇㅇ
1780575846647,안만지지ㅏ
1780575846647,난 못해
1780575846665,왜 못만져
1780575846672,ㅇㅇ
1780575846770,fd
1780575846787,싫어하지
1780575846811,쉽지않음
1780575846817,ㅔ
1780575846866,싫어
1780575846877,ㅇㅇ
1780575846889,나도 싫어
1780575846919,나도싫어
1780575846925,개싫지ㅋㅋㅋ
1780575846934,ㄹㅇ
1780575846946,파라파라 춰라 쌈아
1780575846947,ㅇㅇㅇ
1780575847001,ㅇㅇ
1780575847022,그치
1780575847034,ㅇㅇ
1780575847053,징그러
1780575847553,맛떼루영
1780575847631,ㅇㅇ
1780575847632,무리
1780575847654,ㅇㅇ
1780575847671,갯지렁이는 더 극혀임
1780575847679,ㅇㅇ
1780575847683,나도 싫..
1780575847700,그치
1780575847700,ㅇㅇ
1780575847715,나도 싫어
1780575847755,장갑은끼자
1780575847827,극혐
1780575847839,오이데~
1780575847850,ㅇㅇ
1780575847868,낚시 하면 만지지
1780575847879,파라파라 떳다 ~~~~~
1780575847971,절대안만짐
1780575848029,못잡음
1780575848032,나도 못해
1780575848044,나 못만짐 ㅠㅠㅠㅠㅠㅠㅠㅠ
1780575848079,싫음 ㅇㅇ
1780575848601,난 싫어
1780575848627,쉽지않음
1780575848705,글킨하지
1780575848750,만질일이 없을듯
1780575848768,ㅈㄴ 싫어
1780575848771,오이데~오이데~
1780575848803,으
1780575848822,싫은데
1780575848878,ㅇㅇ
1780575848880,갯지렁이는 진짜 어려움
1780575848908,손에 냄새배김 저거
1780575848917,난 못해
1780575848947,ㄹㅇ
1780575848964,글킨해
1780575848968,나도 못만져
1780575849035,나는 파라파라나 춰야겠다
1780575849039,일단 난 싫다
1780575849057,ㅇㅇㅇ
1780575849066,난못함
1780575849075,요즘 핫한 분들
1780575849533,못만져
1780575849565,안만져봣으면 어렵지
1780575849618,맨손만 아니면 그냥 만지지
1780575849620,어이데
1780575849636,ㅇㅇ 나 못만져
1780575849656,나도 싫어
1780575849725,이빨 있음
1780575849763,왜만져
1780575849786,맨손 쉽지않음
1780575849829,내 지렁이 빼곤
1780575849883,니도 방금 윽했잖아
1780575849883,절대안맍짐
1780575849909,난 파라파라나 추고있어야ㅑ겠다
1780575849921,파라파라나 춰야겠다
1780575849937,시러용
1780575849939,만지기 좋아하는 사람은 없죠
1780575849970,지렁이 자체를 왜 만짐
1780575850004,못해;;
1780575850014,ㅈㄴ 싫음
1780575850016,난 못함
1780575850090,ㅇㅇ
1780575850210,쉽지 않음
1780575850234,요즘은 잘 못 만지더라
1780575850279,나도 만져본적 없음
1780575850309,ㅇㅇ
1780575850392,에겐남임?
1780575850399,난 못해 ㅋㅋ
1780575850478,만져본적도없음
1780575850487,오
1780575850650,낚시 안하면
1780575850653,바로 고나우됨
1780575850656,안좋아하지
1780575850700,쉽지않음
1780575850745,낚시 안하면
1780575850902,나 바닷가에서 태어났는데 손으로 못만짐
1780575850908,냄새 개지림
1780575850927,난 싫어..
1780575850946,저걸 누가만져 ㅋㅋ
1780575850965,개싫어
1780575850981,걍 보통 다 싫어함
1780575851066,일단 난 못만짐
1780575851097,으이
1780575851182,난 못해 ㅅㅂ
1780575851209,볼일이 없음 낚시 안하면
1780575851295,거제는 일상이래 저게
1780575851303,난 불가능
1780575851346,대부분 싫지
1780575851488,심지어 갯지렁이
1780575851577,곱게자랐으면
1780575851588,낚시 어려움
1780575851637,나도 못해
1780575851711,낚시하는사람들은 걍 잡지 ㅋㅋ
1780575851744,갯지렁이 좀 어렵긴하죠
1780575851908,남자도 쉽지 않아
1780575851948,만질수야 있는데 싫음
1780575851979,못만져 나
1780575851996,왜?
1780575852000,저거 물어
1780575852011,저거 실제로 보면 진짜 개징그러움
1780575852050,냄사나고 물어
1780575852099,만지고 싶은 사람은 괴인임
1780575852547,저거는 그냥 지렁이도 아님 갯지렁이임
1780575852565,오이데 오이데
1780575852582,저거 미끼 그거때문에 안쓰는사람도 있음
1780575852588,낚시하는거 아닌이상
1780575852666,오이데 오이데~
1780575852676,나도 싫ㅇ
1780575852703,나도 싫어
1780575852727,장갑끼고 만져야져
1780575852775,촉감 싫지
1780575852795,냄새 ㅈ 대서 맨손으로 안만짐
1780575852816,더러운건아닌데 뭐
1780575852817,ㅍㄹㅍㄹ
1780575852834,별거 없음
1780575852848,오이데~
1780575852886,ㅈㄴ싫어
1780575852890,난 못만짐
1780575852948,징그러워
1780575852951,갯지렁이는 진짜 힘듬
1780575852972,살면서 한번도 안만져봄 ㅇㅇ
1780575853069,쉽지않아
1780575853441,맨손은 빡세지
1780575853468,낚시안하면안만지지
1780575853556,애초에 갯지렁이로 안나와
1780575853565,괜찮으넫
1780575853588,ㄹㅇ
1780575853624,이걸못한다고?
1780575853657,나 못해
1780575853664,파라파라나 춰야겠다~
1780575853667,하남자들이 그래서 루어나 던지지
1780575853742,낚시하는 사람들은 뭐
1780575853763,낚시꾼 아니면 잘
1780575853783,물고기 물고기 오이데 보여줘
1780575853808,좋진않지
1780575853816,어케 만져 ㄷㄷ
1780575853819,"장갑안끼면 ,,,"
1780575853860,나도 못만져
1780575853878,누가 좋아해
1780575853891,지렁이도 싫은데
1780575854032,파라파라 떳다ㅏㅏㅏ
1780575854033,오이데 오이데 마떼루요~
1780575854085,낚시 안하면 만질일이 없지
1780575854287,저거 다리 개많음
1780575854302,온다..
1780575854421,난 못 만짐
1780575854432,낚시안하면 못만지는 사람 많을듯
1780575854533,지렁이는 ㄱㅊ
1780575854577,맨손으로는 좀
1780575854639,닊시 하는 사람만 만지지 뭐
1780575854700,저거 낚시꾼들도 장갑끼고 만지는 사람이 대부분인데
1780575854739,저걸 뭐하러 만져
1780575854744,오이데~~~~~
1780575854890,난 못해
1780575854931,파라파라나 춰야겠다 ~~~~
1780575855040,파라파라나 춰야겠다~
1780575855061,저거 못만지면 게이임
1780575855068,테토녀
1780575855070,님은 먹잖아요
1780575855225,ㅇㅇ
1780575855253,오이데 오이데~
1780575855272,안 만져봤으면
1780575855505,거제 27년 살면서 갯지렁이 만진적이 없는데..
1780575855717,낚시 안하면 거의 잘 안만짐 ㅋㅋㅋㅋ
1780575855871,저건 경상도인도 싫소.
1780575855887,냄세나
1780575855955,징그럽지
1780575855987,저거 그냥도아니고 갯지렁이라 아파
1780575856064,맛떼루용
1780575856127,난 해달라고함
1780575856140,낚시안하면
1780575856253,저거 갯지렁이라 다리도있음
1780575856291,해본 적이 없으니까
1780575856309,저거 갯지렁이라서 다리많아서 더싫어함
1780575856454,목장갑 껴야됨
1780575856719,갯지렁이는 물어.. ㅈ같음
1780575856735,동결건조씀
1780575856757,그냥 지렁이는 귀여워
1780575856791,난 ㄱㅊ
1780575856873,갯지렁이는 좀 쉽지 않음 ㅋㅋㅋ
1780575856930,갯지렁이는 더 징그러움
1780575856943,절대 안만짐
1780575856965,갯지렁이는 쉽지않음
1780575856967,낚시안하면 다 싫지
1780575856976,이걸못한다고??
1780575856992,갯지렁이 못만지기 장갑 꺼야돼
1780575857066,지렁이밞앗음
1780575857097,개징그러움
1780575857150,파리도 싫을정돈ㄷ
1780575857216,시골에서 자란 애들이 별로 없어서
1780575857228,흙도 안만짐
1780575857619,{:d_122:}
1780575857716,갯지렁이는 진짜 쉽지 않음
1780575857723,ㅇㅇㅇㅇ
1780575857743,물고기 오에데~~
1780575857750,내지렁이는 만져봤어
1780575857800,나도 낚시 할때 말고는
1780575857814,서울깍쟁이라
1780575857854,진짜 쉽지 않음
1780575857985,새우씀
1780575858093,오이데 오이데
1780575858144,갯지렁이라 더 무서움 ㅋㅋ
1780575858441,맨손 <<< 불가능
1780575858450,그냥 안좋아하지
1780575858643,마뗴이루~
1780575858689,오이데오이데~~~~~~~~~~~~~~
1780575858816,난 찔릴까봐 못할듯
1780575858840,ㅋㅋㅋㅋㅋㅋㅋㅋ
1780575858850,난 못해 ㅅㅂ..
1780575858938,ㅋㅋㅋㅋㅋㅋㅋㅋㅋㅋㅋㅋㅋ
1780575858966,난 못함
1780575859163,난 파라파라나 춰야겠다 ~~~~
1780575859182,낚시 안하면
1780575859259,오이데 오이데~
1780575859430,개극혐인데
1780575859470,낚시 하는 사람도 안만짐 맨손으로 잘
1780575859536,낚시 안 하면 ㅋㅋ
1780575859576,낚시 하려면 해야지
1780575860000,ㅋㅋㅋㅋㅋㅋㅋㅋㅋㅋ
1780575860116,온다
1780575860116,저거 물기도해서 ㅋㅋ
1780575860137,못만지는사람 많음
1780575860152,누가 좋아해 ㅋㅋ
1780575860199,ㅋㅋㅋㅋㅋㅋㅋㅋㅋㅋㅋㅋㅋㅋㅋ
1780575860364,ㅍㄹㅍㄹ나 춰
1780575860507,낚시 치트키잖아 ㅋㅋ
1780575860644,ㅋㅋㅋㅋㅋㅋㅋ
1780575860689,갯지렁이는 빡세
1780575860764,못봤으면 그렇지
1780575860780,그쵸
1780575860822,낚시하는친구도 장갑끼고만짐
1780575860877,오이데~
1780575860915,남자라고 더 잘하지 않음 저런 건
1780575860929,왜 못만져
1780575860929,낚시꾼아니면 왜만짐
1780575860959,장갑 안끼;면 못만짐;;
1780575861241,누가 좋아해
1780575861242,개싫음
1780575861258,걍 새우써
1780575861280,ㅈㄴ 싫어 ㅋㅋㅋ
1780575861310,물어 저거
1780575861389,마때루용~
1780575861509,갯지렁이라 더...
1780575861688,그쵸?;;
1780575862287,낚시할거 아니면 누가만져 ㅋㅋ
1780575862287,장갑 끼면 걍 만져도 맨손은 좀
1780575862336,용과같이 왔다
1780575862393,에겐남들 왤케많음?
1780575862467,파라파라 ㅋㅋㅋㅋ
1780575862521,어캐해
1780575862543,온다온다
1780575862604,파라파라나 춰야지~
1780575862758,누가좋음ㅋㅋ
1780575862945,맛데루아ㅛ~
1780575862983,오이데~~~
1780575863014,오이?
1780575863019,마떼루용
1780575863039,하면 하는거지 걍
1780575863096,낚시할거 아니면 ㅋㅋ
1780575863217,애초에 만질 일이 없음 ㅋㅋ
1780575863222,지렁이를 누ㅜ가
1780575863269,오이데~
1780575863507,만지려면 만지지
1780575863709,갯지렁이는 비쥬얼이 거의 지네야
1780575863776,파라파라~
1780575863883,넌 만질수있겠냐
1780575864101,낚시 하는 사람도 맨손으로 안 함
1780575864116,끓여먹으면 맛있는데
1780575864183,ㄹㅇ
1780575864184,저거 물기도함
1780575864398,낚시를 안하니까
1780575864512,물고기 물고기 오이데~
1780575864587,그걸 왜 만져요
1780575864812,오이데~
1780575865022,목숨 걸린 거 아니면 안하고 싶다 ㅋ
1780575865344,바다사람 아니면 싫어하지
1780575865538,저걸 꼽아야 낚시를하는데 무서워서
1780575865926,저거 못 만져?
1780575865934,ㅋㅋㅋㅋㅋㅋㅋㅋㅋㅋ
1780575866052,ㄹㅇ이가
1780575866563,마떼루용~
1780575866724,맞아 물어
1780575866930,만질일이 별로 없긴하지
1780575866948,물고기 물고기 오이데~
1780575867054,아 몰라몰라 파라파라나 춰야겠따 오이데 오이데 ~
1780575867061,파라파라나 춰야지
1780575867280,앙
1780575867289,좋아서 만지냐
1780575867321,지렁이는 귀여운데 갯지렁이는 좀
1780575867322,청개비는 첨보면 깝놀함 ㅋㅋㅋㅋ
1780575867443,파라파라나 춰야겠다
1780575867526,에겐남 ㅈㄴ많네
1780575867691,맛떼루용~
1780575868154,문다고?ㄹㅇ이가
1780575868511,ㄹㅇ
1780575868618,걍 하면하는거지ㅋ
1780575869391,파라파라나 춰야겠다
1780575869616,난 지렁이 싫어하니까 파라파라나 춰야겠다~
1780575870509,캬
1780575870515,캬
1780575870610,오이데
1780575870627,캬
1780575870654,ㅋㅋㅋㅋㅋㅋㅋㅋㅋㅋㅋㅋㅋ
1780575870772,지렁이랑 갯지렁이랑 다름
1780575870887,ㄹㅈㄷ
1780575870890,그걸 어찌 아시오
1780575870936,오이데
1780575871016,{:d_43:}
1780575871286,ㅋㅋㅋㅋ
1780575871492,파라파라나 춰야지~
1780575871533,파라파라나 춰야곘다
1780575871902,미나미 진짜 ㅋㅋ
1780575872145,ㅋㅋㅋㅋㅋㅋㅋㅋㅋㅋㅋㅋㅋ
1780575872296,파라파라
1780575872420,아 이거 이렇게 짜르면 안되는데
1780575872587,캬
1780575872709,오이데~
1780575872814,?
1780575873148,오이데~~~
1780575873152,캬
1780575873237,오이데~
1780575873290,물고기 물고기 오이데~~
1780575873382,캬
1780575873480,ㅋㅋㅋㅋㅋㅋㅋㅋㅋㅋㅋㅋ
1780575873710,ㅋㅋㅋㅋㅋㅋㅋㅋㅋㅋㅋㅋㅋㅋㅋㅋ
1780575873748,오이데~
1780575874038,좀보 진효네
1780575874063,오이데~~
1780575874083,난 파라파라나 춰야겟다
1780575874153,오이데오이데
1780575874158,??
1780575874288,오이데~
1780575874385,캬
1780575874500,파라파라나 춰야겠다
1780575874631,오이데~
1780575874858,오이데~ 오이데
1780575875020,오이데
1780575875067,무반주로ㅋㅋ
1780575875248,오이데오이데
1780575875347,?
1780575875348,오이데
1780575875351,파라파라나 춰야지~
1780575875532,파라파라
1780575875547,오이데 오이데 ~
1780575875598,오이데~ 오이데~
1780575875624,?
1780575875629,오이데~
1780575875677,물고기 물고기 오이데
1780575875977,ㅋㅋㅋㅋㅋㅋㅋ
1780575876211,무반주임
1780575876378,오이대~
1780575876681,오이데 오이데~ 마떼루요~
1780575876774,오이데~
1780575876787,무반주
1780575876801,오이데~
1780575876908,진짜 갸루같네
1780575876963,오이데~
1780575877019,마떼루요~
1780575877070,{:d_42:}
1780575877233,파라파라나 춰야겠다
1780575877402,?
1780575877426,오이데
1780575877564,오이데~
1780575877565,파라파라나 추고 있어야겠다
1780575877660,오이데~
1780575877732,ㅋㅋㅋㅋㅋㅋㅋㅋㅋㅋㅋㅋㅋ
1780575877789,룩삼 방송하는 동안 파라파라나 춰야겠다
1780575877802,ㅋㅋㅋㅋ
1780575877813,오이데오이데~
1780575877819,맛떼루요
1780575877854,오이데ㅔㅔㅔㅔㅔㅔ
1780575878090,물고기 응원이야 ㅋㅋㅋㅋㅋㅋㅋㅋㅋㅋ
1780575878199,오이데~~
1780575878202,그냥 행보 하나하나 레전드임 ㅋㅋㅋㅋㅋㅋㅋㅋㅋㅋㅋㅋㅋㅋㅋㅋ
1780575878304,ㅋㅋㅋㅋㅋㅋㅋㅋㅋㅋㅋㅋ
1780575878356,오이떼~
1780575878370,오이데~
1780575878403,오이데~
1780575878411,오이데~
1780575878439,ㅋㅋㅋㅋㅋㅋㅋㅋㅋㅋㅋㅋ
1780575878465,오이데
1780575878477,오이데~
1780575878532,ㅋㅋㅋㅋㅋㅋㅋ
1780575878639,음?
1780575878716,ㅋㅋㅋㅋㅋㅋㅋㅋㅋㅋㅋㅋㅋㅋ
1780575878718,오이데~
1780575878747,오이데
1780575878765,ㅋㅋㅋㅋㅋㅋㅋㅋㅋㅋㅋㅋㅋㅋㅋㅋ
1780575878781,마떼루요~
1780575878810,오이데~~
1780575878926,ㅋㅋㅋㅋㅋㅋㅋㅋㅋㅋㅋㅋㅋㅋㅋ
1780575878958,오이데~
1780575879010,ㅋㅋㅋㅋㅋㅋㅋㅋㅋㅋㅋㅋㅋㅋㅋㅋㅋㅋㅋㅋㅋㅋㅋㅋㅋ
1780575879151,ㅋㅋㅋㅋㅋㅋ
1780575879460,오이데~
1780575879640,ㅋㅋㅋㅋㅋㅋㅋㅋㅋㅋㅋㅋㅋㅋㅋㅋㅋㅋㅋㅋㅋㅋㅋ
1780575879764,오이데
1780575879777,갸루양 {:d_94:}{:d_94:}{:d_94:}{:d_94:}
1780575879853,난 파라파라나 춰야지
1780575880218,ㅋㅋㅋㅋㅋㅋㅋㅋ
1780575880473,마떼루용~ 마떼루용~ 마떼루용~ 마떼루용~ 마떼루용~ 마떼루용~ 마떼루용~ 마떼루용~
1780575880547,오이데~
1780575880646,ㅋㅋㅋㅋㅋㅋㅋ
1780575880674,오이데~
1780575880775,오이데~
1780575880845,독특하네 ㅋㅋㅋㅋㅋㅋㅋㅋㅋㅋ
1780575881013,오이데~
1780575881016,ㅋㅋㅋㅋㅋㅋㅋㅋㅋ
1780575881108,오이데~
1780575881312,오이데~~~
1780575881490,오이데~
1780575881500,와 진짜 갸루같다
1780575881525,오이데~
1780575881545,ㅋㅋㅋㅋ
1780575881667,마떼루요~
1780575881818,오이데
1780575881996,ㅈㄴ힘빠지네 ㅋㅋ
1780575882063,ㅋㅋㅋㅋㅋㅋㅋ
1780575882155,오이데~
1780575882166,오이데~
1780575882207,오이데~
1780575882222,ㅋㅋㅋㅋㅋㅋㅋㅋㅋㅋ
1780575882336,맛떼루용~
1780575882342,ㅋㅋㅋㅋㅋㅋㅋㅋㅋㅋㅋㅋㅋㅋㅋㅋㅋ
1780575882423,맛떼루용
1780575882527,{:d_43:}{:d_59:}{:d_43:}{:d_59:}{:d_43:}{:d_59:}
1780575882706,무반주 ㅋㅋ
1780575882711,맛뗴루용 ~
1780575882727,마떼루욘~
1780575882748,오이데~ 오이데~
1780575882784,오이데~
1780575882981,ㅋㅋㅋㅋㅋㅋ
1780575883059,오이데
1780575883085,오이데
1780575883133,오이데~
1780575883520,ㅋㅋㅋㅋㅋㅋㅋㅋㅋㅋㅋㅋㅋㅋㅋ
1780575883753,ㅋㅋㅋㅋㅋㅋㅋㅋㅋㅋㅋㅋㅋㅋㅋㅋㅋㅋ
1780575883819,무반주였다는거임
1780575884106,오이데
1780575884164,야 시끄러 ㅋㅋㅋㅋ
1780575884236,오이데~
1780575884377,맛떼루요~
1780575884518,개어이없넉ㅋㅋㅋ
1780575884706,오이데ㅋㅋㅋ
1780575884870,오이데~~~
1780575884993,왜 물고기를 응원함
1780575885015,마떼루요~
1780575885089,마떼루용
1780575885269,물고기 오이데~
1780575885475,오이데~
1780575885580,마떼루용~ 마떼루용~ 마떼루용~ 마떼루용~ 마떼루용~ 마떼루용~ 마떼루용~ 마떼루용~ 마떼루용~
1780575885700,오이데
1780575886063,{:d_94:}{:d_94:}{:d_94:}{:d_94:}
1780575886228,마떼루용~
1780575886245,맛떼루용
1780575886581,맛떼루용
1780575886608,맛떼루요~
1780575886720,마떼루용~
1780575886815,맛떼루용~~
1780575886867,맛떼루용
1780575886915,ㅋㅋㅋㅋㅋㅋㅋㅋㅋㅋㅋㅋㅋ
1780575886982,마떼루용~
1780575887094,맛떼루용~
1780575887281,{:d_94:}
1780575887640,파라파라를 어케 아는거임 근데
1780575887790,오이에~~~~~
1780575887996,ㅇㅇㄷ
1780575888028,마떼루요
1780575888117,물고기 응원하는게 개웃김
1780575888275,ㅇㅇㄷ ㅇㅇㄷ
1780575888678,{:d_43:}
1780575888855,마떼루용~
1780575888889,마뗴루용~
1780575888917,맛떼루용
1780575888972,마떼루용~
1780575889111,좀 킹받제
1780575889229,그냥 느껴ㅓ
1780575889493,오이데 오이데~
1780575889517,마뗴루용
1780575889572,{:d_94:}{:d_94:}{:d_94:}
1780575889634,맛뗴루용~
1780575889725,맛떼루용~
1780575889745,마떼루용~
1780575889750,무반주 고트 ㅋㅋㅋㅋㅋㅋㅋㅋㅋ
1780575889797,높다..
1780575889852,일루와
1780575890051,마떼루용
1780575890101,마떼루요~
1780575890246,{:d_94:}{:d_62:}
1780575890292,지리네 ㅋㅋㅋㅋㅋㅋ
1780575890377,ㅋㅋㅋㅋㅋ
1780575890387,마떼루용
1780575890440,맛떼루욘~
1780575890463,마떼루용
1780575890501,마ㅔ떼루요~~
1780575890849,ㅋㅋㅋㅋㅋㅋㅋㅋㅋㅋㅋㅋ
1780575890991,맛떼루용~
1780575891030,마뗴루용~
1780575891077,마떼루용~
1780575891198,ㅋㅋㅋㅋㅋㅋㅋㅋ
1780575891301,ㅋㅋㅋㅋㅋㅋㅋㅋㅋㅋㅋ
1780575891325,맛떼루용~~
1780575891349,마뗴루용~
1780575891433,ㅋㅋㅋㅋ
1780575891443,킹받네;;
1780575891559,마떼루용~
1780575891600,마떼루용~~
1780575891607,ㅋㅋㅋㅋㅋㅋㅋ
1780575891612,맛떼루용~
1780575891613,마뗴루용
1780575891660,맛떼루용
1780575891669,ㅋㅋㅋㅋㅋ
1780575891776,ㅋㅋㅋㅋㅋㅋㅋㅋㅋㅋ
1780575891877,마뗴루요~
1780575891884,마떼루용~~
1780575891924,캬
1780575891933,맛떼루용~~~~~
1780575892088,파라파라나 춰야겠다
1780575892219,ㅋㅋㅋㅋㅋㅋㅋㅋㅋㅋ
1780575892436,ㅋㅋㅋㅋㅋㅋㅋㅋㅋㅋㅋㅋㅋㅋㅋㅋㅋㅋㅋㅋㅋ
1780575892442,ㅋㅋㅋㅋㅋㅋㅋ
1780575892523,마떼루용
1780575892572,맛떼루용~~
1780575892591,오이데~
1780575892607,ㅋㅋㅋㅋㅋㅋㅋㅋㅋㅋㅋㅋㅋ
1780575892681,ㅋㅋㅋㅋㅋㅋㅋㅋㅋㅋㅋㅋ
1780575892723,ㅋㅋㅋㅋㅋㅋㅋㅋㅋㅋㅋ
1780575892737,맛떼루용~
1780575892769,ㅋㅋㅋㅋㅋㅋㅋㅋㅋㅋㅋ
1780575892786,ㅋㅋㅋㅋㅋㅋㅋㅋㅋㅋㅋㅋㅋㅋ
1780575892809,ㅋㅋㅋㅋㅋㅋㅋㅋㅋ
1780575892814,ㅋㅋㅋㅋㅋㅋㅋㅋ
1780575892898,맛떼루용
1780575892973,ㅋㅋㅋㅋㅋㅋㅋㅋㅋㅋㅋㅋ
1780575893005,맛떼루용~
1780575893070,마떼루용
1780575893113,ㅋㅋㅋㅋㅋㅋㅋㅋㅋㅋㅋ
1780575893120,맛떼루용
1780575893190,마떼루요~
1780575893227,맛떼루요~
1780575893252,커엽
1780575893297,높네 진짜
1780575893298,ㅋㅋㅋㅋㅋㅋㅋㅋㅋ
1780575893328,맛떼루용~
1780575893368,바로잡음 ㅋㅋㅋㅋㅋㅋ
1780575893569,마떼루용~
1780575893624,ㅋㅋㅋㅋㅋㅋㅋㅋㅋㅋㅋㅋ
1780575893626,맛떼루용~
1780575893792,맛떼루용
1780575893831,귀여워~
1780575893834,마떼루용~
1780575894112,오
1780575894294,마떼루용~
1780575894301,맛떼루용
1780575894327,맛떼루용~
1780575894362,마떼루용~
1780575894420,마떼루용~
1780575894426,맛떼루용
1780575894430,(진짜옴)
1780575894458,ㅋㅋㅋㅋㅋㅋㅋㅋㅋㅋㅋ
1780575894518,진짜옴
1780575894545,??
1780575894722,ㅋㅋㅋㅋㅋㅋㅋㅋㅋㅋㅋㅋㅋㅋㅋㅋㅋ
1780575894955,마떼루용~~
1780575894959,캬
1780575895076,오오
1780575895129,{:d_94:}{:d_94:}{:d_94:}{:d_94:}
1780575895129,와
1780575895148,?
1780575895164,오
1780575895295,오오오
1780575895295,오
1780575895494,매력 미치네[ ㅋㅋ
1780575895508,진짜 옴
1780575895673,맛뗴루용~
1780575895752,맛떼루용~
1780575895799,마뗴루요~
1780575895835,마뗴루용~
1780575895863,진짜옴 ㅋㅋ
1780575895971,맛떼루용
1780575896103,마떼루용~
1780575896211,{:d_94:}{:d_94:}{:d_94:}
1780575896293,?
1780575896295,오
1780575896432,캬
1780575896465,카와이~
1780575896678,천운 ㄷㄷ
1780575896769,{:d_94:}{:d_94:}{:d_94:}{:d_94:}{:d_94:}
1780575896771,진짜 잡음 ㅋㅋㅋㅋㅋㅋㅋㅋㅋ
1780575896802,오
1780575896915,오오오오오
1780575897099,ㅈㄴ웃김ㅋㅋㅋㅋㅋㅋㅋ
1780575897188,마떼루용~
1780575897451,ㅋㅋㅋㅋㅋㅋㅋㅋㅋㅋㅋㅋㅋㅋㅋㅋㅋㅋ
1780575897466,효과적이잖아?
1780575897756,캬
1780575897867,이야
1780575898202,진짜 왔다
1780575898224,와 개고수 ㅋㅋㅋㅋㅋ
1780575898254,이걸 잡어?
1780575898414,무반주로 추는중 ㅋㅋㅋ
1780575898711,잡는게 레전드
1780575898796,오
1780575898970,와 진짜 잡았어?
1780575899119,캬ㅑㅑㅑ
1780575899177,어케 잡았냐
1780575899193,??
1780575899377,오
1780575899388,와
1780575899406,그냥 바로잡음 ㅋㅋㅋㅋ
1780575899435,어케 했어
1780575899435,어케했노
1780575899824,그와중에 잡았엌ㅋㅋ
1780575899959,왜 진짜 잡히냐 ㅋㅋ
1780575899976,예능신 강림
1780575900012,개고수 ㅋㅋ
1780575900460,진짜 잡았네
1780575900489,오
1780575900507,Mc 노리야끼
1780575901211,맛떼루용~
1780575901396,와 레전드
1780575901725,쪼꼬미네
1780575901988,이걸 진짜잡네 ㅋㅋ
1780575902613,ㅋㅋㅋㅋㅋㅋㅋㅋㅋㅋㅋㅋㅋ
1780575902718,개고수
1780575902886,원숭이소리가나내 ㅋㅋㅋㅋㅋㅋ
1780575903143,저걸 잡네 ㄷㄷ
1780575903243,효과 죽이네 ㅋㅋㅋㅋㅋ
1780575903392,호흡이 개웃김 ㄹㅇ
1780575903680,ㅋㅋㅋㅋㅋㅋㅋㅋㅋ
1780575903801,어케했노
1780575904013,커엽
1780575904495,어케잡앗노 ㅋㅋ
1780575904680,불뿜는 파이리
1780575904704,파이리 ㅋㅋ
1780575904711,언더더씨
1780575904966,ㅋㅋㅋㅋㅋㅋㅋㅋㅋㅋㅋㅋㅋㅋㅋㅋㅋㅋㅋㅋㅋㅋㅋㅋㅋㅋㅋㅋㅋ
1780575905092,귀여워 ㅋㅋ
1780575905149,쇼츠니까 입힌거지 무반주로 한거아니냐
1780575905570,ㅋㅋㅋㅋㅋㅋㅋㅋㅋㅋㅋㅋㅋㅋㅋㅋㅋㅋㅋ
1780575905588,고기가 미끼보다 작아 ㅋㅋㅋㅋ
1780575905658,어이없네 ㅋㅋㅋㅋ
1780575905799,거제 파이리 ㅋㅋㅋ
1780575905923,거제소녀
1780575906115,파이리
1780575906150,파이리 ㅋㅋ
1780575906319,언더더씨
1780575906326,예능의신 ㄷㄷ
1780575906614,실낚시로 ㅋㅋ
1780575906685,이게 파라파라
1780575906784,ㄱㅇㅇ
1780575907084,주술 ㄷㄷ
1780575907478,파이리
1780575907769,파이리울음소리
1780575907867,정통촌녀네ㅋㅋ
1780575907990,ㅋㅋㅋㅋㅋㅋㅋㅋㅋㅋㅋㅋㅋㅋㅋㅋ
1780575908002,ㅋㅋㅋㅋㅋㅋㅋㅋㅋ
1780575908011,파이리 귀엽고
1780575908117,갑자기 분위기 동숲 ㅋㅋㅋ
1780575908178,언더더씨
1780575908323,오캐햣ㄶ
1780575908335,귀여워
1780575908764,개처귀엽네
1780575909087,ㅋㅋㅋㅋㅋㅋㅋㅋㅋㅋ
1780575909503,파이리 불꽃발사
1780575909650,ㄹㅇ
1780575909703,옷차이 ㅋㅋㅋㅋ
1780575909709,파이리 싱글벙글 ㅋㅋ
1780575909852,ㄹㅇ 파이리
1780575909866,캬
1780575909908,ㅇㅇ
1780575909918,ㄹㅇ
1780575909960,매력 뒤지네 ㅋㅋㅋㅋ
1780575909974,ㄹㅇ
1780575909976,귀엽ㅋㅋㅋ
1780575910040,ㄹㅇ
1780575910056,ㄹㅇ
1780575910072,ㅇㅇ
1780575910289,ㄹㅇ
1780575910365,ㄹㅇ
1780575910467,ㄹㅇ
1780575910504,ㄹㅇ
1780575910636,ㅇㅇ
1780575910706,ㅇㅇ
1780575910721,츄리닝에 크록스 픽
1780575910748,ㅇㅇ
1780575910855,ㅇㅇ
1780575911022,ㅇㅇ
1780575911233,ㄴㅅㅇ
1780575911246,ㄹㅇ힐링
1780575911319,ㅇㅇ
1780575911338,ㄹㅇ
1780575911542,이거 재밌음
1780575911633,피디감다살
1780575911857,맛떼루용~~
1780575911916,기획 지려
1780575911986,ㅇㅇ
1780575912142,개잘만들었음
1780575912194,진짜 감다살임
1780575912231,pd가 ㅈㄴ잘해
1780575912231,ㄹㅇ
1780575912302,ㄹㅇ
1780575912373,ㅇㅇ
1780575912414,PD가 감다살임 ㅇㅇ
1780575912460,ㄹㅇ
1780575912566,잼짔어 이거
1780575912756,파이리
1780575912764,개재밌네
1780575912789,힐링엄청됨
1780575912818,ㄹㅇ ㅋㅋㅋ
1780575912829,언더더씨
1780575912856,ㄹㅇ
1780575912878,pd 능력자임
1780575912883,pd가 GOAT임
1780575912884,ㄹㅇ
1780575913062,ㄹㅇ
1780575913069,어케했노 ㅋㅋㅋ
1780575913193,ㄹㅇ
1780575913204,ㅇㅇ 개잘만듦
1780575913212,ㅇㅇpd가 능력자임
1780575913417,pd가 능력자
1780575913474,저거 재밋음
1780575913541,ㄹㅇ
1780575913591,ㅇㅇㅇ
1780575913613,pd 능력이 좋아ㅣ
1780575913678,기분좋아짐
1780575913762,감 ㅈ됨
1780575913765,ㄹㅇ
1780575913767,피디가 천재임
1780575913779,피디가 잘함
1780575913789,pd가 감이 좋음
1780575913878,ㄱ
1780575913971,거의 시골영화 급
1780575913978,ㅈㄴ힐링됨
1780575913985,기획 자체가 좋음
1780575914022,pd가 능력자임
1780575914097,ㄹㅇ
1780575914098,재밌어 ㄹㅇ
1780575914328,존나 재밌음
1780575914491,조회수 미쳤음
1780575914517,pd감다살임
1780575914602,pd가 감이 좋음
1780575914603,ㄹㅇ
1780575914621,ㄹㅇ
1780575914623,ㅇㅇ
1780575914632,언더더씨~
1780575914639,ㄹㅇ
1780575914882,ㄹㅇ PD 감다살임 진짜
1780575914991,풀버전 바로 가야겠지 ㄱㄱㄱㄱㄱㄱㄱㄱ
1780575915011,PD가 감이잇음
1780575915052,ㄹㅇ
1780575915118,피디가 능력있음
1780575915173,유튜브가 재밌네
1780575915189,dd
1780575915192,이거 풀영상 재밌음
1780575915347,풀버전 맛도리
1780575915383,풀이 ㅈㄴ 재미잇음
1780575915393,피디가 재능충이더만
1780575915431,풀로봐도재밌음 ㅋㅋ
1780575915584,피디 감다살
1780575915628,ㄹㅇ
1780575915744,ㅇㅈ
1780575915769,ㄹㅇ
1780575915787,pd가 감다살임
1780575915891,1박2일 같음
1780575915907,PD가 잘하더라
1780575915987,ㄹㅇ
1780575916062,ㄹㅇ
1780575916177,유투브 자체가 재밌음
1780575916231,감다살
1780575916234,저거 풀로볼만함
1780575916261,ㄹㅇ
1780575916312,풀영상 진짜 개재밌음
1780575916366,피디가감다살
1780575916371,ㄹㅇ 더 보고싶음
1780575916435,힐링영상임
1780575916446,피디 유명한 사람이라더라
1780575916494,그냥 영화임
1780575916524,pd가 센스가 좋아
1780575916595,재미도 있고 매력넘침
1780575916660,ㄹㅇ
1780575916662,ㅇㅇ
1780575916815,pd가 감다살임
1780575916911,ㅇㅇ
1780575916912,피디가 천재임
1780575916953,ㄹㅇ
1780575917022,저건 한편 다봐야됨
1780575917135,조낸 재밋음
1780575917158,피디능력자
1780575917190,쇼츠각 ㅈ되네
1780575917295,PD가 잘해
1780575917553,길게 봐야 더 재밌어
1780575917559,PD님 유명하신분이래
1780575917641,저거 20분짜리 저예산 영화 수준임 ㄹㅇ
1780575917796,풀 영상 한번 보세ㅐㅁ
1780575917881,피디가 감이있음
1780575917923,ㅇㅇ
1780575917973,물고기 현장감
1780575918013,재밌어 저거
1780575918087,영상 개꿀잼임
1780575918131,피디가 감다살
1780575918134,ㅇㅇ
1780575918191,pd 감다살임
1780575918232,피디 미침
1780575918280,pd 그냥 능력자야
1780575918492,작가가 개잘함
1780575918570,이거 조회수 레전드임;
1780575918677,pd가 ㄹㅇ 감다살임
1780575918678,PD 개능력자임 진짜
1780575918703,ㄹㅇ ㅋㅋ
1780575918874,PD가 능력자여
1780575918903,풀버전 바로 봐야겠지 ㄱㄱㄱㄱㄱㄱㄱ
1780575918909,pd 감다살임
1780575919106,ㄹㅇ
1780575919126,거의 영화야
1780575919176,영상을 잘만들더라
1780575919195,pd가 고수임
1780575919231,다보면 ㅈㄴ 재밌음
1780575919462,pd가 진짜 감다살
1780575919510,ㅋㅋㅋㅋㅋㅋㅋㅋㅋㅋㅋㅋㅋㅋㅋㅋㅋㅋㅋㅋㅋㅋㅋㅋㅋㅋㅋㅋㅋㅋㅋㅋㅋㅋㅋ
1780575919513,ㅇㅇ
1780575919673,pd 감다살
1780575919678,ㄹㅇㅋㅋ
1780575919696,pd가 능력자
1780575919720,PD가 능력자임
1780575919722,500만 찍었짜너 그래서
1780575919776,PD가 고트임
1780575919832,피디니무 감다살
1780575919910,ㅈㄴ힐링임 ㅋㅋ
1780575919927,pd가 진짜 잘함
1780575920048,재밌더라
1780575920270,pd가 고트임
1780575920453,천재피디
1780575920627,피디가 능력자던데
1780575920688,피디가 감있음
1780575920722,pd가 능력자임
1780575920857,맞음
1780575920889,피디가 감이 좋네
1780575920930,피디가 천재임ㅇㅇ
1780575921167,인간극장 느낌
1780575921244,PD가 능력 좋음
1780575921413,PD가 잘함
1780575921418,조회수 대폭발함
1780575921453,ㄹㅇ
1780575921486,PD가 그냥 ㅈㄴ 감다살임
1780575921652,그러니 거제 홍보대사 되지
1780575921721,정확함
1780575921843,피디가 능력충임
1780575921957,pd가 유명함
1780575922016,ㄹㅇ
1780575922050,그 컨셉임 딱
1780575922102,새로운 이미지네
1780575922284,ㅇㅈ
1780575922326,PD가 진짜 감다살
1780575922463,ㄹㅇ 딱 그 느낌
1780575922552,피디 감다살
1780575922999,피디가 채널 몇개를 키웟던데
1780575923129,피디가 칭찬 엄청받음
1780575923361,pd가 능력자더라 보니까
1780575923390,진짜 ㅋㅋㅋ
1780575923650,ㄹㅇ
1780575923657,pd가 재능이사기
1780575923659,피디가 감이
1780575923666,pd가 잘해
1780575923685,피디가 유명한 피디임
1780575923871,ㄹㅇ
1780575923907,500만인가
1780575923960,ㅇㅇ 딱 그느낌대로 만들어놨음
1780575923991,감다살
1780575924000,풀영상이 레전드임
1780575924129,Pd가 ㅈㄴ능력자임
1780575924165,개재밌음
1780575924240,피디가 odg 피디라던데
1780575924299,힐링 예능 같아
1780575924330,풀버전 진짜 좋음
1780575924373,피딘
1780575924377,ㅇㅇ 시골영화
1780575924482,pd가 고인물임
1780575924493,ㅇㅈㅇㅈ
1780575924558,딱 그 바이브야
1780575924635,영상미가 좋은 느낌
1780575924958,PD 감 진짜 좋음
1780575924997,정확함 저영상임
1780575925168,피디가지림
1780575925183,원이 유투부 재밋어
1780575925214,길게 보셈
1780575925394,피디니무가 감다살임
1780575925408,PD감다살임
1780575925708,이ㅣ거 명작임
1780575926040,저분 존박님도 pd라고 하더라 내 최앵임
1780575926393,pd 능력자야
1780575926512,영상보면 그럴만함 그느낌임
1780575926631,내가 저러고 자랐는데
1780575926830,피디가 능력자래
1780575926878,풀영상도 재밌음 ㅇㅇ
1780575926974,엄청 유명한 피디더라
1780575926994,ㅇㅇ 그 느낌이맞음
1780575927208,저 편 레전드임
1780575927358,피디니무가 잘해 ~
1780575927609,저건 풀로 봐야댐 ㅇㅇ
1780575927625,풀영상이 장난아님
1780575927796,pd가 체급이 높은분임
1780575927810,pd 유퀴즈에도 나옴
1780575927947,ㄹㅇ
1780575928123,조회수 레전드임
1780575928149,피디가 능력 ㅈ호더라
1780575928283,pd가 룩집자급인듯
1780575928386,캬
1780575928404,pd  예전에 유퀴즈 나왔더라
1780575928446,힐링됨
1780575928584,저거 옷도 다 피디가 짠거라던데
1780575928695,요즘중에 젤 재밋게봄
1780575928766,여행간 느낌
1780575928783,ㅇㅇ 나중에 롱폼으로 보샘 잘만듬
1780575929163,odg피디
1780575929187,캬
1780575929207,그래서 옷도 일부러 저렇게 입힘
1780575929224,풀로봐야되 진짜
1780575929465,거의 인간극장 시골 느낌
1780575929556,pd 유퀴즈 나옴
1780575929792,캬
1780575929952,헉
1780575930118,캬
1780575930217,pd가 유명 채널 다 런칭한 사람이라
1780575930255,나무에 줄 감아서 했지
1780575930566,캬
1780575930866,대 목 성
1780575930875,?
1780575930945,거제시 홍보대사 됨
1780575931002,캬
1780575931022,저거 브금까지 썸머씀
1780575931102,캬
1780575931125,캬
1780575931143,캬
1780575931206,저기 PD가 유능해
1780575931230,pd가 유명한 사람임
1780575931333,500만?
1780575931528,캬
1780575931660,ㅋㅋㅋㅋ
1780575931710,무반주 파라파라는 진짜 벽느껴짐 ㅋㅋ
1780575931720,캬
1780575931723,캬
1780575931806,캬
1780575931810,피디가 능력자야
1780575931901,캬
1780575931958,pd 필모가 화려함
1780575931997,캬
1780575932119,피디 유퀴즈도 나옴
1780575932130,아 이모가 없네
1780575932207,캬
1780575932240,우왕
1780575932286,캬
1780575932330,오
1780575932439,헉
1780575932538,ㅋㅋㅋㅋㅋㅋㅋ
1780575932573,캬
1780575932750,ODG PD ㅇㅇ
1780575932753,캬~
1780575932802,들어볼래 ㅋㅋㅋㅋㅋㅋㅋ
1780575932816,케플리 ㅋㅋ
1780575932836,퍄
1780575932895,캬 들어볼래
1780575932970,캬
1780575933055,피디능력자
1780575933076,캬
1780575933089,?
1780575933209,엇!
1780575933210,캬ㅑㅑㅑ
1780575933247,?
1780575933496,캬
1780575933624,감성 잇어
1780575933675,코가커요
1780575933684,캬
1780575933702,캬ㅑ
1780575933785,저거 올해의 영상급임
1780575933847,캬 저점매수
1780575933894,헉
1780575933931,퍄퍄
1780575933953,물들억나ㅡㄴ게없네
1780575934097,수익창출 포기하고 저작권 걸리는 브금 다 넣은게 ㄹㅇ 신의한수임 ㅋㅋㅋㅋㅋㅋㅋㅋ
1780575934158,지금 560만임
1780575934209,대 루ㅠㄱ삼
1780575934225,대 목 성
1780575934639,케인인님
1780575934664,캬
1780575934683,캬
1780575934686,다보면 진짜 단편영화임
1780575934884,캬ㅑㅑㅑㅑㅑ
1780575934925,저점매수
1780575935086,엌ㅋㅋ
1780575935114,캬
1780575935277,저점매수의신 룩삼
1780575935292,{:d_76:}{:d_76:}{:d_76:}
1780575935394,캬
1780575935603,저점매수
1780575935781,헉
1780575935815,gkgkt
1780575935986,캬
1780575936218,대 목 성
1780575936349,캬
1780575936528,신호종
1780575936645,저점매수 했어야지
1780575936687,아오 케인 플레임 뭐야
1780575936784,매수 실패
1780575936928,어케 초대했는데
1780575937030,케플리
1780575937039,저점매수 ㄷㄷㄷㄷ
1780575937045,나도 홀리듯 봄
1780575937222,들어볼래
1780575937248,하핫
1780575937593,캬
1780575937646,어 나는 저점매수 했어
1780575937676,신 호 종
1780575937749,들어볼래까지
1780575938004,ㅋㅋㅋㅋㅋㅋㅋㅋㅋㅋㅋㅋㅋㅋ
1780575938275,성수편 어디갔어
1780575938484,pd가 존박형이랑 같이햇음
1780575938571,저 점 매 수 의 신
1780575938578,캬 들어볼래
1780575938695,캬
1780575938736,꺼드룩삼
1780575938834,덕연이딸
1780575939096,신 호 종
1780575939106,저점매수
1780575939371,케인 ㅋㅋ
1780575939516,캬
1780575939539,흠
1780575939698,저점매수
1780575940037,매수 실패 !
1780575940151,캬
1780575940605,케인 플레임 리센느
1780575940635,성수 간거 아직 안나왔네
1780575940700,캬
1780575940731,케인인님
1780575940847,저점매수의 신
1780575940948,캬
1780575940982,케인인님
1780575940988,케인인님
1780575941140,저 점 매 수
1780575941356,케인 ㅋㅋㅋㅋㅋㅋㅋ
1780575941446,또 나와주세요
1780575941483,시노종
1780575941619,저점매수의 신
1780575941633,개 저점매수
1780575941676,케인 플레임 리센느 레츠고
1780575941836,캬
1780575941879,선수들
1780575941967,저점매수
1780575941971,헉
1780575941979,음?
1780575942145,펄~럭
1780575942218,지금은 너무 바빠
1780575942249,선수들
1780575942379,저점매수 ㄷㄷ
1780575942405,저점매수 지리네
1780575942463,선수요?
1780575942490,신 호 종
1780575942541,?
1780575942921,비지찌개 안듣나요
1780575943105,선수?
1780575943157,선수들
1780575943164,선수들
1780575943254,기억삭제
1780575943261,룩센느
1780575943274,선수
1780575943287,저점매수 ㅋㅋ
1780575943330,하지만 약속은 지켜지지 못했다
1780575943478,케인인인님
1780575943481,저점매수
1780575943568,마떼루요~
1780575943610,버스 잡을수있지?
1780575943710,선수들?
1780575943755,리센느 슨슈
1780575943990,선수들 ㅋㅋ
1780575944084,선수님들?
1780575944106,케인인님
1780575944263,케인 플레임 그리고 라센느
1780575944404,슨수들
1780575944410,선수입장
1780575944455,선수들
1780575944458,저점매수했지
1780575944477,슨수
1780575944523,캬 저점매수
1780575944603,선수들ㅋㅋ
1780575944616,리센느슨슈
1780575944625,선수들
1780575944648,선수들?
1780575944682,리센느 슨슈들
1780575944689,센슈들
1780575944790,선수들
1780575944895,내친구 리센느
1780575944914,저점매수 ㄷㄷ
1780575944926,리센느슨슈
1780575944952,저점매수의 신
1780575945130,선수들?
1780575945165,선수?
1780575945239,선수들?
1780575945282,나오나요
1780575945317,선수들
1780575945352,선수들
1780575945469,선수들 ㅋㅋㅋㅋㅋ
1780575945478,케인인님
1780575945588,선수들이요?
1780575945615,노래더듣나유
1780575945624,리센느 슨수
1780575945651,선수들ㅋㅋㅋ
1780575945746,선수?
1780575945764,뒷약속 ㄷㄷㄷㄷ
1780575945998,?
1780575946007,룩삼누구신지
1780575946070,저점매수 들어볼래?
1780575946149,선수들?
1780575946203,선수들 ㅋㅋㅋ
1780575946234,(연락주세요)
1780575946306,르센느 슨슈들
1780575946324,근고 아
1780575946389,선수?
1780575946406,곰 영상도 봐주세요
1780575946467,리센느슨슈
1780575946535,선수셔?
1780575946642,?
1780575946764,선수들 ㅋㅋㅋㅋ
1780575946867,캬 대 목 성 안목이{:d_58:}
1780575946966,케인 플레임 리센느 조합 폭력적이네
1780575947051,르센스슨슈
1780575947082,저 점 매 수
1780575947118,언제 다시 나와
1780575947159,선?수
1780575947233,저점매수 ㅋㅋㅋ
1780575947255,??????????????
1780575947284,케인인님
1780575947300,k-약속
1780575947324,매수하라 했제...
1780575947427,버스 떠난거 아니지?
1780575947477,매수 (제발)
1780575947516,너 이제 늦었어
1780575947536,저점매수
1780575947617,매수 실패!!
1780575947693,?
1780575947718,저점매수의 신
1780575947749,룩삼 누구신지
1780575947823,선수?
1780575947838,룩삼누구쇼
1780575947850,선수들?
1780575947919,뭔 선순대
1780575948183,슨슈들
1780575948198,맛떼루용~~
1780575948234,ㅋㅋㅋㅋㅋㅋㅋㅋ
1780575948312,타점 지리네
1780575948403,신라공주가 적다
1780575948404,선수들
1780575948421,케인 이호종 리센느 zzz
1780575948519,선수 입장
1780575948524,룩삼 누수긴지
1780575948547,대표님 알아보기라도 해라
1780575948557,안되면 대표님이라도 불러라
1780575948653,ㅋㅋㅋㅋㅋㅋㅋㅋ
1780575948703,ㅋㅋㅋㅋㅋㅋㅋ
1780575948716,저점매수인데 몇 주 안 샀음 ㅋㅋㅋㅋㅋ
1780575948857,국대임?
1780575948873,K-약속 기억하시죠?
1780575948877,매수 실해
1780575948909,잊어야지..
1780575949159,ㅋㅋㅋㅋㅋㅋㅋㅋㅋㅋㅋㅋㅋㅋㅋㅋㅋㅋ
1780575949177,ㄹㅇ
1780575949178,캬
1780575949440,응 잊었어
1780575949499,룩삼 누구신지
1780575949556,리센느 슨슈
1780575949603,케인인님 ㅋㅋㅋ
1780575949638,{:d_126:}{:d_126:}{:d_126:}{:d_126:}
1780575949641,리센느슨슈
1780575949652,야호
1780575949655,넌 잊었잖아
1780575949671,저점매수
1780575949844,?
1780575949905,선수들ㅋㅋㅋㅋ
1780575950093,흠
1780575950204,ㅋㅋㅋㅋㅋㅋㅋㅋㅋㅋㅋㅋ
1780575950279,구두계약
1780575950344,잊었어
1780575950472,우리 선수들
1780575950586,선수?
1780575950661,룩삼 누구쇼
1780575950737,누구신지
1780575950812,쌈아 차는 떠났다... ㅋㅋㅋㅋ
1780575950927,선수
1780575950997,잊지않았지?
1780575951145,룩삼 누구신지
1780575951200,룩삼 누구신지
1780575951382,룩삼 누구신지
1780575951576,누구신지
1780575951586,누구쇼
1780575951588,선수들 ㅋㅋ
1780575951596,저 점 매 수 실패 !
1780575951670,초대석 가자
1780575951730,리센느슨슈
1780575951771,초대석 가야제
1780575951787,슨슈
1780575951804,슌수
1780575951866,리센느슨슈
1780575952025,제발
1780575952037,저점 매수 실 패 ㅋㅋㅋㅋㅋㅋㅋㅋㅋㅋㅋㅋㅋㅋㅋㅋㅋㅋㅋㅋ
1780575952236,룩삼이 누구?
1780575952416,ㅋㅋㅋㅋ
1780575952490,주헌씨 기다리고있어요~
1780575952562,맷수 실패
1780575952644,선수들ㅋㅋㅋㅋㅋ
1780575952845,저 채널 피디 1인이 다하는 채널이더라고...지금 피디 인스타에 채용공고 올라옴 ㅋㅋㅋㅋ
1780575952908,ㅋㅋㅋㅋㅋㅋㅋㅋㅋㅋㅋ
1780575952963,룩삼??? 그게 누구죠
1780575953099,ㅋㅋㅋㅋㅋㅋ
1780575953128,룩삼 누구신지...
1780575953147,룩삼 누구신지?
1780575953235,저 점 매 수
1780575953332,룩삼 누구신지
1780575953333,룩삼 누구신지
1780575953352,슨슈
1780575953590,고점은 힘들다구요
1780575953720,야이
1780575953726,저점매수
1780575953852,ㅋㅋㅋㅋㅋㅋㅋㅋㅋㅋㅋㅋㅋㅋㅋ
1780575953979,코저씨는?
1780575954147,조금 한가해지면 오세요
1780575954167,너 피파모바일광고본거니?
1780575954187,룩삼 누구신지
1780575954224,이ㅏ거 물어봐라 ㅇㅇ
1780575954385,룩삼 누구신지
1780575954396,ㅋㅋㅋㅋㅋㅋㅋㅋㅋㅋㅋㅋㅋㅋㅋㅋㅋㅋㅋㅋㅋㅋㅋㅋㅋㅋㅋㅋㅋㅋㅋ
1780575954422,버스 떠났다
1780575954481,기억하던데
1780575954554,ㅋㅋㅋㅋㅋㅋㅋㅋㅋㅋㅋㅋ
1780575954704,룩삼 누구신지
1780575954856,ㅋㅋㅋㅋㅋㅋㅋㅋ
1780575954928,ㅋㅋㅋㅋㅋㅋㅋㅋㅋㅋㅋㅋㅋㅋㅋㅋㅋㅋㅋㅋㅋㅋㅋㅋㅋ
1780575955041,ㄹㅇㅋㅋ
1780575955115,잊었대요 ㅇㅇ;
1780575955117,룩삼 누구신지
1780575955133,ㅋㅋㅋㅋㅋㅋㅋㅋㅋㅋㅋㅋ
1780575955150,제발 기억해주세요
1780575955216,룩삼 누구쇼
1780575955332,데덴찌 ㅋㅋㅋㅋㅋ
1780575955448,ㅋㅋㅋㅋㅋㅋㅋㅋㅋㅋㅋ
1780575955450,ㅋㅋㅋㅋㅋㅋㅋㅋㅋㅋㅋㅋㅋ
1780575955493,룩삼이누ㄴ군데
1780575955494,젠~~디
1780575955566,아오
1780575955633,ㅋㅋㅋㅋㅋㅋㅋㅋㅋㅋㅋㅋㅋ
1780575955676,ㅋㅋㅋㅋㅋㅋㅋㅋㅋㅋㅋㅋㅋㅋㅋㅋ
1780575955880,헉
1780575955892,ㅋㅋㅋㅋㅋㅋㅋㅋㅋㅋㅋㅋㅋ
1780575955934,슨슈
1780575955959,ㅋㅋㅋㅋㅋㅋㅋㅋㅋ
1780575955999,룩삼누쇼
1780575956030,잊었어~
1780575956080,ㅋㅋㅋㅋㅋㅋㅋㅋㅋㅋ
1780575956169,반드시 ㄱㄱ
1780575956355,룩삼이 다레 ?
1780575956388,ㅋㅋㅋㅋㅋㅋㅋ
1780575956402,에라이 ㅋㅋㅋ
1780575956492,룩삼이 누구지?{:d_126:}{:d_126:}{:d_126:}
1780575956501,룩삼? 누구신지 ㅋㅋㅋ
1780575956501,ㅋㅋㅋㅋㅋㅋㅋㅋㅋㅋㅋㅋㅋㅋㅋㅋㅋㅋㅋㅋㅋㅋㅋㅋㅋㅋㅋ
1780575956551,들어볼래 버전 함 보자
1780575956554,룩삼 누구신지
1780575956564,누구쇼
1780575956686,오이데~ 오이데~
1780575956703,누구신지
1780575956855,ㅋㅋㅋㅋㅋㅋ
1780575956889,룩삼 누구신지 ㅋㅋ
1780575956969,너가 저기 출연해 웃긴 컨셉 하나 해서
1780575956998,반드시 해야지
1780575957041,ㅋㅋㅋㅋㅋㅋㅋㅋㅋㅋㅋ
1780575957071,데덴찌
1780575957103,ㅋㅋㅋㅋㅋㅋㅋㅋㅋㅋ
1780575957134,룩삼 누구신지
1780575957158,룩삼 누구신지
1780575957376,ㅋㅋㅋㅋㅋㅋㅋㅋㅋㅋ
1780575957537,?
1780575957567,ㅋㅋㅋㅋㅋㅋㅋㅋ
1780575957658,누구세요
1780575957671,누구?
1780575957715,ㅋㅋㅋㅋㅋㅋㅋ
1780575957725,ㅅㅂ 목적이ㅋㅋㅋ
1780575957754,저점매수한거 맞지?
1780575957803,젠디또오야
1780575957820,룩삼 누구신지...
1780575957885,스케쥴이 되려나
1780575957893,룩삼 뉘신지
1780575957980,?
1780575958166,대 누 구
1780575958255,룩삼?? 누구신지
1780575958296,ㅋㅋㅋㅋㅋㅋㅋㅋㅋㅋㅋ
1780575958462,치바는 어째할라나
1780575958488,고점매수
1780575958786,ㅋㅋㅋㅋㅋㅋㅋㅋㅋㅋㅋㅋㅋㅋㅋㅋㅋㅋ
1780575959084,?
1780575959237,룩삼 누구신지
1780575959344,ㅋㅋㅋㅋㅋㅋㅋㅋㅋㅋㅋㅋㅋㅋㅋㅋ
1780575959408,또 시작이네
1780575959492,ㅋㅋㅋㅋㅋㅋㅋ
1780575959501,룩삼? 누구신지 ㅋㅋ
1780575959792,K 약속
1780575959846,ㅋㅋㅋㅋㅋㅋㅋㅋㅋ
1780575959863,줄서라
1780575959885,ㅋㅋㅋㅋㅋㅋㅋㅋㅋㅋㅋㅋㅋ
1780575959913,저번에 치지직 얘기 하더라
1780575959957,누구???
1780575959957,ㅋㅋㅋㅋㅋㅋㅋㅋㅋㅋㅋㅋㅋㅋㅋㅋㅋㅋㅋㅋㅋㅋㅋㅋㅋㅋㅋㅋㅋㅋㅋㅋ
1780575960019,?
1780575960069,룩삼 누구신지
1780575960148,ㅋㅋㅋㅋㅋㅋㅋㅋㅋㅋㅋ
1780575960215,?
1780575960229,?
1780575960243,아나 ㅋㅋㅋㅋㅋㅋㅋㅋㅋㅋㅋ
1780575960278,?'
1780575960278,ㅋㅋㅋㅋㅋㅋㅋㅋㅋㅋㅋ
1780575960308,루크사무? 다레?
1780575960372,?
1780575960386,ㅋㅋㅋㅋㅋㅋㅋㅋㅋㅋㅋ
1780575960442,누구신지
1780575960473,?
1780575960539,룩뭐 누군데
1780575960569,?
1780575960640,ㅋㅋㅋㅋㅋㅋㅋㅋㅋㅋㅋ
1780575960706,?
1780575960800,"룩삼, 누구신지?"
1780575960812,ㅋㅋㅋㅋㅋㅋㅋ
1780575960918,?>
1780575960947,?
1780575961091,개궁금해
1780575961223,룩삼 누구신지
1780575961299,ㅋㅋㅋㅋㅋㅋㅋ
1780575961343,???????//
1780575961346,????
1780575961417,?
1780575961507,ㅋㅋㅋㅋㅋㅋㅋㅋ
1780575961546,?
1780575961553,?
1780575961559,ㅋㅋㅋㅋㅋㅋㅋㅋㅋㅋㅋㅋㅋㅋㅋㅋ
1780575961568,반드시 물어봐야지 ㅋㅋ
1780575961572,???????
1780575961617,?
1780575961666,?
1780575961681,?
1780575961791,캬
1780575961821,데덴찌논쟁
1780575962023,르센느슨슈
1780575962088,ㅈㄹ ㅋㅋㅋㅋㅋㅋㅋㅋㅋㅋㅋㅋ
1780575962100,?
1780575962160,ㅋㅋㅋㅋㅋㅋㅋㅋㅋㅋㅋ
1780575962336,ㅋㅋㅋㅋㅋㅋ
1780575962339,?
1780575962384,ㅋㅋㅋㅋㅋㅋㅋㅋㅋㅋㅋㅋ
1780575962488,ㅋㅋㅋㅋㅋㅋ
1780575962502,?
1780575962520,ㅋㅋㅋㅋㅋㅋㅋㅋㅋㅋㅋㅋㅋㅋㅋ
1780575962529,룩삼 누구신지
1780575962543,룩삼 누구신지
1780575962583,경주 저거 궁금하다
1780575962646,???
1780575962743,지역비하를
1780575962786,??
1780575962819,경남을 물어봐야지
1780575962870,?
1780575962981,?
1780575963002,ㅋㅋㅋㅋㅋㅋㅋㅋㅋㅋㅋㅋㅋㅋㅋ
1780575963020,ㅋㅋㅋㅋㅋㅋㅋㅋㅋㅋㅋㅋ
1780575963032,?
1780575963050,?
1780575963187,ㅋㅋㅋㅋㅋㅋㅋㅋㅋㅋㅋㅋㅋㅋㅋ
1780575963351,{:d_126:}{:d_126:}{:d_126:}{:d_126:}{:d_126:}
1780575963373,ㅋㅋㅋㅋㅋㅋㅋㅋㅋㅋㅋㅋㅋㅋㅋㅋ
1780575963382,치지직 누구신지
1780575963398,아니라니까 ㅋㅋㅋㅋㅋㅋㅋㅋㅋㅋ
1780575963429,ㅋㅋㅋㅋㅋㅋㅋㅋㅋㅋ
1780575963435,?
1780575963440,?
1780575963469,?
1780575963508,??????
1780575963546,?
1780575963658,일본버전도 물어볼 수 있겠다 ㅋㅋㅋㅋ
1780575963713,ㅋㅋㅋㅋㅋㅋㅋㅋㅋㅋㅋㅋ
1780575963735,?
1780575963763,누구신지?
1780575963891,ㄱ-
1780575963897,룩삼 누구신지
1780575963961,?
1780575963990,룩삼 누구신지
1780575964009,??
1780575964027,ㅋㅋㅋㅋㅋㅋㅋㅋㅋㅋㅋㅋㅋㅋㅋㅋㅋㅋ
1780575964232,?
1780575964483,갑자기
1780575964489,줄서라
1780575964543,?
1780575964585,??
1780575964586,룩삼 누구신지?
1780575964589,?
1780575964596,??
1780575964698,?
1780575964761,?
1780575964776,?
1780575964783,??
1780575964792,ㅋㅋㅋㅋㅋㅋㅋㅋㅋㅋㅋㅋㅋㅋㅋㅋㅋ
1780575964797,?
1780575964819,ㅋㅋㅋㅋㅋㅋㅋㅋㅋ
1780575964841,?
1780575965081,ㅋㅋㅋㅋㅋㅋㅋㅋㅋㅋㅋㅋㅋㅋ
1780575965121,?
1780575965123,ㅋㅋㅋㅋㅋㅋㅋㅋ
1780575965172,?
1780575965174,??
1780575965535,?
1780575965561,?
1780575965630,?
1780575965642,ㅋㅋㅋㅋㅋㅋㅋㅋㅋㅋㅋㅋㅋㅋㅋㅋㅋㅋㅋㅋㅋ
1780575965658,?
1780575965686,경상도 그만 긁으라고 ㅡㅡ
1780575965734,?
1780575965739,룩삼 누구신지
1780575965764,{:d_126:}
1780575965892,??
1780575965907,{:d_126:}{:d_126:}{:d_126:}
1780575965957,일본도 물어보셈
1780575965978,일부러 이러나
1780575966070,ㅋㅋㅋㅋㅋㅋㅋㅋㅋㅋㅋㅋㅋㅋㅋㅋㅋㅋㅋ
1780575966078,ㅋㅋㅋㅋㅋㅋㅋ
1780575966091,?
1780575966113,'???????????????????????
1780575966146,아오
1780575966159,가슴은 왜 치냐고 ㅋㅋㅋ
1780575966167,습박
1780575966212,쉿
1780575966272,?
1780575966304,룩삼 누구신지 ㅋㅋㅋㅋㅋㅋㅋㅋ
1780575966309,누구신지?
1780575966325,ㅋㅋㅋㅋㅋㅋㅋㅋㅋㅋㅋㅋㅋㅋㅋㅋㅋㅋㅋ
1780575966325,ㅋㅋㅋㅋㅋㅋㅋㅋㅋㅋ
1780575966516,후 유
1780575966547,누구세요?
1780575966553,아으 ㅋㅋ
1780575966591,룩삼 누구신지
1780575966759,뭐하냐
1780575966896,{:d_126:}
1780575966988,타령하냐 ㅋㅋ
1780575967018,ㅋㅋㅋㅋㅋㅋㅋㅋㅋㅋㅋㅋㅋㅋㅋㅋㅋㅋㅋㅋ
1780575967034,손 뭐냐고
1780575967116,룩삼 누구신지
1780575967224,?
1780575967236,상시 조롱
1780575967267,ㄴㅈ
1780575967290,아오
1780575967375,?
1780575967423,팬더소라소라소라팬임
1780575967602,?
1780575967671,뺀다뺀다더뺀다 라고
1780575967854,팬팬팬더허
1780575967904,ㅋㅋㅋㅋㅋㅋㅋㅋㅋㅋㅋㅋㅋㅋ
1780575967955,{:d_126:}{:d_126:}
1780575968130,즉시무례
1780575968293,?
1780575968327,아오 ㅅㅂ 저긴 경주 아니잖아
1780575968334,소라이 매치~
1780575968381,?
1780575968515,{:d_126:}{:d_126:}{:d_126:}{:d_126:}
1780575968626,아오 ㅋㅋㅋ
1780575968785,또또 지역비하
1780575968915,ㅋㅋㅋㅋㅋㅋㅋㅋㅋㅋㅋㅋㅋㅋㅋㅋㅋㅋ
1780575969220,룩삼 누구신지
1780575969242,요즘애들은 그런거 안해
1780575969365,ㄱ-
1780575969476,룩삼 누구신지
1780575969653,룩 뭐시기 누군데
1780575969832,바로 지역비하
1780575969883,근대 저거 요즘애들 하긴함?
1780575970310,나이대가 안해봤을거같은데...
1780575970352,ㅋㅋㅋㅋㅋㅋ
1780575970851,습박 ㅋㅋㅋㅋ
1780575970979,ㅋㅋㅋㅋㅋㅋㅋㅋㅋㅋㅋㅋ
1780575971167,일본도 물어보셈 ㄱㄱ
1780575971223,이게 미칬나
1780575971251,룩삼 누구신지?
1780575971689,그룩누
1780575972153,ㅋㅋㅋㅋㅋㅋㅋㅋㅋㅋㅋㅋㅋㅋㅋㅋㅋㅋ
1780575972272,정신 나갔나
1780575972399,룩삼 누구신지?
1780575972635,일본 데덴찌
1780575972639,혹시 기흉 왔나요?
1780575973330,아 그거아니라곶ㅋㅋㅋ
1780575973346,ㅋㅋㅋㅋㅋ
1780575973415,룩사미 뭐애요?;;
1780575973457,미남이
1780575973854,룩삼 누구세요?..
1780575973886,요즘애들은 그런거 안하지 않나
1780575974339,루꾸사무떼? 다레?
1780575974351,ㅋㅋㅋㅋㅋㅋㅋㅋㅋㅋㅋㅋㅋ
1780575975494,치바버전 ㄹㅇ
1780575975522,ㅋㅋㅋㅋㅋㅋ
1780575975560,마떼루용
1780575975690,08이라 저런거 안할듯
1780575976024,ㅋㅋㅋㅋㅋㅋㅋㅋ
1780575976032,ㅋㅋㅋㅋㅋㅋㅋㅋ
1780575976236,ㅋㅋㅋㅋㅋㅋㅋㅋㅋ
1780575976467,나 경남 사는데 뭐냐 ㅋㅋ
1780575976562,ㅋㅋㅋㅋㅋㅋㅋㅋㅋㅋㅋㅋㅋㅋㅋㅋㅋㅋㅋㅋㅋㅋㅋㅋㅋㅋㅋㅋㅋㅋㅋㅋㅋㅋ
1780575976653,ㅋㅋㅋㅋㅋ
1780575976753,ㅋㅋㅋㅋㅋㅋㅋㅋㅋㅋㅋㅋ
1780575976756,ㅋㅋㅋㅋㅋㅋㅋㅋㅋ
1780575976756,??
1780575976796,?
1780575976854,ㅋㅋㅋㅋㅋㅋㅋㅋㅋㅋㅋㅋㅋㅋ
1780575976863,ㅋㅋㅋㅋㅋㅋㅋㅋㅋㅋㅋㅋㅋㅋㅋㅋㅋㅋㅋㅋㅋㅋㅋㅋㅋㅋㅋㅋㅋㅋㅋㅋㅋㅋㅋㅋㅋㅋㅋㅋㅋㅋㅋㅋㅋㅋ
1780575976991,ㅋㅋㅋㅋㅋㅋ
1780575977152,ㅋㅋㅋㅋㅋㅋㅋㅋㅋㅋㅋㅋㅋㅋㅋㅋㅋㅋㅋㅋㅋㅋㅋㅋㅋㅋㅋㅋㅋㅋㅋㅋㅋㅋㅋㅋㅋㅋㅋㅋㅋㅋㅋ
1780575977222,애국가 부르는 일본인
1780575977560,ㅋㅋㅋㅋㅋㅋㅋㅋㅋㅋㅋㅋ
1780575977768,치바현 ㅋㅋㅋㅋㅋㅋㅋ
1780575977926,ㅋㅋㅋㅋㅋㅋㅋㅋㅋ
1780575978017,오
1780575978029,ㅋㅋㅋㅋㅋㅋㅋㅋㅋㅋㅋㅋㅋㅋㅋㅋㅋㅋㅋ
1780575978135,룩삼/논란/지역비하
1780575978219,있어?
1780575978279,ㅋㅋㅋㅋㅋㅋㅋㅋㅋㅋㅋㅋㅋ
1780575978477,치바버전
1780575978482,치바현 스타일 ㅋㅋㅋㅋ
1780575978493,ㅋㅋㅋㅋㅋㅋㅋㅋㅋㅋㅋㅋㅋㅋ
1780575978610,데덴찌
1780575978633,???
1780575978677,그래서 룩사미가 누군데
1780575978945,예?ㅋㅋㅋㅋ
1780575979081,데덴찌아닌가
1780575979211,ㅋㅋㅋㅋㅋㅋㅋㅋㅋㅋㅋㅋㅋ
1780575979281,갸루 데덴찌
1780575979336,치바버전ㅋㅋㅋ
1780575980348,ㄹㅇ
1780575980853,초대석 단골멘트로 ㅋㅋ
1780575981769,맛뗴루용 `
1780575981879,ㅋㅋㅋㅋㅋㅋㅋㅋㅋㅋㅋ
1780575981883,치바 버전 있나요
1780575982162,공항이 치바여
1780575982173,놀이터를 안나가놀았어요...
1780575982236,충청도 아이돌 하루토
1780575982306,도쿄 치바
1780575982391,하루토 ㅋㅋㅋㅋ
1780575982429,갸루 데덴찌는 뭘까
1780575982680,룩삼이 뭔데?
1780575982710,ㄹㅇ
1780575983067,치바현 ㅋㅋㅋ
1780575983075,ㅋㅋㅋㅋㅋㅋㅋㅋㅋㅋㅋㅋㅋ
1780575983608,ㅋㅋㅋㅋㅋㅋㅋㅋㅋㅋㅋ
1780575984273,치바갸루
1780575984327,ㅋㅋㅋㅋㅋㅋㅋㅋㅋㅋㅋㅋㅋ
1780575984511,ㅋㅋㅋㅋㅋㅋㅋㅋㅋㅋ
1780575984713,그사람은 그냥 한국인이잖아
1780575984916,ㅋㅋㅋㅋㅋㅋㅋㅋㅋㅋㅋㅋ
1780575984942,이미 한국인 ㅋㅋㅋ
1780575984962,거긴 한국인임 ㅋㅋㅋㅋㅋㅋㅋㅋㅋㅋ
1780575985053,얘도 그 급임
1780575985364,미나미도 그래
1780575985369,ㅋㅋㅋㅋㅋㅋㅋㅋㅋㅋㅋㅋㅋㅋㅋㅋㅋㅋㅋㅋㅋㅋㅋ
1780575985534,여기도 한국인인데
1780575985551,ㅋㅋㅋㅋㅋㅋㅋㅋㅋㅋ
1780575985600,ㅋㅋㅋㅋㅋㅋㅋㅋㅋㅋㅋㅋㅋ
1780575985727,ㅋㅋㅋㅋㅋㅋㅋㅋㅋㅋㅋㅋㅋㅋㅋㅋㅋㅋㅋ
1780575985817,한국인이셔
1780575986210,ㅋㅋㅋㅋㅋㅋㅋㅋㅋ
1780575986259,ㅋㅋㅋㅋㅋㅋㅋㅋ
1780575986347,ㅋㅋㅋㅋㅋㅋㅋㅋㅋㅋㅋㅋㅋㅋㅋㅋㅋㅋ
1780575986367,ㅋㅋㅋㅋㅋㅋㅋㅋㅋㅋㅋㅋㅋㅋㅋㅋㅋㅋㅋㅋㅋㅋㅋㅋㅋㅋ
1780575986390,ㅋㅋㅋㅋㅋㅋㅋㅋㅋ
1780575986530,ㅋㅋㅋㅋㅋㅋㅋㅋㅋㅋ
1780575986542,ㅋㅋㅋㅋㅋㅋㅋㅋㅋㅋㅋㅋㅋ
1780575986543,ㅋㅋㅋㅋㅋㅋㅋㅋㅋㅋㅋㅋㅋㅋㅋㅋㅋㅋ
1780575986660,ㅋㅋㅋㅋㅋㅋㅋㅋㅋㅋㅋ
1780575986722,저런
1780575986783,ㅋㅋㅋㅋㅋㅋㅋㅋㅋㅋㅋㅋㅋㅋㅋㅋㅋㅋㅋㅋ
1780575987035,ㅋㅋㅋㅋㅋㅋㅋㅋㅋㅋㅋㅋㅋㅋㅋㅋ
1780575987127,ㅋㅋㅋㅋㅋㅋㅋㅋㅋㅋㅋㅋㅋㅋㅋ
1780575987189,ㅋㅋㅋㅋㅋㅋㅋㅋㅋㅋ
1780575987206,ㅋㅋㅋㅋㅋㅋㅋㅋㅋㅋㅋㅋ
1780575987416,ㅋㅋㅋㅋㅋㅋㅋㅋㅋㅋㅋㅋㅋㅋㅋㅋㅋㅋㅋㅋㅋㅋㅋㅋㅋㅋㅋㅋㅋㅋ
1780575987510,이 분도 한국인이여
1780575987536,ㅋㅋㅋㅋㅋㅋㅋㅋㅋㅋㅋㅋㅋㅋㅋㅋㅋ
1780575987628,아..
1780575987718,여기도 한국인 아니냐?
1780575987795,ㅋㅋㅋㅋㅋㅋㅋㅋㅋㅋㅋㅋㅋㅋㅋ
1780575987806,ㅋㅋㅋㅋㅋㅋㅋㅋㅋㅋㅋ
1780575987834,ㅋㅋㅋㅋㅋㅋㅋㅋㅋㅋㅋㅋ
1780575987834,ㅠㅠ
1780575987998,ㅋㅋㅋㅋㅋㅋㅋ
1780575988070,찐 토종 한국인
1780575988253,ㅋㅋㅋㅋㅋㅋㅋㅋㅋㅋㅋㅋㅋㅋㅋㅋ
1780575988329,ㅋㅋㅋㅋㅋㅋㅋㅋㅋㅋㅋ
1780575988353,ㅋㅋㅋㅋㅋㅋㅋ
1780575988496,ㅋㅋㅋㅋㅋㅋㅋㅋㅋㅋㅋㅋㅋㅋㅋ
1780575988543,ㅋㅋㅋㅋㅋㅋ
1780575988612,ㅋㅋㅋㅋ
1780575988699,ㅋㅋㅋㅋㅋㅋㅋㅋㅋㅋㅋㅋ
1780575988729,ㅋㅋㅋㅋㅋㅋㅋㅋㅋㅋㅋㅋㅋㅋ
1780575988973,우즈마키하루토
1780575989041,갸루의 데덴찌
1780575989041,이분도 거의 한국인임
1780575989102,ㅋㅋㅋㅋㅋㅋㅋㅋㅋㅋ
1780575989192,얘도 비슷할걸
1780575989294,이분도 그럴텐데
1780575989389,ㅋㅋㅋㅋㅋㅋㅋㅋㅋㅋㅋㅋㅋ
1780575989455,이 분도 한국인급임
1780575989519,한국인임
1780575989591,치바버전?
1780575989735,ㅋㅋㅋㅋㅋㅋㅋㅋㅋㅋㅋㅋㅋㅋㅋㅋㅋㅋ
1780575989833,ㅋㅋㅋㅋㅋㅋㅋㅋㅋㅋㅋㅋㅋㅋㅋㅋㅋㅋㅋㅋㅋㅋㅋㅋㅋㅋㅋㅋㅋㅋㅋㅋㅋㅋㅋ
1780575989920,미나미도 한국인급임 ㅋㅋㅋ
1780575990072,일본인 아니라니까 그사람
1780575990144,ㄹㅇ?
1780575990212,저분도 한국어 잘하는데?
1780575990246,ㅋㅋㅋㅋㅋㅋㅋㅋㅋㅋ
1780575990635,씹 ㅋㅋㅋㅋㅋㅋㅋㅋㅋㅋㅋㅋㅋㅋㅋㅋㅋㅋㅋㅋㅋㅋ
1780575990767,ㅋㅋㅋㅋㅋㅋㅋㅋ
1780575990981,기억이 없어
1780575991013,미나미도 한국인임 거의 ㅋㅋㅋ
1780575991023,치바사는데 구~빠 << 이거임
1780575991024,ㅋㅋㅋㅋㅋㅋㅋ
1780575991075,ㅋㅋㅋㅋㅋㅋㅋㅋㅋ
1780575991446,ㄱ-
1780575991745,ㅋㅋㅋㅋㅋㅋㅋㅋㅋㅋㅋ
1780575991815,ㅋㅋㅋㅋㅋㅋㅋㅋㅋㅋㅋㅋㅋㅋㅋㅋㅋㅋㅋㅋ
1780575991931,저런
1780575992058,편 먹은 기억이 사라짐 ㅋㅋ
1780575992089,얘 한국인임 ㅋㅋ
1780575992125,여기도 한국인데
1780575992171,저런ㅋㅋㅋㅋㅋㅋㅋㅋㅋㅋㅋㅋㅋㅋ
1780575992204,편먹기 일본버젼
1780575992297,이분도 한국인인데
1780575992449,ㅋㅋㅋㅋㅋㅋㅋㅋㅋㅋㅋㅋ
1780575992494,ㅋㅋㅋㅋㅋㅋㅋㅋㅋㅋ
1780575992506,ㅋㅋㅋㅋㅋㅋㅋㅋㅋ
1780575992738,여기도일듯 ㅋㅋㅋ
1780575992951,이분도 사실상
1780575993120,ㅋㅋㅋㅋㅋㅋㅋㅋㅋㅋㅋㅋㅋ
1780575993141,ㅋㅋㅋㅋㅋㅋㅋㅋ
1780575993159,여기도 한국인인데 ㅋㅋㅋ
1780575993180,얘도 그럴 거 같은데
1780575993231,치바 데덴지
1780575993351,ㅋㅋㅋㅋㅋㅋㅋㅋㅋㅋㅋㅋㅋㅋㅋㅋ
1780575993390,저사람도 똑같음 ㅇㅇ
1780575993427,기억을못함 ㅋㅋ
1780575993496,ㅋㅋㅋㅋㅋㅋㅋㅋㅋㅋㅋㅋㅋ
1780575993502,사실상 귀화 ㅋㅋㅋ
1780575993567,ㅈㄴ웃기네 ㅋㅋㅋㅋㅋㅋㅋㅋ
1780575993648,한국인보다 한국어 잘하던데
1780575993677,사실상 한국인
1780575993723,저 사람도 그럴걸?
1780575993733,까먹어버림 ㅋㅋ
1780575993919,갸루 데덴찌 ㅋㅋㅋㅋㅋㅋㅋㅋㅋㅋㅋㅋㅋㅋㅋㅋㅋ
1780575993985,이분도 비슷해
1780575994026,아 데덴찌에요
1780575994239,ㄹㅇ
1780575994433,그녀석 ㅋㅋ
1780575994442,ㅋㅋㅋㅋㅋㅋㅋㅋㅋㅋㅋㅋㅋㅋ
1780575994480,미나미도...
1780575994528,그녀석
1780575994533,한국잼
1780575994581,여기도 한국어 고트신데
1780575994605,저런
1780575994816,이분도 한국인이
1780575995160,미나미도 한국인이야
1780575995162,ㅋㅋㅋㅋㅋㅋㅋㅋ
1780575995187,ㅋㅋㅋㅋㅋㅋㅋ
1780575995264,여기도 거의
1780575995482,ㅋㅋㅋㅋㅋㅋㅋㅋㅋㅋ
1780575995533,ㅋㅋㅋㅋㅋㅋㅋㅋㅋㅋㅋㅋㅋㅋㅋㅋㅋㅋㅋㅋㅋㅋㅋㅋㅋㅋㅋㅋㅋㅋㅋㅋㅋㅋㅋㅋㅋㅋㅋㅋ
1780575995573,우즈마키 하루토
1780575995632,여기도 뭐 ㅋㅋ
1780575996014,그녀석 ㅋㅋㅋㅋㅋㅋ
1780575996070,미나미도 거의 그 급인데
1780575996073,얘도 원어민급일텐데
1780575996373,여기도 중딩때 왔어 ㅋㅋㅋㅋㅋㅋㅋㅋㅋ
1780575996597,얘도 15살에
1780575996708,이분도 비슷할거같은데
1780575996772,그녀석은 한국인이였어
1780575996957,저런...
1780575997078,이 분도 거의 한국인임ㅋㅋ
1780575997185,미나미도 현지화 됐음
1780575997250,미나미도 음
1780575997273,미나미도 거의 한국인이던데
1780575997356,미나미는 더할거 같은데 완전 한국인인데
1780575997715,여기가 더 현지화 수준이던데
1780575997843,경주사람인데 팬더소라 좀 긁히네;
1780575997970,미나미 한국에서 학교다녔어
1780575998009,여기도...
1780575998058,미나미도 15살에 한국와서
1780575998061,국힙좌
1780575998246,한적화
1780575998391,이분도 나보다 한국어말 잘하셔
1780575998606,미나미도 고등학교때부터옴
1780575998692,이분도 사실상 한국인임
1780575999133,미나미도 물들었음
1780575999290,걘 걍 한국인이야
1780575999314,마찬가지 아닐까?
1780575999385,그 녀석
1780575999546,이분도 거의 삐까침
1780575999560,일본은 데덴찌 안해?
1780575999571,여기서 한국어 제일 잘하는데 팀에서
1780575999783,그사람은 국힙이러는데..
1780575999960,일본인 아니야 그사람 걍
1780576000265,이 사람도 비슷함
1780576000440,미나미는 일본어를 잘 모른데
1780576000811,이분도 엄청 일찍 한국왔던데
1780576001843,여기도 한국인이야
1780576002657,얘가 한국어 더잘함
1780576002696,미나미 한국어 ㄹㅈㄷ
1780576002842,그러게됫군
1780576002845,이분도 70퍼 정도 현지화 됐음
1780576003456,중학생까지 있었응께
1780576004971,이분도 한국인이여
1780576005134,얘도 걍 한국인이라
1780576005525,어머니한테
1780576006335,모실수 있을까
1780576006668,{:d_54:}
1780576006693,미나미가 한국말 젤잘하던데
1780576006906,재밌었다
1780576007315,룩삼 야호~
1780576007364,일본인이 국힙한다고함;
1780576007783,미나미 이분도 나보다 한국어말 잘하셔
1780576007928,리센느아
1780576008216,미나니 한국에서 학교다녔는데 ㅋㅋㅋㅋㅋㅋㅋㅋ
1780576008304,ㄷ갸루 라이브도 봐줭
1780576008575,미나미가 멤버중에서 발음 탑급인데
1780576009187,근데 미나미가 한국어 더잘하던데ㅋㅋㅋㅋ
1780576009316,유바
1780576009474,{:d_54:}{:d_54:}{:d_54:}{:d_54:}{:d_54:}{:d_54:}
1780576010165,리센느 야호~
1780576010281,미나미 풀피라 모를수도
1780576010792,{:d_54:}
1780576010899,이제 황해 ㄱ
1780576010966,구두계약
1780576011318,딱1시간걸렷네
1780576011886,나 치바사는데 구~또빠데 와카레마쇼 << 이거임
1780576012910,룩삼 야호
1780576013027,꼭 한번 모시자 진짜
1780576013195,파라파라 들었음?
1780576013987,{:d_54:}{:d_54:}{:d_54:}
1780576015153,매력 뒤짐
1780576015155,예능감
1780576015193,미나미는 천재끼가 있음
1780576015952,팬 팬 팬~더~소라~
1780576016258,재밌어 그냥
1780576016832,순수 재미 고트
1780576016899,그냥 재밌음
1780576016922,성수편도 지리는데
1780576017585,초대석하나요?
1780576017602,그냥 매력이 넘쳐
1780576017633,매력이 쩔어
1780576017689,그냥 재밌어
1780576017910,빌드업이 탄탄하게 뜸
1780576018079,순수재밌음
1780576018229,재밌음
1780576018256,사람이 밝음
1780576018949,몰래온손님으로 왔다고 리센느??
1780576019411,그냥 재밋음 ㅋㅋ
1780576019623,그냥 미침 ㅋㅋㅋㅋㅋ
1780576019799,야호~~
1780576020003,순수하게 재밌음
1780576020188,뜨는데는 이유가 있어
1780576020442,순수재미 ㄷ
1780576020565,그냥 매력적임
1780576020704,매력 넘침 ㄹㅇ
1780576020740,물고기 물고기
1780576020997,ㅇㅇ
1780576021173,ㄹㅇ
1780576021285,순수 재미
1780576021364,순수 재미 첵릅
1780576021533,오이데
1780576021885,거를게없다
1780576022209,지금 유튭에 리센느가 너무 많아
1780576022409,야호
1780576022424,거를 타선이 없음
1780576022694,다 매력적이야
1780576022746,재밌다
1780576022863,순수재미
1780576022879,맛떼루용...
1780576022927,ㄹㅇ
1780576023273,걍 순수재미가 ㅈ됨
1780576023433,이쁜데 재밌어
1780576023646,ㄹㅇ
1780576023727,거를게없음
1780576024056,거를타선이 1도없음
1780576024059,아무거나 봐도 꿀잼임
1780576024119,풀로보면 더 재밌음
1780576024746,매력이 넘침
1780576024768,다 뜬 이유가 있음
1780576024902,ㄹㅇ 쉬워
1780576025417,순수재미
1780576025884,오이데 오이데
1780576025889,근데 데덴찌가 일본어 아님?
1780576025957,노래도 좋음
1780576026046,인간미가 넘침
1780576026283,파라파라
1780576026431,야 호
1780576026451,순수재미
1780576026453,섭외가 이제 안 될텐데
1780576026482,오이데
1780576026673,순 수 재 미
1780576026678,순수 재미긴해 ㅋㅋ
1780576026877,순수 재미
1780576027024,
1780576027319,야호~
1780576027346,순수 재미고트임 그룹임
1780576027513,걍 재밌어서 뜬거
1780576027811,거제 야호
1780576028059,오이데
1780576028081,중소 아이돌의 날것의 매력이 있음
1780576028228,물고기 물고기 오이데~
1780576028651,뜰만햇다
1780576029056,순수재미임
1780576029219,인스타에 자꾸뜨던데
1780576029306,이쁜데 재밌다? 1황
1780576029443,물놀이 하는게 읎네
1780576029507,맛떼루용
1780576030469,순수체급
1780576030616,사람이 매력이 넘림
1780576030942,ㅋㅋㅋㅋㅋㅋㅋㅋㅋㅋㅋ
1780576031172,파이리양
1780576031184,파이리
1780576031194,ㅋㅋㅋㅋㅋㅋㅋ
1780576031261,맛떼루요~
1780576031268,인간적이야
1780576031402,파이리
1780576031544,순수재미ㅇㅇ
1780576031932,파이리씨
1780576031987,으흫
1780576032287,장꾸표정ㅋㅋ
1780576032365,개귀여움
1780576032382,거제 파이리
1780576032521,미나미 갸루모드안풀리는게 개웃기는네 ㅋㅋㅋㅋ
1780576032700,파이리상
1780576032722,파이리~
1780576032757,개커여움
1780576032965,이효리깔임
1780576032973,다들 예능감이 좋아
1780576033030,ㅇㅇ원이
1780576033072,ㄹㅇ
1780576033172,대 이 리
1780576033179,원이가 재밌어 ㅇㅇ
1780576033198,파이리
1780576033208,ㄹㅇ
1780576033291,센스지림
1780576033508,덕연이 딸이랑 케이피 없는거 아쉽네
1780576033638,치트키야
1780576033741,채널주인
1780576033778,웃을떄가 귀여움
1780576033834,파이리
1780576033835,ㅇㅈ
1780576033895,ㅇㅇ 손 하늘 위 임
1780576033964,ㄹㅇ
1780576033980,맑눈광 ㄷㄷ
1780576033990,파이리
1780576034108,ㅋㅋㅋㅋㅋ
1780576034144,ㄹㅇ
1780576034274,거제굴톤 석굴웜톤
1780576034289,ㄹㅇㅋㅋ
1780576034340,매력있음
1780576034408,주인공롤임
1780576034416,파이리와 룩자몽
1780576034708,ㅇㅈ
1780576034873,테토녀
1780576034879,파이리
1780576035099,ㄹㅇ
1780576035234,매력이 지림
1780576035267,똘끼가 있어
1780576035317,ㅋㅋㅋ매력 지려~
1780576035373,거제
1780576035395,zz
1780576035628,리더 이유가 있어 ㅋㅋ
1780576035651,파이리상
1780576035763,파이리당
1780576035769,ㅇㅈ
1780576035910,리더가 맞다
1780576036016,룩삼 뜬거랑 비슷하네
1780576036145,파이리씨
1780576036318,원이양..
1780576036451,표정 장꾸력 지리네
1780576036515,다 그렇게 시작하는거야
1780576036631,파이리가 지림걍
1780576036668,파이리 좋아하셔 ~
1780576036669,파이리 ㅋㅋㅋ
1780576036741,파이리
1780576036763,채널주인이지
1780576036787,귀여워 ㅋㅋㅋ
1780576036944,인챈야호 다시 해봐
1780576036975,원이가 메인이야 ㅋㅋ 예능인
1780576037087,맞지
1780576037126,역시 리더야
1780576037162,거제 파이리
1780576037213,원이가 진짜 매력적임
1780576037225,ㅇㅈ
1780576037355,그러게
1780576037459,그래서 뜬거기 해
1780576037631,채널 주인인 이유 ㅋㅋ
1780576037675,파이리
1780576037722,옛날 시트콤 감성임
1780576037732,채널주인이니까
1780576037766,다끌어올렸지
1780576037885,순수재미임 그냥 재밌어
1780576037978,어 그러네?
1780576038075,채널주인이시잖아~
1780576038232,마증
1780576038272,주인장이니까
1780576038306,리더야~
1780576038326,거의 다 쟤 채널인데
1780576038915,그러게
1780576039294,대 원 이
1780576039368,상여자
1780576039542,아이태운 카니발
1780576039651,손 하늘 땅
1780576039680,안원잘부
1780576040088,그치
1780576040252,ㅋㅋㅋㅋㅋㅋㅋ
1780576040575,건강한 소녀
1780576040706,ㅁ일본어 맞음
1780576040917,ㄹㅇ
1780576040963,근데 일본은 안씀
1780576041014,파이리가 걍 순수재미야
1780576041455,ㄹㅇㅋㅋ
1780576041607,리더의책임감
1780576041917,거제 파이리씨
1780576042056,매력 쩔긴해
1780576042476,거제굴톤 파이리 원이
1780576043866,근데 일본인들이 잘 안씀
1780576044242,ㅋㅋㅋ
1780576044976,파이리 귀엽ㄱㅣㅇ해
1780576045105,이선민 초대석 ㄱㄱ
1780576045110,미혼상 ㅋㅋㅋㅋㅋㅋㅋㅋ
1780576045257,끼가 넘침
1780576045448,파이리가 얼굴이 특징이 있어
1780576045655,룩하
1780576046179,ㅋㅋㅋㅋㅋㅋㅋㅋㅋ
1780576046267,애 데리고 카니발
1780576046712,手天地
1780576047961,룩자몽이라 역시 파이리가 땡기는구나
1780576048017,확신의 기혼상
1780576048077,ㅋㅋㅋㅋㅋㅋ
1780576048591,ㅋㅋㅋㅋㅋㅋㅋㅋ
1780576048633,ㅋㅋㅋㅋㅋㅋㅋㅋㅋㅋㅋㅋㅋㅋ
1780576048712,ㅋㅋㅋㅋㅋㅋㅋㅋㅋㅋㅋ
1780576048793,안될 건 없죠
1780576049167,캬
1780576049214,ㅋㅋㅋㅋㅋㅋㅋㅋㅋㅋㅋㅋㅋㅋㅋㅋㅋㅋㅋㅋㅋㅋㅋㅋㅋㅋㅋㅋㅋㅋㅋㅋㅋㅋㅋㅋㅋㅋㅋㅋ
1780576049251,ㅋㅋㅋㅋㅋㅋㅋㅋㅋㅋㅋㅋㅋㅋㅋㅋㅋ
1780576049259,ㅋㅋㅋㅋㅋㅋㅋㅋㅋ
1780576049266,ㅋㅋㅋㅋ
1780576049268,ㅋㅋㅋㅋㅋㅋㅋㅋㅋㅋ
1780576049302,ㅋㅋㅋㅋㅋㅋㅋㅋㅋㅋㅋㅋㅋㅋ
1780576049415,ㅋㅋㅋㅋㅋㅋ
1780576049416,ㅋㅋㅋㅋㅋㅋㅋㅋㅋㅋㅋㅋㅋㅋㅋㅋㅋㅋㅋ
1780576049461,ㅋㅋㅋㅋㅋㅋㅋㅋ
1780576049498,ㅋㅋㅋㅋㅋ
1780576049603,ㅋㅋㅋㅋㅋㅋㅋㅋㅋ
1780576049612,ㅋㅋㅋㅋㅋㅋㅋㅋㅋㅋㅋㅋ
1780576049652,ㅋㅋㅋㅋㅋㅋㅋㅋㅋㅋㅋㅋㅋㅋㅋㅋㅋㅋㅋㅋ
1780576049758,ㅋㅋㅋㅋㅋㅋㅋㅋㅋㅋㅋㅋㅋㅋㅋㅋㅋ
1780576050129,ㅋㅋㅋㅋㅋㅋㅋㅋ
1780576050173,ㅋㅋㅋㅋㅋㅋㅋㅋ
1780576050217,ㅋㅋㅋㅋㅋㅋㅋㅋㅋㅋㅋㅋㅋㅋ
1780576050275,ㅋㅋㅋㅋㅋㅋㅋㅋ
1780576050279,ㅋㅋㅋㅋㅋㅋㅋㅋㅋㅋㅋㅋ
1780576050298,ㅋㅋㅋㅋㅋㅋㅋㅋㅋㅋㅋㅋ
1780576050308,ㅋㅋㅋㅋㅋㅋㅋㅋㅋㅋㅋ
1780576050379,ㅋㅋㅋㅋㅋㅋㅋㅋㅋㅋㅋㅋ
1780576050459,ㅋㅋㅋㅋㅋㅋㅋㅋㅋㅋㅋㅋ
1780576050499,ㅋㅋㅋㅋㅋㅋㅋㅋㅋㅋㅋㅋㅋㅋㅋㅋ
1780576050570,ㅋㅋㅋㅋㅋㅋㅋㅋㅋㅋㅋㅋㅋㅋ
1780576050595,ㅋㅋㅋㅋㅋㅋㅋㅋㅋㅋㅋㅋㅋ
1780576050649,저거보다 웃긴거 더많음 저채널
1780576050696,ㅋㅋㅋㅋㅋㅋㅋㅋ
1780576050737,ㅋㅋㅋㅋㅋㅋㅋㅋㅋㅋㅋㅋㅋㅋㅋ
1780576050751,ㅋㅋㅋㅋㅋㅋㅋㅋㅋㅋㅋㅋㅋㅋㅋㅋㅋ
1780576050855,ㅋㅋㅋㅋㅋㅋㅋㅋㅋㅋㅋㅋㅋ
1780576050862,ㅋㅋㅋㅋㅋㅋㅋ
1780576050866,ㅋㅋㅋㅋㅋㅋㅋㅋ
1780576050958,ㅋㅋㅋㅋㅋㅋㅋㅋㅋㅋㅋ
1780576051083,애기 태우고 카니발~
1780576051108,와
1780576051117,ㅋㅋㅋ
1780576051129,ㅋㅋㅋㅋㅋㅋㅋㅋㅋㅋㅋㅋㅋㅋㅋㅋㅋ
1780576051343,애기태우고 카니발
1780576051421,ㅋㅋㅋㅋㅋㅋ
1780576051442,ㅋㅋㅋㅋㅋㅋㅋㅋ
1780576051458,애기 카니발 ㅋㅋ
1780576051474,ㅋㅋㅋㅋㅋㅋㅋㅋㅋㅋㅋㅋㅋㅋㅋㅋㅋㅋㅋㅋㅋㅋㅋㅋㅋ
1780576051474,ㅋㅋㅋㅋㅋㅋㅋㅋㅋㅋㅋㅋㅋㅋㅋㅋㅋㅋ
1780576051510,ㅋㅋㅋㅋㅋㅋㅋㅋㅋㅋㅋㅋㅋㅋㅋㅋㅋㅋㅋㅋㅋㅋㅋㅋㅋㅋㅋㅋㅋㅋㅋ
1780576051554,ㅋㅋㅋㅋㅋㅋㅋㅋㅋㅋㅋㅋㅋㅋ
1780576051699,ㅋㅋㅋㅋㅋㅋㅋㅋㅋㅋㅋㅋㅋㅋㅋ
1780576051789,확신의 카니발상
1780576051807,ㅋㅋㅋㅋㅋㅋㅋㅋㅋㅋㅋㅋㅋㅋㅋㅋㅋㅋㅋㅋㅋㅋㅋㅋㅋㅋㅋㅋㅋㅋㅋㅋㅋㅋ
1780576051852,ㅋㅋㅋㅋㅋㅋㅋㅋㅋㅋㅋㅋㅋㅋㅋㅋㅋ
1780576051896,ㅋㅋㅋㅋㅋㅋㅋㅋㅋㅋㅋㅋㅋㅋㅋㅋㅋㅋㅋㅋㅋ
1780576051914,ㅋㅋㅋㅋㅋㅋㅋㅋㅋㅋㅋㅋㅋㅋㅋㅋㅋㅋㅋㅋㅋㅋㅋㅋㅋㅋㅋ
1780576051932,직구 ㅋㅋ
1780576052014,ㅋㅋㅋㅋㅋㅋㅋㅋㅋㅋㅋㅋㅋㅋㅋㅋㅋㅋㅋㅋㅋㅋㅋㅋㅋㅋㅋㅋㅋㅋㅋㅋㅋㅋㅋㅋㅋㅋㅋㅋㅋㅋㅋㅋㅋ
1780576052069,ㅋㅋㅋㅋㅋㅋㅋㅋㅋㅋㅋㅋㅋㅋㅋㅋ
1780576052184,ㅋㅋㅋㅋㅋㅋㅋㅋㅋㅋㅋ
1780576052194,ㅋㅋㅋㅋㅋㅋㅋㅋㅋㅋㅋㅋㅋㅋ
1780576052210,ㅋㅋㅋㅋㅋㅋ
1780576052212,ㅋㅋㅋㅋㅋㅋㅋㅋㅋㅋㅋㅋ
1780576052434,ㅋㅋㅋㅋㅋㅋㅋㅋㅋㅋㅋㅋㅋㅋㅋㅋ
1780576052470,ㅋㅋㅋㅋㅋㅋㅋㅋㅋㅋㅋㅋㅋㅋㅋㅋㅋ
1780576052475,정확함
1780576052579,애기 태우고 카니발~\
1780576052662,ㅋㅋㅋㅋㅋㅋㅋㅋㅋ
1780576052703,정답!
1780576052759,너...너.......
1780576052789,ㅋㅋㅋㅋㅋㅋㅋㅋㅋㅋㅋㅋㅋㅋㅋㅋㅋㅋ
1780576052822,ㅋㅋㅋㅋㅋㅋㅋㅋㅋㅋㅋㅋㅋㅋㅋㅋㅋㅋㅋㅋㅋ
1780576052822,애기태우고 카니발ㅋㅋㅋㅋ
1780576052848,ㅋㅋㅋㅋㅋㅋㅋㅋㅋㅋㅋ
1780576052977,애기태운 카니발횽이야~~~~~
1780576053324,애기태우고 << 이거 왜끼움 ㅋㅋㅋ
1780576053363,ㅋㅋㅋㅋㅋㅋㅋㅋㅋㅋㅋㅋㅋㅋ
1780576053458,ㅋㅋㅋㅋㅋㅋㅋㅋㅋㅋㅋㅋ
1780576053484,ㅋㅋㅋㅋㅋㅋㅋㅋㅋㅋㅋㅋㅋ
1780576053502,ㅋㅋㅋㅋㅋㅋㅋㅋㅋㅋㅋㅋ
1780576053576,미혼
1780576053717,기혼상 ㅋㅋㅋㅋㅋㅋㅋㅋㅋ
1780576053729,확신의 기혼상
1780576053801,ㅋㅋㅋㅋㅋㅋㅋㅋㅋㅋㅋㅋㅋㅋㅋㅋㅋㅋㅋㅋㅋㅋㅋㅋㅋㅋㅋㅋㅋㅋㅋㅋㅋㅋㅋㅋㅋㅋㅋㅋㅋㅋㅋㅋㅋㅋㅋㅋㅋㅋㅋㅋㅋㅋㅋㅋㅋㅋㅋㅋㅋㅋㅋㅋㅋㅋㅋㅋㅋㅋㅋㅋㅋㅋㅋㅋㅋㅋㅋㅋㅋㅋㅋㅋㅋㅋㅋㅋㅋㅋㅋㅋ
1780576053813,기혼상 ㅋㅋㅋ
1780576053854,ㅈㄴ찰떡임
1780576053904,원이가 다 떠먹여 살린다
1780576053941,너무 공감됨
1780576053954,ㅋㅋㅋㅋㅋㅋㅋㅋㅋㅋㅋㅋㅋ
1780576053958,ㅋㅋㅋㅋㅋㅋㅋㅋㅋㅋㅋㅋㅋㅋㅋ
1780576053963,ㅋㅋㅋㅋㅋㅋㅋㅋㅋㅋㅋㅋㅋㅋㅋ
1780576053971,ㅋㅋㅋㅋㅋ
1780576054041,긁
1780576054163,ㅋㅋㅋㅋㅋㅋㅋㅋㅋ
1780576054196,너어~
1780576054257,확신의 기혼상
1780576054370,ㅋㅋㅋㅋㅋㅋㅋㅋㅋㅋㅋㅋㅋㅋㅋㅋㅋㅋㅋㅋㅋㅋㅋㅋㅋㅋㅋㅋㅋㅋㅋㅋ
1780576054379,정답
1780576054398,ㅋㅋㅋㅋㅋㅋㅋㅋㅋㅋㅋ
1780576054629,ㅋㅋㅋㅋㅋㅋㅋㅋㅋㅋㅋㅋㅋ
1780576054737,ㅋㅋㅋㅋㅋㅋㅋㅋㅋ
1780576054864,ㅈㄴ잘어울려
1780576054917,ㅋㅋㅋㅋㅋㅋㅋㅋㅋㅋ
1780576054934,ㅈㄴ 노빠꾸
1780576054950,찰떡
1780576055139,확신의 기혼상
1780576055451,37세 미혼 ㅋㅋㅋㅋㅋㅋㅋ
1780576055622,ㅈㄴ웃김 ㅋㅋ
1780576055724,ㅋㅋㅋㅋㅋㅋㅋㅋㅋㅋㅋㅋㅋㅋ
1780576055753,확신의 카니발
1780576055764,확신의...ㅋㅋㅋ
1780576055991,노빠꾸 ㅋㅋ
1780576056212,ㅋㅋㅋㅋㅋㅋㅋㅋㅋㅋ
1780576056294,ㅈㄴ웃겨
1780576056484,확신의 애둘 카니발상
1780576056575,{:d_94:}{:d_44:}{:d_44:}{:d_44:}{:d_44:}
1780576056729,ㅋㅋㅋㅋㅋㅋㅋㅋㅋ
1780576056782,확신의 카니발상
1780576057031,확신의 카니발상 ㅋㅋㅋ
1780576057123,애기태우고 카니발 ㅋㅋㅋㅋㅋㅋㅋㅋㅋ
1780576057154,확신의 기혼상
1780576057372,멘트 수준 ㅋㅋㅋㅋㅋ
1780576057397,확신의 중학교 아들아빠상
1780576057560,ㅋㅋㅋㅋㅋㅋㅋㅋㅋㅋ
1780576057618,ㅋㅋㅋㅋㅋㅋㅋㅋㅋㅋㅋㅋㅋㅋㅋ
1780576057899,근데 ㅈㄴ잘어울림ㅋ
1780576057899,스냅백에 카니발
1780576058155,미혼인게 ㅋㅋㅋㅋ
1780576058350,ㅋㅋㅋㅋㅋㅋㅋㅋㅋㅋㅋㅋㅋㅋㅋㅋㅋㅋㅋㅋㅋㅋㅋㅋㅋㅋㅋㅋㅋㅋㅋㅋ
1780576058609,확신의 카니발상
1780576058691,ㅋㅋㅋㅋㅋㅋㅋㅋㅋㅋㅋㅋㅋㅋㅋ
1780576058807,그렇게 생기긴했어
1780576058871,어울리긴 해
1780576059559,근데 정확해보이긴 해 ㅋㅋ
1780576060295,애기 태우고는 왜
1780576060714,ㄱ-
1780576060800,너어...
1780576061195,37세 미혼 ㅋㅋㅋㅋ
1780576061243,누가봐도 유부남아님?ㅋㅋㅋㅋㅋ
1780576061566,저게 ㅈㄴ웃김
1780576061679,ㅋㅋㅋㅋㅋㅋㅋㅋㅋㅋㅋㅋㅋㅋㅋㅋㅋ
1780576062029,확신의 유부남상
1780576062191,뚜벅이
1780576062962,저날이 초면일텐데'
1780576063009,ㅋㅋㅋㅋㅋㅋㅋㅋㅋㅋㅋㅋㅋㅋㅋ
1780576063038,확신의 카니발 ㅋㅋㅋㅋㅋㅋㅋ
1780576063248,ㅋㅋㅋㅋㅋㅋㅋㅋㅋㅋㅋㅋㅋㅋㅋㅋㅋㅋㅋ
1780576063253,인젤이랑 동갑임 ㅋㅋ
1780576063459,선포티 ㅋㅋㅋㅋㅋㅋㅋㅋㅋㅋㅋㅋㅋ
1780576063784,ㅋㅋㅋㅋㅋㅋㅋㅋㅋㅋㅋㅋ
1780576063813,ㅋㅋㅋㅋㅋㅋㅋㅋㅋㅋㅋㅋㅋㅋㅋㅋㅋ
1780576063916,ㅋㅋㅋㅋㅋㅋㅋㅋㅋㅋㅋㅋㅋㅋㅋ
1780576064150,뚜벅이 ㅋㅋㅋ
1780576064332,ㅋㅋㅋㅋㅋㅋㅋㅋㅋ
1780576064399,ㅋㅋㅋㅋㅋㅋㅋㅋㅋㅋㅋㅋㅋㅋㅋㅋㅋㅋㅋㅋ
1780576064534,ㅋㅋㅋㅋㅋㅋㅋㅋㅋㅋㅋㅋㅋㅋㅋㅋ
1780576064559,트럼프가 ㅈㄴ 웃긴데 ㅋㅋㅋㅋㅋㅋㅋㅋㅋㅋㅋㅋㅋ
1780576064776,ㅋㅋㅋㅋㅋㅋㅋㅋㅋㅋㅋㅋㅋ
1780576064868,걸어댕겨
1780576064895,지하처 ㄹ ㅋ
1780576064906,ㅋㅋㅋㅋㅋㅋㅋㅋㅋㅋㅋㅋㅋㅋㅋㅋㅋㅋㅋ
1780576065012,지하철!
1780576065133,너도 언젠가 물어보자
1780576065388,지하철
1780576066001,뚜벅이 ㅋㅋㅋㅋㅋㅋ
1780576066004,ㅋㅋㅋㅋㅋㅋㅋㅋㅋㅋㅋㅋㅋㅋ
1780576066044,확신의 포티상ㅋㅋㅋㅋㅋㅋㅋㅋㅋㅋㅋㅋㅋㅋㅋㅋㅋㅋㅋㅋㅋㅋㅋㅋ
1780576066046,ㅋㅋㅋㅋㅋㅋㅋㅋㅋㅋㅋㅋㅋㅋㅋㅋㅋ
1780576066047,ㅋㅋㅋㅋㅋㅋㅋㅋㅋㅋㅋㅋㅋㅋ
1780576066079,ㅋㅋㅋㅋㅋㅋㅋㅋㅋㅋㅋㅋㅋㅋㅋㅋㅋㅋㅋㅋㅋㅋ
1780576066122,ㅋㅋㅋㅋ
1780576066286,뚜벅st
1780576066300,진짜 숨도 안쉬고 패네 ㅋㅋ
1780576066352,뚜벅잇아
1780576066411,ㅋㅋㅋㅋㅋㅋㅋㅋㅋㅋㅋㅋㅋㅋㅋㅋㅋㅋㅋㅋ
1780576066573,ㅋㅋㅋㅋㅋㅋㅋㅋㅋㅋㅋ
1780576066659,ㅋㅋㅋㅋㅋㅋㅋ
1780576066712,팩트충이네
1780576066852,지하철 ㅋㅋ
1780576067079,ㅋㅋㅋㅋㅋㅋㅋㅋㅋㅋㅋㅋㅋㅋㅋㅋ
1780576067314,몇번 만나고 저런 딜을 ㅋㅋ
1780576067515,하철이횽 ㅋㅋ
1780576067536,너태웟어 뒤에
1780576067545,지하철 ㅋㅋㅋㅋㅋㅋㅋ
1780576067654,지하철ㅋㅋㅋㅋㅋㅋㅋㅋㅋㅋㅋㅋㅋㅋㅋㅋ
1780576067710,k5
1780576067749,애기태우고 카니발
1780576067878,어울ㄹ리는게 없어요...
1780576067931,지하철 ㅋㅋㅋㅋㅋㅋ
1780576068092,말넘심 ㅋㅋㅋㅋ
1780576068285,ㅋㅋㅋㅋㅋㅋㅋ
1780576068360,확신의 지하철 상
1780576068582,지하철 십 ㅋㅋㅋㅋㅋㅋㅋㅋㅋㅋㅋㅋㅋㅋㅋㅋㅋㅋ
1780576068586,뚜벅이
1780576068713,ㅋㅋㅋㅋㅋㅋㅋ
1780576068736,순수비난 ㅋㅋㅋ
1780576068756,저게 초면임 ㅋㅋㅋㅋㅋㅋㅋㅋ
1780576068826,ㅋㅋㅋㅋㅋ뚜벅이상 개웃김ㅋㅋㅋㅋㅋㅋㅋㅋㅋㅋㅋㅋ
1780576069243,진짜긴해
1780576069261,지하철 ㅋㅋㅋㅋㅋ
1780576069486,이걸 거의1년찍었을걸
1780576069545,너어!
1780576069558,지하철 ㅋㅋㅋㅋ
1780576069595,트럼프가 ㅈㄴ 웃김
1780576070032,뚜벅이 ㅋㅋㅋㅋㅋㅋㅋㅋ
1780576070058,ㅋㅋㅋㅋㅋㅋㅋㅋㅋㅋㅋㅋㅋㅋㅋㅋㅋㅋㅋㅋㅋㅋㅋㅋㅋㅋㅋㅋ
1780576070388,확신의 카니발상
1780576070912,ㅋㅋㅋㅋㅋㅋㅋ
1780576071017,지하철 ㅋㅋ
1780576071135,ㅈㄴ웃김ㅋㅋㅋㅋ
1780576072300,미... 미혼입니다
1780576072531,그런게 오히려더...
1780576073241,유영우 걸어다녀
1780576073291,포티횽이야ㅏㅏㅏㅏㅏㅏㅏㅏㅏㅏㅏ악
1780576073339,그녀석... 한국인이 되버려
1780576073452,지하철이 제일 비싸긴 하지
1780576074564,애기태운 카니발
1780576074581,확실한 포티
1780576074782,안될건 없죠
1780576076541,안 될 건 없죠?
1780576077598,박으면 안되는 차량 브렌드도 웃긴데
1780576077794,연수아저씨가 근본이긴해
1780576078256,양발운전횽
1780576078621,ㅋㅋㅋㅋㅋㅋㅋㅋㅋㅋㅋㅋ
1780576079865,뚜벅이상ㅋㅋㅋ
1780576080009,재밌는 쇼츠 ㅈㄴ 많음
1780576080063,ㅋㅋㅋㅋㅋㅋㅋㅋㅋㅋㅋㅋ
1780576080359,ㅋㅋㅋㅋㅋㅋㅋㅋㅋㅋㅋㅋ
1780576080388,ㅋㅋㅋㅋㅋㅋㅋㅋㅋㅋㅋㅋㅋㅋ
1780576080453,ㅋㅋㅋㅋㅋㅋㅋㅋㅋㅋㅋㅋㅋㅋㅋㅋㅋㅋㅋㅋㅋㅋㅋㅋㅋㅋㅋ
1780576080627,안될건없죠
1780576080768,ㅋㅋㅋㅋㅋㅋㅋㅋㅋ
1780576081135,ㅋㅋㅋㅋㅋㅋㅋㅋㅋㅋㅋㅋㅋ
1780576081172,ㅋㅋㅋㅋㅋ
1780576081485,ㅋㅋㅋㅋㅋㅋㅋㅋㅋㅋㅋㅋㅋㅋㅋㅋㅋㅋ
1780576081814,연수아저씨 꿀잼임 ㅋㅋㅋ
1780576081866,ㅋㅋㅋㅋㅋㅋㅋㅋㅋㅋㅋㅋㅋㅋㅋㅋㅋ
1780576081920,ㅋㅋㅋㅋㅋㅋㅋ
1780576082073,ㅋㅋㅋㅋㅋㅋㅋㅋㅋㅋ
1780576082168,ㅋㅋㅋㅋㅋㅋㅋㅋ
1780576082273,ㅋㅋㅋㅋㅋㅋㅋㅋㅋㅋㅋㅋ
1780576082344,ㅋㅋㅋㅋㅋㅋㅋㅋㅋㅋㅋㅋㅋㅋㅋㅋ
1780576082407,안될건없죠
1780576082476,ㅋㅋㅋㅋㅋㅋㅋㅋ
1780576082492,ㅋㅋㅋㅋㅋㅋㅋㅋㅋㅋ
1780576082525,ㅋㅋㅋㅋㅋㅋㅋㅋㅋㅋㅋㅋㅋㅋㅋㅋㅋㅋㅋㅋㅋㅋㅋㅋㅋㅋㅋㅋ
1780576082677,ㅋㅋㅋㅋㅋㅋㅋㅋㅋㅋㅋ
1780576082724,ㅋㅋㅋㅋㅋㅋ
1780576082785,ㅋㅋㅋㅋㅋㅋㅋㅋㅋㅋㅋㅋㅋㅋ
1780576082811,ㅋㅋㅋㅋㅋㅋㅋㅋ\
1780576082936,ㅋㅋㅋㅋㅋㅋㅋㅋㅋㅋㅋ
1780576083088,ㅋㅋㅋㅋㅋㅋㅋㅋㅋ
1780576083374,ㅋㅋㅋㅋㅋㅋㅋㅋㅋㅋㅋㅋㅋㅋㅋㅋㅋㅋㅋㅋㅋㅋㅋㅋㅋㅋㅋㅋㅋㅋㅋㅋㅋㅋㅋㅋㅋㅋㅋㅋㅋㅋㅋㅋㅋㅋㅋㅋㅋㅋ
1780576083531,ㅋㅋㅋㅋㅋ
1780576083546,ㅋㅋㅋㅋㅋㅋㅋㅋㅋㅋㅋㅋㅋㅋ
1780576083585,ㅋㅋㅋㅋㅋㅋㅋㅋㅋㅋㅋㅋㅋㅋ
1780576083594,쏘 쿨~~~~~~
1780576083676,ㅋㅋㅋㅋㅋㅋㅋㅋㅋㅋㅋㅋㅋㅋㅋㅋㅋㅋㅋ
1780576083750,ㅋㅋㅋㅋㅋㅋㅋㅋㅋㅋㅋㅋㅋㅋㅋㅋㅋㅋㅋ
1780576083757,될것도없죠
1780576083830,연수아저씨 시리즈가 존잼임
1780576083866,ㅋㅋㅋㅋ
1780576083902,ㅋㅋㅋㅋㅋㅋㅋㅋㅋㅋㅋㅋㅋㅋㅋㅋ
1780576084160,ㅋㅋㅋㅋㅋㅋㅋㅋ
1780576084169,안될건 없지
1780576084393,ㅌㅋㅋㅋㅋㅋㅋㅋㅋㅋㅋㅋㅋㅋ
1780576084441,아저씨가 걍 개웃김ㅋㅋㅋㅋ
1780576084485,될것도없어요
1780576084509,ㅋㅋㅋㅋㅋㅋㅋㅋ
1780576084514,될것도 없어요
1780576084566,안될건없죠 ㅇㅇ
1780576084791,ㅋㅋㅋㅋㅋㅋㅋㅋㅋㅋㅋㅋㅋㅋㅋ
1780576084870,ㅋㅋㅋㅋㅋㅋㅋㅋㅋㅋㅋㅋㅋㅋ
1780576084892,ㄹㅇ
1780576085048,될것도 없죠 ㅋㅋㅋㅋㅋㅋㅋㅋ
1780576085104,ㅋㅋㅋㅋㅋㅋㅋㅋㅋ
1780576085128,될 것도 없어요
1780576085225,안될건 없죠!
1780576085256,편견 없는편
1780576085321,될것도 없어요
1780576085321,이 뒤가 ㅈㄴ웃김
1780576085542,ㅋㅋㅋㅋㅋㅋㅋㅋㅋㅋ
1780576085637,안될건 없지
1780576085658,될것도없어요
1780576085861,안될건 없지 ㅇㅇ
1780576085875,ㅋㅋㅋ
1780576086090,선민씨가 개잘해
1780576086272,ㄹㅇ
1780576086344,틀린말은 아님 ㅋㅋㅋㅋㅋ
1780576086483,ㄹㅇ
1780576086552,ㅋㅋㅋㅋㅋㅋㅋㅋㅋㅋㅋㅋㅋㅋㅋㅋ
1780576086653,될 것 도 없어요
1780576086859,될것도없죠
1780576086936,불가능은 없다
1780576087345,ㅋㅋㅋㅋㅋㅋㅋㅋㅋㅋㅋㅋㅋ
1780576087644,모르니까 ㅋㅋ
1780576087823,될 것도 없죠
1780576087847,현대도 ㅈㄴ웃긴데
1780576087981,오픈마인드 ㅋㅋㅋㅋ
1780576087998,안될건없죠 = 룩삼과
1780576088389,효율충
1780576088464,쏘쿨
1780576088469,안될건없긴해
1780576088588,자동차 브랜드 맞추는것도 개웃긴데
1780576088671,연수 전이라 ㅋㅋㅋㅋㅋㅋㅋㅋ
1780576088778,ㅋㅋㅋ이선민 호흡이 웃김 ㅋㅋ
1780576088779,ㅋㅋㅋㅋㅋㅋㅋㅋㅋㅋㅋㅋㅋ
1780576089163,그치 잘 모르면 모르지 ㄹㅇ
1780576089172,연수아저씨 진짜 개꿀잼
1780576089433,하면 하지 뭐
1780576089713,안될건없죠
1780576089947,왼발이 놀잖아~~~~
1780576090539,안될건 없긴해
1780576090818,운전 모르는 사람이 저렇게 생각하지
1780576091231,맞긴해 ㅋㅋ
1780576091358,안되는건 아니지 ㅋㅋㅋㅋ
1780576091532,아저씨가 ㄹㅇ 잘받아줌
1780576091670,맞긴해
1780576091690,맞긴하지
1780576091832,안될건 없지
1780576092122,모르면 그럴수있지
1780576092308,저게뭔말이야
1780576092488,초보들은 이게 맞지
1780576092559,선민씨가 잘해
1780576092931,안될건없지
1780576093040,ㄹㅇ
1780576093145,안될건 엊ㅅ긴해 ㅋㅋ
1780576093208,모르는 사람은 그럴 수 있지 ㅋㅋㅋㅋㅋㅋㅋ
1780576093256,약간 룩삼 바이브임
1780576093558,처음하면 왜 안되지 싶긴한데 하다보면 이해됨 ㅋㅋㅋ
1780576093816,연수 전이라 ㅋㅋㅋㅋㅋ
1780576094020,처음에 유튜버인줄 알았어
1780576094325,룩삼과긴하네
1780576094752,두 개니까 ㅇㅇ
1780576094807,다 재밌네
1780576095483,저땐 면허도 없었어서 ㅋㅋ
1780576095533,마 함 해보입시더 ㅋㅋ
1780576095978,사고만 안내면 되는데? ㅇㅇ;
1780576095990,모르는 상태에서만 말 할 수 있는 딱
1780576096739,운전을 안해보면 그렇게 생각할 수 있긴해 ㅋㅋ
1780576096978,이선민이랑 둘이 잘맞음
1780576097129,운전 첨하면 그렇게생각할수있지
1780576097331,하면 하는 거지
1780576097843,초보니까 ㅋㅋㅋ
1780576098159,더트랠리 하는 사람들은 양발운전해 ㅇㅇ
1780576098365,안될건 없긴해
1780576098421,불가능은 없다
1780576098637,법으로 정해놓진 않았잖아
1780576098637,자동차메이커가없네 ㄹㅇ
1780576099234,저 운전배우는거 풀버젼 봐야대
1780576100023,ㅋㅋㅋㅋㅋㅋㅋㅋㅋㅋ
1780576100309,ㅋㅋㅋㅋㅋㅋㅋㅋㅋㅋㅋㅋㅋ
1780576100342,ㅋㅋㅋㅋㅋㅋㅋㅋㅋㅋㅋㅋㅋㅋㅋㅋㅋㅋㅋㅋㅋㅋㅋㅋㅋㅋㅋㅋㅋㅋ
1780576100660,ㅋㅋㅋㅋㅋㅋㅋㅋㅋㅋㅋㅋㅋㅋㅋ
1780576100967,ㅋㅋㅋㅋㅋㅋㅋㅋ
1780576101439,ㅋㅋㅋㅋㅋㅋㅋㅋ
1780576101959,ㅋㅋㅋㅋㅋㅋㅋㅋㅋㅋㅋㅋㅋㅋㅋㅋㅋㅋㅋㅋㅋㅋㅋ
1780576102257,ㅋㅋㅋㅋㅋㅋㅋㅋㅋㅋㅋㅋ
1780576102470,될 것도 없어요`
1780576102502,ㅋㅋㅋㅋㅋㅋㅋㅋㅋㅋㅋㅋ
1780576102636,대답도 웃김 ㅋㅋㅋ
1780576102846,ㅋㅋㅋㅋㅋㅋㅋㅋㅋㅋㅋㅋㅋㅋㅋㅋ
1780576102871,ㅋㅋㅋㅋㅋㅋㅋ
1780576102988,ㅋㅋㅋㅋㅋㅋㅋ
1780576103171,'될 것도 없어요'
1780576103835,ㅋㅋㅋㅋㅋㅋㅋㅋㅋㅋㅋㅋㅋㅋㅋㅋㅋㅋㅋㅋㅋㅋㅋㅋㅋ
1780576103971,반응이 개웃김 ㅋㅋㅋㅋ
1780576104044,ㅋㅋㅋㅋㅋㅋㅋㅋㅋㅋ
1780576104108,ㅋㅋㅋㅋㅋㅋㅋㅋㅋㅋㅋㅋㅋㅋㅋㅋㅋㅋㅋ
1780576104644,자동차 메이커도 ㅈㄴ웃김
1780576104645,대 선민
1780576104930,미친
1780576105144,ㅋㅋㅋㅋㅋㅋㅋㅋㅋ
1780576105250,ㅋㅋㅋㅋㅋㅋㅋㅋㅋㅋㅋㅋㅋㅋ
1780576105326,긁적
1780576105753,욕참기
1780576106664,여동생운전가르치기
1780576106722,선민씨 좋다
1780576106733,이선민이 개웃김 갱
1780576106905,현대가 개웃긴데
1780576106950,ㅋㅋ
1780576107621,난 리센느 유튜브채널 영상갯수보면 숨이 턱 막히던데
1780576107985,캐미좋음 저기 ㅋㅋㅋ
1780576108116,ㄹㅇ 캐미좋음
1780576108183,37세 미혼
1780576108446,대 선 민
1780576108750,ㄹㅇ 화 안내는게 개웃김
1780576108765,ㄹㅇ 순간 올라왔다
1780576108836,ㅋㅋㅋㅋㅋㅋㅋㅋㅋㅋ
1780576108933,대 선 민
1780576109424,긁
1780576109674,엔딩으로 파라파라나 추죠
1780576109861,선민횽 요즘 잘해
1780576110080,선민이햄이 맛잇게 잘쳐
1780576111034,선민씨 개잘치네 ㅋㅋㅋ
1780576112041,야~~호~~
1780576112920,야홍~
1780576113746,아숀데꽁~
1780576113811,잘나가는이유가잇어
1780576114220,자동차 메이커 ㄹㅇ
1780576114587,룩삼 야호~
1780576115378,이선민 개웃김 그냥 ㅋㅋ
1780576115886,선민이햄 잘쳐
1780576116047,거제 야호~
1780576116791,연수 아저씨 보고 개인채널에서 따로 국밥먹는 영상까지가 서사인데
1780576117419,어?
1780576117714,조훈이었으면 이미 맞았음
1780576117948,룩삼 야 호~
1780576118547,야호~ 다시 해봐라 진효야
1780576118868,미나미 노래 부르는 영상 좋은데
1780576118958,룩삼 야호~
1780576118980,캬
1780576119012,캬
1780576119139,룩삼 야호
1780576119312,캬
1780576119545,와
1780576119678,이제 보면서 트렌드 따라와라
1780576119808,캬~
1780576119824,야호
1780576119831,룩삼~ 야호~
1780576119862,극호감이다
1780576119924,선민이햄 요즘 폼 좋됨ㅋㅋ
1780576119952,룩삼 야호
1780576119960,야호~
1780576120093,캬
1780576120130,이제 시작임?
1780576120277,설마?
1780576121029,밥 먹을때 우희랑 보셈 ㅋㅋ
1780576121274,{:d_54:}{:d_54:}{:d_54:}
1780576121528,안원잘부 안보면 인생 손해임 ㅋㅋㅋㅋㅋㅋ
1780576121557,선민이 떳다
1780576121972,개재미씀 ㄹㅇ
1780576122878,내동생들
1780576122897,캬
1780576122951,캬
1780576122997,트렌드 따라와야지
1780576123433,얏호~!
1780576123475,다 재밌더라 ㅋㅋ
1780576124241,룩삼 인증서 ㄷㄷㄷ
1780576124546,룩삼 야호~
1780576124564,리센느 너 성공한거야
1780576124713,룩삼 야호~\
1780576124736,이제 매수함
1780576125336,리센느 너 뜬거야
1780576125407,룩삼 야호~
1780576125482,룩이데~룩이데~
1780576125527,다했넹
1780576125539,룩삼 야호~
1780576125609,룩삼도 코인 샀다
1780576125685,룩삼 야호
1780576125812,캬
1780576125858,구독선언 ㄷㄷㄷ
1780576125882,내동생
1780576126058,룩삼~ 야호~
1780576126114,룩삼 야호~
1780576126234,룩삼 야~호
1780576126287,룩삼 야호
1780576126318,파라파라나 춰야겠다
1780576126567,진효 야호~
1780576126614,룩삼 야호~
1780576126662,와 룩삼야호 라고했어 ㅋㅋㅋㅋㅋㅋㅋㅋㅋㅋ
1780576126884,의정부 야호~
1780576127450,다재밌으
1780576127508,꿀잼 개그 채널임
1780576127605,곰영상 반드시 봐라
1780576127657,룩삼 야호~
1780576127797,야호
1780576128143,룩삼야호 너 뜬거야
1780576128167,내동생 센느
1780576128287,맞잖아
1780576128673,룩삼도 코인 샀다 ㄷㄷㄷ
1780576128676,룩삼 야호~
1780576128762,유튭 채널 봐보자
1780576128766,파라파라나 춰야겠다 ~
1780576128863,자기전에 함 삭 봐야겠다
1780576129040,룩삼 누구신지
1780576129182,구독 야호~
1780576129277,파라파라나 추자
1780576129710,상영회 ㄱㄱ
1780576129809,캬
1780576130032,캬
1780576130446,안원잘부 그냥 ㅈㄴ 재밌음
1780576130666,거제 야호~
1780576130758,룩삼 야호~
1780576130869,룩삼 야호~
1780576130885,야-호
1780576130972,파라파라나 춰야겠다
1780576131128,룩삼 야호~
1780576131238,너 쌓여있잖아
1780576131267,이제 황해?
1780576131331,오이데~~~~~
1780576131385,난 파라파라나 춰야겟다
1780576131601,룩삼 야호~
1780576131726,오이데
1780576132016,?
1780576132051,룩삼 누구신지
1780576132126,마지막으로 연습생 2명한테 컨셉 추천좀
1780576132221,뒷센느
1780576132355,ㅋㅋㅋㅋㅋㅋㅋㅋㅋㅋ
1780576132564,룩삼 야호~
1780576132778,파라파라나 춰야겠다~
1780576132910,룩삼 야-호
1780576133129,캬
1780576133267,구독 야호
1780576133593,유튭이 몇개인가
1780576133621,숨겨왔던 나의~~~
1780576133746,룩삼 오이데
1780576133860,파라파라나 춰야겠다
1780576133990,해제
1780576134376,야호
1780576134460,지뇨 야호~
1780576134736,룩삼 야호~
1780576134745,룩삼~ 야호~
1780576134873,우희 야호~
1780576135165,지금 볼까요
1780576135206,우희님은 이미봤을듯
1780576135367,트렌드세터 ㄷㄷ
1780576135709,오이데~
1780576135912,쌈이 야호~
1780576135920,방금 멜론에서 룩삼 야호함
1780576136196,룩삼 야호~
1780576136356,야~호~
1780576136856,야호
1780576137090,안원잘부~
1780576137617,룩삼 오이데~
1780576137865,오이데 오이데
1780576138063,룩삼이 누군데..
1780576138278,캬 피채웠다
1780576138327,룩삼 야호~
1780576139016,방금 룩삼 야호 해줬어요
1780576139246,파라파라나 춰야겠다~
1780576139295,룩삼 야호~
1780576139444,구독 야호~
1780576139801,오이데~!~!오이데~~
1780576139814,오이데 오이데
1780576140217,{:d_54:}{:d_54:}{:d_54:}{:d_54:}
1780576140688,리센느 오이데~
1780576141082,룩삼 야호
1780576142063,연습생 2명 ㅋㅋㅋㅋ
1780576142115,파라파라나 춰야겠다
1780576142725,드가자
1780576142726,오이데오이데
1780576142844,야~호
1780576142857,마무리
1780576143856,17룩삼 컨셉 ㄱㄱ
1780576143902,ㅋㅋㅋㅋㅋㅋㅋㅋㅋㅋㅋ
1780576143925,오
1780576144062,저걸로 선민삼촌도 입덕해서 용쥬르이용주도 구독함
1780576144094,지뇨야 유튜브로 리센느 야호 찾아보는데 어떤 남자가 털털털 노래 불러 이거 맞냐
1780576144262,오늘거 다시보기 남음?
1780576144281,너무 이쁘다 진짜
1780576144337,비지보이 듣기?
1780576144822,지뇨 오이데~
1780576145124,잘봤어요~
1780576145411,ㄹㅇ?
1780576145453,데뷔 언제하냐
1780576145626,오 초대석해서 컨셉 주면 재밌겠다
1780576145678,알아해라
1780576145696,오이데~
1780576145742,연습생어카ㅑㄴ
1780576145882,맛떼루요
1780576145925,조언
1780576146271,연습생 2명ㅋㅋ
1780576146513,제가요?
1780576146774,진자 어렵다
1780576146799,맛떼루용
1780576146848,황해 드가자
1780576147580,백제 고구려ㅜ ㄱㄱ
1780576147725,발발떨고있을텐데 ㅋㅋㅋ
1780576148507,룩삼 샤라웃 ㅈㅉㅇㅇ?
1780576149026,마때르용~
1780576149124,게임하자
1780576149351,한명은 메이즈러너로 확정입니다
1780576149678,어케해줌
1780576149986,아직도 데뷔 못한 연생 2명
1780576150081,여기서 어떻게 살아남냐
1780576150222,룩삼 야호 ㅋㅋㅋㅋ
1780576150317,제가요?
1780576150749,dlc 예측 ㄷㄷㄷ
1780576150824,ㅋㅋㅋㅋㅋㅋㅋㅋ
1780576150857,제가요..?
1780576151781,파라파라나 춰야지
1780576152460,메이즈러너
1780576152643,모르겠다 파라파라춰야지 리센느 리센느 오이데~~
1780576152789,메이즈러너
1780576152857,어떻게 별명이 일산킨텍스
1780576154258,나중 라이브때 샤라웃하겠네ㅋㅋ
1780576155006,먹방 드가자
1780576155083,?
1780576155406,리브 메이
1780576155613,유튜브 새영상 뜰 때 까지 파라파라나 춰야겠다
1780576155768,메이 리브
1780576156098,수원왕갈비 메이즈러너
1780576156375,리브 메이
1780576157156,"울산,수원사람"
1780576157412,앗
1780576157550,?
1780576158272,?
1780576158876,?
1780576159185,룩삼야호를 어디서해
1780576159273,올리브
1780576159326,ㅋㅋㅋㅋㅋ
1780576159977,될것도 없지 ㅇㅇ
1780576160354,소방수아저씨
1780576160401,비지보이가 진짜 개띵곡인디
1780576161193,?
1780576161213,리브양...
1780576161259,다 어려
1780576161564,리브 메이
1780576161878,메이즈러너는 확정이에요
1780576162310,눈치안볼래
1780576162480,이미 있긴하던데 일산킨텍스랑 수원왕갈비였나
1780576163177,한명은 국토대장정 한대
1780576164250,실시간 룩삼 야호함ㅋㅋㅋ
1780576164711,ㅈㄴ어리네
1780576165776,수원 반도체왕 ㄱ
1780576165778,나이순
1780576165803,편먹기 안햇을지도
1780576169616,하나하나 나오는거 야무짐
1780576169646,뒤에 맴버들 어캄
1780576169670,야호~
1780576170676,막내 등장
1780576172151,1화가 아니란거임..
1780576172772,너무 쎄
1780576173065,평소에 재미없는 순으로 내보낸거임
1780576173069,ㅋㅋㅋㅋㅋㅋ
1780576173106,1화는 아니긴해
1780576173920,개빡셈 그래서
1780576174296,메이 리브 어캄
1780576174994,WWE급임
1780576175014,ㅋㅋㅋㅋ
1780576175066,ㄹㅇ
1780576175124,아직 연습생임
1780576175181,ㄹㅇ
1780576175209,노잼멤버 순위로 올라감
1780576175475,ㄹㅇ
1780576175526,1화 다른거야
1780576175680,ㅋㅋㅋㅋㅋㅋ
1780576175692,어렵다 어려워
1780576175705,ㄹㅇ
1780576175741,1화가 아니라는거임....
1780576175804,ㅋㅋㅋ
1780576175821,ㅋㅋㅋㅋㅋㅋㅋㅋㅋ
1780576175942,ㅋㅋㅋㅋㅋㅋ
1780576175968,ㅋㅋㅋㅋㅋㅋㅋㅋㅋㅋ
1780576175989,ㅋㅋㅋㅋㅋㅋㅋㅋㅋㅋㅋ
1780576176035,ㅋㅋㅋㅋㅋ
1780576176048,ㄹㅇ
1780576176136,ㅋㅋ
1780576176185,ㄹㅇ
1780576176275,ㄹㅇㅋㅋ
1780576176310,ㅋㅋㅋㅋㅋㅋㅋㅋㅋㅋ
1780576176415,ㅋㅋㅋㅋㅋㅋㅋㅋㅋㅋㅋㅋㅋㅋ
1780576176785,ㄹㅇ
1780576176808,ㅋㅋㅋㅋㅋㅋㅋㅋㅋㅋㅋ
1780576176841,ㅋㅋㅋㅋㅋㅋ
1780576176887,그니
1780576176923,ㄹㅇ
1780576176937,ㄹㅇ
1780576176946,안웃긴 순으로 나온거래
1780576176969,ㄹㅇ;
1780576176997,ㄹㅇ
1780576177027,ㅋㅋㅋㅋㅋㅋ
1780576177045,ㄹㅇ ㅋㅋㅋㅋㅋㅋㅋㅋㅋㅋㅋ
1780576177073,ㄹㅇ
1780576177147,ㅈ된거임
1780576177194,ㄹㅇㅋㅋ
1780576177229,ㅋㅋㅋㅋㅋㅋㅋㅋㅋㅋㅋㅋㅋㅋㅋㅋㅋㅋㅋㅋㅋㅋㅋㅋㅋㅋㅋㅋㅋㅋㅋㅋㅋㅋㅋㅋㅋㅋㅋㅋㅋㅋㅋㅋㅋㅋㅋㅋㅋㅋㅋㅋㅋㅋㅋㅋㅋㅋㅋㅋㅋㅋㅋㅋㅋ
1780576177230,ㄹㅇ
1780576177289,연습생들임
1780576177305,부담감 ㅈ될듯
1780576177358,ㄹㅇㅋㅋㅋㅋ
1780576177405,그래서 ㅈ됨 ㅋㅋㅋㅋㅋ
1780576177654,ㄹㅇ
1780576177673,ㅋㅋ
1780576177676,그러게
1780576177720,진경은거인 신죠사사겡요
1780576177757,개빡셈 진짜로
1780576177846,ㅋㅋㅋㅋㅋㅋㅋㅋㅋㅋㅋㅋㅋㅋㅋㅋ
1780576177859,ㅋㅋㅋㅋㅋㅋㅋㅋㅋㅋㅋㅋㅋ
1780576177867,ㅈㅈ
1780576177961,부담감 ㅈ댐
1780576178016,400km 마라톤
1780576178054,큰일남 ㅇㅇ
1780576178080,ㄹㅇ
1780576178119,어캄
1780576178127,ㄹㅇ
1780576178194,"연습생 1,2"
1780576178215,ㅈ됌
1780576178240,개빡셈진짜
1780576178262,답없어
1780576178306,ㄹㅇ
1780576178336,ㄹㅇ 어캄 ㅋㅋ
1780576178373,ㅠㅠ
1780576178436,그래서 지금 손 떨린대 ㅋㅋ
1780576178508,ㄹㅇ
1780576178539,ㄹㅇ
1780576178643,ㄹㅇ 말이안됨ㅋㅋㅋ
1780576178660,연습생 1 2
1780576178814,ㅋㅋㅋㅋㅋㅋㅋㅋㅋㅋㅋㅋㅋ
1780576178853,ㅋㅋㅋㅋㅋㄹㅇ
1780576178912,ㄹㅇ
1780576178961,그니까 ㅋㅋㅋ
1780576179060,ㅋㅋㅋㅋ
1780576179210,데뷔못함 ㅋㅋ
1780576179272,ㅋㅋㅋㅋㅋㅋㅋㅋㅋㅋㅋ
1780576179275,돌고래 소녀
1780576179280,떨리것다
1780576179359,ㅋㅋㅋㅋㅋㅋㅋ
1780576179369,ㄹㅇㅋㅋ
1780576179648,쉽지않긴해 ㅋㅋㅋ
1780576179648,뭐 알아서 해야지
1780576179714,ㅋㅋㅋㅋㅋㅋㅋㅋ
1780576179728,부담감 ㄷㄷ
1780576179809,1화는 이선민임
1780576179809,재미 원투펀치는 리브 메이래
1780576179818,ㄹㅇ
1780576179849,ㅋㅋㅋㅋㅋ
1780576179851,뛰어야지
1780576179862,ㅈ댐
1780576179895,연습생 1 2
1780576180042,무한도전급 압박감\
1780576180163,얼~~~~~~~~~마나 재밌길래
1780576180173,ㅋㅋㅋㅋㅋㅋㅋㅋ
1780576180174,롱 리브 더 킹 / 메이즈러너
1780576180187,ㄹㅇ
1780576180205,메이즈러너
1780576180216,ㄹㅇ 어케흐ㅏ냐ㅋㅋㅋ
1780576180254,이름 제나인거 첨알았네
1780576180266,앞이너무쎄 ㅋㅋ
1780576180365,그러게
1780576180427,dlc들 무서워서 출시하겠나
1780576180455,ㅋㅋㅋㅋㅋㅋㅋㅋ
1780576180595,부담감 개지릴듯
1780576180597,ㅈ댔음 ㅇㅇ
1780576180653,지금 숙소에서 달달 떠는중
1780576180661,이제 메이임 ㅋㅋ
1780576180753,숨이 턱
1780576180770,기대감 ㅈ댐
1780576180781,개빡세지 그니깐
1780576180831,ㅋㅋㅋㅋㅋㅋㅋㅋㅋㅋㅋㅋㅋㅋㅋㅋ
1780576180940,ㄹㅇ 어캄
1780576180981,피디가 능력이 있어서
1780576181003,어렵네 ㅋㅋㅋ
1780576181088,ㄹㅇ
1780576181093,고멘
1780576181329,ㄹㅇㅋㅋ
1780576181355,ㄹㅇ 상황이 골때리긴함 ㅋㅋ
1780576181497,연습생임 그래서ㅋㅋㅋ
1780576181578,그래서 메이즈러너 하잖아
1780576181580,연생 두명은..
1780576181598,히든카드 아님? ㄷㄷ
1780576181691,데뷔 가능한가
1780576181698,ㅋㅋㅋㅋㅋㅋㅋ
1780576181711,ㄹㅇㅋㅋ
1780576181769,개빡이네 ㄹㅇ
1780576181794,리브 메이 초비상
1780576181831,개빡셈ㅋㅋㅋㅋㅋㅋㅋ
1780576181837,개빡셈
1780576181871,그래서 못나오는중
1780576181958,개빡셈
1780576181967,큰일났음
1780576181978,지금 손가락 뜯어서 사라지게 생겼대 ㅋㅋㅋ
1780576182190,미안 ㅋㅋ
1780576182201,ㅈ됨 ㅋ
1780576182234,진짜 ㅈ되긴함
1780576182261,메이즈러너 등장
1780576182306,"연습생, 미안"
1780576182430,부담 ㅈ댐 지금
1780576182535,미안..
1780576182541,일단 달려
1780576182639,ㅋㅋㅋㅋㅋㅋㅋㅋㅋㅋㅋㅋㅋ
1780576182670,솔직함으로 승부 봐야지
1780576182890,ufc야
1780576183014,메이즈러너
1780576183053,ㅈ됨
1780576183091,DLC 무기한 연기..
1780576183102,다 그 소리함 ㅋㅋ
1780576183116,ㅋㅋㅋㅋㅋㅋㅋㅋㅋㅋ
1780576183196,간장붓고 의자던져야됨
1780576183271,그래서 거제까지 뛰기로함
1780576183613,ㅋㅋㅋㅋㅋㅋㅋㅋㅋㅋㅋ
1780576183642,알아서 감당해라.
1780576183838,부담감 장난 아닐듯
1780576183844,메이는 거제까지 걸어갈 거임
1780576183903,일산 수원임 ㅋㅋㅋ
1780576184188,저거 넘으면 진짜 인정임
1780576184329,부담감 미쳤지
1780576184357,지금 그래서 손톱 다 나감 ㄹ
1780576184534,ㄹㅇ
1780576184544,연습생인거지 뭐
1780576184569,ㄹㅇ부담감
1780576184576,남은 둘도 쩔듯
1780576184628,거제까지 뛰어가야지
1780576184629,롤이나하죠
1780576184630,메이즈러너
1780576184654,ㄸㄸㄸㄸ
1780576184913,"""메이""즈러너"
1780576184982,ㅎㅇㅌ
1780576185139,손톱이 없다네요 ~~~~
1780576185158,무한도전 식스맨급 압박감 ㅋㅋ
1780576185160,그냥 화이팅
1780576185264,너가 어케 도와줘 ㅋㅋㅋ
1780576185271,ㅋㅋㅋㅋㅋㅋㅋㅋㅋㅋㅋ
1780576185272,감다살로 알아하겠지
1780576185377,태산이야
1780576185426,"""미안"""
1780576185581,그냥리브로 핼
1780576185611,일단 뛰어
1780576185685,메이는 거제 걸어와라
1780576185704,말안됨
1780576185748,ㅈ됨
1780576185753,부담감x100
1780576185822,마라톤해야함
1780576185884,메이는 진짜 큰일남
1780576186050,룩정우
1780576186128,파이팅
1780576186239,ㅋㅋㅋㅋㅋㅋㅋㅋㅋㅋㅋㅋㅋ
1780576186272,거제 걸어가야지 뭐
1780576186379,답은 메이즈러너...
1780576186394,쉽지않음
1780576186501,진짜 연습생들 데뷔못함.......
1780576186520,ㅋㅋㅋㅋㅋㅋ
1780576186532,메이지러너
1780576186555,숙소에서 달달 떠는중
1780576186573,화이팅...
1780576186600,그냥 정형돈 해야제
1780576186609,간바레~
1780576186765,ㅎㅇㅌ
1780576186883,데뷔 무산 위기
1780576187043,저 두명 어떡해 ㅋㅋ
1780576187130,나머지 2명이 레전드 개그캐긴해요
1780576187428,이렇게하면 도와줄수가 없어
1780576187679,연습생 ㅎㅇㅌ...
1780576187891,화이팅
1780576188031,화이또
1780576188081,부담감 ㅈ되긴하네
1780576188090,화이팅~
1780576188132,진짜로 다 그 소리함 ㅋㅋ
1780576188241,개빡셈
1780576188364,힘..내…
1780576188407,메이즈러너
1780576188575,지금 부담감 ㅈ된대 ㅋㅋ
1780576188707,ㅎㅇㅌ
1780576188793,진짜 ㅈ됫네
1780576188972,ㅋㅋㅋㅋㅋㅋㅋㅋㅋ
1780576189113,거제까지 뛰어야지 머
1780576189118,개빡셈 지금
1780576189248,그냥 달리거라
1780576189364,무한도전 식스맨급 압박감임 ㅋㅋㅋㅋㅋㅋㅋㅋㅋㅋㅋㅋ
1780576189483,그래도메이즈러너캐릭터있긴함
1780576189619,지금 손톱 다 물어 뜯었대요
1780576189883,그래서 못나와
1780576189896,신라 텐세
1780576189919,오버워치 메이 코스프레 하셈ㄱㄱㄱㄱㄱㄱㄱ
1780576189943,ㅋㅋㅋㅋㅋㅋㅋㅋㅋㅋㅋㅋ
1780576190032,모르겠다 파라파라나 추자
1780576190356,그냥 뛰어야함
1780576190399,화이팅.
1780576190478,도와줄수기없어
1780576190516,간장 밖에 없네
1780576190586,갸루 신라공주 어케이기냐고
1780576190844,손톱 빠진다
1780576190988,앞에 조회수 500만 400만 떡벽세우고 가서 후발주자 초비상임
1780576191035,간바레~
1780576191311,신캐 개빡셍
1780576191398,ㅋㅋㅋㅋㅋ
1780576191456,일단 메이양은 러닝크루 가입해야함
1780576191485,dlc ㅋㅋㅋㅋㅋㅋㅋ
1780576191503,데뷔 2년차 (연습생)
1780576191868,여자 룩삼 ㄱㄱㄱㄱ
1780576191944,그렇게 하면 도와줄수가 없어
1780576192015,근데 리브님은 좀 보니까 사람 자체가 살짝 느낌 있어
1780576192101,그래서 무리수둠 ㅋㅋㅋㅋ
1780576192216,메이즈러너
1780576192534,손톱을 너무 깨물어버려서 없다네요 ~~
1780576192646,쉽지않아
1780576192729,비상..
1780576192800,메이는 그래도 탈출구가 생겼는데
1780576192949,한명은 이미 거제로 뛰는중
1780576193128,메이즈러너
1780576193299,간바레..
1780576193323,근데 리브가 본체라던데
1780576193385,부담 미칠듯 ㅋㅋ
1780576193488,메이즈러너 컨셉 하나있긴함
1780576193502,진경은거인 신죠사사게요
1780576193774,간바레~
1780576193964,숙소에서 덜덜 떠는중
1780576193998,묻어만가도되긴해
1780576194120,너희들은 ㅈ됐다
1780576194397,메이즈러너
1780576194661,까메오로 가서 도와줘라 쌈아
1780576194903,배텐 나온거 보면 메이 리브 쟤네도 웃겨서 걱정 안됨
1780576194931,해인 닮았네
1780576195417,사장님이 알아서 하겠지
1780576195418,시즌이 연타로 홈련이
1780576195484,거제까지 뛰고봐야함
1780576195642,gta 해버리죠 걍
1780576195901,정형돈 ( 정형돈 ) 해야지
1780576195969,"DLC 1,2 니넨 죽었다"
1780576196179,근데 남은 둘이 더 개그캐라던데
1780576196246,'그냥 정형돈'
1780576196408,일단 메이즈러너는 확보했음
1780576196446,야~~~~호
1780576196530,힘내라 ㅋㅋㅋ
1780576196558,서울 사는 정형돈씨 해야지 뭐
1780576197614,그냥 달려야지 뭐
1780576197913,ㄹㅇ 큰일남 ㅋㅋ
1780576198329,평소에 재미없는 순으로 내보낸거래 ㅋㅋ
1780576198384,룩삼 따라하
1780576198818,제나는 사천왕중에 최약체라는거임
1780576198981,파라파라나 추죠
1780576199708,그래서 못 나오는 중
1780576200038,dlc ㅋㅋㅋㅋ
1780576200162,한명은 러닝크루 있어서 ㄱㅊ
1780576200287,메이즈러너
1780576200461,똥쥬~
1780576200776,등판전 멤버 ㅋㅋ
1780576200930,그냥 진경은
1780576200988,메이즈러너 해야지
1780576201274,500 400 ㅋㅋㅋ
1780576201592,저거 나온 순서가 재미없는 멤버 순서대로 나온거라는게 ㅋㅋㅋ
1780576201838,500만 미친;;
1780576201937,ㄹㅇㅋㅋ
1780576203174,정형돈 ㅋㅋㅋ
1780576203460,ㄹㅇ떡벽
1780576204381,ㄹㅇ
1780576204425,진짜 떡벽이네 ㅋㅋ
1780576204565,리브가 살짝 느낌있어
1780576205007,ㄹㅇ
1780576205395,ㅁㅊ네
1780576205641,와 500 400만은 ㅁㅊ
1780576206029,메이즈러너가 있긴해
1780576206679,벌써 500만임?
1780576207017,알아서 띄워줘라 ㅇㅇ
1780576207434,6일전 350만회는 미쳤네
1780576207680,순수 한국인 500만이라는거임
1780576208330,ㄹㅇ?
1780576208531,와
1780576208759,지금 400만 두개 500만 이러던데
1780576208861,조회수 ㅁㅊ ㅋㅋㅋ
1780576208892,그냥 정형돈이나하자~
1780576208923,ㄴㅇㄱ
1780576209047,500만????
1780576209261,옛날에 배텐 나온거 보면 메이 리브 쟤네도 재밌음
1780576209581,????
1780576209678,ㄹㅇ이가
1780576209683,ㅡ
1780576209693,와
1780576209784,헉
1780576209832,ㅋㅋㅋㅋㅋㅋㅋ
1780576209873,진짜 개떡벽이잖아;;
1780576210091,??
1780576210099,ㄹㅈㄷ
1780576210462,ㄹㅇ이가
1780576210535,ㅋㅋㅋㅋㅋㅋㅋㅋㅋㅋㅋㅋㅋㅋ
1780576210539,정형돈 포지션
1780576210723,?
1780576210800,ㅈㅉㅇㅇ?
1780576210817,ㄹㅇ?
1780576210855,?
1780576210953,헉
1780576211140,예?
1780576211269,?????
1780576211295,??
1780576211450,와 다음은 얼마나 재밌을까
1780576211669,?
1780576211778,?
1780576211796,ㄷㄷㄷ]
1780576211881,어?
1780576212021,ㅖ?
1780576212049,ㅋㅋㅋㅋㅋ
1780576212142,ㅋㅋㅋㅋㅋㅋㅋㅋㅋ
1780576212156,어?ㄹㅇ??
1780576212182,?
1780576212189,ㅇㅇ
1780576212260,ㅁㅊ ㅋㅋㅋ
1780576212476,진짜에요?
1780576212561,맞음ㅋㅋㅋ
1780576212891,포텐 ㄷㄷ
1780576212948,재미없는 순이라고??????
1780576212971,왐마
1780576213158,ㅇㅇ
1780576213183,ㅋㅋㅋㅋㅋㅋㅋㅋㅋㅋㅋㅋㅋㅋㅋㅋㅋㅋㅋㅋ
1780576213251,ㄷㄷㄷㄷ
1780576213264,?
1780576213302,조휘수미쳤넹
1780576213552,ㅋㅋㅋㅋㅋㅋㅋㅋㅋㅋㅋㅋ
1780576213647,더 부담되겠는데?
1780576213692,뭣?
1780576214008,아
1780576214054,저게 재미없는순이라고요????????????
1780576214077,ㄹㅇ이가?
1780576214130,?
1780576214150,기대컨 십 ㅋㅋㅋㅋㅋㅋㅋ
1780576214159,큰 거 온 다
1780576214275,더문제야
1780576214302,?
1780576214325,야
1780576214404,?
1780576214438,?
1780576214438,부담감 UP
1780576214508,ㅋㅋㅋㅋㅋㅋㅋㅋㅋㅋㅋㅋㅋㅋㅋㅋㅋㅋㅋㅋㅋㅋ
1780576214679,역배터졌네
1780576214735,아
1780576214800,ㄱㄷㄱㄷㄱㄷㄱㄷ
1780576214847,ㅋㅋㅋㅋㅋㅋㅋㅋ
1780576214878,진짜에요~
1780576214972,ㅋㅋㅋㅋㅋㅋㅋㅋㅋㅋㅋㅋㅋㅋㅋㅋㅋㅋㅋㅋㅋㅋㅋㅋㅋㅋㅋㅋ
1780576215039,더부담된다
1780576215106,ㅋㅋㅋㅋㅋㅋㅋㅋㅋㅋㅋㅋㅋㅋㅋㅋㅋㅋㅋㅋㅋㅋㅋ
1780576215128,헉
1780576215149,아 스포
1780576215178,ㅋㅋㅋㅋㅋㅋㅋㅋㅋㅋㅋㅋㅋㅋㅋㅋ
1780576215233,기 대 중
1780576215308,헉
1780576215314,ㅋㅋㅋㅋㅋㅋㅋㅋ
1780576215317,헉
1780576215321,ㅋㅋㅋㅋㅋㅋㅋㅋㅋㅋㅋㅋㅋㅋㅋ
1780576215353,ㅋㅋㅋㅋㅋㅋㅋㅋㅋㅋㅋㅋㅋㅋㅋㅋㅋㅋㅋㅋㅋㅋㅋ
1780576215371,ㅈ댔다
1780576215386,ㅋㅋㅋㅋㅋㅋㅋㅋㅋㅋ
1780576215389,엥 500만이야? 200만때 봤는데
1780576215527,부담 ㅈ대따
1780576215546,아..
1780576215600,?
1780576215625,?
1780576215650,ㅋㅋㅋㅋㅋㅋㅋㅋㅋㅋㅋㅋ
1780576215664,ㅋㅋㅋㅋㅋㅋㅋㅋㅋㅋㅋㅋ
1780576215686,기대감 올라간다
1780576215700,아
1780576215808,그니까 그게 말이 안됨 ㅋㅋㅋㅋㅋ
1780576215811,ㅈ댔다
1780576215812,ㅋㅋㅋㅋㅋㅋㅋㅋㅋㅋㅋㅋㅋㅋㅋㅋㅋㅋㅋㅋㅋㅋㅋㅋㅋ
1780576215915,ㅋㅋㅋㅋㅋㅋㅋㅋㅋ
1780576215965,기대감 최대로
1780576215977,ㅋㅋㅋㅋㅋㅋㅋㅋㅋㅋ
1780576215995,ㅋㅋㅋㅋㅋㅋㅋㅋㅋㅋㅋㅋㅋㅋㅋㅋ
1780576216023,아 스포
1780576216243,아
1780576216304,미나미가?
1780576216353,ㅋㅋㅋㅋㅋㅋㅋㅋㅋㅋㅋㅋㅋㅋㅋㅋㅋ
1780576216371,ㄷㄷ
1780576216407,아...
1780576216761,ㅋㅋㅋㅋㅋㅋㅋㅋㅋ
1780576216848,기대하잖아!~!!!
1780576216897,기대컨
1780576216927,아오 말하지말라고!!!!!!!!!
1780576216989,부담
1780576217044,ㅋㅋㅋ
1780576217074,망했네 ㅋㅋ
1780576217088,ㅈ됨 ㅋㅋㅋㅋㅋㅋ
1780576217091,안돼!!!!!!!!
1780576217102,뭐?
1780576217106,아 스포
1780576217157,근들근들 ㅋㅋ
1780576217167,조졋다 ㅋㅋㅋㅋㅋㅋㅋ
1780576217180,너무기대하게되잖아
1780576217209,부담감 더심해진다 ㅋㅋㅋㅋ
1780576217250,ㅋㅋㅋㅋㅋㅋㅋㅋㅋㅋㅋㅋㅋㅋㅋㅋㅋㅋㅋㅋㅋㅋㅋㅋㅋㅋㅋㅋㅋ
1780576217301,ㅋㅋㅋㅋㅋㅋㅋㅋㅋㅋㅋㅋㅋㅋㅋㅋ
1780576217321,ㅋㅋㅋㅋㅋㅋㅋㅋㅋㅋㅋㅋㅋㅋㅋㅋㅋㅋㅋㅋㅋㅋㅋㅋ
1780576217350,기대컨 ㅋㅋ
1780576217350,ㅈ댔ㅎ닼ㅋㅋㅋ리얼
1780576217430,ㅈ됐다
1780576217856,얼마나 재밌다는거야
1780576217868,ㅋㅋㅋㅋㅋㅋㅋㅋㅋㅋ
1780576217892,큰거온다 ㄷㄷ
1780576217922,ㄷㄱㄷㄱㄷㄱ
1780576217965,ㅋㅋㅋㅋㅋㅋㅋㅋㅋㅋㅋㅋㅋㅋㅋㅋㅋㅋㅋㅋㅋㅋㅋㅋㅋㅋㅋㅋ
1780576217996,아 그래?
1780576218075,아 그거 누가 말했어
1780576218099,악질이네
1780576218137,ㅋㅋㅋㅋㅋㅋㅋㅋㅋㅋㅋㅋ
1780576218166,그 말이 더 무서워
1780576218184,아
1780576218190,{:d_126:}{:d_126:}{:d_126:}{:d_126:}
1780576218214,더 비상
1780576218220,그게 더 부담돼
1780576218298,아 기대컨
1780576218311,ㅋㅋㅋㅋㅋㅋㅋㅋㅋㅋㅋㅋㅋㅋㅋㅋㅋ
1780576218320,그래서 더 부담스럽네
1780576218322,ㅈ됐다ㅋㅋㅋㅋ
1780576218333,아.......
1780576218356,아 스포
1780576218438,와 진짜 부담감 ㅈ된다
1780576218677,ㅋㅋㅋㅋㅋㅋㅋㅋㅋㅋㅋㅋㅋㅋㅋ
1780576218699,큰거온다
1780576218740,ㅋㅋㅋㅋㅋㅋ
1780576218770,조졌다
1780576218794,헉
1780576218839,ㅋㅋㅋㅋㅋㅋㅋㅋㅋㅋㅋㅋㅋㅋㅋㅋ
1780576218871,ㅋㅋㅋㅋㅋㅋㅋㅋㅋㅋㅋ
1780576218875,{:d_116:}{:d_116:}{:d_116:}
1780576218914,아 스포 ㄴㄴ
1780576218954,비상
1780576218960,ㅈ댔다ㅋㅋ
1780576218974,ㄷㄷ
1780576218983,기대컨이
1780576219148,ㅋㅋㅋㅋㅋㅋㅋㅋㅋㅋㅋㅋㅋㅋㅋㅋㅋㅋ
1780576219213,그거 연습생이 ㅋㅋㅋ
1780576219223,ㅋㅋㅋㅋㅋㅋㅋㅋㅋㅋ
1780576219250,{:d_116:}{:d_116:}
1780576219350,아 기대컨 조졌다
1780576219414,부담감ㅋㅋㅋㅋ
1780576219416,부담감 UP
1780576219992,ㅋㅋㅋㅋㅋㅋㅋ
1780576220011,얼~~~~~~~~~~~~~~~마나
1780576220090,?
1780576220095,을ㄹㄹㄹㄹㄹㄹㄹㄹ마나 재밌을까
1780576220108,기대감 ㅈ댓다
1780576220165,맴버들 피셜
1780576220171,헉
1780576220177,ㅋㅋㅋㅋㅋㅋㅋㅋㅋㅋㅋㅋㅋㅋㅋㅋㅋㅋㅋㅋㅋㅋㅋㅋㅋ
1780576220182,진 짜 초 비 상 ! !
1780576220183,나 기대한다?
1780576220194,ㅈ됐다
1780576220265,스스로
1780576220292,조졌다
1780576220329,아 너무기대된다 ㅋㅋ
1780576220334,ㄷㄱㄷㄱㄷㄱㄷㄱㄷㄱㄷㄱㄷㄱ
1780576220337,기대감 지리네
1780576220346,본인들이 말함
1780576220369,ㅈ됨 ㅋㅋㅋ
1780576220381,ㅋㅋㅋㅋ
1780576220400,ㅈ됐따
1780576220714,지들이 말함
1780576220807,ㅋㅋㅋㅋㅋㅋㅋㅋㅋ
1780576220956,기대컨
1780576221004,ㅈ됐음
1780576221018,얼~~~~~~~~~마나
1780576221051,ㄹㅇ
1780576221053,야야 그런말 하면 안대지 ㅋㅋㅋㅋㅋㅋㅋㅋㅋㅋㅋㅋㅋㅋㅋㅋㅋㅋ
1780576221061,기대컨 ㅈ댓다
1780576221123,아 기대컨
1780576221164,ㅈ됐다
1780576221195,갸루가?
1780576221215,기대컨
1780576221237,아 ㅈ됐다
1780576221245,ㄷㄱㄷㄱ
1780576221286,기대컨
1780576221325,큰일났다
1780576221333,아 기대감 최대로
1780576221341,ㄹㅇㅋㅋㅋㅋㅋ
1780576221379,얼~~~~~~~~~~~~~~마나
1780576221395,ㅈ됨 ㅋㅋㅋㅋㅋㅋㅋㅋㅋ
1780576221782,ㅈ됫네 ㅋㅋㅋ
1780576221784,얼마나 기대를 주는거야
1780576221839,아 부담감 조졌
1780576221890,강함순위
1780576221910,초비상!!!!!!
1780576221943,아 부담되네
1780576221986,기대컨 ㄷㄷ
1780576222037,근들근들
1780576222049,ㅈ댔다
1780576222066,기대컨
1780576222071,와 ㅋㅋㅋㅋㅋㅋㅋㅋㅋㅋㅋㅋㅋㅋㅋㅋㅋㅋㅋㅋㅋㅋㅋㅋㅋㅋㅋㅋㅋㅋㅋㅋㅋㅋ
1780576222078,ㄹㅇ ㅋㅋㅋㅋㅋㅋㅋㅋㅋㅋㅋㅋㅋㅋㅋㅋㅋㅋㅋㅋㅋㅋㅋ
1780576222078,ㄹㅇ 조졌네
1780576222110,와 진자 나쁜 놈이다 그거
1780576222119,부담 ㅋㅋㅋ
1780576222125,그럼 얼마나 재밌다는거야???
1780576222182,기대컨
1780576222248,이미 했다는거
1780576222288,이제 못 나온다 ㅋㅋㅋㅋㅋㅋㅋㅋㅋ
1780576222323,ㅋㅋㅋ
1780576222414,ㅈ때다
1780576222750,기대감 최대로~~~~~~~
1780576222759,ㅋㅋㅋㅋㅋㅋㅋㅋㅋ
1780576222763,기대 업
1780576222872,기대감업
1780576222891,ㅋㅋㅋㅋㅋㅋㅋㅋ
1780576222892,부담감 ㅈ된다 ㅋㅋㅋㅋㅋ
1780576222898,ㅋㅋㅋㅋㅋㅋㅋㅋ
1780576222938,ㄱㄷㄱㄷ
1780576222988,ㅈ됬다
1780576223041,ㅋㅋㅋㅋㅋㅋㅋㅋㅋ
1780576223058,아 미쳤따
1780576223085,기대감 올리지말라고
1780576223105,지들이 말했음 ㅋㅋㅋ
1780576223135,더망했엌ㅋㅋㅋ
1780576223164,조졌다
1780576223174,기대감 ㅋㅋㅋㅋㅋ
1780576223194,기대감 MAX ㅋㅋㅋㅋㅋㅋㅋㅋ
1780576223221,기대감 올리기
1780576223263,기대감 올라감ㅋㅋㅋㅋ
1780576223324,아ㅏㅏㅏㅏㅏㅏㅏㅏㅏ 비ㅣㅣㅣㅣㅣㅣㅣㅣ상
1780576223543,얼~~~~~~~~~~~~~~~~~마나
1780576223762,근들근들
1780576223804,부ㅡ담100배
1780576223862,미나미가 순수 재능이던데
1780576223892,얼~~~~~~~~~~~~마나
1780576223909,두구두구~
1780576223993,아
1780576224001,마지막으로 비지보이 한번 듣고 마무리 어때요?
1780576224038,아 이럼 조졌는데
1780576224067,ㄱㄷㄱㄷㄱㄷㄱㄷㄱㄷ
1780576224067,근들근들
1780576224106,ㅋㅋㅋㅋㅋㅋㅋㅋㅋㅋㅋ
1780576224112,자기가..
1780576224124,에~잇
1780576224155,부담 ㅈ됐엌ㅋㅋㅋㅋㅋㅋㅋ
1780576224194,아 큰거온다 ㅋㅋㅋㅋㅋㅋㅋㅋㅋㅋㅋㅋㅋㅋㅋㅋㅋㅋㅋㅋㅋ
1780576224334,연습생들이 말함 ㅅㄱ
1780576224384,큰거온다
1780576224427,메이가 말함
1780576224428,아 부담감
1780576224482,ㅋㅋㅋㅋㅋㅋㅋㅋㅋㅋㅋㅋㅋ
1780576224524,큰거온다 두구두구
1780576224572,ㅋㅋㅋㅋㅋㅋㅋㅋ
1780576224637,본인들이 망햇다고 ㅋㅋㅋㅋㅋㅋㅋㅋㅋㅋㅋ
1780576224683,ㅋㅋㅋㅋㅋㅋㅋㅋㅋㅋㅋㅋㅋ
1780576224746,부담감 업
1780576224834,에잇
1780576224842,얼~~~~~마나
1780576224900,기대컨 조졌네
1780576224979,부담 up
1780576224994,ㅈ됨
1780576224995,ㅋㅋㅋㅋㅋㅋㅋㅋㅋ
1780576225021,ㅋㅋㅋㅋㅋㅋㅋㅋㅋㅋㅋㅋ
1780576225039,부담감 ㅅㅂ ㅋㅋㅋㅋㅋㅋ
1780576225087,룩 형 돈
1780576225103,룩형돈
1780576225131,얼~~~~~~~~~~~~~~~마나 재밌을까?
1780576225236,너무 기대돼
1780576225275,옛날에 배텐 나온거 찾아봐 메이 리브 재밌음 쟤네
1780576225320,부담 max
1780576225332,ㅈ됫다
1780576225402,에이 망했네!
1780576225540,ㅋㅋㅋㅋㅋㅋㅋㅋㅋ
1780576225567,근들근들
1780576225580,기대치 비상!!!
1780576225582,ㄱㄷㄱㄷㄱㄷㄱㄷ
1780576225642,부담감 ㅈ됨
1780576225646,룩형돈 ㅋㅋ
1780576225649,ㅋㅋㅋㅋㅋㅋㅋㅋㅋㅋㅋㅋ
1780576225742,부담감맥스ㅋㅋㅋ
1780576225796,부감감 와
1780576225817,기대컨 ㅈ됏다
1780576225852,룩 형 돈
1780576225883,부담감 비사ㅏㅏㅏㅏㅏㅏㅏㅏㅇ
1780576225901,기대컨 ㅈ대따
1780576225931,그거 안 나온 멤버가 말함 ㅋㅋㅋㅋㅋㅋㅋㅋㅋㅋㅋ
1780576225970,ㄹㅇ이가
1780576225993,기대컨 시키지 말라고 ㅋㅋㅋㅋㅋㅋㅋㅋㅋㅋ
1780576226027,더 망함 ㅋㅋ
1780576226243,ㅋㅋㅋㅋㅋ
1780576226296,기대컨
1780576226351,큰거온다
1780576226403,큰거온다 ㄷㄷㄷㄷㄷ
1780576226472,에이~
1780576226504,ㄷㄱㄷㄱㄷㄱㄷㄱㄷㄱㄷㄱㄷㄱㄱㄷ
1780576226556,룩형돈 ㄷ
1780576226616,기대감까지 올렸어 난 몰라 ㅠㅠㅠㅠㅠㅠㅠㅠㅠㅠㅠㅠㅠㅠㅠㅠㅠㅠㅠㅠ
1780576226627,ㄷㄱㄷㄱㄷㄱㄷㄱㄷㄱㄷㄱㄷㄱ
1780576226632,ㅈ됐다 ㅋㅋㅋㅋㅋㅋㅋㅋㅋㅋㅋㅋㅋㅋㅋㅋㅋㅋㅋㅋ
1780576226770,부담max
1780576226848,부담감 ㅈ댔어
1780576227046,얼~~~~~~~~마나
1780576227112,텄네
1780576227224,ㄷㄱㄷㄱㄷㄱㄷㄱㄷㄱ
1780576227334,본인이 함ㅋㅋㅋㅋㅋ
1780576227354,아 너무 기대된다~
1780576227410,큰거온다~~
1780576227450,ㅈ댔다 ㅋㅋㅋㅋㅋㅋ
1780576227508,그냥 정형돈 하자~
1780576227515,ㄱㄷㄱㄷ~
1780576227695,큰거온다 ㄷㄷㄷㄷㄷㄷㄷㄷㄷㄷㄷ
1780576227732,근들근들
1780576227733,큰거온다 ㄷㄱㄷㄱㄱㄷㄱㄷㄱㄷㄱ
1780576227827,근들
1780576227867,ㅋㅋㅋㅋ
1780576227934,기대업
1780576228042,얼~~~~~~~~~~~~~~마나
1780576228056,와 그럼 얼마나 재밌다는거야???
1780576228234,텄다 텄어
1780576228251,ㅈ댔다
1780576228293,기대ㅐ컨
1780576228393,근들근들
1780576228396,리브양 ...
1780576228438,룩형돈 아이
1780576228642,엥;ㅅ
1780576228669,ㅋㅋㅋㅋㅋㅋㅋㅋ
1780576228674,기대감 최대네
1780576228677,얼마나 재밌길래
1780576228687,나 좀 기대되네
1780576228737,ㅈ댔다 진짜 ㅋㅋㅋㅋㅋㅋㅋㅋㅋㅋㅋ
1780576228868,기대감 최대로!
1780576229006,룩형돈
1780576229139,ㄹㅇ 더 기대하잖아
1780576229252,아 망했네~!
1780576229262,ㄷㄱㄷㄱㄱㄷㄱㄷㄱㄷㄱㄷㄱㄷㄱㄱㄷㄷ
1780576229291,얼~~~~~~~~~~마나
1780576229292,이새키 정형돈임?
1780576229399,룩형돈
1780576229472,룩형돈 ㅋㅋ
1780576229485,뭐 화이팅 하쇼
1780576229502,지들이 말했다는거임 ㅋㅋㅋㅋ
1780576229518,얼~~~~마나 재밌는지 보자
1780576229603,얼~~~~~~~~마나
1780576229698,뒤에 얼마나 재밌을까 ㄹㅇ
1780576229774,큰거온다
1780576229793,큰거 온다
1780576229985,ㅋㅋㅋㅋㅋㅋㅋㅋㅋㅋㅋㅋㅋㅋㅋㅋㅋㅋㅋ
1780576230104,기대감 더 올라갔다 ㅈ됐다
1780576230157,기대감 최대로
1780576230334,{:lck_28:}
1780576230351,난 몰라 ㅠㅠㅠㅠㅠㅠㅠㅠㅠㅠ
1780576230390,부담 백배
1780576230717,정형돈이야?
1780576230894,안나온애들이말한거임 ㅋㅋ
1780576230895,리브님이랑 메이님은 을ㄹㄹㄹㄹㄹ마나 재밌을까ㅏㅏㅏ
1780576231040,큰거온다
1780576231062,기대컨 망했네 이거
1780576231126,망햇어아
1780576231230,ㄹㅇㅋㅋ
1780576231275,에이 망했네
1780576231573,룩형돈 ㅋㅋ
1780576231669,정형돈 ㅋㅋ
1780576231767,본인이 말함
1780576231799,진짜 부담감 어쩌냐
1780576231925,큰 거 온다
1780576232045,캬
1780576232193,큰거온다ㅏㅏㅏㅏㅏㅏㅏㅏㅏㅏㅏㅏㅏㅏㅏ
1780576232390,큰거온다!
1780576232544,룩 형 돈
1780576232554,지금 나온다
1780576233095,캬
1780576233182,룩 형 돈
1780576233314,기대컨 ㅈ됐다 ㅋㅋㅋㅋㅋㅋㅋㅋㅋㅋㅋㅋㅋㅋㅋㅋㅋ
1780576233440,룩형돈ㅋㅋ
1780576233550,룩형돈 ㅋㅋㅋㅋㅋㅋㅋㅋ
1780576233566,큰 거 온 다
1780576233736,룩삼: 리센느 글렀다
1780576233998,각오해라
1780576234184,비지찌개
1780576234328,미나미는 우리 중 최약체다
1780576234340,아 조졌네~
1780576234415,정형돈 가야지 ㄱㄱㄱㄱㄱㄱㄱ
1780576234474,손톱 뽑히겠네 ㅋㅋ
1780576234528,부담감 미쳤음
1780576234604,얼~~~~~~~~~~마나
1780576234813,비지보이 좋음
1780576234860,ㄷㄱㄷㄱㄷㄱㄷㄱ
1780576234866,캬
1780576235124,나 기대한다
1780576235158,기대감 어뜨케
1780576235383,큰거온다ㅏㅏㅏㅏㅏㅏㅏㅏㅏㅏㅏㅏㅏㅏㅏㅏㅏㅏㅏㅏㅏㅏㅏㅏㅏㅏㅏㅏㅏㅏㅏㅏㅏㅏㅏ
1780576235595,얼마나 재밌나 보자
1780576235644,비지보이
1780576235711,정형돈이나 하자 그럼~
1780576236254,비지보이 좋아
1780576236433,룩형돈 ㅋㅋㅋㅋㅋㅋㅋㅋㅋㅋ
1780576236558,룩 형 돈
1780576236673,기대컨됐네
1780576236883,메이가 다 말한거임 ㅋㅋㅋㅋ
1780576236976,너땜에 큰일났어 ㅠㅠㅠㅠㅠㅠ
1780576237044,정형돈 가야지 ㅋㅋㅋㅋㅋㅋㅋㅋㅋ
1780576237095,비지보이 비지보이 비지보이~
1780576237336,큰 거 온 다
1780576237473,큰~~~~~~~거온다
1780576237566,기대감 높혀놓네ㅋㅋㅋ
1780576238524,비지보이는 진짜 좋긴함
1780576238959,비지
1780576238967,자기입으로 말했다는거임 ㅋㅋㅋㅋㅋㅋㅋㅋㅋㅋㅋㅋㅋㅋㅋㅋㅋㅋㅋㅋㅋㅋㅋㅋㅋㅋㅋㅋㅋㅋㅋㅋㅋㅋㅋㅋㅋㅋㅋㅋㅋㅋㅋㅋㅋㅋㅋㅋㅋㅋㅋㅋㅋㅋㅋㅋㅋㅋㅋㅋㅋㅋㅋㅋㅋㅋㅋㅋㅋ
1780576238971,얼~~~~~~마나 웃길까?
1780576239142,콩비지요?
1780576239268,얼~~~~~~~마나 재밌는지
1780576240295,해장님~
1780576240657,비지보이ㄱㄱㄱ
1780576240663,룩 형 돈
1780576240862,얼ㄻㅁㅁㅁㅁㅁㅁㅁ마나 재밋을까
1780576240934,ㄹㅇㅋ
1780576241086,;ㅁ;
1780576241226,비지찌개 맛있지
1780576241448,비지보이
1780576241489,이거밈
1780576241526,ㄹㅇ
1780576241603,야야야야
1780576241768,이거 비지 보인데
1780576242286,큰ㄴㄴㄴㄴㄴㄴㄴㄴㄴ거 온다
1780576242573,ㅈ됐다
1780576242670,비지비지보이
1780576243094,ㄹㅇㅋㅋ
1780576243196,ㄹㅇㅋㅋ
1780576243372,메이야 리브야 그렇게 됐다..
1780576243809,이거아님?
1780576243941,ㄹㅇㅋㅋ
1780576243959,ㄹㅇㅋㅋ
1780576244121,ㄹㅇ
1780576244217,아 비지찌개 뭔데 도대체 ㅋㅋㅋㅋ
1780576244268,얼~~~~~~~마나 재밌을까
1780576244523,ㄹㅇㅋㅋㅋㅋ
1780576244701,ㅋㅋㅋㅋㅋㅋㅋㅋㅋㅋㅋㅋㅋ
1780576244943,지금 듣고있는거임
1780576245332,근들갑
1780576245533,지금 듣고있는데?
1780576247004,캬
1780576247007,뚜껑닫고 완전히 익히고 있었는데
1780576247460,비지찌개 먼데
1780576247720,정형돈 엔딩 하자~
1780576247926,이건데
1780576248030,얼~~~~~~~~마나
1780576248052,나 진짜 기대해?ㅋㅋㅋㅋ
1780576248178,얼~~~~~~~~마나
1780576248218,얼ㄹㄹㄹㄹㄹㄹㄹㄹㄹㄹㄹㄹ마나
1780576248491,지금 듣고있어
1780576248657,이게 비지보이
1780576248794,비지비지보이
1780576248990,아 이거 뚜겅열면 어떡해요!
1780576249108,얼~~~~~~~~~마나
1780576249181,악마야
1780576249294,지금 듣고 있는게 비지보이임
1780576249301,압력밥 하고있는데  가스 다 빠졌네
1780576249339,비지보이당
1780576249570,이게 그거긴 한데
1780576249589,비지보이가 뭔데~~
1780576249649,흠...그정둔가..
1780576250104,지금 나오는거 비지보이인데
1780576250606,지금 나오네 비지보이
1780576250655,메이즈러너는 좀 기대되는데
1780576251146,어어어어엄청재밌겠지.....?
1780576251332,리브가 살짝 돌아있음 ㅋㅋㅋ
1780576251464,전혀아님
1780576251634,비지찌개 듣고있자녀
1780576251683,비지보이~
1780576251860,아니던데
1780576252031,얼~~~~~~~~~~~~~~~~~~마나 재밌을려나
1780576252364,음?
1780576252756,나오고있네 딱 ㅋㅋㅋ
1780576252820,리센느 오이데~
1780576253640,아니던데
1780576253726,보통 반대임
1780576253763,헉
1780576253796,차분
1780576253890,이게 비지잖아ㅋㅋ
1780576254272,rp지
1780576254464,안 차분한데
1780576254468,아~ 컨샙이자나
1780576254602,그런 컨셉?
1780576254713,아니던데
1780576254744,?
1780576254748,ㅋㅋㅋㅋㅋㅋㅋㅋㅋㅋㅋㅋㅋ
1780576254795,부담 ㄱ-
1780576255072,을마나 재밌을까 ㅋㅋ
1780576255128,분위기만
1780576255261,안차분함
1780576255422,차?분
1780576255559,전혀아님
1780576255761,RP
1780576255973,저분이 개도라이래요
1780576256057,돌아있음
1780576256058,배우처럼 생겼나
1780576256074,안차분하던데
1780576256117,전혀 차분하지않음
1780576256144,전혀 아니던데
1780576256171,오이데 오이데 ~
1780576256224,정형돈 하면 되겠다
1780576256308,을매나 재미질까
1780576256498,캐릭터 구상중ㅋㅋㅋ
1780576256819,리브가 개그캐던데
1780576256946,아니래
1780576257210,제일 웃기다는데
1780576257718,차분한....
1780576257944,제일 재밌음
1780576258047,눈 돌아있음
1780576258064,전혀 아닌데
1780576258169,제일 시끄러움 ㅋㅋㅋㅋ
1780576258218,TP
1780576258455,얼~~~~~마나
1780576258489,상대적이긴한데 ㅋㅋ 돌아있음
1780576258885,본체임
1780576258899,살짝 돌아있어야돼
1780576258933,아님
1780576258987,아니야 차분하지않음
1780576259036,아님
1780576259047,.추구미 아닐까
1780576259062,별명이 바보리브임 ㅋㅋㅋ
1780576259323,진경은거인 신죠사사겡요
1780576259796,리얼 개그캐임
1780576259865,데뷔를 두번해야돼
1780576260083,그나마 차분
1780576260092,리브 저거 구라야 ㅋㅋㅋ
1780576260704,좀 도라이 기질이 있던데
1780576260922,릴황도 차분하시잖아
1780576261018,안차분함 ㅋㅋ
1780576261094,부담스러울만해
1780576261402,ㅋㅋ
1780576261989,얼굴은 재밌으셔서 ㄱㅊ
1780576262035,메이는 수영연습 하는걸로 나오자
1780576262924,박은영 쉐프 과임
1780576263227,차분한게 또 돌아이가 많거든요
1780576264021,맑눈광같은건가
1780576264267,최종병기
1780576264281,약간 똘끼있던데 ㅋㅋㅋ
1780576264460,제일 시끄러움 ㅋㅋ
1780576264528,비짓비짓비짓
1780576265748,자컨 보면 약간 돌아있음ㅋㅋㅋㅋ
1780576266099,미나미도 차분이었어
1780576266734,다들 보통은 아님 ㅋㅋㅋ
1780576266939,음 ?
1780576267060,아 이거임?
1780576267285,비즈비즈비즈~
1780576267326,킹모장
1780576267503,?
1780576267523,헉
1780576267524,?
1780576267577,?
1780576267652,개그담당 아님?
1780576267828,?
1780576267836,ㅋㅋㅋㅋㅋㅋㅋㅋㅋㅋㅋㅋㅋㅋㅋㅋㅋ
1780576267836,?
1780576268087,킹모장
1780576268353,진경은거인 신죠사사게오
1780576268431,?
1780576268456,헉
1780576268629,ㅂㅈㅂㅈㅂㅈ
1780576268632,ㅋㅋㅋㅋㅋㅋㅋㅋㅋㅋㅋㅋㅋㅋㅋㅋㅋ
1780576268708,어?
1780576268744,원래 차분한 사람이 돌아이 많음 ㅋㅋㅋ
1780576268816,?
1780576268838,오..
1780576268866,뭣
1780576268900,뭣
1780576268900,?
1780576268953,ㅋㅋㅋㅋ
1780576269064,ㅋㅋㅋㅋㅋㅋㅋㅋㅋㅋㅋㅋㅋㅋㅋㅋㅋㅋㅋㅋ
1780576269077,?
1780576269153,뭣
1780576269217,아오
1780576269259,?
1780576269297,어어
1780576269333,ㅂㅈㅂㅈㅂㅈ
1780576269390,ㅋㅋㅋㅋㅋㅋㅋㅋㅋㅋㅋㅋ
1780576269420,?
1780576269423,ㅋㅋㅋㅋㅋㅋㅋㅋㅋㅋ
1780576269434,헉
1780576269833,아이고
1780576269863,ㅋㅋㅋㅋㅋㅋㅋㅋㅋㅋㅋ
1780576269873,약간 눈에 광기가 있던데
1780576269957,헉
1780576269975,ㅋㅋㅋㅋㅋㅋㅋㅋㅋㅋㅋㅋㅋㅋㅋㅋㅋㅋ
1780576270015,ㅋㅋㅋㅋㅋㅋㅋㅋㅋㅋㅋㅋㅋㅋㅋㅋㅋ
1780576270016,헉
1780576270017,???????
1780576270152,ㅋㅋㅋㅋㅋㅋㅋㅋ
1780576270158,헉
1780576270184,?
1780576270228,?
1780576270234,???????????
1780576270253,?
1780576270287,?
1780576270369,가슴 엉덩이 뭐임?
1780576270383,ㅋㅋㅋㅋㅋㅋㅋㅋㅋ
1780576270384,아이고
1780576270391,????????
1780576270393,?
1780576270449,어어..
1780576270929,ㅋㅋㅋㅋㅋㅋㅋㅋㅋㅋㅋㅋㅋㅋ
1780576271064,헉헉
1780576271064,헉 헉 헉 헉 헉 헉 헉 헉 헉 헉 헉
1780576271067,?
1780576271088,ㅋㅋㅋㅋㅋㅋㅋㅋㅋㅋㅋㅋ
1780576271121,헉
1780576271178,헉
1780576271207,ㅋㅋㅋㅋㅋㅋㅋㅋㅋㅋㅋㅋㅋㅋ
1780576271234,ㅋㅋㅋㅋㅋㅋㅋㅋㅋㅋㅋ
1780576271296,ㅋㅋㅋㅋㅋㅋㅋㅋㅋㅋㅋㅋㅋㅋㅋㅋㅋ
1780576271297,ㅋㅋㅋㅋㅋㅋㅋㅋㅋㅋㅋㅋㅋㅋㅋㅋㅋㅋㅋㅋㅋㅋㅋㅋㅋㅋㅋㅋㅋㅋㅋㅋㅋㅋㅋㅋㅋ
1780576271328,헉
1780576271328,ㅋㅋㅋㅋㅋㅋㅋ
1780576271328,ㅋㅋㅋㅋㅋㅋㅋㅋㅋㅋㅋㅋㅋㅋㅋㅋㅋㅋㅋㅋㅋ
1780576271365,ㅋㅋㅋㅋㅋㅋㅋㅋㅋㅋㅋㅋㅋㅋ
1780576271382,?
1780576271394,ㅁㅋㅋㅋㅋㅋㅋㅋㅋㅋㅋㅋㅋㅋㅋㅋㅋ
1780576271400,?
1780576271413,?
1780576271431,?
1780576271464,어이구
1780576271975,어이구
1780576272035,ㅋㅋㅋㅋㅋㅋㅋㅋㅋㅋㅋㅋㅋㅋ
1780576272048,헉
1780576272062,?
1780576272069,?
1780576272090,헉
1780576272121,?
1780576272140,???????
1780576272178,ㅋㅋㅋㅋㅋㅋㅋㅋㅋㅋㅋㅋㅋㅋㅋㅋㅋ
1780576272198,헉....
1780576272211,ㅋㅋㅋㅋㅋㅋㅋㅋㅋㅋㅋㅋㅋㅋㅋㅋㅋㅋㅋㅋㅋㅋㅋㅋㅋㅋㅋㅋㅋㅋㅋㅋㅋㅋㅋㅋㅋㅋㅋㅋ
1780576272238,ㅔ?????????????????????
1780576272243,헉
1780576272259,헉
1780576272270,뭣
1780576272303,헉
1780576272328,헐
1780576272340,어어 ㄷㄷㄷ
1780576272424,배?
1780576272460,헉
1780576272696,헉 ㅋㅋㅋ
1780576272728,ㅋㅋㅋㅋㅋㅋㅋㅋㅋㅋㅋㅋㅋㅋㅋㅋㅋㅋㅋㅋㅋㅋㅋ
1780576272786,ㅜㅗㅑ
1780576272903,헠
1780576272939,헉
1780576273038,ㅋㅋㅋㅋㅋㅋㅋㅋㅋㅋㅋㅋㅋㅋㅋㅋㅋㅋㅋㅋㅋㅋㅋ
1780576273043,?
1780576273066,(돌발상황)
1780576273087,뭘본거야
1780576273102,가슴엉덩이 ㄷㄷ
1780576273151,?
1780576273151,가슴 뭐?
1780576273154,???
1780576273230,열자마자 ㅋㅋㅋ
1780576273260,헉
1780576273317,가슴 머지
1780576273375,ㄹㅇ
1780576273387,아니
1780576273398,보통ㅋㅋㅋㅋㅋㅋㅋㅋㅋㅋㅋ
1780576273420,ㅋㅋㅋㅋㅋㅋㅋㅋㅋ
1780576273471,ㅋㅋㅋㅋㅋㅋㅋㅋㅋ
1780576273757,뭐야저거 ㅋㅋㅋ
1780576273824,?
1780576273865,??
1780576273902,{:d_126:}{:d_126:}{:d_126:}{:d_126:}{:d_126:}
1780576273969,"고맙다, 진효야"
1780576273987,헉
1780576274161,ㅋㅋㅋㅋㅋㅋㅋㅋㅋㅋㅋㅋㅋㅋㅋㅋㅋㅋㅋ
1780576274169,??ㅋㅋㅋㅋㅋㅋㅋㅋㅋㅋㅋㅋㅋㅋㅋ
1780576274178,뭣
1780576274178,해킹당했다
1780576274225,ㅋㅋㅋㅋㅋㅋㅋㅋㅋㅋㅋㅋㅋㅋㅋ
1780576274226,?
1780576274241,zzzzz
1780576274334,헉
1780576274338,ㅋㅋㅋㅋㅋㅋㅋㅋㅋㅋㅋㅋㅋㅋㅋㅋㅋㅋㅋㅋㅋㅋ
1780576274357,엉덩이 가슴 골반
1780576274374,ㅋㅋㅋㅋㅋ
1780576274376,ㅋㅋㅋㅋㅋㅋㅋㅋㅋㅋㅋㅋㅋㅋㅋㅋㅋㅋㅋㅋㅋㅋㅋㅋㅋㅋㅋ
1780576274393,헉헉
1780576274463,ㅋㅋㅋㅋㅋㅋㅋㅋㅋ
1780576274687,헉
1780576274754,돌발 상황
1780576274773,(돌발상황)
1780576274791,뭐 겨?
1780576274850,해킹 ㅇㅈㄹ
1780576274857,헉
1780576274875,??
1780576274900,ㅋㅋㅋㅋㅋㅋㅋㅋㅋ
1780576274957,??
1780576274988,헉
1780576275008,돌발상황
1780576275149,상습해킹
1780576275150,ㅋㅋㅋㅋㅋㅋㅋㅋㅋㅋㅋㅋㅋ
1780576275248,헉헉헉
1780576275299,ㅋㅋㅋㅋㅋㅋㅋㅋㅋㅋㅋㅋㅋㅋ
1780576275302,?
1780576275308,빨간약
1780576275374,??
1780576275381,가슴 엉덩이 뭐임
1780576275447,해킹입니다 오해 ㄴㄴ
1780576275788,돌발상황
1780576275803,로스트 메모리
1780576275841,헉
1780576275843,군대썰 잔재
1780576275846,헉
1780576275871,ㅋㅋㅋㅋㅋㅋㅋㅋㅋㅋㅋㅋㅋㅋㅋㅋㅋㅋㅋㅋㅋㅋㅋㅋ
1780576275895,해킹 이러고있네 ㅋㅋㅋ
1780576276030,개웃기네 ㅋㅋㅋㅋㅋㅋㅋㅋㅋ
1780576276141,가슴 엉덩이 골반
1780576276220,ㅋㅋㅋㅋㅋㅋㅋㅋㅋㅋㅋㅋㅋㅋㅋㅋㅋㅋㅋㅋㅋㅋ
1780576276261,뭣헉
1780576276289,ㅋㅋㅋㅋㅋㅋㅋㅋㅋㅋㅋㅋㅋㅋ
1780576276327,ㅋㅋㅋㅋㅋㅋㅋㅋ
1780576276331,어이구
1780576276347,ㅋㅋㅋㅋㅋㅋㅋㅋㅋㅋㅋㅋ
1780576276387,ㅋㅋㅋㅋㅋㅋㅋㅋㅋㅋ
1780576276389,엄
1780576276392,해킹하지마세요
1780576276395,ㅋㅋㅋㅋㅋㅋㅋㅋㅋㅋㅋㅋㅋㅋ
1780576276421,어이구
1780576276531,{:d_126:}{:d_126:}{:d_126:}{:d_126:}
1780576276566,아오 해킹범
1780576276625,ㅋㅋㅋㅋㅋㅋㅋㅋㅋㅋㅋㅋㅋㅋㅋㅋㅋㅋㅋㅋㅋㅋㅋㅋㅋㅋㅋㅋㅋㅋㅋㅋㅋㅋㅋㅋㅋㅋㅋ
1780576276645,뭐죠
1780576276664,??????
1780576276678,헉
1780576276698,??
1780576276811,ㄷㄷ
1780576276850,{:lck_28:}
1780576276884,ㅗㅜㅑ
1780576276951,ㅋㅋㅋㅋㅋㅋㅋㅋㅋㅋㅋㅋㅋㅋㅋㅋ
1780576276985,ㅋㅋㅋㅋㅋㅋㅋㅋㅋㅋㅋㅋㅋㅋ
1780576277136,ㅗㅜㅑ
1780576277172,돌발상황
1780576277175,?????
1780576277176,뭣덩이
1780576277221,이건 좀..
1780576277330,아이참;;
1780576277369,디도스 공격 ㄷㄷㄷㄷㄷㄷㄷㄷㄷㄷㄷㄷㄷㄷ
1780576277439,해킹당했나?
1780576277596,???????
1780576277621,ㅋㅋㅋㅋㅋㅋㅋㅋㅋㅋㅋㅋㅋㅋ
1780576277863,님아.
1780576278044,ㅋㅋㅋㅋㅋㅋㅋㅋㅋㅋㅋㅋㅋㅋㅋㅋㅋㅋㅋㅋㅋㅋㅋㅋㅋㅋㅋㅋㅋㅋㅋㅋㅋㅋㅋㅋㅋㅋㅋㅋ
1780576278088,돌발상황
1780576278114,가슴 골반 엉덩이
1780576278134,역시 내 친구 진효 ㅋㅋㅋㅋㅋㅋㅋㅋㅋㅋㅋㅋㅋㅋㅋㅋㅋㅋㅋㅋㅋㅋㅋㅋㅋㅋㅋㅋㅋㅋㅋㅋ
1780576278181,헉
1780576278200,자.. 잠시 소란이 있었어요
1780576278283,가덩이
1780576278356,경찰관님 여깁니다
1780576278437,해킹범이자식...
1780576278442,ㅋㅋㅋㅋㅋㅋㅋㅋㅋㅋㅋ
1780576278459,ㅋㅋㅋㅋㅋㅋㅋㅋㅋㅋㅋㅋㅋㅋㅋㅋㅋㅋㅋㅋㅋㅋㅋㅋㅋㅋㅋㅋㅋㅋㅋㅋㅋㅋㅋㅋㅋ
1780576278470,가슴 배?
1780576278499,(돌발상황)
1780576278516,가슴
1780576278814,돌발상황
1780576278868,ㅋㅋㅋㅋㅋㅋㅋㅋㅋㅋㅋㅋㅋㅋ
1780576278877,{:d_126:}{:d_126:}{:d_126:}{:d_126:}{:d_126:}{:d_126:}
1780576278878,음?
1780576278944,ㅋㅋㅋㅋㅋㅋㅋㅋㅋㅋㅋㅋㅋㅋㅋㅋㅋㅋㅋㅋㅋㅋㅋㅋㅋㅋㅋㅋㅋㅋㅋㅋㅋㅋㅋㅋㅋㅋㅋ
1780576279010,가슴 엉덩이 어쩌구
1780576279021,뭐였지
1780576279109,배?
1780576279170,ㅋㅋㅋㅋㅋㅋㅋㅋㅋㅋㅋㅋㅋㅋㅋㅋㅋㅋㅋㅋㅋㅋㅋㅋㅋㅋㅋㅋ
1780576279205,군대썰 잔재 ㅋㅋㅋㅋㅋㅋㅋㅋㅋㅋ
1780576279387,가슴 골반 뭐고
1780576279415,ㅋㅋㅋㅋㅋㅋㅋㅋㅋㅋ
1780576279579,쌈아 잘가라
1780576279594,?
1780576279669,음지행동
1780576279705,패티시 알아보기
1780576279778,레전드네
1780576279816,???????
1780576279890,다리충ㄷㄷㄷㄷㄷㄷㄷㄷ
1780576279984,잘가라 진효여ㅑ
1780576280130,진효야..
1780576280139,음?
1780576280206,인터켓기사님인듯
1780576280358,돌발상황 ;;
1780576280475,기습해킹
1780576280491,헉
1780576280519,ㅋㅋㅋㅋㅋㅋㅋㅋㅋㅋ
1780576280567,(돌발상황)
1780576280607,오해입니다
1780576280620,ㅋㅋㅋㅋㅋㅋㅋㅋㅋㅋㅋㅋㅋㅋㅋㅋㅋㅋㅋㅋㅋㅋ
1780576280645,아으
1780576280668,{:lck_28:}
1780576280694,ㅋㅋㅋㅋㅋㅋㅋㅋㅋㅋㅋㅋㅋㅋㅋㅋㅋㅋㅋㅋㅋㅋㅋㅋㅋㅋㅋ
1780576280721,??????
1780576280760,ㅋㅋㅋㅋㅋㅋㅋㅋㅋㅋㅋㅋㅋㅋㅋㅋㅋㅋ
1780576280809,ㅋㅋㅋㅋㅋㅋㅋㅋㅋㅋㅋ
1780576280830,?
1780576280846,열자마자 ㅋㅋㅋㅋㅋㅋㅋ
1780576280905,ㅋㅋㅋㅋㅋㅋㅋㅋㅋㅋㅋㅋㅋㅋㅋㅋㅋㅋㅋ
1780576280943,곤충임?
1780576281059,?
1780576281079,어제의 흔적 ㅋㅋㅋㅋ
1780576281217,돌발 상황
1780576281233,ㅋㅋㅋㅋㅋㅋㅋㅋㅋㅋㅋㅋㅋㅋㅋㅋㅋㅋㅋㅋㅋㅋㅋㅋㅋㅋㅋㅋㅋㅋㅋㅋㅋㅋㅋ
1780576281361,ㅋㅋㅋㅋㅋㅋㅋㅋㅋㅋㅋㅋㅋㅋㅋㅋㅋㅋㅋㅋㅋㅋㅋㅋㅋㅋㅋㅋㅋㅋㅋㅋㅋㅋㅋㅋㅋㅋㅋㅋㅋㅋ
1780576281476,사악한 메모장이었어
1780576281528,걸그룹 얘기하다가 가슴엉덩이 이러네
1780576281546,돌발상황
1780576281605,ㅋㅋㅋㅋㅋㅋㅋㅋㅋ
1780576281638,오예입니다
1780576281667,해킹당함?
1780576281759,아 해킹 하지마라
1780576281767,ㅋㅋㅋㅋㅋㅋㅋㅋㅋㅋ
1780576281827,헉
1780576281964,잘가라
1780576281989,걸렸냐 또?
1780576282031,배꼽?
1780576282115,ㅋㅋㅋㅋㅋㅋㅋㅋㅋㅋㅋㅋ
1780576282273,돌발상황
1780576282278,해킹당했나?
1780576282293,이거 해킹임;;;;;;;;;;;;;;;;
1780576282440,?
1780576282483,?
1780576282511,(돌발상황)
1780576282533,?
1780576282673,메모장 해킹ㅋㅋ
1780576282756,ㅋㅋㅋㅋㅋㅋㅋㅋㅋㅋㅋㅋ
1780576282794,ㅋㅋㅋㅋㅋㅋㅋㅋㅋㅋㅋㅋㅋㅋ
1780576282962,ㅋㅋㅋㅋㅋㅋ
1780576282968,잠시 소란이 있었어요~~
1780576282996,(돌발상황)
1780576282997,이게무슨...
1780576283281,?
1780576283373,논란
1780576283512,ㅋㅋㅋㅋㅋㅋㅋ
1780576283550,ㅋㅋㅋㅋㅋㅋㅋㅋㅋㅋㅋㅋㅋㅋㅋ
1780576283652,ㅋㅋ
1780576283809,디도스 공격이었습니다
1780576284399,디도스당했다ㄷㄷㄷㄷㄷㄷㄷㄷ
1780576284413,가슴 골반 뭐?
1780576284427,또 해킹이야
1780576284619,룩 평
1780576284670,ㅋㅋㅋㅋㅋㅋㅋㅋㅋㅋㅋㅋㅋㅋㅋㅋ
1780576284880,잘가라..
1780576284880,{:d_126:}{:d_126:}{:d_126:}
1780576284895,ㅋㅋㅋㅋㅋㅋㅋㅋㅋㅋㅋㅋㅋㅋㅋㅋㅋㅋㅋ
1780576285680,잘가라~
1780576285696,ㅋㅋㅋㅋㅋㅋㅋㅋㅋㅋㅋㅋㅋㅋㅋㅋㅋㅋㅋㅋㅋㅋㅋㅋㅋㅋㅋㅋ
1780576285760,ㅋㅋㅋㅋㅋㅋㅋㅋㅋㅋㅋㅋㅋㅋㅋㅋ
1780576285775,ㅋㅋㅋㅋㅋㅋㅋㅋㅋㅋㅋㅋㅋㅋㅋㅋ
1780576285913,ㅋㅋㅋㅋㅋㅋㅋㅋㅋㅋㅋㅋㅋㅋㅋㅋ
1780576286083,"<,,,,,,룩도 사석은 조용함;;;"
1780576286116,뭐야??????????
1780576286186,( 돌 발 상 황 )
1780576286199,해킹범 나와
1780576286418,ㅋㅋㅋㅋㅋㅋㅋㅋㅋㅋㅋㅋㅋㅋㅋㅋㅋㅋㅋㅋㅋㅋㅋㅋㅋ
1780576286505,룩카루스...
1780576286688,룩삼 논란
1780576286705,음지행동
1780576286731,돌발행동
1780576286780,방금거 캡쳐해서 뿌리면 되는거지?
1780576286952,ㅋㅋㅋㅋㅋㅋㅋㅋㅋㅋㅋㅋ
1780576287058,돌발상황;
1780576287115,( 돌발상황 )
1780576287346,ㅋㅋㅋㅋㅋㅋㅋㅋㅋㅋㅋㅋㅋㅋㅋㅋㅋㅋㅋㅋㅋㅋㅋㅋㅋㅋㅋ
1780576287504,또 걸렸어
1780576287579,군대썰입니다
1780576287631,(돌발상황)
1780576287884,페티쉬에 군대썰 ㅋㅋ
1780576288025,룩평
1780576288116,5인큐
1780576288247,군대썰 다시보기는 로스트미디어...
1780576288352,가슴 엉덩이 골반
1780576288507,ㅋㅋㅋㅋㅋㅋㅋㅋㅋㅋㅋㅋㅋㅋㅋㅋㅋㅋㅋ미친
1780576288817,잘가라
1780576289230,여기요 여기
1780576289481,진효야 잘가라
1780576289510,노잼캐가 있어야함
1780576289549,상습 해킹
1780576289638,약 1시간전 : 나는 찌찌
1780576289754,ㅈㄴ 웃기네 ㅋㅋㅋㅋㅋㅋㅋ
1780576289995,ㅋㅋㅋㅋㅋㅋㅋㅋㅋㅋㅋㅋ
1780576290284,잦자자 잠시 소란이
1780576290394,메보 댄서 덕후몰이
1780576290441,잘자라
1780576290482,ㅋㅋㅋㅋㅋㅋㅋㅋㅋㅋㅋㅋㅋㅋㅋㅋㅋㅋㅋㅋㅋㅋㅋㅋㅋㅋㅋㅋㅋㅋㅋㅋㅋ
1780576290673,가슴 엉덩이 배꼽 이런거였는데 ㅇㅇ
1780576290973,음지행동
1780576291296,오래됫다
1780576291894,룩카루스 잘 가라
1780576292307,5인이 딱이야
1780576292512,ㅋㅋㅋㅋㅋㅋㅋㅋㅋㅋㅋㅋㅋㅋㅋㅋㅋㅋㅋㅋㅋ
1780576292770,잘가라...
1780576293052,1탱 2딜 2힐
1780576293168,잘가라 ㅋㅋㅋ
1780576293662,아오 고수익 알바시치
1780576293829,룩카루스 ㅋㅋ
1780576294425,배꼽 봣는기
1780576294462,머리 가슴 배
1780576295049,노잼 샌드백 한명 있어야함
1780576296146,잘가라
1780576296187,해킹 ㅋㅋㅋ
1780576296227,ㅋㅋㅋㅋㅋㅋㅋㅋㅋㅋㅋㅋㅋㅋㅋㅋㅋㅋㅋㅋㅋㅋㅋㅋㅋㅋㅋ
1780576296299,아 또 해킹이네~
1780576296345,{:d_46:}{:d_46:}
1780576297537,야호~
1780576298111,너무 날아올랐어 이제 내려와라
1780576298484,드디어떷어지는구나 룩카루스
1780576298571,이악물고 모른척
1780576299869,룩카루스 잘가라
1780576300056,캐릭터 컨설팅
1780576300519,해킹을 왜케 자주당해
1780576300631,신라 공주
1780576300812,신라
1780576300924,사투리 막내
1780576301010,ㅋㅋㅋㅋㅋㅋㅋㅋㅋㅋㅋㅋㅋㅋㅋㅋㅋㅋㅋㅋㅋㅋㅋㅋ
1780576301774,갸루귀신
1780576302372,ㅏㄱ내
1780576302989,정준하 포지션 있어야됨
1780576303853,ㅋㅋㅋㅋㅋㅋㅋㅋㅋㅋㅋㅋㅋㅋㅋㅋ
1780576303864,막내
1780576304110,귀여움 둘
1780576304458,경주 공주
1780576304944,커여운 막내
1780576305230,ㅋ신라공주
1780576305509,룩카루스 잘가쇼 ㅋㅋ
1780576305529,ㅋㅋㅋㅋㅋㅋㅋㅋㅋㅋㅋㅋㅋㅋㅋㅋㅋ
1780576305592,막내?
1780576305753,동생 사투리 ㅋㅋㅋㅋㅋㅋ
1780576305999,샌드백 반드시 있어야ㅑ지
1780576306053,신라
1780576306099,신 라 공 주
1780576306639,사투리 투톱
1780576306689,신라공주
1780576306782,신라공주 ㅋㅋ
1780576307094,막내
1780576307422,신라텐세
1780576307971,신라공주
1780576309045,메이즈러너
1780576309126,일본 갸루ㅋㅋㅋ
1780576309243,캐릭터가 다 쎄
1780576309450,"""막내"""
1780576312250,리더 털털해서 매력있음
1780576312466,아 진짜 컴퓨터 아저씨
1780576312734,사파
1780576315766,캐리
1780576315942,캐맄ㅋㅋㅋㅋㅋㅋㅋㅋㅋ
1780576316084,캐륔 ㅋ
1780576316165,ㅋㅋㅋㅋㅋㅋㅋㅋㅋㅋㅋ
1780576316581,서브
1780576317105,정형돈 포지션 있어야해
1780576317443,박명수
1780576317582,서폿 ㄴㄱ?
1780576317834,원딜 ㅋㅋ
1780576317889,캐리
1780576317953,캐리
1780576318036,캐리롤
1780576318202,감미료
1780576318985,DLC
1780576319230,평범한롤이하나필요한데
1780576319767,어떻게 아이돌이 일본 갸룬데
1780576319919,ㄹㅇ
1780576320778,교란종 미남이
1780576320838,서폿?
1780576320908,ㅇㅇ
1780576320953,크랙롤이야 미나미가
1780576321023,캐리 ㅋㅋㅋㅋㅋㅋㅋ
1780576321040,롤 큐야?
1780576321074,막내
1780576321128,ㅋㄹ
1780576321667,ㄹㅇ
1780576321845,캬ㅑㅑ
1780576322027,탱커
1780576323958,힐러가 없네
1780576324232,서브캐리 ㅋㅋ
1780576324276,캐릭터 떡벽이네 이렇게보니깐
1780576324277,게임캐릭터
1780576324974,ㅇㅈㅋㅋㅋㅋㅋㅋ
1780576325013,노잼 탱커 있어야겠네
1780576325263,서폿이
1780576325271,오른
1780576325287,멘딜 섭딜
1780576325308,노홍철 박명수
1780576325322,캬
1780576325441,탱커 유틸 있어야해
1780576325696,탱거없네
1780576325718,뭐하노?
1780576325869,게임이론 ㅋㅋ
1780576326028,서포터가 나와야 되네 이제
1780576326345,서폿 탱커 남았다
1780576326353,탱이랑 서폿 넣어야되네
1780576326482,정준하 있어야함
1780576326572,탱커 포지션이 없네
1780576326719,탱커
1780576327033,탱커 힐러
1780576327079,탱커 세워야지 그러면
1780576327169,소환사 협곡 이론
1780576327174,와우냐고
1780576327316,탱 필요한가
1780576327362,탱커 ㅇㅇ
1780576327410,탱힐 ㅇㄷ
1780576327419,탱커가 있어야지
1780576327445,노잼 샌드백 있어야함
1780576327468,서포터
1780576327584,서폿
1780576327608,갑자기 5인게임을
1780576327677,갸루가 평상시에는 탱커긴 함
1780576327766,오른 누구임
1780576327959,그럼 나머지 포지션은?
1780576327974,ㅋㅋㅋㅋ
1780576328146,남은게 일산킨텍스랑 수원이긴함
1780576328175,일본 캬루가 캐리인게 미쳤네
1780576328193,그럼 숟가락도잇다는거잖아
1780576328254,힐러 나와야지
1780576328345,게임이론?
1780576328408,서폿
1780576328972,캐리는 미나미
1780576329022,탱커 힐러
1780576329057,메이가 탱커 던대
1780576329077,탱커없네
1780576329081,탱커 없네
1780576329439,미드 원딜
1780576329670,탱이랑 서폿
1780576329708,탱커 있어야하네
1780576329715,탱힐
1780576329760,탱커
1780576330034,탱딜힐이네
1780576330095,탱힐
1780576330134,서폿이 나오겠네
1780576330198,"정형돈, 정준하 둘 딱 나와야지"
1780576330206,탱 ㅇㄷ
1780576330338,탱커 힐러 어딨냐
1780576330419,쭈나없다
1780576330450,탱커
1780576330467,힐러가 없네
1780576330487,서폿 정글
1780576330526,탱?
1780576330586,AD캐리
1780576330947,탱커 넣어야지
1780576330970,탱커 힐러
1780576331374,탱커가 있어야하네
1780576331435,탱커
1780576331581,탱커 세워야지 ㅋㅋ
1780576331634,탱커 힐러 있어야돼
1780576331645,소환사 협곡론
1780576331805,탱 힐
1780576331893,메이가 탱커임
1780576331983,서포터 어디갔누
1780576332020,ㅇㅈ
1780576332059,탱커
1780576332104,숟가락
1780576332223,정준하가
1780576332314,ㅇㅈ
1780576332538,서폿이네
1780576332655,힐러
1780576332825,탱커
1780576333107,탱 서폿
1780576333180,탱커랑 서포터
1780576333191,탱커랑 똥받이네
1780576333211,탱이다 이건
1780576333217,탱커 ㅋㅋㅋㅋㅋㅋㅋㅋㅋ
1780576333288,허
1780576333289,정준하 노잼 탱커 샌드백
1780576333430,탱커
1780576333498,탱커
1780576333666,탱커 서포터
1780576333742,탱 힐이 남았네
1780576333807,그럼 리브가 탑라인이야?
1780576333836,탱커 서폿
1780576334022,탱 힐
1780576334164,탱커
1780576334198,탱힐
1780576334206,텡카기 ㅍ;ㄹ여힌[
1780576334265,들어주기
1780576334532,서포터?
1780576334555,탱커나와야
1780576334741,탱커 힐러
1780576335098,탱 힐 뽑아야함
1780576335113,힐러 탱커
1780576335210,탱커
1780576335258,탱커가있어야지
1780576335269,서브탱
1780576335366,쭈나형
1780576335408,폿
1780576335509,탱커 서포터
1780576335731,그럼 서폿들이 나와야되는데 뒤가 더 웃기다고?
1780576335766,서폿 탱커가 있어야되네
1780576335771,밸패우얌ㅋㅋㅋ
1780576335957,서폿 둘
1780576335973,탱커포지션
1780576336013,탱커 힐러
1780576336061,정준하가 있어야지
1780576336096,탱힐 눌러라 ㅋㅋ
1780576336265,힐러
1780576336377,서폿이랑 탱커 필요하네
1780576336381,버퍼
1780576336517,탱커 메이즈러너
1780576336529,탱커 필요해
1780576336754,탱커랑 서폿 있어야함
1780576336837,탱커가야됨
1780576336955,둘이 같이 나오는게 맞음
1780576337032,형돈이 캐릭터
1780576337038,준하횽~
1780576337094,서폿만해도됨
1780576337136,매력캐
1780576337151,누가 사이온할건데
1780576337216,탱커가 필요해
1780576337251,탱커가 필요해
1780576337281,탱커 힐러ㅋㅋㅋㅋㅋㅋㅋㅋㅋ
1780576337368,탱 서폿 ㄴ왔네
1780576337492,정준하 포지션 필요
1780576337740,탱커 힐러
1780576337799,메이 씨 탱커 긴하더라
1780576338093,힐러
1780576338096,서폿
1780576338151,5인 올딜러
1780576338361,탱커가..
1780576338478,도구나 해라
1780576338640,탱 힐만 있으면 되긴 해
1780576338789,정준하 정형돈 ㅋㅋ
1780576338808,하하
1780576338821,대 준 하
1780576338941,사이온 누가함
1780576339190,탱힐
1780576339328,탱 힐
1780576339456,룩삼
1780576339637,탱커 서포터 나와야지
1780576339639,정준하 필요함
1780576339649,탱 힐
1780576339826,정형돈 정준하 와야지 ㅇㅇ
1780576339886,탱커 ㅋㅋㅋ
1780576339931,서포터 ㅋㅋ
1780576339973,탱커 버퍼
1780576340204,탱커 서폿
1780576340246,탱커
1780576340279,룩삼형
1780576340703,치어리더
1780576340826,김진효
1780576341041,형돈이
1780576341059,탑 서폿 나와주세요
1780576341231,쭈나횽 포지숀이 없네용
1780576341369,탱커 있어야함
1780576341501,룩삼 ㅋㅋ
1780576341513,준하형
1780576341610,메이
1780576341665,탱커랑 쪼커
1780576341709,정준하 ㅋㅋ
1780576341799,서폿 탱커
1780576341821,얼굴 마담
1780576342009,메이가 탱이긴한데
1780576342065,힐 탱
1780576342105,리액션은 탱커지
1780576342147,리액션 봇?
1780576342514,정준하랑 정형돈
1780576342585,쭈나형
1780576342794,탱
1780576342813,5딜러필요
1780576342906,크랙
1780576342957,탱 힐 있어야지
1780576342967,펫
1780576342986,탱
1780576343032,탱힐이잖아 ㅋㅋㅋㅋㅋㅋㅋㅋ
1780576343055,메이가 탱커긴 함
1780576343432,룩삼
1780576343461,룩삼포지션
1780576343707,원딜
1780576343876,하하
1780576344034,정준하 박명수가 있어야된다
1780576344097,하하 준하 있어야지
1780576344241,주나햄
1780576344608,정준하 정형돈 ㅋㅋㅋㅋ
1780576344715,리브네
1780576344758,룩삼형
1780576344760,탱커 서포터 ㅋㅋㅋ
1780576344824,둘다 룩삼이 되라는거냐?
1780576344987,탱 힐
1780576345105,매력힐러
1780576345404,메이가 탱커같긴 해
1780576345625,정준하 정형돈
1780576345626,정준하
1780576345730,탱 힐넣어
1780576345740,탱커 있어야지
1780576345929,츳코미 하나 넣어
1780576346150,정준하 ㄷㄷ
1780576346203,탱힐인데
1780576346211,길 포지션
1780576346431,둘이 세트로 나와야될듯
1780576346855,리브가 찌르기잘함 ㅋㅋㅋㅋㅋㅋ
1780576346857,펫 파트너
1780576346891,?
1780576347086,형돈이 준하
1780576347271,"정준하 , 정형돈 ㅋㅋㅋㅋㅋㅋㅋ"
1780576347304,원이커 ㄷㄷㄷ
1780576347319,그냥 처맞는사람
1780576347379,정형돈 정준하 ㅋㅋㅋㅋㅋㅋㅋㅋㅋ
1780576347585,탱 힐 이 필여하네
1780576347808,리브
1780576348398,탱커 or 조커카드
1780576348521,크랙
1780576348578,정형돈 정준하 나와야지
1780576348627,진수도사
1780576348695,메이네
1780576348702,너잖아
1780576349023,정준하 ㅋㅋㅋ
1780576349489,태클러 있어야지
1780576349630,탱커 ㅋㅋ
1780576349949,쭈나형이랑 하하 필요함
1780576350279,일침 포지션
1780576350309,정준하 정형돈 ㅋㅋㅋㅋㅋ
1780576351022,정형돈 ㅋㅋ
1780576351077,트롤;;
1780576351822,"정준하 , 정형돈 ㅋㅋㅋㅋㅋㅋㅋㅋㅋㅋㅋ"
1780576351857,오
1780576351914,딜러
1780576352282,탱 힐이 필요해
1780576352353,분탕충?
1780576352515,ㅋㅋㅋㅋㅋㅋㅋㅋ
1780576352530,같은편 공격은 뭐야 ㅋㅋㅋ
1780576352890,주나횽 포지션 ㅋㅋ
1780576353196,하하 정준하
1780576353406,메준하 ㅋㅋ
1780576353431,버프하나 챙기자
1780576353432,정준하 포지션
1780576353766,마우가가 필요하다
1780576353961,하하/ 정준하
1780576354296,진수도사 포지션
1780576354466,하하 준하 어디감
1780576354518,진수도사
1780576354593,오 관점좋은데
1780576354957,준하형돈
1780576354960,일침 포지션이 좋아
1780576355167,메이가 좀 탱커던디?
1780576355286,리브가 딜러임
1780576355429,길 하하 정준하
1780576355509,맞음
1780576355660,정준하 박명수
1780576355883,ㄹㅇ ㅋㅋ
1780576356232,대준하
1780576356451,도구 해야지
1780576356508,정준하 정형돈 아님?
1780576356929,그냥 형돈이
1780576357057,탱커 리브
1780576357439,룩삼 리센느 들어가고싶음??
1780576357512,하하 정준하 필요함 ㅇㅇ
1780576357623,루시우 입갤
1780576357664,탱커있어야지
1780576357677,ㅋㅋㅋㅋㅋㅋㅋㅋㅋㅋㅋㅋㅋㅋㅋㅋㅋ
1780576357881,그게 제나
1780576358082,형도니
1780576358161,정준하 ㅋㅋㅋㅋ
1780576358493,정준하 정형돈이 필요하다
1780576358778,준하햄
1780576358846,하하 정형돈
1780576359270,ㅋㅋㅋㅋㅋㅋㅋㅋㅋㅋ
1780576359546,형돈 하하
1780576359630,메이가 딱 정준하포지션임
1780576359677,리액션 : 하하 / 탱커 : 정준하
1780576359717,준하 하하 이렇게 나와야되네
1780576359819,ㅋㅋㅋㅋㅋㅋㅋㅋㅋㅋ
1780576359865,하하 정준하 나와야겠네
1780576359974,ㅋㅋㅋㅋㅋㅋㅋㅋㅋ
1780576360046,탱커 조커
1780576360131,갈람숑
1780576360159,정준하 정형돈 남았네 ㅋㅋㅋㅋㅋ
1780576360267,갈라숑ㅋㅋㅋ
1780576360391,1탱 1노잼 하면됨
1780576360436,ㅋㅋㅋㅋㅋㅋㅋㅋㅋ
1780576360489,갈람숑ㅋㅋㅋ
1780576360490,하하 정준하 1명씩 더 필요
1780576360535,메준하 리형돈 ㄱ
1780576360560,ㅋㅋㅋㅋㅋㅋㅋㅋㅋㅋㅋㅋㅋㅋㅋㅋ
1780576360710,갈람숑
1780576361104,메이가 탱커긴함ㅋㅋㅋ
1780576361214,ㅋㅋㅋㅋㅋㅋㅋㅋㅋㅋㅋㅋㅋㅋ
1780576361231,정준하 정현동 정하라고
1780576361301,하하 정준하
1780576361374,갈람숑
1780576361603,갈람숑
1780576361611,ㅋㅋㅋㅋㅋㅋㅋㅋㅋㅋㅋㅋ
1780576361628,ㅋㅋㅋㅋㅋㅋㅋㅋ
1780576361643,한명은 평생 안나오는 것도 캐릭터다
1780576361672,ㅋㅋㅋㅋㅋㅋㅋㅋㅋ
1780576361736,ㅋㅋㅋㅋㅋ
1780576361894,ㅋㅋㅋㅋㅋㅋㅋㅋㅋㅋㅋ
1780576361957,ㅋㅋㅋㅋㅋㅋㅋㅋㅋㅋㅋㅋ
1780576361974,ㅋㅋㅋㅋㅋㅋㅋㅋㅋ
1780576362030,ㅋㅋㅋㅋㅋㅋㅋㅋㅋㅋㅋ
1780576362125,신라공주가 탱거도 하던데
1780576362133,갈람숑 ㅋㅋ
1780576362137,누가 쳐맞을래
1780576362150,ㅋㅋㅋㅋㅋㅋㅋㅋㅋㅋㅋㅋㅋㅋㅋㅋㅋㅋㅋ
1780576362286,ㅋㅋㅋㅋㅋㅋㅋㅋㅋㅋㅋㅋㅋ
1780576362351,ㅋㅋㅋㅋㅋㅋㅋㅋㅋㅋㅋㅋㅋㅋㅋㅋㅋㅋㅋ
1780576362581,ㅋㅋㅋㅋㅋㅋㅋㅋㅋㅋㅋㅋㅋ
1780576362584,ㅋㅋㅋㅋㅋㅋㅋ
1780576362631,날카로운 분석
1780576362636,ㅋㅋㅋㅋㅋㅋㅋㅋㅋㅋ
1780576362691,ㅋㅋㅋㅋㅋㅍㅋㅋㅋㅋ
1780576362697,ㅋㅋㅋㅋㅋㅋㅋㅋㅋㅋㅋㅋㅋㅋㅋㅋ
1780576362756,ㅋㅋㅋㅋㅋㅋㅋㅋㅋㅋㅋㅋㅋㅋㅋㅋ
1780576362776,ㅋㅋㅋㅋㅋㅋㅋㅋㅋㅋ
1780576362857,갈람숑
1780576362866,ㅋㅋㅋㅋㅋㅋㅋㅋㅋㅋㅋㅋㅋㅋ
1780576362949,대 준 하
1780576362987,츠코미 딜러
1780576362993,ㅋㅋㅋㅋㅋㅋㅋㅋㅋㅋㅋㅋㅋㅋ
1780576363249,ㅋㅋㅋㅋㅋㅋㅋㅋㅋㅋㅋㅋㅋㅋㅋ
1780576363301,메이일듯 ㅋㅋㅋ
1780576363544,ㅋㅋㅋㅋㅋㅋㅋㅋㅋ
1780576363612,탱커도
1780576363691,명수형 준하형 있어야해
1780576363754,ㅋㅋㅋㅋㅋㅋ
1780576363938,ㅋㅋㅋㅋㅋㅋㅋㅋㅋㅋㅋㅋㅋㅋㅋㅋㅋㅋㅋㅋㅋㅋㅋㅋㅋㅋㅋㅋㅋㅋㅋㅋㅋㅋㅋㅋㅋㅋㅋㅋㅋㅋㅋㅋㅋㅋㅋㅋ
1780576363987,탱커 vs 힐러
1780576364060,ㅋㅋㅋㅋㅋㅋㅋㅋㅋㅋㅋㅋㅋㅋ
1780576364249,누가 할래
1780576364257,메준하 리형돈 ㅋㅋ
1780576364318,ㅋㅋㅋㅋㅋㅋㅋㅋㅋㅋㅋㅋㅋㅋㅋㅋㅋㅋㅋㅋㅋㅋㅋㅋㅋㅋㅋㅋ
1780576364380,ㅋㅋㅋㅋㅋㅋㅋㅋㅋㅋㅋㅋㅋㅋㅋ
1780576364534,갈람쑝ㅋㅋㅋㅋ
1780576364661,암살자
1780576364667,ㅋㅋㅋㅋㅋㅋㅋㅋㅋ
1780576365326,ㅋㅋㅋㅋㅋㅋㅋㅋㅋㅋㅋㅋㅋㅋㅋㅋㅋ
1780576365440,정준하 빨리집으셈
1780576365587,ㅋㅋㅋㅋㅋㅋㅋㅋㅋㅋㅋㅋㅋㅋㅋㅋㅋㅋㅋㅋㅋㅋㅋㅋㅋㅋㅋㅋㅋㅋㅋㅋㅋㅋㅋ
1780576365652,하하 정준하 필요 ㅇㅇ
1780576365888,ㅋㅋㅋㅋㅋㅋㅋㅋㅋㅋㅋㅋㅋㅋㅋㅋㅋㅋㅋㅋㅋㅋ
1780576366039,얼른 먹어
1780576366060,ㅋㅋㅋㅋㅋㅋㅋㅋㅋㅋ
1780576366114,한명은 맷집좀
1780576366177,ㅋㅋㅋㅋㅋㅋㅋㅋㅋㅋㅋㅋㅋㅋ
1780576366244,탱커 ㄱㄱ
1780576366537,ㅋㅋㅋㅋㅋㅋㅋㅋㅋㅋㅋㅋㅋㅋㅋ
1780576366549,타격감은 재능임
1780576366592,힌트줬다~
1780576366638,하하 정준하 ㅋㅋㅋㅋㅋㅋㅋㅋㅋㅋㅋㅋㅋㅋㅋㅋㅋㅋ
1780576366743,하하 정준하 ㅋㅋ
1780576366874,누가 할래요
1780576367992,메이가 탱커고 리브가 암살자임
1780576368262,ㅋㅋㅋㅋㅋㅋㅋㅋ
1780576368477,정준하 하하
1780576368585,정준하 씁박 ㅋㅋㅋ
1780576368675,누가 정준하 하고 누가 정형돈 할 거야
1780576368713,ㄹㅇ
1780576369140,ㅋㅋㅋㅋㅋㅋㅋㅋㅋㅋㅋㅋㅋㅋㅋ
1780576369214,ㄹㅇ
1780576369660,정준하 필수임
1780576369873,메이즈러너일듯 ㅋㅋㅋ
1780576369929,ㄹㅇ 빨리 정준하 포지션 잡으셈
1780576370113,메이가 이미 탱커임
1780576370165,ㅋㅋㅋㅋㅋㅋㅋ
1780576370357,이제부터 서로 싸워라
1780576370615,빨리 탱커 하나 나와
1780576370693,마지막이 제일 최악임
1780576370714,ㅋㅋㅋㅋㅋㅋㅋㅋ
1780576370776,답지 줬다잉
1780576371055,메준하
1780576371079,누가 맞을래
1780576371550,ㄹㅇ ㅋㅋㅋㅋ
1780576371724,타격감이 필요함..
1780576371949,ㄹㅇ
1780576372448,리브가 딜러임
1780576372677,한명 쉬운거 해 ㅋㅋ
1780576372785,정준하 먹어야지
1780576373523,정준하 필수지
1780576373543,유제석 박명수 노홍철 다 나옴 ㅇㅇ;
1780576373638,정주나 ㅋㅋ
1780576374102,ㄹㅇㅋㅋ
1780576374356,누가 하하 할래? 누가 정준하 할래?
1780576374638,캐리롤더들어오면 정신없어
1780576374706,한명이 맞자 어쩔수없다
1780576374814,3개의 태양 띄우던가
1780576374971,ㅋㅋㅋㅋㅋㅋㅋㅋㅋㅋㅋ
1780576375045,정준하 포지션이 필요하다
1780576375208,난 ㄹㅇ 탱커가 막차라고 생각한다 이 뒤는 없음 ㅋㅋㅋㅋ
1780576375335,답지 줘ㅏㅆ따
1780576375346,서폿 구합니다
1780576375605,정준하에 정형돈 필수
1780576375732,게임론ㅋㅋ
1780576376170,룩삼 컨설팅 ㄷ
1780576376322,츳코미 딜러 ㅇㄷ
1780576376435,메준하
1780576376468,MC는 1명이긴해
1780576376855,정준하 필수임
1780576377004,한명은 노잼으로 가야지
1780576377417,누가 맞을래
1780576377569,정준하 먹어야한다 ㅋㅋㅋㅋㅋㅋㅋㅋㅋㅋㅋㅋㅋㅋㅋ
1780576377608,만년연습생
1780576377624,정준하 하하 필수긴해
1780576377749,한명은 거제로 러닝중이라네요 ~~~~~~
1780576377762,메준하가 맞다
1780576377845,제임스 밀너 필요해
1780576377974,정준하된다고 ㅋㅋㅋㅋㅋㅋ
1780576378138,모자라지만 착한 멤버
1780576378395,ㅋㅋㅋㅋㅋㅋㅋㅋㅋㅋㅋㅋㅋㅋ
1780576378479,딜러가 있긴해
1780576378543,ㅋㅋㅋㅋㅋㅋ 안나오는 rp
1780576378828,늦으면 정준하
1780576378873,철주나 포지션 ㅋㅋ
1780576379054,MZ 무도임
1780576379067,메준하 ㅋㅋㅋㅋㅋㅋㅋ
1780576379205,심지어 제나가 탱커도 함
1780576379419,준하햄 보고 배워라
1780576379520,지금부터 서로 싸워라
1780576379811,님아 아이돌인데 ㅋㅋ
1780576379974,진수도사 역할 해야대
1780576380137,은지원 포지션
1780576380353,근데 나머지2명이 개그감 좋다는데
1780576380377,정준하 필수임
1780576380671,ㅋㅋㅋㅋㅋㅋㅋㅋㅋㅋㅋㅋㅋㅋㅋ
1780576380797,리브야 지금이야
1780576380946,르준하 뽑아
1780576381008,탱커 누구야 ㅋㅋ
1780576381481,{:d_126:}
1780576381589,탱커가 막차야
1780576381816,늦으면 정준하다 ㅋㅋㅋㅋㅋㅋㅋㅋ
1780576381818,마지막은 그냥 출연안하는걸로
1780576382396,ㄹㅇ ㅋㅋㅋ
1780576382458,정준하 무조건이지
1780576382498,그냥 정형돈 ㄱ
1780576382983,한명은 거제까지 뛰고 있다네요 ~~~
1780576383502,형돈이햄 컨셉이 재밌긴해
1780576383616,여자정준하 뭘 어케해야댐 개어렵네
1780576383812,메준하 리명수 ㄷㄷ
1780576384234,정준하는 에이스지
1780576385133,탱커 이미 데뷔했음
1780576385205,조던 핸더슨 필요
1780576385473,박명수와 정준하가 되어라
1780576386306,다섯개의 태양
1780576386377,강하게 커야지
1780576386855,막내가 탱커던데
1780576387104,메준하 리명숰ㅋㅋ
1780576387214,메준하냐 리준하냐
1780576387462,다 딜캐야
1780576387485,어떻게 여돌 캐릭터성이 정준하 ㅋㅋㅋㅋ
1780576387521,메이즈러너 있잖아
1780576387711,만년인턴
1780576388064,사이온 정준하 ㅋㅋㅋㅋㅋㅋㅋㅋ
1780576389206,탱커들어오면 완성임
1780576389497,메이씨 공략부터가 탱커 각임
1780576389620,제나가 탱커임
1780576390018,그냥 정형돈 하면됨
1780576390163,아니면 길 포지션 먹던가 ㅋㅋㅋ
1780576390265,마우가 정신 ㄱㄱㄱㄱㄱㄱㄱ
1780576391022,3개의 태양
1780576391626,아니면 슬랩스틱 몸개그
1780576392083,리액션 좋은 탱커 있긴 해야돼
1780576392728,차라리 노잼 컨셉이 나ㅇ을지도
1780576393239,메준하 립명수 ㄷㄷ
1780576393394,메준하 리브명수ㅋㅋㅋ
1780576393827,탱커는 힘들다 ㅋㅋㅋ
1780576393845,3태양 ㄷㄷ
1780576394361,3개의 태양 ㄷㄷㄷ
1780576394725,3캐리는 좀
1780576394791,서커스하자
1780576395500,롤이냐고
1780576395816,플렉스
1780576396049,형돈이 해야돼
1780576396193,메이가 말 많은 탱커임
1780576396280,올라운더 ㄷ
1780576396388,삼위일체
1780576396531,메이가... 탱커 맛있어보이던데
1780576397094,무리수 캐릭터
1780576397375,3태양
1780576398255,제나가 탱커긴 해
1780576399294,데프콘 캐릭터도 좋은데
1780576399583,ㄹㅇ
1780576399657,묻어가도됨
1780576399883,투탱은 오반데
1780576400195,ㅇㅈ
1780576400401,갸루가 실성격은 소심하고 착한애라는데
1780576401127,ㅇㅈ
1780576401127,ㄹㅇ
1780576401149,ㄹㅇ
1780576401158,2탱
1780576401163,그치 ㅇㅇ
1780576401406,ㄹㅇ
1780576401593,탑탱커
1780576401596,그건 ㄹㅇ
1780576401710,리브가 꾸대표 별면만든 장본인 아니던가
1780576402086,탱커가 신라공주야
1780576402219,일단 탱커 있어야됨 ㅋㅋ
1780576402221,2서폿은 좀
1780576402255,그건 그래
1780576402828,올라운더 들어오냐 ㄷㄷㄷ
1780576402847,2서폿은 무리데스~
1780576402933,2서포터는 에바죠
1780576403048,진짜 정형돈하자 노잼 컨셈
1780576403130,ㄹㅇ
1780576403548,ㄹㅇ
1780576403621,조커 필요함
1780576403745,크
1780576403975,2탱 가자 그러면
1780576403976,길은 어려움
1780576404008,ㅋㅋㅋㅋ
1780576404579,2서폿은 소나타릭이야 에바야
1780576405149,ㄹㅇㅋㅋ
1780576405185,미남이가 만능임
1780576405448,근데 2서포터는 절대 안될껄?
1780576405894,분석 고트 ㄷ
1780576405999,그냥 정형돈
1780576406315,아예 노잼 컨셉 가야하나
1780576406607,브루져
1780576407329,1서폿 1딜러
1780576407561,옵치임?
1780576407911,저기 막내들이 탱커임
1780576408295,2케리아 ㄷㄷ
1780576408303,막내가 탱커긴 해
1780576408332,ㅋㅋㅋㅋㅋㅋㅋㅋㅋㅋㅋㅋ
1780576408364,비유 씹상타치
1780576408542,와드 누가박을건데
1780576408587,미드카르마 느낌이지
1780576408808,1탱 1폿
1780576408820,유재석 박명수 노홍철은 잇음ㅋㅋ
1780576408822,옵치야? 1탱
1780576408855,길이 방황 많이햇지
1780576409345,정글 가야지
1780576409668,데프콘은 리브가 할만해
1780576409728,남은 애들이 서폿은 아님 ㅋㅋㅋㅋ
1780576409908,탱커는 들어와야돼 지금 노탱조합이잖아 안좋아
1780576409983,2탱은?
1780576409991,레드 5픽급
1780576410010,대회 나감?
1780576410910,탱이랑 서폿 나누자
1780576411127,탱커 해야지
1780576411233,옵치메타 ㅋㅋㅋ
1780576412015,신라공쥬가 탱커야 근데
1780576412279,누군가는 와드 박아야지
1780576412298,한양대 맞선임 와야되나
1780576412326,올라운더 브루저 하면됨
1780576412843,대표님 보고있나요
1780576413291,그냥 정형돈
1780576414633,정글 누가함?>
1780576414868,탱 필수임 탱커 들어와야돼
1780576415044,2탱은 답없어
1780576415046,정글 가야지
1780576416107,브루져 해야지 딜탱
1780576416233,2서폿은 구려 ㅇㅈ
1780576416695,정현돈 포지션
1780576417165,원이가 재석이햄 포지션임?
1780576417508,노잼 컨셉이 은근 꿀엠
1780576417620,옵치 ㅋㅋ
1780576417870,아예 노잼 컨셉이 나을수도
1780576418154,신라공주가 탱커도래
1780576418384,룩플던따포의 던
1780576418607,옵치함?
1780576418673,정글 누가함? 정글 누가함?
1780576419442,제일 어려운 노잼캐릭
1780576420541,서브탱 ㄱㄱㄱㄱㄱㄱㄱㄱㄱㄱㄱㄱㄱㄱ
1780576421084,노탱조합 애매하긴 해
1780576421256,바보 포지션?
1780576422076,개노잼 컨셉  조커카드 어떤데
1780576422655,노잼 포지션
1780576422731,신라공주 탱커임
1780576423181,미나미가 원래 서폿임
1780576423434,와우처럼
1780576423718,무난해
1780576423751,대 준 하
1780576424175,탱커가 마음 편하지
1780576424263,걍 사이온해
1780576424562,ㅇㅈ
1780576424625,노탱조합 애매하긴해 ㅇㅇ
1780576424717,섭탱 있어야된다.
1780576425202,ㄹㅇ
1780576425633,주나형 없음 지금
1780576425958,근데 어려워
1780576426263,대 주 나
1780576426303,탱커는 국밥이야
1780576426419,유튜브 연습생으로 나와서 정준하포지션 잡자
1780576426516,신라공주가 탱이던데
1780576426625,근데 탱커는 괴로워 ㅠㅠ
1780576426783,윈스턴 가즈아
1780576427127,사이온해 ㅇㅇ
1780576427671,신라공주가 탱커라는데?
1780576428216,제나가 탱커 같은데
1780576428602,주나주나야
1780576429357,근데 저사람들 아이돌 아님?
1780576429688,막내 신라공쥬가 탱커라니께
1780576429933,신라공주가 탱커야
1780576430156,쭈나햄
1780576430258,마우가정신
1780576430270,대 준 하
1780576430677,레나타 뭔데
1780576430745,ㅜㅜㅜㅜ
1780576431042,헉
1780576431557,저기 막내둘이 탱커던데
1780576431660,ㅋㅋㅋㅋㅋㅋㅋ
1780576431710,주나햄 ㅋㅋㅋ
1780576431827,주나형 나와줘
1780576431868,1탱 1폿
1780576432068,눈치 없는데 착한 친구
1780576432075,그게 신라공주긴 해 ㅋㅋ
1780576432329,뭣
1780576432871,ㅋㅋㅋㅋㅋㅋㅋㅋ
1780576432895,메이야 딱대라
1780576433178,힐러 가자
1780576433238,패
1780576433290,짜부시켜
1780576433292,ㅋㅋㅋㅋㅋㅋㅋㅋㅋㅋㅋㅋㅋㅋㅋ
1780576433551,헉
1780576433551,둘 중에 탱커가 조금 애매한 느낌 아닌가? ㅋㅋ
1780576433553,헉
1780576433554,ㅋㅋㅋㅋㅋㅋㅋㅋㅋㅋㅋㅋㅋㅋㅋㅋㅋ
1780576433619,뭣
1780576433637,ㅋㅋㅋㅋㅋㅋㅋㅋㅋㅋㅋㅋㅋ
1780576433828,사이드 한명 돌아야지
1780576433841,{:d_126:}{:d_126:}{:d_126:}{:d_126:}
1780576433907,사이온해
1780576433959,헉 ㅠ
1780576434101,ㅋㅋㅋㅋㅋㅋㅋㅋ
1780576434143,ㅋㅋㅋㅋㅋㅋㅋㅋㅋㅋㅋㅋㅋㅋㅋㅋㅋㅋ
1780576434159,헉;;;
1780576434314,ㅋㅋㅋㅋㅋㅋㅋ
1780576434372,ㅋㅋㅋㅋㅋㅋㅋㅋㅋㅋㅋㅋㅋㅋㅋ
1780576434372,ㅜㅜ
1780576434382,ㅋㅋㅋㅋㅋㅋㅋㅋㅋㅋㅋ
1780576434389,제나가 탱커잖아
1780576434485,ㅋㅋㅋㅋㅋㅋㅋㅋㅋㅋㅋㅋㅋㅋ
1780576434554,존나 불쌍해
1780576434701,그건...
1780576434718,대주나
1780576434722,ㅋㅋㅋㅋㅋㅋㅋㅋㅋㅋ
1780576434753,후두려패
1780576434860,ㅋㅋㅋㅋㅋㅋㅋㅋㅋㅋㅋㅋㅋ
1780576434879,대준하
1780576434899,헉
1780576435133,대 준 ㅏㅎ
1780576435243,대 준 하
1780576435276,ㅋㅋㅋㅋㅋㅋㅋㅋㅋㅋㅋㅋㅋㅋㅋㅋ
1780576435294,ㅋㅋㅋㅋㅋㅋㅋㅋㅋㅋㅋㅋㅋㅋㅋㅋ
1780576435303,이지매요?
1780576435587,뭘 조져 ㅋㅋㅋ
1780576435672,대 준 하
1780576435687,메이가 탱커
1780576435699,ㅠㅠㅠㅠ
1780576435728,마구패
1780576435730,노잼샌드백
1780576435744,리브 박명수 롤이긴함
1780576435876,썹탱 드가자
1780576435960,ㅠㅠㅠㅠㅠㅠ
1780576436012,ㅋㅋㅋㅋㅋㅋㅋㅋㅋㅋㅋ
1780576436180,불화설생긴다
1780576436183,ㅠㅠㅠㅠ
1780576436337,뭣
1780576436356,조지는 거야는 ㅋㅋㅋㅋㅋㅋㅋㅋㅋ
1780576436435,이지메냐고 ㅋㅋㅋㅋ
1780576436516,만능이면 상관없지
1780576436598,ㅋㅋㅋㅋㅋㅋㅋ
1780576436694,주나롤
1780576436748,대 준 하
1780576437111,그렇게 됐다
1780576437163,한명은 웃음소리만 내도 됨
1780576437191,헉
1780576437373,제나가 탱커도 잘해
1780576437398,ㅈㄴ패
1780576437683,불쌍해 ㅠㅠㅠㅠ
1780576437742,뭣
1780576437791,{:d_126:}{:d_126:}{:d_126:}
1780576437911,그러면 논란생겨
1780576437928,제나가 탱커인데 캐리함
1780576437940,얍얍
1780576437985,ㅋㅋㅋㅋㅋㅋㅋㅋㅋㅋㅋㅋㅋㅋㅋㅋㅋㅋ
1780576438043,제나가 이미 탱커던데
1780576438084,주나롤
1780576438168,ㅠㅠㅠ
1780576438202,ㅋㅋㅋㅋㅋㅋㅋㅋㅋ
1780576438389,주나햄 ㅠㅠㅠㅠㅠ
1780576438404,준하햄 와야지
1780576438651,왕따설 ㄷㄷ
1780576438667,매이야~~ 딱 대라ㅏㅏㅏㅏㅏㅏㅏㅏㅏㅏ
1780576438754,노잼 샌드백 있어야함
1780576438943,대 준 하 ㅠㅠㅠㅠㅠㅠ
1780576439059,지금 서폿 세나가 갑자기 왕귀했다니깐
1780576439269,그게 신라공주임 ㅋㅋ
1780576439278,알아
1780576439648,"ㄱ,냥 맞자"
1780576439753,대 준 하
1780576439855,탱커가 신라공주임
1780576439953,왜 싸움을 붙혀
1780576440237,헉
1780576441223,그냥 오른 사이온 해
1780576441282,피를 토해내
1780576441296,대 준 하
1780576441345,아이돌도 탱커가 있음?
1780576441540,막내가 탱커야 ㅇㅇ 제나
1780576441614,ㅋㅋㅋㅋㅋㅋㅋㅋ
1780576441616,왜구루냐..
1780576442079,막내쪽이 좀 탱커긴 하던데 ㅋㅋㅋㅋ
1780576442149,ㅠㅠㅠ
1780576442157,누군가는 맞아야돼
1780576442378,노잼 샌드백 필수임
1780576442409,신라공주거 이미 탱커임
1780576442416,대 준 하
1780576442938,ㅋㅋㅋㅋㅋㅋㅋㅋㅋㅋㅋㅋㅋㅋ
1780576443615,주나롤
1780576443733,대 준 하 ㅋㅋㅋ
1780576443973,대 준 하
1780576444103,신라공주가 탱커더라
1780576444153,ㅠㅠㅠ
1780576444274,누군가는 정준하 해야돼
1780576444955,준하잖아
1780576446001,제나 두건남한테 잘 맞던데
1780576446293,메이야 탱거 가자
1780576446314,"원래 탱커, 서포터 였던 애들이 캐리하고 있어서 문제임 ㅋㅋㅋㅋ"
1780576446469,대 준 하
1780576446694,왜구루냐
1780576446868,정준하 와여댐
1780576446950,신라공주가 탱커라는데?
1780576447478,원래 이론으로는 일본갸루가 원래 서포터라는 소리가 있던데
1780576447577,노잼 샌드백
1780576447579,육각형일수도 잇지
1780576447636,{:d_100:}
1780576447876,멘탈 쥰내세야댐
1780576448350,예능이니까 웃는거지
1780576448616,신라공주가 탱커래
1780576448617,근데 너희는 아이돌이잖아
1780576448722,준하햄만큼의 탱커는 아무나 못해
1780576449197,정준하 포지션이 반드시 필요함
1780576449644,준하햄  포지션
1780576449858,친하잔ㅌㅎ아
1780576450254,우리 친해요
1780576450700,신라공주가 이미 탱커 했자나 근데
1780576450897,근데 제나가 탱커같건데
1780576451343,얍 준 하
1780576451765,보통 리더가 탱킹을
1780576451795,미드 원딜 정글 서폿 탑
1780576452040,주나 롤
1780576452055,헉
1780576452243,ㅈㄴ친하면된다는거임
1780576452786,이미 탱커가 있대 ㅋㅋㅋㅋ
1780576452992,ㅋㅋㅋㅋ
1780576453171,원래 탱커가 리액션도 좋아야함
1780576453541,까엉이가 탱
1780576453541,대준하롤 필요해 ㄹㅇ
1780576453976,신라공주 탱커임 ㅇㅇ
1780576454013,멤버라서 괜찮지않을까?
1780576454313,탱커가 신라공주고 리브가 캐리딜러임 ㅋ
1780576454634,근데 리더가 탱커도 잘함
1780576454724,여돌은 괜찮지 않나
1780576454982,얍주나
1780576455272,ㅈㄴ 친하던데
1780576455666,이미 신라공주가 탱커임
1780576456498,김종민 ㅋㅋㅋㅋ
1780576456533,신라공주가 탱킹 ㅈㄴ 잘함
1780576456688,원래는 미나미가 서폿이고 신라공주가 탱커임
1780576456717,재밌으면 ㅇㅈ
1780576457124,신라공주가 탱커래
1780576458393,신라공주 완전 탱커임
1780576458608,ㅇㅈ
1780576459257,신라공주가 탱커래
1780576462313,3명잇니 다함
1780576462425,메이야 걸어와라~
1780576463105,지금 문제는 서포터탱커가 캐리중임
1780576463319,신라공주가 탱커임
1780576464099,철면수심 롤 있어야되긴해
1780576465081,얍준하ㅋㅋ
1780576465429,까엉이 탱컨데 서브캐리임
1780576465764,메이가 탱커임
1780576465995,사실 원이가 탱킹도 다함
1780576466706,준하햄은 백년에 한번 나올 탱커야
1780576466860,섭탱와야지 그럼
1780576467560,룩얍이 공혁준 패듯이 하면 되겠네
1780576468696,서포터는 빡세지
1780576468973,신라공주가 메인탱이라고 ?
1780576469142,올라운더
1780576469196,신라공주가 유틸 가능함
1780576469904,2서포터만 피하세요잉~
1780576471671,탑던이 되어야한다
1780576472584,왜구루냐..
1780576472916,하하같은 포지션
1780576473333,ㅋㅋㅋㅋㅋㅋㅋㅋㅋㅋ
1780576474401,얘네 핸드폰도 없어서 ㅈㄴ친할듯
1780576474638,롤 만렙이라도 찍고 롤대남 모아라..
1780576474870,ㅋㅋㅋㅋㅋㅋㅋㅋㅋㅋ
1780576474886,차돌짬뽕 포지션
1780576474964,신라공주 성수편 보면 안다
1780576475040,탱커로 대표 개패던데
1780576475112,미나미가 서폿인데 ㅋㅋㅋ 만능서폿
1780576475543,ㄹㅇ 미나미가 서폿인데 약간 파이크같은거임
1780576476994,미드룰루는 하지마라
1780576477281,ㅋㅋㅋㅋ
1780576477365,메이즈 러너가 탱커해야될듯
1780576477756,ㄹㅇ
1780576478430,ㅋㅋㅋㅋㅋㅋㅋㅋㅋㅋㅋㅋ
1780576478711,게임이론에선 같은 편 때리는게 아니잖아 ㅋㅋ
1780576478837,신라공주가 이미 탱커포지션 느낌남
1780576479501,신라공주 메인탱임 이미
1780576479531,신라공주마 매인탱임
1780576480557,선픽이요
1780576482049,막내 탱커임 ㅇㅇ
1780576482555,차돌짬뽕 포지션
1780576483170,아 폰도없어? ㅋㅋㅋ
1780576483298,자... 서로 죽여라
1780576483691,서포팅이 제일 부담감 적음
1780576483935,ㅋㅋㅋㅋㅋㅋㅋㅋㅋㅋㅋ
1780576483950,바로 사이온 박음
1780576484508,선픽 필승
1780576484657,ㅋㅋㅋㅋㅋㅋㅋㅋㅋ
1780576485741,신라공주가 탱커야?
1780576486062,준하햄 포지션
1780576486510,바로 사이온 박음 ㅇㅇㅇ
1780576486721,바로 사이온 on
1780576487033,ㅋㅋㅋㅋㅋㅋㅋㅋㅋㅋ
1780576487211,메이즈러너 탱커 삘나던대
1780576487620,ㅋㅋㅋㅋㅋㅋㅋㅋㅋㅋㅋ
1780576488473,탱장연 출동한다
1780576489182,비지보이듣고 마무리할까요
1780576489898,원이도 거제산다고 놀림당함ㅋㅋㅋ 배타고 다녔냐고
1780576490517,사실 원이가 탱커느낌도 가능함 유동적으로 됨
1780576490804,하하 포지션이네 ㅋㅋㅋㅋㅋ
1780576491448,사이온 주세요
1780576492529,ㅇㅇ
1780576492890,메이 거제까지 걸어가는데 탱커인가?
1780576492994,헉
1780576493583,ㅈ댓네
1780576493615,아이고
1780576493825,메인 탱이긴 해
1780576493915,와
1780576494092,헉
1780576494133,베이스네  따
1780576494207,ㅈ댔다
1780576494261,비상~
1780576494263,ㅇㅇㅇ
1780576494346,선덕공주
1780576494539,헉
1780576494624,비상
1780576494638,저런
1780576494680,알아.
1780576494692,메인탱임
1780576494703,아 ㅈ됏다
1780576494733,ㅋㅋㅋㅋㅋㅋㅋㅋㅋㅋㅋ
1780576494741,큰일남
1780576494844,아이고야
1780576494958,잔인하다..
1780576495173,ㅋㅋㅋㅋㅋㅋㅋㅋㅋㅋㅋㅋ
1780576495177,헉
1780576495248,이미 탱커냄새 남
1780576495263,ㅇㅇ
1780576495272,ㅋㅋㅋㅋㅋㅋㅋㅋㅋㅋㅋㅋ
1780576495533,ㅈ댐
1780576495572,헉
1780576495697,와
1780576495741,메인탱임
1780576495967,ㅇㅇ
1780576496087,헉
1780576496109,줴줴이야
1780576496158,크산테
1780576496215,사긴데 너무
1780576496243,와 다가져가는데
1780576496298,ㅇㅇ
1780576496339,캬
1780576496381,큰일났네
1780576496454,큰일났네
1780576496502,사기캐네
1780576496651,사기캐임
1780576496696,조졌다
1780576496738,큰일이네
1780576496803,사투리쓰면서 메인탱
1780576496835,와
1780576497525,아이고..
1780576497540,아이고 조졌네
1780576497595,ㅋㅋㅋㅋㅋㅋㅋㅋㅋㅋㅋㅋ
1780576497706,TO 빡빡하다
1780576497724,아니~
1780576497944,메인탱이셔
1780576497984,막내는 탱해야지
1780576497993,ㅈ됌
1780576497998,ㅋㅋㅋㅋㅋㅋㅋㅋㅋ
1780576498234,욕심쟁이네
1780576498250,맞네 이번 영상에서 탱커 했네..
1780576498327,ㅋㅋㅋㅋㅋ
1780576498469,예?
1780576498598,ㅇㅇ 메인탱수준임
1780576498817,어깨가 무겁네
1780576499053,줴줴이야ㅐ
1780576499308,몰루~
1780576499358,저런
1780576499394,탱킹 야무지던데
1780576499630,ㅋㅋㅋㅋㅋㅋㅋㅋ
1780576499633,그만 가져가라고
1780576499640,멘탱이된다고?
1780576499879,ㅋㅋㅋㅋㅋㅋㅋㅋㅋㅋㅋㅋㅋ
1780576500018,둠피스트네
1780576500072,막내잖아
1780576500170,꽉찬 육각형인데
1780576500551,탱킹 맛있긴해
1780576500678,ㅋㅋㅋㅋㅋㅋㅋㅋㅋㅋㅋㅋㅋㅋㅋ
1780576500695,ㅋㅋㅋㅋㅋㅋㅋㅋㅋㅋㅋㅋㅋㅋ
1780576500809,줴줴이야
1780576500831,신라텐세
1780576500896,브루저네
1780576501190,"알아서해라,,,"
1780576501226,탱커가 킬을 많이먹었네
1780576501425,개잘맞던데
1780576501641,크산테임
1780576501724,육각형 ㄷㄷ
1780576501764,사기캐 ㄷㄷ
1780576501776,난 몰라
1780576501925,제준하
1780576502395,역시 고윤정
1780576502425,조졌네
1780576502588,ㅋㅋㅋㅋㅋㅋㅋㅋㅋㅋㅋㅋㅋㅋㅋㅋㅋㅋㅋㅋㅋ
1780576502601,서포터필요하긴해
1780576503093,서로 싸워라
1780576503140,원래 탱포지션에서 신라공주로 2차함
1780576503241,마우가네
1780576503270,크샨테셔?
1780576503790,줴줴이야
1780576503935,브루저네;
1780576504819,크샨테셔?
1780576505017,줴줴이야
1780576505268,딜서폿해
1780576505297,탱커 잘하던데
1780576505311,어렵다어려워
1780576505508,하하 형돈 필요해
1780576505549,ㅋㅋㅋㅋㅋㅋㅋㅋ
1780576505673,정준하 포지션 필요
1780576505956,굴리트 ㄷㄷ
1780576506012,정글 누가함?
1780576506024,ㅋㅋㅋㅋㅋㅋ
1780576506316,넌 가자미다
1780576506385,탱킹잘하더라
1780576506427,한명은...?
1780576506466,삐약대는거 ㅈㄴ 귀엽긴함
1780576506598,ㅋㅋㅋㅋ
1780576506726,크산테 ㄷㄷ
1780576506889,5번 각오해라..
1780576506955,밸런스 ㅈㅈ
1780576507192,신라 딜러느낌은 안나긴함
1780576507472,줴줴
1780576507549,원이 육각형임 쟤 탱커도 잘함
1780576507649,탱킹 잘함 ㅋㅋ
1780576507823,역시 고윤정
1780576507829,갸루 치고 올라오는중임
1780576508409,하하 써폿
1780576508565,육각형이셔?
1780576508929,빨리먹어 ㅋㅋ
1780576509098,정형돈 자리만 남았네
1780576509339,크산테셔 ?
1780576509560,크산테
1780576509770,크샨테셔?
1780576509792,잔인무도하다
1780576509800,그 긴거셔?
1780576509818,근데 너무 과함 지금
1780576510105,신라공주 크산테셔 ?
1780576510108,경주크산테
1780576510124,크샨테를 잡았네
1780576510147,크산테는 너무 사긴데
1780576510333,그걸 다ㅏㅏㅏㅏㅏ먹녀ㅑㅑㅑㅑㅑ
1780576510402,정글 누가감 정글 누가감
1780576510641,딜탱;
1780576510745,기인;;
1780576510863,그긴거시네
1780576510871,크산테임
1780576510985,무섭다 무서워 유튜브 세상
1780576511232,크샨테 ㅋㅋ
1780576511273,기인 ㅋㅋㅋㅋㅋㅋㅋㅋㅋ
1780576511388,브루져 뭐임?
1780576511390,크산테 ㄷㄷ
1780576511575,그럼 다 닥공가자 서폿도 공격성뭐임
1780576511857,경주 크산테 ㄷㄷㄷㄷㄷㄷㄷ
1780576512148,크산테네;
1780576512191,크샨테래
1780576512294,그긴거 ㅋㅋㅋㅋ
1780576512959,브루저야?
1780576513019,ㅋㅋㅋㅋㅋㅋㅋㅋㅋㅋㅋㅋㅋ
1780576513206,꾹닫이형 컨셉 가자
1780576513244,크샨테는 너무하잖아
1780576513394,공주가 솔직하기도함
1780576513425,리브 메인딜러던데
1780576513528,크산테는 너무 사긴데??
1780576513560,이제부터 서로 물어뜯어라.
1780576513730,저쪽에 남은 리브가 원이랑같이 메인딜
1780576513858,원래 탱커였다가 산라공주된거임
1780576514211,낀낀이형이셨어?
1780576514273,기인 ㄷㄷ
1780576514569,기인급 ㅋㅋ
1780576514668,낀낀이형
1780576514671,기인ㅋㅋㅋㅋㅋㅋㅋㅋㅋ
1780576514776,기인 ㄷㄷ
1780576514792,ㅋㅋㅋㅋㅋ
1780576514965,ㅈ정글
1780576515024,신 산 테
1780576515091,기산테 ㄷㄷ
1780576515297,ㄷㄷㄷ
1780576515479,기샨테야
1780576515654,제인 ㄷㄷ
1780576515857,기인 ㅋㅋㅋㅋㅋ
1780576515901,기인ㅋㅋㄱ
1780576515927,ㄹㅇ
1780576516088,심지어 갸루가 평소에는 서포터임
1780576516163,ㅋㅋㅋㅋㅋㅋ
1780576516324,걍 마우가임 ㅇㅇ
1780576516423,크샨테
1780576516509,ㅋㅋㅋㅋㅋㅋㅋㅋㅋㅋㅋㅋㅋㅋㅋㅋㅋㅋㅋㅋㅋㅋㅋㅋㅋㅋㅋㅋㅋㅋㅋㅋㅋㅋ
1780576516512,대 기 인
1780576516606,기샨테 ㅁㅊㅋㅋㅋㅋㅋㅋㅋㅋㅋ
1780576516660,그렇네 ㅋㅋㅋ
1780576516674,크산테 ㅋㅋㅋㅋ
1780576516867,정글이지
1780576516966,기 산 테
1780576517024,크산테 ㅋㅋㅋㅋㅋ
1780576517124,크샨테 ㅋ
1780576517217,크샨테 ㅎㄷㄷ
1780576517670,신라기인 ㄷㄷ
1780576517681,낀라공주
1780576517754,기산테임
1780576517818,그 기인거
1780576517953,크산테셔
1780576517963,끼산테셔?
1780576518081,크샨테 ㅋㅋㅋㅋ
1780576518214,기인 - 크산테 - 신라공주
1780576518372,기산테 ㅋㅋㅋㅋ
1780576518396,경주 크산테 ㄷㄷ
1780576518404,경주크산테 ㄷㄷ
1780576518426,조회수 레전드긴함
1780576518591,대 샨 테
1780576518639,낀낀이횽이야
1780576518659,크샨테 ㅋㅋㅋㅋ
1780576518688,그 긴거
1780576518785,신라기인
1780576518921,ㅋㅋㅋㅋㅋㅋㅋㅋㅋ
1780576518944,제인 ㄷㄷ
1780576519061,낀낀이횽이야
1780576519166,낀낀이횽
1780576519430,낀낀이횽
1780576519596,국대탑
1780576519749,기산테 ㄷㄷ
1780576519873,낀낀이형
1780576519939,선덕 산테 ㄷㄷㄷㄷㄷㄷㄷㄷㄷ
1780576519999,기산테 ㅋㅋㅋㅋㅋㅋㅋ
1780576520108,goat
1780576520208,기인 공주
1780576520294,기산테 ㄷㄷ
1780576520324,탑라이너네
1780576520501,정준하면서 박명수라고?
1780576520570,원이도 탱커 느낌도 가능함 만능임
1780576520816,밥안줍니꺼
1780576520826,제산테
1780576521011,낀라공주 ㅋㅋㅋㅋ
1780576521021,마우가임
1780576521433,신라텐세 ㄷㄷㄷ
1780576521477,국대 못뽑힘?
1780576521674,신라공주 체급 개지리긴함 조회수괴물임
1780576521848,신 산 테
1780576521851,대 기 인
1780576522125,기 산 테
1780576522183,크산테 ㄷㄷ
1780576522265,낀산공주
1780576522306,기산테 ㄷㄷ
1780576522341,선덕 산테 ㄷㄷㄷ
1780576522343,샨테횽이ㅑㅑㅑㅑㅑ
1780576522390,신라기인
1780576522431,기산테셔
1780576522464,그래서 조회수가
1780576522546,낀낀이횽이야
1780576522729,기산테급
1780576524133,기 산 테
1780576524661,정형돈 길자리만 남았네
1780576524804,산테 공주 ㅋㅋㅋ
1780576524990,끼산테
1780576525228,갸루가 서폿인데
1780576525255,낀낀이효옹 ㅋㅋㅋㅋㅋㅋㅋㅋㅋㅋㅋㅋㅋㅋㅋㅋㅋㅋㅋㅋㅋㅋㅋㅋㅋㅋㅋㅋㅋㅋㅋㅋㅋㅋㅋㅋㅋ
1780576525286,기샨테 개사긴데
1780576525745,깐깐이형이야
1780576526171,정준하 하면서 박명수가 돼?
1780576526415,기산테 ㅋㅋㅋㅋㅋ
1780576526526,가 산 테
1780576526813,기인공주
1780576526960,기인공주는 ㅋㅋㅋ
1780576528192,제산테 ㅋㅋㅋ
1780576528403,신라천정 ㄷㄷ
1780576528474,낀낀이횽이야
1780576528742,낀낀이횽 ㅋㅋ
1780576529060,이거 오버워치인가요? 키리코만 뽑으면 됨?
1780576529079,리센느 러브어택 갸루버전 나왔는데 한번 보고가는거 어떨까요
1780576529179,재밌었다
1780576529420,얍얍급
1780576530453,캬
1780576530521,맛뗴루요~
1780576530570,이제 황해 보나?
1780576532577,가 샨 테
1780576533544,오늘 뭐해여
1780576534113,쿄 아손데꽁~
1780576534134,황해 보나
1780576534246,황해
1780576536415,이제 리방하자
1780576536905,이지뭐함
1780576537163,재밌당 확실히 대세야
1780576537736,컷
1780576537999,ㅔ
1780576538222,마떼루용
1780576538233,초대석 빠른시일내로
1780576538370,그래서 이제 뭐함
1780576539393,메이가 작아서 서폿 유력이네
1780576539846,넵
1780576541670,키리코만능이지
1780576543221,황해 ㄱㄱ
1780576543822,마음대로
1780576544211,ㄱㄱㄱㄱㄱㄱㄱㄱㄱ
1780576544320,겜하장..
1780576544497,쌈님 최애는 신라공주라는 거죠?
1780576544601,오늘보자
1780576545041,보자
1780576545111,황해 드가장~~~~~~~~~~~~~~~~~~~~~~~~~~
1780576545381,아나 키리코 ㄱㄱ
1780576545517,히오스?
1780576545603,보자
1780576545606,황우희해 ㄱㄱ
1780576545679,고민 좀 하죠
1780576546177,고고
1780576546185,하고싶은거 ㄱ
1780576546291,ㅋㅋㅋㅋㅋㅋㅋㅋㅋㅋㅋㅋ
1780576546595,오늘보자
1780576546600,팀파매2 ㄱㄱ
1780576546765,7ㄱ?
1780576546930,슬쩍
1780576547105,ㄱ?
1780576547191,ㅋㅋㅋㅋㅋㅋㅋㅋㅋㅋㅋㅋㅋㅋ
1780576548010,히오스 ㄱ?
1780576549054,ㅋㅋㅋㅋㅋㅋㅋㅋㅋㅋㅋ
1780576549090,롤
1780576549268,7 ㄱ?
1780576549279,히오스 ㅅㅂㅋㅋㅋㅋㅋㅋㅋㅋ
1780576549348,ㅋㅋㅋㅋㅋㅋㅋㅋㅋㅋㅋㅋㅋㅋㅋㅋㅋ
1780576549672,오늘보고 치우죠 ?
1780576549906,황해
1780576550124,7 ㄱ?
1780576550670,하는데 오늘보자
1780576550826,히오스 업냐
1780576551236,내전중
1780576551272,히오스 중독
1780576551331,롤내전 중
1780576551783,롤
1780576551819,내전
1780576551843,롤
1780576551955,걍 오늘 보고 치우자
1780576552122,본다메에에ㅔㅔㅔ
1780576552256,롤 내전
1780576552302,롤내전중임
1780576552308,내전
1780576552648,음?
1780576552961,낼보자 졸리다
1780576553053,내전
1780576553055,롤내전
1780576553070,롤 내전 아님?
1780576553260,9 ㄱ
1780576553684,롤내전중
1780576553710,내전
1780576553803,내전중임 롱
1780576553936,롤 내전하는듯
1780576554143,9ㄱ
1780576554551,내일
1780576554928,롤 내전
1780576554998,ㅋㅋㅋㅋㅋㅋㅋㅋㅋㅋㅋㅋㅋㅋ
1780576555204,7 ㄱ
1780576555545,뭔 히오스여
1780576556324,로마노- 리버풀 이라올라 계약
1780576556424,히오스 중독
1780576556452,금요일에 봐주세요....
1780576556602,7
1780576556889,9ㄱ
1780576557405,랩신두 짧은 ep 들어보실?
1780576557517,롤내전임
1780576557657,롤내전중
1780576557821,히오스나 춰야겠다
1780576558129,내전이잖아
1780576558237,9ㄱ
1780576558737,롤 내전중
1780576559155,오늘 내전임???
1780576559873,아 롤내전
1780576560472,10번 쫒아내죠?
1780576560668,황해 ㄱㄱ
1780576560796,롤내전 납치해서 히오스ㄱ
1780576560821,롤내전하는구나
1780576560864,오늘뭐하는데
1780576561089,히어게인
1780576561749,저거 끝나고 히오스 하긴 할듯
1780576562582,오
1780576562810,이거보려고 기다렸어 오늘보자
1780576564041,끝나고 히오스로 엮자
1780576564406,굳
1780576566197,ㅋㅋㅋㅋㅋㅋㅋㅋㅋㅋㅋ
1780576566252,히어게인
1780576566857,히오스
1780576567228,10ㄱ?
1780576568315,롤 클라켜서 물어보자
1780576568629,ㅋㅋㅋㅋ
1780576568732,ㅇㅇ
1780576568791,또 모을거임
1780576569131,황해부터 ㄱ
1780576569146,ㅋㅋㅋㅋㅋㅋㅋㅋ
1780576569242,ㅋㅋㅋㅋㅋㅋㅋㅋ
1780576569402,히오스 내전이나 해야지
1780576569445,ㄹㅇㄹㅇ
1780576569499,캬
1780576569806,히 어 게 인
1780576570003,음?
1780576570015,ㅋㅋㅋㅋㅋㅋㅋㅋㅋㅋㅋㅋㅋ
1780576570180,ㅋㅋㅋㅋㅋㅋㅋㅋㅋㅋ
1780576570509,황해 ㄱㄱ
1780576570553,ㅋㅋㅋㅋㅋㅋㅋㅋㅋㅋ
1780576570574,2시간 30분인데
1780576570706,캬
1780576570723,히오스 가야지
1780576570941,ㅋㅋㅋㅋㅋㅋ
1780576571141,ㅋㅋㅋㅋㅋㅋㅋㅋ
1780576571365,중계나 하자 ㄱㄱ
1780576571425,배준식 무조건임
1780576571556,ㅋㅋㅋㅋㅋㅋ
1780576571572,히오스설계 ㄷㄷ
1780576571602,ㅋㅋㅋㅋㅋㅋㅋㅋㅋㅋㅋㅋㅋㅋ
1780576571608,캬
1780576571671,ㅋㅋㅋㅋㅋㅋㅋ
1780576571813,ㅋㅋㅋㅋㅋㅋㅋㅋㅋㅋㅋㅋㅋㅋ
1780576571838,ㅋㅋㅋㅋㅋㅋㅋㅋㅋㅋㅋㅋㅋㅋㅋㅋ
1780576571845,ㅋㅋㅋㅋㅋㅋㅋㅋㅋㅋㅋㅋㅋㅋㅋㅋㅋㅋㅋㅋㅋㅋㅋㅋㅋㅋㅋㅋㅋㅋㅋㅋㅋㅋㅋㅋㅋㅋㅋㅋㅋㅋㅋㅋㅋㅋㅋㅋ
1780576572092,히 어게인
1780576572200,ㅇㅇ
1780576572232,이미 생각있던데
1780576572399,보고 히오스 좋은데?
1780576572413,근오스
1780576572629,님 팀파매는 접었나요
1780576572846,ㅁㅊㅋㅋ
1780576572981,강쏘도 있네
1780576573015,히 어 게 인
1780576573019,ㅋㅋㅋㅋㅋㅋㅋㅋ
1780576574250,영화 길어
1780576574259,내전 꽤 늦게 끝날텐데 딱 보고오면 될듯?
1780576574890,미리 언지해놓자
1780576574977,또 히오스?
1780576575117,ㅋㅋㅋㅋㅋ
1780576575254,네민기있잖아
1780576575268,히 어게인.
1780576576196,히 어 게 인
1780576576880,준식이 히오스 봉고차임?
1780576576890,2시간?
1780576577415,히오스
1780576577453,지금 우릎이 캐리중이라 히오스하자하면 바로할듯
1780576577618,준식이한테 귓말해놓고 황해보죠
1780576577748,2시간
1780576577887,배준식을 믿어
1780576577904,히오스 야~ 호~
1780576577970,히어게인
1780576578016,황거히는 에바고 보고하자
1780576578180,호ㅓㅇ해 길어요
1780576578329,두시간정도
1780576578955,2시간 반
1780576579076,2시간 반?
1780576579176,황해끝나면 히오스 내전딱되곘네
1780576579312,황해 야호~
1780576580998,준식이 뭐 대회하지않음?
1780576581211,길어
1780576581612,히오스 재밌음?
1780576581643,2시간 30분
1780576581959,150분
1780576582509,?
1780576582547,김
1780576582839,2시간반
1780576583354,적당할듯?
1780576584249,미국갔다
1780576585300,뭔 롤이여
1780576585894,준식아 히오스 야호~
1780576589429,ㄱ-
1780576589735,007도 해야되는데 ㅜㅜㅜ
1780576590185,바뻐잉
1780576591152,준식이는 롤 시작하자마자 릎신한테 끝나고 히오스하자는 말부터함 ㅋㅋ
1780576591831,접었다고 생각하셈
1780576592208,아이고 키자마자
1780576593013,와 히오스랑 표정다른거봐
1780576594645,준식이 표정 안좋아보이네
1780576594722,틀자마자 죽었네
1780576595243,내전 중계권 따셈
1780576596484,이사람이 리센느죠?
1780576597810,피크닉 월챔가야하는데
1780576597884,히오스 봉고차 아저씨
1780576599367,내 갈
1780576599585,준식이 빡집중
1780576601167,중계권땃네 ㄷㄷ
1780576601353,ㅋㅋㅋㅋㅋㅋㅋㅋ
1780576601492,히오스 야호~
1780576601743,히오스 중독이구만?ㅋㅋㅋㅋ
1780576602338,ㅋㅋㅋㅋㅋㅋㅋㅋㅋㅋㅋㅋ
1780576602805,히오스 야호~ 맛떼루용
1780576602850,"준식아,,, 힐링하러가자"
1780576602927,ㅋㅋㅋㅋㅋㅋㅋㅋㅋ
1780576603024,ㅋㅋㅋㅋㅋㅋㅋㅋㅋㅋㅋㅋㅋㅋ
1780576603310,캬
1780576603432,어 피크닉있네?
1780576603639,ㅋㅋㅋㅋㅋㅋㅋㅋㅋㅋ
1780576603695,뱅마토 아직 아니네
1780576604314,히오스였으면 웃고있을텐데
1780576604691,히오스할때랑 표정부터 다르네
1780576604712,준식ㅆ씨 행복 초갈해야지
1780576604784,캬
1780576605056,ㅋㅋㅋㅋㅋㅋㅋㅋ
1780576606212,이미 집중 못하고잇네
1780576606231,ㅋㅋㅋㅋㅋㅋ
1780576606492,히오스 야호~
1780576606992,시공야호
1780576607046,히악귀
1780576607171,중증 히악귀
1780576607915,ㅋㅋㅋㅋㅋㅋㅋㅋㅋㅋㅋ
1780576608002,"힐링하러 가야지,,"
1780576608173,힐링히오스
1780576608201,시공 야호~
1780576608478,히오스 오이데 오이데
1780576608509,히오스할때 불러달라할까 남겨놓고 갈까
1780576609437,준식이 오이데~
1780576609630,팀파매는 어차피 업뎃 많이 될수록 좋으니까 천천히 해도 뭐
1780576609864,맛떼루용
1780576610297,단독중계권 뭐임 ㄷㄷㄷㄷㄷ?
1780576610490,ㅋㅋㅋ 히오스 야호~
1780576610798,히오스 야호~
1780576611825,준식이는 대회해야해
1780576612280,시공 야호 ~ ㅋㅋ
1780576612369,히오스 하려고 내전하는거임 ㅇㅇ
1780576612804,머릿속에 히오스생각중
1780576614562,시공 맛떼루용!!
1780576614596,히오스빌드업중
1780576614905,마떼루용
1780576615928,히오스 야호~
1780576617126,준식씨 히오스 오이데~오이데~
1780576617457,저기 강쏘도 있음 할사람 많을거같은데
1780576618113,시공 야호~~~
1780576619320,느낌보고
1780576619385,마떼루요~
1780576620831,황해 긴데
1780576621390,황해 드가자
1780576621860,중계권 협상 하셨나요?
1780576622058,신태용의 릭트쇼..?
1780576622171,준식이 표정 감상회 ㅋㅋㅋ
1780576622609,ye
1780576622611,황해 2시간 반
1780576623422,룩삼 talk
1780576623597,ㅋㅋㅋㅋ
1780576624317,표정감정
1780576624429,히오스 히오스 오이데
1780576625152,황해가 꽤 김
1780576625209,talk
1780576626124,마떼루요
1780576626780,히오스는 오늘 무조건 하지않을까
1780576626818,준식이 표ㅗ정 ㅋㅋㅋ
1780576627031,황해 야호~~~~~
1780576627198,황해 다음에 보자
1780576627483,황해 개길어
1780576627815,메가준식
1780576627836,황해 야호
1780576628246,황해 좀 길어
1780576628304,릎신전승중
1780576628471,배준식 표정 감상회
1780576630316,준식아
1780576632269,ㅋㅋㅋㅋㅋㅋㅋㅋ
1780576633080,ㅋㅋㅋㅋㅋㅋㅋㅋㅋㅋㅋ
1780576633107,talk
1780576633217,준식아ㅏㅏㅏㅏ
1780576633711,캬
1780576633796,ㅋㅋㅋㅋㅋㅋㅋㅋ
1780576633931,준식표정보가ㅣ
1780576634070,ㅋㅋㅋㅋㅋㅋㅋㅋ
1780576634147,데캡 일시불 ㄷㄷ
1780576634167,룩삼티비
1780576634222,ㅋㅋㅋㅋㅋㅋㅋㅋ
1780576634499,황해가 그 망한영화에요?
1780576634560,캬
1780576634571,ㅋㅋㅋㅋㅋㅋㅋㅋㅋㅋㅋ
1780576634623,ㅋㅋㅋㅋㅋㅋㅋㅋㅋㅋㅋㅋㅋㅋ
1780576635078,ㅋㅋ
1780576635373,ㅋㅋㅋㅋㅋㅋㅋㅋㅋㅋㅋㅋㅋ
1780576635448,ㅋㅋㅋㅋㅋㅋㅋㅋㅋ
1780576635491,ㅋㅋㅋㅋㅋㅋㅋㅋㅋ
1780576636041,ㅋㅋㅋㅋㅋ
1780576636062,캬
1780576636351,협상 거절
1780576636387,ㅋㅋㅋㅋㅋㅋㅋㅋㅋㅋㅋㅋㅋㅋㅋㅋㅋㅋㅋㅋㅋㅋㅋㅋㅋㅋㅋㅋㅋㅋㅋㅋ
1780576636461,표정 야호~
1780576636584,뱅마토
1780576637009,진효tv
1780576637379,823
1780576637560,준식이 표정감상회
1780576637864,히오스 픽 생각중
1780576638439,ㅌㅋㅋㅋㅋㅋㅋㅋㅋㅋ
1780576638440,ㅋㅋㅋㅋㅋㅋㅋ
1780576639557,이기고 있네
1780576639565,준식이 같이보기
1780576639584,황해 2시간반임 ㅇㅇ
1780576640119,중계권 협상 거부 ㄷㄷ
1780576641067,토마토되는지 중계
1780576641211,룩쌈뽕티비
1780576641514,배준식 표정 알아보기
1780576641624,준식아ㅏㅏㅏㅏㅏㅏ 히오스하러가야지
1780576643269,룩삼티비 불법중계 뭐지요
1780576643411,조합 어캐짜지..
1780576643614,준식이 표정분석회
1780576644378,아 퍼리 영도 생각나네 ㅡㅡ
1780576644643,823이라 표정 좋네
1780576645510,준식이 캐리하고 있어서 평온한데
1780576645841,마뗴루용
1780576645964,쌈아 너도 티어인증 롤 안하냐
1780576646075,이기고있네
1780576646175,토마토가 덜 익었어요
1780576647017,멜원딜이네
1780576648445,이거 지면 시뻘게재겠다
1780576648687,낚시 마떼루용
1780576650300,뽀송한데?
1780576650479,롤독이 올라왔는데?
1780576650524,제일 재밌는 구경
1780576652243,뱅준식 감상회
1780576654072,ㅋㅋㅋㅋㅋㅋㅋ
1780576654087,멜을 하고있네
1780576654597,롤에 흥미가없어
1780576654609,롤독 오르는중?
1780576655761,억 롤
1780576657047,내가 캐리해야된다 표정
1780576657688,릎도 잇네
1780576659420,뱅준식 롤감상회
1780576659581,차분하네
1780576659855,롤독의 의인화
1780576660666,메이지 준식 ㅋㅋ
1780576661280,토마토 너무 안 익었는디
1780576662288,이거 이기면 내전막판일텐데
1780576662698,아까 3연패함 ㅋㅋ
1780576664466,오더까쥐
1780576664936,빡롤 ㅋㅋ
1780576665530,ㄹㅇㅋㅋ
1780576665580,겜이 유리해서 괜찮아보이는데?
1780576665951,승부욕의 괴물
1780576667277,대저토마톤데?
1780576667672,ㄹㅇ
1780576667707,ㅋㅋㅋㅋㅋㅋㅋㅋㅋㅋㅋ
1780576668420,독에 잠식당하는중
1780576668546,서폿이 누구시길래 바드를 하시나
1780576668687,초갈하고싶제
1780576669080,ㅋㅋㅋㅋㅋㅋㅋ
1780576669551,히어게인
1780576669563,ㅋㅋㅋㅋ
1780576670684,이사람을 한 단어로 정의한다면 롤독
1780576670703,ㅋㅋ
1780576671051,지금 빵긋 표정임 아까 0대 3 대떡났을때 뱅마토 켰었음
1780576671102,ㅋㅋㅋㅋㅋㅋㅋㅋㅋㅋㅋㅋㅋㅋ
1780576671242,ㅋㅋㅋㅋㅋㅋㅋㅋㅋ
1780576671273,ㅋㅋㅋㅋㅋㅋㅋㅋㅋ
1780576671406,ㅋㅋㅋㅋㅋㅋㅋㅋㅋㅋㅋㅋㅋㅋㅋㅋ
1780576671699,ㅋㅋㅋㅋ
1780576671700,피크닉 바드 ㄷㄷ
1780576672117,아까 3연패하고 정글 스왑 한거같던데
1780576672141,ㅋㅋㅋㅋㅋ
1780576672538,ㅠㅠㅠㅠㅠㅠㅠㅠㅠㅠ
1780576672889,{:sd_4:}
1780576673308,ㅋㅋㅋㅋㅋ
1780576673489,이악물었어
1780576673638,초갈 야~ 호~
1780576673697,눈에 힘이 빠싹들어갔네
1780576673728,ㅋㅋㅋㅋ
1780576673808,히오스 생각뿐
1780576673834,롤독 오른다
1780576674804,히 어게인
1780576675597,깨달았구나 히오스로 와라
1780576676644,히오스가 하고싶다
1780576679015,지금엄청잘풀렸는데
1780576679131,곧 톡식해질예정
1780576680135,덜 익은 뱅마토
1780576681263,ㅋㅋㅋㅋ
1780576682480,아직 안익었어
1780576683069,스포 ㄴㄴ
1780576683361,이미 3연패 하고 정글인가 교체했어
1780576683366,ㄹㅇ 초갈마렵네
1780576683640,ㄹㅇㅋㅋ
1780576683737,바로 뱅로투
1780576683738,빨개짐
1780576685148,스포 ㄴ
1780576687067,ㅋㅋㅋㅋㅋㅋㅋㅋㅋ
1780576687986,ㅋㅋㅋㅋㅋㅋㅋㅋㅋ
1780576688197,캬
1780576688310,바드뭐해
1780576688654,ㅋㅋㅋㅋㅋㅋㅋㅋㅋ
1780576688837,ㅋㅋㅋㅋㅋㅋㅋㅋㅋㅋ
1780576688993,소붕아?
1780576689275,ㅋㅋㅋㅋㅋㅋㅋㅋㅋㅋㅋㅋㅋㅋㅋㅋㅋ
1780576689529,ㅋㅋㅋㅋㅋㅋㅋㅋㅋ
1780576690320,메가준식
1780576690445,슬슬 그럴듯
1780576691276,슬슬그구도긴하네
1780576691576,옵니다
1780576691731,지독한놈
1780576691846,사실 롤때문이라기엔 얼마전에 베릴이랑 할때는 행복했다는거임 ㅋㅋ
1780576692019,ㅋㅋㅋㅋㅋㅋㅋㅋㅋㅋㅋㅋㅋ
1780576692241,악마다이...
1780576692783,어
1780576693026,?
1780576693348,뱅마토뱅마토
1780576693433,어
1780576693708,djdj
1780576693741,어어
1780576693768,소붕이 짤림 ㅋ
1780576694216,슬슬
1780576694384,치감 안갔나
1780576695052,아...
1780576695081,ㄱ-
1780576695208,아 피꾸니꾸선스
1780576695378,발라 마려운 순간
1780576695498,저거 소풍이임?
1780576696242,엄
1780576696283,{:d_126:}{:d_126:}
1780576696302,피크닉..
1780576696365,슬슬 올라온다
1780576696402,사고 안 나나~
1780576696429,근데 조합이 왜이러냐잉
1780576696519,ㅋㅋㅋㅋㅋㅋㅋㅋㅋㅋㅋㅋ
1780576696547,소붕이 바드도해?
1780576696560,쩝
1780576697027,근틈의 실
1780576697064,ㄱ-
1780576697543,악마룩삼
1780576697668,마렵다 히오스
1780576697714,어어
1780576697719,히 어게인
1780576697736,소붕아..
1780576697765,아쉬워라~
1780576697813,아~
1780576698124,ㅋㅋ
1780576698511,ㅋㅋㅋㅋㅋㅋㅋㅋ
1780576698545,피쿠니쿠 ㅋㅋ
1780576698751,역전의 시말서
1780576698773,ㅋㅋㅋㅋㅋㅋㅋㅋㅋㅋㅋㅋㅋㅋㅋㅋㅋㅋㅋㅋㅋㅋㅋㅋㅋㅋㅋㅋㅋㅋㅋㅋㅋㅋㅋㅋㅋㅋㅋㅋㅋㅋㅋㅋㅋㅋㅋㅋㅋㅋㅋㅋㅋㅋㅋㅋㅋㅋㅋㅋㅋㅋㅋㅋㅋㅋㅋㅋ
1780576698789,ㅋㅋㅋㅋㅋㅋ
1780576699104,{:d_45:}
1780576699132,...
1780576699291,역시 소붕이
1780576699455,ㅋㅋㅋㅋㅋㅋㅋㅋㅋㅋㅋㅋㅋ
1780576699932,마렵다 히오스!!!!
1780576699984,소붕이 출발
1780576700072,좀만 더~
1780576700127,바드 퇴각 루트 레전드네
1780576700348,7시 행복지수 1.0
1780576700354,피크닉선수..
1780576700442,슬슬
1780576700524,대 크 닛ㄱ
1780576700693,피쿠니쿠상
1780576700716,우리 든지직 미드..
1780576700750,히오스 점수 +1
1780576700939,슬슬 올라온다
1780576702016,피크닉 !!!
1780576702247,사소해사소해
1780576702420,소붕이여
1780576702731,피쿠니쿠~~~~~~~~
1780576702744,-_-
1780576704502,시야 좀 잡아줘 제발!
1780576704508,소풍바드는ㅋㅋㅋ
1780576704972,바트 루트 레전드네
1780576705254,ㅋㅋㅋㅋㅋㅋㅋ
1780576705411,ㅡ_ㅡ
1780576705817,바드는 왜 자꾸 꺼내지
1780576705830,소풍이가 히오스로 인도하네
1780576706336,저티어 바드는 ㅋㅋㅋㅋ
1780576707895,그럼...
1780576708078,그럼 소풍이가 문제란거니?????????????????
1780576708155,얼굴 달아오르지
1780576708323,베릴이랑하면 나동행복해짐
1780576708653,베릴은 잘하잖아
1780576709371,데스윙 10판 예약임
1780576709642,이스더 피크니끄~
1780576711151,소풍이가 독 다올려놨네
1780576711246,{:d_126:}{:d_126:}{:d_126:}{:d_126:}{:d_126:}
1780576711499,악마다이...
1780576714399,그럼 누구때문이라는거냐 너????
1780576714888,+
1780576715119,이겜 이겨야 히오스다 쌈아 ㅇㅇ
1780576716437,피끄니끄 선수
1780576717058,ㅋㅋㅋㅋㅋㅋㅋㅋ
1780576719077,아 방패용사네 서폿이
1780576719692,소풍이 여기서도 바드하네 용감하다잉
1780576719696,악마룩삼{:d_126:}{:d_126:}{:d_126:}
1780576720087,어어
1780576720564,머야ㅋㅋ
1780576720746,아
1780576720853,오
1780576721937,비ㅣㅣㅣ상
1780576722385,줴줴이야
1780576722651,이거 ......
1780576723229,짤렷다
1780576723494,망했다
1780576723845,강소 궁 안썻네
1780576724046,ㅋㅋㅋㅋㅋㅋㅋㅋㅋ
1780576724089,졌다 이거
1780576724185,이거 구도가
1780576724920,슬슬 올라온다
1780576724937,완전히 갈렸다
1780576725297,비상
1780576725489,왔다
1780576725745,포지션 ㅈ됐다
1780576725938,졋음ㅋ
1780576725978,졌찌 ㅋㅋ
1780576726254,멜길각이안나온다
1780576726513,ㅋㅋㅋㅋㅋㅋㅋㅋㅋㅋㅋㅋㅋㅋ
1780576726531,줴줴이야
1780576726582,ㅋㅋㅋㅋㅋㅋㅋㅋㅋㅋㅋ
1780576726739,빨개진다
1780576726772,ㅋㅋㅋㅋㅋㅋㅋㅋㅋㅋㅋㅋㅋㅋㅋㅋㅋㅋㅋㅋㅋㅋㅋㅋㅋㅋㅋ
1780576727106,ㅋㅋㅋㅋㅋㅋㅋㅋㅋㅋㅋㅋㅋㅋㅋㅋㅋㅋㅋ
1780576727161,ㅈㅈ
1780576727225,ㅋㅋㅋㅋㅋㅋㅋㅋㅋㅋㅋㅋㅋㅋㅋㅋㅋㅋㅋㅋㅋㅋㅋㅋㅋ
1780576727271,ㅈㅈ
1780576727285,ㅋㅋㅋㅋ
1780576727286,어어 빨게진다
1780576727325,아 줴줴이야
1780576727367,ㅋㅋㅋㅋㅋㅋㅋㅋㅋㅋㅋ
1780576727611,ㅋㅋㅋㅋㅋㅋㅋㅋㅋㅋㅋ
1780576727826,ㅋㅋㅋㅋ
1780576728119,ㅋㅋㅋㅋㅋ
1780576728192,ㅋㅋㅋㅋㅋㅋㅋㅋㅋㅋㅋㅋㅋ
1780576728207,ㅋㅋㅋㅋ
1780576728230,ㅋㅋㅋㅋㅋㅋㅋㅋㅋㅋ
1780576728282,뱅 마 토
1780576728302,ㅋㅋㅋㅋㅋㅋㅋㅋㅋㅋㅋ
1780576728565,ㅋㅋㅋㅋㅋㅋ
1780576728634,ㅋㅋㅋㅋㅋㅋㅋ조졌다
1780576728667,슬슬 ㅋㅋㅋㅋ
1780576728682,음?
1780576728725,ㅋㅋㅋㅋㅋㅋㅋㅋㅋㅋㅋㅋㅋㅋㅋㅋㅋㅋㅋㅋㅋㅋㅋㅋㅋㅋㅋㅋㅋㅋㅋ
1780576728757,ㅋㅋㅋㅋㅋㅋㅋㅋㅋ
1780576728806,ㅋㅋㅋㅋㅋㅋㅋㅋㅋ
1780576728830,ㅋㅋㅋㅋㅋㅋㅋㅋㅋㅋㅋㅋㅋㅋㅋㅋㅋㅋㅋ
1780576728852,ㄱ-
1780576728975,아 나르가 메가...
1780576729257,비 상
1780576729265,그 표정
1780576729354,표정 ㅋㅋㅋㅋ
1780576729475,{:d_126:}{:d_126:}{:d_126:}
1780576729682,{:d_126:}
1780576729715,ㄱ-
1780576729813,ㅋㅋㅋㅋㅋ
1780576729827,토마토
1780576729841,ㅈ댔다 ㅋㅋㅋ
1780576729951,ㅋㅋㅋㅋㅋ
1780576730015,{:d_126:}{:d_126:}{:d_126:}{:d_126:}
1780576730187,표정봐 ㅋㅋ
1780576730287,구도가 개망했네
1780576730409,굳어간다
1780576730487,ㅋㅋㅋㅋㅋㅋㅋㅋ
1780576730740,ㅋㅋㅋㅋㅋㅋㅋ
1780576730865,맛있다 ㅋㅋㅋㅋㅋ
1780576730892,지금이니
1780576731075,딜안나오 ㅏㅋㅋ
1780576731171,{:d_126:}{:d_126:}{:d_126:}
1780576731288,ㅋㅋㅋㅋㅋㅋㅋㅋㅋㅋㅋㅋㅋㅋ
1780576731579,ㅋㅋㅋㅋㅋㅋㅋㅋㅋㅋㅋㅋㅋㅋㅋㅋㅋ
1780576732071,ㅈ 댓 다
1780576732148,ㅋㅋㅋㅋㅋㅋㅋㅋㅋ
1780576732299,ㅋㅋㅋㅋㅋㅋㅋㅋㅋㅋㅋㅋ
1780576732365,ㅋㅋㅋㅋㅋㅋㅋㅋㅋ
1780576732412,온다 온다
1780576732675,{:d_126:}
1780576733037,표정 개맛있다
1780576733114,ㅋㅋㅋㅋㅋㅋㅋㅋㅋㅋㅋㅋㅋ
1780576733421,딜이 안나왘ㅋㅋㅋㅋㅋㅋㅋ
1780576733861,{:d_126:}{:d_126:}{:d_126:}
1780576734040,준식이 표정이 이거
1780576734151,슬슬
1780576734328,하나씩 사라져요 {:d_127:}{:d_127:}{:d_127:}
1780576734666,와 진짜 올라오네
1780576735219,{:d_126:}{:d_126:}{:d_126:}{:d_126:}{:d_126:}{:d_126:}
1780576735238,슬슬빨개짐
1780576735713,{:d_126:}{:d_126:}{:d_126:}
1780576735717,조졌다
1780576735737,뱅마토
1780576736213,빨개지는데 점점?
1780576736389,메가준식 분노 차는데요 ?
1780576736854,ㅋㅋㅋㅋㅋㅋㅋㅋㅋㅋㅋㅋ
1780576736900,ㅋㅋㅋㅋㅋㅋㅋㅋㅋㅋㅋㅋㅋㅋㅋㅋㅋㅋㅋㅋㅋㅋㅋㅋㅋㅋㅋㅋㅋㅋㅋㅋㅋㅋㅋㅋㅋㅋㅋㅋㅋㅋㅋㅋㅋㅋㅋㅋㅋ
1780576737707,토마토 익어가는중~
1780576739875,시야 좀 잡아줘!!!!
1780576740179,뱅마토 온다잉
1780576740257,ㅋㅋㅋㅋㅋㅋ
1780576740967,얼굴이 빨게져요
1780576741171,먼저 쳐 짤림 ㅋㅋ
1780576741618,못 녹이거든요 ㅋㅋㅋㅋㅋ
1780576741843,ㅋㅋㅋㅋㅋㅋㅋㅋ
1780576742025,빨개진다~~~~~~~~~
1780576743270,조져따
1780576743368,뱅은 뒤에있는데 왜 위로 ㅋㅋㅋ
1780576743793,뱅마토 올라오나요
1780576744258,토마토 오른다
1780576744992,이해가 안되네??
1780576745193,ㅋㅋㅋㅋㅋㅋㅋㅋㅋㅋㅋㅋㅋㅋㅋㅋ
1780576745613,ㅋㅋㅋㅋㅋㅋ
1780576745796,개 못 하 니 까
1780576745940,7시 ㅋㅋㅋㅋ
1780576746296,뱅마토 예열
1780576747322,ㅋㅋㅋㅋㅋㅋㅋㅋㅋㅋㅋ
1780576747420,ㅋㅋㅋㅋㅋㅋㅋㅋㅋㅋㅋ
1780576747582,제라스 텔 뭐임
1780576748002,7시 신났네
1780576748072,네 버 러 지
1780576748238,분노 50찼다
1780576749308,{:d_126:}{:d_126:}{:d_126:}{:d_126:}{:d_126:}{:d_126:}{:d_126:}{:d_126:}
1780576749479,ㅋㅋㅋㅋㅋㅋㅋㅋㅋㅋㅋㅋ
1780576750021,ㅋㅋㅋㅋㅋㅋㅋㅋㅋㅋ
1780576750042,너네가 잘 큰 거 아니라고!
1780576750402,줄줄이 다죽네
1780576750522,ㅋㅋㅋㅋㅋ
1780576750682,ㅋㅋㅋㅋㅋㅋㅋㅋㅋㅋ
1780576750956,뱅마토 익는시간이다
1780576751154,ㅋㅋㅋㅋㅋㅋㅋㅋㅋㅋ
1780576751227,{:d_126:}{:d_126:}{:d_126:}
1780576751304,뱅마토 on
1780576751500,서폿이 웃네 /
1780576751721,ㅋㅋㅋㅋㅋㅋㅋㅋㅋㅋㅋㅋㅋ
1780576751964,ㅋㅋㅋㅋㅋㅋㅋㅋㅋㅋㅋㅋㅋ
1780576752065,ㅋㅋㅋㅋㅋㅋㅋㅋㅋㅋㅋㅋ
1780576752440,ㅋㅋㅋㅋㅋㅋㅋㅋㅋㅋㅋ
1780576752526,신났다
1780576752743,ㅋㅋㅋㅋㅋㅋㅋㅋㅋㅋㅋㅋㅋㅋ
1780576753000,아 줴줴이야
1780576753039,와다빡~
1780576753171,왓다빡
1780576753567,ㅇㄷㅃ
1780576753612,WTF
1780576753678,게이지 차고있어요
1780576753795,7시 행복 100
1780576753814,토마토 빨개지는중
1780576754919,답답함이 올라오는 뱅
1780576755020,ㅋㅋㅋㅋㅋㅋㅋㅋㅋㅋㅋㅋㅋㅋㅋㅋ
1780576755131,ㄹㅇㅋㅋ
1780576755145,왓다빡~
1780576755311,말파 떡벽이지
1780576755420,웃어??
1780576755551,슬슬 석나가지
1780576755574,ㅋㅋㅋㅋㅋㅋㅋㅋㅋㅋㅋㅋㅋㅋㅋㅋ
1780576755575,네버러지 ㅋㅋㅋㅋ
1780576755678,ㅋㅋㅋㅋㅋㅋㅋㅋㅋㅋㅋㅋㅋㅋㅋ
1780576755818,ㅋㅋㅋㅋㅋㅋㅋ
1780576755948,ㅋㅋㅋㅋㅋㅋㅋㅋㅋㅋㅋㅋ
1780576756031,ㅋㅋㅋㅋㅋㅋㅋㅋㅋ
1780576756633,데쓰윙ㅋㅋ
1780576756647,메가나르 온다
1780576756670,히오스면 아오 ㅋㅋㅋ
1780576756684,ㄹㅇㄹㅇㄹㅇㄹㅇ
1780576756819,ㅋㅋㅋㅋㅋㅋㅋㅋㅋㅋㅋㅋㅋㅋㅋㅋㅋㅋㅋㅋㅋㅋㅋ
1780576756854,얘 왜케 신남???????
1780576756867,뱅마토 표정 굳는다 ㅋㅋㅋㅋㅋㅋㅋㅋㅋㅋㅋㅋㅋㅋㅋㅋㅋㅋㅋㅋ
1780576756947,히오스로 와라
1780576758844,아오
1780576759340,말파이트라 똥꼬에 힘 놓으면 겜 터짐
1780576759398,어어 준식이 빨개진다
1780576759512,아 히오스였으면
1780576759654,드루와!!!!!
1780576759731,농익는중
1780576759773,히유법 {:d_126:}{:d_126:}{:d_126:}
1780576760115,무슨 멜 원딜이여
1780576760318,히오스면 다잡는건데
1780576760411,데스윙ㅋㅋㅋㅋㅋ
1780576760730,데스윙 ㅋㅋ
1780576761459,뱅 혀 낼름거린다
1780576761628,히 어게인
1780576761895,소풍아 웃어??
1780576762114,미드도 걍 메이지고 조합이 왜이래
1780576762810,메가나르 분노 차는중
1780576763084,왜 데스윙 원딜 안함?
1780576763295,왜케 신남 ㅋㅋㅋㅋㅋㅋㅋ
1780576763365,헉
1780576763536,ㅋㅋㅋㅋㅋㅋㅋㅋ
1780576763988,#히 어게인
1780576764518,월즈 챔피언이 이런 취급이라니
1780576764675,ㅋㅋㅋㅋㅋㅋㅋㅋㅋㅋㅋㅋㅋㅋㅋㅋㅋㅋㅋㅋㅋㅋ
1780576764819,히유법 뭐냐
1780576764840,표 독
1780576764876,뱅마토 50% 충전 ㅋㅋㅋ
1780576765292,메가준식 온다
1780576765392,ㅠㅠㅠ
1780576765592,안광이 ㄷㄷ
1780576765615,다크서클 생김 ㅋㅋ
1780576765629,원래 꺼매 ㅋㅋㅋ
1780576765682,ㅋㅋㅋㅋㅋㅋㅋㅋㅋㅋㅋㅋㅋㅋㅋㅋㅋㅋㅋㅋㅋㅋㅋㅋㅋㅋㅋㅋㅋㅋㅋ
1780576765980,ㅋㅋㅋㅋㅋㅋㅋㅋㅋㅋㅋㅋㅋㅋㅋㅋㅋㅋㅋㅋㅋㅋㅋㅋㅋㅋㅋㅋㅋㅋㅋ
1780576766087,ㅋㅋㅋㅋㅋㅋㅋㅋㅋㅋㅋ
1780576766289,원래 검긴함
1780576767083,ㅋㅋㅋㅋㅋㅋㅋㅋㅋㅋ ㅋㅋㅋㅋㅋㅋㅋㅋㅋㅋ ㅋㅋㅋㅋㅋㅋㅋㅋㅋㅋ
1780576767157,ㅋㅋㅋㅋㅋㅋㅋㅋ
1780576767186,{:d_126:}{:d_126:}{:d_126:}
1780576767196,눈동자는 원래 검다
1780576767347,그건 원래./...
1780576767497,표정론 on
1780576767523,ㅋㅋㅋㅋㅋㅋㅋㅋㅋㅋㅋ
1780576767636,아 왜 데스윙 원딜 안함??
1780576767695,표독한 눈빛
1780576767709,헉
1780576767800,검은수염 ㄷㄷ
1780576768237,눈동자는 원래 까매요;;
1780576768383,눈동자는 꺼매요
1780576768599,오
1780576768673,와우
1780576768740,뱅마토 철 오나요
1780576768873,오
1780576769134,안광이
1780576769361,파킨
1780576769367,눈동자는 원래 꺼매요
1780576769455,죽은눈의 뱅
1780576769651,눈동자는 원래검
1780576770128,오
1780576770583,안광이.......사라졌다.....
1780576770777,잘하긴해
1780576771314,와
1780576772236,수염자라는중
1780576772242,흠....
1780576773004,오 멜 딜봐라
1780576773014,눈동자는 원래 까매
1780576773820,아 잘하지 말라고
1780576774350,아
1780576774726,와
1780576774780,와
1780576775622,캬
1780576775973,다른긴 하다..
1780576776003,잘한다
1780576776402,와우
1780576776503,ㅈㄴ잘하네
1780576776592,와
1780576776603,어?
1780576776641,아
1780576776649,앞점멸 뭐지요ㅕ
1780576776677,크캣님?
1780576776819,설마 캐리하나.
1780576776894,어
1780576776960,개잘하긴하네
1780576776977,음?
1780576777264,와
1780576777327,아 뭐해
1780576777334,이야
1780576777667,ㅋㅋㅋㅋㅋㅋㅋㅋㅋ
1780576777748,잘하긴해
1780576777916,너무쎈데?
1780576777928,개잘하네
1780576777979,오
1780576778139,아
1780576778343,앞플 실패
1780576778344,어?|
1780576778629,멜로 캐리를 하네...ㅇ
1780576779530,썌긴한데
1780576779536,와
1780576779645,피지컬 봐라
1780576779709,그만
1780576779714,{:d_126:}
1780576779934,와
1780576780042,ㅇ허
1780576780074,어?
1780576780414,오
1780576780490,아
1780576780695,잘하는데?
1780576780720,아..
1780576781411,와씨
1780576781431,오
1780576781446,{:d_126:}
1780576781594,대 준 식
1780576781760,그만.
1780576781983,와우
1780576781999,바로 표정 바뀐거웃기네
1780576782045,잘한다
1780576782348,지린다
1780576782504,아
1780576782748,궁도 있는데
1780576782892,뒤지게 잘하네
1780576782959,무빙이 ㅋㅋㅋ
1780576783236,와 ㅋㅋㅋㅋ
1780576783482,캬
1780576783520,(이기지말지)
1780576783967,캬
1780576784099,"하이퍼캐리 하는데요,,?"
1780576784316,피지컬은
1780576784445,개잟나다 진짜
1780576784477,ㄷ라르긴하ㅣ다
1780576784732,와 지린다
1780576784769,아 캐리하지 말라고
1780576784796,잘하긴하네...
1780576784818,잘하긴하네 ;
1780576784967,이거 아닌데
1780576785132,근데 너무 잘해리는데
1780576785151,크캣님..
1780576785467,잘한다
1780576785511,잘하긴잘해~
1780576785623,이게아닌데....
1780576785994,잘하네...
1780576786002,{:d_126:}
1780576786148,{:d_126:}
1780576786497,ㄷㄷ
1780576786891,오
1780576787012,배준식 캐리중
1780576787187,플쌤 제발
1780576787806,ㅋㅋㅋㅋㅋㅋㅋ
1780576787835,{:d_126:}{:d_126:}{:d_126:}
1780576788024,무빙이 다르네
1780576788317,와 시노종
1780576788353,시 노종!!
1780576788917,잘하긴해
1780576789013,신 호 종
1780576789064,룩삼 표정 ㅋㅋㅋㅋ
1780576789109,신 레 임
1780576789270,신호종
1780576789324,멜 스킬을 타겟팅처럼쓰네 ㅋㅋㅋ
1780576789345,폼 빨딱섰는데
1780576789373,저건 무리
1780576789552,{:d_126:}
1780576789627,시 노 종
1780576789848,시 노 종
1780576789870,캬
1780576789880,헉
1780576789884,아..
1780576789927,시노종 ㄷㄷ
1780576790004,와 플쌤
1780576790070,와 시노종
1780576790126,대 호 종
1780576790288,시 노 종
1780576790297,ㅋㅋㅋㅋㅋㅋㅋㅋㅋ
1780576790307,표정 ㅋㅋㅋㅋㅋㅋㅋㅋㅋㅋㅋㅋㅋ
1780576790333,대 레 임
1780576790387,시노종
1780576790452,대호종
1780576790457,캬
1780576790614,시노종
1780576790616,신호종
1780576790897,?
1780576791416,플레임도 잘한다
1780576791711,시노종
1780576791768,플 쌔엠
1780576791780,{:d_126:}{:d_126:}{:d_126:}{:d_126:}{:d_126:}
1780576791868,시노종
1780576791882,대 호 종
1780576792301,{:d_126:}{:d_126:}{:d_126:}{:d_126:}
1780576792745,시 노 종
1780576792785,와 플썜
1780576792821,시노종
1780576793249,시 노 종
1780576793313,신 호 종
1780576793666,신 호 종
1780576794143,아
1780576794202,신 호 종
1780576794318,역시 전프로
1780576794460,시 노 종 ㄷㄷㄷㄷ
1780576794496,시노종
1780576794620,허리돌림 ㄷㄷ
1780576794777,엇
1780576795527,아
1780576795598,신 호 종
1780576796025,아
1780576796778,시노종 무빙 ㄷㄷㄷ
1780576797100,나르 궁을
1780576797348,아
1780576797436,아
1780576798198,아
1780576798266,와
1780576798585,아
1780576798643,아
1780576799230,대 나 르
1780576799994,ㄲㅂ
1780576800010,조토종
1780576800076,ㅋㅋㅋㅋㅋㅋㅋㅋㅋㅋ
1780576800103,오
1780576800702,궁날아오네
1780576801446,오 콩콩~
1780576802123,{:d_126:}{:d_126:}{:d_126:}{:d_126:}
1780576802927,{:d_126:}{:d_126:}{:d_126:}{:d_126:}{:d_62:}
1780576803205,오 제라스
1780576803708,아오
1780576804499,소 호 종
1780576804606,시노종의 관대함
1780576805944,ㅈㄴ 치열하네 ㅋㅋㅋ
1780576806507,와 내전수준 머임??
1780576806771,나르~
1780576807378,워모그잭스
1780576807647,시노종 ㅠㅠㅠㅠㅠ
1780576807912,룩삼표정 음흉해요
1780576808295,멜 진짜 잘햇다
1780576808579,바드가 너무 맛없긴 하네
1780576808708,ㅋㅋㅋㅋㅋㅋㅋㅋㅋ
1780576809134,이거 지겠는데?
1780576809598,ㅋㅋㅋㅋㅋㅋㅋ
1780576809712,나르 누구임?
1780576809848,ㅋㅋㅋㅋㅋㅋㅋㅋㅋㅋㅋㅋㅋ
1780576811033,제발 이러고 있네 ㅋㅋㅋ
1780576811077,아 바드 보기만 해도 개답답하네
1780576811237,지라고 기도중이네 ㅋㅋ
1780576812347,나르 누구임??
1780576813188,다 잘하네
1780576813551,나르는 누구임??
1780576815515,(맛없네...)
1780576817426,나르 콩콩이
1780576817969,나르 콩콩
1780576819361,콩콩
1780576819403,ㄱ-
1780576823051,캬
1780576824678,아니 좀 치네 콩콩님??
1780576825040,{:d_126:}
1780576825362,아 콩콩
1780576826411,하아앙
1780576828349,ㅋㅋㅋㅋㅋㅋㅋㅋ
1780576829597,콩콩이 나르도 할줄암?
1780576830193,킁
1780576831656,강쏘!
1780576832700,와
1780576832722,어어 준식이 목 각도
1780576833221,강쏘 ㅋㅋㅋ
1780576833234,ㄷㄷ
1780576833879,뭐야
1780576834086,고개 갸우뚱
1780576834427,와 애쉬
1780576835247,애쉬궁이 맞네
1780576836792,대 강 쏘
1780576837152,나르를 하네
1780576838174,좃댔다
1780576838890,ㅋㅋㅋㅋㅋㅋㅋㅋㅋ
1780576839207,ㅋㅋㅋㅋㅋㅋㅋㅋㅋㅋㅋㅋㅋㅋㅋㅋㅋㅋ
1780576839551,캬
1780576840214,ㅋㅋ
1780576840574,나이사~
1780576840632,헉
1780576840710,ㄱ-
1780576840931,{:d_126:}{:d_126:}{:d_126:}{:d_126:}
1780576840963,ㅋㅋㅋㅋㅋㅋㅋㅋㅋㅋㅋ
1780576840980,어어 빨개진다
1780576841028,빨개진다
1780576841119,음?
1780576841290,웅 강쏘
1780576841373,이 거야
1780576842068,겜 붐
1780576842640,ㅋㅋㅋㅋㅋ
1780576842715,{:d_126:}{:d_126:}{:d_126:}{:d_126:}
1780576842756,줴줴이야
1780576842973,강쏘의 말파 캬
1780576843418,ㅋㅋㅋㅋㅋㅋㅋㅋ
1780576843731,준식아...
1780576844056,...........
1780576844195,에바다
1780576844286,이거 거등!
1780576844296,갑자기 침묵
1780576844493,빨개진다
1780576844651,다 따로따로하냐
1780576845891,메가준식된다 ㄷㄷ
1780576846282,칼바람이야 뭐야
1780576846332,침묵...
1780576846804,너무 다맞아줬다
1780576846804,메가준식
1780576846807,빨개진다
1780576847122,침을 꼴깍 삼키네
1780576847265,맛있는 부ㅜㄴ을 못봤네
1780576847384,{:d_126:}{:d_126:}{:d_126:}{:d_126:}
1780576848512,{:looksamLeft:}{:looksamRight:}
1780576848683,빨개진다
1780576849568,히오스 차오른다
1780576851610,메 가 준 식
1780576851861,준식이 표정 굳는다
1780576852307,딱 맛있는 부분을 못보는구나 룩
1780576852694,애쉬도 ㅈㄴ잘하네 하고보니까 크캣이네;;
1780576853860,뱅마토 5분전
1780576855639,히톡스 마렵제?
1780576856843,맛이 있어지고 있는데
1780576856959,준식이도 안되네....
1780576857410,히소으 마렵제
1780576857863,시야 좀 뚫어줘 제발!!!!
1780576859579,내가 바로 대격변이다!
1780576859729,아니 좀 기다리지 뭘해
1780576860194,강소연은 그냥 탱커나 해라..
1780576860235,님들 황해 봤나여??
1780576860882,이게 원딜이야
1780576861771,점점 익어가는구나 뱅마토
1780576863517,저거 애쉬 w는 반사해도 슬로우가 없네?
1780576864448,점점밀린다 이거 원딜없어서 ㅋㅋ
1780576864596,진짜 쌔서 긁히면 죽기하겠다
1780576866931,웅 강쏘
1780576869347,히오스 마려운 준식이
1780576872729,협곡은 역전이 안돼
1780576872813,원딜없는데 왜..
1780576874598,멜 괜찮네
1780576874632,대회 전이라서 티어 간격이 개크네
1780576877289,짤딜 아프거든요
1780576877584,플 없는데
1780576877720,감전변화 전혀없는거같은데
1780576882047,피 다갈렸네 ㅋㅋ
1780576882427,좀 갈리는데
1780576885944,ㅇㅋ
1780576887219,ㅇㅋ
1780576887327,캬
1780576887666,오예
1780576888108,ㅇㄱㅇ
1780576888453,ㅇㄱㅇ
1780576888636,ㅇㄱㅇ
1780576888829,ㅇㅋ
1780576890117,ㅇㄱㅇ
1780576890779,구웃
1780576890869,아주 좋소
1780576891170,ㅇㄱㅇ
1780576891499,팀파매 하는거처럼 보면 안됨?
1780576891635,황해가 좀 길어
1780576891963,ㅇㄱㅇ
1780576892306,귓 남기자
1780576892816,뭔 근오스여
1780576892833,ㅇㄱㅇ
1780576893093,여기가 익면 히오슼데
1780576893524,확인
1780576893537,ㅇㄱㅇ
1780576894142,둘다 좋소
1780576894467,ㅋㅋㅋㅋ
1780576894648,제발 막판
1780576896191,표정ㅋㅋㅋㅋㅋ
1780576896416,어어 표정
1780576896583,ㅋㅋㅋㅋㅋㅋ
1780576897063,표정 ㅋㅋㅋㅋㅋㅋ
1780576897275,캬캬캬캬캬ㅑ
1780576897818,여기 히오스 데려갈 사람 많네
1780576897824,ㅇㅋ
1780576898104,석나갔다 표정
1780576898201,표정 썩었다
1780576898959,질거가헉
1780576899293,어어
1780576899377,뱅 마음에 안든다
1780576899388,ㅋㅋㅋㅋㅋㅋㅋㅋㅋㅋ
1780576899510,석나갔다 ㅋㅋ
1780576899865,캬 표정
1780576900038,히오스 안 할듯
1780576900353,제발 더해라
1780576900589,ㅋㅋㅋ
1780576900794,표정 나왔다
1780576901804,에이 바론은~~~
1780576902069,나갔다
1780576902305,준식이 엔진에 시동걸리는중
1780576902311,히오스보고싶다
1780576902312,"바론,, 맞나?"
1780576902366,맘에안듦
1780576902423,이악물었다
1780576903334,헉
1780576903384,그 표정
1780576903643,뱅 올라온다
1780576903977,바론쌈 ㄷㄷ
1780576903999,표독ㅋㅋㅋ
1780576904294,에바지
1780576904424,준식이 뭐가 맘에 안드는데 ㅋㅋ
1780576904547,"맛있다,,,"
1780576905023,네버지 바론오더
1780576905312,막판일걸
1780576905799,표정 석나간거봐라 ㅋㅋㅋㅋㅋ
1780576906741,바론이 맞아?
1780576907746,이거 뱅팀이 이기면 막판일듯? 지금 범인찾기중인거같은데
1780576908807,이거 뱅이 이기면 2대0으로 b03 종료이긴함.
1780576908898,뱅마토 초기상태
1780576909779,준식이 표정이 아주
1780576911731,여기 파티 그대로 히오스 납치하면 되겠다 ㅇㅇ
1780576914482,히오스안하면 바지에 똥쌈
1780576919108,ㅋㅋㅋㅋㅋㅋㅋㅋㅋ
1780576919564,ㅋㅋㅋㅋㅋㅋㅋㅋㅋㅋㅋ
1780576919901,ㅋㅋㅋㅋㅋㅋㅋㅋㅋㅋㅋㅋㅋ
1780576919995,그대로 히오스로 떠오면 될듯
1780576920233,ㅋㅋㅋㅋㅋㅋㅋㅋㅋㅋ
1780576920434,?
1780576920495,ㅋㅋㅋㅋ
1780576920764,뱅팀 지면 한판더함ㅋㅋ
1780576920959,무서워요
1780576921953,ㄱ-
1780576921960,어흥
1780576922168,준식이 변신
1780576922362,5시 무서워요
1780576922540,ㅋㅋㅋㅋ
1780576922881,메가준식으로 변신한거 같은데ㅔ
1780576922912,ㅋㄲㄱㅋ
1780576923347,표정 썩는다 ㅎㅎ
1780576923397,준식씨 10킬인데 왜 좀 화나보이지
1780576924156,...
1780576924546,?
1780576924622,ㅋㅋㅋㅋㅋㅋ
1780576924626,뱅마토 수확 몇개월 남았나요
1780576926230,ㅋㅋㅋㅋㅋㅋㅋㅋㅋㅋ
1780576926245,변신 귀환은
1780576926253,ㅋㅋㅋㅋㅋㅋㅋㅋㅋ
1780576926684,ㅋㅋㅋㅋㅋㅋㅋㅋ
1780576927423,ㅋㅋㅋㅋㅋ
1780576927641,ㄹㅇ
1780576927747,ㅋㅋㅋㅋㅋㅋㅋㅋㅋㅋ
1780576928324,수염 점점 올라온다
1780576928440,ㅋㅋㅋㅋㅋㅋㅋㅋ
1780576928659,ㅇㅇㅇㅇ
1780576929327,야미
1780576929806,ㅋㅋ
1780576930115,정확함
1780576930577,뱅마토 익어가는
1780576930602,ㄹㅇㅋㅋ
1780576931493,ㄹㅇ
1780576932252,뱅마토 숙성중~
1780576932867,히오스는 갠적으로 포탑에 스킬 딜 박히는거 기분좋음
1780576933096,진짜 속터짐
1780576933236,ㄹㅇ 슬슬 스팀 올라옴
1780576933921,ㄹㅇ 독 올랐는데
1780576934755,ㅇㅇ
1780576936034,(데스윙하고싶다...)
1780576936325,울분표출 ㅋㅋㅋ
1780576936976,ㅋㅋㅋㅋㅋㅋㅋㅋㅋㅋㅋ
1780576937601,ㄹㅇㅋㅋ
1780576937789,릎 상대팀일때 3:0으로 져서 이미 빨개짐
1780576937933,서폿이나 다른 라인하면 이정도까진 아님
1780576939041,ㅋㅋㅋㅋㅋㅋ
1780576940062,ㅋㅋㅋㅋㅋㅋㅋㅋㅋㅋ
1780576940173,행복히오스
1780576941243,탱커해야지
1780576941553,길잃바 시켜~
1780576941652,길바
1780576941682,탱커 서폿 이런거 하면
1780576942510,독이 슬슬 올라온다
1780576943712,히톡스
1780576946478,독기 쏵 빠짐
1780576946545,ㄹㅇㄹㅇ
1780576946685,근데 내전이니깐 ㅋㅋ 화는 안낼꺼야
1780576946969,말파 닳지가 않네 ㅋㅋ
1780576948075,직업병이야 저거
1780576948124,롤독오른다
1780576949998,다크서클 실시간으로 진해지네
1780576950000,독기 빼려고 고생했는데 정착지가 히오스였네
1780576950039,근데 레이너 개잘할거같긴해
1780576950369,룩닥터
1780576950474,쌈아 오늘 진짜 섭섭했다. 새벽에 히오스했으면서 왜 다시보기를 남겨주지 않은거니.
1780576952274,원딜말고 탱커 서폿 이런거 시켜야해
1780576953208,히오스만큼 독기뺴준거없제
1780576953473,말파 어떡하냐 저거
1780576955993,시공 디톡스 ㄷ
1780576956041,히오스켜라 준식아
1780576960195,얘가 리방 늦게 햇대요!
1780576960794,그걸 못봐?
1780576961601,{:d_126:}
1780576961850,디톡스 홰야지 ㄹㅇ
1780576962164,ㄹㅇ 섭섭했다
1780576963504,직장인들 서운해요
1780576963875,히오스를 누가봐
1780576964523,난 봤는데 ㅋㅋ
1780576965826,히오스 다시보기를 왜 봐
1780576966126,ㄹㅇ 섭섭함
1780576966996,ㅁㅊ
1780576967332,ㄱ-
1780576967794,히조쿠
1780576967888,뭣
1780576967890,ㅋㅋ
1780576967944,서운해요 ㅠㅠ
1780576967949,안남겨짐??
1780576968231,덥혀먹어?
1780576968459,그걸 누가봐
1780576968596,굳이 ㅋㅋㅋ
1780576968864,니나봐
1780576969018,ㅋㅋㅋㅋㅋㅋㅋ
1780576969692,ㅋㅋㅋㅋㅋ
1780576969718,나 뱅화면으로 다시봤다 ㅇㅇ
1780576969752,ㅋㅋㅋㅋㅋㅋㅋㅋㅋㅋㅋㅋ
1780576969898,다이아방인데
1780576970208,생각보다 많다고 ㅋㅋ
1780576970391,ㅋㅋㅋㅋㅋㅋㅋ
1780576970469,누가 히오스를 다시보기로 봐
1780576970473,ㅋㅋㅋㅋㅋㅋㅋ
1780576970649,히오스를 누가봐
1780576970670,ㅋㅋㅋㅋㅋㅋ
1780576970728,며칠전에꺼 봐도 똑같아
1780576970783,ㅋㅋㅋㅋㅋ
1780576970985,누가 히오스를 다시보기로
1780576971079,서운해요
1780576971250,{:d_126:}{:d_126:}{:d_126:}
1780576971361,뭣
1780576971455,서운해요
1780576971684,미안
1780576972144,히오스 붐은 이미 왔다
1780576972151,ㅋㅋㅋㅋㅋㅋㅋㅋㅋㅋㅋ
1780576972172,리방을 안해서 아
1780576972189,{:d_126:}{:d_126:}
1780576972360,먄
1780576972401,ㅋㅋㅋㅋㅋ
1780576972481,ㄹㅇ 그건 방송안한거지
1780576972638,봐
1780576972650,니나봐
1780576972698,ㅋㅋㅋㅋㅋㅋㅋㅋㅋㅋㅋㅋㅋㅋ
1780576972821,서운해요
1780576972845,그걸 누가..
1780576972970,히조쿠는 존재한다
1780576972977,ㅋㅋㅋㅋㅋㅋㅋㅋㅋㅋㅋㅋ
1780576973007,서운하네
1780576973292,진또배기네
1780576973604,ㅁㅇ
1780576973698,니나봐
1780576973913,길바 레전드긴 했음
1780576973936,진짜 서운할만 하네
1780576974280,니나봐
1780576974285,먹을게 없다구 ㅠ
1780576974383,똥을 다시 데우라고?
1780576974462,입맛이 고급지네요
1780576974838,히기견이야?
1780576974931,"내 라디오임,,, {:d_127:}{:d_127:}{:d_127:}"
1780576974971,난 본다고
1780576975832,천만 시공인 무시함?
1780576976333,그게 무슨말이니 ?
1780576976364,어제 억지로 다 봤어야지
1780576976458,니나봐
1780576976489,ㄴㄴㅂ
1780576976572,근데 진짜 서운하긴해
1780576976676,나도 보고싶었는데
1780576976805,안했자나 ㅋㅋ
1780576976996,어제 결국 리방을
1780576977079,서운하네....
1780576977248,난 녹화해서 뎁혀먹었다...
1780576977255,진또배기네 완전
1780576977485,뱅님걸로봐
1780576977838,2선승이라 뱅쪽이 이기면 끝날듯?
1780576978070,근데 ㄹㅇ 아쉽긴함
1780576978454,누가 히오스를 다시보기로 ...ㅋㅋㅋ
1780576978455,징하다징해ㅋㅋㅋ
1780576979929,며칠전 히오스 봐도 어제꺼랑 똑같다 괜찮아
1780576981068,너 그런거 보니?
1780576983392,뱅꺼로 봤어...
1780576983724,진짜 히조쿠면 생방 봤어야지
1780576983754,히오스가 터지긴햇어
1780576984547,진짜 개 섭섭하긴 함;;
1780576985588,이게?
1780576985900,없어요.
1780576986722,어디서 온거지
1780576988385,근데 어제 히오스 재밋긴 했는데 ㅎㅎ
1780576988737,리방안해준거 섭섭하네
1780576991042,히조쿠 챙겨
1780576993624,히조쿠면 뱅껄로 봐야지
1780576994233,그 길바를 안남겨주는게
1780576994859,이번 블리즈컨에 큰거 온다는데
1780576996538,헉
1780576998838,위험하다 위험해
1780576999212,심지어 어제 길바 잘해서 재밌었는데
1780576999695,조합이 구림
1780577000652,리방 개빨리해서 리방판정이 안된거지 리방은 했다는거임
1780577001644,치감 있는데
1780577002019,이번 블리즈컨에 큰거 온다는데 히오스 큰거 가능?
1780577002517,ㄱ-
1780577003059,질거같음ㅋㅋㅋ
1780577005381,어라라
1780577005902,이겨야 히오슨데
1780577006756,비원딜이라 후반 못이김
1780577006880,{:d_126:}{:d_126:}{:d_126:}
1780577007419,치감있다고
1780577008047,조합이 상대가 더 좋아
1780577008099,치감 안가겠지?
1780577008111,못이김
1780577008553,애매함
1780577010599,{:lck_2:}{:lck_3:}{:lck_2:}{:lck_3:}
1780577010905,카시라 모름
1780577013184,탑서폿이 고티어야 좋은픽인데 힘들듯
1780577013416,못이겨
1780577014064,올해 블리즈컨에 스타 IP로 fps 만든다고는 하던데
1780577014072,왜 조합이 이따구로 나왓을까
1780577014200,어제 히오스 재밌었는데
1780577014785,원딜의 부재는 크다
1780577016174,바드 치감있잖아
1780577018265,상대가 조합 훨씬좋아서
1780577018531,못이거 그냥
1780577019557,더블메이지 개불편해
1780577020998,카시 가 다잡음
1780577021256,맛이없긴해
1780577021447,조합 신기하네
1780577021455,조합이 불안정해 4용못챙긴거큰듯
1780577021512,호종이 잘하긴하더라
1780577022253,칼바람 조합이네
1780577022409,말파 박히면 끝이여
1780577023934,바드 치감이긴한데 한명정도 더 가긴 해야될거같은데
1780577025484,짜오엔딩
1780577025862,멜이 쌔긴한데
1780577025890,ad 개부족해보이는데
1780577026058,제라스 있어서 애쉬 뭐못하잖아
1780577026329,ㅇㅇ 상대조합이 훨좋음
1780577028565,자르반이 좀 어렵겠다
1780577029150,카ㅣ시를 잡을 캐릭들이 아님
1780577030619,지금도 이미 비벼짐
1780577031809,롤하면서 스트레스 받고 수명 줄어들기 vs 히오스하며 웃으면서 수명 늘어나기
1780577033148,다 논타겟이라
1780577033658,비벼진거로 봐선 답없음
1780577033839,말파에 자르반이라
1780577035284,바드가 적재적소에 치감 묻힐 수 있나 가뜩이나 짤리던데
1780577037065,애쉬 말파 카시라..
1780577037617,나르 룬이 뭐지 치속아니네
1780577038627,이기거나 지거나
1780577047004,닥후
1780577048122,오더 갈리네
1780577049548,저걸 안노려
1780577049712,ㄷㅎ
1780577053443,어어
1780577053876,엄
1780577054028,어 죽었다
1780577054750,ㅋㅋㅋㅋㅋㅋ
1780577054817,ㅋㅋㅋㅋㅋㅋㅋㅋㅋ
1780577055720,{:d_126:}
1780577055767,빼~
1780577055820,어어어/./
1780577056109,엄
1780577056358,어캐 빼는데 ㅋㅋ
1780577056576,어 입 벌어졋다
1780577056628,딜링이 느린데 짤리면망인데
1780577056904,ㅋㅋㅋㅋㅋㅋㅋㅋㅋㅋ
1780577057144,비ㅣㅣㅣ상
1780577057263,비상
1780577057917,헉
1780577058121,장훈아..
1780577058249,ㅋㅋㅋㅋ
1780577058877,왜 스타를 .......
1780577058886,엄
1780577059301,너무빨리 녹는데 ㅋㅋㅋㅋ
1780577059352,{:d_116:}{:d_116:}{:d_116:}
1780577059834,ㅋㅋㅋㅋㅋㅋㅋ
1780577059952,ㅋㅋㅋㅋㅋㅋㅋㅋㅋ
1780577060135,비상
1780577060166,입 벌어짐
1780577060514,ㅋㅋㅋㅋㅋㅋㅋㅋㅋㅋㅋㅋㅋㅋㅋ
1780577060844,올라온다
1780577060978,어어 뱅마토된다
1780577061345,뻈습니다~
1780577061404,뭔 근르여 ㅋㅋ
1780577061674,나르 뺴라고 좀!!!
1780577061932,이러면 비상인디?
1780577062326,바론 딜 느린대
1780577063745,ㅈ됨
1780577063869,준식이 혀도 나오네
1780577064656,표정이 무서워 ㄷㄷ
1780577065004,나르빼(빼라고ㅅㅂ)
1780577065279,나르는 어려워
1780577065351,어어 온다
1780577065836,바론 개느려 ㅋㅋㅋㅋㅋㅋㅋㅋㅋㅋ
1780577065984,미래가 보인다
1780577066668,어어어
1780577066783,이거 억바론이다
1780577067213,먹긴하겠다
1780577067343,나르 누구여
1780577068212,야동중독자는 누구임??
1780577068452,콩콩이 얼마나 무서울까
1780577068484,좃댔다 말파 드랍된다
1780577068658,?
1780577068678,먹어도 싸워할각나오겠는데
1780577069296,탑 누군데 근데 나르하셨지
1780577069309,전멸각
1780577069540,?
1780577069669,엄
1780577069736,?
1780577069842,{:d_126:}{:d_62:}{:d_126:}{:d_62:}
1780577069844,아
1780577070747,아 진짜 바드
1780577070820,?
1780577071024,어?
1780577071117,이거 스타크래프트 맞죠 ?
1780577071259,아
1780577071697,아
1780577072174,콩콩이는 팀겜 처음이니깐
1780577072837,맞고 죽어
1780577073003,바드 가라고
1780577073964,ㅋㅋㅋㅋㅋ
1780577074441,오
1780577075100,먹긴먹음
1780577075227,다죽을듯
1780577075603,망했어
1780577076751,져ㅑㅅ다
1780577076866,대 우 릎
1780577077181,아 소풍아..
1780577077457,먹었다 그래도
1780577077599,ㅈㅈ
1780577077970,반격빠졋는데
1780577078326,바론먹고 전멸각
1780577078348,다죽겠다
1780577078965,아 다죽었네
1780577079251,먹긴 먹은건데..
1780577081076,ㅈㅈㅇㅇ
1780577082132,ㅈㅈ
1780577082454,딜이 너무 모자란데
1780577082924,ㅈㅈ
1780577083781,강쏘 ㅋㅋ
1780577083807,줴줴이야
1780577083864,ㄱ-
1780577083875,와
1780577083943,줴줴이야
1780577084800,아 줴줴이야
1780577084833,ㄱ-
1780577084902,멸망 ㅋㅋㅋ
1780577085081,어쩔짜오
1780577085187,바드를 왜하냐ㅋㅋㅋㅋ
1780577085245,ㄱ-
1780577085259,물리면죽어야지
1780577085302,ㅈㅈㅇㅇ
1780577085543,ㅋㅋㅋㅋㅋㅋㅋㅋㅋㅋㅋㅋㅋㅋㅋ
1780577085580,줴줴이야
1780577085750,메가준식 분노 80
1780577086062,줴줴이야~
1780577086066,...................
1780577086137,ㅈㅈ
1780577086222,바드님?
1780577086751,{:d_126:}{:d_126:}{:d_126:}
1780577086823,표정
1780577087139,독기오른다
1780577087225,올라온다
1780577087478,ㄱ-
1780577087488,헉
1780577087599,{:d_126:}{:d_126:}{:d_126:}
1780577087624,검은수염
1780577087699,엄
1780577087725,흠ㅋㅋㅋㅋ
1780577087860,빨개진다
1780577087865,{:d_126:}
1780577088164,줴줴이야
1780577088168,{:d_126:}
1780577088301,ㅈㅈ
1780577088373,아 줴줴이야
1780577088383,ㄱ-
1780577088487,차분하네...
1780577088560,{:d_126:}{:d_62:}
1780577088620,{:d_126:}{:d_126:}{:d_126:}
1780577088634,{:d_126:}{:d_126:}
1780577088780,쓰읍
1780577088791,줴줴이야
1780577088823,ㄱ-
1780577088910,멜존나구려 ㅋㅋ
1780577088964,아 줴줴이야
1780577089177,슬슬 ..
1780577089223,ㅋㅋㅋㅋㅋㅋㅋㅋㅋㅋ
1780577089249,{:d_126:}{:d_126:}{:d_126:}
1780577089364,준식이 표정 ㅋㅋㅋ
1780577089587,ㅋㅋㅋㅋㅋㅋㅋㅋㅋ
1780577089817,투메이지라 맛이없다
1780577090047,엄
1780577090112,줴줴이야
1780577090338,ㅋㅋㅋㅋㅋㅋㅋㅋㅋ
1780577090344,바드님ㅋㅋㅋㅋㅋ
1780577090420,ㅋㅋㅋㅋㅋㅋㅋㅋㅋㅋㅋㅋㅋㅋㅋ
1780577090485,ㅋㅋㅋㅋㅋㅋㅋㅋ
1780577090570,ㅋㅋㅋㅋㅋㅋㅋ
1780577090595,표정이
1780577090678,이걸참아 ?
1780577090687,ㄱ-
1780577090759,어어어
1780577090802,{:dalcomUoaaa:}{:dalcomUoaaa:}{:dalcomUoaaa:}{:dalcomUoaaa:}{:dalcomUoaaa:}{:dalcomUoaaa:}
1780577090809,올라온다 슬슬
1780577090838,토마토 숙성 완료
1780577090914,뱅 마 토
1780577091198,표정
1780577091284,비션이형 요즘 신짜오 잘하더라
1780577091388,바드...
1780577091497,가서 막으라니까..
1780577091568,ㄱ-
1780577091641,ㄱ-
1780577091697,아 줴줴이야
1780577091716,빨개진다
1780577091731,ㄱ-
1780577091837,엠비션 이번판은 좀 잘하네?
1780577091943,ㅋㅋㅋㅋㅋㅋㅋㅋㅋ
1780577092031,{:d_126:}{:d_126:}{:d_126:}{:d_126:}{:d_126:}{:d_126:}
1780577092203,{:d_116:}{:d_116:}{:d_116:}{:d_116:}
1780577092448,{:d_60:}{:d_60:}{:d_60:}{:d_60:}{:d_60:}{:d_60:}{:d_60:}{:d_60:}{:d_60:}
1780577092674,ㅋㅋㅋㅋㅋㅋㅋㅋㅋㅋㅋㅋㅋㅋ
1780577092678,표정이..ㅋㅋㅋ
1780577092821,ㅋㅋㅋㅋㅋㅋㅋㅋㅋㅋㅋㅋㅋㅋ
1780577092888,ㅋㅋㅋㅋㅋㅋㅋㅋㅋㅋㅋㅋㅋㅋㅋㅋㅋㅋㅋㅋㅋㅋㅋ
1780577093083,표정  ㅋㅋ
1780577093130,{:d_94:}
1780577093132,멋쟁이 뱅 마 토
1780577093200,붉어진다~
1780577093305,표정 봐라 ㅋㅋㅋㅋㅋㅋㅋㅋㅋㅋㅋㅋㅋ
1780577093315,히오스 켜라잇
1780577093582,ㅋㅋㅋㅋㅋㅋ
1780577093616,분노가 쌓인다
1780577093908,표정 레전드
1780577093926,온도 오른다
1780577094176,줴줴이야~
1780577094394,ㅋㅋㅋㅋㅋㅋㅋㅋㅋㅋㅋㅋㅋㅋㅋㅋㅋ
1780577094509,{:d_126:}{:d_126:}{:d_126:}
1780577094564,{:d_126:}{:d_126:}{:d_126:}{:d_126:}{:d_126:}
1780577094744,{:dalcomUoaaa:}{:dalcomUoaaa:}{:dalcomUoaaa:}{:d_126:}{:d_126:}{:d_126:}{:d_126:}
1780577094810,AD였다면 빨았을려나
1780577094902,ㄱ-
1780577094965,ㅋㅋㅋㅋㅋㅋㅋㅋㅋㅋㅋ
1780577095043,준식아 히오스 하러가자ㅏㅏㅏㅏ
1780577095092,ㄱ-
1780577095121,바드가 좀
1780577095159,갈곳을 잃은 눈 ㅠㅠ
1780577095165,ㄷㄷㄷㄷㄷ
1780577095209,ㅋㅋㅋㅋㅋㅋㅋㅋㅋㅋ
1780577095263,네민기 ㅋㅋㅋㅋㅋㅋㅋㅋㅋ
1780577095454,빨개진다 ㄷㄷ
1780577095478,ㅋㅋㅋㅋㅋㅋㅋㅋㅋㅋㅋㅋ
1780577095489,사실 나르가.. 음
1780577095594,ㅋㅋㅋ
1780577095732,ㅈㅈ
1780577095848,표정 살벌하네
1780577095867,슬ㄹ슬ㄹ 빨개진다
1780577096012,어어빨개진다
1780577096246,ㄱㅡ
1780577096781,비상탈툴
1780577096843,표정이...
1780577097198,바드에 실시간으로 석나가는중 ㅋㅋㅋ
1780577097202,되긴 뭐가 돼
1780577097204,ㅋㅋㅋㅋㅋㅋㅋㅋㅋㅋ ㅋㅋㅋㅋㅋㅋㅋㅋㅋㅋ ㅋㅋㅋㅋㅋㅋㅋㅋㅋㅋ
1780577097214,ㅋㅋㅋㅋㅋㅋㅋㅋㅋㅋ
1780577097457,ㅋㅋㅋㅋㅋㅋㅋㅋㅋㅋㅋㅋㅋㅋㅋㅋㅋㅋㅋㅋㅋㅋㅋㅋㅋㅋㅋ
1780577097656,ㅋㅋㅋㅋㅋㅋㅋㅋㅋㅋㅋㅋㅋㅋㅋㅋㅋㅋㅋㅋㅋ
1780577097726,ㅋㅋㅋㅋㅋㅋㅋㅋㅋㅋㅋㅋㅋㅋㅋㅋ
1780577097745,분노 80찼다
1780577097825,올라온다 ㅋㅋㅋㅋㅋㅋㅋㅋㅋㅋㅋㅋ
1780577097887,올라온다
1780577097922,아니 바드 막고 죽으라고 3번말했는데....
1780577097989,어어
1780577098071,뭔 바드여 ㅋㅋ
1780577098345,게이지 오르는중
1780577098359,방금은 진짜 빠ㅣㄱ인데 ㅋㅋㅋ
1780577098366,뭐가 됨...??
1780577098487,터그 시작
1780577098598,"짜오노플,,,,,,,,,,,"
1780577098891,표정ㅋㄲㄱㄲ
1780577098952,{:d_222:}{:d_126:}{:d_126:}{:d_126:}
1780577099004,그냥 원딜이었다면
1780577099132,아직 좀 아쉬운데~
1780577099188,터그놀이한다
1780577099228,눈 주변이 빨개지기 시작한다
1780577099302,터그놀이 시작
1780577099332,어어
1780577099483,준식이 참았다
1780577099570,터그놀이 ㅠㅠ
1780577099592,오~
1780577099675,터기
1780577099710,참으면서 겜하기
1780577100477,표정이..
1780577100485,짜오 노플.
1780577100523,바드가 궁 잘박고 죽었어야했는데 ㅋㅋㅋㅋㅋㅋㅋㅋㅋㅋ
1780577100554,바드 나르
1780577100718,{:d_126:}{:d_126:}
1780577100914,이걸 참내
1780577100930,{:d_126:}{:d_126:}
1780577101110,검은수염 뱅 ㄷㄷ
1780577101184,바드 판단이 너무느렷어
1780577101194,되긴 뭐가 돼 ㅋㅋㅋㅋㅋ
1780577101357,슬슬
1780577101376,ㅋㅋㅋㅋㅋㅋㅋㅋㅋㅋ
1780577101379,터그놀이
1780577101445,여유로운데~
1780577102000,표정 슬슬 올라오는데
1780577102001,빼빼
1780577102092,ㅋㅋㅋㅋㅋㅋ
1780577102157,뱅마토 ㅋㅋㅋㅋㅋㅋㅋ
1780577102381,ㅋㅋㅋㅋㅋㅋㅋㅋㅋㅋㅋㅋㅋㅋ
1780577102551,{:mlb_87:}{:mlb_87:}{:mlb_87:}{:mlb_87:}{:mlb_87:}{:mlb_87:}{:mlb_87:}{:mlb_87:}{:mlb_87:}
1780577102572,잘 참는데~~~~~
1780577102666,뭐가 된거지...???
1780577102778,방금은 진짜 석나간 표정인데
1780577102831,ㅋㅋㅋㅋㅋㅋㅋㅋㅋㅋㅋㅋㅋ
1780577102980,분노관리중
1780577103273,ㅋㅋㅋㅋㅋㅋㅋㅋㅋㅋㅋㅋㅋ
1780577103319,짜오노플~
1780577103394,ㅋㅋㅋㅋㅋㅋㅋㅋ
1780577103478,터그
1780577103570,많이 참는다 준식이
1780577103787,준식이는 데스윙이 마렵다
1780577103930,나르가 먼저 잘려서
1780577103985,덜빨개짐
1780577104108,짜오노플...
1780577104309,터그놀이 ㅋㅋ
1780577104485,터그놀이 시작
1780577104555,스르스르 ㅋㅋ
1780577104682,준식이 표정봐 ㄷㄷ ㅠㅠ
1780577104685,이걸 안빨개져?
1780577104911,슬슬
1780577104980,준식이 열관리 이제 잘하네..
1780577105164,삭히는중
1780577105570,터그놀이 on
1780577105958,터그놀이 시작 ㅋㅋㅋㅋㅋㅋ
1780577106165,찡긋
1780577106253,ㅋㅋㅋㅋㅋㅋㅋㅋㅋㅋㅋㅋㅋㅋㅋㅋㅋㅋㅋㅋㅋㅋ
1780577106360,이정도론 부족한가?
1780577106510,(히오스 마렵네)
1780577106511,헉
1780577106698,바드 역겹긴 하다 플레이가
1780577106717,??? : (데스윙 마렵다)
1780577106853,아직이다
1780577106944,뱅마토 제어중
1780577107109,뱅마토 올라오는 중
1780577107438,1찡긋
1780577107442,터그놀이 ㅋㅋㅋㅋ
1780577107515,준식이 이제 잘참아
1780577107673,준식이 방송 많이 늘었다
1780577107675,혀낼름거리는중
1780577107779,메가준식 올라온다
1780577107846,분노관리중
1780577108072,이걸 참아?
1780577108242,흔들리는 동공
1780577108571,바드를 왜했을까
1780577109140,쿨러를 새로 달았나
1780577109466,어어 온다
1780577109468,히오스 할 생각으로 꾹참는중
1780577109528,화가~화가 많이나죠~
1780577109702,이걸 나르밥상을 안엎어? 진짜 프로네
1780577109702,어어
1780577110014,도대체 뭐가된건데 ㅋㅋㅋㅋㅋㅋㅋㅋㅋㅋㅋㅋㅋㅋㅋㅋ
1780577110220,ㅋㅋㅋㅋㅋㅋㅋㅋㅋㅋ
1780577110660,ㅋㅋㅋㅋㅋㅋㅋㅋㅋㅋㅋㅋㅋㅋㅋㅋ
1780577110666,배준식의 터그놀이
1780577110725,목각도
1780577110814,(아 데스윙 마렵다)
1780577110817,목각도 비상
1780577111261,준식이 스트리머 다됐네
1780577111272,ㅋㅋㅋㅋㅋㅋㅋㅋㅋㅋㅋㅋ
1780577111588,그 표정 나오려고 하는데?ㅋㅋㅋ
1780577111690,어어 표정
1780577111716,바드에 석 존나 나간거같은데 ㅋㅋㅋㅋㅋㅋㅋㅋㅋㅋ
1780577111834,나르를 시킨걸까 고른걸까
1780577112067,ㅋㅋㅋㅋㅋㅋㅋㅋㅋㅋㅋㅋ
1780577112227,ㅋㅋㅋㅋㅋㅋㅋㅋㅋㅋ
1780577112541,ㅋㅋㅋㅋㅋㅋㅋㅋㅋ
1780577112542,ㅋㅋㅋㅋㅋㅋㅋㅋㅋㅋ
1780577112707,ㅋㅋㅋㅋㅋㅋㅋㅋ
1780577112962,ㅋㅋㅋㅋㅋㅋㅋㅋㅋㅋㅋㅋㅋ
1780577112990,ㅋㅋㅋㅋㅋㅋㅋㅋㅋ
1780577113515,열관리 ㅋㅋ
1780577113541,어어 올라온다
1780577113574,ㅋㅋㅋㅋㅋㅋㅋㅋㅋ
1780577113625,그 표정
1780577113718,오 네클릿~
1780577113820,열관리
1780577113988,바드 던이엿음 지금 이미..
1780577114155,ㅋㅋㅋㅋㅋㅋㅋ
1780577114426,입 삐쭉 ㄷㄷㄷㄷㄷㄷ
1780577114493,화가 많이 나죠~
1780577114702,목각도
1780577114707,열관리 좋냐
1780577114802,토마토관리 ㅋㅋㅋ
1780577114859,ㅋㅋㅋ 표정 개웃기네
1780577115037,열관리는 이거이거
1780577115198,열관리
1780577115287,표정 ㄷㄷㄷㄷㄷㄷㄷㄷㄷㄷ
1780577115364,토마토컨 ㅋㅋ
1780577115403,ㅋㅋㅋㅋㅋㅋㅋㅋㅋㅋㅋㅋㅋㅋㅋㅋ
1780577115541,토마토관리가 뭔뎈ㅋㅋㅋㅋ
1780577115668,목각도 ㅋㅋ
1780577115781,목각도 비상
1780577116007,ㅋㅋㅋㅋㅋㅋㅋㅋㅋㅋㅋㅋ
1780577116375,야뀐준식
1780577116635,눈빛 봐라
1780577116783,지금 그냥 히오스마려움
1780577116931,{:d_126:}
1780577117113,ㅋㅋㅋㅋㅋㅋㅋㅋㅋㅋㅋ
1780577117264,각도
1780577117327,(히오스나 해야겠다)
1780577118022,럼블이냐고
1780577118028,삔또는 살짝나간거같은데~
1780577118799,그 각도 그 표정
1780577118839,ㄹㅇㅋㅋ
1780577119105,화가 많이 나죠~
1780577119116,표정 무서워요 ㅠㅠㅠㅠㅠㅠㅠㅠㅠㅠㅠㅠㅠㅠㅠㅠㅠㅠㅠㅠ
1780577119366,무슨 바드를 하냐 고티어전에서 너가 ㅋㅋㅋㅋㅋㅋㅋㅋㅋㅋㅋㅋㅋ
1780577119413,표정 ㅋㄲㅋㅋㅋㅋ
1780577119466,이미 석은 나갔어
1780577119583,표정이 죽었는데 지금 ㅋㅋㅋ
1780577119986,ㅋㅋㅋㅋㅋㅋㅋㅋㅋ
1780577120277,ㅋㅋㅋㅋㅋㅋㅋㅋㅋㅋㅋ
1780577120284,불 뿜으면 다 죽이는건데
1780577120376,독올랐는데
1780577120479,열관리 ㅋㅋㅋ
1780577120757,{:d_126:}{:d_126:}{:d_126:}{:d_126:}{:d_126:}{:d_126:}{:d_126:}{:d_126:}
1780577120847,표정은 못참음
1780577120877,ㅋㅋㅋㅋㅋㅋㅋㅋㅋㅋㅋ
1780577120889,ㅋㅋㅋㅋㅋㅋㅋㅋㅋㅋ
1780577121035,ㅋㅋ
1780577121083,명상효과가 있나봐
1780577121300,슬슬...
1780577121575,ㅋㅋㅋㅋ
1780577121640,익기 일보 직전인데요
1780577121711,ㅋㅋㅋㅋㅋㅋㅋㅋㅋㅋㅋㅋㅋㅋㅋㅋㅋ
1780577121736,ㄱ-
1780577121789,표정은 아닌데
1780577122055,토마토컨은 ㅋㅋ
1780577122121,ㅋㅋㅋㅋㅋㅋㅋㅋㅋㅋㅋㅋㅋㅋㅋㅋㅋㅋㅋ
1780577122135,ㅋㅋㅋㅋㅋㅋㅋㅋㅋㅋ
1780577122604,열관리 삐죽
1780577122847,삔또
1780577122871,조금 올라오는데요?
1780577123440,혀 자꾸나옴
1780577123449,입봐라 ㅋㅋㅋㅋ
1780577123562,팔자가 ㄷㄷ
1780577123851,목각도 비상
1780577125077,ㅋㅋㅋㅋㅋ
1780577125262,입맛을 다시는 배준식
1780577125678,말 수가 확 줄어듦
1780577126012,히오스 << 그냥 행보갛ㅁ
1780577126293,여자 서폿이라 봐주네
1780577126645,그때 그 명상이
1780577126688,어어 점마 빨개진다
1780577126707,멜이랑 나르랑 동시에 플레이하는 건 개사기아님?
1780577126860,{:d_126:}{:d_126:}{:d_126:}{:d_126:}{:d_126:}
1780577127192,슬슬..{:d_126:}{:d_126:}{:d_126:}{:d_126:}{:d_126:}
1780577127209,와 진짜 개무섭네
1780577127268,바드가 얼마나 어려운데 ㅋㅋㅋㅋ저티어가
1780577127996,쫌 꼬롬하긴한데
1780577128154,표전이..
1780577128230,ㅋㅋㅋㅋㅋㅋㅋ
1780577128286,{:d_126:}{:d_126:}{:d_126:}
1780577128791,ㅋㅋㅋㅋㅋㅋㅋㅋㅋㅋㅋㅋㅋㅋㅋㅋㅋㅋㅋㅋㅋㅋㅋㅋㅋㅋㅋㅋㅋㅋㅋㅋㅋㅋㅋㅋㅋㅋㅋㅋ
1780577129099,서폿차이임
1780577129177,농축토마토 안돼네
1780577129332,입꼬리 비릿 한거봐라
1780577129523,뱅 호 동
1780577130652,섭섭한 준식이
1780577130711,히오스 때문에 참는거임
1780577130769,히오스 << 그냥 행복표정
1780577131178,(ㅅㅂ) 이 표정인데
1780577131725,슬슬....
1780577131851,토마토는 안되네
1780577132139,메가준식 오나
1780577132445,ㅋㅋㅋㅋㅋㅋㅋㅋㅋㅋ
1780577132642,마토는 아녀
1780577133021,{:d_126:}{:d_126:}{:d_126:}
1780577133324,스트리머화됐구나 이제
1780577134507,조명 보정임
1780577136077,김도영 닮앗네
1780577136561,입모양이 조절이 안되는데
1780577136651,ㅋㅋㅋㅋㅋㅋㅋㅋㅋㅋㅋㅋ
1780577136688,아니 피크닉 바드였네
1780577136990,눈이 지금 ㅈㄴ 비릿함
1780577137048,점점 빨개질듯 ㄱㄷ
1780577137276,어어 고개 삐딱해진다
1780577137832,메가 준식
1780577138010,메가준식 분노 게이지 상승중
1780577138172,입꼬리 ㅋㅋ
1780577138780,준식나르
1780577139856,뱅마토는 아니네
1780577139918,배준식 게임 잘못 켰네
1780577140287,ㅋㅋㅋㅋㅋㅋㅋㅋㅋㅋㅋ
1780577141669,성장했구나 준식아
1780577141827,이기던 애라핀 상대 멜 그리고 바론치다 역전 흠.. 왜 어디서 본거 같지
1780577142304,내전이라 참는거임ㅋㅋ
1780577142608,긁적
1780577142616,ㅋㅋㅋㅋㅋㅋㅋㅋㅋㅋㅋ
1780577142975,코쓱
1780577143203,코를 만져요..
1780577143390,ㅋㅋㅋㅋㅋㅋㅋㅋㅋㅋㅋㅋㅋㅋㅋㅋㅋ
1780577143401,코쓱
1780577143467,ㅋㅋㅋㅋㅋㅋㅋ
1780577143468,ㅋㅋㅋㅋㅋㅋㅋㅋㅋㅋㅋㅋㅋㅋ
1780577143616,ㅋㅋㅋㅋㅋㅋㅋㅋㅋㅋㅋㅋ
1780577143704,ㅋㅋㅋ
1780577143755,ㅋㅋㅋㅋㅋㅋㅋㅋㅋㅋㅋㅋㅋㅋ
1780577144003,비 릿 식
1780577144475,메가준식 ㅋㅋㅋㅋ
1780577144723,어어
1780577144764,ㅋㅋㅋㅋㅋㅋㅋㅋㅋㅋㅋㅋ
1780577144939,(하....ㅅㅂ)
1780577145141,ㅋㅋㅋ
1780577145420,눼
1780577145461,코쓱ㅋㅋㅋㅋㅋ
1780577145661,ㅋㅋㅋㅋㅋㅋㅋㅋㅋㅋㅋ
1780577145729,슬슬
1780577145754,메가준식 분노관리중
1780577145892,ㅋㅋㅋㅋㅋㅋㅋㅋㅋㅋ
1780577146039,ㅠㅠㅠㅠㅠㅠㅠㅠ
1780577146167,ㅋㅋㅋ
1780577146423,뜨~~~끈
1780577146448,긁적 4번
1780577146603,어어 눈 깜빡인다
1780577147034,서폿바드는 뭐야 ㅋㅋㅋㅋ
1780577147040,메가준식 80% 게이지
1780577147457,탭을 누른다 = 답답하다
1780577147691,zzzzzzzzzzzzzzz
1780577147828,열관리 ㅋㅋ
1780577147943,코쓱
1780577148174,넴
1780577148500,슬..슬./..
1780577148916,ㅋㅋㅋㅋㅋㅋㅋㅋㅋㅋㅋㅋㅋㅋㅋㅋㅋ
1780577149059,에
1780577149228,{:d_116:}{:d_116:}
1780577149262,ㅋㅋㅋㅋㅋㅋㅋㅋㅋㅋㅋㅋㅋㅋㅋㅋ
1780577149411,ㅋㅋㅋㅋ
1780577149499,눼
1780577150035,진짜 ㅈㄴ참는 중임
1780577150037,꿈뻑꿈뻑
1780577150850,무서워요 ㅠㅠ
1780577151240,ㅋㅋㅋㅋㅋㅋㅋㅋㅋㅋ
1780577151335,배준식이 코를 만지면 ㄷㄷㄷ
1780577152341,슬슬 눈 독해짐
1780577153180,인고의 시간임
1780577154155,화났다
1780577154301,ㄱ-
1780577155074,헉
1780577156188,야야야
1780577156293,ㄱ-
1780577156376,코가 커지네
1780577156905,"준식이는 히오스가 하고싶다,,ㅋ"
1780577157132,뭣
1780577157215,헉
1780577157556,ㄱ-
1780577157750,ㄱ-
1780577157800,{:d_126:}{:d_126:}{:lck_2:}{:lck_3:}
1780577157952,불편한사람 ㅋ
1780577157976,이거 사실상 고문임
1780577158198,헉
1780577158307,저요
1780577158542,한불 ㄷㄷㄷ
1780577158861,말투 나긋나긋해
1780577159194,캬
1780577159226,"저요.,"
1780577159305,크
1780577159406,승부욕은 이거이거
1780577159745,헉
1780577160246,좀 올라왓네 준식이 ㅋㅋ
1780577160826,캬
1780577161228,저요
1780577161270,프로정신
1780577161271,ㄱ-ㄱ-ㄱ-
1780577161689,성장했다
1780577161847,독기 빼줘야 하는데 히오스로
1780577161953,이게 가장이고
1780577162116,{:d_126:}{:d_126:}{:d_126:}{:d_126:}{:d_126:}
1780577162466,야뀐준식
1780577162528,캬
1780577162579,한타가너무어려워보이는데
1780577162589,캬
1780577162650,<<<<
1780577162709,열오르는중
1780577163917,{:d_126:}{:d_126:}
1780577164217,진짜 개고문임
1780577164222,치감 누가감?
1780577164419,성장해따
1780577164695,ㄹㅇ 준식이 많이 놨네
1780577164900,(제가 불편해요)
1780577166751,던이면 못참앗음
1780577167378,야뀐준식
1780577170695,내가 불편해서
1780577173020,어
1780577173065,머쓱
1780577173076,오
1780577173888,좋은데
1780577174279,오 콩ㅋ오
1780577174325,오 잘물었는데
1780577174704,오
1780577175217,오 근르
1780577176123,오
1780577176905,아
1780577177210,오?
1780577177838,아이고
1780577179810,결국 탱커차이 ㄷ
1780577180126,아 망햇죠?
1780577180230,짜오 궁에 풀딜하기
1780577180242,오호
1780577180501,캐리하나
1780577181686,뻘 반사 뭐지요
1780577181737,결국!!!
1780577182180,강쏘?
1780577182343,와 근데 짜오 누가잡냐
1780577182493,조합이 구리다
1780577183070,대 찬 밥
1780577183347,어우 쌀밥씨 빡세네
1780577184257,결국 앞라인 차이!!!
1780577184803,아 원딜이 없어요
1780577185234,포킹조합인데 포킹안하면 지죠?
1780577186390,ㅈㅈ
1780577186874,에라핀 짜오인데 치감 누가감?
1780577186942,줴줴이야
1780577187380,대 찬 밥
1780577187399,게임갓ㄷ다
1780577187548,아 지속딜이
1780577187573,그냥 원딜이었다면..
1780577188103,반사가
1780577188117,ㄹㅇ 간듯
1780577188332,앰비션이 쓰러지지 않아
1780577188455,어어
1780577188670,"겜 끄,ㅌ났다"
1780577189256,죽여줘...
1780577189422,갔다
1780577190387,와
1780577191028,아
1780577191255,줴줴
1780577191362,조합이너무구리다
1780577191633,딜이 모자라요
1780577191903,습박 스킬샷 지리긴하네;
1780577192089,ㅈㅈ
1780577192198,뱅마토
1780577193016,줴줴
1780577193475,줴줴이야
1780577193766,비벼진 이상 이미 조합창기ㅏ
1780577194278,{:d_126:}
1780577194285,빨리 황해 ㄱㄱ
1780577194371,ㅈㅈ
1780577194376,{:d_126:}
1780577194494,아 우리 한판더한다
1780577194496,대 찬 용 ㄷㄷㄷ
1780577194676,엠비션 잘한다잉
1780577194717,ㅋㅋㅋㅋ
1780577194786,아 줴줴이야
1780577194830,ㅈㅈ
1780577194871,체념햇다
1780577195110,비ㅣㅣㅣㅣㅣㅣㅣ상
1780577195148,ㅋㅋㅋㅋㅋㅋㅋㅋㅋㅋㅋㅋ
1780577195297,ㅈㅈ
1780577195311,줴줴이야~
1780577195450,ㅋㅋㅋㅋㅋㅋㅋㅋㅋㅋ
1780577195738,줴줴이야
1780577195878,헉
1780577195919,끝남
1780577195992,메가 준식
1780577196021,{:d_126:}{:d_126:}{:d_126:}
1780577196186,이래서 앰비션 앰비션 하는구나
1780577196254,괜찮았는데 비원딜이라 빨리못밀어내네
1780577196592,줴줴이야
1780577196657,목뺐다 ㄷㄷ
1780577196680,줴줴이야
1780577196747,{:d_106:}
1780577196775,아 줴줴이야
1780577196925,조합이 안된다 이젠
1780577196959,빨개진다
1780577197017,눈 커진다
1780577197059,반사가 이상하게 빠졌다이
1780577197090,주ㅐㅔ제이야
1780577197138,갔다 이건
1780577197171,ㅋㅋㅋㅋㅋㅋㅋㅋㅋ
1780577197173,엄;;
1780577197179,황해나 보러가야겠다
1780577197216,ㄱ-
1780577197393,원딜이 없어
1780577197520,ㅋㅋㅋㅋㅋㅋㅋㅋㅋㅋ
1780577197628,ㅋㅋㅋㅋㅋㅋㅋ
1780577197749,{:d_126:}
1780577197986,온도오른다
1780577198018,헉
1780577198119,빨개지는데
1780577198276,이런 가짜원딜말고 진짜였다면
1780577198294,ㅋㅋㅋㅋ
1780577198315,헉
1780577198420,기가준식 ㄷㄷ
1780577198466,ㅋㅋㅋㅋㅋㅋㅋㅋㅋㅋㅋㅋㅋㅋㅋ
1780577199282,어어어ㅓ
1780577199671,ㄱ-
1780577199749,{:d_270:}{:d_270:}{:d_270:}
1780577199812,{:d_126:}
1780577199943,끓어오른다
1780577199968,꿈뻑꿈뻑
1780577200052,슬픈눈의 준식
1780577200088,엠비션이 태산이네
1780577200354,울겠는데?
1780577200588,{:d_126:}{:d_126:}{:d_126:}{:d_126:}{:d_126:}
1780577200716,붉어진다
1780577200773,ㅈㅈ
1780577201000,ㅋㅋㅋㅋㅋㅋㅋㅋㅋㅋ
1780577201098,{:d_126:}{:d_126:}
1780577201113,뱅마토 켜졌다
1780577201114,무서워요
1780577201311,줴줴이야
1780577201505,ㅋㅋㅋㅋㅋㅋㅋㅋㅋㅋㅋㅋㅋㅋㅋㅋㅋㅋㅋㅋㅋㅋㅋㅋㅋㅋㅋㅋㅋㅋㅋㅋㅋ
1780577201585,줴줴이야...
1780577201881,아 줴줴이야
1780577202159,동공 커짐
1780577202256,이건 근데 나르가 박앗어
1780577202390,줴줴야
1780577202515,어어 눈 크게떴다
1780577202517,무서워요 무서워요 무서워요 무서워요 무서워요 무서워요
1780577202622,ㄱ-
1780577202672,표정 ㅋㅋㅋㅋ
1780577202825,비상
1780577202913,표정 ㅋㅋㅋㅋㅋㅋㅋㅋㅋ
1780577203027,말수가 줄었..
1780577203166,줴줴이야
1780577203255,바드인데 왜이렇게 잘물림?
1780577203260,표정이
1780577203291,근데 조합 너무 오만하다
1780577203376,온다
1780577203541,바드 못막잖아
1780577203852,ㅋㅋㅋㅋㅋㅋㅋㅋㅋ
1780577203951,포기했다
1780577203960,빨개진다
1780577204242,조합이 똥내난다
1780577204369,ㅋㅋㅋㅋㅋㅋㅋㅋㅋㅋㅋㅋㅋㅋㅋ
1780577204393,{:d_112:}{:d_112:}{:d_112:}{:d_112:}{:d_112:}{:d_112:}
1780577204592,ㅋㅋㅋㅋㅋㅋㅋㅋㅋㅋㅋㅋㅋㅋㅋㅋㅋㅋ
1780577204619,(이해가 안된다)
1780577204686,어어 얼굴 티원색된다
1780577204693,ㅋㅋㅋㅋㅋㅋㅋㅋㅋㅋㅋ
1780577204733,치감을 바드가 갔어요
1780577204747,표정 개무섭네
1780577204766,헉
1780577205067,ㅋㅋㅋㅋㅋㅋㅋㅋㅋ
1780577205198,이럼 한판더 하는데
1780577205293,슬픈 눈
1780577205443,ㄷㄷㄷㄷ
1780577205473,헉
1780577205708,분노가
1780577205716,줴줴이야~
1780577205725,ㅋㅋㅋㅋㅋㅋㅋㅋㅋㅋ
1780577205833,{:d_126:}{:d_126:}
1780577206007,비상
1780577206299,ㅋㅋㅋㅋㅋㅋㅋㅋㅋㅋㅋㅋㅋㅋㅋㅋ
1780577206517,어어롤독
1780577206541,바드가 잘하는거 아님
1780577206679,소풍아..
1780577206830,무서워요{:d_126:}{:d_126:}
1780577206890,{:d_116:}{:d_116:}{:d_116:}
1780577207119,어어
1780577207152,뱅 마 토
1780577207282,어어 주먹이
1780577207311,어어
1780577207356,{:d_126:}
1780577207364,손들었다
1780577207370,슬...슬...
1780577207437,짜오를 못잡는다 제제이야
1780577207502,어어 점점 시뿔게진다
1780577207590,{:d_126:}{:d_126:}{:d_126:}
1780577207743,비상 ㅋㅋㅋㅋㅋㅋㅋㅋㅋㅋ
1780577207745,{:d_126:}{:d_126:}{:d_126:}{:d_126:}{:d_126:}
1780577207760,{:d_126:}{:d_126:}{:d_126:}
1780577207768,헉
1780577207858,멋쟁이 뱅마토
1780577207866,붉어진다~
1780577207946,{:d_126:}{:d_126:}{:d_126:}
1780577207989,헉
1780577208025,ㅋㅋㅋㅋㅋㅋㅋㅋ
1780577208207,ㅋㅋㅋㅋㅋㅋㅋㅋㅋㅋㅋ
1780577208338,{:d_126:}{:d_126:}{:d_126:}
1780577208372,어어
1780577208546,독이 차오른다
1780577208627,바드가 하는게 읎다
1780577208693,황해.. 보러가겠다..
1780577208740,월닝 월닝
1780577208755,어어 손푼다
1780577208814,롤독 오른다
1780577208828,ㅋㅋㅋㅋㅋ
1780577208835,적화한다~~~~~~
1780577208851,ㅎㄷㄷ
1780577208858,공허해진 눈빛
1780577209090,어어
1780577209117,히오스 내전으로 부를까?
1780577209156,참아
1780577209184,주먹을
1780577209215,주먹 쥐었다
1780577209318,무서워요
1780577209331,줴줴이야
1780577209879,살짝 올라왔네..
1780577210003,ㄱ-
1780577210025,똥내난다 조합
1780577210127,방금 올라오다가 먹었다
1780577210249,뱅 호 동 ㄷㄷㄷㄷㄷㄷㄷ
1780577210250,공허
1780577210257,준식이 그냥 포기했네 ㅋㅋㅋㅋㅋㅋㅋㅋㅋㅋㅋㅋㅋㅋㅋㅋ
1780577210566,{:d_126:}
1780577210922,ㅋㅋㅋㅋㅋㅋㅋㅋㅋㅋㅋㅋㅋㅋ
1780577210955,ㅋㅋㅋㅋㅋ
1780577210977,어어 롤독
1780577211001,헉
1780577211209,굴단이었으면 다 죽였다 ㄹㅇ
1780577211566,조합차이라
1780577211567,무서워요...........
1780577211657,얼굴 티원색된다~~~~
1780577211903,무서워요 무서워요 무서워요 무서워요 무서워요 무서워요 무서워요
1780577211971,ㅋㅋㅋㅋㅋㅋㅋㅋㅋㅋ\
1780577212083,준식아 참아ㅏㅏㅏㅏㅏㅏ
1780577212207,(이해가 안되네...)
1780577212222,{:d_126:} 무섭다
1780577212908,(데스윙 마렵노)
1780577212950,ㄹㅇ
1780577212981,메가준식 분노 99
1780577213218,준식토마토 비상
1780577213286,준식이 올라온다
1780577213424,{:d_130:}{:d_130:}{:d_130:}{:d_130:}{:d_130:}{:d_130:}{:d_130:}
1780577213478,ㄹㅇ
1780577213700,야 배준식 히오스 켜
1780577213969,부릅
1780577214097,멜우너딜자체가 ㅈㄴ불안정해
1780577214161,살짝 올라왔어
1780577214206,ㄹㅇ
1780577214258,조합 똥내나
1780577214320,{:d_126:}{:d_126:}{:d_126:}{:d_126:}{:d_126:}
1780577214699,뭘 멜 바드여
1780577214886,롤독 오른다 ㄷㄷ
1780577214986,행복 히오스 하러가자ㅏㅏ
1780577215223,{:d_116:}{:d_116:}
1780577215266,"무서워요............,,,,,,,,,,"
1780577215446,{:d_126:}{:d_126:}{:d_126:}{:d_126:}
1780577215724,저기 멤버 개빡세네
1780577215818,터그놀이
1780577215947,조ㅓ합이 애초에
1780577216094,상대가 더 쉬워서
1780577216134,딜이 부족해
1780577216240,헉
1780577216321,포킹조합은 애바야
1780577216940,터그놀이 ㄷㄷㄷㄷㄷ
1780577217244,{:d_126:}{:d_126:}{:d_126:}{:d_126:}{:d_126:}
1780577217326,바드를 왜한거지
1780577218078,이 분위기에히오스를 불어볼거야??
1780577218172,터그
1780577218212,멜바드를 어쩌다 한거지
1780577218256,조합이 애초에 이상해
1780577218914,조합이 구리긴하네
1780577219074,조합이 어려워
1780577219210,멜할꺼면 제라스는 좀
1780577219224,ㅇㅇ
1780577219343,크캣 카이팅 봐라
1780577219440,ㄹㅇ 멜 제라스는
1780577219595,조합이 바드가 잘돌아다녀야해
1780577219681,살짝 빨개졋네
1780577219713,ㄹㅇ
1780577220047,바드 나르
1780577220060,케리아면 이김
1780577220103,ㅋㅋㅋㅋㅋㅋㅋㅋㅋㅋㅋ
1780577220135,적화한다ㅋㅋㅋ
1780577220852,빨개진다 준식이
1780577221129,준식아 히오스하자~
1780577221392,앞라인이 없엍
1780577221751,입을 가리는 준식씨....
1780577221801,서폿차이임
1780577221957,히오스나 켜라 준식아
1780577221995,ㄱ-
1780577222193,ㅇㅇ
1780577222360,바드가 너무 어렵긴해
1780577222364,{:d_149:}{:d_149:}{:d_149:}{:d_149:}{:d_149:}{:d_149:}
1780577222801,치감 누가 감?
1780577222896,히오스로 중화시켜
1780577222939,바드 0인궁인데 어캐이기냐고
1780577223009,바드 나르가 잘해야해
1780577223196,우릎 행동 뭐지
1780577224339,바드가 쓸모가..
1780577224461,아오 뭔 멜이여
1780577224670,바드 소풍이 고집 때문에 ㅋㅋ
1780577224905,똥내그이상임
1780577225460,바드가 소풍이
1780577225799,앞라인이 없어 자르반으론 안돼
1780577225860,히...히오수...
1780577225981,ㅋㅋㅋㅋㅋㅋㅋㅋㅋㅋㅋ
1780577226639,못타 ㅋㅋㅋㅋ
1780577226822,바드 픽한거 ㅈㄴ 오만하네
1780577226858,뭔 소풍이 바드여
1780577226898,히오스로 중화시켜야
1780577228076,바드<<<<<
1780577228140,나르가좀잘해야해 제거 ad메인딜이라
1780577228817,피크닉선수한테 바드를 ..
1780577229174,ㅋㅋㅋㅋㅋㅋㅋㅋㅋㅋㅋ
1780577230668,미친 핑퐁
1780577231109,뭔 바드여
1780577231535,케리아 아니잖아 너
1780577232994,바드가 피크닉임..
1780577233041,뭔 바드여~
1780577233478,소풍이가 감히 바드를??
1780577233684,왤케 저티어한테 고난이도 챔프가 갔지
1780577234098,전형적인 강팀조합
1780577234353,걍 투메이지가 불편해
1780577234723,바드가 소풍이야 그냥
1780577234867,ㅋㅋㅋㅋㅋㅋ
1780577235272,히오스 ㄱㄱ
1780577235681,저티어 둘이 바드 나르 ㅋㅋㅋ
1780577235801,T1급 핑퐁 ㄷㄷ
1780577235884,히오스 마떼루용
1780577236221,뭔 바드여
1780577237423,(이걸 지네...)
1780577237958,포킹기다리면서 박아야하는데
1780577238626,미친핑퐁을해야함
1780577238994,뭔 바드여~
1780577238994,바드가 어려운챔이야
1780577239022,말만들어도 개어렵네
1780577239084,케리아 바드 아니잖아 너
1780577239340,보이드도 강제되잖아
1780577239342,나르 바드 어려워어려워
1780577239431,소풍이 바드는 진짜 건방지네
1780577239952,어려운조합특
1780577240444,ㅋㅋㅋㅋㅋ
1780577240695,길잃은바이킹으로 3라인먹으면서 하하호호하던 착한 준식이 어디갔냐 ㅜ
1780577241463,우물킬까지 ㄷㄷ
1780577241948,조합에서 졌다
1780577242503,바드는 진짜 하는거 아님 ㅋㅋㅋㅋㅋㅋㅋㅋㅋㅋ
1780577242590,이럼 한판더한다
1780577243507,준식이 속마음 : 아... 히오스나 할까...
1780577244399,밴픽탓하쇼
1780577244676,그냥 구려
1780577245167,조합이구려
1780577245372,(파라파라나 춰야겠다)
1780577245592,안돼~ 황해봐야해
1780577247124,쥐줴이야
1780577247155,뭔 바드여...
1780577247268,바드는 저티어야
1780577248133,애초에 바드는 프로에서도 실수하는데 뭔 바드여
1780577248359,히오스 납치하려고 대기중?
1780577248674,이제 폭풍 피드백 오나요
1780577249307,히오스 할수도 ㅋㅋ
1780577249738,ㅈㅈㅇㅇ
1780577249769,소풍아..
1780577250382,소우릎 4연승 마감...
1780577250838,그 포즈
1780577251310,저티어가 나르 바드는 쉽지않긴해
1780577251435,ㄹㅇㅋㅋㅋㅋㅋㅋ
1780577251674,긁적긁적
1780577251976,{:d_126:}
1780577252189,뱅 로투
1780577252539,오이데~ 배준식 배준식 오이데~ 히오스 마떼루용~
1780577253091,헉
1780577253321,그자세
1780577253371,어어
1780577253380,ㅋㅋㅋㅋㅋㅋㅋㅋㅋㅋㅋㅋㅋㅋㅋㅋㅋㅋ
1780577253397,ㅋㅋㅋㅋㅋㅋㅋㅋㅋㅋㅋㅋㅋ
1780577253444,ㅋㅋㅋㅋㅋㅋㅋㅋㅋㅋㅋㅋ
1780577253472,어어
1780577253512,ㅋㅋㅋㅋㅋㅋㅋㅋㅋㅋㅋㅋㅋㅋ
1780577253671,어어
1780577253933,ㅋㅋㅋㅋㅋㅋㅋㅋㅋ
1780577253966,ㅋㅋㅋㅋㅋㅋㅋㅋㅋㅋ
1780577254034,ㅋㅋㅋㅋㅋㅋㅋㅋㅋㅋㅋㅋㅋㅋㅋㅋㅋㅋㅋㅋㅋ
1780577254045,ㅋㅋㅋㅋㅋㅋㅋ
1780577254147,ㅋㅋㅋㅋㅋㅋㅋㅋ
1780577254287,ㅋㅋㅋㅋㅋㅋㅋㅋㅋㅋㅋㅋ
1780577254310,ㅋㅋㅋㅋㅋㅋㅋ
1780577254394,헉
1780577254577,ㅋㅋㅋㅋㅋㅋㅋㅋㅋㅋㅋ
1780577254587,ㅋㅋㅋㅋㅋㅋㅋㅋㅋㅋ
1780577254870,ㅋㅋㅋㅋㅋㅋㅋㅋ
1780577254941,ㅋㅋㅋㅋㅋㅋㅋㅋㅋㅋㅋ
1780577254957,뱅모장
1780577255069,ㅎㄱ
1780577255315,데스윙
1780577255385,메모장 ON
1780577255453,파라파라나 춰라~
1780577255614,헉
1780577255668,ㅋㅋㅋㅋㅋㅋㅋㅋㅋㅋㅋㅋㅋㅋㅋㅋㅋㅋㅋㅋㅋㅋㅋ
1780577255794,방금 무슨 ㅋㅋㅋㅋㅋ
1780577255799,뱅모장
1780577255932,어어
1780577255936,제로투 가주시면서
1780577255944,바드가 뭔 ㅋㅋㅋㅋ저티어가
1780577255948,메모장 뺴곡하다
1780577256025,헉 메모장
1780577256041,ㅋㅋㅋㅋㅋㅋㅋㅋㅋㅋㅋ
1780577256053,헉
1780577256060,헉
1780577256313,어어
1780577256344,ㅋㅋㅋㅋㅋㅋ
1780577256516,어어
1780577256522,헉
1780577256541,헉
1780577256660,메모장 헉
1780577256677,헉
1780577256692,ㅋㅋㅋㅋㅋㅋㅋㅋㅋㅋㅋㅋㅋㅋㅋㅋ
1780577256704,뱅모장
1780577256861,10번방 가고싶네 ㅋㅋ
1780577256885,뱅모장 ㅋㅋ
1780577256888,ㅋㅋㅋㅋㅋㅋㅋㅋㅋㅋㅋㅋㅋ
1780577256965,밸이 이게 많나?
1780577257045,뱅모장 on
1780577257165,속마음 메모장
1780577257193,초갈로 힐링 가나요?
1780577257208,ㅋㅋㅋㅋㅋㅋㅋㅋㅋㅋㅋㅋㅋㅋㅋㅋㅋㅋㅋㅋ
1780577257295,ㅋㅋㅋㅋㅋㅋㅋㅋㅋㅋㅋㅋㅋㅋㅋㅋㅋㅋㅋㅋㅋㅋㅋㅋㅋ
1780577257407,9번 ㄱ
1780577257432,ㅋㅋㅋㅋㅋㅋㅋㅋ
1780577257435,ㅋㅋㅋㅋㅋㅋㅋㅋ
1780577257789,헉
1780577257861,#히어게인
1780577257883,헉
1780577257940,뱅모장
1780577257977,ㅋㅋㅋㅋㅋㅋㅋㅋㅋㅋㅋㅋㅋㅋㅋㅋㅋㅋㅋㅋㅋㅋㅋㅋㅋㅋㅋ
1780577257992,ㅋㅋㅋㅋㅋㅋㅋㅋㅋ
1780577258007,ㅋㅋㅋㅋㅋㅋㅋㅋㅋㅋㅋ
1780577258073,헉
1780577258176,ㅋㅋㅋㅋㅋㅋㅋㅋㅋㅋㅋ
1780577258181,헉
1780577258185,디스곡 쓴다
1780577258210,ㅋㅋㅋㅋㅋㅋㅋㅋㅋㅋㅋㅋㅋㅋㅋㅋㅋ
1780577258240,헉..
1780577258278,ㅋㅋㅋㅋㅋㅋㅋㅋㅋㅋㅋㅋㅋㅋ
1780577258342,ㅋㅋㅋㅋㅋㅋㅋㅋㅋㅋㅋ
1780577258358,뱅모장 on
1780577258358,ㅋㅋㅋㅋㅋㅋㅋㅋㅋㅋㅋㅋㅋㅋㅋㅋㅋㅋㅋ
1780577258366,ㅋㅋㅋㅋ
1780577258391,헉
1780577258405,ㅋㅋㅋㅋㅋㅋㅋㅋㅋㅋ
1780577258894,ㅋㅋㅋㅋㅋㅋㅋㅋㅋㅋㅋ
1780577258906,ㅋㅋㅋㅋㅋㅋㅋㅋㅋㅋㅋㅋㅋㅋㅋㅋㅋㅋㅋㅋㅋㅋㅋㅋㅋㅋㅋㅋㅋㅋㅋㅋㅋㅋㅋㅋㅋ
1780577258959,헉 ㅋㅋㅋㅋㅋㅋㅋㅋㅋㅋㅋㅋ
1780577258962,ㅋㅋㅋㅋㅋㅋㅋㅋㅋㅋㅋㅋㅋㅋㅋㅋㅋ
1780577258979,ㅋㅋㅋㅋㅋㅋㅋㅋㅋㅋㅋㅋㅋㅋㅋㅋㅋㅋㅋ
1780577258993,헉
1780577259071,ㅋㅋㅋㅋㅋㅋㅋㅋㅋㅋㅋㅋㅋㅋㅋ
1780577259089,킹모장 ㅋㅋㅋ
1780577259125,ㅋㅋㅋㅋㅋㅋㅋㅋㅋㅋㅋㅋㅋㅋㅋㅋㅋㅋㅋㅋㅋㅋㅋ
1780577259144,뱅모장 ㅋㅋㅋㅋㅋㅋㅋㅋㅋㅋㅋㅋㅋㅋㅋㅋㅋㅋㅋㅋㅋㅋ
1780577259158,ㅌㅌㅋㅋㅋㅋㅋㅋㅋㅋ
1780577259197,ㅋㅋㅋㅋㅋㅋㅋㅋㅋㅋㅋㅋㅋㅋㅋㅋㅋㅋㅋㅋㅋㅋㅋㅋ
1780577259228,ㅋㅋㅋㅋㅋㅋㅋㅋㅋㅋㅋㅋㅋㅋㅋㅋㅋㅋㅋㅋㅋㅋㅋㅋㅋㅋㅋㅋ
1780577259244,ㅋㅋㅋㅋㅋㅋㅋㅋㅋㅋㅋㅋㅋㅋㅋㅋㅋㅋㅋㅋㅋㅋㅋㅋㅋㅋㅋㅋㅋㅋㅋㅋㅋㅋㅋㅋㅋㅋㅋㅋㅋㅋㅋㅋㅋㅋㅋㅋㅋㅋㅋㅋㅋㅋㅋㅋㅋㅋㅋㅋㅋㅋㅋㅋㅋㅋ
1780577259245,ㅋㅋㅋㅋㅋㅋㅋㅋㅋㅋㅋㅋㅋㅋㅋㅋㅋㅋㅋㅋㅋㅋㅋㅋㅋㅋㅋㅋㅋ
1780577259258,ㅋㅋㅋㅋㅋㅋㅋㅋㅋㅋㅋㅋㅋㅋㅋㅋㅋㅋㅋㅋㅋㅋㅋㅋㅋㅋㅋㅋㅋㅋ
1780577259275,헉
1780577259284,ㅋㅋㅋㅋㅋㅋㅋㅋㅋㅋㅋㅋㅋㅋㅋ
1780577259313,뱅모장 ㅋㅋ
1780577259359,ㅋㅋㅋㅋㅋㅋㅋㅋㅋㅋㅋㅋㅋㅋㅋ
1780577259483,ㅋㅋㅋㅋㅋㅋㅋㅋㅋㅋㅋㅋㅋㅋㅋㅋㅋㅋㅋㅋㅋㅋㅋㅋㅋㅋㅋㅋㅋㅋㅋㅋㅋㅋㅋㅋㅋㅋㅋ
1780577259788,ㅋㅋㅋㅋㅋㅋㅋㅋㅋㅋㅋㅋㅋ
1780577259795,ㅋㅋㅋㅋㅋㅋㅋㅋㅋㅋㅋㅋㅋㅋㅋㅋㅋㅋㅋㅋㅋㅋㅋㅋㅋㅋㅋㅋㅋㅋㅋㅋㅋㅋㅋㅋㅋㅋㅋㅋㅋ
1780577259821,헉
1780577259853,헉
1780577259885,ㅋㅋㅋㅋㅋㅋㅋㅋㅋㅋㅋㅋㅋㅋㅋㅋㅋㅋㅋㅋㅋㅋㅋㅋㅋㅋㅋㅋㅋㅋㅋㅋㅋㅋㅋㅋㅋㅋㅋ
1780577259897,헉
1780577259971,ㅋㅋㅋㅋㅋㅋㅋㅋㅋㅋㅋㅋㅋㅋㅋㅋㅋㅋㅋㅋㅋㅋㅋㅋㅋㅋㅋㅋㅋ
1780577260009,ㅋㅋㅋㅋㅋㅋㅋㅋㅋㅋㅋㅋㅋㅋㅋㅋㅋㅋ
1780577260027,ㅋㅋㅋㅋㅋㅋㅋㅋㅋㅋㅋㅋㅋㅋㅋㅋㅋㅋㅋㅋㅋㅋㅋ
1780577260028,ㅋㅋㅋㅋㅋㅋㅋㅋㅋㅋㅋㅋㅋ
1780577260054,ㅋㅋㅋㅋㅋㅋㅋㅋㅋㅋㅋㅋㅋ
1780577260100,헉
1780577260174,뱅모장ㅁ ㅊㅋㅋㅋㅋㅋㅋㅋㅋㅋㅋㅋ
1780577260232,뱅모장
1780577260262,헉
1780577260293,ㅋㅋㅋㅋㅋㅋㅋㅋㅋㅋㅋㅋㅋㅋㅋㅋㅋㅋㅋㅋㅋㅋㅋㅋㅋㅋㅋㅋㅋㅋㅋㅋㅋㅋㅋㅋㅋㅋㅋㅋㅋㅋㅋㅋㅋㅋㅋㅋㅋㅋㅋㅋㅋㅋㅋㅋㅋㅋㅋㅋㅋ
1780577260315,준시가..
1780577260344,ㅋㅋㅋㅋㅋㅋㅋㅋㅋㅋㅋㅋㅋㅋㅋㅋㅋㅋㅋ
1780577260452,ㅋㅋㅋㅋㅋㅋㅋㅋㅋㅋㅋㅋㅋㅋㅋㅋㅋㅋㅋ
1780577260480,ㅋㅋㅋㅋㅋㅋㅋㅋㅋㅋㅋㅋㅋㅋㅋㅋㅋㅋ
1780577260914,뱅모장 ON
1780577260928,ㅋㅋㅋㅋ
1780577260930,무섭다
1780577260948,헉
1780577260983,앗
1780577261040,ㅋㅋㅋㅋㅋㅋㅋ
1780577261050,ㅋㅋㅋㅋㅋㅋㅋㅋㅋㅋㅋㅋㅋㅋㅋ
1780577261052,소풍이 ㅋㅋㅋㅋㅋㅋㅋㅋㅋㅋ
1780577261055,ㅋㅋㅋㅋㅋㅋㅋ
1780577261076,ㅋㅋㅋㅋㅋㅋㅋㅋㅋㅋㅋㅋㅋㅋㅋㅋㅋㅋㅋㅋㅋㅋㅋㅋㅋㅋㅋ
1780577261095,ㅋㅋㅋㅋㅋㅋㅋㅋㅋㅋㅋㅋㅋㅋㅋㅋㅋㅋㅋㅋㅋㅋㅋㅋㅋㅋㅋㅋㅋㅋㅋ
1780577261105,ㅋㅋㅋㅋㅋㅋㅋㅋㅋㅋㅋㅋㅋ
1780577261178,헉.
1780577261251,자아 빼라
1780577261269,헉
1780577261307,{:d_94:}
1780577261336,{:d_126:}{:d_126:}{:d_126:}{:d_126:}
1780577261353,헉
1780577261366,소풍아
1780577261379,ㅋㅋㅋㅋㅋㅋㅋㅋㅋㅋㅋㅋㅋㅋㅋㅋㅋㅋㅋ
1780577261547,ㅈㄴ웃기네
1780577261563,뱅모장
1780577261585,ㅋㅋㅋㅋㅋㅋㅋㅋㅋㅋㅋㅋㅋㅋㅋㅋㅋㅋㅋㅋㅋㅋㅋㅋㅋㅋㅋㅋㅋㅋㅋㅋㅋㅋ
1780577261623,ㅈ댔다 ㅋㅋㅋㅋㅋㅋㅋㅋㅋㅋㅋㅋㅋㅋㅋㅋㅋ
1780577261632,헉
1780577261647,뱅모장
1780577261693,킹모장ㅋㅋㅋㅋㅋㅋㅋㅋㅋㅋ
1780577261721,헉
1780577261729,ㅋㅋㅋㅋㅋㅋㅋㅋㅋㅋㅋㅋㅋㅋㅋㅋㅋ
1780577261818,ㅋㅋㅋㅋㅋㅋㅋ
1780577261821,준식아...
1780577261838,ㅋㅋㅋㅋㅋㅋㅋㅋㅋㅋㅋ
1780577261848,뱅모장
1780577261863,ㅋㅋㅋㅋㅋㅋㅋㅋㅋㅋ ㅋㅋㅋㅋㅋㅋㅋㅋㅋㅋ
1780577261873,ㅋㅋㅋㅋㅋㅋㅋㅋ
1780577261884,{:d_116:}{:d_116:}
1780577261957,ㅋㅋㅋㅋㅋㅋㅋㅋㅋ시작됐다
1780577262071,ㅋㅋㅋㅋㅋㅋㅋㅋㅋㅋㅋㅋㅋㅋㅋㅋㅋ
1780577262273,ㅂㄷㅂㄷ
1780577262307,뱅모장 ㅋㅋㅋㅋㅋㅋㅋㅋㅋㅋㅋㅋㅋㅋㅋㅋㅋㅋㅋㅋㅋㅋㅋㅋㅋㅋ
1780577262405,zzzzzzzzzzzzz
1780577262551,맞말이긴해
1780577262588,ㅋㅋㅋㅋㅋㅋㅋㅋㅋㅋ
1780577262608,ㅋㅋㅋㅋㅋㅋㅋㅋㅋㅋㅋㅋㅋㅋㅋ
1780577262637,ㅋㅋㅋㅋㅋㅋㅋㅋㅋㅋ
1780577262715,ㅋㅋㅋㅋㅋㅋㅋㅋㅋㅋㅋㅋㅋㅋ
1780577262717,헉 무서워요
1780577262719,10번방 가고싶다 ㅋㅋㅋㅋㅋㅋㅋㅋㅋㅋㅋ
1780577262726,뱅모장 ㅁㅊ
1780577262746,{:d_116:}
1780577262760,ㅋㅋㅋㅋㅋㅋㅋㅋㅋㅋㅋㅋㅋㅋㅋㅋㅋㅋㅋㅋㅋㅋ
1780577262842,무서워요 ㅜㅜ
1780577262903,헉
1780577262949,드뎌알았내
1780577263033,ㅋㅋㅋㅋㅋㅋㅋㅋㅋㅋㅋㅋㅋㅋㅋ
1780577263036,헉
1780577263131,저티어 ㅋㅋㅋㅋㅋㅋㅋㅋㅋ
1780577263207,헉
1780577263308,시공납치
1780577263313,ㅋㅋㅋㅋㅋㅋㅋㅋㅋㅋㅋㅋㅋㅋㅋㅋㅋㅋㅋㅋㅋㅋㅋㅋㅋㅋㅋㅋㅋㅋㅋㅋㅋㅋㅋㅋㅋㅋㅋㅋㅋㅋㅋㅋㅋㅋㅋㅋㅋㅋㅋㅋㅋㅋㅋㅋㅋㅋㅋㅋㅋㅋㅋㅋㅋㅋㅋㅋㅋㅋㅋㅋㅋㅋㅋㅋㅋㅋㅋㅋㅋㅋㅋㅋㅋㅋㅋㅋㅋㅋㅋㅋㅋㅋㅋㅋㅋㅋㅋㅋ
1780577263389,헉
1780577263668,뱅모장 on
1780577263721,바로 저격 ㅋㅋ
1780577263740,ㅋㅋㅋㅋㅋㅋㅋㅋㅋㅋㅋㅋㅋㅋㅋㅋㅋ
1780577263780,ㅋㅋㅋㅋㅋㅋㅋㅋㅋㅋㅋㅋ
1780577263783,ㅋㅋㅋㅋㅋㅋㅋㅋㅋㅋㅋㅋㅋㅋㅋㅋㅋㅋㅋㅋㅋㅋㅋㅋㅋㅋㅋㅋㅋㅋㅋㅋㅋ
1780577263878,"""팩트"""
1780577263952,뱅모장
1780577263971,저 자 가 안
1780577264020,ㅋㅋㅋㅋㅋㅋㅋㅋㅋㅋㅋㅋ
1780577264034,ㅋㅋㅋㅋㅋㅋㅋㅋㅋㅋ
1780577264068,ㅋㅋㅋㅋㅋㅋㅋㅋㅋㅋㅋㅋㅋㅋㅋㅋㅋ
1780577264077,뱅모장
1780577264104,ㅋㅋㅋㅋㅋㅋㅋㅋㅋㅋㅋㅋ
1780577264139,헉
1780577264192,(히오스 하러가자 뱅아)
1780577264209,메모장ㅋㅋㅋㅋㅋㅋㅋㅋㅋㅋㅋㅋ
1780577264214,ㅋㅋㅋㅋㅋㅋㅋㅋㅋㅋㅋㅋㅋ
1780577264261,ㅋㅋㅋㅋㅋㅋㅋㅋㅋㅋㅋㅋㅋㅋㅋㅋㅋㅋㅋㅋㅋㅋㅋㅋㅋㅋㅋㅋㅋㅋㅋㅋㅋ
1780577264287,뱅모장 ㅋㅋㅋㅋㅋㅋㅋㅋㅋㅋㅋㅋ
1780577264338,{:d_116:}{:d_116:}{:d_116:}{:d_116:}{:d_116:}{:d_116:}
1780577264502,준식아....그만...
1780577264502,뱅모장 on
1780577264591,너 못참았구나
1780577264600,ㅋㅋㅋㅋㅋㅋㅋㅋㅋ
1780577264606,ㅋㅋㅋㅋㅋㅋㅋㅋㅋㅋㅋㅋㅋㅋㅋㅋㅋㅋㅋㅋㅋㅋㅋㅋㅋㅋㅋㅋ
1780577264640,ㅋㅋㅋㅋㅋㅋㅋㅋㅋㅋㅋㅋ ㅈㄴ웃긴 ㅔ ㅋㅋㅋ
1780577264644,ㅋㅋㅋㅋㅋㅋㅋㅋㅋㅋㅋㅋㅋㅋㅋㅋ
1780577264730,ㅋㅋㅋㅋㅋㅋㅋㅋㅋㅋㅋㅋㅋㅋㅋㅋㅋㅋㅋㅋㅋㅋㅋㅋㅋㅋㅋㅋㅋㅋ
1780577264802,ㅋㅋㅋㅋㅋㅋㅋㅋㅋㅋㅋㅋㅋㅋㅋㅋㅋㅋㅋㅋㅋㅋㅋㅋㅋㅋㅋㅋㅋㅋㅋㅋㅋㅋㅋㅋㅋㅋㅋㅋㅋㅋㅋㅋㅋㅋㅋㅋㅋ
1780577264897,ㅋㅋㅋㅋㅋㅋㅋㅋㅋㅋㅋㅋㅋㅋ
1780577264916,ㅋㅋㅋㅋㅋㅋㅋㅋㅋㅋㅋㅋㅋㅋㅋㅋㅋㅋㅋㅋㅋㅋㅋㅋㅋㅋㅋㅋㅋㅋㅋ
1780577264986,메가준식
1780577265002,소풍아 너야 너
1780577265072,{:d_126:}{:d_126:}{:d_126:}{:d_126:}
1780577265100,ㅋㅋㅋㅋㅋ
1780577265136,소 풍
1780577265359,소풍 저격
1780577265363,ㅋㅋㅋㅋㅋㅋㅋ
1780577265480,ㅋㅋㅋㅋㅋㅋㅋㅋㅋㅋㅋㅋㅋㅋㅋㅋㅋㅋㅋㅋㅋㅋㅋㅋㅋㅋㅋㅋㅋㅋㅋㅋㅋㅋㅋㅋㅋㅋㅋㅋㅋ
1780577265495,헉
1780577265539,ㅋㅋㅋㅋㅋㅋ
1780577265629,뱅모장 on
1780577265658,뱅모장
1780577265831,{:d_44:}{:d_44:}{:d_44:}{:d_44:}{:d_44:}{:d_44:}{:d_44:}{:d_44:}
1780577265945,독기올라온다
1780577265957,{:d_126:}
1780577265972,바드 저격인거죠?
1780577266092,킹 모 장
1780577266092,소우릎 내전에서는 잘해
1780577266140,ㅋㅋㅋㅋㅋㅋㅋㅋㅋㅋㅋ
1780577266181,뱅모장 속마음 훔쳐보기 ㄷㄷ
1780577266340,뱅모장 ㅋㅋ
1780577266400,메가준식
1780577266515,뭔 바드 나르여~
1780577266545,ㅋㅋㅋㅋㅋㅋㅋㅋㅋㅋㅋㅋㅋㅋㅋㅋㅋ
1780577266599,ㅋㅋㅋㅋㅋㅋㅋㅋㅋㅋㅋㅋㅋㅋㅋㅋㅋㅋㅋㅋㅋㅋㅋㅋㅋㅋ
1780577266637,소X
1780577266790,헉
1780577266800,표정이
1780577267199,ㅋㅋㅋㅋㅋㅋㅋㅋㅋ
1780577267278,화가많이나죠
1780577267397,ㅋㅋㅋㅋㅋㅋㅋㅋㅋㅋㅋㅋㅋㅋㅋㅋㅋㅋㅋㅋㅋㅋㅋㅋㅋㅋㅋㅋㅋㅋㅋㅋㅋ
1780577267441,맞긴해
1780577267480,ㅋㅋㅋㅋㅋㅋㅋㅋ
1780577267570,일기장 on
1780577267642,호종화가 많이 진행됬네요
1780577267645,뱅모장
1780577267828,타닥타닥
1780577267920,준식아 그만!!!!!
1780577267964,참지못한 준식씨
1780577268028,ㅋㅋㅋㅋㅋㅋㅋㅋㅋㅋㅋㅋㅋㅋㅋㅋㅋㅋ
1780577268251,못참았구나
1780577268293,바드임
1780577268304,석나감
1780577268311,ㅋㅋㅋㅋㅋㅋㅋㅋㅋㅋㅋㅋㅋㅋ
1780577268343,레전드 ㅋㅋㅋㅋ
1780577268408,준식아??????
1780577268622,준식이 성장했구나 그래도
1780577268668,ㅋㅋㅋㅋㅋㅋㅋㅋㅋㅋㅋㅋㅋㅋㅋ
1780577268993,표정이 무섭다
1780577269016,ㅋㅋㅋㅋㅋㅋㅋㅋㅋㅋㅋㅋㅋㅋㅋㅋㅋㅋㅋㅋㅋㅋㅋㅋㅋㅋㅋㅋㅋㅋㅋ
1780577269070,헉
1780577269071,안빼서
1780577269179,이기려면
1780577269351,독기 그득찼다
1780577269523,저격ON
1780577269560,ㅋㅋㅋㅋㅋㅋㅋㅋㅋㅋㅋㅋ
1780577269784,ㅋㅋㅋㅋㅋㅋㅋㅋㅋㅋㅋㅋㅋㅋㅋㅋㅋㅋㅋ
1780577269791,헉
1780577269959,ㅋㅋㅋㅋㅋㅋㅋㅋㅋㅋㅋㅋㅋㅋㅋㅋ
1780577269960,ㅋㅋㅋㅋㅋㅋ못참아
1780577269988,ㅋㅋㅋㅋㅋㅋㅋㅋㅋㅋ
1780577270093,개웃기네 ㅋㅋㅋㅋㅋ
1780577270154,이기려면 <<<<
1780577270308,배설 on
1780577270388,ㅋㅋㅋㅋㅋㅋㅋㅋㅋㅋㅋㅋㅋㅋㅋ
1780577270408,박앗어
1780577270540,뱅모장
1780577270744,소X
1780577270879,준식아 저격하지마!!!
1780577270889,{:lck_28:}{:lck_28:}{:lck_28:}{:lck_28:}
1780577270895,준시가....
1780577271047,뱅모장
1780577271309,뱅모장 ㅋㅋㅋ
1780577271563,ㅋㅋㅋㅋㅋㅋㅋㅋㅋㅋㅋㅋ
1780577271571,이기려면<<
1780577271803,내전이자나..
1780577272180,존나웃기네 ㅋㅋㅋㅋ
1780577272322,못 참았네 ㅋㅋㅋㅋㅋㅋㅋㅋㅋㅋㅋㅋㅋㅋㅋㅋㅋㅋ
1780577272387,ㅋㅋㅋㅋㅋㅋㅋㅋㅋㅋㅋㅋㅋㅋㅋㅋ
1780577272608,비ㅣㅣㅣㅣㅣㅣㅣㅣㅣ상
1780577272679,뱅모장 ON
1780577272983,화가 많이 나죠
1780577273423,"""이기려면"""
1780577273673,헉
1780577273903,ㅋㅋㅋㅋㅋㅋㅋㅋㅋㅋㅋㅋㅋㅋㅋ
1780577273910,그래도 메모장을 키는구나
1780577274154,아 나르야?ㅋㅋㅋ
1780577274770,나르한테 석 제대로 나갔다
1780577274919,{:d_126:}
1780577275144,히오스 오이데ㅔ
1780577275912,소 붕 저 격
1780577275943,<<<<<
1780577276149,나르 누구냐
1780577276249,이거 대회 준비임??
1780577276686,ㅋㅋㅋㅋㅋㅋㅋ
1780577276861,소?x
1780577276942,ㅋㅋㅋㅋㅋㅋㅋㅋㅋ
1780577277033,헉
1780577277271,ㄹㅇ
1780577277519,지터어의 바드 ㅋㅋㅋ
1780577277542,헉
1780577277548,헉
1780577277796,헉
1780577277856,토마토 빨게진다
1780577278064,원XX
1780577278102,ㅋㅋㅋㅋㅋㅋㅋㅋㅋㅋㅋㅋㅋㅋㅋㅋㅋㅋㅋㅋㅋㅋㅋㅋㅋㅋㅋㅋㅋㅋㅋㅋㅋㅋㅋㅋㅋㅋㅋㅋㅋㅋㅋㅋㅋㅋㅋㅋㅋㅋㅋㅋ
1780577278346,ㄹㅇㅋㅋ
1780577278423,ㅋㅋㅋㅋㅋㅋㅋㅋㅋㅋㅋㅋㅋㅋㅋㅋㅋㅋㅋㅋㅋㅋㅋㅋㅋㅋㅋㅋㅋ
1780577278454,ㅋㅋㅋㅋㅋㅋㅋㅋㅋㅋㅋㅋㅋㅋ
1780577278461,ㅋㅋㅋㅋㅋㅋㅋㅋㅋㅋㅋㅋㅋㅋㅋ
1780577278935,ㅋㅋㅋㅋ
1780577278972,소 붕 저 격 ㄷㄷㄷㄷㄷㄷㄷㄷ
1780577279025,헉
1780577279414,ㅋㅋㅋㅋㅋㅋㅋㅋㅋㅋㅋㅋㅋㅋㅋㅋㅋㅋ
1780577279528,헉
1780577279746,ㅋㅋㅋㅋㅋㅋㅋㅋㅋㅋㅋㅋㅋㅋㅋ
1780577280109,ㅋㅋㅋㅋㅋㅋㅋㅋㅋㅋㅋ
1780577280180,뱅모장 ㅋㅋㅋㅋㅋㅋㅋㅋ
1780577280194,{:d_126:}{:d_126:}{:d_126:}{:d_126:}{:d_126:}
1780577280264,헉
1780577280437,뭔 씹드 좆드 좆르
1780577280468,{:d_116:}{:d_116:}{:d_116:}{:d_116:}
1780577280902,ㅋㅋㅋㅋㅋㅋㅋㅋㅋㅋㅋㅋㅋㅋ
1780577280909,ㅋㅋㅋㅋㅋㅋㅋㅋㅋㅋㅋㅋㅋ
1780577280998,ㄹㅇㅋㅋ
1780577281003,헉
1780577281048,헉
1780577281130,ㅋㅋㅋㅋㅋㅋㅋㅋㅋㅋㅋㅋㅋㅋㅋㅋㅋㅋㅋ
1780577281201,무서우어ㅕㅛ
1780577281227,ㅋㅋㅋㅋㅋㅋㅋㅋㅋㅋㅋㅋㅋㅋㅋㅋ
1780577281271,ㅋㅋㅋㅋㅋ
1780577281826,헉
1780577281938,메모장ㅋㅋㅋㅋㅋㅋㅋㅋㅋㅋㅋㅋㅋㅋ
1780577282000,어어
1780577282268,zzzzzzzzzzzz
1780577282483,ㅋㅋㅋㅋㅋㅋㅋㅋㅋㅋㅋㅋㅋㅋㅋ
1780577282546,못 참았네 ㅋㅋㅋㅋㅋㅋㅋㅋㅋㅋㅋㅋㅋㅋㅋㅋㅋㅋㅋㅋㅋㅋㅋㅋㅋㅋㅋㅋㅋㅋㅋ
1780577282949,ㅋㅋㅋㅋㅋㅋ
1780577283016,한번 질수도 있지 모
1780577283127,ㄴㄴ 저거 서폿저격임
1780577283154,타닥타닥
1780577283386,헉헉헉
1780577283499,무서워요
1780577283651,준식아 너가 참아!!!!!!
1780577283726,헉
1780577283847,준식이 배설중
1780577283882,ㅋㅋㅋㅋㅋㅋㅋㅋㅋㅋㅋㅋ
1780577283893,{:lck_28:}
1780577284343,이거 근데 바드한테 석나간거같은데 ㅋㅋㅋㅋㅋㅋ
1780577284371,내 무습다ㄷㄷㄷㄷ
1780577284438,소붕이 ㅋㅋㅋㅋ
1780577284470,폭풍 타이핑
1780577284563,ㅋㅋㅋㅋㅋㅋㅋㅋㅋㅋㅋㅋㅋㅋ
1780577284574,헉
1780577284752,ㅋㅋㅋㅋㅋㅋㅋㅋㅋㅋㅋㅋㅋㅋㅋㅋㅋㅋㅋㅋㅋㅋ
1780577285125,ㄱ-
1780577285352,헉 .......
1780577285441,저거 바드
1780577285448,헉헉
1780577285684,ㅋㅋㅋㄱㅋㅋㅋ
1780577285802,ㅋㅋㅋㅋㅋㅋㅋㅋㅋㅋㅋㅋㅋㅋ
1780577286030,ㅋㅋㅋㅋㅋㅋㅋㅋㅋㅋㅋㅋㅋㅋㅋㅋㅋ
1780577286069,저런
1780577286363,ㅋㅋㅋㅋㅋㅋㅋㅋㅋㅋㅋㅋㅋㅋㅋㅋ
1780577286527,ㅋㅋㅋㅋㅋㅋㅋㅋㅋㅋㅋㅋㅋㅋㅋㅋㅋㅋㅋㅋㅋ
1780577286623,헉
1780577286702,헉
1780577286819,ㅋㅋㅋㅋ
1780577286862,ㅋㅋㅋㅋㅋㅋㅋㅋㅋㅋㅋ
1780577286888,ㅋㅋㅋㅋㅋㅋㅋㅋㅋㅋㅋㅋㅋㅋㅋㅋㅋㅋㅋㅋㅋㅋㅋㅋ
1780577286919,{:d_126:}{:d_126:}{:d_126:}{:d_126:}{:d_126:}
1780577286965,너 봤구나..
1780577287086,ㅋㅋㅋㅋㅋㅋㅋㅋㅋㅋㅋㅋㅋㅋㅋㅋㅋㅋㅋㅋㅋㅋㅋ
1780577287122,0.8ㅋㅋㅋㅋㅋㅋㅋㅋㅋ
1780577287233,화났네 ㅋㅋㅋㅋㅋ
1780577287376,헉
1780577287412,{:d_116:}{:d_116:}
1780577287425,ㅋㅋㅋㅋㅋㅋㅋㅋㅋㅋㅋㅋ
1780577287611,ㅋㅋㅋㅋㅋㅋㅋㅋㅋㅋㅋㅋ
1780577287763,메가준식 ㅋㅋㅋ
1780577287934,바드 때문임 저거
1780577288173,타닥타닥
1780577288264,ㄷㄷㄷㄷ
1780577288931,헉
1780577289042,머뭇하면 안되거든
1780577289509,저건 바드임 ㅋㅋ
1780577289623,해설 맛있다 ㅋㅋㅋㅋㅋㅋㅋ
1780577289646,준식이 화 많이 났는데
1780577289828,ㅋㅋㅋㅋㅋㅋㅋ
1780577289884,아 개웃기네 ㅋㅋㅋㅋ
1780577290137,헉헉헉헉헉
1780577290330,무서운 폭풍 타이핑
1780577290376,ㅋㅋㅋㅋㅋㅋㅋㅋㅋㅋㅋㅋㅋㅋㅋㅋㅋㅋㅋㅋㅋㅋㅋㅋㅋㅋㅋㅋㅋㅋㅋㅋㅋㅋㅋㅋㅋㅋㅋㅋㅋ
1780577290570,이게 5줄 나오네
1780577290709,ㅋㅋㅋㅋㅋㅋ
1780577290786,ㅇㅇㅇ
1780577290883,막판 아닌갑다
1780577290958,ㅋㅋㅋㅋㅋㅋㅋㅋㅋㅋㅋㅋ
1780577291099,소곤
1780577291214,톡식
1780577291385,{:d_106:}{:d_106:}{:d_106:}{:d_106:}{:d_106:}{:d_106:}{:d_106:}{:d_106:}{:d_106:}
1780577291436,헉헉
1780577291437,ㅋㅋㅋㅋㅋㅋㅋㅋㅋㅋㅋㅋㅋㅋㅋㅋㅋ
1780577291579,ㅋㅋㅋㅋㅋㅋㅋㅋㅋㅋㅋㅋㅋㅋㅋㅋㅋㅋㅋㅋㅋㅋㅋㅋㅋㅋㅋㅋㅋㅋㅋ
1780577291595,바드얘기야
1780577291957,ㅋㄲㅋㅋㄱㅋㅋㅋㅋ
1780577292020,헉
1780577292058,그런듯
1780577292068,소풍이 얘기아님? ㅋㅋ
1780577292072,나는 바드 한 표
1780577292153,ㄹㅇㅋㅋ
1780577292158,뱅 모 장
1780577292295,바드 예끼같은데
1780577292389,바드한테 석나간거같은데
1780577292423,분석 감사합니다
1780577292626,바드
1780577292727,{:d_126:}{:d_126:}{:d_126:}{:d_126:}{:d_126:}{:d_126:}
1780577293230,ㅋㅋㅋㅋㅋㅋㅋㅋㅋㅋㅋㅋㅋㅋㅋㅋㅋㅋㅋㅋㅋㅋㅋㅋㅋㅋㅋㅋ
1780577293354,준식아 참아
1780577293478,헉헉
1780577293595,{:d_44:}{:d_44:}{:d_44:}{:d_44:}{:d_44:}{:d_44:}{:d_44:}{:d_44:}{:d_44:}{:d_44:}
1780577294198,해설 굿
1780577294241,바드 말하는거같긴하네
1780577294299,ㅋㅋㅋㅋㅋㅋㅋㅋㅋㅋㅋㅋㅋㅋㅋㅋㅋㅋ
1780577294546,ㅋㅋㅋㅋㅋㅋㅋㅋ
1780577294689,ㅋㅋㅋㅋㅋㅋㅋㅋㅋㅋㅋㅋ;
1780577294874,바드때문임
1780577294877,저 가능해요~
1780577294987,ㅋㅋㅋㅋㅋㅋㅋㅋㅋㅋㅋㅋㅋㅋㅋㅋ
1780577295070,날카롭다
1780577295236,바드 얘기인데? ㅋㅋㅋ
1780577295252,ㅋㅋㅋㅋㅋㅋㅋㅋㅋㅋㅋㅋㅋ
1780577295387,ㅋㅋㅋㅋㅋㅋㅋㅋㅋㅋ
1780577295435,나르를 어필을했어 ? ㅋㅋㅋㅋ
1780577295468,바드아님??
1780577295530,뱅모장 ㅋㅋㅋㅋㅋㅋㅋㅋㅋㅋㅋㅋㅋㅋㅋㅋㅋㅋ
1780577295688,헣허허헣
1780577295856,바드얘기임
1780577296052,이거 바드야
1780577296061,바드때문이야
1780577296208,5줄 써버렷네
1780577296299,{:lck_28:}{:lck_28:}{:lck_28:}{:lck_28:}{:lck_28:}
1780577296324,준식아..
1780577296391,나르 말고 바드 같긴 한데 ㅋㅋ
1780577296482,흨ㅋㅋㅋㅋㅋㅋㅋㅋㅋㅋㅋ
1780577296971,ㅋㅋㅋㅋㅋㅋㅋㅋ
1780577297602,무섭다무서워
1780577297652,준식씨 빨게진다
1780577297845,ㅋㅋㅋㅋㅋㅋㅋㅋㅋㅋㅋㅋㅋ
1780577298018,나르 괜찮게햇음
1780577298228,{:d_126:}{:d_126:}{:d_126:}{:d_126:}
1780577298275,헣헣허헣허
1780577298298,바드 아닌가
1780577298550,ㄲㅂ1
1780577298698,바드 말하는거 아님? ㅋㅋㅋ
1780577298739,날카롭네요
1780577299399,뱅모장 개웃기네 ㅋㅋㅋㅋㅋㅋㅋㅋㅋㅋ
1780577299451,ㅋㅋㅋㅋㅋㅋㅋㅋㅋㅋㅋㅋㅋㅋㅋ
1780577299655,9ㄱ?
1780577299745,ㅋㅋㅋㅋㅋㅋㅋㅋㅋㅋㅋㅋ
1780577299747,석나갔다
1780577299960,오히려좋아 ㅋㅋㅋㅋ
1780577300017,준식아…..
1780577300136,절대 까비 아닙니다
1780577300787,존잼 ㅋㅋㅋㅋ
1780577300914,바드이야기임
1780577301054,진짜 메모장을 켜버리누 ㅋㅋㅋㅋ
1780577301141,ㅋㅋㅋㅋㅋㅋㅋㅋㅋㅋㅋㅋㅋㅋㅋㅋㅋ
1780577301443,와 한줄 더한다고?
1780577301474,ㄲㅂ ~1
1780577301824,메가 준식 ㄷㄷ
1780577301990,ㅋㅋㅋㅋㅋㅋㅋㅋㅋㅋㅋㅋㅋ
1780577302446,바드얘기야 ㅋㅋㅋㅋ
1780577302492,설마 나르 후픽은 아니겠지
1780577302678,뱅모장
1780577302741,바드 이야기 아님?
1780577303945,{:d_126:}
1780577303970,바드떄문임
1780577304667,대회나감?
1780577304679,오히려좋아??
1780577304682,나르 콩콩이 아닌가
1780577305032,뱅마토간다
1780577306048,바드한테 석나간거 같은데
1780577306381,ㅋㅋㅋㅋㅋㅋㅋㅋㅋ
1780577306930,헉
1780577307358,ㅋㅋㅋㅋㅋㅋㅋㅋㅋ
1780577307573,둘 다임
1780577307834,피크니꾸...
1780577307914,바드 이야기임 ㅋㅋ
1780577308045,바드 이야기 ㅋㅋㅋㅋㅋㅋㅋ
1780577308072,쉬었음 챔프
1780577308077,6줄
1780577308213,뱅마토간다 ㅋㅋㅋㅋㅋㅋㅋ
1780577308651,나르 바드 둘다 아님?ㅋㅋㅋ
1780577309238,ㅋㅋㅋㅋㅋㅋㅋㅋㅋㅋ
1780577309486,나르도 포함임
1780577309686,ㅋㅋㅋㅋㅋㅋㅋㅋㅋㅋㅋㅋㅋㅋㅋㅋㅋㅋㅋㅋㅋㅋㅋㅋㅋㅋㅋㅋㅋㅋㅋㅋㅋㅋㅋㅋㅋㅋㅋㅋㅋㅋㅋㅋㅋㅋㅋㅋㅋㅋㅋㅋㅋㅋㅋㅋㅋㅋㅋㅋㅋㅋㅋㅋ
1780577309787,소풍이 바드 못하잖으
1780577310153,나르바드 둘다..
1780577310490,나르도 포함인거같긴함 ㅋㅋㅋ
1780577310603,ㅋㅋㅋㅋㅋㅋㅋㅋㅋ
1780577311156,ㅋㅋㅋㅋㅋㅋㅋㅋㅋㅋㅋㅋㅋ
1780577313491,그러게 ㅋㅋㅋㅋ
1780577313504,야 배준식 히오스 켜라 두번 말 안한다
1780577313531,나르도 똑같이 상통한 말이지
1780577313593,ㅇㅇ
1780577313772,나르도 뒤지게 못하긴했는데
1780577313789,그냥 둘다 포함아님?ㅋㅋ
1780577314661,ㅋㅋㅋㅋㅋㅋㅋ
1780577315463,다 바드이야기같은데
1780577316047,나르말고 cc탱픽이었다면
1780577316095,그럴리가
1780577316095,ㄹㅇㅋㅋ
1780577316148,할줄안다면 바드같긴 해
1780577316255,나르가 더중요해서 제가 ad메인딜을해는조합이라
1780577316280,나르바드
1780577316395,나르도 포함이겠지
1780577316574,할줄안다 해서 했겠지
1780577316852,ㄹㅇ
1780577316901,쩔수임
1780577317057,ㄹㅇ
1780577317080,메모장 와다다다다다
1780577317997,나르는 성태만 하자
1780577318247,말파보고 후픽한건가
1780577318851,또 하나보네
1780577319274,계속하네
1780577319402,헉
1780577319793,ㅇㅇ
1780577320266,나르가 누군데?
1780577320695,나르 누구야
1780577320769,한ㅍ판더한다
1780577320907,ㅋㅋㅋㅋㅋㅋㅋㅋㅋㅋㅋㅋㅋㅋㅋㅋ
1780577321951,ㄱ-
1780577322138,뱅마토 슬슬 올라온다잉
1780577322219,ㅋㅋㅋㅋㅋㅋㅋㅋㅋㅋㅋㅋㅋ
1780577322399,얍르 그립읍니다
1780577322486,한판더한다고?
1780577322837,준식씨 정말 무서운 사람이네~
1780577323307,<< 전문가
1780577324491,강쏘도 말파했는데 ㅋㅋㅋ
1780577324521,좋은 해석이네용
1780577324786,2/3인데 1:1임 지금
1780577325475,힐링 히오스하자
1780577325487,더하네
1780577325979,찐막할듯
1780577326736,콩콩
1780577326949,콩콩이 팀겜을 처음하는거자너
1780577327656,나르 콩콩
1780577328028,나르 콩콩아님?
1780577328266,나르 : 콩콩
1780577328531,나르 콩콩임 저티어
1780577328617,저스트 예짜까~
1780577328697,성태가 그리운밤이네
1780577328746,bo3이야
1780577328961,찐막인가
1780577329055,ㅋㅋㅋㅋㅋㅋㅋ
1780577329164,디톡스 히오스 마렵네..
1780577329625,{:d_15:}{:d_15:}{:d_126:}{:d_15:}{:d_15:}
1780577330432,ㅋㅋㅋㅋ 준식이 ㅋㅋ 시작 전에는 소풍이 용기 엄청 주더니 ㅋㅋ
1780577330906,걍 보고싶은데로 보는중
1780577331616,쿠폰 뺏어야해
1780577331766,1ㄷ1이야
1780577332458,강쏘도 말파하는데
1780577332859,#얍어게인
1780577333004,이거 막판인데 보실?
1780577333005,와 친창보소
1780577334131,한명만 말할거면 바드나 나르라고 했겠지
1780577334141,아 찐막이구나
1780577334246,콩콩
1780577334753,bo3인데 1:1임
1780577335009,콩콩임
1780577335424,이집 해설 잘하네
1780577336586,ㄹㅇ
1780577336662,콩콩
1780577337496,뱅모장하니까 좀풀리나보네
1780577338480,ㅇㅇ
1780577338489,콩콩이임
1780577338535,콩콩임
1780577339319,흠...
1780577340031,ㅇㅇ 콩콩이랑 차이가 좀 남
1780577340798,친구창에 하온부 ㄷㄷ
1780577340809,콩콩
1780577340899,소풍왔니 레나도 있음
1780577341021,검은수염 ㅋㅋ
1780577341072,콩콩
1780577341163,아 콩콩이
1780577341442,아 콩콩님
1780577341528,저티어 나르 바드라
1780577341771,터그놀이 on
1780577342675,무슨 대회하는거임?
1780577343142,이팀 말이 없네
1780577343448,콩콩이가 더 저티어잖아 ㅋㅋ
1780577343655,아 막판이야?
1780577344153,영화나 봐야겠네...
1780577344159,관전 재밌는데
1780577344629,방패용사
1780577345059,이거까지만 ㄱ?
1780577345380,막판
1780577345689,구마유시 ㄷㄷㄷ
1780577345696,아 이제 막판이야?
1780577345702,터그 앙앙
1780577345996,더하네 황해나 보러가자
1780577346230,황해 ㄱㄱ
1780577346480,한판만 더 보자
1780577346507,입가리기 시작 ㅋㅋㅋ
1780577346999,{:d_222:}{:d_126:}{:d_223:}
1780577348435,말없는거봐 ㅋㅋ
1780577348530,서폿이 소풍이랑 레나
1780577348558,터그놀이 on
1780577349279,막판이래
1780577349525,친창 레전드
1780577349754,끝나고 히오스 각이다 쌈아 ㅇㅇ
1780577349945,티셔츠 터그 해주고
1780577350044,막판이거 같은데
1780577350902,ㅋㅋㅋㅋㅋㅋㅋㅋㅋㅋㅋㅋ
1780577350967,귓 해보자
1780577351535,이게 막판?
1780577351587,친창 맛있네 ㄷㄷ
1780577351611,한판만 더 보자
1780577352109,.......
1780577352406,ㅋㅋㅋㅋㅋㅋㅋㅋ빨개진다
1780577352767,황해 ㄱ
1780577354395,더 하나본데
1780577354760,ㄱㅡ
1780577354761,한판기다릴만한데
1780577354808,1판 남은건가
1780577354896,ㅋㅋㅋㅋㅋㅋㅋㅋㅋㅋㅋㅋㅋ
1780577355308,왜케웃지냐 ㅋㅋㅋㅋㅋ
1780577355475,재밌네 이거ㅋㅋ
1780577355519,이거 막판일텐데 이거 봐
1780577355689,막판인거 같은데 이게
1780577355730,앰비션빼고다 인챈트네
1780577356231,......
1780577356329,ㅋㅋㅋㅋ 얼굴 빨개진다 ㅋㅋㅋ
1780577356621,이게 황해인가요
1780577356660,룩해나 ㅇ봐야겟넹..
1780577356804,........
1780577356809,....................
1780577356851,황해 드가자
1780577357073,.....
1780577357781,챔피언 목록 확인..
1780577357857,뱅마토
1780577357963,히오스 하자 하면 무조건 달랴온다 배준식
1780577358084,나르 상대로 말파 ㄹㅇ 맛도린데
1780577358094,막판인가?
1780577358317,친창 ㄷㄷ
1780577358725,더 하나?
1780577358913,막판한데
1780577359122,ㅋㅋㅋㅋㅋㅋ
1780577359260,막판 보자
1780577359276,...
1780577359363,한판 더하고 싶어하는거같은?
1780577359590,황해안보나요?
1780577359849,조용
1780577359976,{:d_126:}
1780577359989,{:d_126:}{:d_126:}{:d_126:}{:d_126:}{:d_126:}
1780577360060,분위기 ㄹㅈㄷㅋㅋ
1780577360202,1판 남음 ㅋㅋㅋㅋ
1780577360478,토마토 익어가요 ㅋㅋㅋ
1780577360502,한판 더 해설?
1780577360622,하온부 케리아 ㄷㄷ
1780577360968,........
1780577361402,럼준식 열 관리하네 ㅋㅋㅋ
1780577361554,황해 ㄱㄱㄱㄱㄱ
1780577362889,감자 미리 삶아야하나
1780577362964,{:d_126:}{:d_126:}{:d_126:}{:d_126:}
1780577363406,황해 드가자ㅏㅏㅏㅏㅏ
1780577363921,구마 겜하는구나
1780577363967,오피셜 중계권 따올까요?
1780577364381,그래도 열관리 괜찮아보이는게 제로투는 안추네 ㅋㅋ
1780577364434,ㅋㅋㅋㅋㅋㅋㅋㅋㅋㅋㅋㅋㅋㅋㅋㅋㅋㅋㅋㅋㅋㅋㅋㅋㅋㅋㅋㅋㅋㅋㅋㅋㅋㅋㅋㅋㅋㅋㅋㅋㅋㅋㅋㅋㅋㅋㅋㅋㅋㅋㅋㅋㅋㅋㅋㅋㅋㅋㅋㅋㅋㅋㅋ
1780577364631,ㅋㅋㅋㅋㅋㅋ
1780577365469,황해 ㄱㄱㄱㄱㄱ
1780577365595,ㅋㅋㅋㅋㅋㅋㅋㅋ
1780577365725,ㅋㅋㅋㅋㅋㅋㅋㅋ
1780577365957,ㅋㅋㅋㅋㅋㅋㅋㅋㅋㅋㅋㅋㅋ
1780577366753,씨익
1780577366851,{:d_126:}{:d_126:}
1780577367348,9ㄱ?
1780577367610,ㅋㅋㅋㅋㅋㅋ
1780577368144,ㅋㅋㅋㅋㅋㅋㅋㅋㅋㅋㅋㅋ
1780577369830,황해가는 봉고차
1780577370152,ㅋㅋㅋㅋㅋㅋㅋㅋㅋㅋㅋㅋ
1780577370381,강쏘 콩콩 / 앰비션 소우릎 / 네클릿 플레임 / 뱅 크캣 / 소풍 레나
1780577371003,히오스 스타렉스
1780577371084,봉고차아저씨
1780577371225,ㅋㅋㅋㅋㅋㅋㅋㅋㅋㅋㅋㅋㅋㅋㅋ
1780577371229,ㅋㅋㅋㅋㅋㅋㅋㅋㅋㅋ
1780577371435,ㅋㅋㅋㅋㅋㅋㅋㅋ
1780577371601,ㅋㅋㅋㅋㅋㅋㅋㅋㅋ
1780577371955,ㅋㅋㅋㅋㅋㅋㅋㅋㅋㅋㅋㅋ
1780577372171,ㅋㅋㅋㅋㅋㅋㅋㅋㅋㅋㅋㅋㅋㅋㅋㅋㅋㅋㅋㅋㅋ
1780577372269,ㅋㅋㅋㅋㅋㅋㅋㅋㅋㅋㅋㅋㅋㅋㅋㅋ
1780577372371,ㅋㅋㅋㅋㅋㅋㅋㅋㅋ
1780577372580,ㅋㅋㅋㅋㅋㅋㅋㅋ
1780577373297,ㅋㅋㅋㅋㅋㅋ표정풀리겠다
1780577373334,바드는 그냥 매번 해서 지는데 왜 하는거여 ㅋㅋ
1780577373564,ㅋㅋㅋㅋㅋㅋㅋㅋㅋㅋㅋ
1780577373590,ㅋㅋㅋㅋㅋㅋㅋㅋㅋㅋㅋ
1780577373729,ㅋㅋㅋㅋㅋㅋ
1780577373803,ㅋㅋㅋㅋㅋㅋ
1780577375007,ㅋㅋㅋㅋㅋㅋㅋㅋㅋㅋㅋㅋㅋ
1780577375355,끝나고 한닥 함
1780577376229,제습 드가자
1780577377826,ㅋㅋㅋㅋㅋㅋㅋㅋㅋㅋㅋㅋㅋㅋㅋㅋ
1780577378078,갑자기 기분 좋아질 준식이는 개추
1780577378773,룩하
1780577379147,ㅋㅋㅋㅋㅋㅋ
1780577379196,히오스 봉고차에 납치하냐고 ㅋㅋ
1780577379366,더 하나봐
1780577379685,ㅋㅋㅋㅋㅋㅋㅋㅋㅋㅋㅋㅋㅋㅋ
1780577380547,ㅋㅋㅋㅋㅋㅋ
1780577380549,ㅋㅋㅋㅋㅋㅋㅋㅋㅋㅋㅋㅋㅋㅋㅋㅋㅋㅋㅋㅋㅋㅋㅋㅋㅋㅋ
1780577380888,제습
1780577380933,ㅋㅋㅋㅋㅋㅋㅋㅋㅋㅋㅋㅋ
1780577381135,빵끗
1780577382890,씨익
1780577383403,시 공 조 아
1780577383756,웃음이 돕니다
1780577383841,{:d_94:}{:d_94:}{:d_94:}{:d_94:}{:d_94:}{:d_94:}{:d_94:}{:d_94:}{:d_94:}{:d_94:}
1780577383994,히오스 봉고차에 납치해야지
1780577384242,봉고차 태움?
1780577384248,히오스 생각에 빵긋
1780577385258,ㅋㅋㅋㅋㅋㅋㅋ
1780577385322,{:dalcomUoaaa:}{:dalcomUoaaa:}{:dalcomUoaaa:}
1780577385335,ㅋㅋㅋㅋㅋㅋㅋㅋ
1780577385470,빵긋
1780577385654,히오스? ㅎㅎ
1780577385740,ㅋㅋㅋㅋㅋㅋㅋㅋ
1780577385791,<<<히오스 빵 끘
1780577385810,빵긋
1780577385906,ㅋㅋㅋㅋㅋㅋㅋㅋㅋㅋㅋㅋㅋㅋㅋㅋㅋㅋㅋㅋㅋㅋㅋㅋㅋㅋㅋㅋㅋㅋㅋㅋㅋㅋㅋㅋㅋㅋㅋㅋㅋㅋㅋㅋㅋㅋㅋㅋㅋㅋㅋㅋㅋㅋㅋㅋㅋㅋㅋㅋㅋ
1780577386248,ㅋㅋㅋㅋㅋㅋㅋㅋ
1780577386573,씨익ㅋㅋ
1780577386742,빵긋
1780577386949,시공 야~호 ㅋㅋㅋ
1780577386962,배시시
1780577386985,ㅋㅋㅋㅋㅋㅋㅋㅋㅋㅋㅋㅋㅋㅋㅋㅋㅋ
1780577387158,형
1780577387213,ㅋㅋㅋㅋㅋㅋㅋㅋㅋㅋㅋㅋㅋㅋㅋㅋㅋㅋㅋㅋㅋ
1780577387490,준식이 활짝 웃는거봐라
1780577387821,방긋
1780577387965,빵끗
1780577388042,ㅆ
1780577388118,빵긋
1780577388182,ㅋㅋㅋㅋㅋㅋㅋㅋㅋㅋㅋㅋㅋㅋㅋㅋㅋㅋ
1780577388238,빵긋 ㅋㅋㅋㅋㅋㅋㅋㅋㅋㅋㅋㅋㅋㅋㅋㅋㅋㅋㅋ
1780577388240,빸ㅋㅋㅋㅋㅋ
1780577388293,ㅋㅋㅋㅋㅋㅋㅋㅋㅋㅋㅋㅋㅋㅋㅋㅋㅋㅋㅋㅋㅋㅋㅋㅋㅋㅋ
1780577388326,인신매매도 아니고 봉고차는 뭐여 ㅋㅋㅋㅋㅋ
1780577388328,메모장 on
1780577388563,ㅆ
1780577388652,ㅋㅋㅋㅋㅋㅋㅋㅋ
1780577388662,ㅋㅋㅋㅋ
1780577388666,바로 빵긋
1780577388819,ㅋㅋㅋㅋㅋㅋㅋㅋㅋㅋㅋㅋㅋㅋㅋㅋㅋㅋㅋㅋㅋㅋ
1780577388852,ㅋㅋㅋ
1780577389012,바로 웃네 ㅋㅋㅋㅋㅋ
1780577389198,ㅆ
1780577389321,빵긋 ㅋㅋ
1780577389550,빵긋
1780577389673,ㅋㅋㅋㅋㅋㅋㅋㅋㅋㅋㅋㅋ
1780577389698,ㅆ
1780577389743,ㅆ ㅋㅋㅋ
1780577390075,ㅆ
1780577390136,ㅆ
1780577390255,히오스라고 ? 빵 끗 ㅋㅋㅋ
1780577390300,헤헿..
1780577390364,ㅛ
1780577390382,형...
1780577390472,빵긋
1780577390598,ㅆ
1780577390829,표정 풀리는거봐 ㅋㅋㅋㅋㅋㅋㅋㅋㅋ
1780577390885,ㅆ
1780577391082,빵긋 ㅋㅋㅋㅋㅋ
1780577391249,ㅛ
1780577391313,ㅋㅋㅋㅋㅋㅋㅋㅋ
1780577391341,ㅆ?
1780577391448,히오스보도방
1780577391641,ㅆ
1780577391937,ㅆ
1780577392114,ㅆ
1780577392229,ㅋㅋㅋㅋㅋㅋㅋㅋㅋㅋㅋㅋㅋㅋㅋㅋㅋㅋㅋㅋㅋㅋㅋㅋㅋㅋㅋㅋ
1780577392267,ㅆ
1780577392275,ㅋㅋㅋㅋㅋㅋㅋㅋㅋㅋㅋㅋㅋㅋㅋ
1780577392459,ㅆ
1780577392541,ㅆ
1780577393148,근판만
1780577393237,ㅋㅋㅋㅋㅋㅋㅋㅋㅋㅋ
1780577393278,ㅋㅋㅋㅋㅋㅋㅋㅋㅋㅋㅋㅋ
1780577393643,ㅋㅋㅋㅋㅋㅋㅋㅋㅋㅋㅋㅋ
1780577393851,앗
1780577394240,씰룩씰룩
1780577394272,ㅋㅋㅋㅋㅋ
1780577394451,ㅋㅋㅋㅋㅋㅋㅋㅋㅋㅋㅋㅋㅋㅋㅋ
1780577394526,캬
1780577394612,영화 한편 ㅋㅋㅋㅋㅋㅋㅋㅋㅋㅋㅋㅋㅋㅋㅋㅋㅋㅋㅋㅋㅋㅋㅋㅋㅋ
1780577394632,ㅋㅋㅋㅋ
1780577394643,토마토 빨게진다~
1780577394796,ㅋㅋㅋㅋㅋㅋㅋㅋㅋㅋㅋㅋㅋㅋㅋㅋㅋㅋㅋㅋㅋㅋㅋㅋㅋㅋㅋㅋㅋㅋㅋㅋㅋㅋㅋㅋㅋㅋㅋㅋㅋㅋㅋㅋㅋㅋㅋㅋㅋㅋㅋㅋ
1780577394814,굿
1780577395394,ㅋㅋㅋㅋㅋㅋㅋㅋㅋㅋㅋㅋㅋㅋ
1780577395441,뱅시시
1780577395536,ㅋㅋㅋㅋㅋㅋㅋㅋ
1780577395540,캬
1780577395985,ㅆ
1780577396112,영화 좀 긴데
1780577396184,ㅆ
1780577396214,ㅆ
1780577396418,ㅋㅋㅋㅋㅋㅋ
1780577396458,ㅆ ㅋㅋㅋ
1780577396666,ㅆ...
1780577396740,이사람 왜 신남?
1780577396763,ㅋㅋㅋㅋㅋ
1780577397110,ㅋㅋㅋㅋㅋㅋㅋㅋㅋ
1780577397202,ㅋㅋㅋㅋㅋㅋㅋㅋㅋㅋㅋㅋㅋㅋㅋㅋ
1780577397257,ㅋㅋㅋㅋㅋㅋㅋㅋㅋㅋㅋㅋㅋ
1780577397270,보고오란다
1780577397531,ㅋㅋㅋㅋㅋㅋㅋㅋㅋㅋㅋㅋㅋㅋㅋㅋㅋㅋㅋㅋ
1780577397660,캬
1780577397799,히오스 이야기하니까 바로 웃네
1780577397869,캬
1780577398031,ㅋㅋㅋㅋㅋㅋㅋㅋㅋㅋㅋㅋ
1780577398048,영화 2시간인데?
1780577398066,굿
1780577398160,ㅆㅂㅋㅋㅋㅋㅋ
1780577398165,ㅋㅋㅋㅋㅋㅋㅋㅋㅋㅋㅋㅋㅋㅋㅋㅋㅋㅋㅋㅋㅋㅋ
1780577398243,ㅋㅋㅋㅋㅋㅋㅋㅋㅋ
1780577398254,ㅋㅋㅋㅋㅋㅋㅋㅋㅋㅋㅋㅋㅋㅋㅋ
1780577398470,씰룩씰룩 ㅋㅋ
1780577398742,바로 방긋
1780577398907,ㅋㅋㅋㅋㅋㅋㅋㅋㅋㅋㅋㅋㅋㅋ
1780577398929,오래하나보네
1780577399002,황해 드가자~~
1780577399030,2시간 30분인데
1780577399097,보고 가자
1780577399174,ㅆ
1780577399256,ㅋㅋㅋㅋㅋㅋㅋㅋㅋㅋㅋㅋㅋㅋㅋㅋ
1780577399299,ㅇㅋ
1780577399322,ㅇㅋ
1780577399385,ㅆ
1780577399588,^ㅁ^
1780577399619,ㅇㅋ
1780577399868,영화보고 히오스 ㄷㄷ
1780577399907,이게 영환데
1780577399951,ㅆ
1780577399999,그래 준식아
1780577400159,황해 좀 긴데
1780577400196,ㅆㅆ
1780577400364,ㅋㅋㅋㅋㅋㅋㅋㅋㅋㅋㅋㅋ
1780577400417,"ㅆ,,,"
1780577400564,새끼 이제야 웃네
1780577400647,ㅋㅋㅋㅋㅋㅋㅋㅋㅋㅋㅋ
1780577400924,ㅋㅋㅋㅋㅋㅋㅋㅋㅋㅋㅋ
1780577401039,ㅋㅋㅋㅋㅋㅋㅋㅋㅋㅋㅋㅋ
1780577401073,빠르게 보고 올까요?
1780577401258,입꼬리 봐라
1780577401308,ㅆ....
1780577401308,ㅋㅋㅋㅋㅋㅋㅋㅋㅋㅋㅋㅋㅋㅋㅋㅋㅋㅋㅋㅋㅋㅋ\
1780577401346,넵
1780577401455,ㅋㅋㅋㅋㅋㅋㅋㅋㅋㅋㅋㅋ
1780577401468,ㅋㅋㅋㅋㅋㅋㅋㅋ
1780577401557,ㅋㅋㅋㅋㅋㅋㅋㅋㅋㅋㅋㅋ
1780577401706,ㅋㅋㅋㅋㅋㅋㅋㅋㅋㅋㅋㅋㅋㅋㅋㅋㅋㅋㅋㅋㅋㅋㅋㅋㅋㅋㅋㅋㅋㅋㅋㅋㅋㅋㅋㅋ
1780577401869,ㅇㅋ
1780577401997,보고 와라
1780577402174,이럼 오늘 보자
1780577402205,아 하기싫다
1780577402236,개웃기네ㅋㅋㅋㅋ
1780577402269,영화 지금 보고있는데
1780577402456,ㅇㅋ
1780577402559,콜
1780577402569,이제야 웃네
1780577402661,ㅋㅋㅋㅋㅋㅋㅋ
1780577402674,ㅆ ㅋㅋㅋㅋㅋㅋㅋ
1780577402955,얼마나 하고싶은지
1780577402962,오더 받았따
1780577403100,지금 살짝 기대한다 ㅋㅋㅋ
1780577403568,열올랐네 ㅋㅋㅋㅋ
1780577403581,싱글벙글
1780577404036,ㅋㅋㅋㅋㅋㅋㅋ
1780577404083,오래하나보네 ㅇㅇ
1780577404145,ㅋㅋㅋㅋㅋㅋㅋㅋㅋㅋㅋㅋㅋㅋㅋㅋㅋㅋㅋㅋ
1780577404328,2시간반짜리인데
1780577404490,ㅋㅋㅋㅋㅋㅋㅋㅋㅋㅋㅋㅋㅋㅋㅋㅋㅋㅋㅋㅋㅋㅋㅋㅋㅋㅋㅋㅋㅋㅋㅋㅋㅋㅋㅋㅋㅋㅋㅋㅋㅋㅋㅋㅋㅋㅋㅋㅋㅋㅋㅋㅋㅋㅋ
1780577404498,ㅆ 가 진짜 개웃기네 ㅋㅋㅋㅋㅋㅋㅋㅋㅋㅋ
1780577404654,ㅋㅋㅋㅋㅋㅋㅋㅋㅋㅋㅋㅋㅋㅋㅋㅋㅋㅋㅋㅋㅋㅋㅋㅋㅋㅋㅋㅋㅋ
1780577404856,오더 받고옴 ㅋㅋ
1780577405168,너 견딜수있어?
1780577405187,빨리보죠 그럼
1780577405188,준식이가 여유가 없네..
1780577405287,응 구경할거야
1780577405423,보고 히오스드가자
1780577405594,빨리 감자 삶아야겠다
1780577405870,준식아 고생이 많아
1780577406067,이제야 웃는구나
1780577406311,새끼 이제야 웃네 ㅋㅋㅋㅋ
1780577406398,ㅋㅋㅋㅋㅋㅋㅋㅋㅋㅋㅋㅋ
1780577406684,ㅅㅁㅅ
1780577406714,좋아한다 준식이 ㅋㅋㅋㅋㅋㅋㅋㅋㅋ
1780577406740,씰룩씰룩
1780577406979,이제야 웃네 ㅋㅋㅋㅋㅋㅋㅋㅋ
1780577407139,준식이 이제야 웃네
1780577407245,이제야 웃네
1780577407309,무섭다
1780577407408,영화 2시간반인데 ㄱㅊ?
1780577407577,준식이 히오스 소리듣고 이제야 웃네 ㅠㅠ
1780577407735,2시간 반인데?
1780577408423,황해 길지 않나?
1780577408450,ㅆ가 개웃기네 ㄲㅋㅋ
1780577409087,뱅마토 온
1780577409090,무섭다 무서워
1780577409220,리방?
1780577409712,준식이 열 올랐구나 ㅋㅋㅋㅋ
1780577409969,이제야 웃네 짜식
1780577410129,리방 ㄱㄱ
1780577410303,2시간반 너무긴데
1780577410310,ㅈㄴ웃기네 ㅋㅋㅋㅋㅋㅋㅋㅋㅋㅋㅋㅋㅋㅋㅋㅋㅋㅋㅋㅋㅋㅋㅋ
1780577410332,리방해줘잉ㅁ
1780577410556,준식아 고생이많다
1780577411052,짜식 이제야 웃네 ㅋㅋ
1780577411164,드가쟈
1780577411235,준식이 이제야 웃네 ㅋㅋ
1780577411505,12시면 시간대 좋긴해
1780577411605,황해 ㄱ
1780577412058,뤼뱅
1780577412126,영화 개긴데
1780577412915,ㅋㅋㅋㅋㅋㅋㅋㅋㅋㅋㅋㅋ
1780577413180,웃는준식이
1780577413181,좀 긴데
1780577413320,준식이 이제 웃네
1780577413478,이게 영화지
1780577414207,ㅇㄱㅇ 리방
1780577414276,하스스톤하자
1780577414329,관전근데 재밌긴하네 ㅋㅋ
1780577414568,리방 ㄱㄱㄱㄱ
1780577414845,황해 길어
1780577414941,히오스ㅡㅡㅡㅡㅡ
1780577415133,열 많이 오르나봐 ㅋㅋㅋ
1780577415314,그냥 준식이보자~
1780577415574,새끼 이제야 웃네 ㅋㅋ
1780577415653,ㅋㅋㅋㅋㅋㅋ
1780577416240,히오스예기하니까 웃네
1780577416711,시공얘기바로 웃네 ㅋㅋㅋ
1780577417431,ㅋㅋㅋㅋㅋㅋㅋㅋㅋㅋㅋㅋㅋ
1780577418005,ㅋㅋㅋㅋㅋㅋㅋㅋㅋㅋㅋㅋㅋㅋ
1780577418113,토마토 이제야웃네...
1780577418546,ㅋㅋㅋㅋㅋㅋ
1780577418664,오케이 오다받았다
1780577418842,황해 시간을 봐
1780577418935,ㅋㅋㅋㅋㅋㅋㅋㅋㅋㅋㅋㅋ
1780577418960,ㅋㅋㅋㅋㅋㅋㅋㅋㅋㅋ
1780577419144,빵긋 ㅋㅋ
1780577419566,ㅋㅋㅋ
1780577419598,ㅋㅋㅋㅋㅋㅋㅋㅋㅋㅋㅋㅋㅋㅋㅋ
1780577419937,웃는다 ㅋㅋ
1780577419937,ㅋㅋㅋㅋㅋㅋㅋㅋㅋㅋㅋㅋㅋㅋㅋㅋㅋㅋㅋㅋㅋㅋㅋㅋㅋㅋㅋㅋㅋㅋㅋㅋ
1780577419976,웃는거봐 ㅋㅋㅋㅋㅋㅋ
1780577419979,구경하자
1780577420078,이게 영화지 ㅋㅋㅋㅋㅋㅋㅋㅋㅋㅋㅋㅋㅋ
1780577420240,이게 영화지 ........
1780577420304,ㅋㅋㅋㅋㅋㅋㅋㅋㅋㅋㅋㅋㅋㅋㅋ
1780577420351,ㅋㅋㅋㅋㅋㅋㅋㅋㅋㅋㅋㅋ
1780577420645,이게 영화지
1780577420946,ㅋㅋㅋㅋ
1780577421026,ㅋㅋㅋㅋㅋㅋㅋㅋ
1780577421050,ㅋㅋㅋㅋㅋㅋㅋㅋ
1780577421141,영화 드가자~~~~~~~~
1780577421238,녀석
1780577421249,밝아졌네 ㅋㅋ
1780577421284,씨익
1780577421435,색히 이제야 웃네
1780577421561,표정 다 풀림ㅋㅋㅋㅋㅋㅋㅋㅋ
1780577421650,웃었다
1780577422096,녀석
1780577422118,녀석...
1780577422213,녀석
1780577422556,황해 좀 길지 않나?
1780577422774,"녀석,,,"
1780577422964,빵긋
1780577422974,이제야 웃네 ㅋㅋ
1780577423287,그가 웃었따..
1780577423294,준식이 표정풀림 ㅋㅋㅋ
1780577423375,이제야 웃네 ㅋㅋ
1780577423378,히오스에 방긋
1780577423508,<<<<<<<<<< 히오스 청년
1780577423596,이게 영화지
1780577423600,영화 두시간 반이다
1780577423619,바로 웃는거봐 진짜 ㅋㅋㅋㅋㅋㅋㅋㅋㅋㅋㅋㅋㅋ
1780577423658,ㅋㅋㅋㅋㅋㅋㅋㅋㅋㅋㅋ
1780577423813,ㅋㅋㅋㅋㅋㅋㅋㅋ
1780577423906,구경하자 그냥
1780577423968,{:d_106:}{:d_106:}{:d_106:}{:d_106:}
1780577424069,히오스 생각에 빵긋
1780577424149,히오스 생각에 웃네 ㅋㅋㅋㅋㅋㅋㅋㅋ
1780577424252,나 영화보다 이게 재밌는데 ㅋㅋㅋㅋㅋㅋㅋㅋㅋㅋ
1780577424256,진짜웃네
1780577424275,표정풀린거봐 ㅋㅋㅋ
1780577424295,ㅋㅋㅋㅋㅋㅋㅋㅋㅋㅋㅋㅋㅋ
1780577424390,이제야 웃네 ㅋㅋ
1780577424493,녀석 이제야 웃네
1780577424521,무섭다
1780577424533,ㅋㅋㅋㅋㅋㅋㅋㅋㅋㅋㅋㅋㅋㅋㅋㅋㅋㅋㅋㅋ
1780577424568,녀석
1780577424943,걍 이거보자
1780577425174,ㅋㅋㅋㅋㅋㅋㅋㅋㅋㅋ
1780577425221,^__^
1780577425328,ㅋㅋ
1780577425548,이렇게 잘 웃을수 있는 놈이...
1780577425575,웃음 ㅋㅋㅋㅋㅋㅋㅋ
1780577425766,새끼 ㅋㅋㅋㅋ
1780577425801,새끼 이제 웃네
1780577426257,눈에 독이 빠졌어 ㅋㅋ
1780577426362,이제 이기겠구나
1780577426368,시공 간다니까 바로 혈색 돌아옴
1780577426499,{:d_94:}{:d_94:}{:d_94:}{:d_94:}{:d_94:}
1780577427015,웃는게 ㅋㅋㅋ
1780577427079,이제야 웃네 ㅋㅋ
1780577427232,히오스 소식에 웃고있는 청년
1780577427245,빵긋
1780577427494,ㅋㅋㅋㅋㅋㅋㅋㅋㅋㅋㅋㅋ
1780577427642,이게 디톡스지
1780577427671,녀석…
1780577428059,ㅋㅋㅋㅋ
1780577428091,ㅋㅋㅋㅋㅋㅋㅋㅋㅋㅋㅋㅋㅋ
1780577428100,ㅋㅋㅋㅋㅋㅋㅋㅋㅋㅋㅋㅋㅋ
1780577428279,이제야 웃네 ㅋㅋ
1780577428469,얼굴이 하얘져
1780577429055,이거보자 그냥
1780577429172,이제야 웃네
1780577429601,웃 었 다
1780577429618,이거나 구경하자
1780577429631,히오스생각에
1780577429719,볼거면 리방
1780577429928,히조쿠야
1780577430203,히오스하자잇
1780577430517,황해보다 이거 중계가 더 웃긴데
1780577430675,투명하다 투명해
1780577431017,하얘졌어 ㅋㅋㅋ
1780577431071,(히오스 해야지)
1780577431224,ㅋㅋㅋㅋㅋㅋㅋㅋㅋㅋㅋㅋㅋㅋㅋㅋㅋㅋ
1780577431272,1판더할 원동력
1780577431395,준식이 상영회 하죠 ㅇㅇ
1780577431445,황해빨리보자
1780577431655,나에겐 히오스가 있거덩~
1780577431951,ㅋㅋㅋㅋㅋㅋㅋㅋㅋㅋ
1780577431952,총기 ㅋㅋ
1780577432960,히 어게인
1780577433099,ㅋㅋㅋㅋㅋㅋㅋㅋㅋㅋㅋㅋㅋㅋㅋ
1780577433368,히오스 디톡스 ㅋㅋㅋㅋㅋㅋㅋㅋㅋ
1780577433749,ㅋㅋㅋㅋㅋㅋㅋ
1780577434145,2시간만 참아~
1780577434275,분노관리 잘하네
1780577434802,개웃기넼ㅋㅋㅋㅋㅋㅋㅋㅋㅋㅋㅋㅋㅋㅋㅋㅋㅋㅋㅋㅋㅋㅋㅋㅋㅋㅋ
1780577434904,그가 웃었다
1780577435059,ㅋㅋㅋㅋㅋㅋㅋㅋㅋㅋ
1780577435668,여ㅑㅇ화 보다 이게 더 재밌는데 ㅋㅋ
1780577435979,히히히오스..
1780577436489,이거 영화보고오면 좀 늦을거같기도하고 ㅋㅋ
1780577436843,데스윙이 널 기다려
1780577436878,황해 두가자
1780577437092,ㅇㅇ
1780577437386,리방 ㄱ
1780577437674,리방 ㄱㄱ
1780577437765,ㅇㄱㅇ
1780577438207,네
1780577438377,ㅋㅋㅋㅋ
1780577438598,ㄱㄱ
1780577438684,ㅇㄱㅇ
1780577438856,룩바
1780577439094,저챗살려
1780577439117,굿
1780577439208,ㅇㅇ
1780577439481,늦네.....
1780577439557,어게이 요
1780577439630,하스스톤 해요
1780577439947,황해 야~호
1780577440102,ㅇㄱㅇ
1780577440259,ㅇㅇ
1780577440402,ㅇㄱㅇ
1780577440450,ㄱㄱ
1780577440941,리방 야호~
1780577441256,네가 12시에 히오스를 한다면 난 10시부터 행복할거야
1780577441314,리방 ㄱ
1780577441362,영화 좀 긴데;;
1780577441367,리방 ㄱㄱ
1780577441445,ㅔ
1780577441506,황해 드가자
1780577441549,무조건 ㅇㅇㅇ
1780577442366,냅
1780577442564,늦네에....
1780577442619,굿
1780577442682,30초 세고 키죠
1780577443943,넵
1780577444416,준식 ㄱㄱ
1780577444926,리방해야돼
1780577445979,리센느 살려
1780577446794,어차피 1시간 이후는 리방해야됨
1780577446848,리방 야호
1780577447102,리방 야호~
1780577448078,리방 야호
1780577448731,{:d_109:}
1780577448950,캬
1780577448966,캬
1780577449018,황해 긴데
1780577449334,{:d_3:}
1780577449662,가보자~
1780577450328,캬
1780577451181,갑시다이
1780577451712,ㅇㄱㅇ
1780577451899,하스스톤 하면 안되나요
1780577453154,ㅇㅇ
1780577454555,리방~ 야호
1780577454589,황해봣다하지 않음?
1780577455305,황해 많이 긴데
1780577455977,ㄹㅇ
1780577456999,ㅇㅈㅇㅈ
1780577458501,뭣
1780577458862,리방할때까지 파라파라나 춰야겠다
1780577458952,ㅇㅇ 맞음
1780577459498,어제도 리방했었는데 안됐다니깐
1780577460508,황해 긴데 ㄱㅊ?
1780577460664,ㅇㅋ
1780577460896,굳
1780577461237,리방 야호 {:d_50:}
1780577461635,자꾸 길다하지마라
