time_ms,chat_message
15578,쥐하
16434,G하
24232,생각보다 일찍왔구ㅡ나
26043,ㅎㅇ
29825,뭐야 겁나 일찍왔네
30971,왜캐일찍옴
31651,지옥 야다..
32491,쥐엔장
33731,물쥐야 빨리 유ㅏ라
34334,야다
34822,야호 티모원딜이당{:mlb_76:}{:mlb_76:}
35128,쥐하
37704,GD
37874,왔구나 이놈
38041,안녕하세요 티모원딜님
38914,쥐하
39959,ㅎㅇ
40022,티모원딜 렛츠고
41098,쥐하
41208,가보자
41788,협곡두걔쟤
42229,티모원딜 왜 빠진거임
42405,그래
42741,{:d_43:}{:d_43:}{:d_43:}
44843,쥐하
44949,음 그래그래 바로 봐주마 쥐-하
45219,쥐하
45479,티모원딜 그만해 ㅋㅋ
45915,티모원딜습박 ㅋㅋㅋㅋ
46350,티모원딜 뭐지요....
47986,방제
48290,{:d_131:}
48325,^모^
48432,오긴왔네
49028,bj티모원딜님
49194,{:sd_8:}
50113,{:d_44:}{:d_44:}{:d_44:}
51830,안녕하십니까 오랜만에 찾아왔습니다
51950,ㅋㅋㅋㅋㅋㅋㅋㅋ티모원딜 맛들렸네
52858,쥐하
53718,레쓰게릿~
55740,어제 그리 맛보더니 중독되어버렸구나...
56075,채팅 글씨체 바꼇네
57007,반갑다
57841,^모^
58443,{:d_46:}{:d_46:}{:d_46:}{:d_46:}
58864,쥐하ㅏ
59038,무첫다리 쥐모?
59210,빨리도 오는구나
59213,쥐하{:d_53:}
59831,결국 원챔충 가는구나....
59921,티모원딜만하자
60083,................
60541,ㅇ
61102,섹
61967,채팅 글씨체 우ㅡㅓㄴ래 저럼?
62294,쥐하
62360,티모가 유튭 잘나와 개카님이 그랬듯이 우리도 가자
62366,오늘 티모로 죽어보자 그냥
62881,쥐하
63072,ㅋㅋㅇㅋ
63904,모~ 어게인
64086,쥐하
66403,쥐하
68022,그래 반갑다
68760,그래그래 물쥐야 어서오너라
68859,쥐는 쥐하는게 맞아
69087,스
69923,쥐하
70001,티모 좋아요?
70796,티모원딜은 보는게 재밋긴하더라
72496,채팅창 글씨 뭐임 ?? ㅋㅋㅋㅋ
74196,스
75286,신스킨나왔어 물쥐님
75669,siuuuuu
76429,{:d_99:}{:d_99:}{:d_99:}{:d_99:}{:d_99:}{:d_99:}
77470,주하모
78503,글씨체 왜이럼
79621,즐똥하셨나요 물쥐님
79655,쥐하
80252,큐돌려 물쥐님
80315,스
80712,오늘 똥은 어땠어 물쥐님
82964,{:d_73:}{:d_73:}{:d_73:}{:d_73:}
83599,틀딱 폰트 뭐냐
84215,왜케 빨리 왔어?
85111,드디어 기어나온 괴물쥐!
85599,채팅창 폰트 머삼;
87864,글씨체 틀딱인데
88977,^모^
89039,물쥐님 채팅이 이상해
89788,개빨리오네
90219,쥐하
94749,롤이다 롤 ㅋㅋㅋㅋㅋㅋ
95555,고 ㅣ 티 물 모 쥐
96148,채팅창 뭐여
97205,채팅창 폰트 개 틀딱같은데
97815,게이
99451,채팅창 폰트 ai같네
101557,왤케 늦게 기어들어오ㅓ
101788,틀딱같네 폰트
102761,{:mlb_62:}
105825,저거 뭐임 틀글씨체
106557,굿모닝
106643,괴물쥐 하이라는뜻
106649,{:d_126:}
108215,누가 바꿧어 채팅창 언년이야
108810,틀딱폰트머임?
109934,채팅 롤백해라
110633,나눔고딕같네
111838,와 진짜 개틀딱 같긴하네
112200,여친이 글씨체 바꿔놨네
115953,{:monsMonsKiss:}
115961,물쥐야 하이 밥 먹었냐
116046,hi
119141,채팅 폰트 딱딱하네
121813,쥐하
122007,{:d_187:}
123340,{:d_59:}
124554,물쥐야 결혼 축하한다잉
125229,틀 ㄸ이 클린봇걸리네
125722,채팅창 뭐냐?
127136,껐다 켜보셈
128978,남친이설정해줬네;
129917,빨리 바꾸라고
132996,물쥐야 하이라고
133542,쥐하
134803,야이 방송을 켰는데 왜 카톡 안 하세요
134890,거슬려
136186,{:d_126:}
136766,걍 처 봐
137022,굄우징 {:d_51:}
137404,노란채널일때폰트같애
137512,있는데?
137526,지장있어
137646,폰트 습박 ㅋㅋ
138737,ㅈㄴ불편;;
138773,에바야
138911,티모 원딜 좋음?
139051,ㅋ
139118,ㄱ-
139492,{:d_245:}{:d_245:}{:d_245:}
141780,못갱긴 얼굴이나 띄워라
142221,폰트 왜이래 습빡
143711,게이임?
144287,불편해요
144473,노랑시티로돌아간거같아
147247,쥐환아. 채팅창. 틀딱같다.
147519,틀...
148868,쥐하
149056,할배폰트ㅋㅋ
150685,똥! ㅋㅋ
151355,{:d_57:}
151607,뭐냐 이 ㅈ같은 폰트는
154018,틀같네
154273,지장있어 미친련아
157132,물쥐님 얼굴없으면 지장잇어요
158909,캠이나 켜
161970,근데지금몇시냐 ????
164227,니 방송은 채팅이 절반이라고
164606,20년 전 폰트느낌나노
164837,{:monsLeft:}{:monsCface:}{:monsRight:}
165178,오빠 방송키면 연락해야지
165637,{:d_46:}{:d_46:}
168279,틀딱컨셉으로 가기로함?
170598,가나다라마바사아자차카타파하
171194,채팅폰트 ㅅㅂ ㅋㅋ
175180,지금 왔구나 물쥐야
176904,ㅋㅋ
177111,ㄴㄴ
179273,보이긴 잘 보이네
179465,음?
179706,?
180056,ㄴㄴ
180473,눈아픈디
180690,틀 ㅋㅋ
181938,잘보이면 밴당하기쉬운거ㅏ아님?
182197,?
183291,그래 앞으로 이렇게만 가보자꾸나
184291,고ㅣ물주ㅣ ㅂㅏ보
184669,전께 더 ㄱㅊ지안나
185433,틀이네
185667,더 좋아요
185706,물쥐야 방제 뭐냐 티모로 트롤하기로 한거임?
186138,이상해
186155,{:d_52:}
187335,아폰트 뭐야
187427,할배가 방송하는거같아요
189024,{:mlb_78:}
189241,식당에서 밥 먹는데 바닥에 누가 똥싸서 냄새나는데 그냥 먹으라고하네
189245,벤하려고 그런거구나
189590,글씨체.격식있어보여서.참좋네요
190404,전에꺼가 잘보여
191765,에바야
191783,얘는 호빠선수도 아니고 11시 출근이 말이 됨??
192619,잘보이긴 해용
193008,구려
193285,채팅 폰트 지건마렵네 지환아 요즘 안맞으니까 감 잃었냐
197167,물쥐야 5년째 유튭 구독중이야.. 당신 생방보려고 깔았다..🫶
199329,더 잘보이긴 함
200480,?
201580,버튜버 채팅창같음 진짜로
202113,무르디 반갑다
202820,채팅 글귀는 똥내나야 맛있긴해요
204041,물쥐 나이에 맞게 변화하는건가
204399,ㅋㅋㅋㅋㅋㅋㅋㅋㅋㅋㅋㅋ
205106,💩💩💩💩💩💩💩💩💩💩💩
205444,ㅋㅋㅋㅋㅋㅋㅋㅋㅋ
206037,{:d_126:}
207854,ㅋㅋㅋㅋㅋㅋㅋㅋㅋㅋㅋ
210393,근데 좀 두꺼웠음 좋겠는데 너무 얇아용
211916,귀찮을것도 많노
212529,유툽 구독은 ㅋㅋ
217233,물쥐님이 제일 잘 안보이는걸로 해주세요! 밴못하게요!!
218309,난 아직 유튜브 구독 안했어 돈없어서
222275,반갑다^모^
222471,근데 두거우면 괜찬ㅇ흥 거 같기도
225759,{:monsMonsCheer:}{:monsMonsCheer:}{:monsMonsCheer:}{:monsMonsCheer:}
226564,ㄹㅇ 잘보이긴 하네
227473,니부터 밴이다
227513,{:monsMonsYada:}
228515,ㄹㅇ
229110,다시 롤 점령기가 불어온다...야다
231022,폰트 ㄹㅇ 에바임
232433,ㄹㅇㅋㅋ
232822,{:d_116:}
235268,ㅋㅋㅋㅋㅋㅋㅋㅋㅋㅋㅋ
236335,ㅋㅋㅋㅋㅋㅋ
237848,채팅 주시자는 못피해
238992,ㅋㅋㅋㅋㅋㅋㅋ
239915,{:d_112:}{:d_112:}{:d_112:}{:d_112:}{:d_112:}
240202,ㅋㅋㅋㅋㅋㅋ
240368,굄우지 묵땨J
241450,벤 어게인
242184,ㄹㅇㅋㅋ
243349,헉
245416,ㅋ 공익이 싸봤자 얼마나 맞춘다고
246448,탯카이해
246578,채팅장 주시자
248452,총알드립이노
248904,밴좀 그만해
250428,캠켜줘
250588,siuuuuuuuuuuu
254113,안녕하세여🧐
254513,쥐하
255121,총능아
260979,릴빨리펴
262983,쥐하
263451,ㅅㅅㅅ
265757,크랙
265886,쥐하
267545,밴 적당히 해라 시청자가 만만하냐?
267654,대 물 쥐
268422,콜옵 개지리던데
268435,쥐하~
271048,방제 습박 ㅋㅋ
272201,물쥐야 콜옵 신작 봤냐?
273077,왜너가바꾸고 모른척해
277663,콜옵이미 봤어
282295,근데 밴당할짓을 안하면 됨..
282326,모모모
282471,원래쓰던게 귀여운거같은데
285567,보랏빛 배앰
287395,롤 실력은 몰라도 채팅창  시야는 페이커 저리가라임
287907,ㅋㅋㅋㅋㅋ
288307,ㅋㅋㅋㅋㅋㅋㅋㅋㅋㅋㅋ
289035,ㄹㅇㅋㅋ
291398,ㅋㅋㅋㅋㅋㅋㅋㅋ
292604,티모원딜도 탑이랑 템 똑같이 감?
292783,ㅋㅋㅋㅋㅋㅋㅋㅋㅋㅋㅋ
292946,나갈래?
292965,학
293009,헉\
293047,ㅂㅂ
293077,헉
293163,나갈래?
293317,ㄹㅇ
294154,잘가라
294312,헉
295049,헉
295408,헉
295435,ㄷㄷ
295439,헉
296024,ㄹㅇㅋㅋ
296120,헉
296645,나갈래??
296929,{:d_116:}{:d_116:}{:d_116:}
296986,나가자
297249,헉
297374,서걱
297441,ㅋㅋ정신나갔지
297700,ㅋㅋㅋㅋㅋㅋㅋㅋㅋㅋㅋㅋㅋ
298038,같이 보내자
298296,나갈래??
298488,ㅂㅂ
299381,얘 방 밴당하기 개힘든데 왜 저럼
299795,잘가
301103,허걱
301359,미안합니다
301463,{:d_116:}
301862,잘가라
301904,잘가라
301982,{:d_125:}
304504,ㅋㅋㅋㅋㅋㅋㅋ
306588,근데 물쥐님은 기분파라 선잘타야함
307459,헉
308809,고멘ㅋㅋ
309063,{:d_112:}{:d_112:}{:d_112:}{:d_112:}
309391,지구떠날래?
309696,무서워용 ㅠㅠ
310965,똥 못쌌냐 왜케 예민함
312428,고멘
313390,ㅋㅋㅋㅋㅋㅋㅋㅋㅋㅋㅋ
316186,오셨군요
317191,괴물쥐방은 보스패턴이야 얼굴에 나 화났다 긁지마라 이런거 보이면 그냥 안긁으면됨
317416,ㅋㅋㅋㅋㅋㅋㅋㅋ
320167,아니 뭘했길래 ㅋㅋㅋㅋ 방송 시작 5분만에 ㅋㅋㅋㅋㅋㅋㅋㅋㅋㅋㅋㅋㅋㅋ
322536,물쥐야 오늘 개모 달리는거냐?
323555,지환ㅇ ㅏ오늘도 티모무침이냐
324938,또 누가 잘못했어
325117,여기서 밴 당할애들은 다 이유가 있어서 당하는거임 ㅋㅋㅋ
327213,배경화면 뭐임 근데
329381,물지 전두광행동 하지마
332276,물쥐님 챌린저 무조건 갔으면 좋겠다
335964,벤 당할 것 같은 멘트는 메모장 키고 거기에 써라
336815,배경화면 물쥐집
337696,캬
338481,못생긴 얼굴이나 보여주셈
338498,공공장소에서 예의를 갖춰라
338583,ㅈㄴ 독제자네
339097,ㅅㅅㅅㅅㅅㅅㅅㅅㅅㅅㅅㅅㅅㅅㅅㅅㅅㅅㅅㅅㅅㅅㅅㅅㅅㅅㅅㅅㅅㅅㅅㅅㅅㅅㅅㅅ
339769,런 ㅋㅋㅋ
341530,채팅창 글씨가 바뀐거같지
342039,ㅅㅅㅅㅅㅅㅅㅅㅅ
342541,ㅅㅅㅅㅅㅅ
343341,노래 mz하네
344441,런 ㅋㅋㅋㅋㅋㅋㅋ
344516,잘가라
344800,ㅈ망각 감지하고 바로 튀네 ㅋㅋㅋ
345665,꿀 다빨고 나가네 ㅋㅋㅋ
346135,ㅅㅅㅅㅅㅅㅅㅅㅅㅅㅅㅅㅅㅅㅅㅅㅅ
346649,갈거면 빨리쳐가지 왜끝나고감?
347176,빨리 좀 가지
347228,다 빨아먹고 사임 ㅋㅋ
348937,다음 누군데
349236,{:monsMonsNaga:}{:monsMonsNaga:}{:monsMonsNaga:}{:monsMonsNaga:}{:monsMonsNaga:}{:monsMonsNaga:}{:monsMonsNaga:}
350211,할거다하고 나가는거 아님?
350577,지금가도 되는데
350919,근데 이래도 살아나진않아
352317,어차피 우리흥 이제 끝인데 뭐
353968,갈거면 빨리가지 어째서..
354748,근데 그 밑에 있는 놈들도 노답인데
355388,몽규 말고도 ㅄ들뿐임
356319,님이 하셈
357736,나가도 안바뀜
359676,ㅎㅇ
364878,공익전쟁광
366394,쥐하
368763,?
368997,?
370156,?
370369,ㅋㅋㅋㅋㅋㅋ
370427,ㅋㅋㅋㅋㅋㅋㅋㅋㅋㅋㅋㅋ
370931,ㅋㅋㅋㅋㅋㅋㅋㅋㅋㅋㅋㅋㅋㅋㅋ
371741,zzzzzzzzzzzzzzz
372528,채팅창 글꼴 바꼇네
372822,ㄷㄷㄷㄷ
373466,ㅋㅋㅋㅋㅋㅋ
373493,ㅋㅋㅋㅋㅋㅋㅋㅋ
373515,캬
373730,쥐하
374184,?
374276,닮았네
375460,18
376635,물소 ㄷㄷ;;
377333,으악
377474,머야 채팅창 와이라노
380139,엥
381042,ㅋㅋㅋㅋㅋㅋㅋㅋㅋ
381696,ㅈㄴ ㅄ같네
381855,엥
382170,아 저거
382220,ㅋㅋㅋㅋㅋㅋㅋㅋㅋㅋ
383709,{:d_44:}
383749,예!
384220,ㅈㄴ 웃기노 ㅋㅋㅋㅋㅋㅋ
384728,zzzzzzzzzzz
386298,좀 야한데
386486,개못생겼더라
387621,여러분 저희 축구고트 호날두의 월드컵 우승이 얼마남지않았습니다 응원해주세요 SIUUUUUUUUU
388297,충전하는게
388984,중국도 안배끼고 주가 7프러 떨어뜨리게 한
392466,SIUUUUUUUUUUUU
392695,물쥐가 더 귀여워
396145,논필터?
396579,뭣?
398542,28은ㅋㅋㅋㅋㅋㅋㅋㅋㅋ
400546,{:monsMonsCheer:}
401548,siuuuuuuuu
402330,젖밍아웃 뭐지요
402403,Siuuuuu
407336,호날두가 우승하면 고트 바뀜 ?
409664,이이이이잉 기모링 이이이이이잉 기모링
410632,알아
414954,옵치 그낭 비빔밥임 ㅋㅋ
415139,"""알아"""
418194,ㅈ망겜 특징
419156,요아소비 콜라보하더라
425203,물쥐님 플래닛 언제하나요
426106,알아
426845,쥐하
429133,쥐커드 두두두두두두
429520,그럼 2부로…
432071,아직도 섭종 안 하나
432190,승인좀해줘
434945,?
434984,헉
435337,ㅇ?
435435,?
435714,오우 ㅅㅂ
435787,으아ㅣㄱ
435865,?
435867,어우 씹
436056,?
436240,뭐고
436466,으악
436533,깜짝아
436574,?
436600,??
436623,ㅅㅂ
436679,?
436680,?
436884,오우
436910,?
436941,ㅋㅋㅋㅋㅋㅋㅋㅋㅋㅋㅋㅋㅋ
436988,?
437137,..?
437160,?
437265,깜짝이야
437310,?
437350,ㅋㅋ
437354,씨밸
437361,?
437386,ㅋㅋㅋㅋㅋㅋㅋㅋ
437575,ㅅㅂ
437686,?
437813,으악
437856,?
437875,?
437886,깜짜기야
437914,으악
438099,?
438100,{:d_116:}
438171,아 내눈
438267,으악
438292,아
438326,ㅗㅜㅑ
438337,?
438409,헉
438456,ㅅㅂ
438489,아 선넘네
438695,어우 깜짝이야
438826,캬
438859,와 피부 ㅅㅂ
438967,와 ㅋㅋ
438984,으악
438993,으악
439106,??
439223,뭐지요 ㅅㅂ
439258,? ㅋㅋ
439305,으악
439314,ㅋㅋㅋㅋㅋㅋㅋㅋㅋㅋㅋㅋㅋㅋ
439350,ㅅㅂ
439555,방금 이상한얼굴이
439984,악
440199,ㅋㅋㅋㅋㅋㅋㅋㅋㅋㅋㅋㅋㅋ
440357,존잘 ㄷㄷ
440449,아오 노랠라
440544,시밣
440617,엌
440647,zzzzzzzzzzzzzz
440781,으악
440809,아
440856,어흐
440936,ㅋㅋㅋㅋㅋㅋㅋㅋㅋ
441049,아오
441178,방금 괴물이
441223,으악
441337,갑자기 뭐야
441463,끄악
441490,ㅆㅂ
441497,{:d_98:}
441581,으악
441597,괴물인줄
441687,거대지환
441810,ㅋㅋㅋㅋㅋㅋㅋㅋㅋ
441845,악 내눈!!!!!!!
442225,아나 깜짯놀랫네
442247,?
442573,왜 와꾸 ㅋㅋ
442698,개잘생걌네
442761,얼빡뭐고
442778,아시발
443334,으악
443899,{:d_126:}
444005,방금 면상 뭐임
444269,내눈 습박;
444320,사과하세요
444448,깜짝이야
444561,어흐
444893,내 눈
444990,{:xkwhdStop:}
445227,{:d_126:}{:d_126:}{:d_126:}
445295,ㅋㅋㅋㅋㅋㅋㅋㅋㅋㅋㅋㅋㅋㅋㅋㅋㅋㅋㅋㅋㅋㅋㅋㅋ
445880,물쥐님 방금 괴물이 나왔어
446037,코 ㅈㄴ 크당 ㅋㅋ
446396,??
446432,티모원딜{:d_126:}
446786,혼틈쥐;
447302,으악 괴물이다
447365,{:d_126:}
447384,사과해라
447629,좋은데
447724,화산폭발 일격기뭐임 방금?
448142,왜 면상을
448227,괴물님
448647,잘생겼아요
449000,깜짝이야ㅅㅂ
449513,올라잇 올라잇
449536,와 뭐냐??ㅋㅋㅋㅋ
449994,이런 확대범련
450197,여캠이었으면 ㅈ될뻔 ㅋㅋ
450224,캬~
450521,ㅋㅋㅋㅋㅋㅋㅋㅋㅋㅋㅋㅋㅋㅋ
451257,아 ㅅㅂ 깜빡이좀
452403,와
452596,ㅋㅋㅋㅋㅋㅋ
452732,근데 한번만 더해주면 안됨?
453121,의사좀 불러주세요 ㅠ
453258,점프스케어 경고좀요 ;;
453474,어이가없네 ㅋㅋ
453866,아 내눈
454460,악
455327,ㅋㅋㅋㅋㅋㅋㅋㅋㅋㅋㅋㅋㅋㅋㅋㅋㅋㅋㅋㅋㅋㅋㅋㅋㅋ귀엽네여
455551,{:d_126:}{:d_126:}{:d_126:}
455805,티모
456258,어이 쥐중기
456625,아오 밥 먹는데
456764,와꾸 ㅋㅋ
457617,여드름 개많이 났네 ㅋㅋㅋㅋㅋㅋㅋㅋㅋ
457720,캠킬때 321 카운트하고켜라 깜짝놀란다
458299,극혐이네
458443,사과받고싶습니다
458474,물쥐야 떡인지좀 눌러줘
458658,조온나 웃기네 ㅋㅋㅋㅋㅋㅋㅋㅋㅋㅋㅋㅋㅋㅋㅋㅋㅋㅋㅋ
458868,와 케이팝스타 얼빡샷 같았어요
459532,공포겜ㅅㅂ
460982,{:d_43:}{:d_43:}{:d_43:}{:d_43:}{:d_43:}{:d_43:}{:d_43:}{:d_43:}
461100,방금 티모실명먼데..............ap계수 0.7인데 조심해주렴
462265,?
462666,괴물이다
462834,오
463158,?
463954,피부 창났네 ㅋㅋㅋㅋ
464207,??
464296,?
464357,왕코괴물이당ㅋㅋㅋㅋㅋㅋㅋㅋㅋㅋ
464361,?
464367,?
464972,괴물쥐 ㅈㄴ 민망해하네
465484,?
465489,오..
466267,?
466325,??
466554,오
467069,dh............
467458,ㅓㅜㅑ
468142,자위?
468581,?
469506,미친ㅋㅋ
470100,오
470107,물쥐님 채팅창 글꼴이 왜이러나요
470454,남자임?
470895,캬
470922,캬
471412,ㄴㅇㅅ ㅋㅋㅋㅋㅋㅋㅋㅋㅋㅋㅋㅋㅋㅋㅋㅋㅋㅋㅋㅋ
472129,캬
472207,캬
472238,{:d_126:}
472280,캬
472384,{:d_126:}
472712,드디어
472979,캬
473114,아싸!!!!!!!!!!!!!!!
473166,캬
473667,캬 드디어
473852,zi
473950,캬
474468,{:monsMonsCheer:}
474741,ㅅㅅㅅ
474834,ㅅㅅㅅㅅㅅㅅㅅㅅㅅㅅㅅㅅㅅㅅㅅㅅ
475775,캬
475787,캬
475976,캬
476209,{:d_108:}{:d_108:}{:d_108:}{:d_108:}{:d_108:}{:d_108:}{:d_108:}{:d_108:}{:d_108:}{:d_108:}
476255,ㅅㅅㅅㅅㅅㅅㅅㅅㅅㅅㅅㅅ
476523,드디어
476674,ㅅㅅ
476795,캬
477070,캬
477816,개 ㅈ메이플 다운 ㅋㅋㅋㅋㅋㅋㅋㅋㅋㅋㅋㅋㅋ
477884,야호!
478066,캬
478066,ㅅㅅㅅㅅㅅㅅ
478077,도시테..
478668,-완-
479138,SIUUUUUUUUUUUUUUUUUUU
479155,내일도 하지마
479408,대물쥐 ㅋㅋ
480612,ㅈ롤 드가자
481050,{:monsMonsHeap:}{:monsMonsHeap:}{:monsMonsHeap:}{:monsMonsHeap:}{:monsMonsHeap:}{:monsMonsHeap:}
481255,혼테일 강점기 드디어
481383,텔텔텔텔을 하기로 한거냐
481478,ㅅㅅㅅㅅㅅㅅㅅㅅㅅ
482067,딜내기 하나요
482524,텔텔텔텔
482899,나이스!
484458,가치무침 안해서 다행 ㅋㅋ
486688,아 그럼 또 ㅈ롤이겟네
486827,메이플 따운!!!1
487078,히히
487818,싼식이 무기 못띄우면 2파티 이길수있냐
487918,폰트 왜이래여 근데
488228,역대급 순수노잼 텔 강점기 아웃
489181,최근 잘못잤나 이마에 뭐났네
489530,{:d_60:}{:d_60:}{:d_60:}{:d_60:}
490651,메이플 언제접어요??
491875,노가리 까는게 재밌는데
492080,오늘은 정글로 떠나나요?
492816,ㅋㅋㅋㅋㅋ
493447,가지메이플 그만하는구나
493909,키ᆢ
495267,캬
496762,삼식이는 우쨈>?????????????
496991,넹 알겠습니당
497059,재밌겠네
497953,텔 잡는거 걍 저챗임 ㅋㅋ
498226,굿굿
501047,380000
501503,안뜨는데 어카냐..
502348,{:d_126:}{:d_126:}
503164,캡틴있으면 지는거 아님?
503660,돈더쓰기 싫을듯
503670,ㄹㅇ....
503756,삼식이 몇개를 쓴거야 ㅋㅋㅋㅋㅋㅋㅋㅋ
504236,{:d_126:}
504496,35000개를 썼는데 ㅅㅂ ㅋㅋ
504625,4만개를 썼다 좀 봐줘라
506256,물쥐님 궁금한건 아닌데 저 설녀떡인지좀 들어가주실수 있나요
506455,근
506601,차피 질듯?
507138,강현이처럼 한번 만들어줄까?
507369,콘돔...
508415,38000개 썼는데 안뜸
510217,삼식이 꺾인거아니냐
511808,포기라기엔 몇십시간째 돌리던데 ㅋㅋㅋㅋㅋㅋ
512439,물쥐는 언제야
513947,님은 다 띄우셨나요?
518372,오
518771,?
519149,오옹?
519318,어흐
519437,어흐
520289,근데 절반이
520344,어흐
520404,ㅅㅂ?
521691,?
522117,오...
522275,어흐
522944,이건 명작인데요
523847,근데 혼테일 잡는거 약간 산악회 카멘잡을때마냥 만담회된거 같던데
523993,ㅇㅇ
524580,ㅈㄴ 크다
524925,ㅇㅇ
525011,와
525080,뭔데 저게
527028,그 정돈가
527169,와
527176,야애니임?
527371,네
527724,맘마
528071,첨 보는데
528215,야애니임?
528410,"좋구나,,,"
528532,저게뭔데
529615,첨보는데
530156,꼬추 얼어서 부셔지면 어쩌냐
531253,이쁘긴 하네
531462,크다
531501,어흐
531637,오
531837,첨 보는데
532284,{:d_108:}{:d_108:}
532903,저게 뭔데
533851,아 야애니가아니라고
534280,신세 많이졌지
536059,저게뭐임
536460,그게 뭔데 십덕아
539009,저거로 한 30번 쳤지 ㅇㅇ
539616,설녀누나는 ㅇㅈ이지
541007,야애니가 아니면 왜봐
542892,CEX
543648,으흐흐흐흐
545449,설녀누나..
551584,글 ㅈㄴ 대충보네
552487,넌 필요없지
554508,엄
555444,야애니 아니라니까 표정 싹 바뀌네
556264,아오 ㅅㅂ ㅋㅋ
561643,다 맛있어보이는데
562615,물빠진고기는 에바긴해
565921,위험하지않나?
566266,저거 좀 그럼
566620,생간 맛있어보여
567323,파카
567760,청국장이왜저깄노
568664,난싫음
569175,파카
570227,ㄹㅇ
570512,생간 찰떡하니 맛있는디
570630,지환아 송출컴에 로긴좀해줘봐; 이거왜 로긴이 풀려있냐
572516,민초를 싫어해?
573525,홍어 극혐
574761,?
576195,맛잘알
576647,피자빵??
577974,민초를싫어해?
578710,형이다
579362,오이 극혐
579510,건포도에바
579723,건포도극혐
582054,지환아 로긴좀해라
582571,물쥐형 왔구나 안녕
582641,생선까스 존맛인데
582764,ㄹㅇㅋㅋㅋㅋ
583532,구울
583630,굴
584339,김치는 머냐;
584696,민초 개꿀맛
585248,가지으악
585675,다 호인데?
586646,ㄷㄷ
586824,맛있는거만 모아놨네
587729,김치는 뭐임?
587820,굴은좀
587911,굴 ㅇㅈ 개극혐임 ㅋㅋ
588021,생굴 개 맛도리인데
588315,헉
588556,로긴 해라 물쥐야
588936,굴깨극혐
588977,생굴 존맛인데
590133,김치를 싫어할수 있나?
590208,해물 극혐
590238,생굴 우욱
590537,ㄹㅇ 나도 굴안먹음
590826,님들 채팅창좀고칠게요 폰트가 이상해져서;
590940,{:monsMonsHaha:}
591124,김치는 왜잇냐
592669,멸치가 뭘 알겠냐 에휴 씨
593638,굴ㅋㅋ
594745,생굴은 쩜.....
595153,대창 모양이...
596019,가지튀김 말고는 못먹겠따
596224,캬
596468,굴 ㄹㅇ씹호인데
596606,가지 극혐
597361,이칸은 불호가 없는데
597429,넴
597670,넵
597830,넵
598112,대창은 많이 먹는 거 아니면 고트인데
598765,넵
599199,넵
599446,굴단온다
599525,생굴 호불호 갈리지
599854,{:d_45:}
600655,김치 싫어하는건 뭐지요
600674,폰트 이상하긴 하네
600807,생굴에 초장 싸악 해서 소주 한잔
601175,ㅇㅇ
601260,넵
601670,굴 근데 맛있음?
601956,가지 개 씹씹씹씹 불호
601978,가지 대창 뺴고 굿
603243,로긴 해라
603272,가지 오이는 음식아님
603837,그러네 폰트 왜이러지
604924,생굴 잘못먹으면 개망함
605925,폰트 에바야
606466,이대로 살자
607117,굴!ㅋㅋ
607389,굴 개극혐;;
607911,굴림체
609591,오이 ㅅㅂ
610948,저거 폰트 안고치먼 하루종일 물어본다
610961,물쥐 근데 생선 안 먹지 않나
611075,{:d_91:}
611136,굴보쌈에 굴이 생굴아닌가 개맛도린데
611725,굴 맛있는데
613056,굴맛있는뎅
613267,?
613936,나도 비려서 안먹음
614003,난 오이 굴 대창 불호
614221,나도
615824,바이러스 걸림
615879,생굴 ㅈ같음
616035,막창을?
616720,노로바이러스
617222,?
617563,굴은 포차에서 먹어야해 {:d_94:}
617700,?
617824,ㄹㅇ
617849,?
617936,?
617989,?????????????
618083,엥
618154,ㄹㅇ
618260,바로 노로바이러스임
618373,폰트죽일뻔햇어 휴
619059,생국 김치에도 들어가는데 ;;;;
619062,오이향ㅅㅂ
619859,곱은맛있는데
620105,?
621099,굴 애초에 생으로 먹으면 안되메
621169,ㄹㅇ
621387,ㅋㅋ
621511,5252
621697,똥터널을 왜먹지
621982,ㅇㅈ
622056,오이 개시러
622117,똥을 왜먹냐 ㅋㅋ
622170,에겐남이네요
622507,?????
622707,ㄹㅇ
622889,?
623110,??
623355,오이 ㅈㄴ싫어
623586,된장찍어먹으면 캬
624158,난 다 괜찮은데
624614,고수쌀국수 쉽지않음
624693,오이 맛있음
624813,내장 좋아하는건 없어?
624867,오이 니나쳐먹어
625587,?
625594,또 늦었네
625670,{:d_73:}
625691,뭐라는거지 이 멸치가 ???
626208,멸치년
626670,?
626752,??????
626760,?
626804,?
627181,?
627199,와 이새기머지?
627262,?
627483,?
627570,오이 ㅇㅈ
627774,?
627804,?
627844,?
627906,저거 맛잇음
627968,?
627991,???
628494,?
628587,?
628690,생굴먹다가 노로바이러스 한5번 걸렷다 ㅅㅂ 존나싫어
628797,저걸 몰라
629061,?
629201,?
629287,탕탕이
629409,이걸몰라?
629535,?
629925,?
629972,낙지 존맛
629973,탕탕이는 인정이지
630023,서브웨이 오이샌드위치 드셔보셨나요
630138,?
630225,???
630285,산낙지
630287,????
630429,저거 맛있어
630430,???
630543,그럼 나중에 냄새나면 힘들어하겠네
630629,????
630918,??
631023,한국인 맞음?
631259,탕탕해버리고싶내
631674,?
631838,낙지탕탕 먹어 보셈 존맛임
631881,저걸몰라?
632085,?
632152,대전에 없음?
632457,낙지탕탕이를 몰라?
632518,아오 대전촌놈
632615,맛있음
633090,이걸 몰라
633386,이새끼 한국인임?
633647,?>
633962,밖에좀 나가라
634093,낙지탕탕후루
634266,나스닥 가자잇!!!!!!!!
634270,?
634769,?
635097,걍 산낙지임
635334,ㄹㅇ
635459,? 티비도 안보냐
635570,저건ㅅㅂ
635898,????
636193,추억맛임
636741,ㅇㅈ
636853,{:sd_4:}
637143,맛있는데
637511,밖에좀 쳐나가
638231,그거 미각 신경이 반응하는 사람 있음
638527,저건 쏘세지가 아닌데
638569,분소 노마이
638648,저거 사실 소세지가 아니긴해 ㅋㅋ
639526,초밥?
639595,저건 계란이랑 세트임
639853,?
640667,ㅇㅈ
640768,퍽퍽살 ㅣㅅ름
640834,분소는 ㄹㅇ 노인네나 먹음
640903,음 ?
640932,?
641182,계란안입히면 노맛
641533,맛있는데
641605,이새끼 외국인이냐?
642070,저거 이상한 맛나긴함 추억보정임
642469,???/
644504,녹차 아이스크림 괜찮은데
644790,녹차아이스크림 개꿀닌데
644906,이새끼 멸치인 이유가 있네
645758,진짜 입맛 까다롭네
646674,외국인임?
646720,대전 촌놈이 뭘 알아
647258,다 맛없데 ㅅㅂ
647986,나름 별미여
648128,50개 다 극호인데
648177,맛있는데
648299,인생 손해 ㅈㄴ 보노
648651,?
648734,게이임?
648859,물쥐님 나랑 순대국밥 머그러 가까🧐
648908,부자라 그래
649056,지환아 신안에 낙지탕탕이 맛있는곳 있는데 올래?
650176,노인네들은 먹음
650475,지환이랑은 결혼 못하겠다 하;;
650494,양꼬치가 맛 없을 수가 있나??
650505,맛없는데
650698,걍 애생퀴가 따로없네
651032,난 어릴때 많이 먹어서
651149,난 다먹네
651604,이새기는 어느 세계에 사는거냐
651813,인공적인 맛이라 개별로임
651991,맛있는게 뭐냐 물쥐야
652413,그냉 밀가루맛인데
652639,분소 맛없긴 해
652667,녹차를 싫어해?
652731,입맛 ㅈㄴ 까다롭네 ㅋㅋ
653088,저게 맛있으면 다맛있게 잘먹겠다 ㅋㅋㅋ
653497,계란에 부치면맛남
654122,나가서 좀 사먹고 그래
654303,개노맛이긴해
654426,원래 부자는 분홍소시지 안머긍ㅁ
654859,분소 그냥 개 맛없음
655618,대전은 외국이긴하지 ㅇㅇ
655686,너 멕시코인이야?
656339,가난의상징 분홍소시지
656471,나도 분홍소시지 맛없음
656781,분홍소세지 십극혐 계란옷 원툴
656875,분홍소세지 개씨발 노맛
657212,존슨 장(32)
657761,틀딱이 맛있어함
658029,분소는 추억보정임
658717,분홍소세지 좋아하는사람 <<< 동숙이형하고 같은나이대
659288,분홍소시지 계런물 묻힘년 존맛
660539,입맛이 호불호가 좀 특이한데
661219,저거 백반집에서 기본찬으로 나오면 몇개안나와서 친구들하고 야차떠야함;;
661965,저거 소세지 아니고 걍 밀가루덩어리임
666178,다 아는사실인데
669524,분소 맛없진않은데 먹을빠에 스팸을먹지
670440,"<<,어차피 안탐"
672983,노래 좋노
677163,어차피 까먹음 갈때 찾아볼게요
680484,비린거 싫어하면 건강한 사람 만나야겠네
683203,걍 눈치보고 앉으면됨 ㅇㅇ
683243,방제 왜 티원인가요
683661,어차피 안 타자나
685421,어차피 안나가잖아
687880,실패해본적이 없어서
690287,< 왜 탐 전체칸 사면 되는데
691022,{:lck_2:}~
691542,KTX 청룡 타봐라 지환아 좋다 시승감
692038,근데 안타잖아
692313,정보추
692536,유익추
692959,2ne1 - Ugly
693946,차타고다니잖아
696223,그냥 마주보고가는좌석만 피하면
696505,어짜피 사람많아서 쓸데가
697444,쥐공카답지않네
697468,타지 뭐
698532,오
699366,어흐
699370,으흐흐
700520,어흐
700777,어흐
701293,어흐
702110,가끔 2년에 한번 탈까말까
702132,어흐
702877,ㅋㅋㅋㅋㅋㅋㅋㅋㅋㅋ
702883,으흫흐흐
703278,오...
703791,지환씨 코가 커졌어
704240,유익한대? (다안봄)
704355,웟?
704379,어흐
704860,크기가 ㅅㅂ ㅋㅋ
704900,뭔 젖크기가
704915,어흐
705344,다 별론데
705838,엄
706657,유익한데
706696,좋네...
706862,ㅋㅋㅋㅋㅋ
707213,눈 반짝반짝한거봐라
707979,와
708069,뭔 수박이 ㅋㅋ
708341,마소마 ㅇㅈㅇㅈ
709113,{:d_108:}
709277,ㅗㅜㅑ
709330,마마누라
709336,씨익
709721,제일 유익한글이네요
710413,가슴이 비현실적이네
710693,와
710974,{:d_126:}{:d_126:}{:d_126:}{:d_126:}{:d_126:}{:d_126:}{:d_126:}
711575,와 시발
712239,찡크다
712459,예?
712937,그림체가 다 비슷비슷하네
713230,미시 어흐
714244,쥐평
714518,그림체가 노꼴인데
715174,ㅋㅋㅋㅋㅋㅋㅋ
715683,서있기 가능하냐 가슴 너무 큰데
716853,마지막은 뭐야
720532,마지막 뭐임?
721180,씹노꼴 ㅇㅇ
722408,난 그래도 가능해
723462,ㅇㅈ
723691,어흐
723774,ai겠지
724991,2번 별론데
725708,아줌마교환계획
725956,이제 다 거기서 거기같아
726026,요즘 AI떡툰 너무많음
726491,요즘 ai같아보이면 팍 주긍ㅁ
726904,팍 식어
726969,1번이 낫다
727934,요즘 만화 다 에이아이씀ㅇㅇ
729464,요즘 AI 안쓰는 웹툰 찾기힘듦
730565,러브퀘스트 봄 물지?
730879,3번이 고트다
731770,ai느낌 너무나
733095,다 ai돌린거같다
734137,ai여도 꼴리면 그만
735058,헐
735785,ㅋㅋㅋㅋㅋㅋㅋ
736057,걍 야동을 봐
736236,방송 시간 왜이리 늦어졋냐;;
736466,으흐ㅡㅎ
736989,팩트는 떡툰전부 ai임
737348,물쥐님도 ai쓰자
738004,고맙다
738794,ㅋㅋㅋㅋ
739201,어어어
739419,왜 본거같지
739426,어흐ㅡ
739470,고맙다
739514,마지막 고름AI - 내이름맑음 입니다
744829,ㅋㅋㅋㅋㅋㅋ
745286,노래 추억돋네
745736,아미는 ㅇㅈ
746395,?
747062,fc2 확인
747405,이미 본거네
747677,2번째 분 이쁘다..
747906,ㅋㅋㅋ
748953,오케이~
749015,이미 빼고와서그런다 흠..
749035,1616189
749861,ㄷㄷ
753484,마라탕 극 불호
753665,마라탕 왜쳐먹음?
754196,ㅈ라탕;
754628,으악
755477,2번쨰 고트
755963,여자임?
756436,마라샹궈가 맛있늠
756616,별로임
757314,ㅇㅇ
757367,근라탕 안먹음
757472,속이뒤집어짐
758609,그맛으로먹는건데
758743,얼얼함 ㅋㅋ
758924,끼순이임?
758969,ㅇㅇ
759008,으엑
759029,ㅇㅇ
759090,어쩌다 한번씩 먹으면 괜찮음
759362,무슨 맛으로 먹는지 모르겠음
759452,ㄹㅇ
759873,코자임?
759951,그게 별미인데
760085,마라를 적게 해야지
760099,그게 마라임
760402,맛은 있는데 더러워서 안먹음
760701,마라가 그 남는 그런 게 있어
760822,난 그게 좋던데
760996,향신료가 좀..
761192,마라탕 위생
761947,싸구려가 그럼
762433,마라탕 불호
763460,코자임?
764546,쌉싸름한..
765028,마라탕 안에 있는 소세지는 밥이랑 먹긴함
765114,혀보다는 똥구멍 찢어져서 ㅈ같음
765304,난 샹궈먹어
767126,그리고 마라탕집 위생이 별로
767825,{:monsMonsHandsup:}
768590,야다..
769117,6분2초
770255,야다..
770409,군대에서
770528,야다
771992,야다...
772054,님 말고 안씀;;
772703,우리엄마도 씀ㅇㅇ
772807,야다..
773021,진짜싫다~
773689,야다
774544,일본어가 나쁜거냐
775138,야다를 누가 씀 ㅅㅂ
775348,야다야다야다야다야다
775427,제목이 안들어올 수 없네
775999,야다...
776344,야다..
776928,니가 ㅈㄴ 억지로 밀었자나
777770,야다
778521,야다...
779049,우리 할머니도 씀
780297,일본인이 야다를 안씀
783589,물쥐야 콜옵 한국배경 나온대
784119,ㅇㅇ
786710,다쓰던데
788641,너 때매 물듦
790492,니가 만들어
790722,취사병이 만든 마라탕 먹었는데
791311,팩트는 일본인은 안쓴다는거암
792208,처음에 욕 ㅈㄴ 먹었자나
792287,{:monsMonsYada:}
795815,일본인이 안쓰면 누가쓰는데
796172,아크레이더스는 이제 안 하나요
796666,너때문에 다쓴거야
798711,너때문에 내 일상에 스며들었다
800819,억지유행어 ㅋㅋ
802339,아크레이더스 아무도 안함
802557,너때문에 전염됨..
802737,야다 쓰지말라고 유튜브에 테러당했잖아
804913,? 글을 읽는거임?
805182,요약보죠
805696,야다 첨에 창났지 ㅋㅋㅋ
806102,ㅋㅋㅋㅋㅋ
807423,이리견들도 챙겨라
808363,아크 6/6일 좋은 기회 있습니다
813890,물쥐땸에 돈숙이형도 쓰던대ㅋㅋ
815078,나도 옮았어 야다
816283,낙원 ㅈㄴ기대된다
816477,낙원 다시 나와줘 ㅈㅂ
818168,조선시대 유물은 좀...
819908,그래서 언제나오는데 낙원
820819,쥐하
820915,아쉽누
821102,낙원 언제 출시임?
822255,낙어게인
822384,낙어게인
823467,다예정이잖아
824100,낙 어게인
824246,콜옵 한국배경 나온대 싯팔련아
824373,언제 출시야
825154,낙원 재밋곘네
826095,낙원 다시 나오자
826292,좀비 너무 허벌이었어
827112,콜옵 신작 트레일러 봐주세요
829289,낙 어게인
829735,ㄹㅇ 빨리
830385,근데 어차피 박스맨이자나
831456,ㄹㅇ
832354,어게인
833268,ㄹㅇ
834018,국뽕
834601,짜치네
834842,쥐순신
835285,ㄹㅇ
835507,짜짜구
836288,ㄹㅇ 굳이 같은느낌이네
836295,저거 고증논란터지면 ㅈ됨
836696,나오면 최소 2주는 한다
837135,박스쥐
837449,콜옵 어제 봤음
837883,억피드백 뭐임 진짜..
838006,낙 어게인
839133,굳이임
839272,ㄹㅇ
840384,국뽕은 좀
840818,너무 국뽕
841068,킹덤이냐
843446,시대배경이랑 안맞아 굳이 ㅋㅋ
844848,ㄹㅇㅋㅋ
845166,쥐환아 아크레이더스 광고 언제지??
845354,ㄹㅇㅋㅋ
845372,ㄹㅇㅋㅋ
845634,기습 국뽕
845856,ㄹㅇㅋㅋ
845978,ㅋㅋㅋㅋㅋㅋ
846404,억뽕
847096,ㅋㅋㅋㅋㅋㅋㅋㅋㅋㅋㅋㅋㅋ
847428,1호선 할배
847874,근데 답보면 안해줄듯 ㅋㅋ
848158,ㄹㅇ
848256,ㄹㅇ
848923,근데 갑옷이 좋긴해
849093,ㅋㅋㅋㅋㅋ
849879,ㅋㅋㅋㅋㅋㅋㅋㅋㅋ
850208,수집요소인데 왜..
850844,ㄹㅇ
851175,미친 고인물
851308,국뽕인데요
851513,ㄹㅇㅋㅋ
851650,도망치기 바쁘지
852055,민속촌갔다가 사건이터진거지
852443,이순신 장군님의 갑옷 ㄷㄷ
852650,박스는 말이 되고?
852714,두툼하자나
853322,박스는?
853383,님아 주식하심???
853554,할 수도 있지 ;
853951,오 채팅창돌아와쑈내
854782,국뽕은 인죵이지
856141,일본사무라이 정신임?
857832,재정신 아니면 안하지
860114,근데 의외로 좋을수도
860610,전지적 독자시점
860731,역사홍보해야지
861119,박스가 더...
861954,안한다고 ㅅㅂ
862181,무적박스는 새삼 대단하네
863149,?
864078,차라리 경찰진압세트나
865482,나니지
865845,?
867123,팩트
867125,니가 가락이라
867321,미쳤나 이게
868716,ㄹㅇ 탑이 썜
868831,개카
869666,벌써 하고있네
869884,원딜이지
870767,?
871372,?
871736,원딜은 물량이 많잖아
872787,?
872972,ㅋㅋㅋㅋㅋㅋㅋㅋ
873819,원딜은 칠시간없음
873867,?
873983,원미니스트 시작했다
874118,근가
874548,원징징이 ㅈㄴ 심함
874702,음?
875138,?
875696,?
876243,인구수가 증명함
876528,징징이 정치지
876654,?
877244,탑=원딜
878907,? 지금하는게 정치임
879213,?
879799,역시 정치는 원딜 ㅋㅋ
880742,ㅋㅋㅋㅋㅋㅋ
880975,탑은 정글밖에 탓안함 ㅇㅇ
881107,미드가 제일 적은거 ㅇㅈ
881468,원딜 탑 둘다 문제아
881659,탑이 ㅈㄴ못함
881999,파카 vs 물쥐 구도
882039,원딜 징징거리는거 ㅈ되는데
882433,와중에 묵묵한 미묵묵
882723,지금 정치하는중
883156,징징거리는건 원딜이 최고긴해
884142,정치질은 서폿이 젤심하지
884453,아오 개카
884809,바로 정치하네 ㅋㅋ
884968,개카
885051,파X ㄷㄷㄷ
885601,그래도 원딜이 심하다는거임 ㅋㅋ
885628,ㅋㅋㅋㅋㅋ
887242,걍 못하는새끼들이 방어기제로 정치질 존나함
887316,미드가 정치 ㅈㄴ하는데 뭔
887659,정치인중에 원딜 출신이 많인
887689,또 징징대지
888004,ㅇㅈㅋㅋ
888023,템플릿입니다
888488,역시 대황미드
888703,이거또한 원징징
890330,정글서폿이 많지않나
890493,또 탑 혐오하네
890561,파X
890749,원딜은 ㅈㄴ 징징거림 채팅으로
891066,저거 투표 결과가 원딜인것도 정치임 ㅇㅇ
891480,ㅋㅋㅋㅋㅋㅋㅋㅋㅋㅋㅋㅋㅋㅋㅋ
892392,저티어 원딜 정치 개심함
894052,탑 혐 개심하네 ㅋㅋㅋㅋㅋㅋㅋㅋ
894097,파카 저격 ㄷㄷ
895642,서폿이 정치많이하지
896432,바로 개카 공격
896465,탑이정치한다고 정치하는 원딜
896766,X카
897399,<<<<<<지금도 정치중 ㅋㅋㅋ
898419,ㅋㅋㅋㅋㅋ
898580,원딜은 인구가 많아서 어쩔 수가 없는데 탑은 진짜 망나니새끼들 개많음 이게팩트 반박시 망나니 ㅅㄱ
898732,<< 바로 정치중
899510,파카한테 논리로 이기고 와라
899575,지금도 정치하네
899992,ㅇㅈ ㅋㅋㅋㅋㅋㅋㅋㅋㅋㅋ
900243,ㅋㅋㅋㅋㅋㅋ
900413,나 탑인데 채팅 절대안침 경험상 서폿원딜이 젤심함
900602,노래 제목이뭔가요???
901247,ㅋㅋㅋㅋㅋㅋㅋㅋㅋㅋㅋㅋㅋ
902160,x카
902332,이거 포함해도 원딜이 심함 ㅋㅋ
902713,미드가 정치 제일 안하지
902774,<< 지금도 정치중 ㅋㅋㅋ
902982,주포 정글인데 탑만 항상 징징거림 개패고싶음
905816,라고 하는게 정치 아닌가요?
907516,미드라는건 모지리새기네
908057,바로 다른라인 범인만들기 ㅋㅋㅋㅋㅋㅋㅋㅋ
909274,정치인이세요?
910352,얘는 그냥 탑혐임
910706,탑이랑 원딜 서로 싫어하넼ㅋㅋㅋㅋㅋ
911226,손XX
912501,탑이 젤 못해
912593,원딜은 그냥 정치가 패시브임
913411,<<< 국회의원
914968,서로 정치하니까 서로 싫어하네 ㅋㅋ
915263,프레임 좀 잘씌우네 물쥐 ㅋㅋ
915419,ㅋㅋㅋㅋㅋㅋ
917099,이건 팩트인데 뭔 정치야
917291,ㅇㅈ
917387,손XX 저격 ㄷㄷ
917435,?
919987,서폿 플레이로 정치하잖아
920157,서폿이 원딜보다 더 정치함
920519,그러니까 원딜이 젤 문제라는거죠???
921345,플레이도 못하면서 정치까지하는 바텀 ㄷㄷ
921652,아캅스정신으로가
922823,ㄹㅇ
922973,넌 진짜 정치인해라 꼭
924897,ㅋㅋㅋㅋㅋㅋㅋㅋㅋㅋㅋㅋㅋㅋㅋㅋ
924977,아니 둘다 딸핀데 상대정글이 먼저 온다니깐?
925060,<<<<겜 안하는중에도 정치중
925225,ㅋㅋㅋㅋㅋㅋㅋㅋㅋㅋ
927162,ㅋㅋㅋㅋㅋㅋㅋㅋㅋㅋㅋㅋㅋ
927338,니가 막아 니가해 시전함ㅋㅋㅋㅋㅋㅋ
927782,내가 왜서야하는데?
928796,김뿌리기 푸다닥
929004,그게 진짜 개역겨움
929300,정글 갱오면 1:0 개무서움
931224,ㅇㅈㅋㅋㅋㅋㅋㅋㅋㅋㅋㅋㅋㅋㅋㅋㅋㅋㅋ
931603,탑이 젤 징징거림
933109,맞음 ㅋㅋㅋㅋㅋㅋㅋㅋ
933898,ㄹㅇ
934362,단단묵직 까지마라
934429,벌써 징징
934639,ㅇㅈ
934763,원딜은 지 도구랑 싸우기 바쁨 ㅋㅋ
935246,어제 페이커잖아 ㅋㅋㅋㅋㅋ
935546,<<<지금 정치 ㅈㄴ잘하는중
935796,그건ㅇㅈ
936511,캬 장지환을 국회로
936597,요즘 131누가함
938021,캬
939010,원징징 미쳤지
939988,징징 ㅋㅋ
940365,에휴 원딜련 벌써 여론조성하네
941756,ㅋㅋㅋㅋㅋ\
941876,원딜도 서폿정치함
943483,노래
945140,ㄹㅇㅋㅋ
945897,ㅋㅋㅋㅋㅋㅋㅋㅋㅋㅋ
946198,좋고
947063,서폿은 다 뒤져서 이제 원딜끼리 바텀가는데?
949399,{:d_126:}
950228,서폿이 정치하던데 요즘
951405,걍 알빠노임 ㅂㅅ들 ㅋㅋㅋ
951663,2
951697,2
952494,님들이거맞죠 햇깔리네 나도
953546,1이지
954018,2
954934,2번이 베스트
956040,누나지
956101,6666
956882,5
957137,2나5
957291,9는 재앙이다
957487,2
958888,왜 낳음 ㅋㅋ
959508,징징징징징
960102,5
960570,축구팀 만들어야지
960958,X카 ㄷㄷㄷㄷㄷ
961328,8번은 지옥이다
963290,9는 미래가없음 ㅋㅋㅋ
963615,2 아니면 1
965157,2번 국룰
966898,남매가 좋지
969352,딸둘로갈게요
969704,아 탑하니까 친구들이 크산테가 걍 단단묵직이라더라 너 성공한거야 물쥐님{:d_15:}
970309,2번이 낫다
971201,다시보기랑 빅교해봐
971389,딸딸이지
971626,닥 2긴 해
974173,채팅창 왜이럼
975160,먼가 찐함
976083,ㅇㅇ
976818,11명 낳아서 축구팀 만들어야지
977339,아님
977830,{:d_43:}{:d_43:}{:d_43:}{:d_43:}
978468,좀 다른데
978647,첫째는 남자애가 맞음
979680,뭔가 이상한데
979903,뭔가 굵은데
980053,아닌거 같은데
980383,방금전게 나은듯?
980463,아닌데요
980572,뭐를?
981069,약간 다른 느낌인데 괜찮네
981089,저거아니야
982850,저정도면 맞음
982906,걍 봐라.
983110,다른데
983148,약간 다른데
983265,둘째는 여자애
983477,다름
983504,멀바꿔?
983767,살짝다른거같으넫
984462,근데 뭔가 그림자가 보이는데요 글씨에?
984801,워어어
984996,좀 다른데
985038,이상함 이상해씨 이상해꽃 이상해요
985553,저게 뭐지..
985616,미묘한데
986909,좀 다른데 다른걸로 바꿔봐
987207,암거나해
988132,이상하다 이상하다 비상
988653,이거도 뭔가 이상한데
989121,ㅇㅎ
989161,이정도면 참을만해
991724,걍 바로
992047,아 화면에 보이는거?
992690,그냥 대충해 뭐시 중헌디
993103,걍 바라
993830,걍 어색한거임
994219,이해 진짜안됌 저딴게 6천..
994436,니얼굴이나 키워
995079,노래뭐죠
995155,똑같은데
995374,글씨 좀작아진거아니냐
995620,뭔가 뭔가임
996252,수직주차 어케함?
996260,이상하긴한데
996453,뭐 나쁘지않은데
997965,걍 봐라
998297,적응해
998671,걍 이거 쓰삼
999178,걍 하자
999956,머가 어색한 거임
1000024,뭐 바꿨나?
1000964,너무정자임
1001322,눈에 안들어옴
1001636,괜찮은데 ?
1002067,너가좋음 나도 좋아
1002392,뭐 싸니까
1003193,괜찮은데
1004232,이정도는 볼만함 ㅇㅇ
1004596,됌이 좀 이상하네
1005358,차 수직으로 들어야함
1005564,걍 물쥐 얼굴이나 보자 ㅇㅇ
1005782,방금아닌한애들만 적어두면된다 지환아 확인햇어 똑같아 ㅅㄱ
1007139,근들갑이아니라 진짜 다르기하노
1010935,됌됌됌됌
1010937,ㅋㅋㅋㅋ
1011285,저주차장 의미큼? 본적이없네
1012904,ㅋㅋㅋㅋㅋㅋㅋㅋㅋㅋㅋ
1013521,ㅋㅋㅋㅋㅋㅋㅋㅋ
1014240,ㅋㅋㅋ
1014711,뒤에 줄
1014971,오케이 싹 다 밴
1015256,ㅋㅋㅋㅋㅋㅋㅋㅋㅋㅋㅋㅋ
1015457,헉
1015644,ㄹㅇㅋㅋㅋㅋㅋㅋ
1015703,뒤에 벽
1016319,뒤에 선
1016563,벽에 줄..?
1016752,정면에 선
1017010,선
1017106,벽
1017161,?
1017214,벽에다 선
1017530,가시성
1017680,후면카메라
1017798,주차선 ㅡㅡ
1017820,?
1017927,?
1018102,선 임마
1018354,뒤에 벽
1018597,선을 위로
1019103,?
1019220,벽에 라인 보이잖아
1019673,선
1019983,벽에 주차선
1020042,ㅋㅋㅋㅋㅋㅋㅋㅋㅋ
1020163,뒤에 벽
1020314,뒤에 선 있잖아요 수직으로
1020607,벽에 선그었잖아
1020689,미안합니다
1020700,벽 칠
1020714,벽선
1020790,뒤에 선안보이냐
1020993,페인트칠 6천원 든다는것도 많다는건 뭐냐
1021038,벽 선?>
1021051,ㅋㅋㅋ
1021192,벽에 선 ㅋㅋㅋㅋㅋㅋㅋ
1021207,ㅈㄴ웃기네
1021309,후진하면 라인
1021313,선이 잚보임
1021586,위로
1021711,헉
1021788,벽
1022339,벽에 선
1022570,벽선을 올려서
1022586,벽에다가 선 그어놨잖아
1022740,ㅋㅋㅋㅋㅋㅋ
1024130,뒤에 벽
1024188,?
1024256,미안합니다
1028134,저거 편하지
1029494,와 얼마나 운전을 못하면
1029644,blind
1029928,바보네
1029970,ㅋㅋㅋㅋㅋㅋㅋㅋㅋㅋㅋㅋㅋ
1030025,백미러 보기 편하라고
1030624,굳이..
1030654,음..
1031492,벽에도 있어서 사이드볼때 편하긴함
1031534,괜찮은듯?
1031721,굳이?
1032103,저거 보면서 주차 더 편하게 하라는거지
1033899,아 줓 ㅏ못하는사람들 ㅋㅋㅋㅋ 보고하라고
1034551,살려주세요
1034802,잇음 은근 편함
1035700,글을 안읽어 물쥐야??
1035790,지하주차장에 다 만들려고 하는중
1036114,관찰력 지리네
1036887,후방 카메라 없는차가 있어요
1037162,주차할때 편하니까
1037759,좋지
1038282,엄...
1038512,초보들 도움 되긴 할듯
1039202,아오 세금 ㅅㅂ
1040175,아 벽이었냐
1040543,개비싸네?
1041128,흠
1042018,근데 그정둔가
1042287,싸네
1042567,좋은거같은데
1044839,없는거보단 낫나보죠
1044895,있으면 좋지 얼마나든다고
1045673,공감 쳐 하라고
1045873,좋긴하지
1045989,싼데요
1046332,돈 더받아먹을려고
1046566,김여사에겐 필요한듯
1046896,초보는 필요함
1046900,운전 초보 배려하는거겠지
1047137,있음 좋지
1048270,훨낫지 ㅋㅋ
1048334,주차 안해봤나
1048352,굳이라면 굳이지
1048784,후방카메라가 없나보지
1048899,저게 왜 필요해
1049119,초보한테 좋나보지
1049582,김여사들 기준으로 봐라
1049645,후방카메라 없으면
1049916,초보운전한텐
1049986,나도 필요없을거같긴한데 6천원이면 할만하지
1050521,병1신들 많아서 필요함
1050797,잘안보일때 있음
1050953,필요하신분이 있으니까
1051433,날 이해시켜봐
1051505,초보운전
1051607,밤에 필요함
1051630,가시성은 좋죠
1051759,사이드미러?
1051776,내 세금이 저기에들어가네 하 씨발
1051995,없어서 나쁠건 없는거지 뭐
1052762,초보자 배려
1053024,백미러로 보이니까
1053054,고속도로에서 밑에 지시선도 첨에 욕먹었음
1053428,좋은게 좋은거지
1053839,ㅈ같이 대는 새기들 많아
1054446,보초운전 배려인듯
1054784,없어도 꼴박하는놈들있다고
1055196,후방카메라가 없어요
1055250,있으면 편하니까
1055658,후방 카메라 없으면 불편하지 ㅇㅇ
1055945,있으면 편하긴 하지
1056324,운전초보 배려해야제
1057270,여자할당제래!
1057312,받아챠봐
1057441,옆차 긁는사람들 많아서 ㅇㅇ;
1057676,똑깥은 거였냐 몰랐다 미안하다 사과
1057833,저거 주차 못하면 운전하지마라
1058037,종우는 초보라고 ㅅㅂ
1058159,편의성 패치
1058669,운전 못해서
1059547,그냥좋잖아
1059605,없는차는
1059761,할줄모르면 운전 면허를 따지마 ㅅㅂ
1059925,어차피 사이드 볼때 바닥 다 보이긴해 후방이랑
1060114,후방주차할때 바닥만 보지않냐
1060366,없는차도 있어
1060662,그냥 테슬라 타라 주차 못하고 사고 낼거면
1060821,김여사 많잖아
1061155,맞긴해
1061243,없는 차도있지
1061343,카메라를왜써
1061378,카메라 있어도 불편해
1063030,공감하라거
1063143,없는 차도 있으니까
1063335,없을수도 있죠
1063629,똥차 배려용임
1064073,여사님들이 많나보네
1064247,더 편하게 주차한다거 시봉방아
1064461,없는거보다 낫지 후방카메라는 왜필요함 그렇게 따지면
1064578,저거 있어야 주차할 수 있는 새끼들은 차 끌고 다니지 마라 습박
1064602,ㅏㅣㅏㅣㅑ
1064755,없어서 나쁠건없고 가성비도 좋은데 나쁘지않은듯
1064993,운전 못하는 사람 이해를 해
1065249,없는 차도 있지않나
1065520,없는 차 끌고다니는 사람 많음
1066054,후면카메라 가이드선이랑 비교해서 맞출수있자나
1066081,필요하니까 있겠지
1066103,테슬라를 타세요르
1066429,평타만 떄려도 CS먹잖아 랑 같은소리임
1066443,ㅋㅋㅋㅋㅋ
1066701,환아 공감해라
1069283,똥차는 없다 물쥐야
1069308,비용이 저렴하다잖어
1070024,공감하라고
1070445,{:d_43:}{:d_43:}{:d_43:}
1070481,사이드미러로 더 편하게 보라는거겟지 뭐
1070782,님도 차 많이 긁어먹지않음?
1070841,굳이?
1070931,저거 없어서 주차 못하는 놈들은 면허 압수해야한다
1071161,우리 할아버지 카메라 없는차 타는데 비하인가요
1071602,아니 어케 운전면허를 따는거야 ㅅㅂ
1071704,넌 운전 잘하자나 습박ㄱ
1071826,근모원딜
1071882,이생퀴 돈많다고
1072384,운전 못 하는 사람들은 잘 쓰겠지
1072651,후방카메라 없는 차가있음?
1074192,니가 주차해놨는데 옆사람이 주차하다가 긁어봐 안빡치겟냐?
1074578,사이드미러 보고 주차하면 상관없는데 초보들은 편할듯
1075067,주차선에 못 맞춰서 주차할거면 차 끌고 다니지 마라 ㅇㅇ
1075417,공감을ㅇ 하라고
1075469,하도 운전들을 창의적으로 못하니까 저런거라도 해줘서 사고율 낮추는거지
1077595,도움은 되자나 좋은게 좋은거지
1077835,<< 포르쉐타서 모름
1078056,좀 과한데
1079427,그냥 벽에 박아 야발
1079850,회사차에 카메라가 없다 환아
1080351,ㄹㅇ
1080380,있으면 나쁠 거야 없으니까
1081901,닥치
1082377,물쥐야 전면주차는 땅볼스 있냐?
1082503,ㅇㅇㅇ
1083374,ㄹㅇ
1083492,롤에 스킬 날라가는 궤적보이는거랑 같은거지
1083630,맞음
1083950,그렇긴함
1084140,ㄹㅇ
1084196,연식 좀 되는 차들은 서라운드뷰 화질 안좋음
1084621,그건그래
1084831,근데 긁으니까
1085253,지금 카메라 없는 차들은 알아서 운전 잘한다는거임
1085324,운전 잘하는척 좆되네 ㅇㅇ;
1085539,아시발 그냥 공감해달라고
1085708,<<< 뿌가가각
1085787,고수) 운전을 안하면됨
1085827,ㅇㅈ
1086215,ㅇㅈ
1087090,맞긴함
1087166,글킨 함
1087315,긁는애들이있음
1087974,ㄹㅇ ㅋㅋ
1088314,초보는 긁을수있죠
1088456,닥치고 공감하셈
1088784,근데 삐뚤어
1088853,뿌가각
1088934,능지문제임
1089448,맞긴함
1089770,긁은사람 <<
1089982,그게 되면 초보가 아니잖아
1090312,그건맞음
1090648,그냥 운전을 못하는거자나
1090729,운전을 얼마나 못하면 저게
1090916,면허를 아주 개판으로 딴다는거지
1091259,? : 뿌가각
1091358,김여사 많잖아
1091676,사이드를 밤에 줄 안보임
1091722,근데 긁는 놈들이 있어
1091748,한문철봐라 이상한사람 많다
1091798,와 ㅅㅂ 채팅창에 장롱면허 대거출현했네
1092215,사이드미러 안보는 애들 존나많아
1092281,그니까 카메라도 의미없는데 있으면 좋잖아 저선도 마찬가지지
1092504,그걸 모르는 애들이 있어서 ㅇㅇ
1092572,긁잖아
1092658,사실 배웠으면 못하는게 이상한거임
1092929,오래걸리긴해도 사이드보면 못긁지
1092962,ㄹㅇ
1093492,타이칸은왜
1093551,티모실명맞아서 안보이나보죠
1094253,다 하면 사고가 왜남
1094436,사이드 미러 보는게 아니라 주차할때 내가 중앙이 맞는지 보는거
1094441,나는 주차할때 후방카메라 절대안쓰는데
1095229,긁는 애들을 위한 거니까 문제는
1095329,뿌가각
1096173,님도 타이칸 긁었자나요
1096199,님은 왜긁음
1096621,근데 초보는 사이드미러 볼 줄 몰라
1097936,초보땐 긴장 많이 돼
1098299,옆차가 없으면 편함
1098401,밤에 잘 안보이긴 함
1098439,그냥 좀 넘어가
1098596,ㅇㅇ
1098816,ㅇㅇ
1099615,긁으면 운전접어 ㅡㅡ
1100162,당연하짘ㅋ
1102248,뿌가가가각ㄱ
1102427,ㅇㅈ
1102460,90대 틀딱도 차몰고다니는 세상인데 없는것보다 낫다 ㅇㅇ
1102571,진짜 세금 저따꾸로쓰고잇네 애흌ㅋ
1102729,있음 좋지 뭘
1102788,6000원이면 그래도 쓸만하지
1103089,당연히봐야죠
1104042,테슬라 사세요라
1104250,카메라만 보면 잘못하면 긁음
1104407,6000원인데 뭐
1104740,그건 브실골보고 플반응 왜 못하냐는거랑 똑같은거임
1105166,맞지
1105366,뿌가가각 시절은 벌써 잊으셨나요
1105524,뿌가가가각
1105621,밤에 잘보임
1106672,초보는 카메라만봄ㅋㅋㅋㅋㅋ
1106802,브론즈 실버는 어느세계에나 있자낭
1107168,ㅋ
1107406,<< 몸으로 체득함
1107856,맞다맞다
1108191,후방카메라 왜봄
1108314,타이칸 아는사람
1108383,님은 타이칸 왜 긁으뮤
1108439,그냥 중심잡으려고 보는거
1108463,(필기2트)
1108536,ㄴㅋㅋㅋㅋㅋㅋㅋㅋㅋㅋ
1108557,헉
1108713,타이칸ㅋㅋㅋㅋㅋㅋㅋ
1108844,ㅋㅅㅋ
1109402,ㅋㅋㅋㅋ
1109995,아하
1110005,뿌가가 ~
1110028,ㅋ
1111250,{:monsMonsLaungh:}
1111307,타이칸 ㄱ-
1111414,아니 라고 하지말고 그냥 공감하시라구여
1111464,타이칸 ㅋㅋㅋ
1111637,ㅋㅋㅋㅋㅋㅋㅋ
1111672,그걸 못하는 놈들을 위해 만드는거야
1111803,맞지여
1111815,ㅋ
1111834,주차장이서 긁은건 팩트임 ㅇ
1112088,초보가 말이 안돼는게 초보면 차를 사지마 ㅅㅂ
1112094,뿌가각 ~~~
1112099,ㅋㅋㅋㅋㅋㅋㅋㅋ
1112314,그냥 좀 공감하고 넘어가 샤갈
1112681,보조장치는 있으면 좋은거지 만드는데 6천원인데
1113253,넵
1113598,그 사건
1114387,주차는 잘해
1114416,뿌가가각
1114835,근데 뭐 6천원인데 잘보이면 좋네
1114867,그때는 사이드미러 안봤나요?
1114922,뿌가각
1115014,ㅋㅋㅋㅋㅋㅋㅋㅋㅋㅋㅋㅋㅋㅋㅋ
1115210,타이칸 ㅋ
1115366,자랑이다
1115488,뿌가각행동
1115786,그래 혼자 긁은 거면 인정이지
1115963,{:d_106:}
1116351,마음 아프다 타이칸
1116486,타이칸 언급하지마세요
1116577,ㄱ-ㄱ-
1117583,타어게인
1119434,그냥 택시 타고다녀라
1119744,자랑이다
1120084,뿌가각 ㅋㅋ
1120090,suv는 차체가 높아서 사이드미러로 밑에 차선까진 안보임
1120092,{:lck_28:}
1121221,한문철을 자주 안보는구나
1122041,그러니까 잔면 주차는 안보이잖아 애들아
1122167,ㄹㅇ임
1122582,맞는 말임
1122747,ㄹㅇ
1123803,누가 모르냐고
1124933,ㄹㅇ
1125242,ㄹㅇ
1125830,맞는말이야
1125958,ㅇㅇ
1126412,환아 공감해라
1126733,누가 모르냐
1126896,오 운전좀 치시나
1127311,누가모르냐
1127587,캬
1128373,ㄹㅇ
1129029,그런 놈이 타이칸을
1129307,{:d_126:}
1129670,ㅗㅜㅑ
1130335,누가
1131222,저기있네 ㅋㅋㅋ
1134178,타이칸 출고하자마자 주차장 나가다 뿌가가각
1134304,첫기스썰 ㄷㄷ
1134578,이걸 모르면 운전하면 안됨
1134827,옛날에는 없이도 잘했어
1135252,사이드 빽미러 이것만 잘 봐도 카메라 필없음
1136165,큰 차도 가?능
1136189,아줌마들 사이드미러 ㅈㄴ 안보더라
1136403,긁어본사람
1136510,와
1136890,조명 없는 노상 주차장은 밤에줄 하나도 안보이는데
1137660,그것을 못하니까 배려하는거임
1137747,카메라 없을 땐 다 그러고 살앗지
1137921,어흐
1137933,어흐
1137936,그럼 님은 왜 사고남
1138029,오
1138047,이거지
1138284,ㄳ
1138284,오
1138409,어흐
1138776,캬
1138816,어흐
1139091,오
1139106,캬
1139132,오우
1139257,오ㅓ
1139292,와
1139766,보소..
1139803,어흐
1140449,와
1140499,{:d_46:}{:d_46:}{:d_46:}{:d_46:}{:d_46:}{:d_46:}
1140627,오
1140667,고맙다
1140918,캬
1142145,{:d_109:}{:d_109:}{:d_109:}{:d_109:}{:d_109:}
1142203,어흐
1142399,오
1142486,?
1142550,헉
1142912,와
1143110,어흐
1143267,캬
1143423,어
1143470,젊네
1143554,오..
1143633,오.................
1143953,캬아
1144100,오
1144428,우왓
1145232,ㅇㄷ
1145355,ai아님?
1145977,?
1146483,{:d_46:}{:d_46:}{:d_46:}
1147295,ㅋㅋㅋㅋㅋㅋㅋㅋㅋ
1147372,코커지는거봐라
1147501,{:monsMonsHeap:}{:monsMonsHeap:}{:monsMonsHeap:}{:monsMonsHeap:}
1147503,?
1147703,ㅋㅋㅋㅋㅋㅋㅋㅋ
1147786,ㅋㅋㅋㅋㅋㅋㅋㅋㅋㅋ
1147991,오케이
1148017,?
1148045,음?
1148081,?
1148091,노꼴
1148112,어흐
1148186,?
1148320,??
1148367,?
1148447,??
1148472,?
1148474,맛있겠다
1148515,?
1148533,2번째짤은 좀 위험하네
1148563,ㅋㅋㅋㅋㅋㅋㅋㅋㅋㅋㅋ
1148606,캬
1148882,?
1148912,ㅋㅋㅋㅋㅋㅋㅋㅋㅋㅋㅋㅋㅋㅋㅋㅋㅋㅋㅋㅋㅋㅋ
1148927,와
1148977,{:d_265:}{:d_265:}{:d_265:}{:d_265:}{:d_265:}{:d_265:}{:d_223:}{:d_223:}
1149096,륜....이 보이는데
1149319,으럇으럇
1149364,ㅓㅜㅑ
1149487,?
1149489,?
1149837,?
1149850,{:d_94:}{:d_94:}{:d_94:}{:d_94:}
1149871,다 젊은 피네
1149887,방종하고 피곤해서 잘듯
1149919,?
1149993,쥐평 ㅋㅋ
1150036,ㅋㅋㅋㅋㅋㅋㅋㅋㅋㅋㅋㅋㅋㅋㅋㅋㅋㅋㅋㅋㅋㅋ
1150186,스머님
1150219,ㅋㅋㅋㅋㅋㅋ
1150445,같이 ㄱ
1150466,ㅋㅋㅋㅋㅋㅋㅋㅋㅋ
1150624,?
1151051,ㅋㅋㅋㅋ
1151213,{:d_108:}
1151329,ㅋㅋㅋㅋㅋㅋㅋㅋㅋㅋ
1151343,누구마음대로 방종해
1151416,와 ㅈㄴ크다
1151888,와
1151907,ㅋㅋㅋㅋㅋㅋㅋㅋㅋㅋㅋㅋㅋㅋ
1152196,캬 ㅋㅋㅋㅋ
1152238,예?
1152306,개꼴
1152562,{:monsMonsHuhu:}{:monsMonsHuhu:}{:monsMonsHuhu:}{:monsMonsHuhu:}
1153715,뭐가뒤졌다는....
1153832,환아 몇연딸이냐
1153873,어흐
1154494,미친새끼 ㅋㅋ
1154655,아 아다치 유리
1155037,ㄹㅇ 물쥐 다시보기 보면서 으럇으럇 ㅋㅋ
1155497,ㅋㅋㅋㅋㅋㅋㅋ
1155694,같이보자
1156331,이생퀴 코 ㅈㄴ 커진다
1156482,요이요이~
1156526,카페에 후기 남겨 주세요
1156631,같이보기 ㄱㄱ
1156737,방송 키고 해
1157233,으럇으럇
1157421,어흐
1157754,방종할까
1158173,난 지금 하러감 ㅋㅋ
1158926,오케이 ㅇㅈㄹ ㅋㅋㅋㅋㅋㅋ
1159047,맨들맨들 미끌미끌 어흐
1159366,ㅋㅋㅋㅋㅋㅋㅋㅋㅋ
1159407,난 지금 되지롱 ㅋㅋㅋㅋㅋㅋ
1159431,오케이 죽어보자 걍
1159449,쥑공카 가입핡게요
1159707,스캔완료
1160112,실하네
1160450,물쥐야 너오늘 내 상상속에서 아주
1160641,몇일됌?
1160665,다녀올게
1161351,흠
1161764,너 일어나봐
1162413,코켜졌네
1162559,씨익
1162785,같이보기는 ㅋㅋㅋ
1163025,고맙다 누군지는 몰라도
1163119,ㅋㅋㅋ
1163298,지금 하고 오셈 ㅋㅋㅋ
1163326,할건해야지
1163627,방송 키고 해라
1164049,요청하셨어요?
1164112,난 하는중 ㅋㅋ
1164635,물쥐야 일어나봐라 커졌냐
1165713,반응온거같은 표정이네
1166311,표정 킹받네
1166771,뒷 좀 그만해
1168134,카페가 너무 유익하다 도움 많이 된다
1168184,다녀올게 롤 시작해놔
1168319,고추터지겟네
1168403,다 배우라고? ㄹㅇ ㅁ띤
1169235,ㅋㅋㅋㅋㅋㅋ
1169511,ㅋㅋㅋㅋㅋㅋ
1170215,ㅋㅋㅋㅋㅋㅋㅋㅋㅋ
1170490,;;
1171104,생방으로 해줘라
1171384,다녀와요!
1171462,어흐
1171507,얼마나 걸림?
1171545,같이 맞딸 ㄱㄱ
1172438,ㅋㅋㅋㅋㅋㅋㅋㅋㅋㅋ
1172658,혼테일 잡을때 다녀올게
1172709,ㅋㅋㅋㅋㅋㅋㅋ
1173524,{:d_133:}{:d_133:}{:d_133:}
1173999,캠끄고 ㄱ
1174240,온팬?
1174275,같이보기 ㄱㄱㄱㄱㄱ
1174575,생뱅 ㄱㄱ
1175358,오른손 들어라
1175702,?
1175818,?
1176143,?
1176399,다녀와
1176462,?
1176611,ㅋㅋㅋㅋㅋㅋㅋㅋㅋㅋㅋㅋㅋㅋ
1176612,ㅋㅋㅋㅋㅋㅋ
1176617,ㅋㅋㅋㅋㅋㅋㅋㅋ
1176950,ㅋㅋㅋㅋㅋㅋㅋㅋㅋ
1176969,ㅋㅋㅋㅋㅋㅋㅋㅋㅋㅋㅋㅋㅋㅋㅋㅋㅋㅋㅋ
1177060,라방 코코이 가자
1177068,?
1177611,ㅋㅋㅋㅋㅋㅋㅋㅋㅋㅋㅋ
1177630,뭐냐
1177667,ㅋㅋㅋㅋㅋㅋㅋㅋㅋㅋㅋㅋ
1177993,ㅋㅋㅋㅋㅋㅋㅋㅋㅋㅋㅋㅋㅋㅋㅋㅋㅋㅋ
1178179,엄...
1178307,?
1178327,?
1178443,ㅋㅋㅋㅋㅋㅋㅋㅋㅋㅋㅋㅋㅋㅋ
1178451,??
1178496,ㅋㅋㅋㅋㅋㅋㅋㅋㅋㅋㅋㅋㅋㅋㅋㅋㅋㅋㅋㅋㅋㅋㅋ
1178709,????
1178779,{:d_126:}{:d_126:}{:d_126:}
1178866,ㅋㅋㅋㅋㅋㅋㅋㅋ
1178893,ㅋㅋㅋㅋㅋ 반도체 공정으로만든 피자
1178905,레전드
1179023,ㅋㅋ
1179173,?
1179305,?
1179321,3분만에 올듯 ㅇㅇ
1179451,?
1179712,ㅋㅋㅋ
1179742,씨발
1179829,습박 ㅋㅋㅋㅋ
1179924,19금 걸고 같이보가는 안되나요 물쥐님...?
1180105,야다..
1180303,ㅋㅋㅋㅋㅋㅋㅋㅋㅋ
1180660,씬피자냐
1180732,웃었다
1180901,씬피자임?
1180944,ㅋㅋㅋㅋㅋㅋㅋㅋㅋㅋㅋㅋ
1181398,저렇게 만들기가 더 어렵겠다
1181660,ㅋㅋㅋㅋㅋㅋㅋㅋㅋㅋㅋㅋㅋㅋ
1181690,ㅋㅋㅋㅋㅋㅋㅋㅋㅋㅋㅋㅋㅋㅋㅋㅋㅋㅋㅋㅋㅋㅋㅋㅋㅋㅋㅋㅋㅋㅋㅋㅋㅋㅋㅋㅋㅋㅋㅋㅋㅋㅋㅋㅋㅋㅋㅋㅋㅋㅋㅋㅋㅋㅋㅋㅋㅋ
1181724,벌집핏자가 왓노
1181843,AI라고 해줘
1182098,전이노
1182175,씬도우 좆되네
1182324,저건좀 너무한데
1182513,저게 씨발 피자냐?
1182698,ㅋㅋㅋㅋㅋㅋㅋㅋㅋㅋㅋㅋㅋㅋ
1182939,ㅋㅋㅋㅋㅋㅋㅋㅋㅋㅋㅋㅋㅋㅋㅋㅋㅋ
1182945,{:d_106:}{:d_106:}{:d_106:}{:d_106:}{:d_106:}{:d_106:}{:d_106:}
1183050,씬도우고른거아님?
1183171,ㄹㅇ이가
1183366,ㅅㅂㅋㅋㅋㅋㅋ
1183385,씬도우ㅋㅋㅋ
1183502,ㅋㅋㅋㅋㅋㅋㅋㅋㅋㅋㅋㅋㅋㅋㅋㅋㅋㅋㅋ
1183645,?
1183688,뭐냐?
1183697,시비르 게이야 ㅋㅋ
1183768,야다
1183877,시비르 튕부셔?
1183940,종이냐?
1184250,또띠아노?
1184570,웨미ㅣㅣㅣㅣㅣㅣㅣㅣㅣ
1184572,오레오 띤?
1184824,ㅋㅋㅋㅋㅋㅋㅋㅋㅋㅋㅋㅋㅋㅋ
1186043,과자임?
1186062,물쥐야 너도 성인용 인형 갖고 있냐? 전신돌 같은거 너는 집에 하나 있을 것 같아
1186272,냉동도 ㅇ나저래
1186735,웨미ㅣㅣㅣㅣㅣㅣㅣㅣㅣㅣㅣㅣㅣㅣㅣㅣㅣㅣㅣㅣ
1186903,피자 그림아님?
1187068,ㅋㅋㅋㅋㅋㅋㅋㅋㅋㅋㅋㅋㅋㅋ
1187135,종이아님?
1187265,만들기도 힘든데?
1187720,많이 심한데 ㅋㅋㅋㅋㅋ
1187739,야피자임?
1187793,zzzzzzzzzzzzz
1187981,포카칩이노 ㅋㅋ
1188021,씬이 아니라 ㅋㅋ
1188067,베이겠노 ㅋㅋ
1188165,ㅋㅋㅋㅋ 냉동도 안저래 ㅋㅋ
1188365,저딴게 15000?
1188382,피자 거의 1자네
1188659,만들다 말았노
1188998,냉동도 저거보단 두꺼움
1189383,종이 아님?
1189495,웨미ㅣㅣㅣㅣㅣㅣㅣㅣㅣㅣㅣ
1189506,씬피자도 저정돈 아닐거같은데
1189584,야피자님 그립읍니다..
1189603,ㅈ지랄이네 ㅋㅋㅋㅋ
1189980,냉동도 ㅅㅂ
1190374,냉동도 저렇게 안줘 ㅇㅇ;;
1190605,?
1190667,시비르아님?
1190742,ㅋㅋㅋㅋㅋㅋㅋㅋㅋㅋㅋㅋㅋㅋㅋ
1190847,뭐냐저건 ㅋㅋㅋㅋㅋㅋㅋㅋㅋㅋㅋㅋ
1190898,냉동도 저거보단 두꺼워
1190910,냉동도 저거보다 두꺼움
1191243,AI
1191330,ㅋㅋㅋㅋㅋㅋㅋㅋㅋㅋ
1191752,종이로 오린거 아님?
1191888,시비르 부메랑 ㅋㅋㅋㅋㅋㅋ
1191944,구라지
1192643,냉동도 저정도는 아님 ㅋㅋㅋ
1192888,저게 가능해?
1192989,와 레전드네
1193412,ㅋㅋㅋㅋㅋㅋ
1193440,뭐여
1193584,{:d_106:}{:d_106:}{:d_106:}
1193591,이건 말이안되지
1193744,ㅋㅋㅋㅋㅋㅋㅋㅋㅋㅋ
1194360,프린터로 뽑은거임?
1194437,시발 저게말이되냐 ㅋㅋㅋ
1194575,ai
1194823,걍 그림 아니노
1194933,슈의 피자가게 아님?
1194933,ㅋㅋㅋㅋㅋㅋㅋ프링글스임?>
1195195,피자에 손 베이겠노 ㅋㅋㅋ
1195320,손가락 뭐지요 ㄷㄷㄷㄷㄷㄷㄷㄷㄷㄷ
1195469,종이임?
1195545,웨이퍼 피자 ㅋㅋ
1195645,시비르 이 미친새끼
1195698,시비르네 ㅋㅋㅋㅋ
1195882,종이 같은데
1195932,ITS AI
1196089,종이네 ㅋㅋ
1196478,진짜 지랄맠 ㅋㅋㅋ
1196831,저 손가락은 진짜야
1197003,말이안되는데 ㅋㅋ
1197028,또띠아에 올린거 같은데
1197086,{:d_106:}{:d_106:}{:d_106:}{:d_106:}{:d_106:}{:d_106:}{:d_106:}{:d_106:}{:d_106:}
1197163,ㄹㅇ ai 아님 ㅋㅋㅋ?
1197205,고르곤졸라 피자도 저정돈 아니겠다
1198234,저리 만들기도 힘들거 같은디
1198553,같이보깈ㅋㅋㅋㅋㅋㅋㅋㅋㅋㅋㅋ
1198778,'thin'
1199498,손가락 자세히 보면 엄지 아님
1199627,저러케 하기뎌 어렵뎃댜
1199710,혼테일잡을때 다녀올게 쥐환아
1200723,A4용지에다가 만들었냐고 ㅋㅋㅋㅋㅋㅋㅋㅋ
1200809,저게 진/찌ㅏ 씬도우지 ㅇㅇ
1201330,또띠아에 쳐만들었ㄴ ㅔ피자를
1201409,ㅋㅋㅋㅋㅋㅋㅋㅋㅋㅋ
1203173,와
1203417,한국우승
1203561,왓
1203891,금메달 확정
1204993,금메달 확정 ㄷㄷ
1205023,빈집털이네
1205291,캬
1205383,굿
1205428,오피셜 뜸 중국 불참
1205612,우승~
1206410,우승
1207489,{:d_126:}{:d_62:}
1207708,공짜컵이노
1209161,중국 불참이면 무조건 우승하겟는데
1209579,중국없음 걍 놀이터 아님
1209681,승
1210006,짜피 한국우승
1210204,면제컵이네
1210285,중국 불참은 호재인데
1210747,쉽노
1211837,오만
1212036,나이스하네
1212371,군면제확정
1212695,오마ㄴ횽이야!!!
1212917,오만
1213611,대회 종료) 한국 우승
1213613,면제컵이네 ㄹㅇ
1214433,군면제컵이다 ㅋㅋㅋㅋ
1214593,기인 오너 오열
1214700,바로 면제슈웃
1215246,오케이 이의신청할게요
1215895,ㅋㅋㅋㅋㅋㅋㅋㅋ
1215902,군면제 축하
1216314,군면제확정!!!!!!!!!
1216329,우승
1216954,ㅋㅋㅋㅋㅋㅋㅋ
1217372,ㅋㅋㅋㅋ
1217779,ㅋㅋㅋㅋㅋㅋㅋㅋㅋㅋㅋ
1217849,ㅋㅋㅋㅋㅋㅋㅋㅋㅋㅋㅋㅋㅋ
1217912,걍 면제컵이네
1218118,ㅋㅋㅋㅋㅋㅋㅋㅋㅋㅋㅋㅋ
1218295,ㅋㅋㅋㅋㅋㅋㅋㅋㅋㅋㅋㅋㅋㅋㅋㅋㅋㅋㅋㅋㅋㅋㅋ
1218362,중국 불참이면 볼만한 경기 없겠는데
1218666,ㅋㅋㅋㅋㅋㅋㅋㅋㅋㅋㅋ
1218720,ㅋㅋㅋㅋㅋㅋㅋㅋㅋㅋㅋㅋㅋㅋㅋㅋ
1218939,ㅋㅋㅋ
1219434,ㅋㅋㅋㅋㅋㅋㅋㅋㅋㅋ
1219436,저기요.
1219688,이거 못이기면 그냥 ㅈㅈ 다 떠먹여줬네
1219767,ㅋㅋㅋㅋㅋㅋㅋㅋㅋㅋㅋㅋ
1219868,ㅋㅋㅋㅋㅋㅋㅋㅋㅋ
1219977,ㅋㅋ
1220007,ㄹㅇ
1220270,ㅋㅋㅋㅋㅋㅋㅋㅋㅋㅋㅋㅋㅋㅋㅋ
1220686,ㅋㅋㅋㅋㅋㅋㅋㅋ
1220687,아니긴해
1222146,ㅋㅋㅋㅋㅋㅋㅋㅋ
1222905,5물쥐는 ㅋㅋㅋㅋ
1223321,ㄹㅇ
1223634,물쥐 5은 좀
1224092,{:d_106:}{:d_106:}{:d_106:}{:d_106:}
1224592,그건아니지..
1224617,역대급 면제컵
1224857,ㅋㅋㅋㅋㅋㅋㅋㅋㅋㅋ
1225067,ㄹㅇ
1225078,ㄹㅇ
1225087,ㄹㅇ
1225695,ㅋㅋㅋㅋㅋㅌ
1226337,면제각
1226562,면제팀 ㅋㅋ
1226771,미드물쥐가 싸서 짐
1227042,ㄹㅇ
1227602,ㄹㅇ
1227924,28일로 끝남
1229482,서로 징징대겠노
1230049,5물쥐가도 따는거 아님?
1230456,괴물쥐 투입
1230485,ㄹㅇ
1231297,중국 왜 안나옴?
1231382,그럼 언론에 개처맞을걸
1231893,team 군면제
1232634,중국 없으면
1232779,페이커 제우스 케리아 아웃?
1233218,그러면 논란 생기지
1233716,박종우 괴물쥐
1233885,역대급 면제컵
1234524,미드 정글 탑 물쥐 똥쟁이라 안됨
1235244,면제 원정대 ㄲㅂ
1235584,면제컵
1235739,중국없어서 진짜ㅈ밥들만있네
1236394,5물쥐는좀..
1236719,면제가 중요하지
1236968,로스터 바꿀 수 있나
1238480,?
1238845,남탓만 하다가 끝나겠노
1238932,캬..
1238936,캬
1239649,어디임???
1240488,마딱이 5명으로 어케 우승함
1240812,5물쥐
1240943,키스 1900원?
1241534,ㅏㅏㅏㅏㅏ
1242030,면제팀 나가서 준우승하면 개꿀잼
1245138,예?
1245417,뭐임
1245826,삽입은 얼마임?
1247355,나도나도
1247838,?
1248863,ㅈㄴ한신하네
1249233,싸네
1249316,방제 뭐임?
1249317,저런거 하면 병걸림
1249328,장기털린다
1249504,저도 갈래요
1249673,ㅈㄴ싼데?
1249965,어디임?
1250184,싸네
1250283,싸다싸
1250468,좋은데요..?
1250831,개싸네
1251065,면제컵좋은데요?
1251967,솔직히 캐리아랑 페이커는 실력과 레번드라서 인정인데 제우스는 솔직히 비꿀만함 ㄹㅇ 인정?????
1252002,미즈하라보다 싸다
1252877,단가 ㅈㄴ싸네
1252914,싼데?
1253153,저거 트젠아니냐
1253364,와
1253933,어디임?
1254291,중국표 끊었다 ㅇㅇ
1254449,넣기 5천원 ㄷㄷ
1254584,넣는건?
1254698,물쥐야 난 5백원 어떄
1254914,캬
1256530,오
1256893,무서운데 오히려
1256959,어디임?
1257036,싼데?
1257242,남자임
1257540,너무 싼데?
1258070,가성비 ㅈ되네
1258754,싸악
1259522,나도 하고싶다
1260286,ㄹㅇㅋㅋ
1260331,씨익
1260551,중국식 주작
1260585,야스도 있음?
1260633,ㅈㄴ싼데
1260658,집안청소 개꿀인데
1261173,10시간 청소 3만원은 개꿀인데
1262010,이건 좀..
1262603,싼ㄴ데??
1263130,ㄹㅇ 너무 싸서 주작같은데
1264086,환아 중국인구 10억이다
1264690,그리고 중국이 아니라 대만같은데
1265217,저러면 가정부로 쓰는게
1265560,ㅈㄴ싸네
1265567,짱깨는 다주작임
1267301,중국이라 가능할수도
1267404,주작인지 확인해보고옴
1267757,바이럴같은데
1267833,혹시.. 야스는 얼마인가요..?
1268792,스타랙스와서 퍽치기당하고 실린다
1269139,저렇게 해놓고 아줌마 나옴
1272374,중국 물가가 저돈으로 생활이 안됨 주작
1272795,쥐환아 오늘 혼테일 가냐?
1273741,메이플 쩔 1시간 950 ㄷㄷ
1274082,중국 인력난이 심각하던데
1275270,ㅇㅅㅇ
1276104,왜 주변에없냐 저런건
1276313,엄청 싸긴 할 듯
1277119,딴데 일시키러 보내고 3만원주고 나머지 가지면 ㄱㅇㄷ
1277406,안감
1279494,뭔데이게
1281052,구라인지 아닌지도 모르는거 아님?
1281944,근
1282641,얘 이렇게 긴 글 못읽음
1283357,ㅈㅉㅇㅇ?
1284568,흠
1284622,근
1284660,잠쩔보다싸노 ㅋ
1285517,지환아 중국은 한달 100도 못 버는 ㅅㄲ들 ㅈㄴ 많아서 그런다
1285857,물쥐 3줄 넘으면 안읽는다
1285979,유익하네요..
1286737,흠..
1287173,음?
1287185,넵
1287197,음~
1287633,{:d_126:}
1287894,이해못함ㅋㅋㅋㅋㅋ
1288091,음
1288612,네~
1288680,글 긴거 못읽어
1288906,즐
1289408,<<뭔지모름
1289722,갑분역사시간
1289741,넵!
1290153,아는척
1290483,<< 이해못함
1291339,수공 구라라고?
1295392,음 ... 그랬구나~
1295524,오..
1296610,으악
1296891,어흐..
1297761,ㅋㅋㅋㅋㅋㅋㅋㅋㅋ
1298256,오...
1298388,어
1298533,어?
1299005,ㅗㅜㅑ
1299176,좀 야하네
1299681,어흐
1299810,ㅈ같노
1300346,내거만하네
1301200,안돼
1301523,소세지가 왜남아
1301597,?...
1301900,?
1302358,오
1302411,아니 내피를 손으로
1302752,{:d_108:}{:d_108:}{:d_108:}
1302773,흠
1303361,오
1303534,오..
1303647,어어
1304618,?
1305138,ㅋㅋㅋㅋㅋㅋㅋㅋㅋ
1305168,?
1305249,야한데?
1305470,아악
1305702,오.........
1305741,왜 눈물이..
1308789,저게 소시지임?
1311408,?
1312486,예?
1312560,악
1312611,?
1312713,헉
1312736,내꺼다
1312759,?
1312786,ㅋㅋ
1313100,?
1313382,?
1313963,???
1314260,?
1314297,?
1314378,?
1314379,?
1314599,뭣
1314635,포경전
1314636,ㄹㅇ
1314742,?
1315039,?>
1315071,어허 ㅋㅋㅋㅋㅋ
1315285,?
1315459,?
1315556,노포임?
1315631,?
1315700,'
1315882,스머님?
1316493,;;
1316534,{:d_108:}{:d_108:}{:d_108:}{:d_108:}
1316570,?
1316668,ㅋㅋㅋㅋㅋㅋㅋㅋㅋㅋㅋㅋㅋ 아니 내께 왜 저기에
1316712,포경
1316803,?
1316998,아으
1317073,?
1317110,?
1317232,아으
1317324,오…
1317336,수술 안함?
1317410,자 ㅈ 잖아요
1317453,넌 본적없자나
1318255,으악
1318277,제꺼 같네요 ㅎㅎ
1318413,?
1318722,쥐평 ㅋㅋㅋㅋ
1318759,더러운새끼
1318782,왜 아프냐
1318931,?
1319175,?
1319705,쥐평
1320111,손놀림이 야하네요
1320338,어흐
1320338,내꺼보다 좀 작네
1320649,ㅋㅋㅋㅋㅋㅋㅋㅋㅋㅋ
1321067,노포
1321207,고전짤?
1321408,초딩임?
1321481,ㅋㅋㅋㅋㅋㅋ
1321652,?
1321826,믿힌 내꺼당ㅋㅋㅋㅋㅋㅋㅋㅋㅋㅋㅋㅋㅋㅋㅋㅋㅋㅋㅋㅋㅋㅋㅋㅋㅋㅋㅋㅋㅋㅋㅋㅋㅋㅋㅋㅋㅋㅋㅋㅋㅋㅋㅋㅋㅋㅋㅋㅋㅋㅋㅋㅋ
1321847,님아
1321919,쥐평 ㅋㅋ
1322696,??
1322875,{:d_108:}{:d_108:}{:d_108:}
1323018,내꺼가 왜 저기에?
1323186,소시지 자주 드시;나 봐요
1323861,게이세요?
1324858,개더럽네 씹
1325009,절대 돈가스를먹으러가지마
1325237,ㅋㅋㅋㅋㅋㅋㅋㅋㅋㅋ
1325631,으악
1325751,{:monsMonsLaungh:}{:monsMonsLaungh:}{:monsMonsLaungh:}
1325840,고래
1326648,{:d_116:}
1326704,{:hejingEhh:}{:hejingEhh:}{:hejingEhh:}
1327359,물쥐껀 비엔나아님?
1327537,지금도 보고잇긴해
1328605,그것도 저렇게 뜨거운물 해도됨?
1328791,미친ㅋ
1328827,저두 저렇게 보관해요 흐흐
1328836,하읏 그만..
1328837,싹뚝
1328986,아오
1329090,흑인 대물 ㄷㄷ
1329142,영써티 ㄷㄷㄷ
1329177,ㅋㅋㅋㅋㅋㅋㅋㅋ
1329214,시꺼멓네
1329727,아 ㅅㅂ
1329814,ㅋㅋㅋㅋㅋㅋㅋㅋㅋㅋㅋㅋㅋㅋ
1329885,아... 왜 아프냐?
1330233,제 몸에 있는건데
1330409,아오 시1발ㅋㅋ
1331852,머가머가{:d_58:}
1331869,{:d_106:}{:d_106:}{:d_106:}
1332309,으악 잔인해
1333886,니껀 ㅈㄴ 얇잖아 거짓말치지마
1334689,bb
1335274,{:d_52:}{:d_52:}{:d_52:}{:d_52:}
1335393,흠
1335434,b
1335843,?
1336173,근가..
1336290,{:d_94:}{:d_94:}{:d_94:}
1336396,해봐
1336711,ㅋㅋㅋㅋㅋㅋㅋㅋㅋㅋㅋㅋㅋㅋㅋㅋㅋㅋㅋㅋㅋㅋㅋㅋ
1340128,해보던가
1340296,뭐가돼?
1340312,안상함?
1340381,한국은 안됨
1340793,굿
1341114,내게 왜 저기에
1341703,뭐가
1341906,물쥐는 천하장사 아님?
1342188,이미 뜨거운 물을 부엇거
1343132,걍 먹자
1343427,뜨거운물로 물쥐꺼로 해보죠
1344163,ㅋㅋㅋㅋㅋㅋ
1344442,애초에 한국에 저런 소세지가 별로 없지 않나
1344902,{:d_51:}
1345413,헉
1347748,ㄱ-
1347933,저거 개웃긴데
1348023,ㄱ-
1348285,내말 무시말라 ㄷㄷ
1348889,현아..
1354486,물쥐님 굵기 맥스봉만할거같음
1355731,한국은 습하고 더워서 소용없음 버터 보관법도 다름
1358632,노래 습박{:d_106:}{:d_106:}{:d_106:}{:d_106:}{:d_106:}
1358697,ㅇㅇㅇ
1360418,2
1361200,물과님 근데 월드컵 포르투갈 경기 같이볼거임?
1361692,질럿이지
1365868,아비터지
1366443,하도 불순한 의도들이 많아서
1366747,닥질럿이지
1367207,아비터 아니냐?
1368091,너 보라고 쓴거아님
1368505,{:d_126:}
1372502,물론이죠
1372586,미니 울트라지
1373017,반드시 봐야지
1373896,그게 자유게시판이지
1373907,siuuuu
1374207,떡딱이지 저그에겐 개재앙임
1375137,질럿이지
1375172,테란은 질럿 별로 안까다롭지
1376769,SIUUUUUUUUUUUUUUU
1377690,?
1379323,siuuuuuuuuuuuu
1380013,캬
1380305,초반질럿 개빡치는데?
1382699,카페 망했네
1384737,Siuuu
1386437,아오 물쥐 한테 3줄이상 보여주지말라고
1386522,?
1386878,아오 환기견
1387939,공청
1388166,코로
1388697,?
1388709,ㅋㅋㅋㅋㅋㅋㅋㅋㅋㅋㅋㅋ
1389511,음?
1389768,그건 환기가 아니에요
1390483,코기청정기가 있는데 굳이?
1390790,음음
1391600,비싼거임?
1391928,공기청정기 죽겠노 ㅋㅋ
1391959,코로 환기합니다 ㅋㅋ
1392102,거제야호~
1392281,아
1392913,공기청정기는 환기가 아니에요
1393698,ㅋㅋㅋ
1394291,영크크 ㅋㅋㅋㅋ
1394344,거제야호~~
1394744,물쥐 야호
1397729,카페 망했네
1398085,야르
1398447,저게 뭐임?
1398965,야르
1399821,야호~
1400129,ㄱ거제 야호~
1400498,ㅋㅋㅋㅋ 지환님은 코로 다 빱니다
1402848,공기청정기는 환기안되는데
1403468,ㄹㅇㅋㅋ
1403763,ㄹㅇ
1404211,<<<<<<<<
1405047,야르
1405162,얄
1405163,ㄹㅇㅋㅋ
1405191,야rrrrrrrrrrrrrrrrr르
1405250,근데 공청기로 환기를 어케하냨ㅋㅋㅋㅋㅋㅋ
1405571,야르 ㅋㅋ
1406031,야르 ㅅㅂ
1406122,야르가 뭔데
1406330,야르~
1406526,<<<<<<<<<<<<
1406592,코르
1406638,오히려 야르는 틀딱이 더 잘알아
1406914,<<<<<<<
1407025,아자스
1407203,?
1407278,나우아임염은 뭐냐
1407281,야르
1407378,야르
1407774,근가
1407786,ㄹㅇㅋㅋ
1407979,개야르
1407988,야르
1408209,야호는 알지
1409011,물어야르
1409112,야르가 뭐임
1409982,야르!
1410061,야르가 뭔데
1410306,야르가 뭔데
1410635,야르도 옛날거라는데
1411183,마지노선
1411324,거제  야호
1411351,물쥐의 회심의 유행어 1위 야다가 왜 없지?
1411594,늙크크<<<<<<<
1411741,거제 야호 모름?
1411990,샤갈
1412206,언제적 야르노
1412261,놀라운사실 야르가 ㄹㅇ 틀단어임
1412354,무도에서 시작된 야르 ㅋㅋㅋ
1412395,늙크크
1412429,영크크 모르면 틀임
1412551,이제 야르 알면 개틀딱임?
1412865,야르는 ㅈㄴ 옛날부터 있었는데
1412936,메순간 오만하게 티내시오 모르면
1413610,야르가 뭔데
1413721,야르~
1413843,야르 좀 지남
1413855,야호를 몰라
1413960,지가 야르만 아니까 ㅋㅋ
1414106,야호 아냐
1414376,야르는 진짜 개틀들도 알아
1414516,마이야르
1414820,야르~~~~
1414873,늙크크가 뭔데
1415201,이제는 야호지 ㅇㅇ
1415647,야르가 뭔데
1415902,야르 -> 아자스 까지가 국룰임 ㅇㅇ
1416053,야호는 요즘 좀 유명한듯
1416126,늙크크
1416162,야르~
1416173,지환이횽이야
1416746,틀
1416878,야르를 몰라????
1417009,ㄹㅇㅋㅋ
1417040,뭐냐고
1417177,동결건조가 밈임?
1417356,늙크크
1417641,야르도 옛날건데 개틀딱시절
1417645,마이야르요?
1417880,물쥐야 이번 시즌 점수 다시 올릴 생각은 없냐?
1418457,<<<<<<<
1418959,야르도 철 지남
1419174,ㅇㅈ
1419708,티모 드가자
1420163,거제 ~ 야호 ~
1420647,겆제 야호
1421086,야르 너에게 들어서 알긴 한데 별로 쓰고 싶지는 않음
1421368,개큰 야르
1421709,거제 야-호
1422247,야르가 뭔데
1422369,거제야호몰라?
1422539,괴물쥐 야르
1422548,야스오 나르 아님??
1422566,야르 개노잼임
1422604,야다..
1423009,야르가 뭐임 나르는 아는데
1423140,진짜 티모원딜 왜 하냐
1423551,<<<<<
1424095,늙크크<<<<<<<<<<
1424187,늙크크 ㅋㅋㅋ
1424363,야호~
1424534,뜻은 있는거냐?
1425216,ㅋㅋㅋㅋㅋㅋㅋㅋㅋㅋㅋㅋㅋㅋㅋㅋ
1425435,ㄹㅇ 개 틀딱임 ㅋㅋㅋ
1425723,거제 야호~~~~~~~~~
1426401,야르는 인죵 ㅋㅋ
1426494,오 영크크 알아 ?
1426553,ㅋㅋㅋㅋㅋㅋㅋㅋㅋㅋ
1426761,그러니까 야르가 뭐냐고
1427086,아오 영포티
1427695,환아 이젠 야호 << 이거다
1427770,<<< 늙크크
1428022,늙크크ㅋㅋ
1428193,티모 너프됬는데 하나요ㅕ
1428556,그니까 ㅋㅋㅋㅋ
1428838,야르 지금 50대 들이 어릴때 쓰던 유행언데 다시 돈거 웃김 ㅋㅋ
1428918,야호
1429752,ㅋㅌㅋㅋㅋㅋ
1429803,물쥐도 늙크크아닌감
1430143,늙크크가 뭐임
1430183,야르따라영포티는?
1430187,늙크크는 무슨말임?
1430276,마이야르 ㅇㅈㄹ하네 개패고싶네
1430977,티모원딜은 유행픽인가요
1431098,물쥐가 아는 정도면 모르면 안 되긴 해
1431390,ㅇㅋ 하나 배웠다 늙크크
1431704,메오티 모르면 개틀딱이지 ㅇㅇ
1432088,야르 00년도 초딩때도 썼었음
1432369,거제야호도 모르면 안되긴함 ㅋㅋ
1432522,0ㅋㅋ 안다고?
1433497,야한나르 아닌가요 ?
1433640,영크크가 뭔데
1434470,티모 원딜 야르 두개재
1434652,티모 야~호
1435223,뭔
1435575,하렐야르
1435636,모모모
1436347,야스오 나르는ㅋㅋㅋㅋㅋㅋㅋㅋㅋㅋㅋㅋㅋ
1436956,고문시작
1437052,유튜브에 거제야호 검색 ㄱㄱ
1437175,진짜 개영포티같네 ㅋㅋ
1437546,야호
1438379,티모 하는애들 한판하고 한달정지 해야함
1438915,물쥐는 야스오 나르밖에 모름
1439097,아 종겜 좀 해라ㅡㅡ
1440900,오늘도롤 물지님 사랑해🤍
1441068,거제야호~
1441174,야르도 이제 안쓴다
1441654,근데 야르는 틀딱도 알듯
1441692,야르 모르면 40살이상아니냐 최소
1441750,거제 야호
1441759,틀
1442014,늙어서 그래
1442280,물쥐야 내일 경쟁 몇시에해?@@@@@@@@@@@@@@@@@@@@@@@@@@@@@@@@@@@@@@@@@@
1442362,영상을봐야됨
1443571,거제야호~
1443620,무야호
1444200,야~호 ~
1445074,야호 모르는거보니 틀이네
1445474,물쥐 야허
1445537,야호몰라?
1445876,물쥐 야호~
1445914,무야호 모르면 틀딱임
1445955,쥐모 씹
1446090,ㅈ같은 밈이냐
1446129,물쥐 야호
1446252,근 드가자
1447035,대전 야호~~~
1447571,거제 야호~
1448243,티모원딜 뭔데
1448333,틀닥닥
1448564,영상을 봐야됨
1448675,ㅅㅂ 영포티같아
1449097,야르
1449180,나
1449526,거제 야 호~
1449638,?
1449827,?
1450067,{:lck_2:}{:lck_2:}{:lck_2:}
1450285,흠
1450807,와..
1450842,{:monsMonsHuk:}
1451117,거제 야호
1451171,아으 씨ㅡ발럼
1451475,ㅈㄴ 틀같다
1451546,틀내 지리노
1452115,ㅋㅋㅋㅋㅋㅋㅋㅋ ㄴㄴ 이젠 티모 야호임
1452237,Yarrrrrrrrrr
1452591,응 정글걸려
1452774,야다
1452867,틀
1453506,티모 야호~
1453567,?
1453600,티모 야~호~
1453838,거제무야호~
1453901,ㅋㅋㅋㅋㅋㅋ
1454109,영포티같네
1454129,ㅋㅋㅋㅋㅋㅋㅋㅋㅋㅋㅋㅋㅋㅋㅋㅋㅋ
1454308,어~흐~
1454485,에휴
1454541,{:lck_2:}~ 야르
1454672,{:d_126:}{:d_126:}{:d_126:}{:d_126:}
1454707,야다 말고 야르야 이제?
1455225,야르
1455239,하기전에 패치노트 보고하죠 티모 너프된거 같던데
1455581,물쥐야 32살되면 무슨 기분이야?
1455629,야스
1455842,늙크크
1455890,티원
1455999,협곡 야호~
1456098,ㅈㄴ틀딱같앗어 방금
1456142,와...
1456153,협곡 야호~
1456217,틀내난다
1456640,유행 긑
1456853,틀 같다
1457078,에휴
1457354,쥐포티
1457379,아..
1458076,야르 모른다
1458255,티모원딜 진짜 유표ㅗ하지마 개 ㅈ같음
1458381,동숙이형 따라가네
1458680,유행 끝남
1458982,유행 다 뒤졌노
1459078,티모원딜 킹왕짱~
1460168,진짜 전현무 같당
1461197,야다..
1462184,야호 모르면
1462282,ㅈㄴ 홀애비냄새나니
1462305,억지로하는거같네
1462579,겁내 아저씨같이하네
1463504,야르도 유행 막바지긴해 음...
1463896,나이먹고 야르하니까 진짜 없어보이긴하네
1464253,얘가 하니까 진짜 틀딱같네
1464444,밈 사망 ㅋㅋ
1465874,{:monsMonsHaha:}{:monsMonsHaha:}{:monsMonsHaha:}
1465909,ㅅㅂ 억지 유행따라가는 틀딱같네
1466267,티모원딜 킹왕짱 엄친아~
1466413,환아 티모 야호라도 해라 ㅇㅇ..
1468127,영써리 ㅈ같다
1468183,이얼싼스 걸려라
1468918,한로로 들으니까 더 늙크크 같음
1469074,물쥐가 하면 그 유행은 끝난거다
1470204,티모할거면 묵직이하지
1470373,와 진짜 잘어울린다ㅋ
1470723,이잉 버섯 뎃카이
1471148,{:xkwhdStop:}
1471243,너프 당한거 아님 티모?
1471920,물쥐도 늙었어
1472856,오늘은 몇 점 깎이실 생각이신가요?
1473334,억야르 쉽지않네
1473434,밈 사방 선언
1473685,맽휴렁 야~호~
1474004,억지로 유행따라가는 틀딱같네 ㅋ
1474305,도란링 버그 쓸거임?
1474842,이런 유행 싫다 그냥
1476851,티모 야-호<< 이게 맞다 물쥐님 트렌드 따라가야지 동숙할래?
1476963,포티들이 젊은척할떄 쓸꺼같음ㅋ
1477443,?
1477619,?
1477811,음?
1477879,ㅈ까
1478042,?
1478091,?
1478091,?
1478223,?
1478536,?
1478727,개싫음
1478751,?
1478792,ㅋㅋㅋㅋㅋㅋㅋㅋㅋㅋㅋ
1478881,ㅋㅋㅋㅋㅋㅋㅋㅋㅋㅋㅋ
1478902,?
1478906,?
1479116,머라노 ㅋㅋ
1479128,롤체나해
1479151,개노잼
1479225,야다가 낫지
1479428,야다 개찰지긴해
1479473,야다 좋지
1479499,?
1479544,꺼지쇼
1479545,?
1479567,야다...
1479618,?
1479667,나가
1479674,야다 ........
1479849,?
1479899,요즘 골드에서 다 티모원딜함
1479918,?
1479994,캬
1480004,ㅋㅋㅋㅋㅋㅋㅋㅋㄴㄴ
1480005,진짜 야다..
1480113,야다..
1480307,?
1480353,?
1480487,야다는 ㅇㅈ이지
1480559,?
1480662,아다
1480824,?
1481028,아...
1481032,?
1481253,{:d_44:}{:d_44:}{:d_44:}{:d_44:}{:d_44:}
1481440,야다..
1481452,zzz
1481475,?
1481617,진짜 야다..
1481848,야다..
1481862,음?
1481936,또 ㅈㄴ 억지로 미네
1481953,ㅋㅋㅋㅋㅋㅋㅋㅋㅋㅋㅋㅋㅋㅋㅋㅋㅋㅋㅋㅋㅋㅋㅋㅋㅋㅋㅋㅋㅋㅋㅋㅋㅋㅋㅋㅋㅋㅋㅋㅋㅋ
1482094,협곡의 정글러님을 뵙습니다
1482135,니나써
1482188,진짜 야다...
1482282,?
1482419,야르다
1482502,진짜 영포티 다됐네
1482527,쳐내
1482608,음?
1482731,찰져
1482800,오타쿠같음
1482815,ㅋㅋㅋㅋㅋㅋㅋㅋㅋ
1482818,야르다
1482904,야다~
1482969,야다야다
1483005,롤체 하고 나서 해
1483097,야다...
1483120,나르
1483267,야르 야다
1483346,안 찰져
1483449,존나 야다...
1483473,야다...
1483477,진짜 야다네;;;
1483477,{:d_79:}{:d_79:}{:d_79:}{:d_79:}{:d_79:}
1483482,괴물쥐 야다
1483766,너 덕분에 야다 ㅈㄴ쓰고있음
1483818,음?
1483902,ㅋㅋㅋㅋㅋㅋㅋㅋ
1483955,음?
1483972,진짜 씹야다..
1484000,야다가 먼저다 ㅇㅇ
1484057,야다 구마유시도 씀
1484178,누구맘대로
1484187,억지유행어
1484211,?..
1484253,?
1484299,영써티
1484301,야다....
1484502,흠
1484509,야다......
1484622,야다
1484742,야르다
1484814,{:d_67:}{:d_67:}{:d_67:}
1484820,야다..
1484970,야다는 안떠;
1484978,ㅈ까세요
1485476,진짜 야다...
1485570,아....진짜 야다
1485870,야다...
1486348,진짜 야다
1486649,야다 인정
1487098,예?
1487218,ㅋㅋㅋㅋㅋㅋ
1487445,등신 같음
1487451,너많이써라
1487569,진짜 야다...
1487766,ㅈㄴ야다네
1487791,틀내
1487866,이미 슬픈 사랑…
1488028,ㅈ구린데 중독되버림
1488084,야르다~~
1488143,기습 딸딸이 뭐지요 ?
1488288,병신같음
1488319,진짜 싫다~
1488490,억지 합류는 좀;
1488576,억지유행
1488600,야다...
1488703,ㅈㄴ 야다다 진짜
1488726,야다 개추 ㅋㅋ
1488866,닥치
1489303,{:d_79:}{:d_62:}
1489359,야다..
1489361,야다는 맛없는데 존나야다는 맛잇음 ㅇㅇ
1489362,물쥐님 진짜 야다...
1489366,끼워팔기 뭐지요
1489611,혼또니 야다.
1489664,{:d_58:}{:d_58:}{:d_58:}
1489805,야다...
1489846,너나 써
1489899,존나 야다 십새야
1489899,야르 야다 야호 야이
1490041,니나써
1490091,야다다
1490156,억지 유행어 야다....
1490467,야메떼
1490658,존나 야다
1490911,니나써
1490926,{:d_79:}{:d_62:}{:d_79:}{:d_62:}{:d_79:}{:d_62:}{:d_79:}{:d_62:}{:d_79:}{:d_62:}
1490933,ㅋㅋㅋㅋㅋㅋㅋㅋㅋㅋㅋㅋㅋ
1491506,혼테일 야다......
1491688,티모 씹야다 티모 좀 그만해라
1491770,야다
1491854,밖에서 야다야다 거리는 애 만나면 패고다님 ㅇㅇ
1491974,존나야다
1492061,진짜 야다네요 센스
1492064,{:d_126:}{:d_126:}{:d_126:}{:d_126:}
1492176,{:d_126:}{:d_126:}{:d_126:}
1492382,yada
1492588,야다쓰면 아다같음
1492618,아다
1493073,방제에 야르 넣어주세요
1493131,"야르 야다 ,............."
1493188,진짜 30대만 쓸듯
1493278,야야르다
1493652,야다...
1493722,하나도 안찰져요
1493742,야다가 좋다
1493949,억지 유행어 유튜브에서 개쳐맞았는데
1493963,야다 이제 한물같지
1494111,{:d_126:}{:mlb_35:}
1494486,억유행어 밀어도 유행 안해용~
1494567,진짜 야다네 ;
1494620,이미 슬픈 사랑
1494754,야다..
1494895,이미슬픈사랑.
1494953,전혀요?
1495068,야르다
1495143,괴이루~
1495194,야스오 다리우스임??
1495241,니나써
1495251,ㅋㅋㅋㅋㅋㅋㅋ
1495419,진짜싫다
1495427,야다..
1496144,늙크크 야다........
1496438,야다..
1496551,야다 예전에 유툽에서 금지령 먹었잖아
1496581,티모 야다
1496652,아다
1496965,진짜 이이네다 물쥐님..
1496976,야르 못이길걸
1497071,유튜브에선 야다 싫어하던데
1497085,ㅈㄴ 야다..
1497183,야다 구마유시도 쓴다는거임
1497608,야다 쓰면 여자들이 극혐한다
1497786,ㅈㄴ 야다
1497992,야르도 틀임 야호지 요새는
1498203,{:d_126:}{:d_126:}{:d_126:}{:d_126:}{:d_126:}
1498501,야스
1498583,야다....
1498680,야다!!
1499008,야다- 이미슬픈사랑
1499068,진짜 야다..
1499295,영써티 뭐지요 존나 야다;
1499361,{:d_126:}
1499436,야다쥐
1499592,야메떼......
1499876,야다는 nj의 것
1500166,야다쓰면 에이다같음
1500261,이사람 야다 유튭 민심 나락가고 눈치보면서 씀ㅋㅋㅋ
1500298,난 닥치가 좋아
1501026,ㄷㅊ고 큐나 잡아
1501793,틀내 ㅈ되네
1501825,야동이나 보러가라 물쥐야
1502095,{:monsMonsYada:}{:monsMonsYada:}
1502126,혼테일 혼또니야다 ㅠㅠㅠㅠㅠㅠㅠ
1502610,티모 원딜 다 좋은데 서폿 걸린애들이 우디르 서폿 샤코폿하고 라인전 버리고 가서 싫어 진짜 야다
1503140,<< 야다..
1503264,"""빨아"" 이거 유행 느낌온다 ㅇㅇ"
1503434,헉
1503692,뿌직은요??
1504661,야다 << 사실 석이형꺼 아니냐 ㅇㅇ..
1505475,혼또니 야다...
1505615,야다 이미슬픈사랑
1506490,잣슈
1506714,{:d_126:}{:d_126:}{:d_126:}
1506946,합쳐서 야르다
1507172,왜요?
1508097,초등학교 교실에서 야르 쓸때마다 내가 야다로 대응함 ㅇㅇ
1509498,티모재미있잖아
1509833,야다
1510837,유튜브에서 야다 싫어하던데요?
1511053,제리나왔을때만 티모쓰는거아님?
1511394,야다 통제 ㅋㅋ
1511512,왜요?
1513190,모 재밌는데
1513200,티모무침야댜ㅏ
1513288,혼테일 야다!!!!!!!!!!!!!!!!!!!!!!!!!!!!!!!!!!!!!!!!!!!
1513906,어차피 신튜렁이 정글 잡아줌
1514662,이사람은 메이플 이제 안함?
1514709,야다...
1514977,보는것도 재밋는데
1515666,아 뿌직..
1515974,롤 야다
1516491,버텨야지
1516846,야다
1518282,야야 얘들아 왜그래 혼테일하러간다 그럼
1519459,야다
1520066,티모 너프대도 좋나보내
1521011,야다 ㅠㅠ
1521674,티 모 혐오를 멈춰주세오
1524212,ㄹㅇ
1524333,보고싶었어 ㅆㅂㄹㅇ
1524823,왜 탑 챔 뺏어 물쥐님
1526016,요즘서폿 이상한거 ㅈㄴ 많음
1526066,ㄹㅇ
1526226,ㅋㅋㅋㅋㅋㅋㅋ
1526907,ㅇㅈ
1527224,아캅스 정신
1527474,재밌나?
1528855,티모 원딜 재밌긴함
1528972,ㄹㅇ
1529292,ㅋㅋㅋㅋㅋㅋㅋㅋㅋㅋ
1529642,ㅋ
1529765,ㅋㅋㅋㅋㅋㅋㅋㅋㅋㅋ
1529960,응 정글이나해
1530336,ㅋㅋㅋㅋㅋㅋㅋㅋㅋㅋㅋㅋ
1530360,엄
1530398,보는게 노잼임
1530662,ㅋㅋㅋㅋㅋㅋㅋㅋㅋㅋ
1530706,ㅋㅋㅋㅋㅋㅋㅋㅋㅋㅋㅋ
1530751,숟징징
1530941,정글..
1530970,ㅋㅋㅋㅋㅋㅋㅋㅋㅋㅋㅋㅋㅋ
1531043,ㅋㅋㅋㅋㅋㅋㅋ
1531090,원딜도 이제 배설해
1531127,ㅋㅋ
1531148,모 야매롱다
1531226,ㅋㅋㅋㅋㅋㅋㅋㅋㅋ
1531238,ㅋㅋㅋㅋㅋㅋㅋㅋㅋ
1531248,ㅋㅋㅋㅋㅋㅋㅋ
1531374,아
1531376,ㅋㅋㅋㅋㅋㅋㅋㅋㅋ
1531456,원장연
1531536,정글 티모 ㄱ
1531541,야다...
1531634,원미니스트
1531664,ㅋㅋㅋㅋㅋㅋ
1531761,ㅋㅋㅋㅋㅋㅋㅋㅋㅋㅋ
1531783,티원~~~
1531794,ㅋㅋㅋㅋㅋㅋㅋㅋㅋㅋㅋㅋㅋ
1531805,그럼 정글해
1531806,야다
1531977,정글 티모 ㄱ
1532029,야다
1532104,이 얼 싼 쓰
1532148,응 정글
1532249,야다
1532382,야다
1532386,ㅋㅋㅋㅋㅋㅋㅋㅋㅋ
1532428,ㅋㅋㅋㅋㅋㅋㅋㅋㅋ
1532475,바로 설거지
1532711,ㅋㅋㅋㅋㅋㅋㅋㅋㅋㅋ
1532742,프레이도 티모 많이함
1532821,티모정글
1533030,티모정글 ㄱ
1533043,엄
1533054,{:d_106:}
1533067,야다
1533085,야다...
1533338,ㅋㅋ!
1533354,ㅋㅋㅋㅋㅋㅋㅋㅋㅋㅋㅋㅋㅋㅋㅋ
1533390,야르
1533413,야다
1533423,ㅅㅅㅅㅅㅅㅅㅅㅅㅅㅅㅅㅅㅅㅅㅅㅅㅅㅅㅅㅅㅅㅅㅅㅅㅅㅅㅅㅅㅅㅅㅅㅅㅅㅅㅅ
1533464,신 튜 렁
1533484,응 정글해~
1533550,즉 시 완 치 ㅋㅋ
1533557,니가해
1533634,정글티모 ㄱㄱ
1533658,아 야르
1533829,짜오 레츠고 ㅋㅋ
1533841,야르
1533845,이이네
1534046,야ㅡㄹ ~
1534055,메튜렁의 철퇴
1534056,ㅋㅋㅋㅋㅋ
1534058,짜장 한접시?
1534117,야다..
1534204,정글이나 하세요라 ㅋㅋㅋㅋㅋㅋㅋㅋ
1534296,원장연
1534318,야르
1534391,응 정글
1534552,야르
1534566,야르~
1534589,"""정글"""
1534606,정글티모 ㄱㄱㄱㄱ
1534668,야다....
1534675,오케이 너 정글해
1534743,야르 ㅋㅋ
1534865,야르
1535061,응 정어게인 {:d_106:}
1535262,야르
1535329,ㅋㅋㅋㅋㅋㅋㅋㅋㅋㅋㅋㅋㅋㅋ
1535413,어 정글해 ㅋㅋ
1535415,그럼 징징도 하지마
1535456,티모정글 가시죠
1535534,야다 .........
1535574,티모 정글
1535710,정글이나해
1535782,재밌는거 ㄱㄱ
1535831,야르
1535985,야~
1536210,님 베이가원딜 초가스원딜할때도 그랬음 ㅋㅋ 적응기필요하긴함
1536374,정글러등장
1536399,야르~~~~~~~~~~~
1536490,ㅋㅋㅋㅋㅋㅋㅋㅋㅋㅋㅋㅋㅋ
1536500,티모정글?
1536676,징징충 컷
1536883,{:d_44:}{:d_44:}{:d_44:}
1537004,티모 정글ㄱㄱ?
1537029,정글티모 ㄱㄱ
1537141,바로 저라뎃행
1537258,야르
1537476,티모 정글 ㄱㄱ
1537485,정글 티모 ㄱㄱㄱ
1537735,그럼 넌 떨어져라
1537842,신 튜 렁
1537978,백정 ㅈㅈㅇㅇ
1538072,메튜렁의 참교육
1538120,야르
1538293,야르
1538325,정글티모 ㄱ
1538468,티정 ㄱㄱㄱㄱㄱㄱㄱㄱㄱㄱ
1538692,야다...
1538803,이미 슬픈 사랑
1538823,야다
1539014,ㅇㅇ재밌는정글해그럼
1539040,정글티모 ㄱ?
1539225,야르 ㅋㅋ
1539561,야르..
1539627,정티 ㄱㄱ
1539803,야르~
1539945,얄ㄹㄹㄹㄹㄹ르
1539947,너 정글티모해 ㅋㅋ
1540338,ㅋㅋ정글에서 재밌는챔하세요~
1540352,정글티모?
1540355,그브 ㄱㄱ
1540415,야르~~~~~~~~~
1540460,정원 ㄱㄱ
1540556,티~원
1540799,루크 가 보자구
1541138,정글티모
1541432,정글 야-호
1541599,짜장 배달 드가자
1541686,정글야르
1541879,정글 야르
1541889,뱅가드가 들어버렸네..
1542035,{:d_57:}{:d_57:}{:d_57:}
1542811,정모 보여주세요
1542983,찐따 한 접시?
1543630,티모 정글ㄱㄱ
1543633,아 정글 질려 ㄹㅇ
1543902,정글 티모 야르~~~~~~~~
1544105,야르~~
1544835,{:d_57:}{:d_57:}{:d_57:}{:d_57:}{:d_57:}
1544993,정글티모 ㄱ?
1545490,튜ㅜ렁이 티모하지말래
1546167,정글 야~호
1546485,짜오나 하자
1547508,아 정글 야르
1547725,정글 야르
1548084,티모정글 가자 모
1549578,정글 티모가 맞긴해
1549746,짜장면 야르~
1551169,정티 ㅋㅋ
1551962,정글 야호 야르 크크
1552035,짜장 배달 ㄱㄱㄱ
1553104,헉
1553797,포변함? 정글많이하네
1554139,{:monsMonsYada:}{:monsMonsYada:}{:monsMonsYada:}{:monsMonsYada:}
1554353,퀸정글어떰?
1554522,근데 티모 탑에선 개쌘데 왜 원딜로가면 딜이 약한거같지
1555102,그래 재밋는거 원딜도하자
1555260,정글 야다 야르 야호 ~
1558259,어제 정글제리있지 않았나
1558355,재밌음 11렙부턴
1558497,배설챔없나
1559583,리신
1560238,그건 진짜 야다임
1561187,봇전에서도 상대 정글 티모 나오던뎅
1565906,리신 짜장 걍 배달 세트 ㄱㄱㄱ
1566181,티모원딜슈웃~
1567286,정크크 야다 야호 야르르
1567326,정글티모 ㄱ
1567968,라이엇이 퀸 정글하라는데
1568214,결국 쥐신
1568327,이번에도 정글 버프먹든 퀸정글 ㄱ)
1568434,{:hejingDance:}{:hejingDance:}
1569593,정글제리 어떰?
1569980,라이엇이 퀸정글 밀어주던데
1571663,캬
1571814,물쥐님 광고방송 합방인가요?
1572765,없음벤이 많네
1573242,캬
1573697,쥐신
1574397,리 어게인
1575163,아...야다
1575340,{:d_59:}{:d_59:}{:d_59:}{:d_59:}
1575496,캬 쥐신
1575725,또 신
1575805,쥐신
1576355,이제 짜오 안해요 ?
1576855,야다
1577457,정크크
1578360,쥐신
1579652,서폿 부포로 해서 서폿 티모?
1579654,야다…
1579708,그거 파카가 만났는데 퀸 개구리더라
1580574,루크 픽
1581062,스킨 바꿔줘요
1581187,부포 바꿔잇
1581866,탑으로 ㄱㄱ
1582046,미드로 가나
1582998,ㅇㅅㅈㅅ 가자
1583394,그럼 용방으로 정글준다
1584169,니나해
1585580,또또ㅗ또또또또또또ㅗ또ㅗ신
1587362,다이애나 정글 신임 지금
1588701,생각보다 ㄱㅊ음
1589481,왜 정글만 재밌는거 하냐며 ㅋㅋㅋㅋ 축하한다 ㅋㅋㅋㅋㅋㅋㅋㅋㅋㅋㅋ 너 재밋는거 계속해라 ㅋㅋㅋㅋ
1589724,단단묵직 ㄱ
1590598,ㅇㅇ
1591048,너 퀸 못하잖아
1592280,한 3번연속
1592376,이번인가 다음인가
1593212,{:d_44:}{:d_44:}
1594201,이사람 왜 정글러임?
1594389,할줄알아야 좋지
1595888,2연속으로인가
1599754,{:d_59:}{:d_59:}{:d_59:}{:d_59:}
1599930,쥐하
1600456,근데 꾸준히 버프받는중
1600968,괴물쥐 퀸 스킬 모르자나
1601307,지난번 이번해서 두번 받음
1603495,정글 리신 세서 재밋긴해
1606377,티모 정글 ㄱ
1606720,3단버프임 퀸정글
1608169,닥치
1608506,{:d_126:}
1609070,닥치
1609406,닥치
1609662,난 형이 카이사로 날라다닐때가 그리워
1609952,크크크크
1613033,{:d_126:}{:mlb_35:}
1615511,리신 장지환 스킨 써주면 안 됨?
1620498,{:d_126:}
1621041,니나 날라다녀
1623200,카이사가 지금 죽었어
1625999,치지직 임티 참 잘 만들었어
1627063,티모 어디갔나요
1627701,ㄹㅇ
1629261,메타픽이 아님
1630098,아주 찰져
1631878,곰스오인가
1632664,신의권 써라 야르다
1633311,이즈나오면 할만하지않나
1633538,{:d_126:}{:mlb_35:}
1634606,카이사는 지금 못써
1635437,바위게 무조건주면 정글이 급발진해버리는거아님?
1636734,슈퍼 하이퍼 원딜 보고시퍼 나중에 해줘
1636920,쥐신 이거 귀하네
1640530,카이사는 양학할떄
1641509,lec는 쓰더라
1643622,휴
1643922,상길이냐
1644748,카시~
1646441,사미라때가 그립지
1649355,{:d_126:}
1649754,{:monsMonsEat:}{:d_2:}
1650614,도선생님도 안하는데
1652184,그 사람도 안 써
1652836,근데 왜 적팀 카이사는 항상 학살하는 그림이나올까요 ㅠㅠ...
1653495,재밋으니까하죠 카이사
1655321,캠 어디갔어
1655698,대회인줄
1656030,쥐신 요즘 많이.하는데
1656914,조합은 좋은데요
1659387,사미라 처음 나왔을 때가 그립습니다
1664438,과연 하이닉스와 샘송은 어디까지 올라갈것인가
1666908,캠중간에잇잖아
1667178,쥐미하 그립읍니다
1668213,아군한테도 e 되던 시절
1672432,잘 생긴 얼굴 보러 왔는데 캠 어데갔노
1674466,티모원딜 끝난건가요
1677509,카이사 선픽하는 원딜들 싸대기 마려워
1677536,담피중
1678544,{:d_126:}
1680755,라인전 쌔면 가락메타라면서요
1681711,그런당신을 위한 미드ap 카이사
1682087,{:d_59:}{:d_59:}{:d_59:}{:d_59:}
1682248,정글 걸림
1682849,카이사는 힘들어 사걸 짧아서
1684189,앰튜령 이새기 또 정글 잡아줬네
1688763,쥐하
1689468,물쥐도 짜장면 먹으러가?
1689714,적 바텀은 카이사로도 개바르던데 억까모지
1690833,정글 카이사 해 그럼
1693276,{:hejingDance2:}{:hejingDance2:}{:hejingDance2:}{:hejingDance2:}
1694718,리신 잘생겼다고 말해도 되나요?🤭
1695543,{:d_108:}{:d_108:}
1698096,조합들이 lck인가 ㄷ
1700251,라칸과 혜진..
1701276,물쥐야 캠 좀 켜라
1706138,명령ㄴ
1710199,탑스오가
1715263,{:d_43:}{:d_43:}{:d_43:}{:d_43:}
1723456,탑스오네
1726345,노스킨 자르반
1729240,잘생겼따
1729587,{:d_108:}
1731223,미드
1733357,탑
1733884,원딜미드하자
1734508,원딜 미드 ㄱㄱㄱㄱㄱ
1734534,잘생겼다
1734652,ㅋㅋㅋㅋ 조합이 뭔 대회 나왔음?
1735069,ae
1735302,탑
1736006,아 탑
1736143,미드
1736310,미드
1736338,있겠냐?
1736637,미드
1736751,쥐하
1736817,미드
1737140,ㅅㅍ
1738097,정글뭐냐
1738673,탑 해야함
1738701,원딜 탑
1739818,원딜 탑
1740344,원딜이 사람 ㅈㄴ많아서 걍안되
1740505,와 오늘 생긴거 지리네
1740514,원딜 미드가 맞음
1740603,ㅁㄷ
1742152,탑이 많아서
1742327,미드는..
1742592,미드지
1743355,탑 ㄱㄱ
1744111,원딜은 답없음
1744370,탑
1744545,미드가맞음
1744670,닥 미드아님?
1749195,리신 머리가 왜 길어
1749272,땨당묵땨
1749616,서폿
1751163,원딜 미드 하면 8할이 원딜임
1751424,형님 롤 하는데 죄송합니다 혹시 로아 캐릭 추천좀 해주실 수 있나요??
1752587,탑 생각보다 잘 잡아줌
1754398,카시야 해줘
1754444,ㅋㅋㅋㅋㅋㅋㅋㅋ
1754476,니가해
1754895,해줘
1755023,뭐 디코중임?
1755222,미드요새똥싸개가많앗어..
1755373,미드 요즘 사람없음
1755499,니가해
1756226,니가해 임마
1756282,해줘
1756354,미드도 어려워서 안잡혀
1756906,시작됐다
1756919,정글이네
1757140,그마구간 탑 미드 다 부포잘걸림
1757508,벌써 야다
1758031,대회는 바루스 필밴이다
1758283,탑이 맞지 않음?
1762409,미드 요즘 유저 적어서  탑해야될걸
1763664,니가해
1764022,미쳤구나 로기견
1764772,미쳤지
1764810,니나처해
1765194,?
1765871,나가
1766172,니나해
1767425,로스트아크 네버다이 ㄷㄷ
1767429,?
1767718,도화가
1768103,ㅋㅋㅋㅋㅋ
1768405,나가
1768506,라이즈 로아 좋음
1768561,안죄송하잖아
1768900,로기견 나가잇
1769534,ㄴㄱㅎ
1769793,NAGA
1769978,나가
1770056,로기견 미쳤지
1770289,?
1771255,나가
1772285,LOSTARK DIE
1772381,ㅋㅋㅋㅋㅋㅋㅋㅋㅋㅋㅋㅋ
1772399,로기견 뭐지
1773089,ㅋㅋㅋㅋㅋㅋㅋㅋ
1773437,ㅋㅋㅋㅋㅋㅋㅋㅋㅋㅋ
1773484,ㅋㅋㅋㅋㅋㅋㅋ
1774378,나가
1774431,{:d_106:}{:d_106:}
1774831,헉
1774834,ㅋㅋㅋㅋㅋㅋㅋㅋㅋㅋㅋㅋㅋㅋ
1775009,우리 귀여운 오소리는 어디가고 대머리가 있네 ㅠㅠ
1775521,ㅋㅋㅋㅋㅋ
1775611,왜욕을
1775625,로기견 로아 니나쳐 해
1776722,카시오면 플뺏나
1777064,ㅋㅋㅋㅋㅋ
1777484,미드 이씨X럼을 ㅅㄲ ㅋㅋ
1778234,천천히 해줄수도 있어
1778377,니가해
1778605,벌써 욕하네
1778694,서폿다음은 미드다
1778850,미드는 갱 없다
1779310,오케이 미드 경험치갱갈게요
1779622,가디언나이트해
1779624,{:d_112:}{:d_112:}{:d_112:}{:d_112:}{:d_112:}
1780252,럼블이와주네
1780498,천둥
1780725,쒸밸럼의 새끼!
1780815,ㅋㅋㅋㅋㅋㅋㅋㅋㅋㅋㅋㅋㅋ
1780889,왜 욕을..
1781716,천둥
1781734,미드가 그렇지머
1781874,대머리오소리
1782172,미드놈들 칼부와드 중요성을 몰라
1782664,{:d_106:}{:d_106:}
1783798,미드 유기하죠
1784151,천둥 천둥~
1784167,LOSTARK DIE LOSTARK DIE
1785417,천둥 ~
1787694,{:d_126:}{:d_126:}
1787750,천?둥
1788207,겜 시작 1분만에 석나가는게임 ㅋㅋ
1790105,머리있는데요
1790166,중앙서폿들
1790169,음?
1790496,대머리아님
1790676,대머리 아니다
1790970,머리 길어요!
1791639,근데 티모 오소리임?
1791893,방제 낚시 뭐삼?
1792488,각박딱딱 선비들 많은 로아 니나 쳐 해
1792574,이 스킨은 머리있는데?
1793220,이 리신은 풍성한데
1793302,쥐신 ㄷㄷ
1794913,리신 이스킨 참 좋아
1795244,굄우징 화이팅ㅇ{:d_43:}
1795997,방제 어그로 뭐냐 물쥐야? 진짜 티모 픽 한 줄 알았는데
1796824,풍성충인데
1796866,리신 멋있는데
1797209,정글이 해달라면 해야지
1799773,그래도 리신이라 피갈려도 괜찮네
1806937,요즘 칼부와드로 정글 망하고 살고 하는데
1808303,티모 원딜 ( 리신정글)
1810610,와 물쥐정글링 되게잘하네
1810719,요즘 왜케 정글만하나요
1812142,이제 바로 강타쓰네
1813044,왜 안하주는지
1814357,리신밴을 안하네
1817840,정글이 걸리니까요
1818990,리신 개잘하네 물지
1820113,매튜렁때문에요
1820860,티모가 왜 이쿠이쿠거리지
1821353,티모도 아니고 원딜도 아니다
1822114,캬 두꺼비 ㅈㄴ잘먹네
1826565,?
1827089,q아쉽노
1828605,원딜 미드해야 원딜 잘걸려
1829398,흠
1830088,2렙w안찍음?
1831626,정글 농가좀 살려줘라
1835184,정글 씨가 말라서
1836310,1ㄷ1 자르반이 이기니까 조심
1839305,내가본 리신중에 늑대제일빠르노ㅋㅋ
1842757,근데 마스터 형님들은 리신밴 안하네
1844519,정글을 누가해
1845738,원딜에 부포정글이면 ㅈㄴ튈거임
1846626,ㅋㅋ
1847261,사소해
1847281,근데 얘가 미드를 못해
1849188,애다
1849226,정글 농가 역대급 호황중인데?
1849898,짜장면론을 생각해
1850042,??
1851019,w로 피관리 안하는메타임?
1852274,사소해
1852275,야다
1854096,정글 왜 잘돔?
1854938,미드탑 둘다 못 함
1857935,사소해
1865851,요즘메타는 w마지막에찍음
1868446,다음 자낳대 정글포지션인가 랄쥐 둘 다?
1868737,라산 2랩 w 안찍는 지 오래됐는데 어디 갔다 왔어
1870379,정글도는거 ㅈㄴ귀엽네 ㅋㅋ
1870722,니도 안왔잖아
1871586,엥
1871818,ㅋㅋㅋㅋㅋㅋㅋㅋㅋ
1872335,{:d_106:}{:d_106:}
1872555,2렙 e가 정글링 훨씬 빠름
1872883,ㅋㅋㅋㅋㅋㅋㅋㅋ
1873022,짜장뺏겼네
1873271,요새 정글 왜 열심히함
1873501,{:d_106:}{:d_106:}{:d_106:}
1874086,ㅋㅋㅋㅋ
1875050,어디갔어 ㅋㅋ
1875055,ㄹㅇ 이러면 겜하기싫음
1875256,기부니가 팍 상해버렸스 ㅠ
1876944,짜장도둑 잡아
1877027,카시 야다..
1878083,짜장도둑
1878890,와드안해서 바텀까지 따였네
1878977,{:d_44:}{:d_44:}
1879419,어어
1879545,ㅋㅋㅋㅋㅋㅋㅋㅋ
1879780,양학동선 ㅋㅋㅋ
1879983,ㅌㄷㅌㄷㅌㄷ
1880158,혹시 물쥐야 이번 자낳대 깜짝 정글로 출현하려고 정글만 하는거니
1881912,넌 정글 세미프로 '2400점'의 그린데이 방송 좀 봐라 ㅇㅇ; 지금부터 감정없는 사이코패스 모드로 해야 이길수있다 감정빼라
1882050,내 짜장
1882127,ㅋㅋㅋㅋㅋㅋㅋㅋㅋㅋㅋ
1882339,어어
1883447,타다다다다닷
1884411,챜ㅋㅋㅋㅋㅋㅋㅋㅋㅋㅋㅋㅋㅋㅋㅋㅋㅋㅋ
1885038,줴줴이야
1886545,ㅈㅈ
1886773,혼또니야다!!!!!!!\
1887664,?
1887778,엄 ㅋㅋㅋㅋ
1888760,줴줴이여~~~~~
1888819,ㅈㅈ
1889692,어?
1890264,박아버리기
1890671,야다
1890685,아 줴줴이야!
1890789,지지..
1891060,ㅈㅈㅇㅇ
1891859,ㅈㅈ?
1892914,줴줴이야
1894375,내 짜장
1894487,{:d_106:}{:d_106:}{:d_106:}{:d_106:}{:d_106:}{:d_106:}
1895007,자낳데가 뭔데
1895597,쥐쥐띠
1895598,?
1896679,줴줴줴이야
1897956,망했다
1897965,아 줴줴이야
1898468,와 ㅋㅋㅋ
1898473,야다
1898697,ㅋㅋㅋㅋㅋㅋㅋㅋㅋㅋㅋㅋㅋㅋㅋㅋㅋㅋ
1898994,라꼬숟 ㅋㅋㅋ
1899061,ㅋㅋㅋㅋㅋㅋㅋ
1899186,내 짜장 다빼먹었네
1899372,뿌직
1899481,ㅋㅋㅋ ㅈㅈ
1899612,ㅋㅋㅋㅋㅋㅋㅋㅋㅋㅋ
1899797,정글 ㅈㅈ
1899850,내짜장 ㅠㅠ
1900139,ㅋㅋㅋㅋㅋㅋㅋㅋㅋㅋㅋㅋㅋㅋㅋ
1900353,ㅋㅋㅋㅋㅋㅋㅋㅋㅋㅋㅋㅋㅋㅋㅋㅋㅋㅋㅋㅋㅋㅋㅋㅋㅋ
1900361,아 줴줴이야
1900729,ㅈㅈ
1900994,아 ㅈ됐다
1901210,ㅋㅋㅋㅋㅋㅋㅋㅋㅋㅋㅋ
1901291,ㅋㅋㅋㅋㅋㅋㅋㅋㅋㅋㅋㅋㅋㅋㅋ
1901452,ㅋㅋㅋㅋㅋㅋㅋㅋㅋㅋㅋㅋㅋㅋㅋㅋㅋㅋㅋ
1901456,ㅋㅋㅋㅋㅋㅋㅋㅋㅋㅋㅋㅋㅋㅋㅋㅋㅋㅋㅋㅋㅋㅋㅋㅋ
1901778,바로뛰지
1901929,개닦였다 ㅋㅋㅋㅋ
1902531,ㅋㅋㅋㅋㅋㅋㅋ
1902715,진짜 엿같긴함
1902781,ㅈㅈ ㅋㅋㅋ
1903191,ㅋㅋㅋㅋㅋㅋㅋㅋㅋㅋㅋㅋㅋㅋㅋㅋㅋㅋ
1903326,진짜 야다 ㅋㅋㅋ
1903829,아~~~
1903897,헉
1904002,ㄹㅇ
1904137,{:d_44:}{:d_44:}{:d_44:}
1904266,카시 겜내내 욕할예정 {:d_106:}
1904331,첫판부터
1904499,정글은 누구 정치하나요?
1905314,ㅋㅋㅋㅋㅋㅋㅋㅋㅋㅋㅋㅋ
1905327,ㅋㅋㅋㅋㅋㅋㅋㅋㅋㅋㅋㅋㅋ
1905362,15ff
1905492,{:d_106:}{:d_106:}{:d_106:}{:d_106:}
1905539,롤대남 평균 ㄷㄷ
1905859,ㅋㅋㅋㅋㅋㅋㅋㅋㅋㅋㅋㅋㅋㅋ
1907155,{:d_126:}{:d_126:}
1907801,ㅈㄴ 인정
1907907,바텀 감수성 터진다
1908109,매크로 1번
1908388,야르
1908557,{:d_116:}
1908744,3분컷
1908789,내짜장 어디갔어
1909010,미드 중국인인듯
1909678,"""15""선언"
1910070,맨헤라 정글
1910391,ㅎㅇㅌ
1910494,풀캠 서렌론
1911068,첫판부터 뭐지요
1911306,3분컷
1912072,3분 서렌론 ㅋㅋㅋ
1912083,ㅎㅇㅌ ㅋㅋ
1912329,ㅎㅇㅌ
1912423,ㅎㅇㅌ
1912522,15ㅈㅈ
1912598,물쥐 야호~
1912740,아니 왜 벌써... 포기하세요
1914216,{:lck_17:}
1914339,착하네
1914458,ㅎㅇㅌ
1914612,정글이 제일 화나는 상황
1915353,ㅎㅇㅌ
1915390,ㅎㅇㅌ
1915401,ㅋㅋㅋㅋㅋ
1916831,{:lck_2:}
1917527,3분컷 ㅋㅋㅋㅋㅋㅋㅋ
1917873,티모 마렵네 벌써
1918342,티모는 못참지
1918766,첫판문제 레전드네
1918858,ㅎㅇㅌㅋㅋㅋㅋㅋㅋㅋㅋㅋ
1918981,ㅎㅇㅌ
1920123,3분에 망에버린 게임
1920133,짜장 많이먹기에서 패배하셨습니다
1920318,물쥐 야호
1920708,티모 야호
1921437,3분 서렌론 ㄷㄷㄷㄷㄷㄷㄷ
1921544,티원~~~~
1921587,이러니까 아무도 정글 안하지
1922031,야르 원딜
1922133,너무하긴하네
1922564,야호~~
1922586,줴줴이야~~~~~~~~~~~~
1923690,3분만에 포기선언 ㅋㅋ
1924581,"물쥐 점수에 대한 갈망이 걍 다 죽었군,,"
1925167,사기꾼 도둑!
1925197,미드 개념이 없네
1925202,괴물쥐 정글의 다크나이트가 되어줘ㅓㅓ
1925240,지금 원딜의 심정을 서술하시오
1927402,미드못하면 답없음
1928059,차이니즈 미드 캔트 윈
1929277,티모원딜 오늘도 피리 불어줄 거임?
1929779,탕수육이라도
1931191,진짜 이건 석나갈만해
1933903,내생각엔 미드 중국임
1937209,티모너프 이번패치였나?
1938066,분노의 탑갱
1939765,뭔 겜이 팀파이트ㅔ니저보다 빨리 끝나노 ㅋㅋ
1940408,{:monsMonsCome:}{:monsMonsCome:}{:monsMonsCome:}
1942461,이건 미드때문에 지는거임
1947463,칼부와드 필수긴해 자르반같은 날먹동선 잘짜는 정글 상대론
1948421,이런미드 왤케많은거야
1950305,거북이 먹다가 검거당한다 이제
1952017,미드는 정글서폿터인거 인정을 하라고
1959511,맛있다
1967063,그래도 한캠 만회했네
1972048,나 에메2인데 에메애들도 해달라면 해주던데
1973286,{:monsMonsCheer:}{:monsMonsBest:}{:monsMonsCheer:}
1974555,절~~~때
1974701,선언 ㄷㄷ
1974718,{:d_126:}{:d_62:}
1975078,ㅋㅋㅋㅋㅋ
1976236,미절갱
1977025,ㅋㅋㅋㅋㅋㅋ
1977031,미드 절대 용서못해
1977099,이러면 쟤도 캠리젠 꼬여서 똑같음
1978871,바텀 붐
1979039,{:d_44:}{:d_44:}{:d_44:}
1981438,미드 야~호
1982795,과연 절대 안갈것인가
1982975,바텀 쑤시기 ON
1985538,그냥 미드가서 대포에 강타 박자 참지 말고
1993436,아니 진짜 매칭이 원딜이 안잡히는거임 ?
1995100,자르반은 캠을 안도시나
1996532,걍 대부분 박아달라면 박아줌 저거 미드가 걍 기싸움하는거
2000247,ㅋㅋㅋ
2001007,미드 노쇼할게요
2001236,헉
2001432,ㅇㅈ
2001739,ㅋㅋㅋㅋㅋ
2002880,ㄹㅇ
2003289,{:d_116:}
2003412,캬
2003497,ㅋㅋㅋㅋ
2003917,ㅋㅋㅋㅋㅋㅋㅋ
2004082,방송켰어도 괜찮을거 같은데요
2004271,지금이라도 먹자
2004318,ㅋㅋㅋㅋㅋ
2004392,강타온
2004579,키고해
2005344,ㅋㅋㅋㅋㅋㅋㅋㅋㅋㅋㅋㅋㅋ
2005688,ㄹㅇ
2006916,캬
2007299,대포에 강타 함 박죠
2007994,기강잡기
2008077,{:monsShout:}
2008781,ㅋㅋㅋㅋㅋ
2009321,물쥐님은 오늘도 잘생겼네
2009665,그냥 미드같이먹지
2009735,지금하자
2010448,절대 용서못함
2010840,대포에 강타 ㄱ
2011010,ㄹㅇ
2011407,ㅈㄴ웃기네 ㅋㅋㅋㅋㅋㅋㅋㅋ
2013012,짝!
2014141,ㅇㅈ
2014177,물괴님 물괴님도 감정없는 싸이코패스로 가자
2015430,물쥐즌
2016622,ㄹㅇ
2017054,JUST DO IT
2019315,정글러 다 됐네
2019926,대포강타로 혼내줄까요
2020742,갱가는척 cs 먹죠?
2022615,와드 안박아서 내 정글 털렸는데 지원핑 찍는다
2022719,그래도 레벨링은 무난하네 ㅎㅇㅌ
2023206,머포 강타로 귀싸다구 한대 후려치죠?
2025072,10년전이었으면 패드립 날아갓음
2025842,걍 팀 전체에 말도안되는 이득인데 이기적인놈들
2025924,참지마
2027136,정글감수성 ㅈ되네
2027297,메튜렁이 또 정글을 시켯구나...
2031235,정글하면 성격 나빠진다
2032289,나는 감정없는싸이코패스라그런가
2032404,갈곳이없으면 짜장먹으래
2035436,물쥐 어깨 아무무임 ? 개좁네
2036295,바텀이나 좀 봐주죠
2039851,성장 맛있게 땡기긴했는데
2040228,{:monsLeft:}{:monsMonsKiss:}{:monsRight:}
2050953,28
2052725,물쥐는 그런데 정글도 잘하네 {:xkwhdEhf:}
2055446,오다
2055555,오다
2055735,바텀뒤봐줘야할듯
2056456,오다
2057568,꼴좋누
2057836,오다 ㄷㄷ
2058943,오다 ㄷㄷ
2060706,오다ㅡ
2062458,노SM
2063015,오다센세 ㄷㄷ
2063315,흠 ㅈㄱㅊㅇ?
2065252,지금 오신 여러분들 참고로 이판이 첫판입니다.
2066189,?
2067303,?
2067656,아 ㅋㅋ
2069828,zzzzz
2070689,ㅋㅋㅋㅋㅋㅋㅋㅋㅋㅋㅋㅋ
2070897,어지럽다 ㅋ
2070945,{:d_126:}{:d_126:}{:d_126:}
2071697,뭔다이브임?ㅋㅋ
2072290,이러면
2072422,자핑 ㅋㅋ
2074135,ㅋㅋㅋㅋㅋㅋㅋㅋ
2074958,자기찍기 ㅋㅋㅋ
2075143,노틸 반성 ㅋㅋ
2075528,도구잖아
2076396,그래도 자핑하시잖아
2078178,노틸 자핑 찍는거보니까 반성은 하네
2078505,ㅋㅋㅋㅋㅋㅋㅋㅋㅋ
2078902,반성 ㅋㅋ
2081055,노틸 메타인지 잘하네
2081183,ㅋㅋㅋㅋㅋㅋㅋㅋㅋㅋㅋㅋㅋ
2081518,존나웃기네
2082793,캬 기습 탕수육 먹기
2082904,자기핑 찍는건 뭔 마인드임?
2083933,{:monsMonsT:}{:monsMonsT:}{:monsMonsT:}{:monsMonsT:}{:monsMonsT:}
2085306,용먹는데 압박만좀해주지 ㅋㅋㅋ
2085383,키야ㅑㅑㅑ
2085840,도구잖아 못하는 건 당연한거야
2087357,노틸귀엽네
2087524,{:monsMonsGo:}{:monsMonsGo:}{:monsMonsGo:}{:monsSir:}
2088050,ㄹㅇ이가
2089505,진짜 광물플레이랑 다를게머삼
2089507,유충 교전 잘하면 이길만해
2091376,용극딜 잘하네~
2091541,노틸점마 용방인거냐 아닌거냐 ㅋㅋㅋ
2094329,1
2094358,냐미
2094460,탕수육 맛있다
2095359,유미
2096224,냐옹
2098124,{:d_108:}
2102701,라칸있는데 ?
2104736,탕수육은 바위게 아니었나여
2106948,라칸오잖아
2107005,캐니언 리신 보다가 이거 보니까 그냥 어니언 리신이노
2108380,개까비
2109000,ㄲㅂ
2109093,크크크
2109345,ㄲㅂ
2109779,ㄲㅃ
2110606,와이걸못뺏네
2111413,ㄲㅃ
2111559,ㄲㅂ
2115990,아깝다
2118387,노틸아
2118720,엄틸러스
2120970,ㅈㅈ
2122894,하...
2123387,ㅋㅋㅋㅋㅋㅋㅋ
2123834,{:monsMonsT:}{:monsMonsT:}{:monsMonsT:}
2125011,ㅈㅈ
2125674,15
2126961,줴줴이야~~~~~~~~~~~
2132744,마나없는데
2133745,리신 당선 위기
2138195,자르반 느낌 없긴하다
2142171,?
2142997,손해가 ㅠㅠ
2146285,물쥐야 그래서 정글은 그레이브즈를 해야된다는거야. 맘에 안들면 MUTE ALL 한번 치고 그 라인에 Q 한번 써주면 진짜 좋아 죽거든. 가끔 신고하면 점수도 돌려준다
2150334,라꼬탑임
2151707,엄대엄
2151910,저브센 저브센
2152962,레드 야르
2155865,캬
2158016,그평;;
2158250,ㅋㅋㅋㅋㅋㅋㅋㅋㅋㅋ
2159371,티모원딜 어딨음?
2159502,정잘알
2159597,니가해
2159808,그평 ㅋㅋ
2159892,캬
2160118,잘반도 라꼬였구나
2161522,ㅋㅋㅋㅋㅋㅋㅋㅋㅋㅋ
2162121,그평
2162370,ㅋㅋㅋㅋㅋㅋㅋㅋㅋㅋㅋㅋ
2162982,ㄱ
2163544,ㅋㅋㅋㅋㅋㅋ
2163621,캬
2164014,ㅋㅋㅋㅋㅋㅋㅋㅋㅋㅋㅋㅋ
2164677,랄로식그브정글 ㅋㅋㅋ
2166958,이거지
2166985,아오ㅋㅋㅋ
2166997,그평 수준
2168204,이게 티모원딜임 ?
2168249,ㅇㅈ
2168381,보통 그거 하려고 그브하지
2168587,맞긴 람
2170494,ㅇㅈ
2170702,ㅋㅋㅋㅋㅋㅋㅋㅋㅋㅋㅋ
2171208,ㅋㅋㅋㅋㅋㅋㅋㅋㅋㅋㅋ
2171451,티모원딜방금 끝났습니다
2172166,그평 ㅋㅋ
2172249,ㅋㅋㅋㅋㅋㅋㅋ
2173333,감정없는사이코패스
2174005,꿀팁)돌거북 구석쪽에서 음파 쏘면 레드 거리 닿음
2174017,감없싸
2175242,점수환급은 중요하지
2175749,라인 Q는 인정이지
2177022,근데 진짜 그브가 맞음
2180770,리신정글로 방제 바꿔주세요
2181883,리신후반에 썩는데
2183127,물쥐 그브 잘하지 않나?
2186886,미드갱안간다메
2188321,아
2188982,미드에 절대 안간담서 눈길을 줘버리노
2191830,바텀 왜그러냐
2192458,이타적인새기
2192458,물쥐야 캠프는 먹고 가야지
2192488,바텀 붐
2192768,정글 시간 개날렷네 ㅋㅋㅋㅋ
2193412,조신하게 짜장면먹어
2193947,ㄱ-
2194647,카시 버려
2195295,ㅈㅈ다 그냥
2196812,아....
2196847,ㅈㅈ
2198339,정글먹다 겜끝나겠네
2198558,줴줴이야~~~~~~
2198639,줴줴이야
2199548,아군만 당햇습니다
2199913,질판이네
2199930,감정 배제하고 합니다
2199934,물괴님도 짜장론 봐야겠네
2200170,아군이 당했습니다
2200658,{:d_126:}
2200927,웰케 정이많아 정글이
2201534,티모나 하러가자
2201918,ㅈㅈㅇㅇ
2202762,줴줴이야
2205110,수준 왜이럼?
2206488,야발아
2206585,왜욕을..
2207505,왜 욕을...
2208282,아군만 당했습니다
2209367,코발아
2217464,쌈각 이쁜데
2231980,이 사람은 요새 볼때마다 정글하고 있네 ㅋㅋㅋㅋㅋ
2244394,?
2244968,?
2245309,?
2245389,?!
2245731,뭐임
2245859,??
2246575,eq로 바로 뺀듯
2246724,플썻어
2246790,ㅋㅋㅋㅋㅋㅋㅋ
2247313,EQ로넘어갔지
2248016,ㅋㅋㅋㅋㅋㅋㅋㅋㅋㅋㅋㅋㅋㅋ
2248168,음?
2248466,ㅋㅋㅋㅋㅋㅋㅋㅋㅋㅋ
2249241,ㅋㅋㅋㅋㅋㅋ
2249385,;;;;
2250913,뭐야
2251237,믿 힌 트페임?
2252407,뭐야 어캐했노
2253259,점멸 EQ요
2253388,물쥐 근데 틀딱정글러라 가면 안되는데 하면서 몸은 솔직하게 팀 닦아주러 가는게 좀 꼴림
2253487,샤코인줄
2253879,..
2253930,릭트쇼
2255679,개고수네
2257333,플eq했네
2257554,탈출첨재네
2257946,릭트쇼
2259909,둥글게 둥 글게
2262071,ㄲㅂ
2262119,핵아님?
2262402,깃창 마술 ㄷㄷ
2265594,잘햇음
2266020,ㄹㅇ
2266164,쥐평
2266313,뭣
2267658,음?
2267986,?
2268755,ㄹㅇ
2269408,꼴리긴해
2271946,ㄹㅇㅋㅋ
2273503,{:monsMonsHeap:}{:monsMonsHeap:}{:monsMonsHeap:}
2273543,병원가라
2273908,존나착해서 꼴려
2274190,{:d_108:}{:d_106:}
2276166,?
2276218,아오
2276716,이상성욕갤로 오라
2277170,몸은 솔직함
2277352,음탕한 정글놈
2277520,ㄹㅇ이가?
2277686,{:d_108:}{:d_108:}{:d_108:}{:d_108:}
2277869,?
2278506,?
2280870,ㅇㅇ
2281473,아 옛날에는 10분에 5렙이었다고~
2282066,ㅇㅇ 플 쓰고 바로 eq
2286199,둥지에서 안썻잖아
2312506,ㅈㅈ
2314384,개고수
2315791,기다린듯
2315857,{:monsMonsHuk:}
2316959,좆됐는데
2318308,집가서 바로 바텀뛴듯
2318415,바텀 너무망했네 이럼
2318564,무친 갱갱갱이네
2319187,아 저게 저입에~
2320314,서폿제압까지
2320578,제압털기까지~
2320742,저게 저입에
2323988,0/0/0
2335870,ㅈㅈ
2336616,줴줴이야
2337124,전라인이 펑펑
2338081,줴줴이야
2338886,ㅈㅈ
2339113,엄
2339602,ㅇㄷ네
2339990,다 털리네
2340126,줴줴
2340420,음?
2340575,ㅋㅋㅋㅋㅋㅋㅋㅋㅋㅋㅋㅋㅋㅋㅋㅋㅋㅋㅋㅋㅋㅋㅋㅋㅋㅋㅋㅋ
2340659,ㅋㅋㅋㅋㅋㅋㅋㅋㅋㅋㅋㅋㅋㅋ
2340728,야미 ㅋㅋ
2340804,ㅋㅋㅋㅋㅋㅋㅋㅋㅋㅋㅋㅋㅋㅋㅋㅋㅋㅋㅋㅋㅋㅋㅋㅋ
2340897,야미
2340990,ㅋㅋㅋㅋㅋㅋㅋㅋㅋㅋㅋㅋ
2341106,ㅋㅋㅋㅋㅋㅋㅋㅋㅋㅋㅋ
2341609,ㅋㅋㅋㅋㅋㅋㅋㅋㅋ
2341615,ㅋㅋㅋㅋ
2341642,야다..
2341788,ㅋㅋㅋㅋㅋㅋㅋㅋㅋㅋㅋㅋㅋㅋ
2341876,아
2342026,?
2343443,ㅋㅋㅋㅋㅋㅋㅋㅋㅋㅋㅋ
2343473,야미
2343604,습박
2343654,ㅋㅋㅋㅋㅋㅋㅋㅋ
2344410,굽
2345026,탑 구도 끝났다
2345325,와드네
2346451,{:d_106:}{:d_106:}
2346640,ㅋㅋㅋㅋㅋㅋㅋㅋㅋㅋㅋㅋ
2346805,굽
2347033,{:monsMonsYada:}
2347309,야르
2347823,ㅋㅋㅋㅋㅋㅋㅋㅋㅋㅋㅋㅋㅋㅋㅋㅋㅋㅋㅋ
2348326,{:d_126:}{:d_126:}{:d_126:}{:d_126:}{:d_126:}
2349538,리쉬 ㄳ
2349978,미드도 시야 다따엿네
2351402,ㅁㄷㅊㅇ
2354062,리신 방호만 붙어도 어시인데 흠
2367722,리신으로 0/0/0 ㄷㄷ
2374644,왜요즘 정글만함
2377090,집찍지
2385928,0 0 0 리신 뺨마렵네
2387425,종군기자 리신
2388035,이즈라칸이라 어케 땀
2394893,상대조합 cc많은데 그냥 월식 안가고 1코 갈하가좋을거같은데
2396910,{:d_126:}
2398391,럼블 문제아네
2400016,편하게 하자고 어차피 정글이잖아
2403015,000
2412748,오
2412824,캬
2414755,캬
2415180,캬
2416850,캬 과감한 플래싀
2416952,왜 욕을..
2418513,쥐신은 이거이거
2418677,100리신
2418915,캬
2420682,왜 욕을...
2420729,알까기
2421603,욕은 왜...
2421965,이걸 리신주다니
2422274,이거지
2422752,첫킬 ㄷㄷㄷ
2423709,이리신 가감해요
2429998,000 탈출
2430103,킬을 나눠주는 카시 ㄷ
2430218,음?
2434362,야스오 묵댜
2438078,야미 말고 야르라고 해주세요
2439847,머여 누구여
2441244,캬
2442314,캬ㅑㅑㅑㅑㅑㅑㅑㅑ
2442458,애니비아 욕 쳐묵더니 킬 양보하노 ㅋㅋㅋㅋㅋㅋㅋ
2442514,캬
2442770,캬
2442809,캬
2442814,캬
2442860,캬
2442939,오
2442987,캬ㅑㅑㅑㅑ
2443541,ㅅㅅ
2443695,얌2
2443729,캬
2443745,그냥 잘해
2444094,캬ㅑ
2444398,캬
2444623,끼아악
2445337,여기 정글러인가요
2445505,깔끔하다
2445994,깔끔하다
2446203,캬
2446233,카시가 겜 이기는법을 아네ㅔ
2446606,쥐신 쥐신 ㅅㅅ
2446613,지려따
2447928,이러면 용이
2448018,잘한다
2448071,이거 랭크임?
2448440,아직사라있ㅆ네
2448880,물쥐오?빠 멋졍
2449659,상대도 ㅈㄴ못하는데
2450350,_존나 잘하네 미친 시발련
2450573,오?
2450744,쥐신 그마간다
2450773,롤챗오는데
2452178,루크가 참 세.
2455755,팀 갑자기 잘하는데
2455769,q 발차기 계수가 나름좋거든요
2456052,카시잘하는데
2456870,{:d_59:}{:d_59:}{:d_59:}{:d_59:}
2457856,짜장먹자
2458926,ㄹㅇ
2459558,리신은 진짜잘하노
2460587,미드가 좀 해주는데
2462516,정글할줄아네
2463565,겜이 갑자기 할만해짐
2464240,장막못쓰게 발로차는거 좋았다 ㅇㅇ;
2466156,리신 야호
2471434,이정도면 몇인섹임 ?
2474451,카시가 킬양보해주니까 기분풀린거 ㅈㄴ귀엽다 시밸럼
2475603,용인데 강타는
2487859,안 휘둘리고 캠 잘 돌려서 그럼
2493951,리신은 꽉찬 육각형이라 진짜 좋음
2499530,헤르메스가지
2500697,헐미스 가야지
2500746,헤르메스
2500857,무조건 헤르메스지
2501451,애매하네
2501660,헤르메스 가야지
2502899,무조건 헬메지
2503790,아뮤래도
2504958,닌탑ㄱ
2505142,헤르메스가 정배긴함
2505290,헤르메스가맞음
2505840,애매한데?
2508324,닌탑가고 스킬다피하기
2510297,스턴 매혹만 봐도 헤르메스
2511455,피흡 ?
2515616,물쥐님 힘내세요. 통큰미션 이판 승리시 파카에게 만원 쏘겠습니다.
2517020,방템은 죽무로
2520941,캬
2521621,?
2524070,음?
2524272,캬
2524582,무조건 2티어 신발을 가야할까?
2525017,팤순이
2525212,캬
2525371,ㄱ-
2526988,해장님
2527361,라칸 애니비아 연계당하면 뒤짐
2527858,캬 너밖에 없다 ㅋㅋ
2529222,나가
2530156,피흡갈바에 신속신을
2530326,오늘없어요
2530402,고맙다
2530575,캬
2532178,차라리 닌탑 가고 모루로 강인함?
2532799,그걸 왜 개카한테..
2532992,근
2533201,쿨감신은별로인가요?
2533269,캬 팤돌이
2535664,헤르메스 죽무가면 딱 맞응듯
2537653,근데 라칸 애니비아인데 걍 헤르메스 무조건아님?
2543236,도망쳐~
2545567,?????
2548310,?
2549620,엄의 향연이로구나
2550372,아 제제야~
2550428,비ㅣㅣㅣㅣㅣㅣ상
2550552,ㅉ
2550624,아 줴줴이야
2550920,{:d_126:}
2551332,ㅈㅈ
2551808,{:d_126:}
2552582,뭔...
2553630,ㅈㅈ
2553646,뿌직
2554578,아 줴줴이야
2554590,뿌직~
2554673,ㅋㅋ
2554708,ㅋㅋㅋㅋㅋㅋㅋ
2556006,뿌직
2556155,줴즈ㅔ
2556474,뿌직
2556557,팀 오
2557069,{:d_126:}{:d_62:}{:d_126:}{:d_62:}
2557777,ㅈㅈ~
2558325,럼블의 똥이..
2560481,쮀쮀이야
2560630,{:d_126:}{:d_62:}{:d_126:}{:d_62:}{:d_126:}{:d_62:}
2561653,뿌직신
2561747,15ㄱ
2562318,{:d_126:}{:d_126:}{:d_126:}
2562363,ㅈㄴ야다
2562452,맛있게 드세요
2562482,ㅋㅋㅋㅋㅋㅋㅋㅋㅋㅋㅋㅋㅋㅋ
2562673,갈하
2564258,궁 이상하게 안썼어도 진 교전이라
2564389,고구마 2개
2564927,묵직하네요
2565338,쥐구마
2565543,고구마묵땨
2567601,룩 구 마
2572612,고구마 좋아하시잖아
2573201,15분이 길다~
2575171,쥐구마 ㅈㄴ 묵직허네
2575391,ㅇㅇ
2576846,배는 부르시잖아 한잔해
2578441,바텀 너무 망가졌네
2580674,???: 탑 승
2582449,지는판이다
2590025,핑와 위치 6번 맞아요?
2594790,근데 바텀 망가진것도 카시의 와드 스노우볼이긴함
2606056,물쥐 손가락 길어서 6번 방호 ㄱㄴ함
2613131,요즘 정글하시면서 원딜의 추악한 부분을 자주보시네요{:d_94:}{:d_94:}{:d_94:}
2613439,실례지만 채팅도 좀 반응해주세요{:d_3:}
2621799,그런게 어딨어~
2625772,억까 박으면 반응해줍니다
2628233,신 튜 렁
2629261,손이 긴 물쥐 오...
2634188,초반갱 당해서 하기싫은듯
2635728,적당히 테이블 세팅은 해놔야 가든가 하지
2637766,솔랭은 그런거 몰러
2641196,무작정 오라고 하면 답이없음
2645584,정글링 왤케 느림 리신
2647014,억까는 하고싶지 아노아요😭
2650873,두꺼비랑 강타 같이 써줘
2659102,이건 잡았다
2667381,ㅋㅋㅋ
2668076,캬
2668304,와 이게 궁이 빠지네
2668389,ㅋㅋㅋㅋㅋ
2669038,핑와3번으로 옮겨주세요
2669170,휴
2670329,부포 미드 돌리면 안됨???
2670665,럼블이 잘뺐네
2671470,럼블 뒤질뻔햇네 ㅋㅋ
2671506,궁을 쓰네
2671656,ㅋㅋㅋㅋㅋㅋㅋㅋㅋㅋㅋㅋㅋ
2672354,바루스도 탑에?
2673308,탑도상태가영
2677870,좋았다
2680780,이거자원너무쓴거같은데
2681348,바루스 몬하긴한다
2682150,노틸만 와도 되는건데
2683629,겜. 어지럽네
2683635,바루스가 왜 탑에...
2684305,6w 리신 ㄷ
2686092,카시 온게 에반데
2687721,손해보긴 했네
2689302,ㅅㅅㅅ
2689849,오
2690295,오
2690413,쿨감신어떰리신으로
2691420,카시가 희망이다
2694282,핑와3번으로 옮겨주세요
2695148,와우
2699358,{:monsMonsEat:}{:monsMonsEat:}{:monsMonsEat:}
2699513,이판 물쥐 캐리 가능할듯
2699623,미드 ㄱㅊ네
2716945,여기 싹 털면 나쁘지 않아
2717320,리신이라서 힘들거같기도
2718755,짜장면 묵땨
2727242,미쳣나 이게
2732295,{:d_59:}{:d_59:}
2733532,야스오인데용
2736798,저래도 야스오가 1대1 이김
2738293,집을왜가
2739195,탕수육나ㅓ와요
2739628,약속의 15분이다
2742774,바위게먹고 피채우지
2743999,탕수육나왓..
2749731,물쥐야 제어와드는 두 개씩 안 사냐
2755888,물방템 하나 없는데 왤케 잘버티냐
2756890,ㅋㅋㅋㅋㅋㅋㅋㅋㅋㅋㅋ
2758484,친구 화장실갔다와서 탕수육 먹겟네
2759193,돈 차이가 안나나? 잘반 0뎃인데 제압이 없네
2760568,시원하게 박고 서렌
2760838,ㅋㅋㅋㅋ
2761011,ㅇㅈ
2762309,서렌도 기술이야
2762664,ㅇㅈ ㅋㅋㅋㅋㅋ
2763625,서렎할거임 ?
2763859,서렌전문가 ㄷㄷ
2765555,서랜의신 ㄷㄷ
2765586,ㅇㅈㅋㅋ
2766477,리신은 제어와드 꽉꽉 눌러담아다녀야지
2767679,역시 15전문가네
2769801,할만은 한타이밍이긴해 지금
2771067,서렌론
2771179,15 경력이 있네
2775652,지금 서렌띄우는건 감정표현이지
2778272,바루스 지금 1티어던데
2786073,저 조합에 바루스가 딜 각이 나올까
2794352,핑와3번해주세요
2798855,서랜 타이밍 왔다
2803516,한타안하네
2809301,라칸한테 궁만 꽂으면 1인분인데 바루스
2809986,물쥐 폼 빨딱이네
2811376,혹시
2818647,오
2818700,오
2820049,물쥐가 라칸만 차면 됨
2821302,캬
2821504,오 꽂았어
2823408,당구~
2823666,이퀄 진입 차단 좋은데
2823722,캬
2825201,당구 좋았어
2827445,반등왔다
2829632,싸움이 되네
2832011,ㅇㅈ
2832291,ㅇㅈ
2833412,잘깐거야
2835056,늪 개잘깔렸네
2837512,잘깐거긴해
2837832,물쥐 폼 오늘 좋은데?
2842911,ㅇㅇ
2848839,역시 미드가 튼튼하면 겜이 쉽게 무너지진 않아
2851336,채팅창 바꼇네 먼가
2851761,싸움 시작이 좋았다
2852127,환아 정글로 포변했냐
2854442,물쥐야 제어와드 두 개 사
2855098,라칸 안까면 스오궁까지 연계돼서
2857884,서렌은 다음 기회에
2858208,근데 진짜 이사람 정글을 더 잘함
2858278,원딜보다 정글 잘하는듯'
2859288,ㅇㅇ
2859742,가엔 ㄱㄱ
2861221,그러네
2862716,가고일 ㄱ
2863931,아까 악마물쥐님에서 보통물쥐님으로 도라왔네{:d_58:}
2865410,헬메에 아오자이 좋지
2867218,역시 정글 전…챌답네
2867395,물쥐 오늘 왜 짝눈이냐
2872361,이분 정글도 왜이리 잘하나요
2872530,확실히 정글이 영향력이 좋다
2873222,이리견 나가
2875600,근데 물쥐 점수 왜케 떨어짐? 휴면 강등?
2879077,죽무가 낳음? 가엔보다?
2879700,정글티모는 안하시나요?
2881464,넌 정글 했으면 프로헸을텐데 왜 안했냐
2882249,근데 조합 우리가 훨좋은거 아닌가? 억제력이 너무 좋은데
2892131,죽무가 가엔 낳음
2896482,?
2897751,이블린 견제까지
2899970,궁이라도쓸모있음
2900385,바루스 << 그냥 궁만맞춰도
2901416,바루스 저점 지리지
2903253,이사람은 왜 볼때마다 정글하고잇음??
2903823,이즈보다 바루스가 좋아서
2905183,스코어는 지는데 힘이 좋네
2906157,오
2906817,오 뭐야
2907712,와
2909940,카시가 잘해주네 ㅋㅋ
2915330,미드 진짜 ㄱㅊ네
2918458,캬
2918610,캬
2918662,오
2919027,캬@@@@@@@@@@
2919184,오
2919323,캬
2919947,오
2920054,오
2920501,와
2920755,올
2920773,와
2920875,와
2920911,오 ㅁㅊ
2920923,ㅇ캬
2920932,캬
2921266,와?>
2921444,캬 ㅋㅋㅋ
2921622,캬
2921684,오우
2921751,오
2921927,캬
2921960,캬
2921972,잘하네
2921997,캬
2922032,뭐냐
2922196,캬
2922205,ㅁㅊ놈 ㅈㄴ 잘해
2922239,오
2922400,ZI
2922771,오
2922800,오;
2922885,당구뭔데
2922942,캬
2923010,캬
2923035,와
2923177,캬
2923186,캬
2923208,캬ㅑㅑ
2923313,{:d_62:}{:d_62:}{:d_62:}
2923476,와
2923521,캬
2923556,캬
2923748,?
2923782,ㄷㄷㄷ
2923980,와
2923989,캬
2924003,대 물 쥐
2924184,좀 치네
2924278,와
2924305,오
2924335,와우
2924385,당구 미쳤네
2924407,지려ㅑㅅ다
2924420,캬
2924429,피지컬 뭐임?
2924537,환아 지렸다 ㅇㅇ..
2924551,왜잘함?
2924561,헬로우 오너
2924679,쥐 신
2924827,캬
2925020,겉멋
2925082,캬
2925202,쥐신 뭔데~
2925523,캬
2925528,캬
2925834,지리네 쥐신
2926156,와 뭐임????
2926170,쥐너
2926194,물괴님 그런것도해?
2926255,당구의 신
2926284,왜잘함?
2927509,쥐신
2927721,쥐         신         킥 !!!!!!!!!!!!!!?!!!!!!!!!!!
2927733,ㅈㄴ잘하네 오늘
2928160,쥐신 살아잇네
2928256,될듯
2928510,이게 라꼬?
2928572,시발 뭐냐?????
2928672,당구 ㅈ고수네
2928682,피지컬 지렷다
2929115,뭐임?
2929293,당구 지리는데
2929480,지렸네
2929563,0.4 인석
2929656,쥐 산
2931023,화르르륵
2931053,캬
2931397,우승~~~~~~~~~~~
2932179,괴물쥐 피지컬
2932555,이걸?
2932690,카시 늪에 상대딜러 럼블궁 진로만막아도 조합수행이 너무쉬워
2932962,쥐 섹 킥
2932993,대 물 쥐
2932998,코너 미쳤네 ㄷㄷ;
2933779,오이럼? 역전각
2934288,존나던지네 상대 ㅋㅋㅋ
2934328,지렷는데 당구
2934558,캬
2934822,똥나오게 잘하네 ㅋㅋ
2935109,유튜브 왔냐?
2935148,오
2935634,쥐너 ㄷㄷㄷㄷㄷㄷ
2936072,이걸 역전해???????
2936347,오 방금지렷다잉
2936468,오늘 폼 미쳤다니깐 정말????
2937203,오늘 살아있네
2937217,쥐신 뭐냐 방금
2937484,호무새야?
2938369,자르반을 조심해
2938691,포변하자
2938764,쥐신 뭐임? ㄷㄷ
2938825,존나 섹시하네 미친 벌레고자새끼
2940726,피지컬머냐?
2941091,와 진짜 똥나오게잘하네
2941441,15서ㅏ렌아녓음?
2941696,자르반 견제해라 노틸아 바론 그만치고
2942387,겸손까지 ㅋㅋ
2942548,캬
2943286,환아 겸손해라 ㅇㅇ
2943307,존나 잘했네 뭐냐?
2943600,음?
2943833,쥐섹
2944669,꺼드럭
2944885,캬
2945492,오이 ㅋㅋ
2946748,돈신보다잘하노
2947655,웃었다 .
2947738,그 플레이 하고 무덤덤한거 ㅈㄴ섹시하네
2948039,그렇긴함 ㅇㅇ
2948082,벽느껴지네
2948399,캬
2949447,겸손하기까지 진짜 전 T1들어가라
2950215,바로 꼬드럭
2950429,근데 진짜 그마급 정글같네
2950891,돈신 그 이상
2951596,와 이기나 이거?
2952340,근데 방금은 기술 보다 판단력이 미친거 같음 ㄷㄷㄷㄷㄷㄷ
2952777,맞아 별로 안어려운거야
2953074,리신 안하는 사람이 하면 못할수도 잇는데
2954399,원딜을 제일 못하는거 같네
2954763,쥐신 .... 돌아왔구나
2955407,갑자기 거리감 느껴짐
2955870,잘하는척 하지마라 겸손해야지
2957129,쥐신맛있다
2957144,<-- 솔직히 지금 기분좋음
2959286,날아가면서 와드방호 궁
2960693,ㅇㅅㅈㅅ
2961082,전 w가 더쉽던데요
2961182,궁플로 당구는 쉽지않지
2962662,당구각이어려운거제
2964392,당구까지 하는게 어렵잖아
2964577,기본만 하라고 기본만
2964756,겸손까지..
2965195,ㅇㅇ 솔직히 당연한거 한건데 ㅈㄴ빨아주네
2966303,겸손까지 ㄷㄷ
2967483,캬
2967779,조합이 저기가 ㅈㄴ 어렵고 우리가 쉬워 진짜루
2971148,이색기 티모한뒤로 표정이살았네
2971574,난 못하겟던데...
2973079,ㄹㅇㅋㅋ
2973480,짜장론
2973646,겸손의 미덕
2974371,입꼬리 올라가지
2980110,근데 이겨주는게 맞나 미드
2980259,챌 종자는 다르네
2981420,감정없는 사이코패스가 되야해
2981479,캬
2983976,탑도 비슷함
2984622,같이터짐
2985456,아니 왜 정글도 잘하는대
2986581,감정없는 싸이코패스로 가야해
2986875,죽무멜모가엔 레츠고 ㅋㅋ
2989797,님이 기본이 되어야 그것도 되는 거임
2989930,천갑 2개임?
2989971,지화니 입꼬리 올라간거 다 보여
2990722,도?
2991741,미드 근데 와드빼곤 잘하는데 뭐
2992217,짜장면 먹어야해 ㅇㅇ
2993039,g하
2993974,미드빼고 다잘하네 완전
2994352,사이코패스 선언
2994555,챌 정글이었으니까
2995721,물쥐 옛날에 정글 한가닥 했잖어
2995764,탕수육 먹자
2996618,미드 절대 갱 안 감->미드 첫갱 15서렌함->당구 치고 바론 먹음 ㅋㅋ
2996840,요즘 정글 ㅈㄴ 잡혀서 잘해짐 ㅋㅋ
2996929,죽무 천갑 2개던가
2997032,미드 무죄
2998832,정글을 하도 쳐해서 실력이 늚
2999975,정글 출신입니당
3002266,챌정글은 이게 기본이야
3004258,정글 잘하는건 아니고 걍 피지컬이 좋음
3007962,이새끼 정글러 다 됐네? 넌 이제 원딜러 아니다
3010822,와드방호 어케쓰는지 보자
3011303,진지하게 저라뎃 벨인데 이거
3011662,물쥐 근데 머리 누가 잘라주는거냐 ㄹㅇ로 ㅋㅋㅋㅋㅋㅋ
3021231,원래 물쥐 챌 갈때 정글이었는데…
3021361,ㅋㅋㅋㅋㅋㅋㅋㅋㅋㅋ
3022883,야스오 뭐고 ㅋㅋㅋㅋ
3023265,ㅋㅋㅋ
3023451,?
3023640,캬
3023959,오
3024053,뭐여
3024966,바퀴네 ㅋㅋㅋㅋㅋㅋㅋㅋㅋㅋㅋㅋ
3025945,어?
3027967,어어
3030384,어어어
3030889,니가깨
3031184,어?
3031527,비ㅣㅣㅣㅣㅣㅣㅣㅣㅣㅣㅣㅣ상
3031567,미니언이 없어
3031969,어어
3032177,어어
3033290,??
3033608,ㅋㅋㅋ
3035618,오
3036949,미니언 없으면 못깨지
3037932,바루스 ㅈㄴ쌔네
3038553,강압 다이브 ㄷㄷ
3038555,그래도 이기네
3040242,바루스가 참 좋아
3042427,ㄴㅇㅅ
3043399,휴
3043830,치속 바루스네?
3043960,이득이야 좋아
3044405,미니언 없으면 못 부수긴 하네
3045314,치바네
3050185,카시레벨링이 말안되네 ;;
3051627,야르라고해주세요
3053695,이제 바루스 시대임
3054458,보여주나
3055239,올
3056567,캬
3056658,치속 바루스인가? 맛나보이내
3056682,오
3056936,오우
3057174,오
3059982,방금 파이팅 있었다
3060305,피지컬은 좋네
3060706,캬
3061138,오
3061877,보법이 다르다 카시 ㄷㄷ
3062601,강찬밥이랑 정글밸 가능할듯?
3063682,6
3065236,ㄱ-
3066214,ㄹㅇ
3066505,와드의 악마
3066789,ㅋㅋㅋㅋㅋㅋㅋㅋㅋㅋㅋㅋ
3066816,그건..
3067282,ㅋㅋ
3067809,ㄱ-
3067903,CAN ENG
3067986,ㅋㅋㅋㅋ
3068464,중국 카시 장인인듯
3069333,미드 무죄
3069696,반골기질
3070233,\
3070285,담은 ㅇㅈ이지
3070466,그야..
3071277,그거했으면 여기티어에 없음
3072681,그런거 안해도 이기니까
3074346,뒤끝 작렬이네
3074377,치속바루스해주세요 물쥐님
3074623,뒤끝 ON
3077279,모
3077607,티모포함
3078501,티모도 스태틱원딜인가요
3080624,카이사도 감?
3084620,뇌지컬이 아니라 피지컬로 게임하나봐
3084644,스몰더 나락가고 바루스가 1황
3085308,"나의 사랑 쥐환, 나의 빛 쥐환, 나의 삶 쥐환, 나의 기쁨 쥐환, 나의 안식 쥐환, 섹"
3085911,카이사가 메인임
3086600,스바
3089172,카이사 때문에 버프임
3091512,0.5 롱소드라고
3095724,스
3096725,섹
3097449,스
3097790,음?
3099146,스
3099515,스
3100119,스
3100270,오랜만이노
3101150,스
3101613,스
3101732,스
3101870,스
3101974,스
3101990,?
3102096,음?
3102447,스
3102498,스
3102956,스
3104270,s
3104275,트위치는 스태틱 안쓰나
3105457,스
3105810,섹
3107504,쥐기도문 살아있었구나
3108626,흠;;
3112760,야스오 라칸 자르반이 들어오려고하면 ㅈㄴ 답없긴해
3113437,오 솔킬
3127069,캬
3128645,ㅈㅈ
3131451,신병 받아라
3131590,ㅅㅅ
3132345,벼폭도 딜이상하던대 바루스면 갈만한가?
3134786,보여주나?
3137736,????
3138269,?
3138474,?
3138705,어어어
3138865,ㅋㅋ
3139083,ㅋㅋㅋㅋㅋㅋㅋㅋㅋㅋㅋㅋㅋㅋㅋㅋ
3139370,?
3139471,ㅋㅋㅋㅋㅋㅋㅋㅋㅋㅋㅋㅋ
3139553,{:d_73:}
3139897,엄
3140015,ㄲㅂ
3140222,어..
3140340,{:d_126:}
3140364,?
3140641,????????????
3140815,쥐랄 ㅋㅋ
3140898,ㅋㅋㅋㅋㅋㅋㅋㅋㅋㅋㅋㅋㅋㅋㅋㅋㅋㅋㅋㅋㅋㅋㅋㅋㅋㅋㅋ
3140908,할배킥 ㅋㅋ
3141019,ㅋㅋㅋㅋㅋㅋㅋㅋㅋㅋ
3141142,어우 양민
3141346,앗
3141356,ㅋㅋㅋㅋㅋㅋㅋㅋㅋㅋ
3141384,아
3141469,?
3142368,?
3142397,{:d_106:}{:d_106:}{:d_106:}{:d_106:}{:d_106:}{:d_106:}{:d_106:}
3142493,엄
3142986,????
3143302,에어본이슈 ~
3143500,끼잉끼잉
3143598,?
3144356,늙
3144454,ㅋㅋㅋㅋㅋㅋㅋㅋㅋ
3144902,흠
3145281,와
3145589,음
3145685,카시 긁는다
3146118,음..)
3146159,ㅂㅅㅋㅋ
3146271,아 가오 상하게
3147189,양민이당ㅋㅋㅋㅋ
3148950,음..
3149222,ㅇㅅㅎ
3149559,??
3150626,랄로가더잘하네
3150831,늙고병듬....
3151647,저게 에어본 판정이나네
3151670,w가 없었음 ㅇㅇ
3152507,그...
3152715,부들리신 ㅋㅋㅋㅋㅋㅋㅋ
3153947,돈신은 저런거 잘하는ㄷ게
3154550,방호쿨아니엿음?
3155955,ㅋㅋㅋㅋㅋㅋ
3157067,돈신선에서 컽
3157142,야스오가
3157547,애니비아라
3158819,애매하다
3159591,W쿨이엿음..
3160397,하필 애니비아라
3161724,수성의 애니비아
3161916,돈신 판정승 ㅋㅋ
3162104,돈신밑이네
3164880,안전하게 하자 ㅇㅇ
3166718,수성의 애니비아
3168120,반응속도 할배급이네
3169439,우왕좌왕
3170047,크 역전각 안주는 판단 좋다
3171990,쥐신
3175166,지금 용 오버턴인데
3175400,용먹고 집가장
3176309,카시 늪이 이판 맛있네
3185032,뭔 근버턴이여
3187428,티모원딜이 낳음 카시원딜이 낳음?
3187783,치속이라 빨라서
3189526,이악물고 오면 사고나는데 쟤네도 멘탈깨진거임
3191840,ㅋㅋㅋㅋ
3192211,ㅋㅋㅋㅋㅋㅋㅋㅋ
3198058,호재 ㅋㅋ
3198263,ㅋㅋㅋㅋㅋㅋㅋㅋㅋ
3200469,라칸 사이드챔이었네
3201599,카시 잘하네
3201787,라칸 사이드 ㅋㅋㅋ 싸웠나여
3204446,유리대포인가요
3209753,ㅋㅋ
3210894,ㄹㅇ
3213232,개쌉 오버턴인데 그냥 준게 이미 ㅈㅈ
3216731,유리하다가 져서 서렌올렸나보네
3219626,굽
3219673,이긴판이었는데 지고 있으니
3220214,+1-
3221266,;
3221801,ㅋㅋㅋ
3222932,+10
3224287,좌 욕으
3225473,ㅋㅋㅋㅋㅋㅋㅋㅋㅋㅋㅋㅋㅋㅋㅋㅋ
3225647,헉
3228846,왜 욕을
3229285,라꼬숟의 왕이라네
3230089,{:d_73:}
3233078,레드 원딜꺼지
3233308,틸형 그래도 반성맨이네
3233794,흠
3236660,뻔뻔이횽 습박
3242653,가엔가자 가엔
3249116,실시간 밸패는 역시 탑이
3250070,바루스 의도 불순해
3252497,저 숟가락이 자꾸
3259312,캬
3261774,잘 찼다
3264235,늪 맛있다
3264656,노틸 뭐이리 단단해
3273880,앗
3276648,돈신급
3279854,이게 된다고
3281685,이상한데
3284330,이거는 팤신급인데
3287478,어어
3292829,어어
3293311,오 카시
3295274,와 카시
3295521,카시 좀치노
3295648,좋은데
3299614,캬 카시
3300016,어우
3300150,와 쟤네도 ㅈㄴ 못한다
3301345,오
3301629,ㅈㅈ~
3302002,카시 프로인가?
3302628,카시잘하네
3302991,ㅈ될뻔
3303978,카시가 해주네
3304014,카시 조온나잘하네 ㅋㅋ
3304451,네이사~
3305455,미드 밀어
3305517,<<<
3305633,카시가 다하네
3305918,카시살면 오케이입니다
3305980,중 카 장 공격적 무빙 ㄷㄷ
3306697,카시 장승베기야?
3307095,ㅈㅈ
3307607,이걸 이기네
3307913,카시 잘하네
3308252,카시가 자신감이있네
3310255,제이지야~
3311863,<<< 가락이
3312461,이제 꿀잼 티모 두개재
3312832,카시살리는거좋지
3313239,진지하게 돈신이 더 잘하
3313369,줴줴이야
3313610,캬
3313866,카시 잘하네
3313890,노틸 상위 1퍼임 ㄹㅇ
3313900,라칸 안막노
3314030,줴줴이
3314176,제제야~
3314980,제제이아
3315377,줴줴이야
3315438,캬ㅑㅑㅑ
3315684,ㅋㄹ
3316797,사과하는폿은 귀하네
3317570,카시 끝까지 조용하지
3319761,{:monsMonsSee:}{:monsMonsSee:}{:monsMonsSee:}
3320062,노틸러스 상위 1퍼 ㄷㄷ;
3320096,솔랭은진짜 알다가도모르겍다 이걸이기네 ㅋ
3321659,코송합니다
3322077,슴슴하이
3322320,카시햄이 와드안한게 다 설계였나보다
3322557,노틸 보소
3323669,노틸 좋네
3324285,카시 캄보디아 프로라네요
3326607,ㅋㅋㅋㅋㅋㅋㅋㅋㅋㅋ
3327984,노틸 졌으면 사과안함
3331002,시작할떄 15ㄱ 이기네
3331805,cs는 올려야제
3332028,첫판좋고
3333948,물쥐님 정글도 잘하신다
3334226,롤은 멘탈겜이긴 하다
3334455,그건아님
3335546,여기까지 보신건가요
3335611,ㄹㅇㅋㅋ
3336401,ㄹㅇㅋㅋ
3336451,그건 좀
3336559,파카 방송이 꺼져있네. 이거 꼭 파카한테 전해줘야해요? 미션성공비
3339228,ㄹㅇㅋㅋ
3339271,ㄹㅇ ㅋㅋㅋㅋㅋ
3339381,맞긴해
3339607,ㄹㅇㅋㅋ
3339767,갑자기 철학이 보이네
3341514,ㄹㅇㅋㅋ
3341819,ㄹㅇㅋㅋ
3342536,왜함
3345784,{:d_94:}{:d_62:}
3347618,그건 뭐 당연한거라 ㅋㅋ
3347755,ㅈ모 원딜언제함?@@@@@@@@@@@@@@@@@@@@@@@@@@@@@@@@@@@@@@@@@@@@@@
3347864,캬ㅑㅑㅑ
3348942,미북이 진짜임?
3348970,야미
3350095,캬
3350651,당연히 안 하지ㅋㅋ
3350884,캬
3351369,니가해
3351894,외화유출 캬
3351996,잘먹겠습니다
3352030,잘먹겠습니다
3352207,{:d_44:}
3352539,꺼어억
3354121,좋은데 쓰겠습니다
3355422,저거 도란 스카웃 아냐?
3355548,미북이 스카웃아님?
3356155,그럼요~
3356456,탑미드
3356515,ㅇㅇ꺼억
3356588,{:phsQC:}
3356681,설마 도란에 스카웃이냐?
3356988,부포안바꾸노 ㅋㅋ
3357202,꺼억
3357831,잘 먹을께요
3358920,겟냐?
3358933,절대 안주지
3359589,부포안바꿔?
3359913,리액션하고 꿀꺽하기
3360076,기부 ㅋㅋ
3360308,미북이 찐임?
3361280,꺼어억
3363895,{:d_56:}{:d_56:}{:d_56:}{:d_56:}{:d_56:}
3364016,부포 탑 ㄱㄱ
3364925,응 먹엇어 ㅋㅋㅋ
3365150,부포 탑 돌려라
3365329,안돼
3365579,정글을 빼야 주지
3367544,정글 가야겠지
3368918,정글드렸습니다~
3369054,ㅇㅇ
3369925,물쥐야 나 롤안하는데 ㅈ모원딜은 꿀잼이던데?
3369971,뭐야 카시 스카웃 찐인데?
3370310,ㅇㅇ 정글좋다
3370734,ㅇㅈ
3371679,G3) 확실히 리신 콤보나 잡기술은 조금 부족해도 뇌지컬로 꽤 하시네요. 인정하겠습니다.
3372428,ㅇㅈ
3372547,싸버렷
3373258,정글이 재밌어
3373707,또 정글하는거 아녀?
3374494,내입에
3374632,뷰르르릇
3375356,뿌직
3375611,뿌직
3376031,정글이 오히려 잘이김ㅋㅋ
3376681,정글 잘한다 근데
3377062,정글 잘해 은근
3377277,니네 미드 스카웃인데 ㅋㅋㅋㅋㅋㅋㅋㅋㅋㅋㅋㅋㅋㅋㅋㅋㅋ
3377277,미북이 찐인가
3377580,미드 트페하면 되잖아요
3377714,ㅇㅈ
3377750,정글 잘한다
3377762,단단묵직 어디갔누
3378698,정글보는맛잇네
3378968,폿은 요즘 안해?
3379075,ㄹㅇ 정글 잘해
3379085,티모 왤케 좋아해
3380178,카시 스카웃이노
3380646,탑 접음?
3380836,뿍뿍
3382091,골대협 ㅋㅋ
3382813,브라움하면되잖아
3384011,티모 서폿 ㄱㄱ
3384188,카시 스카웃임?
3384443,ㅋㅋㅋㅋ 카시 스카웃이었네
3384672,G3리신은 궁플도 못하잖아
3385427,서폿하면되지
3385737,지금 크산테 좋은데
3386134,미드 스카웃이였네
3386633,미드 스카웃이였는데?
3387148,카시 스카웃이래요
3387660,그럴리없어
3387939,카시 스카웃 ㄷㄷㄷㄷㄷ
3388016,카시 스카웃인데?
3388395,골쌤 ㅋㅋ
3388492,카시 스카웃 ㄷㄷ 또 만났네
3388791,스카웃 찐이얏네
3388821,스카웃이라고? ㅋㅋㅋㅋㅋㅋㅋㅋㅋㅋ
3390194,카시 스카웃이라고?
3390395,캬
3390631,ㅋㅋㅋㅋㅋㅋㅋㅋㅋㅋㅋㅋㅋㅋㅋㅋㅋㅋㅋ
3391243,골황ㄷㄷ
3391375,카시 스카웃 ㄷㄷㄷㄷㄷㄷㄷㄷ
3391469,스카웃이라고?
3391520,카시오페아 스카웃님이었..
3392099,카시 스카웃이네 ㅋㅋㅋㅋㅋㅋㅋ
3392408,스카웃 왤케 자주만나냐
3392583,중력가속도임?
3394320,헉
3394414,스카웃 ㄹㅈㄷㅋㅋㅋ
3394433,ㄹㅇ이가
3394477,니가 뭔데
3394593,ㅋㅋㅋㅋㅋㅋㅋㅋㅋㅋㅋㅋㅋㅋㅋ
3394937,스윔스윔
3395102,ㅋㅋㅋㅋㅋㅋㅋㅋㅋㅋㅋㅋ
3395226,피지컬은 늙어서 안돼
3395450,ㄹㅇ?
3395714,{:d_126:}{:d_126:}{:d_126:}{:d_126:}
3395830,스카웃이요?
3395968,스카웃 ㄷㄷ
3396283,실버가 뭘 인정해
3396860,헉..
3397437,찐임??????????
3397551,대카웃 ㄷㄷ
3397898,ㅋㅋㅋㅋㅋㅋㅋㅋㅋ
3398693,스카웃ㅋㅋㅋㅋㅋ
3398753,스카웃 진짜에요?
3398980,어쩐지 실력 ㅁㅊㄴ 같더라
3399433,ㅋㅋㅋㅋㅋㅋㅋㅋㅋㅋㅋㅋㅋㅋㅋㅋㅋㅋㅋㅋㅋㅋㅋㅋㅋㅋㅋㅋㅋㅋ
3399459,헉
3399537,진짜 스카웃이었다
3399716,카시 스카웃이라고?
3400794,굴리는걸 잘해
3401197,카시 캄보디아 프로라는데요?
3401211,물쥐님 좋아서 미치겠다 그냥 도라버려 나 🧐
3401217,ㄱ-
3401305,월즈 우승 미드?
3401560,스카웃한테 와드박으라고 호통친남자
3401902,카시 욕 ㅈㄴ하지않음?
3402407,ㅋㅋ
3402539,뭣
3402787,헉
3402844,헉
3402953,쳐본다잉?
3403102,ㅋㅋㅋㅋㅋㅋㅋㅋㅋㅋㅋㅋㅋ
3403961,실력 ㅈ대더라 어쩐지
3404002,ㅋㅋㅋㅋㅋㅋㅋ
3405320,ㄹㅇ이가
3405561,헉
3405715,잘가라
3406123,헉
3406156,{:d_109:}
3406285,ㅈ될뻔햇노 ㅋㅋ
3406484,ㄹㅇ이가
3406898,진짠데요
3407499,ㅋㅋㅋㅋㅋㅋㅋㅋㅋㅋㅋㅋㅋ
3407517,ㅈㅉㅇㅇ??
3408095,와드 안박는다고
3408108,잘하더라 ㅇㅇ;
3408260,헉
3408318,왤케 많이 만나냐 스카웃님
3408596,물괴님 콜옵 신작 한국배경으로 나온다던데 나오면 해주시나요?
3408786,헛
3408885,스카웃한테 말을 안들어 ㅌㅋㅋㅋㅋㅋㅋ
3408907,헉
3409445,{:hejingRleo:}{:hejingRleo:}{:hejingRleo:}{:hejingRleo:}{:hejingRleo:}
3409452,ㅋㅋㅋㅋㅋㅋㅋㅋㅋ
3409525,어쩐지
3409694,방송중임
3409740,ㅋㅋㅋㅋㅋㅋㅋㅋㅋㅋㅋㅋㅋㅋㅋㅋ
3409902,헉
3410451,{:d_126:}
3410466,ㅋㅋㅋㅋㅋㅋㅋㅋㅋㅋㅋㅋㅋㅋㅋㅋㅋㅋㅋㅋㅋㅋㅋㅋㅋㅋㅋㅋㅋㅋ
3410598,ㅋㅋㅋㅋㅋㅋㅋㅋㅋㅋㅋㅋㅋㅋㅋㅋㅋ
3410715,미드 안간다고 시위했는데
3410981,잘가라
3411019,엥?
3411167,헉
3411255,잘가라
3411280,카시욕 ㅈㄴ햇는데 ㅋㅋㅋㅋㅋ
3411457,헉
3411828,카시 스카웃이였음
3412223,ㅅㄱ해라 물쥐야
3412617,찐 맞네 ㅇㅇ
3412626,ㅈㅉㅇ
3413147,ㅋㅋㅋㅋㅋㅋㅋㅋㅋㅋㅋㅋㅋㅋㅋㅋㅋㅋㅋㅋㅋㅋㅋㅋㅋㅋㅋㅋㅋㅋㅋㅋㅋㅋ
3413187,진짜 스카웃임 ㅋㅋㅋㅋㅋㅋ
3413256,카시 스카웃이라고? 미드 어쩌고... 절대 갱안간다....
3413316,<< 와드 왜안박아
3413375,{:d_134:}{:d_134:}{:d_134:}{:d_134:}
3413433,ㅋㅋㅋㅋ 스카웃이고 뭐고 와드안박으면 욕먹어야지
3413461,겟냐
3413505,농심 괴물쥐 가냐?
3413850,ㅋㅋㅋㅋㅋㅋㅋㅋㅋㅋㅋㅋㅋㅋ
3413948,개념싸움?
3413957,헉
3414027,잘가라
3414264,헉
3414447,<<<<<<<<<< 칼부와드를 안박지 ?
3414520,ㅋㅋㅋㅋㅋㅋㅋ
3414664,어쩐지 스폰지가 못하더라
3415221,미북이 찐이네 스카웃
3415577,어어..
3415718,{:d_135:}{:d_135:}{:d_135:}{:d_135:}{:d_135:}
3415863,ㅋㅋㅋㅋㅋㅋㅋㅋㅋㅋㅋㅋㅋㅋ 줮댓다 ㅋㅋㅋㅋ
3415872,ㅇㅇ
3417123,스카웃 어제도 만났는데
3417321,스카웃이면 롤력이....떨어진거아님?
3417614,{:d_126:}{:d_126:}{:d_126:}
3417929,ㅋㅋㅋㅋㅋㅋㅋㅋㅋㅋㅋㅋㅋㅋㅋㅋㅋㅋㅋㅋㅋㅋ
3418059,얘는 프로랑 만날때 마다 싸우네
3418302,욕햇지않나
3418926,어쩐지 잘하더라
3419014,{:d_106:}{:d_106:}{:d_106:}{:d_106:}{:d_106:}{:d_106:}{:d_106:}
3419418,ㅇㅇ진짜임(방금 들어옴)
3419805,?
3420518,ㅋㅋㅋㅋㅋㅋㅋㅋㅋ
3420611,괴물쥐 리폿
3420612,라꼬 미드어쩌구... 야발련이 어쩌고...
3421347,ㅋㅋㅋㅋㅋㅋㅋㅋ
3421472,어쩐지 잘하더라...
3421649,ㅋㅋㅋㅋㅋㅋㅋ
3421849,캬
3421919,잘가라
3422183,아하
3422187,ㅋㅋㅋㅋㅋㅋㅋㅋㅋㅋㅋㅋㅋㅋㅋㅋㅋㅋㅋㅋㅋㅋㅋㅋㅋㅋㅋ
3422195,ㅋㅋㅋㅋㅋㅋㅋㅋㅋㅋㅋㅋㅋㅋㅋㅋㅋㅋ
3422244,<<
3422288,스폰지가 못하는 이유...
3422300,스카웃한테와드좀처박아라
3422467,{:monsShout:}{:monsShout:}{:monsShout:}{:monsShout:}{:monsShout:}
3422777,ㅋㅋㅋㅋㅋㅋㅋㅋㅋㅋㅋㅋ
3423171,ㅋ
3423381,세탁은 십 ㅋㅋ
3423402,헉
3424045,아하!
3424267,ㅋㅋㅋㅋㅋㅋㅋㅋㅋㅋㅋㅋㅋㅋㅋ
3424311,존나 급하게 수습하네
3424518,포장까지
3424743,그렇네
3424965,ㅋㅋㅋㅋㅋㅋㅋㅋ 위기탈출 ㅅㅂ ㅋㅋㅋㅋㅋㅋㅋㅋ
3424994,{:d_106:}{:d_106:}{:d_106:}{:d_106:}{:d_106:}
3425145,ㅋㅋㅋㅋㅋㅋㅋㅋㅋㅋㅋㅋㅋㅋㅋㅋㅋㅋㅋ
3425301,ㅋㅋㅋㅋㅋㅋㅋㅋㅋㅋㅋㅋㅋㅋㅋㅋㅋㅋㅋㅋㅋㅋㅋㅋㅋㅋㅋㅋㅋㅋㅋ
3425530,스카웃:(아 마딱이새끼 패고싶네..)
3425664,수습중
3426111,카시한테 욕개박았는데
3426966,맞긴해 ㅋㅋㅋ
3427378,그치
3427770,어쩐지
3428284,아하
3428525,싸대기 때린다고 하시지 않았나요 물쥐님?
3428613,잘가 물뒤형
3428660,포장들어갑니다잉~
3428852,ㅋㅌㅋㅋㅋㅋㅋㅋㅋㅋ
3428882,{:d_106:}{:d_106:}{:d_106:}{:d_106:}{:d_106:}{:d_106:}{:d_106:}{:d_106:}
3429102,포장 잘핮네
3429426,잘가라 괴물쥐 ㅋㅋ
3429573,아하
3429654,어 잘가라 물쥐야
3429765,???: 아 미드새끼땜에 겜안함 15ㅈㅈ
3429954,잘가 쇼
3430215,ㅋㅋㅋㅋㅋㅋㅋㅋㅋㅋㅋㅋㅋㅋㅋㅋ
3430728,ㅋㅋㅋ위기탈출
3430984,그치그치
3430988,ㅋㅋㅋㅋㅋㅋㅋㅋ
3431108,ㅋㅋㅋㅋ
3431329,아하
3431345,포장해야제
3431352,ㅋㅋㅋㅋㅋㅋㅋㅋㅋㅋ그리 욕박더니
3431464,위기탈출 ㅈㄴ 웃기네 ㅋㅋㅋㅋㅋㅋㅋㅋㅋ
3431519,ㅋㅋㅋㅋㅋㅋㅋㅋㅋㅋㅋㅋ
3431606,ㅋㅋㅋㅋㅋㅋㅋㅋㅋㅋㅋㅋㅋㅋㅋㅋㅋ
3431953,회피기동 좋고요
3432164,솔랭이면 그게맞긴해
3432304,ㅋㅋㅋㅋㅋ
3432382,근데 그거랑 별개로 상대 정글 동선 몰라서 손해 봤는데
3432407,캬
3432445,맞네 !!!
3432481,ㅋㅋㅋㅋㅋㅋㅋ
3432921,ㅋㅋㅋㅋㅋㅋㅋㅋㅋㅋㅋ
3433022,스카웃한테 싸대기 ㅋㅋㅋㅋㅋㅋㅋㅋㅋㅋㅋㅋㅋㅋㅋㅋㅋㅋㅋㅋㅋㅋㅋㅋㅋㅋㅋㅋㅋㅋㅋㅋ
3433139,탈룰라 싴ㅋㅋ
3433317,{:d_126:}{:d_126:}{:d_126:}{:d_126:}
3433399,언제는 겁나 욕해놓구...
3433467,다급한 수습
3433965,삼중포장 ㅋㅋㅋㅋㅋㅋㅋㅋㅋ
3434132,잘가라 ㅋㅋㅋㅋ
3434276,ㅋㅋㅋㅋㅋ 니 인성이 그럼그렇지 ㅋㅋㅋ
3434435,이제야 철학이 보인다
3434653,빠르게 정글 실력 파악한거였네
3434727,ㅋㅋㅋㅋㅋㅋㅋㅋㅋㅋㅋㅋㅋㅋㅋㅋㅋㅋㅋㅋㅋ
3435064,그런 큰 뜻이
3435521,{:d_116:}{:d_116:}{:d_116:}
3435730,{:d_126:}{:d_62:}{:d_62:}
3435737,ㅋㅋㅋㅋㅋㅋㅋㅋㅋㅋ
3435884,갑자기 철학이 보이네- ㅇㅇ;
3436241,{:d_44:}{:d_44:}{:d_44:}{:d_44:}{:d_44:}
3436279,나락회피무빙쳐도 늑었어 임마
3436498,채팅으로 ㅋㅋ
3436651,스카웃 방송중인데?
3436651,ㅋㅋㅋㅋㅋㅋㅋㅋㅋㅋㅋㅋ
3436664,이해가 된다 ㅋㅋㅋㅋ
3436953,{:d_126:}{:d_126:}{:d_126:}
3437021,갑자기 철학이 느껴지네
3437068,멀리안간다
3437121,위기감지
3437137,잘가랑
3437213,{:d_52:}{:d_52:}{:d_52:}{:d_52:}{:d_52:}{:d_52:}
3437259,괴물쥐 혼신의 수습쇼
3437337,포장은 이거이거bb
3437638,갑자기 아량이 넓어진
3438055,{:d_62:}{:d_62:}
3438173,무빙 지리네 ㅋㅋㅋㅋㅋ
3438612,위기탈출 넘버원은 괴물쥐 ㅋㅋ
3438734,탈롤라 좋구요
3438739,"<<<< 와드쫌 쳐 박아라 , 미드 갱와달라하면 ;;"
3438844,스카웃이라고하니까 갑자기 철학이 보이네
3438960,나 와드안박앗다고 화내는 정글 처음봄
3439182,물쥐야... 잘가라
3439338,수습하는거 개웃기네 ㅋㅋㅋㅋㅋㅋ
3439472,{:d_106:}{:d_106:}{:d_106:}{:d_106:}
3439778,늦었어 임마
3439791,괴x쥐 : 미드 절대 갱없다 이것도 다 미드떄문이에요
3440191,ㅋㅋㅋㅋㅋㅋㅋㅋㅋㅋ'
3440226,왤캐 잘하냐 했다
3440412,물쥐요즘 무빙좋다
3441348,쥐기탈출
3441928,급하게 테이프 둘둘 ㅋㅋㅋㅋㅋㅋㅋㅋㅋ
3441984,다시보기 따둘게요 ㅇㅇ
3443811,ㅋ
3443880,진짜 물지 수습은 100만유튜버급이네 ㄷㄷㄷㄷㄷㄷㄷㄷ
3444273,{:d_116:}{:d_116:}{:d_116:}{:d_116:}{:d_116:}{:d_116:}
3444378,ㅋㅋㅋㅋㅋㅋㅋㅋㅋㅋㅋㅋㅋㅋㅋㅋㅋㅋㅋ
3445097,goodbye.monsterat
3445311,늦었어 임마 ㅋㅋ
3445430,맞김함
3445910,쥐피셜 : 스카웃 싸대기 ㅈㄴ때리고싶다
3446095,논란일자 {:d_106:}
3446593,{:d_116:}{:d_126:}
3447625,{:d_109:}
3448280,이김됐지 ㅇㅇ
3448534,{:d_113:}{:d_113:}{:d_113:}{:d_113:}{:d_113:}
3449934,늦었다...
3450365,탈룰라 ㅋㅋㅋㅋㅋㅋㅋㅋㅋ
3450894,ㅇㅈ
3451380,이런 이해심을 자기팀 서폿한테도 배풀어주세요
3451432,물쥐님 농심에 제출했습니다
3452258,원딜이라 무빙 확실하네
3452341,한잔해 ~
3452541,헉
3453515,ㄹㅇ
3453757,{:d_44:}
3453958,ㄹㅇ
3454105,ㄹㅇ
3454142,ㅋㅋㅋㅋㅋㅋㅋㅋㅋㅋ
3454434,스카웃 방송중인데 물쥐야?
3454653,ㄹㅇ
3455992,스폰지 못하는 이유를 알거같음 ㅇㅇ..
3456443,졸라 잘하긴 하더라
3456718,ㅇㄷ 안해주면 ㅈㄴ 석나가지
3456745,저건 화 ㅈㄴ나는데
3457040,ㄹㅇㅋㅋ
3457128,와드없으면 ㅈㄴ힘든데
3458230,근데 진짜로 낮아서 그래
3459388,시이발 ㅈㄴ웃기네 ㅋㅋㅋㅋㅋㅋㅋㅋㅋㅋㅋㅋㅋㅋㅋㅋㅋㅋㅋㅋㅌ
3461346,멀리안나간다
3461361,스카웃) 마딱이 라꼬숟 정글한테 와드 ㅈㄴ아까워요
3461450,글킨해
3461913,롤드컵 우승자여도 할말은 한다
3461947,화날만하긴 했어 ㅋㅋ ㅇㅈ ㅋㅋㅋㅋㅋ
3462504,님이 낮아서 그런게 아닐까요?
3462560,무조건해야해 솔직히
3463190,ㅋㅋㅋㅋㅋㅋㅋㅋㅋㅋㅋㅋㅋㅋㅋㅋㅋㅋㅋ
3463277,방송중이네 ㅋㅋㅋㅋㅋ
3463791,라인 밀 수 있는 구도면 나중에 박아도 되는데
3467000,티어 실명제 도입 6월임????????????
3467911,스카웃햄 방송중이네 ㄷㄷ
3468879,당황한 물괴는 ㄱㅊ
3469902,화날만하면 욕해도 되나요?
3470705,ㅋㅋㅋㅋㅋㅋㅋㅋㅋㅋㅋㅋㅋㅋㅋㅋㅋㅋㅋ
3470782,뭐? 미드 스카운님이라고?
3471328,ㅋㅋ
3471434,ㅋㅋㅋㅋㅋㅋㅋㅋㅋㅋㅋㅋㅋㅋㅋㅋㅋㅋㅋㅋㅋㅋㅋㅋㅋㅋㅋㅋㅋㅋㅋㅋㅋㅋㅋㅋㅋㅋㅋ
3471437,ㅋㅋㅋㅋㅋㅋㅋㅋㅋ
3471451,ㅋㅋㅋㅋㅋㅋㅋㅋㅋㅋㅋㅋㅋㅋㅋㅋㅋㅋㅋㅋㅋㅋ
3471507,ㅋㅋㅋㅋㅋㅋㅋㅋㅋㅋㅋ
3471556,점수가 두배차인데 잡아주냐
3471574,ㅋㅋㅋㅋㅋ
3471587,캬
3472047,ㅋㅋㅋㅋㅋㅋㅋㅋㅋㅋㅋㅋㅋ
3472138,ㅋㅋㅋㅋㅋㅋ
3472235,ㅋㅋㅋㅋㅋㅋㅋㅋㅋㅋㅋㅋ
3472239,ㅈㄱ
3472313,ㅋㅋㅋㅋㅋㅋㅋㅋㅋㅋㅋㅋㅋㅋㅋㅋㅋㅋㅋ
3472386,ㅋㅋㅋㅋㅋㅋㅋㅋㅋㅋㅋㅋㅋㅋㅋㅋ
3472495,캬
3472534,ㅋㅋㅋㅋ
3472572,ㅋㅋㅋㅋㅋㅋㅋㅋㅋㅋㅋㅋㅋㅋㅋㅋㅋㅋㅋㅋ
3472686,ㅋㅋㅋㅋㅋㅋㅋㅋㅋㅋㅋㅋㅋㅋㅋㅋㅋ
3472738,ㅋㅋㅋㅋㅋ
3472809,캬
3472945,그렇다고 지금 방송중인 프로분께...
3473039,ㅋㅋㅋㅋㅋㅋㅋㅋㅋㅋㅋㅋㅋㅋㅋ
3473068,또걸렷네
3473341,ㅋㅋㅋㅋㅋㅋㅋㅋㅋㅋㅋㅋㅋㅋㅋㅋㅋㅋㅋㅋㅋㅋㅋㅋㅋㅋ
3473512,메튜렁 ㅋㅋ
3473525,신튜렁
3473541,ㅋㅋㅋㅋㅋㅋㅋㅋㅋㅋㅋ
3473596,ㅋㅋㅋㅋㅋㅋㅋㅋㅋ
3473619,ㅋㅋㅋㅋㅋㅋㅋㅋㅋㅋㅋㅋㅋㅋㅋㅋㅋㅋㅋㅋㅋㅋㅋㅋㅋㅋㅋㅋㅋㅋㅋㅋㅋㅋㅋㅋㅋㅋㅋㅋㅋㅋㅋㅋㅋㅋㅋㅋㅋㅋ
3473635,ㅅㅅㅅㅅㅅㅅㅅㅅㅅㅅㅅㅅㅅㅅㅅㅅㅅㅅㅅㅅㅅㅅㅅㅅㅅㅅ
3473687,ㅋㅋㅋㅋㅋㅋㅋㅋㅋㅋㅋㅋㅋㅋㅋㅋㅋㅋㅋ
3473688,ㅋㅋㅋㅋㅋㅋㅋㅋㅋㅋㅋㅋㅋㅋㅋㅋㅋㅋㅋㅋㅋ
3473692,해프닝 스펠링
3473753,ㅋㅋㅋㅋㅋㅋㅋㅋㅋㅋ
3473778,ㅋㅋㅋㅋㅋㅋㅋㅋㅋㅋㅋㅋㅋㅋㅋㅋㅋㅋㅋㅋㅋㅋㅋㅋㅋㅋㅋㅋㅋㅋㅋㅋㅋㅋ
3473835,ㅋㅋㅋㅋㅋㅋㅋㅋㅋㅋ
3473974,{:d_44:}{:d_44:}
3474068,ㅋㅋㅋㅋㅋㅋㅋㅋㅋㅋㅋㅋㅋㅋㅋㅋㅋㅋㅋㅋ
3474115,ㅋㅋㅋㅋㅋㅋㅋㅋㅋㅋㅋㅋㅋㅋㅋㅋㅋㅋㅋㅋㅋㅋㅋㅋㅋㅋㅋㅋㅋㅋㅋㅋㅋㅋㅋㅋㅋㅋㅋㅋㅋ
3474418,꺄아아아아악
3474503,ㅋㅋㅋㅋㅋㅋㅋㅋㅋㅋㅋㅋㅋㅋㅋㅋㅋㅋㅋㅋㅋㅋ
3474575,ㅋㅋㅋㅋㅋㅋㅋㅋㅋㅋ
3474635,ㅋㅋㅋㅋㅋㅋㅋㅋㅋㅋㅋㅋㅋㅋㅋㅋㅋㅋㅋㅋㅋㅋㅋㅋㅋㅋ
3474939,ㅋㅋㅋㅋㅋㅋㅋㅋㅋㅋㅋㅋㅋ
3475007,ㅋㅋㅋㅋㅋㅋㅋㅋㅋㅋㅋㅋㅋㅋㅋㅋ
3475124,ㅋㅋㅋㅋㅋㅋㅋㅋㅋㅋㅋㅋㅋㅋㅋㅋㅋㅋㅋㅋㅋㅋㅋㅋㅋㅋㅋㅋㅋㅋㅋㅋ
3475260,ㅋㅋㅋㅋㅋ
3475268,ㅋㅋㅋㅋㅋㅋㅋ
3475503,삑사리 ㅋㅋㅋㅋㅋㅋㅋㅋㅋㅋㅋㅋㅋㅋㅋㅋㅋㅋㅋㅋㅋㅋㅋㅋㅋㅋㅋㅋㅋㅋㅋㅋㅋㅋㅋㅋㅋㅋㅋㅋㅋㅋㅋㅋㅋㅋㅋㅋㅋ
3475566,신튜렁
3475758,누가 부포 정글올려놓으래 ㅋㅋ
3475826,티모정글해
3475892,{:d_113:}{:d_113:}{:d_113:}{:d_113:}{:d_113:}{:d_113:}
3476198,ㅋㅋㅋㅋㅋㅋㅋㅋㅋㅋㅋ
3476440,ㅋㅋㅋㅋㅋㅋㅋㅋㅋㅋㅋ
3476471,이사람 플래닛 접음?
3476623,ㅋㅋㅋㅋㅋㅋㅋㅋㅋㅋㅋㅋ
3476734,캬ㅑㅑㅑ
3476952,ㅋㅋㅋㅋㅋㅋㅋㅋㅋㅋㅋㅋㅋㅋㅋㅋㅋㅋㅋㅋㅋㅋㅋㅋㅋㅋㅋ
3476974,ㅋㅋㅋㅋㅋㅋㅋㅋㅋㅋㅋㅋㅋㅋㅋㅋㅋㅋㅋㅋㅋㅋㅋㅋㅋㅋㅋㅋㅋㅋㅋㅋㅋㅋㅋㅋㅋㅋㅋㅋㅋㅋㅋㅋㅋㅋㅋㅋㅋㅋㅋㅋ
3477027,ㅋㅋㅋㅋㅋㅋㅋㅋㅋㅋㅋㅋㅋㅋㅋㅋㅋㅋㅋㅋㅋㅋㅋㅋㅋㅋㅋㅋㅋㅋ
3477102,ㅋㅋㅋㅋㅋㅋㅋㅋㅋㅋㅋㅋㅋㅋㅋㅋㅋ
3477156,ㄱ-
3477295,ㅋㅋㅋㅋㅋㅋㅋㅋㅋㅋㅋㅋ
3477357,헉
3477499,주포로 돌리죠 그냥
3477767,신 튜 렁
3478069,신 튜 렁
3478350,신 튜 렁
3478581,이래도 이긴다고?
3478754,튜렁단 ~
3478757,신 튜 렁
3479232,다시 사이코패스로 ㅋㅋㅋ
3479537,메튜렁이 정글하래........
3480079,정글 ㅋㅋㅋㅋㅋㅋㅋㅋㅋㅋㅋㅋㅋㅋㅋㅋㅋㅋㅋㅋㅋㅋㅋㅋㅋㅋ
3480231,정글쥐
3480264,왜 와드 안 박은지 물어보죠
3480852,정글러당
3480918,ㅋㅋㅋ
3481202,넌 그냥 정글러임ㅇㅇㅋㅋㅋㅋㅋㅋ
3481208,ㅋㅋㅋㅋㅋㅋㅋㅋ
3481305,지금 원딜유저가 ㄹㅇ 절반임
3481903,50대로 가자고
3482279,ㅋㅋㅋㅋㅋㅋㅋㅋㅋㅋㅋㅋㅋㅋㅋㅋㅋ
3482511,{:d_62:}{:d_62:}{:d_62:}
3482566,물쥐 정글러야???
3482898,ㅋㅋㅋㅋㅋㅋ
3483111,뭔 오리아나 죽는소리가나냐
3483191,부포 탑으로 돌리자
3483367,신튜령
3483403,신튜렁
3483576,리 어게인
3483754,신 튜 렁
3483761,누가 부포 정글 넣으래 ㅋㅋㅋㅋㅋㅋㅋㅋㅋㅋㅋ
3484357,넌정글이다
3484574,뭔 메탈슬러그 군인 죽는 소리가 나냐
3484966,넌 딱 정글이야
3486213,정글이 사람이 없나본데
3486968,정글쥐다 ㅋㅋㅋㅋㅋㅋㅋㅋㅋㅋㅋㅋㅋㅋㅋㅋㅋㅋㅋ
3487307,언제포지 바뀜
3487446,50퍼 맞춰야겠지?
3487698,부포 미드 탑 안돌리면 정글이야
3487740,뱅가드가 다 듣고있어
3488252,대 튜 렁
3488606,하하
3490895,연승? 넌 안되겠다
3491236,짜장드가나?
3491555,퀸 정글 ㄱㄱㄱㄱ
3492745,불리하면 일단 매튜령을 욕해
3493404,{:d_52:}{:d_52:}{:d_52:}{:d_52:}{:d_52:}
3493829,리신 그브 ㄱㄱ
3494241,오케이 너 오늘 티모정글 못하게 해줄게
3494649,티모원딜에 서폿 카시면 개사기아님?
3494833,탑하라고
3494985,퀸정글 가자
3495727,너 정글로 포변 ㄱㄱㄱ
3496290,ㅇㅇ 넌 정글이 맞아
3496953,단ㅁ단 묵 직
3497226,{:d_106:}{:d_106:}{:d_106:}{:d_106:}
3497248,물쥐야 정글 신박한거하자
3497341,ㅋㅋㅋㅋㅋㅋㅋㅋ
3497669,서폿 가
3498463,너 그러다 정글러 되는거야
3499149,신튜령의 은혜겠지요~
3499223,탑 사이온 어떰
3499572,이얼싼 보여주시나요
3499596,부포 정글 빼고 탑 돌려
3499603,서폿 카시 하라하면 안되냐
3499664,서폿해
3499672,그브 ㄱㄱ
3500530,무조건발림
3500635,자크하자
3500808,ㅇㅇ 잘 맞는거 해
3500891,그럼 서폿가라
3500968,탑도 원래...
3501152,짜오 ㄱㄱ
3501704,탑티모를 해
3501726,정글쥐 가즈아
3502218,크산테 단단 묵직 ㄱㄱ
3502774,쌀것같은데가 아니라 쌈 ㅇㅇ
3503882,그만싸
3505274,퀸 정글 ㄱㄱ
3505303,원딜은 이제 놓아주자
3505440,난 10연속 부포걸렸어
3505595,매튜렁이 너 정글하래
3505732,요즘 원딜보다 정글을 더 하는거같은데
3506492,이겼잖아 해프닝~
3506811,탑티모하면되는데
3507529,단묵이 뒤짐?
3507556,단단묵직 요새 안해서
3507560,탑티모 ㄱㄱ
3507701,지금 산테 좋은데
3507705,버그 풀린 렝가 지금 못막습니다
3507749,서폿가라
3508118,묵직이로 버티기 안되나
3509423,탑이 그나마 서폿으로 용방잘튐
3510566,서폿 카시에 원딜 티모하면 바텀 터트릴수있을듯
3510704,단묵이 안함?
3511231,물쥐님 전라인 다잘한다며 ㄱ-
3512934,정글말고 상관없음으로하던가 지가 정글로 해놓고 걸리니까 화내네
3513860,?
3515445,서폿가면되잖아?
3516415,짜오 ㄱ
3517167,그브 ㅈㄴ쓸만한데
3517849,다이애나?
3518500,마이ㄱㄱ
3519659,물쥐님 군체 재밌나요??
3519897,티모 정글을 하는수밖에
3520596,물쥐님 혹시 메이플은 접으셨나요? 진짜 몰라서요.. 유튜브로 보다가 매번와서 느립니다 죄송합니다
3522150,서폿 정글 돌리면서 하는 거 어떤가요
3522255,그브 ㄱㄱ
3522755,지금 제이스 정글 좋은데 왜 안 쓰노
3524606,쥐글 2 식 짜오 ㅋㅋㅋㅋㅋㅋㅋㅋㅋㅋㅋㅋ
3524839,바꿔달라해보자
3525295,원래 라꼬숟들이 킨드하지 않나
3525468,수영 ~ 수영 ~
3525765,지금 메타는 리신짜오 두개 돌려쓰는게맞긴해
3528497,ㅋㅋㅋㅋㅋㅋㅋㅋㅋㅋ
3529597,{:d_135:}
3531737,엥
3531834,녹턴하겠네
3532746,비상@@@@@@@@@@@@@@
3532916,ㅈㅈ
3533120,네
3534140,어
3534141,그브 한 접시? ㅋ
3534181,천둥 천둥
3534284,비ㅣㅣㅣㅣㅣㅣㅣㅣㅣㅣㅣㅣ상
3534346,어
3534441,줴줴이야
3534567,쥐환아 넌 정답을 알고있어 서폿가면 돼
3534615,닥치
3534668,ㅋㅋㅋㅋㅋㅋㅋㅋㅋㅋㅋㅋㅋㅋ
3535046,트런들이 이김 신짜오
3535115,카서스ㄱㄱ
3535192,딴겜 얘기 하지마셈
3535243,비상
3536313,{:d_112:}{:d_112:}{:d_112:}{:d_112:}
3536520,쥐턴 ㄱ
3536921,아 줴줴이야~
3537287,자르반?
3537395,아무무 ㄱㄱ
3537526,카직스 ?
3537684,트런들 ㄱ
3538010,야이색꺄 !!!!!!!!!!!!!!!!!!!!!!!!!
3538464,녹턴은 안된다 물지야
3538600,그게 왜 니꺼야
3538835,쥐턴 ㄱㄱ
3539078,아오 롤중에 그딴말하지말라고
3539258,{:monsMonsShut:}
3539315,이게 왜 니거야
3539446,그브 ㄱㄱ
3539479,쥐턴 가야지 뭐
3539692,메이플 접으면 삼식이 오열해
3539739,바이하자
3539760,트런들 ㄱ?
3540060,티모 ㄱㄱㄱ
3540241,볼베
3540323,카직스 ㄱㄱ
3540741,rmqm rkr
3541144,자르반 ㄱ
3541178,짜오상대론 쥐런들
3541220,쥐턴 ㄱㄱ
3541450,어제 다시보기만 봐도 메이플하는데
3541519,그브
3541628,트런3ㅏㄹ 4ㄱ
3541668,람머스
3541903,티모 ㄱㄱ
3542115,바이 ㄱ
3542565,그브?
3542776,다이애나 ㄱㄱ
3542813,쥐턴 ㄱㄱ
3542881,마오카이
3542885,쥐르반 ㄱㄱㄱㄱㄱㄱㄱㄱ
3543034,마이 ㄱㄱ
3543278,녹텅
3543355,안접음 ㄷㅊ
3543381,티모 정글
3543617,그브
3543720,판테
3543789,트런들이 이기긴함
3543914,티모 티모 ㄱㄱ
3544255,자크 ㄱㄱ
3544580,나피리
3544651,트위치
3544712,바이 그브
3544758,나피리 ㄱ
3544768,판테ㅐ온
3544905,자르반
3545007,바이
3545055,그브 ㄱㄱ
3545080,티모정글 ㄱㄱ
3545486,잭스 어떰?
3545689,쥐르반
3545697,녹턴 ㄱㄱ
3546012,다이애나 ㄱㄱ
3546299,그브??
3546393,트런들
3546763,자르밴
3547108,마이 ㄱㄱㄱㄱㄱㄱㄱㄱㄱㄱㄱ
3547152,녹?
3547270,우디르
3547329,제리
3547347,티모정글
3547711,그브 ㄱㄱ
3547765,녹턴
3547892,쥐턴 1티어
3547927,그브해
3547970,판테?
3548419,쥐르반
3548982,쥐르반 비상
3549261,ㅈ자ㅡㄹ반은
3549443,쥐르반 아니면 그브 ㄱ
3549626,우디르우디르
3549940,?
3550140,바이 좋아
3550173,녹?
3550387,쥐턴 ㄱ
3550641,?
3550646,프로도 한수접은 마오카이
3550763,??????????????????????
3550790,?
3550998,???????
3551012,물쥐 짜오리신투톱인데 ㅈ댓다
3551094,??
3551133,쥐르반 30세
3551329,?
3551418,캬
3551499,?????????????
3551866,우디르우디르우디르
3551968,???
3552233,xㅋㅋㅋㅋㅋㅋㅋㅋㅋㅋㅋㅋㅋㅋㅋㅋㅋㅋㅋㅋㅋㅋㅋㅋㅋㅋㅋㅋㅋㅋㅋㅋ
3552293,으악
3552443,싸질러스 출격
3552457,해방이다~
3552623,?
3552756,꺄아악
3552982,오공
3553157,?
3553168,ㅋㅋㅋㅋㅋㅋㅋㅋㅋㅋ
3553245,?
3553248,?
3553402,ㅋㅋㅋㅋ
3553429,?
3553451,미쳤음?
3553609,ㅋㅋㅋㅋㅋㅋㅋㅋㅋㅋㅋㅋㅋㅋㅋㅋ
3553693,?
3553739,ㅋㅋㅋㅋㅋㅋㅋㅋㅋㅋㅋㅋㅋ
3553859,캬ㅑㅑ
3553893,와우
3553965,{:d_116:}
3554225,사이링·오ㅡ?
3554238,음?
3554263,캬
3554326,ㅁㅊㅋㅋㅋㅋㅋㅋㅋㅋㅋㅋㅋㅋ
3554601,해방이다
3554622,????
3554771,????
3554804,>>>>>>????????
3554889,?????
3554984,"?????,?"
3555013,해방이다~
3555078,??????
3555124,우리팀 디아블 ㄷㄷ
3555347,해~~~~~~~방이다
3555460,ㅁㅊㄴ인가
3555481,쥐재앙
3555625,줴줴이야`
3555689,줴줴이야~~~~
3555702,해방이다~
3555785,ㅈㅈ
3556043,사일?
3556191,ㅋㅋㅋ
3556507,책임없는 쾌락 ㄷㄷ
3556539,이걸 사일을?
3556753,해방이다~~
3556984,침착 ㅇㅈㄹ
3557075,해방이다~
3557187,싸질러스
3557209,싸질러스
3557299,해~방이다
3557497,쥐일러스 ㄷㄷ
3557835,사일 돌둘아냐? ㅋㅋㅋ
3557855,ㅈ됬다
3557963,{:d_73:}
3558394,쥐일러스?
3558434,왓
3558545,해~~~~~~방이다
3558594,{:d_116:}{:d_116:}{:d_116:}{:d_116:}{:d_116:}{:d_116:}{:d_116:}{:d_116:}
3558623,제정신이냐
3558777,ㅈㅈ
3558796,아몰앙
3559626,정복자도 들기도하고 어수 들기도 함
3559810,ㅈ됏다
3560225,싸질러스는 진짜 아닌데
3560265,머하는거엥 ??
3560302,짜오상대로 사일을 쳐박네 ㅋㅋㅋㅋ
3560621,해~~방이다
3561108,해 방 이 다
3561460,해방이다~
3561538,아 줴줴이야...
3561701,싸질러스 줴줴이야
3561925,몰루?
3562576,아 줴줴이야 아 줴줴이야아 줴줴이야아 줴줴이야아 줴줴이야아 줴줴이야
3562779,제제이야~
3563253,아 줴줴이야
3563309,재앙~
3563672,룬도 모르는데 하는거 맞음?
3563799,사일 정글 어려워 ;;;;;;;;;;;;;;;;;;;
3564025,ㄹㅇㅋㅋ
3564435,{:d_116:}{:d_116:}{:d_116:}
3564582,??????
3564766,해방해버렷
3564852,ㅈㅈ
3565251,승전보
3566472,사일 할줄아냐? ㅈ됬네 ㅋㅋ
3566520,부포해놓고 먼
3566925,짜오상대로 할만해
3567018,줴이줴이줴이야~~~
3568715,푸짐하게 한접시 ㅋㅋ
3569161,닷지 유도 ㅋㅋㅋ
3569521,ㅇㅈ합니다
3570091,오 근데 저기 궁 좋은거 해주는데?
3570965,평생 카정당하쇼 ㅋㅋ
3571546,줴줴줴줴이야
3572063,남탓
3572395,라꼬숟의 사일정글 ㅋㅋㅋㅋㅋㅋㅋ
3573191,시맥님 영상보고 티모정글하자
3573426,싸질러스 아 줴줴이야
3573771,침착이나 들자
3574322,룬도모르면서 왜
3574363,미드사일로 나오지
3578438,이래놓고 용방서폿을욕해?...
3578840,ps 가서 검색해요
3580298,사일정글 어렵다 쥐환아
3580365,꼴픽은 좀
3581201,아니 사일을 보고 질리언을?
3583090,마순팔 ㅋㅋㅋ 딱봐도 미드잔아
3583180,저라뎃?
3583285,어수
3584887,걍 추천들어라
3585680,차라리 그브를하지
3588404,ㄴㄴㄴㄴ정복자
3589266,ps 상대법에 사일 검색하면 프로 선수 다 나옴
3589417,살루스
3589873,사일 정글링 루틴 ㅈㄴ중요한대;;
3590895,물쥐야 드디어 서폿탓이 안되니 메뜌렁탓을.ㅈ
3591788,감전 양학용인데 ㅋㅋㅋ
3592958,ㄴㄴ 어수나 정복자야 지환아
3593944,롤 ps ㄱㄱ
3594442,정복자 건실하게
3594719,감전 들면 몸이 못버팀
3594851,미드룬 아님?
3597770,물쥐야 오너 정복자에 승전보 가속 체극 든다 ㅇㅇ
3598017,감전은쫌..
3598287,ㅋㅋㅋㅋㅋㅋㅋㅋㅋㅇㅈ
3599038,정복자 침착 스킬감소 최후의 저항이 정배일듯
3599085,정글은 정복자 아님?
3599499,정복자 들자
3599554,건실하게 정복자가자
3599704,감전들면 30초에 한번씩 집가야함
3603685,스킨 똥내나네
3603700,감전 개구려 안 돼
3604468,사일정글같은게 카정에너무약함
3605944,{:d_43:}{:d_43:}{:d_43:}{:d_43:}{:d_43:}
3606221,이거 맞나요
3606462,공속을 왜듬?
3607204,채팅 폰트가 바꿔었네
3607918,얌전히 정복자 들자
3609635,짜오라 정복자 ㄱㄱ
3609778,뭐야 사정을 하네
3609919,ㅇㅇ
3610105,ㅇㅇ
3610191,ㅇㅇ
3610276,3번째 체극듬
3611197,감전 가오빼라
3611447,그거들어걍
3612188,감전 어려운디
3612264,원딜 디아블인데요?
3612463,공속룬 드는거에서 냄새나네
3612539,정복자가 맞아 진짜로 감전 정글 딜로스 너무심해
3613125,ㅇㅇ
3613485,오너는 체극듬
3614433,이분 정글러임? 원딜 언제해
3617206,복자 ㄱㄱ
3618672,사정 ㄷㄷ
3619292,프로들은 다 체력차극복 들긴함
3619378,감전은 ㅋㅋ 암살자노?
3619720,사일은 각ㅈㄴ잘봐야하는데
3620318,정글감전;;
3621558,전보
3622738,승전보
3623214,침착을 왜들어 정글이;
3623668,승전
3623772,승보
3624076,3224 신발 우통 ㄱㄱ 그거가라
3624228,승전보
3624492,전보
3624870,전보
3625136,보죠
3626366,전보
3626393,아 그러네 진짜 폰트 바뀐거 같네
3627349,닧 ㅡ승전보
3627350,승전보지
3627992,승보지
3628976,승ㅂㅎ
3629105,침착 ㅇㅈㄹ
3629121,침착은 미드가 듬
3630021,흠 정글링 돌아지나?
3631760,라인전도 안하는데 침착을 왜드냐
3632383,상대보고
3634002,ㅇㅇ
3634011,하셈
3634138,ㅇㅇ
3634434,ㅇㅇ 맞음
3634713,정글이라 마나 안부족해
3634867,아 라이너 아니지 승보가 맞는 듯
3635669,침착
3636288,ㅇㅇ
3638797,궁진짜 조오오올라 맛있네
3639486,사일안해서 몰루
3641412,조합 ㅋㅋ
3644269,초반 교전 피할꺼면 성장체력도 ㄱㅊ
3644585,질리언 궁 있으면 침착도 나쁘지않음
3646505,정글마나차잖아 ㄷㅅ아
3647497,캐니언은 공속 하나 들던데
3648341,궁 질리언 말고 별로 맛없노
3648533,상대에 질리언 궁 있어서
3654105,ㅈㄴ 잘생깃네
3656574,침착은 질문은  ㅋㅋ
3656677,ㅈㄱ마나차잖아 바보야
3656725,정글이 뭔 침착이야ㅡ디질래
3658556,근데 너 사일 할줄은 아냐
3658775,페이커스킨 ㄱㄱ
3658832,제리궁이 맛있나?
3659105,엥 또 정글시켰구나 라이엇리
3660719,제리궁 ㅈㄴ 야미임
3661346,라이즈도 봏아
3665618,라꼬숟답게 성장해서 나중에케리하는게 나음
3666134,ㄹㅇ?
3666601,프렐요드 사일 ㄱㄱㄱ
3668339,제국을 나미가 못쓰긴하ㅣㅁ
3669193,물쥐님 정글 유튜버인가요?
3670321,안될거뭐있노
3670425,루나미 패치됨?
3673272,스포) 아니 원래 이렇게 못돌아? 원래 이렇게 돌아? 원래 이렇다고? 어떻게 정글돌아? 아니 난 몰랐지 아 오케이 다음에는 잘할거같아
3673357,빡치게 하는 애 있으면 라이즈 궁 뻇어서 참교육 ㄱㄱ
3675462,나미루가아니네 ㄲㅂ
3675979,스카웃 왈: 괴물쥐가 누구에요?
3679037,{:d_126:}
3679522,제국옵이 바껴서 나미가 못씀
3679869,뭐야 물쥐 사일 할줄앎?
3680181,제정이네
3681287,아 제국
3681687,나미양..
3685238,나미는 문제가 없는데 제국이 쓰레기임
3685360,짜오궁도 야미 아닌가
3686759,나미 구리다며
3687566,스포 ㄴ
3688199,루밀리오
3688740,스포 ㄴㄴ
3691107,갈리오가 좀 맛있다던데 제국?
3691246,오리아나 디아블이네 ㄷㄷ
3691255,첫바퀴 기대된다
3692032,이번조합은 어려워보이는데
3692208,오리아나 디아블임 조심해라
3693505,사일어렵든데 괜찮을강가 ㅋㅋ
3693535,ㅇㅈ
3693573,쥐잘날
3694757,제이스도 빡센데?
3695030,뭐야
3695245,정글제이스면 킹만한데 ?
3695766,ㅈㄴ쌤 제이스
3696667,저거 종나 쎄던데
3696819,제이스도 줜나쌤
3698795,페이커스킨 없음?
3699367,제이스 장난아님
3700827,제이스가 ㅈ으로 보이나
3701438,제이스가 좆으로보이나
3703265,짜오보단 낫지
3703317,물쥐야 치지직 방제 바꾸자
3703611,어차피 누가 오든 초반 발리잖아
3705265,설마 또 스카웃님인가?
3705503,ㄴㄴ 숨도 못쉬어 짜오 상대가 낫지
3706873,짜오가 더빡새지
3707041,제이스 근데 초반 정글링 개구데기라
3707306,제이스 만나면 숨못쉬는데
3708755,물지 사일 처음보네
3710854,짜오보단 빠를걸 제이스가
3713395,둘 다 2강타 써야 바위게 타이밍 맞지않나
3715435,어?사일 이 궁극기쓰면서 스킬 사용못해? 아 별로네
3716357,오히려 제이스가 더 빨라
3716657,날먹 쇼부 보자
3716750,제이스가 정글 더빨라
3718534,캬
3718569,오
3718725,피해주고
3719502,니가해
3720993,ㅋㅋㅋㅋㅋ
3721065,캬 무빙
3721247,ㅋㅋ
3723348,감수성 없네
3724074,스카웃이야?
3724079,내가할게
3724695,니가해
3726831,또카웃 ㄷㄷ
3726853,내가 왜
3727364,또 스카웃님인가
3727425,전판 미든가?
3728435,스카웃이라고?
3729617,오리아나 스카웃인데요?
3731210,또 스카웃이셔?
3733543,제이스 칼날인가 그거 나오면 ㅈㄴ셈 ㅋㅋㅋㅋ
3734682,또카웃?
3736580,제이스 딜 말 안된다 나중에 맞아봐라
3736634,디아블이야!!!
3737026,또 스카웃이야?
3737366,티모원딜인데 티모 안함?
3738915,개빡딜교하네
3740035,제이스가 1렙 w아니라서 비슷할듯
3740152,상대 라이즈는 또 와드 박았네
3740452,오리아나 스카웃 진짜에요?
3746753,ㄴㄴ
3747191,ㄴㄴ
3747433,ㄴㄴ
3747697,ㅋㅋㅋㅋ
3747815,ㅋㅋㅋㅋㅋㅋㅋㅋㅋ
3747835,ㄹㅇ이가?
3748030,ㅋㅋㅋㅋㅋㅋ
3748740,아닌데?
3748861,아님 ㅋㅋ
3748885,ㅋㅋㅋㅋㅋㅋㅋㅋㅋㅋㅋㅋ
3749036,아닌데
3749634,근데 물쥐 사일 언제깎음?
3750090,스카웃 지금 픽중임
3750448,이정도면 물쥐 잘못아니냐;;?
3750542,ㄴㄴ
3750812,아니 또 캐리받아???
3750900,?
3752252,ㄴㄴ 디아블
3752473,아 또 그정글이네...
3753017,스카우상님
3753331,흐어~3️⃣
3753332,디아블임
3753821,ㄴㄴ 스카웃아님
3753890,ㅋㅋㅋㅋㅋㅋㅋㅋㅋㅋㅋㅋㅋㅋ
3754030,지금 밴픽중인데
3754037,스카웃 아님
3754844,아닌데?
3755666,스카웃 지금 밴픽중이라 아님
3755782,{:d_79:}{:d_62:}
3756429,디아블임
3756620,디아블임
3757890,와 괴물쥐 프로라고 꼬리 내리는거임??
3758329,스카웃아님 ㅋㅋㅋㅋㅋㅋㅋㅋㅋㅋ
3760066,상대 미드
3760460,ㅋㅋㅋㅋㅋㅋㅋㅋㅋㅋㅋㅋㅋㅋㅋㅋㅋㅋㅋㅋㅋㅋ
3760653,픽 중이심 ㅋㅋ
3760805,디아블잉
3762005,디아블이라고?
3762620,누가 디아블인데
3762716,디아블이라고?
3762974,뭔 디아블이여
3763063,디아블임
3763915,디아블이라고???????
3764104,디아블이라고?
3764268,디아블 ㅈㅉㅇㅇ?
3765650,스카웃님은 와드해주지
3766248,누가 디아블임
3766394,헉
3766397,ㅈㅉㅇㅇ?
3766680,아니근데 스카웃이어도 해야하는거아님???
3766908,저기 와드하다가 딜교당하면 미드망하는데
3766940,디아블이라고???
3767342,Ns monsterrat
3767553,디아블이라고?
3768351,디아블 ㅈㅉㅇㅇ?
3768537,흐어~6️⃣
3769177,ㅋㅋㅋㅋㅋㅋㅋㅋㅋㅋㅋ
3769423,ㅋㅋㅋㅋ
3770158,ㅇ?
3770314,피닉스박이라고?
3770326,디아블이여?
3770581,니가
3770861,오리
3771014,??
3771034,?
3771221,ㄹㅇ이가
3772039,what?
3772114,헉
3772185,헉
3772644,디아블이 왜 여기잇음
3773069,디아블원딜유저아니야?
3773129,상대 미드
3773344,느그미드
3773580,디아블님 왜 와드안하세요? 뒤질래요 진짜?
3773878,디아블 잠브
3774457,진짜에요?
3775794,상대ㅣ드?
3776165,ㄹㅇ이네
3776265,디아블 진짜에여?
3776420,ㅋㅋㅋ ㅅㅂ
3776817,루시안
3778802,상대?
3778943,어째서 미드를..
3778943,진짜임?
3779079,상대미드?
3779317,디아블로요~
3779708,진짜에요?
3779887,님 미드요
3780163,ㅈㅉㅇㅇ?
3780423,박종우라고?
3780491,와 ㄷㄷ
3780703,그린데이라는데?
3781251,진짜네 ㅋㅋㅋ
3782429,루시안?
3782562,야다...
3782588,디아블 그닥 안무서운데
3782794,와 ㅁㅊ
3783162,ㄹㅇ이네
3783365,오리요
3783375,흐어~9️⃣
3783480,아오 라꼬네
3783547,뭐 말이 다달라 ㅋㅋ
3784859,빠른별임
3785708,ㄹㅇ
3786441,그린데이?
3786763,와 ㄷㄷ
3786836,?ㅋㅋㅋㅋㅋㅋㅋㅋㅋㅋㅋㅋ
3787534,...
3787805,도파입니다~
3787859,페이커
3788721,팀원한테 화내는건 디아블이긴 해
3789064,오리
3789298,..........
3790065,구라면 싹다벤
3790440,상디요
3790479,말이 다 쳐다르노
3790794,오리아나
3790885,오리
3790951,사일러스
3790977,와 ㅁㅊ ㄷㄷ
3791120,오리아나
3791132,물쥐 얼굴 디아블로잠보
3791172,오리
3792572,오리아나요
3792720,포꼬 원딜이 그럼그렇지 ㅋㅋ
3792854,오리
3793124,트린다미어요
3793326,나미 디아블 ㅈㅉㅇㅇ?
3793358,아 빠른별이셔 ?
3793664,니가해
3793770,오리가 디아블이래
3793774,물쥐야 니네팀 미드 페이커다
3793802,개소리같은데
3794236,오리아나 디아블 숟가락 3명ㅋㅋㅋㅋㅋㅋㅋㅋㅋㅋㅋ
3794794,사일러스 스트리머
3795020,skt t1 괴물쥐
3795171,오리아나가 디아블임 ㅋㅋ
3795235,우리 미드 그린데이라고?
3795309,사일정글이 협곡 디아블임
3795458,오리 디아블 맞네
3796110,진짜임 ㄹㅇ
3796390,ㅈ됐네 왕귀 나서스 또왔네
3796463,디아블 방송 켜져있음
3797018,누군지 알려줘야 욕을안하지
3797218,오리아나요
3797664,디아블 왜 미드를함
3798061,거짓말 다 목치죠
3799333,디아블 요즘 원딜로 잘나가는 프로게이머로알고있는데
3799377,사일러스
3799566,라꼬숟이라고?
3799724,니얼굴 태윤
3799882,와 미드 APinnovation이라고?
3799928,ㅋㅋ
3800626,ㅋㅋㅋㅋㅋㅋㅋㅋㅋㅋㅋㅋㅋㅋ
3800719,오리?
3801191,ㅇㅇ
3801318,똥나오게 느리다
3801652,또 정글임?
3801766,ㅈㅉㅇㅇ?
3802516,어어 죽는다
3803498,ㅋㅋㅋㅋㅋㅋㅋㅋㅋㅋ
3803844,라꼬ㅋㅋㅋㅋㅋㅋ
3803856,헉
3803875,흐어~1️⃣2️⃣
3804211,됨?
3804704,3 AD CANT WIN
3804711,근데 죽기 직전인데
3805203,ㅈㄴ웃기네
3805396,라꼬숟 ㄷㄷ
3806736,ㅋㅋㅋㅋㅋㅋ 한판에 숟 3명
3806887,ㅋㅋ
3807019,어?
3807046,엄 ㅋㅋㅋㅋ
3807172,개피인데용
3807546,어..
3807758,진짜네..
3807887,"어,,"
3807997,우리 미드 라꼬수딩네 졌다
3808057,헉
3808545,ㄱ-
3808784,ㅋㅋㅋㅋㅋㅋㅋㅋㅋㅋㅋㅋㅋㅋㅋㅋ
3808788,음?
3808822,팀 사일 괴물쥐인데??
3808906,ㅋㅋㅋㅋㅋㅋㅋㅋㅋㅋㅋㅋ
3808978,?
3809818,진짜네 ㅋㅋㅋㅋ
3809902,윤어게인
3809955,ㅋㅋㅋㅋㅋㅋㅋ
3810041,엄
3810069,ㅋㅋㅋㅋㅋㅋㅋㅋㅋㅋㅋ
3810362,아오 라오숟
3810438,어..
3810664,솔킬을
3810905,음?
3811490,ㅋㅋㅋㅋㅋㅋㅋㅋㅋㅋㅋ
3811606,ㄱ-
3811668,흠
3811716,헉
3811769,어..
3812686,음
3812697,야다
3812773,라꼬숟 ㅋㅋ
3813066,zzzzzzzzz
3813177,겜이 그냥 거대한 라꼬숟임 ㅇㅇ
3813185,진짜네 ㄷㄷ
3813239,헉
3813434,라꼬숟 ㅋㅋㅋㅋ
3813466,음?
3813522,찐이라는ㄱ임
3813849,라꼬시잖아~
3815852,진짜 디아블이네 ㅋㅋㅋㅋㅋㅋㅋㅋㅋㅋㅋㅋㅋ
3816456,맞긴함...
3817283,방송중임 ㅋㅋㅋ
3817287,짭아님 찐임 ㅋㅋ
3817476,헉....
3817515,라꼬숟이 그렇지 뭐 ㅋ
3817564,디아블 진퉁맞네
3817759,라꼬숟 미드정글 아으
3818995,ㄲㅂ
3819047,ㄲㅂ
3819557,또 라꼬숟이야
3821198,사일은 라꼬숟임
3821499,각 좋았는데
3821990,흐어~1️⃣5️⃣
3822828,번쩍
3823242,오리 진짜 디아블이네 ㅋㅋ
3823968,딜되나?
3825301,진짜네
3826079,디아블 진짜긴함
3827566,...
3828156,라꼬숟이잖아~
3829765,미드 정글 라꼬숟 줴줴이야 {:d_106:}
3829957,디아블 찐이네 ㄷㄷ
3830114,낫밷
3830331,쏘쏘
3830740,ㅇㅇ
3831283,ㅇㅇ
3832000,벨트지 당연히
3832162,ㅇㅇ
3832188,ㅇㅇ
3832278,벨트 균열
3832495,ㄴㄴ
3832535,ㅇㅇ
3832698,ㅇㅇ
3832703,벨트 ㅇㅇㅇㅇㅇㅇㅇ
3832926,벨
3832937,ㅇ
3833015,ㅇㅇ
3833491,예스
3834119,ㅇㅇ
3834214,벨트 ㄱ
3835009,인장
3836526,ㅇㅇ 벨트
3837637,인장십새야
3837812,벨트가 좋아
3838400,디아블 진짜 오리아나임
3839071,탑 끝
3839288,라인 잘탄다이
3839292,정글 클리드 뭐냐
3839455,벨트균열
3840469,걍 인장사지
3840495,흐어~1️⃣8️⃣
3841064,맞네 진짜네
3841285,라꼬숟이 두명이나있네
3841821,물쥐님 오늘도 라꼬네
3843252,인장 좋은데
3844117,인장사야지
3844785,습박 스커지인줄 ㅋㅋㅋ
3845885,디아블인지 어캐암?
3846246,디아블 레전드노
3846638,오 화면에 채팅창 글꼴 바꼈네
3847175,예스오 좀 치네
3847580,정글 클리드 ㅈㅉㅇㅇ??
3848754,라꼬숟 미드 야다...
3849345,칼부시작했잖아
3850238,인장을 안 사네...
3850462,ㅇㅇ 벨트 균열 존야
3850887,그게 왜 니정글이야?
3851553,디아블 ㅋㅋㅋ
3852361,오리아나가 궁이 공중에 뜸 판정인가 ?
3853156,디아블 잠브임?
3854011,블루에잇엇을듯
3854132,라꼬숟 두명 뭔데
3855062,칼부에 잇었잖아
3855806,나서스햄 스택 열심히 쌓으시노
3856173,?
3856504,흠
3856543,??
3856551,어
3856717,음?
3856810,진짜임
3856839,??
3856888,?
3857165,ㅋㅋㅋㅋㅋㅋㅋㅋㅋㅋㅋ
3857212,어라
3857359,?
3857566,라꼬숟 ㅋㅋ
3857882,ㅋㅋㅋㅋㅋㅋㅋㅋㅋㅋㅋㅋ
3858210,진짜임
3858921,진짜임
3858965,진짜야?
3859260,아니 저기요
3859275,ㅁㄷㅊㅇ
3859475,방송중임
3859585,아니 디아블님...
3859968,디아블이 방송하는중임
3860097,찐임
3860151,{:d_133:}
3860185,방송중임
3860329,진짜임 ㅋㅋ
3860732,진짜임
3860780,헉
3860795,ㅋㅋㅋㅋㅋㅋㅋㅋㅋㅋㅋㅋㅋㅋㅋㅋ
3861202,{:lck_28:}{:mlb_92:}
3861256,찐임
3861462,찐임
3861467,ㅋㅋㅋㅋㅋㅋㅋ
3861634,방송중인데
3861758,죽으니까 진짜아닐까
3861821,진짜임
3861877,짭임ㅇㅇ
3861985,진짜임
3862048,라꼬숟 ㅈ됬다
3862238,ㅋㅋㅋㅋㅋㅋㅋㅋㅋㅋㅋㅋㅋㅋㅋ
3862366,놀랍게도 ..
3863303,원딜유저라 ㅋㅋㅋ
3863631,라꼬잖아
3863861,"에,,,똥,,,"
3863928,흐어~2️⃣1️⃣
3864046,진짜인데
3864074,아 정글 안오네 ㅈㅈ 걍 박을게요
3864374,어....
3864646,방송중임
3864734,방송중이심
3864779,방송중이셔
3864896,잘 돌리네 ㅋㅋ
3865370,진짠데
3865793,방송중임 진짜임
3865891,한마디 하자
3866001,디아블 맞네 솔킬따이는거 보니=(
3866086,놀랍게도 진짜임
3866314,진짜로 진짜임?
3866688,진짜김함
3866819,놀랍게도 진짜라는거임
3867197,아 예?
3867981,ㅋㅋㅋㅋㅋㅋㅋㅋㅋ
3868201,진짜임 ㅋㅋㅋㅋㅋㅋ
3868233,개쌤 제이스
3868263,4렙인데?
3868429,진짜임
3868579,진짠데?
3869123,라꼬숟 두명 신튜렁 뭐냐
3869192,{:d_126:}{:d_126:}{:d_126:}{:d_126:}{:d_126:}
3869962,라꼬숟..
3870203,어디서방송함?
3872323,진짜라는 거임 ㅋㅋㅋㅋ
3872345,진짜 라꼬숟은 다르구나
3872520,내탕수육
3872593,한마디 하죠 물쥐님
3872768,디아블님.?
3872784,디아블 : 물쥐님에게 죄송
3873429,오리 솔킬두번따였는데 바위게를 먹으려해?
3873683,제이스 들어온다 이거
3874134,치지직 디아블보니까 진짜다 지환아
3874405,치지직
3874474,디아블임?
3875023,라꼬숟 두명이면 져야지 ㅋㅋㅋㅋ
3875161,디아블 원래 ㅈㄴ 공격적이라 잘 죽음
3875962,진찌라고?
3876544,진짜 진짜임
3876803,치지직
3877486,하필 라꼬일때 만남 ㅋㅋㅋㅋㅋ큐ㅠ
3877722,ㅈㅈ
3877874,라꼬숟을 왤캐 많이 잡아줘
3878267,줴줴이야
3878510,아블이 ㅈㄴ 못하네
3878556,뼈나간다
3878743,흐어~2️⃣4️⃣
3879205,라꼬숟ㅋㅋㅋㅋㅋㅋㅋㅋㅋㅋㅋㅋ
3881695,밸런스 맞추는중이래
3881754,라꼬숟인데 어뜨케
3885733,전적 찾아보니 찐맞네요 ㅋㅋ
3887548,라꼬숟인데 못 할수도 있지 ㅇㅇ; 이해해라
3888686,한팀에 라꼬숟이 2명이나 잡힌다고? 이게 매칭주작이 아니야?
3889363,ㅋㅋㅋ
3891085,연승했으면 연패 해야겠지?
3891360,라이즈가 잘하나보네
3891734,진짜네
3892484,ㄹㅇㅋㅋ
3892766,디아블 진짠데?
3893182,이분 ㄹㅇ 정글러로 포변함? 볼때마다 정글하네 섹시한 자식 할짝
3893307,인생망한 사일러스
3894493,방송 드가보니 진짜 디아블이네
3894978,ㄹㅇㅋㅋ
3895523,치지직 방송중이네
3895549,ㄹㅇㅋㅋ
3897832,ㅋㅋㅋㅋㅋ 진짜 디아블이네
3897943,원딜이 그렇게 많나?
3898314,팀에 3명이 숟가락
3898670,ㄹㅇㅋㅋㅋ
3899931,ㄹㅇ근데 레전드네
3900120,괴물쥐 디아블조합 ㅋㅋㅋㅋㅋ
3900717,<<<<<
3900859,와 오리아나 스카웃이네 ㅋㅋㅋㅋㅋㅋㅋㅋ근데 다른팀 ㅋㅋㅋㅋㅋㅋㅋㅋㅋㅋㅋㅋㅋㅋㅋㅋㅋㅋㅋㅋ
3901438,{:d_126:}
3902636,뭐야 진짜네 ㅋㅋㅋㅋㅋㅋㅋㅋㅋㅋㅋㅋㅋㅋㅋㅋㅋㅋㅋㅋㅋㅋㅋㅋㅋㅋㅋㅋㅋㅋㅋㅋㅋㅋㅋㅋㅋㅋㅋㅋㅋ
3902823,이분은 정글러인데요 ?
3903263,ㄹ이가?
3903376,ㄹㅇ이라고? ㅋㅋㅋㅋㅋㅋ
3903446,흐어~2️⃣7️⃣
3904344,ㅋㅋㅋㅋㅋㅋㅋㅋㅋㅋ
3904645,ㅋㅋㅋㅋㅋㅋㅋㅋㅋㅋ
3904804,신 튜 렁
3904991,한팀에 라인이 몇명이 꼬인거야ㅋㅋ
3905185,ㄹㅇ 주작이네
3905740,{:d_57:}{:d_57:}{:d_57:}
3906386,3숟가락 ㅋㅋㅋㅋ
3907292,물쥐 프로라고 꼬리내리는거 많이 유해졌네
3907540,채팅창에 나서스 프리파밍  뭐냐?
3907659,ㅇㅇ
3909314,ㅈ 튜 렁
3909469,?
3910014,미드 진짜 디아블맞는데?? ㅋㅋㅋㅋ
3911341,?
3911767,ㅋㅋㅋㅋㅋㅋㅋㅋㅋㅋㅋㅋ
3911849,어
3912474,ㅋㅋㅋㅋㅋㅋㅋㅋㅋㅋㅋ
3912551,?
3912883,엄
3912982,어?
3913356,엄...
3913401,엄
3913453,ㅈㅉㅇㅇ?
3913469,???
3913651,?
3914103,디아블님 ?
3914152,엄
3914256,어
3914653,ㅋㅋㅋㅋㅋㅋㅠㅠㅠㅠ
3914742,분당 1킬이요?
3914848,....;;;;;;???????
3915027,어..
3915383,진짜 짭 아니라고 ?
3915459,바위게 포기하는게 그냥 정글러 다댓네
3915486,아 줴줴이야~!
3915961,세번은 좀...
3916376,맞냐 이거
3916620,엄
3917167,디아블님?
3917540,{:d_126:}{:d_126:}{:d_126:}{:d_126:}{:d_126:}
3917860,스리섬
3917866,......
3917936,{:d_126:}{:d_126:}{:d_126:}{:d_126:}
3918058,어어 15뎃한다
3918084,흠..
3918713,라꼬숟 3명 ㅋㅋㅋㅋㅋㅋ이걸 어찌이김
3919202,대근이
3919394,???
3919842,ㅈ
3920033,좆같이 못하노ㅋㅋ
3920199,엄
3920288,아니 ㄹㅇ 디아블이네
3920683,e
3920722,w
3920849,w
3920864,아블이횽?
3920909,w
3920914,ㅈㄱㅊㅇ
3921152,미드가지마
3921235,ㅋㅋㅋㅋㅋㅋㅋㅋㅋㅋㅋㅋㅋㅋㅋ
3921554,w
3921902,디아블님.?
3922018,요즘 정글을 더 보는거같냐ㅋㅋㅋ
3922195,궁ㅇ
3922382,w
3922460,w
3922488,w
3922703,더블유아닌가여
3922708,W
3922788,에이요 디아블님?
3922919,W
3922967,w
3923071,w
3923166,w
3923842,모르고 한거임?
3923858,정글 개입전에 이미 2킬을 따여버리는데 ㅋㅋ
3923970,wwwwwwww
3924118,ㄱ-
3924853,w선마
3924862,ㅈㄱㅊㅇ;
3924881,3분 3데스 ㅈㅉㅇㅇ
3925073,ㄱ
3925085,wwww
3925654,진짜 ㅈ댔는데 게임?
3925803,다 w겠지
3926037,w지
3926342,r
3926964,흐어~3️⃣0️⃣
3927436,rrr
3927817,라꼬숟은 재앙이다
3928251,진짜 디아블횽이네 ㄷㄷㄷㄷㄷㄷ
3928295,w이지
3928531,디아블님...?
3929873,weq
3930288,디....디아블님...?
3930911,디아블 라꼬 아닌데? 그냥 지가 미드로 돌리는거임
3931327,오너는 WEQ
3932774,weq
3933431,weq
3934874,"디아블님,,,?"
3936019,w다음은 취향
3936999,디아블 저 부계는 미드계정인거같던데
3937765,물쥐 어른됐네
3938150,와 근데 롤 망했네 원딜러만 같은팀에 3명이
3938858,미드로 돌린다고?
3941586,디아블 미드돌리는거임 ㄷㄷㄷ
3941815,최근전적 싹다 미드임
3942653,ㅋㅋㅋㅋ 오리아나닉네임 딜잘넣는원딜 원딜안함 ㅋㅋ
3944467,그냥 미드하고싶엇던거
3944816,캬
3945039,오
3945969,지렷다
3946115,캬
3946201,캬
3946497,오
3946534,올
3946767,캬
3946981,미드로 돌리는거라고?
3947062,캬 @@@@@@@@@@
3947296,ㅅㅅ
3947319,호
3947394,캬
3947451,캬
3947576,디아블 자기가 미드 돌리는거 ㄷㄷㄷ
3947590,캬
3947847,호우
3947908,굳굳
3948048,오 ㅅㅅㅅㅅㅅ
3948135,와
3948305,캬
3948366,휴
3948381,캬
3948429,흐어~3️⃣3️⃣
3948526,오
3948548,오
3948626,캬
3948730,와 미쳐따
3948771,캬
3948932,캐
3949024,호우
3949105,좋았다
3949117,캬
3949239,siu
3949249,죽음을 각오한 괴물쥐
3949266,캬
3949442,호우
3949539,캬
3949653,잘햇네
3949678,판단 지렸다
3949710,호우
3949716,좋았다
3950009,이게
3950644,잘하네 뭐야
3950792,SIUUUUUUUUUUU
3950804,플도 다 뺏네 ㄷㄷ
3950815,올
3950987,sIUUUUUUUUUUUUUUUUU
3951341,오
3951357,개잘했어
3951436,아 이게
3951605,먹죽 좋고
3951781,장지호우완
3951831,라꼬숟중 최강
3951866,이게 각이라고 ???? ㅋㅋㅋㅋㅋㅋㅋㅋㅋㅋㅋㅋㅋㅋ
3951946,판단 좋은데
3952231,SIUUUUU
3952326,{:d_60:}{:d_60:}{:d_60:}
3952496,라꼬숟의 왕
3952590,아니 방금 판단 뭐임? ㅋㅋ 지렸네
3952858,SIUUUUUU
3953057,{:hejingDance:}{:hejingDance:}{:hejingDance:}{:hejingDance:}{:hejingDance:}{:hejingDance:}{:hejingDance:}
3953280,판단 좋았다
3953556,그래요?
3953823,디아블 방송 어디서 봄?
3954501,판단 좋은데
3955147,ㅇㅈ
3955650,ㅇㅈ 킬먹어야함
3955976,라꼬숟의 왕이라네~~~~
3956035,{:chky_7:}{:chky_7:}{:chky_7:}
3956648,ㅈ나잘해 개 믿힌 슈발럼
3956659,ㄹㅇ 잘했따
3957096,캬
3957209,판단 고투
3957341,R U Oner?
3957934,좀 섹시했는데??
3958219,와 진짜 디아블이네 ㅋㅋ
3959095,{:hejingDance:}{:hejingDance:}{:hejingDance:}{:hejingDance:}{:hejingDance:}
3959311,라꼬의 신
3959802,지렸다
3959907,킬관여 100
3960918,어차피 죽을거 지렸네
3961742,사일은 교전임
3961888,이새끼 왜 잘하지?
3962524,방금 좀 섹스한데?
3962644,흐어~3️⃣6️⃣
3964026,자장면
3964328,미드때문에 어차피 카정당함ㅇㅇ
3964667,줜나잘헀네 방금
3964980,ㅋㅋㅋㅋㅋㅋㅋㅋㅋㅋㅋㅋ
3965347,?
3965790,엄
3965861,?
3965974,어..?
3966008,{:monsMonsCheer:}{:monsMonsCheer:}{:monsMonsCheer:}{:monsMonsCheer:}{:monsMonsCheer:}{:monsMonsCheer:}{:monsMonsCheer:}{:monsMonsCheer:}{:monsMonsCheer:}
3966047,내가본 라꼬숟중에 제일잘함
3966356,쥐쥐
3966383,ㅋㅋㅋㅋㅋㅋㅋㅋㅋㅋㅋㅋㅋ
3966593,???????????????
3966695,?
3966722,음?
3966733,????
3966785,어...
3966927,ㅋㅋㅋㅋㅋㅋㅋㅋㅋㅋㅋㅋㅋㅋㅋㅋㅋㅋㅋㅋㅋㅋㅋ
3967139,어라
3967226,ㅋㅋㅋㅋㅋㅋㅋㅋㅋㅋㅋ
3967257,아블이횽?
3967332,?
3967623,디아블님...?
3967687,?
3967733,심한데?
3967864,디아블님...
3968024,?
3968148,엄...
3968231,아니 아블이형
3968254,악마횽..
3968430,{:d_126:}{:d_126:}{:d_126:}{:d_126:}{:d_126:}
3968446,?
3968751,엄
3968929,ㅋㅋㅋㅋㅋㅋㅋㅋㅋㅋㅋㅋ
3968955,그만
3969012,우리팀 정글 프로인가??
3969240,아 디아블님???
3969749,헉
3969901,디아블님?
3969908,cs 18개..
3970311,미드따임 ㅅㄱㅋㅋ
3970373,미드 포기해 그냥 ㅋㅋ
3970784,오
3970899,와
3971038,ㅋㅋ...
3971486,?
3971674,디아블님?
3971774,오
3971787,오ㅑㅏ
3972120,오 무빙
3972195,와
3972276,상대미드랑 트레이드 할까요
3972532,미친
3972602,오
3972669,와
3973146,와
3973273,라이즈는 누구임?
3973776,아
3973786,오
3973913,음?
3973933,메튜렁 이 미친새끼
3974318,디아블 씨발년아
3974373,오 ㅋㅋㅋㅋㅋㅋㅋ
3975166,야스오 개잘하네
3975410,왜 욕을..
3975430,무빙섹시한거봐
3975721,아 ㄲㅂ
3976108,ns치면 ㄹㅇ 디아블 방송중이네
3976183,?
3976713,흐어~3️⃣9️⃣
3976737,디아블 ㅈㄴ 대충하는중 ㅋㅋ
3976764,아
3976854,ㅋㅋㅋㅋㅋㅋㅋㅋㅋㅋ
3976950,아 점화를
3977044,ㅋㅋㅋㅋㅋㅋㅋㅋㅋ
3977170,엥....
3977248,ㄲㅂ
3977365,?
3977922,ㅋㅋㅋㅋㅋㅋㅋㅋㅋㅋㅋ
3978061,점화ㅋㅋㅋㅋ
3978338,점화찍
3978587,ㅋㅋㅋㅋㅋㅋㅋㅋㅋㅋ
3978682,아ㄲㅂ
3978749,ㅋㅋㅋㅋㅋㅋㅋㅋㅋㅋ
3978786,음?
3979046,ㄲㅂ
3979082,뭐냐
3979141,ㅋㅋㅋㅋㅋ
3979293,{:d_126:}
3979374,엥
3979419,엄
3979965,아...
3979995,점화...
3980103,아마테라스
3980230,ㅋㅋㅋㅋㅋㅋ 진짜 미쳤네
3980232,뿌직 ㅋㅋㅋㅋㅋㅋ
3980275,아마테라스
3980329,야다..
3980708,점화 띡
3980719,고추장 엔딩
3981011,ㅋㅋㅋㅋㅋㅋㅋㅋㅋㅋㅋ
3981258,아마테라스 ㅋㅋㅋㅋㅋㅋㅋ
3981320,점화 ㅋㅋㅋㅋㅋㅋㅋㅋㅋㅋ
3981323,? ㅋㅋㅋㅋㅋㅋ
3981425,라고하자마자 ...
3981555,아마테라스
3981636,피지컬 지렷다
3981646,손해...
3981942,zzzzzzzz
3982269,야럼 아렇지
3982865,ㅋㅋㅋㅋㅋㅋㅋㅋㅋㅋㅋㅋㅋㅋ
3983265,마무리도 예술이네 ㅋㅋㅋㅋ
3983906,이미 죽어있네
3985215,야럼야렇지
3985423,아오
3985500,큰일낫다 대근이 이길맘없다
3985861,목청 ㅈㄴ크넼ㅋㅋㅋ
3986260,야럼 야렇지
3986418,안되지
3986624,미드가 누군지 몰랐더라면 무슨 말을 했을꼬....
3987263,5분 3뎃미드는 진짜 ㅅㅂ
3989048,곘냐에요
3990632,야럼 야렇지 ㅋㅋ
3992438,아마테라스 ㅈㄴ웃기네 ㅋㅋㅋㅋㅋ
3993222,야다..
3993581,미드 비사ㅏㅏㅏㅏㅏㅏㅏㅏㅏㅏㅏㅏㅏㅏㅏㅏㅏㅏㅏㅏㅏㅏㅇ
3996549,만약 괴물쥐가 미드가 누군지 몰랐다면...???
3996563,상대 두꺼비 아직안나왔나
3997837,누군지 몰랐다면 쌍욕했지
3997932,4뎃 ㅋㅋㅋㅋ
3998183,5분 4데스 패작임?
3999101,디아블님 계정 해킹당하셨나?
3999237,미드 좀....
4000040,근데 미드 개심각하네
4000248,흐어~4️⃣2️⃣
4000603,오리 4데스 너무 심한데
4000950,흠... 미드..
4001102,라이즈 어케 맞음
4001159,괴물쥐의 트페를 보고 있는 느낌이네
4002973,카정가면 겜터짐ㄴㄴ
4003807,미드 프로인가보네 {:d_106:}
4004324,야다
4004836,어슬렁 ~~~ 어슬렁~~
4005376,040진짜에요?
4005705,라인전 시작후 분당 1뎃 ㅋㅋ
4006731,어슬렁 어슬렁
4007298,굶는중
4007908,디아블잠브맞고싶으신가..
4008254,탑 미니언이라도 먹죠
4008526,아블이횽..?
4009099,작골털렸지
4009487,아 왜 미드로 만나냐 근데
4009982,미드가 좀심하긴하네
4011004,내 짜장
4011539,협곡산책
4011823,잇겠냐ㅐ
4011827,프로가 저러면 lck에서 경고 안하나
4013151,킬 못먹었으면 개망할뻔햇네
4013180,미드(프로)(원딜)
4013296,탑 밀었어야했는데
4014086,있네?
4014297,동선 머임
4015192,허겁지겁
4016121,오
4016196,디아블 저번에도 미드 걸려서 개싸드만 근데 채팅은 안침
4016325,그냥 다이브만본거네
4016783,디아블님 cs 뺏어먹을까???
4017045,이걸 안먹었어 ?
4017051,아닛
4017286,오
4017662,왜 미드인거야... 야다
4018308,저게 라꼬숟 평균인가요?
4018665,ㅋㅋㅋㅋㅋㅋㅋㅋㅋㅋㅋㅋㅋ
4020007,지환아 소신발언 한번 하자
4021969,이분 포변햇나요
4023273,허겁지겁
4024304,주섬
4024842,ㅋㅋㅋㅋ
4025736,야미~~~~~~~
4025772,LCK에서도 원딜로 푸짐하게 싸는데 솔랭을 미드로 돌리네
4027748,후루룹
4029331,흐어~4️⃣5️⃣
4031822,참지마
4031880,지환이 애써 미드 싸는거 외면중 ㅋㅋ
4032379,슬슬 스카웃이 그리워지는 청년
4033695,하이큐잡힌듯
4035054,갈팡질팡 ㄷㄷ
4036550,숟가락은 숟가락만 들라고 소신발언 ㄷㄷ
4038124,미드 2렙차 ㅈ댓노
4038609,거의다 900점대
4039132,레벨링 ㅋㅋ
4039430,얘들아 채팅 살살치자
4040255,똥쟁이 미드한테 시원하게 욕 안박나요?
4042728,티모 원딜 요즘 좋음?
4043371,미드로 돌렸겠냐..라인꼬인거지ㅋㅋ
4044463,그거가주면 너무망하는데
4048305,망한 라인 가도돼?
4050290,전적보셈 미드로만 돌림
4050552,디아블님이신거 제일 처음 알려주신분 정말 감사합니다....
4052561,보였나
4054834,물쥐님 미드한테 시원하게 배설하죠?
4056123,그건 변순데?
4056584,개잘참네
4056879,야스오 너무 티나는데
4057039,물쥐님 갈드컵 좀 막아줘용
4057214,설마 이판 야스오 그 사람은 아니겠죠
4057423,미드로 돌리는거 맞는듯
4058573,미드 피가
4058906,경험치 뺏어먹기
4059074,냠냠 ㅋ
4059855,보인거 아님?
4060065,경험치 개달다
4060509,ㅋㅋㅋ
4061546,?
4061695,짜오 ㅈㄴ사리는데 ?
4061948,아래캠 다털리겠네
4062864,야미
4063312,냐미
4063908,진짜 개뻔한데
4064710,아는거같은데
4065054,경험치 도둑이야
4065289,사일 그렇게하면 개망한다
4066018,보인듯
4066298,ㅋㅋㅋㅋㅋㅋㅋ
4066510,아는거같은데
4066931,ㅇㅇ 아는 거임
4067296,아
4067829,ㅋㅋㅋㅋㅋㅋㅋㅋㅋㅋㅋㅋㅋㅋㅋㅋㅋㅋ
4067928,야미
4068068,어라
4068079,...
4068124,이걸 안오는거면 아는거같은데
4068200,ㅂㅂ
4068262,와 큰일낫다
4068340,아
4068566,보인거 아님?
4068745,엥
4068803,어
4069004,어어..
4069232,집이나 찍죠
4069246,{:d_133:}
4069327,미드 5연솔킬~
4069699,ㅋㅋㅋㅋㅋㅋㅋㅋㅋㅋㅋㅋㅋㅋㅋㅋㅋㅋ
4069782,다 보ㅓ여
4069864,디아블님???
4069924,?
4069957,아니..
4069967,자리비움
4070010,음?
4070019,흐어~4️⃣8️⃣
4070030,아 어떡해...;
4070151,흠
4070185,뭘까 진짜
4070209,저걸참네
4070240,엥
4070248,엥?
4070470,{:d_126:}{:d_126:}{:d_126:}
4071036,솔킬 무한복사임
4071082,아블아.
4071616,이건 아니지 ;
4071993,{:d_126:}
4072014,?
4072105,다 보여  쥐환아
4072257,음?
4072310,뭐지 짜오가 이걸 참아?
4072476,빡썌대
4072516,뭐냐 ㅋㅋ
4072638,{:d_106:}{:d_106:}{:d_106:}{:d_106:}{:d_106:}
4072921,이건 좀 ..
4073236,어?
4073271,야스오 너무 티남
4073588,디아블님...
4073800,망길 쩔받음?
4073875,쥐일러스 습박 ㅋㅋ
4073894,디아블님?
4074207,라꼬숟 횽이야
4074791,와드네 ㅋㅋㅋ
4074970,아
4074986,ㅋㅋㅋ
4075130,ㅋㅋㅋㅋㅋㅋㅋㅋㅋㅋㅋ
4075203,ㅋㅋㅋㅋㅋㅋㅋㅋ
4075230,와드네 ㅋㅋㅋ
4075282,ㅋㅋㅋㅋㅋㅋㅋ
4075283,ㅇㄷ였네
4075527,ㅋㅋㅋㅋㅋㅋㅋㅋㅋㅋㅋㅋㅋㅋㅋㅋㅋㅋㅋ
4075736,그 디아블님..?
4075798,와드네
4076035,와드네
4076045,와드네 ㅋㅋ
4076103,뿌직
4076222,ㅋㅋ
4076327,ㅋㅋㅋㅋㅋㅋㅋㅋㅋ습박
4076355,걍 경치도둑
4076367,ㅋㅋㅋㅋㅋㅋㅋㅋㅋㅋ
4076451,ㅈ망 ㅋㅋㅋㅋ
4076493,ㅋㅋㅋㅋㅋㅋㅋㅋㅋㅋㅋㅋㅋ
4076670,ㅋㅋㅋㅋㅋㅋㅋㅋㅋㅋㅋㅋㅋㅋ
4076937,ㅋㅋㅋㅋㅋㅋㅋㅋㅋㅋㅋ
4077000,ㅋㅋㅋㅋㅋㅋ
4077152,ㅋㅋㅋㅋㅋㅋㅋㅋㅋ
4077271,야다..
4077513,ㅋㅋㅋㅋㅋㅋ
4077542,{:d_126:}{:d_126:}{:d_126:}
4077565,와드 ㅋㅋㅋㅋㅋ
4077706,엄
4078047,ㅋㅋㅋㅋㅋㅋㅋㅋㅋ
4078181,ㅋㅋㅋㅋㅋㅋㅋㅋㅋㅋ
4078296,ㅋㅋㅋㅋㅋㅋㅋㅋㅋㅋㅋㅋㅋㅋㅋ
4078390,스오야 뒤질래?
4078480,디아블님...?
4078903,아오
4078907,{:d_126:}{:d_126:}{:d_126:}
4079020,엄
4079165,삼식
4079170,?
4079433,{:d_126:}
4079456,경험치갱 ㅋㅋㅋㅋㅋㅋㅋ
4079587,와
4079713,zzzzzzzzzzzzzz
4079863,자리비움
4079918,뿌직
4080652,레전드 ㅋㅋㅋㅋㅋㅋ
4081311,망길쩔받는중 ??
4081362,집좀 찍어
4081501,오리 사지절단 될뻔했는데 채팅창이 알려줘서 살았노
4081828,시간 ㅈㄴ빼먹기 ㅋㅋㅋㅋㅋㅋㅋㅋㅋㅋㅋㅋ
4081834,스오야...
4082396,{:d_223:}{:d_106:}{:d_106:}{:d_106:}{:d_106:}{:d_106:}{:d_106:}
4082801,{:monsMonsSee:}{:monsMonsSee:}{:monsMonsSee:}{:monsMonsSee:}{:monsMonsSee:}{:monsMonsSee:}{:monsMonsSee:}
4082901,ㅁㄷㅊㅇ 줴줴이야
4085476,야스 컨디션이 저런데 안오는게 말이안돼
4085695,신병연기를 이렇게했는데 안달려드는거부터좀
4086903,괴물쥐 아무말도 안하는거 개웃기네 ㅋㅋㅋ 원래였으면 미드 진짜 죽었다
4088647,좋앗다
4088808,맞네
4088843,뿌직
4089439,시간개버려서 해야해
4090074,야필패 is 과학
4090363,개망했다
4091592,쿨ㄷ골리고
4094543,?
4095503,캬
4096136,나이스
4096417,스킬쿨좀 찍어
4096666,와
4097191,ㄴㅇㅅ
4097324,어우
4097437,와
4097579,어어
4098952,ㄲㅂ
4098960,DL
4099175,ㄲㅂ
4099175,아
4099346,아
4099352,아
4099462,아
4099582,아 ㄲㅂ
4099592,아
4099653,ㄲㅂ
4099753,ㅈㅈ
4099803,ㄲㅂ
4099904,까비
4099905,ㅋㅋㅋㅋㅋㅋㅋㅋㅋㅋㅋㅋㅋㅋ
4099999,ㄱ-
4100075,찍
4100164,아 이게죽네
4100201,ㄲㅂ
4100220,아
4100505,아 까비
4100515,ㄲㅂ
4100677,이게
4100764,아
4101053,흐어~5️⃣1️⃣
4101318,ㄲㅂ
4101371,시간많이써서 큰일났네
4101614,이게죽네
4102011,아무리봐도
4102254,겜은 갔음 근데
4102358,ㅋㅋㅋㅋㅋ
4102397,타워에 3데스한남자
4102521,아니 이게죽네
4102608,아
4102654,타워 뭐냐
4102759,{:d_126:}{:d_126:}
4103157,ㄲㅃ
4103902,짜오 체급 돌앗네
4103948,이게죽네 ㄲㅂ
4104015,아이게
4104640,서렌판이네
4104785,뿌직스
4105087,아 딱 죽네
4105190,미드 어캄?
4105260,저게 죽네
4105489,그냥 불나방이네 ㅋㅋ
4106036,{:d_44:}{:d_44:}{:d_44:}{:d_44:}{:d_44:}{:d_44:}
4106444,야다...........
4106526,미드 3렙차 진짜에요?
4106805,아 줴줴야
4108103,ㅈㅈ
4108265,5렙?
4108913,미드좀 심각하네
4109061,와 3렙차
4109103,미드 3렙차
4109111,짜장털려야지
4109750,3렙차 ㅋㅋㅋㅋㅋㅋㅋㅋㅋㅋㅋㅋㅋㅋㅋㅋㅋ
4109753,3렙차뭐냐저거
4109799,철괴
4109832,3렙차 ㅈㅈ
4109985,3렙 차
4110343,짜장 다 뺏긴다
4110371,3렙차 뭐지요
4110442,방금거 살만했는데 왜죽지
4111302,ㅋㅋㅋㅋㅋㅋㅋㅋㅋㅋㅋㅋㅋㅋ
4111504,맞긴해
4111521,플뺐다 그래도
4111562,오리 5렙 실화가
4111562,미드는 ㄹㅇ 개망함
4111732,미드 3렙차 ㅋㅋㅋㅋㅋ
4112311,현대롤에서 3렙차
4113164,노답(오리아나가)
4113187,미드터져서 걍 15임
4113381,잘하고있어 이게맞아
4113387,미드 3랩차 ㅋㅋㅋㅋㅋㅋㅋㅋㅋㅋㅋㅋㅋㅋㅋㅋㅋㅋㅋㅋㅋㅋㅋㅋㅋㅋㅋ
4113836,3렙차는 습박
4114299,3렙차 뭐삼 ㅋㅋ
4114382,미드 3렙차 뭐임
4114465,포탑왤케쎄
4114847,5뎃은 습박ㅋㅋㅋㅋㅋㅋㅋㅋ
4115238,오리 뭐여
4115306,7분 3랩차는 뭐냐 ?
4115786,050은
4115881,050..?
4116275,걍 게임 갓는데
4116375,흐어~5️⃣4️⃣
4116450,미드 차이 진짜에요?
4116592,미드뭐냐 ㅅㅂㅋㅋㅋㅋㅋㅋㅋㅋㅋㅋㅋㅋㅋㅋㅋ
4117682,3렙차다 ㅈㅈ
4117945,혼또니야다
4118116,미드 3렙차는 ㅅㅂ
4118300,5킬 라이즈 ㅋㅋㅋ
4118372,와 렙차 뭐냐
4118449,미드 ㅋㅋ
4119116,아블이햄
4119393,그립습니다 스카웃님
4119558,아니 디아블 형 ?
4119981,희생하는 정글 ㅠ
4120610,할말은 한다 쥐카콜라
4120641,미드 050은 뭐야
4121030,ㅋㅋㅋㅋㅋㅋ
4121293,현대롤에서 3랩차는 시사하는 바가 크네요
4121375,노답이긴하네..
4121582,현대롤에서 3렙차는 나올수가
4121687,미드 3렙차 뭐임
4121843,오리아나 ㅋㅋㅋㅋㅋㅋㅋㅋ 레벨뭐냐
4122202,제이스 CS버ㅣ리//
4123901,미드가 주도권 없어서 카정은 당연한 수순
4124223,2렙차네
4124351,미드 어뷰임?
4124695,밑에서 나오네
4125442,어째서 미드챔중에 그 어려운 오리를...
4125752,2랩차 ㅋㅋ
4125752,CS차이 ..
4125984,정글은 잇겟네
4127083,500 050.....
4127170,정글 2렙차 줴줴이야
4127280,마스터 너무 무시한다
4127322,빨리 캠프 돌려야는데 해줘식 정글러
4127553,두근두근
4127736,미드차이 ㅋㅋ
4127742,죽여
4127889,겜 망했냐 ㅋㅋㅋ
4128265,짜장면 다 뺐기네 ㅋㅋㅋㅋㅋㅋㅋㅋㅋ
4128445,쥐일러스당 믿힌 ㅋㅋㅋ
4128655,털었니
4128830,7분 3렙차는 현대롤에서 가능한거임?
4129288,ㅁㄷㅊㅇ 15ㄱㄱ
4129297,미드가 너무 무너졌다
4129517,ㄲㅂ
4129554,아니 골드 미드를 가져다 놓아도 이건 좀 {:d_126:}
4130383,정글 2렙차 줴줴이야 ㅋㅋㅋㅋㅋㅋㅋㅋㅋㅋㅋㅋㅋㅋㅋㅋㅋㅋ
4130646,벨트 있으니까 갱ㄱㄱ
4130955,라이즈 한입?
4132088,흐어~6️⃣0️⃣
4136104,?
4137290,?
4137835,?
4138050,엄
4138085,ㅋㅋㅋㅋㅋㅋㅋㅋㅋㅋㅋㅋㅋㅋ
4138105,와
4138261,?
4138274,ㅋㅋㅋㅋㅋㅋㅋㅋㅋㅋ
4138514,음?
4138683,"ㅂ[ㄾ,"
4138844,?
4138852,?
4138855,?
4139054,어?
4139459,?????????
4139463,?
4139575,왐마
4139692,?
4140087,?
4140140,아
4140143,오리이나는 어케 서폿보다 랩이 낮음?
4140312,와
4140344,??
4140403,와
4140876,와
4141004,엄
4141139,레전드 ㅋㅋㅋㅋ
4141474,저게 사네
4141529,??
4141549,ㅋㅋㅋㅋㅋㅋㅋㅋㅋ
4141609,벨트 뭐해
4141613,?
4141746,망햇다
4141860,김! ㅋㅋㅋ
4141913,?
4142008,ㅈㄴ못해
4142328,"와,..."
4142652,벨트를..
4142694,엄
4142792,?
4143123,ㅋㅋㅋㅋㅋㅋㅋㅋㅋㅋㅋㅋㅋㅋㅋㅋㅋㅋㅋㅋㅋㅋㅋㅋㅋㅋ
4143294,????
4143556,아
4143751,뭐하냐
4143760,?
4143800,????????
4143827,????
4144120,?
4144172,??
4144245,????????
4144246,?
4144346,아
4144346,???????????
4144452,헉
4144575,엄...
4144681,어라
4144711,???????
4144733,똥이에ㅛ
4144770,?
4144800,?
4144809,ㅋㅋㅋㅋㅋㅋㅋㅋㅋㅋㅋㅋㅋㅋㅋㅋㅋㅋㅋㅋㅋㅋㅋㅋㅋㅋㅋㅋㅋㅋㅋㅋ
4144819,어라
4144915,?
4145177,아니
4145286,ㅋㅋㅋㅋㅋㅋㅋㅋㅋㅋㅋㅋㅋㅋㅋㅋㅋㅋㅋ
4145298,ㅋㅋㅋㅋㅋㅋㅋㅋㅋㅋㅋㅋㅋㅋㅋㅋㅋㅋㅋㅋㅋㅋㅋㅋㅋㅋㅋㅋㅋㅋㅋㅋㅋㅋㅋㅋㅋㅋ
4145318,아블이횽?
4145319,아
4145327,?
4145369,ㅋㅋㅋㅋㅋㅋㅋㅋㅋㅋㅋㅋㅋㅋㅋㅋㅋㅋㅋㅋㅋㅋ
4145384,ㅋㅋㅋㅋㅋㅋㅋㅋㅋㅋㅋㅋㅋ
4145494,디아블님
4145692,물ㄴ쥐님...
4145762,ㅋㅋㅋㅋㅋㅋㅋㅋㅋㅋㅋㅋㅋ
4145795,ㅋㅋㅋㅋㅋㅋㅋㅋㅋㅋㅋㅋㅋㅋ
4145948,오리님?
4145971,??
4146247,와 ㅋㅋㅋㅋ
4146252,{:d_126:}
4146278,ㅋㅋㅋㅋㅋㅋㅋㅋㅋㅋ
4146521,{:d_106:}{:d_106:}{:d_106:}{:d_106:}{:d_106:}{:d_106:}{:d_106:}
4146608,오리 뭐하냐
4146669,ㅋㅋㅋㅋㅋㅋㅋㅋㅋㅋㅋㅋㅋㅋㅋㅋㅋㅋㅋㅋㅋㅋㅋㅋㅋㅋㅋㅋㅋㅋㅋㅋㅋㅋㅋㅋㅋㅋㅋ
4146704,잡을만했는데
4146868,?
4147018,이걸 못잡네...
4147377,짭 아니냐
4147407,아니
4147421,디아블님?
4147514,아 예?
4147717,아
4147782,ㅋㅋㅋㅋㅋㅋㅋㅋㅋㅋㅋㅋㅋㅋㅋㅋㅋㅋㅋㅋㅋ
4148052,걍 선벨트 하지
4148074,벨트 뭐해
4148275,개그맨이냐
4148359,와
4148396,?
4148548,ㅋㅋㅋㅋㅋㅋㅋㅋㅋㅋㅋㅋㅋㅋㅋㅋㅋㅋㅋㅋㅋㅋㅋ
4148553,디아블님?
4148741,엄...
4148900,{:d_126:}{:d_126:}
4148957,ㅋㅋㅋㅋㅋㅋㅋㅋㅋㅋㅋㅋㅋㅋㅋㅋㅋ
4149163,ㅋㅋㅋㅋㅋㅋㅋㅋㅋㅋㅋㅋㅋㅋㅋㅋㅋㅋㅋㅋ
4149259,어라
4149288,뿌직 ...........
4149429,ㅋㅋㅋㅋ
4149475,야미~
4149649,똥아블
4149654,"아,,,,,,,,,,,,,"
4149823,{:d_106:}{:d_106:}{:d_106:}{:d_106:}
4149936,쥐창 ㅋㅋㅋ
4150211,아 디아블님 그걸왜 따라와요
4150288,미드 뭐하냐
4150431,엄
4150647,정글차이 ㅈㅈ
4150792,오리가 사람이 아닌데
4151000,레전드 ㅋㅋㅋㅋㅋㅋㅋㅋㅋㅋㅋㅋㅋㅋㅋㅋ
4151036,미드 일반인이였으면 백년장수했지..ㅋㅋㅋㅋㅋ
4151297,ㅋㅋㅋㅋㅋㅋㅋㅋㅋㅋㅋㅋㅋㅋㅋㅋㅋㅋㅋㅋ
4151492,네
4151617,와 줴줴다 이거
4151864,ㅈㅈ
4151910,찐맞음
4151971,ㅇㅇ
4152146,ㅋㅋㅋㅋㅋㅋㅋㅋㅋㅋㅋㅋㅋㅋㅋㅋㅋㅋㅋㅋㅋㅋㅋㅋㅋㅋㅋㅋㅋ
4152232,아니 진짜 대충하시는거 아니지?
4152321,팀을 죽이는 정글ㄹ얼
4152372,짭이겠지
4152382,ㅇㅇ
4152468,네..
4152477,ㅋㅋㅋㅋㅋㅋㅋㅋㅋㅋㅋㅋㅌ
4152514,헉
4152527,ㅇㅇ마증ㅁ
4152573,{:d_106:}{:d_106:}
4152619,ㅋㅋㅋㅋㅋㅋㅋㅋㅋ
4152670,디아블 맞음
4152883,물쥐님 소신발언 하시죠
4152919,ㅇㅇ
4152922,DDD
4152926,ㅋㅋㅋ
4152962,맞긴 혀
4152987,레전드 ㅋㅋㅋㅋㅋㅋㅋㅋㅋㅋ
4153069,니
4153089,방송하고 있다니까
4153304,아블이횽...?
4153308,방송중임
4153348,;;
4153389,진짜임
4153583,아블이횽 ..
4153653,ㅋㅋㅋㅋㅋㅋㅋㅋㅋㅋㅋㅋㅋㅋㅋㅋㅋㅋㅋㅋㅋㅋ
4153711,제이스 : 야~~미
4153736,ㅋㅋㅋㅋㅋ네
4153742,방송중임 ㅇㅇ;;
4153764,ㅇㅇ
4153772,짭 아니야?
4153776,맞음
4154079,찐이라니깐
4154106,ㅇㅇ
4154193,놀랍게도..
4154201,진짜임;;
4154304,ㅋㅋㅋㅋㅋㅋㅋㅋㅋㅋㅋㅋㅋㅋ
4154329,맞긴함
4154419,네
4154429,야다...
4154435,뿌직
4154511,맞어요
4154547,ㅇㅇ....
4154744,헉
4154781,찐이긴함
4154901,ㅇㅇ 놀랍게도 치지직 방송중
4154937,레전드 결과 발생 ㅋㅋ
4155196,네
4155217,구라지?
4155348,맞긴함
4155392,ㄹㅇ임
4155413,진짜임?
4155431,진짜라니까
4155449,진잔데...
4155466,어어
4155672,겠냐에요
4155791,네
4155810,이건 님이...
4156047,네.
4156166,ㅋㅋㅋ진짜임
4156201,방송보고왔는데 찐임
4156217,곗냐
4156224,구라면 이정도 반응도 안나오죠
4156385,아니라고 해줘
4156697,딥롤피셜..
4156727,디아블맞음? 개못하는데
4156758,니가 사람임?
4156880,진짜 맞긴 혀
4156910,너무 털리는데ㅋㅋㅋㅋ
4157059,괴물쥐 리미터 풀리기전 ㅋㅋㅋㅋㅋㅋ
4157209,GG
4157341,소신발언가자
4157409,어어 참지마라
4157455,ㅇㅇ 치지직에서 방송중
4157603,방송중임
4157927,ㅈㅉㅇㅇ?
4157978,..
4158156,진짜 맞아?
4158289,놀랍게도 ......
4158838,방송중임
4158956,놀랍게도..
4159011,이렇게 된김에 오리아나 15데스만들고 징계먹게하죠
4159165,거짓말 ㅠㅠ
4159243,마ㅈ음
4159311,디아블님 미드만 돌리는 연습계정이라네요 너무 그러지들말아주세요 이응이응 땀땀
4159347,ㅋㅌㅌㅌㅌㅌㅌㅌㅋㅋㅋ아블이형...?
4160097,ㄹㅇ이긴함
4160461,그냥 디아블로 아님?
4160517,{:d_126:}{:d_62:}{:d_126:}{:d_62:}{:d_126:}{:d_62:}{:d_126:}{:d_62:}{:d_126:}{:d_62:}
4160603,치지직에서 방송중이심..
4160656,{:d_126:}{:d_126:}
4160715,얼마나 욕하고싶은거냐
4160904,방송중임
4160915,팀을 죽이는 정글러
4161577,지금 방송중임
4162061,어어 참아라 ㅋㅋㅋㅋㅋㅋㅋㅋㅋㅋ
4162480,치지직에서 방송중임
4162518,찐 이긴한데  너무한데??
4162646,ㅋㅋㅋㅋㅋㅋㅋㅋㅋㅋㅋㅋㅋㅋㅋㅋ
4163187,아니라고 해줘
4163331,일단 리폿하자 ㅇㅇ
4163398,아래에서 방송중이심..ㅋㅋㅋ
4163406,해봐 한번
4163487,아블이횽 미드잘못하내
4163511,괴물쥐 진짜맞음??
4163511,겠냐에요
4163608,ㅋㅋㅋㅋㅋㅋㅋㅋㅋㅋㅋㅋㅋㅋㅋㅋㅋㅋ
4164108,ㅇㅇ;;
4164330,치지직 방송중임
4164673,겠냐 ?ㅋㅋ 아니겠지
4164746,방송중임...
4164799,흠
4164904,ㅈㅉㅇㅇ..?
4165361,ㅇㅇ 방송중인 찐임
4165503,헉
4165987,1군 프로아님?
4166461,방송중임
4166473,징계 가야겠지??
4167510,헉
4167998,똥나오네 {:d_106:}{:d_106:}{:d_106:}{:d_106:}
4168129,왜 배설을 여기서 하는거임?
4168450,참지마 물쥐야
4168728,구라 ㄴ
4168821,진짜임 ㅠㅠ
4169467,ㅇㅇ ; ;
4170572,한마디 하죠 슬슬
4171198,라꼬숟이 둘?
4171729,ㅈㄴ 못하네 리폿 ㄱ
4172014,헉!!!
4172602,코 쓱-
4172867,흐음
4173608,"ㅈㄴ 못하네, 벨트 누가 그따구로, 쓰래"
4173997,땀땀
4174393,윤어게인은 나가라
4174452,8분 6렙은 씹ㅋㅋㅋㅋ
4175594,지환아 말을아껴라ㅇㅇ
4175837,난 이게 본계인데?
4176334,왜 배설해요
4176367,참을인 3번이면
4176783,아무리 연습이래도...
4177051,ㅇㅇ;;
4178970,이판은보내줘야겟네..
4180174,근데 이판은 그냥 손을 떠났다
4180890,괴물쥐는 본계인데...........
4181046,디아블: 사일이 습...좀 맛없는데
4183317,빅라때문에 미드 아이디 만든거임?
4184266,근데 신짜오 패황이긴해
4184389,8분6렙은ㅋㅋㅋㅋㅋ
4184970,와 미드 탑 다터지네 이거어캄?
4185062,야미
4185232,디아블 잠브임
4185765,야스오 : 왜 나한테만....
4187155,저거 개사기야
4187416,야미
4188003,진짜네..
4188602,야미
4188963,아니 진짜네 ㅋㅋㅋㅋㅋㅋㅋㅋㅋ
4190330,제이스카정온다
4192651,서폿우디르같은건가
4194804,야미
4196344,짜오탑은 전설이다
4196815,자물쇠 가져와
4199203,와 진짜 디아블이네 방송중이네 치지직에서 ㅋㅋㅋㅋㅋㅋㅋㅋㅋㅋ
4199355,물쥐 4킬이 팀 전분데 ?
4199693,ㅋㅋㅋㅋㅋㅋㅋㅋㅋㅋㅋ
4201694,5뎃박는데 그럼 갱가야하냐
4202116,미드 복통 호소중
4202193,그립습니다......... 스카웃 ㅠㅠㅠㅠㅠ
4205689,라꼬숟은 전설이다
4205871,정글마나안모자르다며 ㅋㅋㅋㅋㅋ
4205978,이방에 원딜만 3명인거 실화인가요?
4207252,킬관여 100% 캬
4208453,원딜이면 미드 코르키 이런거나하지 ㅋㅋ
4208814,오리 머리위로 핑이 마구마구
4208920,정글개느리네
4209208,아니..
4210306,ㅅㅂ존나웃기네 ㅋㅋ
4210813,그래도 사일로 이정도 즐겼으면 됐지
4210930,망한라인은 가는거 아니랬어
4212936,짜오궁 쓸만한데 왜 안훔침
4215766,정글 괴물쥐가 에이스인 세계선
4216517,마나가 없는디
4221089,W를 켜
4223916,엄
4224202,제이스 ㅈㄴ우식네
4224725,ㅋㅋㅋㅋㅋㅋㅋㅋㅋㅋ
4224838,?
4224970,ㅋㅋㅋ
4225233,ㅋㅋ
4225331,캬
4225746,?
4225835,ㅋㅋㅋㅋㅋㅋ
4226278,?
4226681,ㅋㅋㅋㅋㅋㅋㅋㅋㅋㅋㅋㅋㅋㅋㅋㅋㅋㅋㅋㅋㅋㅋㅋㅋㅋ
4227105,ㅈㄴ웃기네 ㅅㅂ ㅋㅋ
4227227,아
4227470,{:d_126:}{:d_126:}
4227945,뭐야ㅋㅋㅋㅋ
4228120,원딜 사일개우ㅡㅅ기네
4228515,?? ㅋㅋㅋㅋㅋ
4228587,캬
4228624,캬
4229078,캬
4229097,캬
4229102,ㅅㅅㅅㅅ
4229259,ㅋㅋㅋㅋㅋㅋㅋ
4229276,ㅋㅋㅋ
4229508,ㅋㅋㅋㅋㅋㅋㅋㅋㅋㅋㅋㅋㅋㅋㅋㅋㅋㅋㅋㅋㅋ
4229535,캬ㅑㅑㅑㅑㅑㅑㅑㅑ
4229536,디아블님?
4229750,휴
4230001,촙
4230106,야미~
4230180,ㅋㅋㅋㅋㅋㅋㅋㅋㅋㅋㅋㅋㅋ
4230184,ㅋㅋㅋㅋㅋㅋㅋㅋㅋㅋㅋㅋ
4230197,헉 디아블 솔킬
4230215,무슨버그야 ㅋㅋ
4230482,촥
4230512,좀 치는데
4230553,캬
4230723,붕쯔붕쯔 ㅋㅋㅋ
4230916,휴
4231147,휴
4231221,제일러스 ㅋㅋㅋ
4231599,ㅋㅋㅋㅋㅋㅋㅋㅋㅋ
4231886,모션 개웃기네 ㅋㅋ
4232241,조준경사일 개웃기네 ㅋㅋㅋㅋ
4232255,ㅋㅋㅋㅋㅋㅋㅋㅋㅋㅋㅋㅋ
4232442,평캔 개웃기네
4232470,ㅋㅋㅋㅋㅋㅋㅋㅋㅋㅋㅋㅋㅋㅋㅋ 원거리 평타 ㅋㅋㅋㅋㅋㅋㅋㅋ
4232758,ㅅㅅ
4232786,미드 또 따임ㅋㅋㅋㅋㅋㅋㅋㅋㅋㅋㅋㅋㅋㅋㅋㅋㅋㅋㅋㅋㅋㅋㅋㅋㅋㅋㅋㅋㅋㅋ
4232907,평캔장인
4232975,ㅅㅅ
4233077,원딜 사일 뭐임
4233108,디아블님????
4233177,{:d_117:}{:d_117:}{:d_117:}{:d_117:}{:d_117:}
4233266,탑 라인 슬쩍 보네
4233503,허공에 좃질하는 모션 뭔냐
4233737,뭐야 버그야?
4234018,미드는...
4234312,망치 사거리 씁박 ㅋㅋ
4234502,아니 평타뭐임 ㅋㅋㅋㅋㅋㅋㅋ
4234666,ㅋㅋㅋㅋㅋ
4234733,사일모션 개웃기네 ㅋㅋㅋㅋ
4235121,아니 그냥 구짐
4235293,구림
4235843,쵹 !
4236418,미드 또 따이넼ㅋㅋㅋㅋㅋㅋㅋㅋㅋㅋㅋㅋㅋㅋㅋㅋㅋㅋㅋㅋㅋㅋㅋ
4237004,킬관여 100퍼 미친정글 ㄷㄷ
4237128,제이스로 바뀌는거 개웃기네 ㅋㅋ
4237275,왜 해머로 원거리 때림?
4237306,ㅋㅋㅋ 웃기네
4237840,디아블님...
4237899,일부러 같은데......
4238606,조준경 사일러스 ㅋㅋㅋ
4239371,조준경이다 ㅋㅋㅋ
4239729,070……
4239746,쿨감
4240295,{:hejingHaha:}{:hejingHaha:}{:hejingHaha:}{:hejingHaha:}{:hejingHaha:}{:hejingHaha:}
4240651,사일 원딜ㅋㅋㅋㅋㅋㅋㅋㅋㅋㅋ
4241194,쿵감
4241637,명석
4241757,핏빛저주
4242126,명석이지
4242223,아이오니아
4242472,쿨감
4242503,미드 좆같이 못하는데 뭐임?
4242725,쿨감
4242981,미드 자물쇠 채워야할듯
4243344,쿨감신이지
4243704,디아블 던진다이...
4243992,미드 초비상인데
4244543,템부터가
4244765,쿨감 아니면 방신
4244779,명석이
4244813,감신
4244985,나는 쿨감가긴하는데 흡신가고싶음 가셈
4245512,쿨감
4246325,관신
4247164,가고싶은거가라
4247722,쿨감
4248754,070..
4249434,일부러같은데는 나가라
4250229,감신이맞음
4250939,070 국제번호임?? ㅋㅋㅋㅋㅋㅋㅋㅋ
4252451,무조건 쿨이지 ㅇㅇ
4252993,흡신
4253185,무조건 쿨감임
4254499,얘는 지가 판단을 못하나
4255243,미드 070뭔데
4255308,정글은 감신가야지
4256050,헉
4256172,ㅋㅋㅋㅋㅋㅋㅋㅋㅋㅋㅋㅋㅋㅋㅋㅋㅋㅋㅋㅋㅋㅋㅋㅋㅋㅋ
4256395,헉
4256584,070 미드 당ㅋㅋㅋ
4256756,ㄹㅇ
4256885,070??????
4257140,헉
4257423,뭐가..
4257742,헉
4257747,헉 @@@@@@@@@@@@
4258081,흡신 구림
4258083,균열 아니야?
4258201,9분 070 ㅋㅋ
4258220,헉
4258357,헉
4258566,겜갔어 편히해라
4258595,헉
4258887,ㅋㅋㅋㅋㅋㅋㅋㅋㅋㅋㅋㅋㅋㅋㅋ
4258934,와 오리 cs 레벨 ㅋㅋㅋㅋ
4258953,ㅋㅋㅋㅋㅋㅋㅋㅋㅋㅋㅋㅋㅋㅋㅋㅋㅋㅋㅋㅋㅋㅋㅋㅋㅋ
4259034,헉
4259098,ㅋㅋㅋㅋㅋ 야스오
4259122,ㅋㅋㅋㅋㅋㅋ
4259280,헉 스오야..
4259721,미드 패작임?
4259753,헉
4259905,헉
4259991,헉
4260518,스오야 ㅋㅋㅋㅋ
4260583,헉
4260588,헉
4260717,헉
4261003,오리 7데스
4261137,야스오 ㅋㅋㅋㄱ
4261440,뭐가요 야스오님
4261469,야스오 너 무슨뜻이야
4261718,070은 좀 그렇긴하네
4261977,하 7뎃 너무한다
4262080,ㄱ-
4262149,헉
4262183,헉
4262617,070 {:d_106:}{:d_106:}{:d_106:}{:d_106:}{:mlb_81:}{:mlb_81:}
4262739,어허....
4262772,스오야 그게 무슨말이니
4262848,그만 ㅋㅋㅋㅋㅋㅋ
4262979,프로가 저래도 되는거임?
4262997,야스오야...
4263111,야스오 무슨 말이니?
4263533,걍 쿨돌려서 w 쿨초하는게
4263661,미드 어뷰인가요ㅕ?
4264203,070 국제전화아님?
4264589,스오야...
4264734,헉
4264870,국번없이 070
4264911,ㅋㅋㅋㅋㅋㅋㅋㅋㅋㅋㅋㅋㅋㅋㅋㅋㅋ
4265461,ㅋㅋㅋㅋㅋㅋㅋㅋㅋ
4265466,ㅋㅋㅋㅋㅋㅋㅋㅋㅋㅋㅋㅋㅋㅋㅋㅋㅋㅋㅋㅋㅋㅋㅋ
4265680,070 미드 ㅋㅋㅋㅋㅋㅋㅋ
4266010,ㅋㅋㅋㅋㅋㅋㅋㅋㅋㅋㅋㅋㅋㅋㅋㅋ
4266091,스오 이새끼야
4266342,ㅈㄴ부끄럽겟다
4266581,ㅋㅋㅋㅋㅋㅋㅋㅋㅋ
4267176,야스오님....
4267295,ㅋㅋㅋㅋㅋㅋㅋㅋㅋㅋㅋ
4267401,헉
4267419,스오야 너 고소당한다
4267520,반말대신 존댓말로 해주세요 감사합니다
4267552,ㅋㅋㅋㅋㅋㅋㅋㅋㅋㅋㅋㅋㅋ
4267621,?
4267663,헉
4267663,헉
4267711,070 전화번호임?
4268030,ㅋㅋㅋㅋㅋㅋㅋㅋㅋㅋㅋㅋㅋㅋㅋㅋㅋㅋㅋㅋㅋ
4268348,스오야 ㅋㅋㅋㅋ
4268371,헉....
4268472,참지 못한 야스오
4268569,{:d_106:}{:d_106:}{:d_106:}{:mlb_81:}
4268655,ㅋㅋㅋㅋㅋㅋㅋㅋㅋㅋㅋㅋㅋㅋㅋㅋㅋㅋㅋㅋㅋㅋㅋㅋㅋㅋㅋㅋㅋㅋㅋㅋ
4268656,ㅋㅋㅋㅋㅋㅋㅋㅋㅋㅋㅋㅋㅋㅋ
4268814,ㅋㅋㅋㅋㅋㅋㅋㅋ
4269135,벨트근데 걍 e벨트로 붙어도됨
4269139,헉@@@@@@@@@@@@@
4269154,ㅋㅋㅋㅋㅋㅋㅋ
4269545,저건좀
4269788,헤이헤이
4270045,ㅋㅋㅋㅋㅋ
4270086,헉
4270115,야스오 ㅁㅊ넘 ㅋㅋㅋㅋㅋㅋㅋㅋㅋㅋ
4270383,ㅋㅋㅋㅋㅋㅋㅋㅋㅋㅋㅋㅋㅋㅋㅋㅋㅋㅋㅋㅋㅋㅋㅋ
4270514,앜ㅋㅋㅋㅋ
4270975,미친놈 ㅋㅋㅋㅋ
4271144,ㅋㅋㅋㅋㅋㅋㅋㅋㅋㅋㅋㅋㅋㅋㅋㅋㅋㅋ
4271331,야임마!
4271336,ㅋㅋㅋㅋㅋㅋㅋㅋㅋ
4271560,헉
4271571,야스오 참지 못했구나 ㅋㅋ
4271911,지는 ㅋㅋㅋ
4271914,라고 하기엔 070은...
4272094,ㅋㅋㅋㅋㅋㅋㅋㅋㅋㅋㅋㅋㅋㅋㅋㅋㅋㅋㅋㅋㅋㅋㅋㅋㅋㅋ
4272236,야소 야다…
4272425,괴물쥐 눈이 죽었어...
4272441,ㅋㅋㅋㅋ
4272800,비상
4272998,스오는 발려놓고 입을
4273023,디아블한테 ㅅ기비거네 ㅋㅋ
4273251,ㅋㅋㅋㅋㅋㅋㅋㅋㅋㅋㅋㅋㅋㅋㅋㅋㅋㅋㅋㅋㅋㅋㅋㅋㅋㅋㅋㅋㅋㅋㅋㅋㅋㅋㅋㅋㅋㅋㅋㅋㅋㅋㅋㅋㅋㅋㅋㅋㅋ
4273389,070 미드 ㅋㅋㅋㅋ 안경에 자물쇠 채워버려 그냥
4273561,헉
4273671,헤이헤이
4273797,너도?
4274342,ㅋㅋㅋㅋㅋㅋㅋㅋㅋㅋㅋㅋㅋㅋㅋ
4274350,헉헉헉
4274389,스오 배설한다
4274425,ㅋㅋㅋㅋㅋㅋㅋㅋㅋㅋ
4274709,야스오 태윤인듯ㅇㅇ
4274737,"""도"""
4274976,야스오 미쳤지
4275122,ㅋㅋㅋㅋㅋㅋㅋㅋㅋㅋㅋㅋㅋㅋㅋㅋㅋㅋㅋㅋㅋ
4275582,헤이헤이
4275609,야야
4276868,스오야 ㅅㅂㅋㅋㅋㅋㅋㅋㅋㅋㅋㅋㅋ
4277361,고맙다... 스오야
4277411,닉이라도 가릴걸 ㅋㅋㅋㅋ
4277937,헤이헤이
4278422,미드가 더 못하긴 해
4278742,배설 ㅋㅋㅋㅋㅋㅋ
4279671,쟤는 왜 급발진하냨ㅋㅋㅋ
4280093,근데 좀 심하잖아
4280256,스오 ㅁㅊ놈인가 ㅋㅋㅋㅋㅋㅋ
4280406,미쳤냐 ㅋㅋ
4280475,ㅋㅋㅋ
4281470,너 그러다 큰일나
4281532,ㅋㅋㅋㅋㅋㅋㅋㅋㅋㅋㅋ
4281925,근데 이 사람 정글로 전환함?
4282029,ㅋㅋㅋㅋㅋㅋㅋㅋㅋㅋㅋㅋㅋㅋㅋ
4282853,ㅈㄴ 웃기네
4283795,헉
4283918,솔직히 070은 좀...
4284668,ㅈㄴ웃기네 ㅋㅋㅋㅋㅋㅋㅋㅋㅋ
4284794,헉
4285075,헉
4285582,너“도”? ㅋㅋㅋ
4285944,뭣
4286026,.......
4286584,130도 정글 ㅈㄴ 쓴거에 비하면 ㅋㅋ
4286929,헉
4286962,스오 바로 ufc 거는게 개웃기노 ㅋㅋ
4287043,헉
4287153,자물쇠
4287199,헉
4287265,헉
4287286,ㅋㅋㅋㅋ
4287375,심하긴해 ㄹㅇ
4287713,헉
4288136,진짜 야스오 검집에 자물쇠 채우고싶네 ㅋㅋ
4289213,"ㅋ미드 저건 좀,,"
4289267,zzzzzz
4289640,헉헉헉헉헉
4291016,그래도 스오가 미드보단 낫지...
4291371,바텀도...
4293689,할 말은 해야지
4294033,{:d_106:}{:d_106:}{:d_106:}
4294240,바텀도 끝났네
4294347,질 제리
4294982,와 갈뻔
4295671,이판은 좀 심한거 맞지
4295901,ㅋㅋㅋㅋㅋㅋㅋㅋ 디아블 웃긴게 미드계정 원딜계정 두개 돌려서 쓰고있네 ㅋㅋㅋㅋㅋㅋ
4295934,ㅗㅜ..
4297829,이판은 이미 손떠났어
4298083,질리
4298817,망치맨 습박
4299091,다터지네
4299153,15ㄱ 하자 이건
4299405,4분전 다이브 흘리고 스오 외치던 지환리 어디갔노ㅋㅋ
4300207,루나미가... 질제리에
4304026,매튜렁 개색갸
4304034,저새끼 말하는거 ㅈㄴ 웃기네 ㅋㅋ
4304514,프로한테 배설은 ㅅㅂㅋㅋㅋㅋ
4304625,오
4305512,멘탈이나 챙기죠
4306609,또 변해? ㅋㅋㅋㅋㅋㅋㅋ
4307602,원거리 패시브 터지는거 ㅈㄴ웃기네
4307618,ㅋㅋㅋㅋㅋㅋㅋㅋㅋㅋㅋㅋㅋㅋㅋㅋㅋ
4308106,조준경 사일 등장
4308880,오 야스오
4309264,캬
4309461,또 제이스궁
4309718,제이스 잘하노 ㅋㅋ
4309747,와 다 털린다 ㅠㅠㅠㅠ
4309861,오 야스요
4310129,궁키면 노래나옴 ?
4312402,제이스다 ㅋㅋㅋㅋㅋㅋㅋㅋㅋ
4312966,오늘은 티모가 아니넹!
4314411,까방권 생겼네
4314411,상대 궁쿨x2배라서
4315087,야스오 그래도 투자값은 하네
4316333,안좋은데
4316648,오 스오솔킬
4317119,짜장좀 남겨달라고
4318290,일부러 던지는거아냐? 미드걸려서?
4318588,제리 질리언한테 지는거임?
4319891,야그오 입만산놈은 아니구너 ㅋㅋ
4320666,부쉬에서 먹으셈
4321973,괴물쥐 정글 에이스
4323114,제이스 칼부쪽에있네
4323490,단식사일 ㅠㅠ
4324118,음?
4324206,물쥐 디아블이랑 띠동갑이네 ㄷㄷ
4324260,옹?
4324696,어
4325100,오
4325392,오
4325412,오?
4325448,오
4325648,옷
4325979,오?
4326142,대 아 ㅂ즐
4326186,10분 50개 호우
4326278,오
4326400,오 아블이횽
4326460,오
4326477,오?
4326581,오
4326668,켜ㅑㅑㅑㅑㅑㅑ
4326754,?????? 어케 잡앗냐?
4326867,오?
4327148,오
4327171,솔킬인데
4327180,신 아 블 ㅋㅋㅋㅋㅋㅋㅋ
4327185,오
4327203,오
4327395,캬
4327562,대 아 블
4327581,옹
4327666,??????!!!!!!!
4327725,어라?
4327786,캬
4327862,믿고 있었다고
4328132,ㅅㅅㅅ
4328215,아블님 각성
4328332,오?
4328432,카정 레츠기릿
4328655,그렇지 드디어
4328796,캬
4328851,뭐 어케한거야 ㅋㅋㅋ
4328904,디아블빡쳤다
4329008,캬
4329321,킬초
4330038,캬
4330184,치타
4330256,캬
4330344,대아블
4330431,디아블 ㄷㄷㄷㄷ
4330612,캬 아블이형!!!!!!!!!!
4330729,네이스~ 안믿고있었다구~
4330745,카정 드가자
4330779,이걸?
4330911,안믿고있었다고
4331586,오호이야
4332404,어케함?
4332469,믿고있었다구!!
4332717,카정 드가자~
4332853,남근이횽ㅋㅋㅋㅋㅋㅋㅋㅋㅋㅋㅋㅋ
4332876,해주는 구나
4333242,디아블 잠브 ㄷㄷㄷㄷㄷㄷㄷㄷ
4333417,디 아 블 부 활
4333650,캬
4333830,욕을들으면 잘하는타입?
4334225,시즌 1호 홈런
4334388,{:d_42:}{:d_46:}{:d_52:}{:d_58:}{:d_56:}{:d_62:}{:d_81:}{:d_94:}{:d_108:}{:d_126:}
4334521,어케 하셨누
4334771,대남근
4334844,디 어 게 인
4335323,와 진짜였네 ㄷㄷ
4335734,역시 오리아나 믿고있었다고~
4335778,역시 욕을먹어야..
4335816,레이드 드가자 ㅋㅋㅋ
4336315,아블이형 각성 ㄷㄷ
4336746,장난그만치기로햇네 ㅇㅇ
4338595,미드는 못잡어~
4339312,디어게인 ㅋㅋㅋㅋㅋㅋㅋㅋㅋㅋㅋㅋㅋ
4340323,아블이횽!
4340597,안믿고 있었다구~
4341087,{:d_265:}
4341551,대 이 블
4341839,대 남 금
4343360,카무이
4345939,?
4346055,?
4346556,?
4346907,?
4347045,?
4347096,ㅋㅋㅋㅋㅋㅋㅋㅋㅋㅋㅋㅋㅋ
4347385,엄
4347388,악
4347409,?
4347494,뭐냐 도대체
4347783,아..
4347888,?
4348387,?
4348554,이걸당해준다고 라이즈
4349097,오
4349145,와우
4349146,오
4349579,오 나미
4350075,","
4350374,아 3미리 벨트
4351514,아 개웃겨 ㅋㅋㅋㅋㅋ
4351598,나미야
4354210,와 저게
4354256,혜지캐리
4355020,저걸 살아?
4355117,아
4355678,와
4355751,아블이형 화낫다
4355804,{:d_73:}
4357292,이걸 막아주네
4357529,니가 죽어
4357971,라이즈 페이커냐
4359063,이걸 주려고
4359097,와
4359250,ㅋㅋㅋㅋㅋㅋㅋㅋㅋㅋㅋ
4359297,저게 오캐 사냐
4359474,ㅋㅋㅋㅋㅋㅋㅋㅋㅋㅋㅋㅋㅋㅋㅋㅋㅋ
4359560,??
4359819,ㅋㅋㅋㅋ
4360281,줴줴이야
4360784,18살이네..ㄷ
4361023,와 ㅅ발
4361068,질리언 뭐야
4361221,와
4361947,줴줴이야~
4362062,?..
4362589,질리언 장인 ㄷㄷ
4362758,개에반데와
4362964,아` ㅈ댐
4363011,이게
4363021,조졌네
4363084,얼탱이가없네 ㅋㅋ
4363304,김리언 ㅅㅂ
4364097,개쳐망했네
4364130,야다........
4364768,와 진짜 역대급으로 웃김
4364774,킹 리 언
4364787,나미도 있는데 질리언이라고 없을까
4365943,하이큐인가?
4365965,질 캐리
4367257,줴줴이야
4367453,엄질리
4367954,이걸 ㅋㅋㅋ
4368086,ㅋㅋㅋㅋㅋ
4368167,설계였네 ㄷ
4368376,짜오 피찾뵤
4369051,그냥 아다리가 안맞다
4369284,아 회심의 미드찌르기가 실패해버리고마네요
4369603,벨트를 맞췃더라면
4370239,노딜이라 못 죽이네
4370281,캬 ㅋㅋㅋㅋㅋㅋㅋㅋㅋㅋㅋ
4370615,야다..
4370992,피차죠~~
4371127,ㅈㅈ
4371421,질리언은 좀
4371489,줴줴이야
4371828,비ㅣㅣㅣㅣㅣㅣㅣㅣ상
4372025,오리 개약해 ㅠㅠ
4372132,줴줴이야~
4372188,15ㄱ
4372266,{:d_126:}{:d_126:}{:d_126:}{:d_126:}
4372785,ㅈㅈ
4372817,줴줴이야
4372889,줴줴이야~
4373054,개처망했네
4373221,ㅋㅋㅋㅋㅋㅋㅋㅋㅋㅋ
4373520,진짜 재앙이긴 하네
4373942,아 줴줴이야
4374104,와 김터지게 망했네
4374206,아 줴줴이야~
4374293,아...
4374352,줴줴이야~
4374391,제제이야~
4374534,ㅁㄷㅊㅇ ㅋㅋ
4374627,아 줴줴이야
4374716,야스오 차이
4374777,아 ㅈㅈ
4374875,아 줴줴이야
4375073,ㅈㅈ
4375084,질리언 캐리
4375089,ㅈㅈㅈ
4375130,ㅈㅈㅈㅈㅈ
4375158,줴줴이야
4375334,줴줴이야
4375480,줴줴이야
4375619,ㅌㅊㅇ
4375643,줴줴이야
4375741,ㅈ
4375907,ww
4376101,게임이 가버렸다
4376195,ㅋㅋㅋㅋㅋㅋㅋㅋㅋㅋ
4376409,아줴줴이야~
4376666,줴줴이야
4376918,라이즈 안죽어 ㅋㅋㅋㅋㅋㅋㅋㅋ
4376975,라이즈 아까부터 왜케잘사냐
4376991,줴줴이야
4377211,푸직...
4377256,줴줴이야 ㅠㅠ
4377468,미드가 ...............
4377827,줴줴이야
4378017,줴줴이야~
4378079,망한 라인은 가는게 아니다
4378401,{:lck_2:}{:lck_2:}{:lck_2:}{:lck_2:}
4378520,야스오야
4378662,ㅁㄷㅊㅇ
4378700,뿌직
4379104,다 잘햇는데 합류에 망했네 ㅋㅋㅋ
4379177,아 줴줴이야
4379292,터져붓다 ㅋㅋ
4379442,ㅈㅈ.
4379461,쥐쥐
4379609,ㅋㅋㅋㅋㅋㅋㅋㅋㅋ
4379833,줴줴이야
4380454,적칼부 ㄱㄱ
4380605,라이즈못잡은게 에바네
4380741,스오야
4380814,줴줴
4381003,교류기없으니까 사일러스 개약하다
4381464,스오야 넌 뭐하니?
4381533,라이즈 잡았으면..
4381823,이건 겜 갔다
4382101,디아블 웃는중 ㅋㅋㅋ
4382357,미드...................
4383160,디아블: 아니 사일 벨트 ㅋㅋㅋㅋㅋㅋㅋ
4383945,아까부터 라이즈 한틱차이로 다놓친게 크네...
4384074,1 8 0
4384697,보여주나?
4385185,ㅈㅈ
4385365,야스오님?
4385577,오
4385992,오 바텀솔킬
4386315,ㅋㅋㅋㅋㅋㅋㅋ
4386781,디아블도 라꼬숟은 안되는구나...
4386921,ㅋㅋㅋㅋㅋㅋㅋㅋㅋㅋㅋ
4387297,?
4387372,킬초.....
4387443,솔킬을?
4387466,오 루시안
4387507,오 원딜솔킬?
4387604,스오 야 ;;
4387788,아니 스오야
4388144,?
4388520,스오야
4389732,흠 ㅋㅋㅋ
4389880,개판이네
4390424,과학
4390454,근데 얘 왤케 잘함?
4390934,스오야…
4391168,탑 솔킬따던디
4391679,왜 괴물쥐가 잴 잘하냐
4391915,디아블 웃참중인게 ㅈㄴ웃김
4392990,흠..
4393389,불땅한 루시안 ㅠㅠㅠㅠㅠㅠㅠㅠㅠㅠ
4393498,겜 터졌네
4394226,이게 스오탓을?
4395712,야스오 뭐냐저게 ㅋㅋ
4395735,탑미드걍 트롤이네
4395882,탑을 왜감
4395895,아무리 못해도 ㅋㅋㅋ
4395962,.....
4396239,오리도..
4396596,오리아나는요...?
4396703,야스오 잘못...인가?
4397229,근데 왜 미드랑 원딜계정 두개쓰는거지 내년에 미드로 포변준비하나
4397621,야스오 ㅈㄴ 못컸네
4399417,음?
4399777,헤이헤이헤이
4399860,헉@@@@@@@@@@@@@@
4399966,오리가 더...ㅎ
4400233,디아블님 7데스만 더 합시다
4400287,야야야
4400340,헉
4400371,야야
4400448,ㅇㅇㄹㅇ
4400776,근데 제이스보고 스오한거같긴한데
4400929,야스오가 아니라....
4400930,zi
4401307,ㅋㅋㅋㅋㅋㅋ
4401312,;;;
4401850,음?
4401950,응..?
4402172,예?
4402198,마음속에 있는 말을 말해 지환군
4402363,캬
4402797,괴물쥐 정글로 그마 간다
4402960,스오야...
4402992,음..?
4403159,야스오 : 왜 나한테만........
4403220,미쳤냐
4403543,음?
4403615,헉헉헉
4403677,ㅋㅋㅋㅋㅋㅋㅋ
4404007,헉
4404134,야스오군?
4404304,ㅋㅋㅋㅋㅋㅋㅋㅋㅋㅋㅋㅋㅋㅋㅋㅋㅋㅋㅋㅋㅋㅋ
4404357,애써 외면하지마...
4404646,ㅋㅋㅋㅋㅋㅋㅋㅋㅋㅋㅋㅋㅋㅋ
4404685,ㅋㅋㅋㅋㅋㅋㅋㅋㅋㅋㅋㅋ
4404733,헉
4404783,ㅋㅋㅋㅋㅋㅋㅋㅋㅋㅋㅋㅋㅋ
4404960,헉ㅋㅋ
4405018,헉
4405223,헉
4405681,헉
4405710,야스오 프제짱임
4405714,헉
4405988,그런듯
4406027,ㅋㅋㅋㅋㅋㅋㅋㅋㅋㅋㅋㅋ
4406049,ㅋㅋㅋㅋㅋㅋㅋㅋㅋㅋㅋㅋㅋ
4406164,태윤
4406197,ㅋㅋㅋㅋ
4406226,안티가봄 ㅋㅋ
4406469,야스오 ㅈㄴ웃기네 ㅋㅋㅋㅋㅋㅋㅋㅋㅋ
4406506,ㅋㅋㅋㅋㅋㅋㅋㅋㅋㅋㅋ
4406622,ㅋㅋㅋㅋㅋㅋㅋㅋㅋ
4406635,이미 와드인 땅굴 ㄱ-
4407387,헉
4407574,헉
4407605,ㅋㅋㅋㅋㅋㅋㅋㅋㅋㅋㅋ
4407909,혹시 그 팬인가;;
4407975,헉
4408158,헉
4408205,야스오 왜 저러노 ㅋㅋ
4408292,헉
4408306,ㅋㅋㅋㅋㅋㅋㅋㅋㅋㅋㅋㅋ
4408381,태윤이횽 ㅋㅋㅋㅋㅋㅋㅋㅋㅋㅋㅋㅋㅋ
4408397,찐 디아블임?
4408468,ㅋㅋㅋㅋㅋㅋㅋㅋㅋㅋㅋㅋㅋㅋㅋㅋㅋㅋ
4408674,ㅋㅋㅋㅋㅋㅋㅋㅋㅋㅋㅋㅋㅋㅋㅋㅋㅋㅋ
4408758,빅라셔?
4408839,ㅋㅋㅋㅋㅋㅋㅋㅋㅋㅋㅋㅋㅋㅋㅋㅋㅋㅋㅋㅋㅋㅋㅋㅋㅋㅋ
4408843,헉
4408852,헉
4409040,ㅋㅋㅋㅋㅋㅋㅋㅋㅋㅋㅋㅋㅋ
4409197,ㅋㅋㅋㅋㅋㅋㅋㅋㅋㅋㅋㅋㅋㅋㅋㅋㅋㅋ
4409716,{:d_126:}
4409757,헉
4409779,ㅋㅋㅋㅋㅋㅋㅋㅋ
4409963,ㅋㅋㅋㅋㅋㅋㅋㅋㅋㅋ
4409991,ㄹㅇㅋㅋ
4410668,ㅋㅋㅋㅋㅋㅋㅋㅋㅋㅋㅋㅋ
4410725,ㅋㅋㅋㅋㅋㅋㅋㅋㅋㅋㅋㅋㅋㅋㅋㅋㅋㅋㅋㅋㅋㅋㅋㅋㅋㅋㅋㅋㅋㅋ
4411098,ㅋㅋㅋㅋㅋㅋㅋㅋㅋㅋㅋㅋㅋㅋㅋㅋㅋㅋㅋㅋㅋ
4411231,빅라인거아님?
4411681,프로만 욕 안하는게 좀 역겹네.... 일반인도 욕 하지 말던가...
4411863,헉
4412170,ㅋㅋㅋㅋㅋㅋㅋㅋㅋㅋㅋㅋㅋㅋ
4412194,ㅋㅋㅋㅋㅋㅋㅋㅋㅋㅋㅋㅋㅋ
4412445,ㅋㅋㅋㅋㅋ
4412583,{:lck_16:}{:lck_16:}{:lck_16:}{:lck_16:}{:lck_16:}{:lck_16:}
4412625,헉
4412804,팬미팅 피해자이신가
4412835,ㅋㅋㅋㅋㅋㅋㅋㅋ
4412916,야스오 태윤님이라는데
4412934,빅라신가
4413163,믿힌 ㅋㅋㅋ
4413170,뭣
4413288,zzzzzzzzzzzzzzzzzz
4413309,어어
4413311,헉
4413606,스오야..
4413626,태윤이횽이야
4413786,ㅋㅋㅋㅋ
4413847,질리언 궁 시간을 ㅋㅋㅋㅋㅋ 정신 병자인가
4413861,그건 나미가 쳤는데...
4413944,노쇼 ㅋㅋㅋ
4414078,헉
4414088,신라면 안먹는가봐
4414149,너지금 우리형 욕한거임??
4414488,ㅋㅋㅋㅋㅋㅋㅋㅋ
4415088,ㅋㅋㅋㅋㅋㅋㅋㅋㅋㅋㅋㅋㅋㅋ
4415410,스오야
4416069,헉
4416834,ㅋㅋㅋㅋㅋㅋㅋㅋ
4416979,그냥 슬슬 공책필까 지환아?
4417127,헐ㅋㅋㅋㅋㅋ
4417608,오
4417819,오
4417871,ㅋㅋㅋㅋㅋㅋㅋㅋ
4418043,캬
4418215,ㄷㄷ
4418357,오
4418387,캬
4418479,캬
4418590,캬
4418604,껀덕지 하나 잡으니 시원하게 뱉네
4418694,캬
4418839,폭스팬이신가..
4418886,나이스~
4419196,헉
4419391,캬
4419996,캬
4420143,캬
4420158,야미
4420467,야스오 태윤 ㅇㅈㄹ ㅋㅋㅋ
4420829,캬 콤보
4420941,저게 미쳤나
4421198,야미~
4421279,캬
4421280,왤케 시비를거냐ㅑ
4421284,코미
4421461,캬
4422033,캬
4422194,깔끔한데
4422256,ㅋㅋㅋㅋㅋ 디아블 채팅 꺼놓고 겜하는구나
4422274,야스오는 팬클럽 노쇼당한 장본인인가
4422479,팬미팅 불참당했네 야스오가
4422527,야미
4422660,야스오 태윤 ㅈㅉㅇㅇ?
4424186,미드탑 cs가
4424356,그냥 쥐민이인거임
4424913,{:hejingHaha:}{:hejingHaha:}{:hejingHaha:}{:hejingHaha:}{:hejingHaha:}
4425134,야스오 빅라냐?
4425170,스오야 ㅋㅋㅋㅋㅋㅋㅋㅋㅋㅋㅋ
4427548,오늘부터 안티인듯
4427916,왜저렇게 화가낫냐
4428066,근데 디아블 인거 모르면 저럴만함 ㅋㅋ 12붐에 8뎃박는데
4428573,헉
4428638,ㅈㄴ웃기네 ㅋㅋㅋㅋㅋㅋㅋㅋㅋㅋ
4429418,셈
4429689,셈 ㅇㅇ
4430646,닥치
4431067,킬먹어서그럼
4431488,티어는 높아
4431776,야스오 태윤 ㅇㅈㄹㅋㅋㅋㅋㅋㅋㅋ
4432096,잘크면 세지
4432118,재밌긴함 사일정글
4432188,ㄱ
4432216,너가 잘해서그럼 ㅇㅇ;
4432536,킬먹으면 셈
4433247,세지
4434233,원래 체급높은데
4434364,밀많이줏어먹으면 세지
4435062,야스오 빅라임?
4435151,님이 잘해서임
4435335,누가 디아블임?
4435389,쌔긴하지 6킬인데
4435437,제금 1티어임
4435629,6킬 먹었으면 뭐든 쌔요
4435915,일단 물쥐 사일 정글 만족한듯 ㅋㅋㅋㅋ
4435933,잘컸으면 ㅈㄴ세지
4436978,쌔긴해 4드론이라그렇치
4437919,디아블 채팅 원래 안보고하는데 야스오 쉐복하네
4438073,5킬사일이면 쎄지 ㅇㅇ
4438547,킬 많이먹으면 셈
4438757,님이 잘하자나
4438882,킬 많이줏어먹었잖아
4438912,사일은 그냥 쎄
4439049,오리아나 디아블에 야스오 태윤이라고 ?
4439711,정글왤케잘해짐?
4440344,킬먹으면 티모도 쌔
4440359,야스오 빅라라고?
4440535,님이 잘해ㅛㅓ 그래
4440803,반반 성장가면 버러지임
4441445,혼또니야다
4443121,야스오 빅라는 나가라
4444234,6킬이나 먹었는데
4444920,메자이 가죠 ㅇㅇ
4445987,1200원 모아가자
4446401,그냥 킬먹은 사일은 준내쌤
4447890,6/4/1 정도면 충분히 주워먹었지
4448743,리신이였으면 제이스 팬티까지 베꼈음ㅇㅇ
4451991,근데 그불가는거임?
4452580,틀면 맨날 정글이네
4453709,탑 3렙차 야다
4453786,빅랔ㅋㅋ
4455159,빅라는 ufc잖아
4456025,미드 3랩차 뭐지요
4457535,야스오 태윤은 ㅈㄴ 웃기네 ㅋㅋㅋ
4458935,사일 정글 절망편은 해바야함
4460194,오리아나 cs가 이상해요
4462638,빅라는 미쳤냐 ㅋㅋㅋㅋ
4463104,태윤ㅋㅋㅋㅋㅋㅋㅋㅋㅋ
4463411,그러네 템 뭐가는 거임?
4464255,야스오 빅라
4464376,ㅈㄴ웃기네
4466480,미드님?
4468126,야스오 태윤 ㄹㅇ이가
4470533,야스오 빅라는 나가라 ㅋㅋ
4473715,어어
4475196,웰컴 농심 몬스터랫
4476392,야스오 태윤면 라꼬 4명이잖아 그럼 ㅋㅋ
4476559,아 벨트가 ;;
4478078,아
4478873,아 까비
4479676,ㄲㅂ
4480376,ㄲㅂ
4481007,음?
4481112,제일러스
4484470,?
4484596,ㅋㅋㅋㅋㅋㅋㅋㅋㅋㅋ
4484651,조준경 사일 on
4484688,와
4488101,?
4488405,또 제이스당ㅋㅋㅋㅋㅋㅋㅋ
4489124,?
4490210,제이스궁 뒤지게좋아하넼ㅋㅋㅋㅋㅋㅋㅋㅋㅋㅋ
4490888,제이스궁강탈은 ㅋㅋㅋㅋㅋㅋㅋㅋ
4491804,캬
4493801,?
4495725,ㅋㅋㅋㅋㅋㅋㅋㅋㅋㅋㅋㅋ
4496294,엄대 엄 ㅋㅋㅋㅋ
4497269,글게 제이스궁 엄청좋아하네 ㅋㅋㅋㅋ
4497340,제이스궁 개구려잇
4498501,조준경 사일 ㅋㅋㅋ
4499456,ㅈㄴ웃기네
4503670,어어
4503863,eq인가?
4504242,?
4504637,그럴거 같더라
4506180,뻔했는데
4507104,엄
4507219,이 얼 싼
4507332,아니
4507593,플은왜
4507607,?
4507801,신짜오 보였는데
4508006,엄
4508094,야다
4508176,????????
4508239,?
4508425,와든가본데
4508425,뿌직
4508484,당연ㅁ히 있을거같았는데
4508593,아
4508757,들어온 거 봤잖아
4508928,엥 이건
4508979,너무 뻔했는데
4509120,이걸
4509283,캬
4509459,알면서 갔제
4509495,그건 신짜오임
4509743,{:d_126:}
4509765,몰랐다고?
4509768,이걸 당하냐
4509835,뺏을게 제이스궁 밖에 없는데 누굴걸 뻇냐그럼;
4509921,본거아님?
4509960,야다.........
4509991,뭐야가 아니라 보였는데
4510071,ㅈㅈ
4510230,야다
4510370,시체위치변경술
4510621,플은 아까운디
4510666,서렌하죠
4510969,?
4511005,뻔했는데
4511246,야다
4511438,이걸 플을 써?
4511590,뻔했는데
4511665,안일했다
4511722,ㅋㅋㅋ플까지 ㅋㅋㅋ
4511783,청년치매
4511818,보였잖아
4511927,뻔했는데 음...
4511975,ㅈㅈ다
4512092,플방향이
4512127,에반데?
4512130,본거 아니엿나
4512422,플은 좀..
4512718,보였는데
4513479,야다
4513765,제이스 ㅈㄴ쎈데?
4514651,플은 왜씀
4514766,이건 뇌없는플레이 아니냐
4514790,{:d_126:}{:d_126:}
4515257,윗무빙 보였는데  ㄲㅃ
4515339,짜오 보엿자너 ㄲㅂ
4516522,제이스딜뭐삼
4517514,미드 밀린순간 정글은 다 통제지
4517548,근데 지환이횽 균열안가고 그불가?
4517906,뿌직~
4518130,근데 탑을 그렇게 파줫는데 왜 신짜오가 더 활동력이 뛰어난거임?
4518606,정글숙련도 이슈
4519885,?
4520938,ㅁㄷㅊㅇ가
4521229,물쥐는 무죄다 ㅇㅇ; 미드가 저러는데 정글이 뭘함 ㅋㅋㅋㅋㅋ
4521567,플은왜….
4523490,너무 가혹하긴 해
4524469,탑미드 둘다 지니까 정글 주도권이 1도 없네
4526017,14분 cs80은 심하노
4528200,탑 똥이 너무 직접적인데
4532211,디아블님 뻘쭘하실까봐 박는모습 좋습니다
4533254,진짜 지독하다
4535591,방금 왔는데 이분정글런가요?
4536048,어우 세다
4538128,오
4539319,김이스 ㅋㅋ
4539428,ㅅㅅ
4540889,좋은데
4541096,좋은데
4541865,오
4542177,흥분했네
4542262,김남제이스 ㅋㅋㅋㅋㅋㅋ
4542456,오 스오
4542633,나미 잘했다
4543232,오ㅓ?
4544143,대 스 오
4546092,야소 평타 소리 뭐임
4546648,루샨 잘하네
4547124,제대로 먹었다
4547982,김남줴이스
4548673,오 루샤ㅑㄴ이 먹었내
4549119,오
4549482,봇이 잘하네
4549755,오이
4554516,봇 잘하네 ㄹㅇ
4554648,두뇌회전 빠른남자
4557069,용판단 굳
4557345,루시안 제압인데?
4558698,물쥐님 왜 요즘 정글만하시나요 원딜 버린건가요??
4558771,디아플 판단봐라
4560403,야스오야 활약하면 오리 욕을 할수밖에 없어...
4563959,ㄱㅊㄱㅊ
4564516,ㄱㅊ
4566638,제이스없잖아
4567358,원딜이 디아블임?
4567855,아 디아블이 루시안이었네 ㅋㅋ
4568264,그냥 먹죠
4571409,강타는 왜?
4572104,??
4572772,강타 박는
4573696,야스오야 니가 잘하면 미드 욕을 할수밖에 없어
4575115,?
4575809,강타가 왜?
4576316,?
4576943,강타 머임 ㅋㅋㅋㅋㅋ
4578023,강타를 왜 자꾸 ..
4579888,강타 너무 위험하게박네
4582606,ㅇㅇ
4583419,어째서..
4584930,ㄱ---
4585669,미드계정인듯 ㅇ
4586021,헉
4586478,진짜루?
4586721,음...?
4587038,도시테...........
4587058,부캐시구나
4587404,미드용 계정이래요
4587620,미드계정임
4587880,ㄱ--
4588388,ㅇㅇ 이게 미드 계정이고 원딜계정 따로있음
4588413,도시테...
4588807,왜 미드로...
4589435,헉!!!
4591085,ㅇㅎ 연습계정
4591454,미드임
4591546,미드계정임
4592744,도시테............
4593302,ㅋㅋㅋㅋㅋㅋㅋ
4593388,미드 연습을 왜 하시지..?
4593496,왜...
4593956,사슬 티모뭐삼
4594460,미드만하심 ㅌㅋ
4594843,미드계정 야다
4595449,물쥐야 상대는 프로다 참아야한다
4596413,(하 팀으로 만나기 싫다)
4596883,미드 연습계정임 ㅇㅇ
4598094,왜 미드를..
4599523,야다
4599828,그냥 아예 미드연습용 계정이구나
4599839,미드용 계정이 왜 있음?
4601128,대체 왜라고 할뻔
4601259,왜 미드 연습을..
4602743,빅라..
4602778,이딴게?
4603042,야다...........
4603707,미드연습을 왜함?
4603900,미드 연습을 왜 하시지... 설마 빅라님...
4604355,원딜 아니신가
4604588,프로 원딜인데 왜 미드를 연습함???
4604837,근데 사일 존나 잘컷네 ㅋㅋ
4605171,미드는 나보다 못하노 ㅋㅋㅋ
4605297,원딜 프로가 왜 미드연습을
4605491,내년에 빅라 밀어내고 BFX미드가냐?
4606633,.......
4606656,빅라어ㅏ 그사건후 미드탐구중이네
4606757,한마디하자 어딜 숟가락이 황족라인오냐고
4607630,ㅋㅋㅋㅋㅋㅋㅋㅋㅋㅋㅋㅋㅋㅋㅋㅋㅋ
4607981,농심 지금 연패중인데 왜 미드를....
4608499,미드 연습을 왜함?
4608514,빅라 이기려고 미드연습하는거임???
4608706,욕박자 왜 암말도안해
4609302,즐겜용 계정인가..
4609532,물쥐 저격하려고 미드한다는데?
4609732,채팅창 조용!!
4610194,챔프 이해도 키우는건데 못할건 뭐야
4610618,미드 하려고?
4610792,다른 라인 이해도 높으면 좋긴한데//
4611030,빅라 혼내려고
4613083,원래 타라인 많이 하잖아 연습겸
4613104,?
4614200,미드는 내가 더잘하겠따라는 나쁜말은 ㄴ
4615981,ㄲㅂ
4616016,ㄲ
4616024,ㄲㅂ
4616408,디아블 몰랐으면 이미 신고함
4617157,야다
4617917,잘하네 질리언
4618422,물쥐 저격용이라고?
4618465,ㄲㅂ
4619580,스카웃이랑도 싸웠나...
4620567,퍼리엑스 미드로 다시도전 ㄷㄷㄷ
4620600,잘피하노
4621791,사슬 노림수는 좋앗는데
4622598,프로 아니였으면 이미....
4623936,피지컬은 충분한데 판단력이나 그런거 부족하셔서 미드로 기르시는거 아님?
4624605,몰랐으면 사지절단났지 ㅋㅋㅋ
4625164,스카웃 너 내려와
4626182,그래고 신고는 넣죠
4626529,사슬은 좋았다
4626843,울프 정글 뭐 그런거냐
4627685,아 타라인도 연습함?
4628148,괴물쥐 저격용이셔?
4628672,스카웃이랑 싸웠나는 ㅋㅋ
4630843,프로인데 왜 미드 연습하시는거에요??
4632584,???:하..예찬아 이게 어렵나?
4632716,그불나오면 유리대포되긴함
4633663,스카웃이랑 싸웟냐는 나가라
4633883,ㅋㅋㅋㅋㅋㅋㅋㅋㅋㅋ
4635708,야야 스카웃이랑 왜싸워 ㅅㅂ
4636178,ㅈㄴ웃기네
4637571,아 .. 역시원딜은 태윤인가?
4637658,미드 이해도 올리시려는 걸 수도
4637923,스카웃이랑 싸웠냐는 ㅋㅋㅋ
4640104,스카웃 저격하나봄
4640175,요즘 지환이 왜이리 티모원딜만함
4640363,스카웃 내리고 디아블 미드 ㅋㅋㅋ
4641252,스카웃이랑 ㅋㅋㅋㅋㅋㅋㅋㅋ
4642367,ㅋㅋㅋㅋㅋㅋㅋ
4643268,스카웃은 원딜 연습함?
4644058,스카웃이랑 왜싸워 임마 ㅋㅋㅋ
4644520,페이커는 미드만 연습하긴 하던데
4645399,미쳤냐 채팅
4646891,스카웃한테 개기면 바로 기강잡히지
4646969,금같은 연습시간에 왜 미드를...
4648766,ㅋㅋㅋㅋㅋㅋㅋ
4650207,스카웃 센드다운 가나요?
4650459,ㅋㅋ물쥐가 알고 저격한거같은데
4650825,스카웃이랑 싸워서 주전경쟁한다는 나가라
4655621,농심 다음 년도 미드디아블 원딜태윤 ㄷㄷ
4656233,바로 갈이지 짬바가 있는데
4656627,어우 질리언 슬로우 개역겹네
4656699,현직 전프로 입니다 연습용으로 딴라인 합니다
4658231,또 싸우셧어 ?;
4659645,?
4659676,제이스궁 뒤지게 좋아하네..
4659693,ㅋㅋ
4660375,?
4660448,젠장 또 제이스야
4660466,ㅋㅋㅋㅋㅋㅋㅋㅋ
4660549,?
4661084,{:d_117:}{:d_117:}{:d_117:}{:d_117:}{:d_117:}{:d_117:}
4661120,?
4661517,ㄱ-0
4661645,제이스궁맛없따
4661663,?
4661712,ㅋㅋㅋㅋㅋㅋㅋㅋㅋㅋㅋㅋ
4662113,아
4662351,샌다박스아님(
4662632,왜 자꾸 그걸 ㅋㅋㅋㅋ
4662745,왜자꾸 제이스궁을 가져감?
4662866,아
4663094,질리언궁나두고 왜 저걸
4663214,ㅋㅋㅋㅋㅋㅋㅋㅋ
4663804,?
4663813,ㅋㅋㅋ
4664039,ㅋㅋㅋㅋㅋ
4664310,악
4664415,?
4664567,움
4664673,ㅋㅋㅋㅋㅋㅋㅋㅋㅋㅋㅋㅋ
4664997,제이스궁 ㅈㄴ좋아하네 진짜 ㅋㅋㅋㅋㅋㅋ
4665294,페이커가 미드 연습하니까 디아블도 하는 거지
4665375,음?
4665375,또 제이스를
4665425,시이발 ㅋㅋㅋㅋㅋㅋㅋㅋㅋㅋㅋ
4665684,?
4665822,좀 그만뺐어 그거
4666203,제이스궁 뺏는거 개웃기네 ㅋㅋㅋ
4667235,아
4667323,개맛없는 궁 ㅋㅋ
4667690,음?
4667696,ㅋㅋㅋㅋㅋㅋㅋㅋㅋㅋㅋㅋㅋㅋㅋㅋ
4668330,진짜
4668400,음
4668846,{:hejingHaha:}{:hejingHaha:}{:hejingHaha:}{:hejingHaha:}{:hejingHaha:}{:hejingHaha:}
4668920,엄이스궁 왜 계속 먹는거야 엄이스가 좋아?
4669384,에효
4669694,제이스는 캐논폼밖에 안뺏어져요
4669865,제이스궁을 왜
4670370,제이스궁 왜케 좋아하는데
4670597,ㅋㅋㅋㅋㅋㅋㅋ
4671267,제이스 안해보셨나요?
4671670,제이스궁 왜 뺏는거임
4672033,yada
4674337,김남제이스급이당 ㅋㅋㅋㅋㅋ
4674928,어젠 파카 상대 서폿으로 나오던데
4675224,eq 하고싶으시다잖아!!
4677342,세상에서 제일 맛없는 궁
4677882,디아블이랑 괴물쥐 띠동갑이라고?? ㅈㅉㅇㅇ?
4678390,이사람 왜 제이스궁만 보면 환장하노
4679139,음..
4679986,제이스걸 {:d_117:}{:d_117:}{:d_117:}{:d_117:}
4680741,재밌는데 제이스궁
4680750,진짜 정글로서는 힘든판이네
4680835,제리궁 개맛있겠다 나중에
4681456,사일 굶어죽는다
4681456,질리언궁 개사기잖아
4683528,ㄹㅇ 뺏을게없음
4683546,신짜오궁 뺏어줘
4683593,제이스는 삼식 밑인데?
4685170,질리언궁
4689643,제이스 궁 뺏으면 멜 따먹을수있음 ㅇㅇ
4690234,차라리 아까 질리언궁 쓰지
4690911,신짜오 사긴데
4692154,질리언궁이 제일 낫지 않나
4692339,짜오궁 ㄱㄱ
4693011,눈앞에 제이스 하난데 질리언궁을 어케뻇지
4694061,라이즈 궁 뺏으면 궁 기본지속효과도 가져옴?
4696996,맞추기 빡세
4697217,멜 먹어서 뭐해 ㅅㅂ
4698884,제리 궁이나 써야지 뭐
4700035,오리 템 실화에요?
4700301,짜장이 없다 짜장
4702510,제이스 qe되지않아 물쥐형?
4703062,패시브 안가져옴
4709053,평타가 제이스 평타 소리나는데
4709202,하 짜오말파 어디갔냐...
4711597,라이즈 궁 뺏으면 q강화됨?
4714549,전령 작업이나 해라
4715471,라이즈궁 패시브 뭔데
4716200,옹?
4717306,잘했네
4717460,바텀 잘해
4717539,개좋은데 ㄷㄷ
4717726,이기는데?
4717826,오
4720001,오 그래도 미드 복구하고있네
4721823,쓸믆
4722398,루샨이 잘함
4724639,고무고무~
4725396,ㅋㅋㅋㅋㅋㅋㅋㅋㅋ
4725491,아무튼 사방팔방 승전보가ㅣ
4725495,고무고무~
4725749,고무고무 ㄷㄷ
4726211,로프반동 ㄲㅃ
4726378,ㅋㅋㅋ
4726543,와 고무고무 사슬
4726563,쭉쭉이 ㅋㅋ
4726638,ㅋㅋ
4726692,팔이 늘어난다
4726921,쭈욱
4727070,사슬 길이 습박 ㅋㅋㅋㅋ
4727147,{:hejingHaha:}{:hejingHaha:}{:hejingHaha:}{:hejingHaha:}{:hejingHaha:}
4727209,ㅋㅋㅋㅋㅋ
4727515,ㄲㅂ
4727879,팔이 늘어난다~
4728488,ㅋㅋㅋㅋㅋㅋㅋㅋ
4728681,고무고무 ㄷㄷ
4729130,ㅋㅋ
4729292,고무고무~
4729497,팔이 늘어난다
4729523,고무고무 ㄷㄷ
4731974,ㅋㅋㅋㅋㅋㅋㅋㅋㅋㅋ
4732844,고무고무 ㅋㅋㅋㅋㅋㅋ
4732846,사슬길이 대가리횽
4733290,저 루시안분이 디아블님이죠?
4734013,주욱주욱
4734092,어슬렁...
4734944,어
4735437,정글 CS 40개 차이 ㅋㅋㅋㅋ
4736522,ㅈㄴ길어졋네
4736560,짜장 다털렸네
4737082,탕수육 나온다
4738416,저건아니지
4738655,미드 CS라도 드시죠?
4739115,{:d_126:}
4739397,제이스랑 cs차이 지리네
4739929,쓸만한궁 다 거르고 갑자기 고전나서 제이스궁만 훔침
4740243,날뛰기 시작해
4740978,근데 라이즈 렙이 높음
4741283,대장군임 조심하셈
4741552,cs 드시는데?
4743399,궁썼나
4744361,탕수육나온다
4745192,궁쓴듯
4745293,카무이
4746533,선? 악? 그런건 너무 지루하지 않나요
4747258,아니네
4747388,카무이
4748826,대머리련 개빠르네
4751080,라이즈 13렙이라 덤비면 너 죽는다 ㅋㅋ
4752468,산책
4753676,어슬렁.. 어슬렁..
4753940,산책중
4753956,우왕좌왕
4753975,굶는중
4754276,?
4755108,뚜벅뚜벅
4758191,레전드동선
4758369,산보중
4758450,....?
4758802,1분동안 산책
4759642,산책
4761535,탕수육묵댜
4765023,-1렙 동선
4765829,단식정굴 ㅠㅠ
4767907,여기저기 돌아다니다가 폐지 수거하네요 하하
4771162,이걸 스틸안하시네
4771437,18분 퀘완료
4774256,겜 할만하네 ㅇㅇ
4775206,엥
4775556,음?
4775765,단식중..
4777830,스틸 안하네
4778760,여행동선 조되네
4780614,궁이라도 훔치지
4786501,벨트짜오는 뭐야
4789397,캬
4789960,피흡 뭐냐 ㅋㅋ
4790083,굿
4790098,오
4790837,오
4790905,고무고무
4791608,캬
4791803,오
4791959,캬
4791979,오
4792609,?
4793922,오 짜오궁
4794375,고무고무
4795488,어어
4796613,엥
4796680,음?
4796751,라이즈 개셈
4797422,?
4798392,아
4798458,사일 왜 잘하냐?
4798471,아
4798772,어라
4799220,제리타임~
4800006,사슬 ㄲㅂ
4800021,에.....
4800094,음?
4800134,크로스는 ㅋㅋㅋㅋㅋㅋㅋ
4800365,뿌딕
4800522,ㅈㅈ
4801262,잘버텻는데
4801790,ㅈ망이다
4801864,음?
4801945,잘했는데 ㄲㅂ
4802926,아
4802983,똥 나오게 못하네 ㅋㅋ
4803250,제제이야
4803288,엄
4803335,ㅈㅈ
4803911,흠
4804351,이거 망했다
4804645,제제이야 ~
4804988,엄
4805099,라이즈 잡을때 잘햇네
4805321,라이즈 세다
4805517,음?
4805667,여기서 터져버렸네
4807926,ㄲㅂ
4808269,ㅋㅋㅋ
4809778,ㅋㅋㅋㅋㅋㅋㅋㅋㅋㅋ
4809871,ㅋㅋㅋㅋㅋㅋㅋㅋㅋㅋ
4810001,nt
4810039,아 질리언
4810137,ㄲ
4810320,오 잘하네
4810428,오 스오 ㄲㅂ
4810559,ㅋㅋㅋㅋㅋㅋㅋ
4810641,전령킬 ㅋㅋ
4810707,어쩔 질리언궁
4810808,교통사고 ㅋㅋㅋ
4811399,줴줴이야
4811503,ㅋㅋㅋㅋㅋㅋㅋㅋㅋㅋㅋ
4811576,아 잘했는데
4811674,치엿네
4811814,오리 똥나오게 약해
4811928,와 개까비 ㅋㅋ
4811947,아 교통사고
4812052,로드킬ㅋㅋ
4812082,ㅋㅋㅋ
4812215,교통사고 당했네
4812637,nt
4812677,제이스 ㅋㅋ
4812703,교통사고 ㅋㅋㅋㅋ
4812930,로드킬을
4813334,ㅋㅋㅋㅋㅋㅋㅋㅋㅋㅋㅋㅋㅋㅋㅋㅋㅋㅋㅋㅋㅋㅋㅋㅋㅋㅋㅋㅋㅋㅋㅋㅋㅋ
4813614,ㅋㅋㅋㅋㅋㅋㅋㅋ
4814226,조형기 ㄷㄷ
4814346,박치기 킬
4814378,질리언 잘하네
4814753,ㅋㅋㅋ
4815307,ㅋㅋㅋㅋㅋㅋㅋㅋㅋㅋㅋ
4815427,웃긴 칼싸개
4815572,질리언 야다
4815656,웃겨?
4816569,어어어어
4816648,근데 해야되긴햇음
4818000,어어 온다
4818800,대 재 ㅁㅇ
4820604,휴
4820838,?
4821114,치여죽었다 ㅋㅋㅋㅋ
4821533,뭐야
4821646,??
4821897,줴줴이아~
4822478,오리궁이...
4822717,ㅈ댈뻔
4824156,음?
4825108,균열을가요 형
4825374,운전
4828007,루시안이 본체라서 루시안 있는데거 싸워야겟는디? ㅋㅋ
4828131,내것이다!
4829238,뭔 딜이고
4829641,ㅋㅋㅋㅋㅋ
4833129,루시안 속 타들어 가는 중
4833186,ㄹㅇ
4835585,라이즈 ㅋㅋ
4835667,라이즈가 신인데
4836033,말하자마자
4837179,숟
4838422,ㅋㅋㅋㅋㅋ
4838515,루시안이 디아블임?
4839343,라이즈가 질리언 다니까 노답인데 ㅋㅋ
4839386,.....
4839617,스펠이나 재보죠
4839664,나미 제국 바뀌었는데 루나미 쓸 수 있는거임?
4840653,8킬 뭔데
4840689,원딜 태윤이라고?
4840810,괴물쥐급임?
4840876,원딜이 디아블
4841087,ㅁㄷㅊㅇ 라고 하면 안되겠죠?
4842101,루시안이 디아블임?
4843502,ㄱ-
4843509,롤하는 돌아이
4843517,제발 오리아나 6데스만 더
4843975,ㄱ-
4844153,라이즈 쵸비라는데 ㄷㄷ
4844361,라이즈 저거 레이드해야됨
4845294,미드 때문에
4845881,미드.....차이 라고할뻔
4846470,ㅁㄷ..ㅊㅇ?
4846549,디아블 괴물쥐 거르고 원딜했으면 잘해야지
4847454,해적라이즈는 위험함
4848539,원딜태윤은 ㅋㅋㅋㅋㅋㅋ
4851081,미드차이
4851784,엥
4852402,라이즈 쵸비라고?
4853380,캐릭이 안움직이네 ㅋㅋ
4853530,음..
4853553,느려져라~
4854567,딜이 습ㅂㄱ
4855435,괴물이다
4856262,코발련아
4856825,좌 욕을....
4856906,ㅋㅋㅋㅋㅋㅋㅋㅋㅋㅋㅋㅋㅋㅋㅋㅋ
4857558,헉
4858204,왜 욕을...
4858352,디아블을 ?
4859683,코발련아
4860465,{:d_117:}{:d_117:}
4862798,브
4864110,디아블한테 욕을 박네 ㄷㄷㄷ
4865673,휴
4865754,스마 섞는거 좋음
4866348,음?
4866383,140
4866391,로무고무
4868237,고무고무
4869131,궁 못쓰고 죽을거가ㅣㅌ은데 ㅋㅋㅋㅋㅋㅋㅋㅋㅋ
4871372,어둠이다가온다
4872144,어지럽네
4875833,왜 미드차이라 외치질 못하니 {:d_117:}
4876692,무한 교전
4877792,근데 방송중도 아닌데 디아블인거 어케안거임?
4879718,오
4880684,오
4881724,캬
4882773,캬
4883568,어시 우마이
4883750,ㅋㅋㅋㅋㅋ
4884418,캬 ~~~~~
4884839,ㅋㅋㅋㅋㅋㅋㅋㅋㅋㅋㅋㅋㅋㅋ
4884962,방송함
4885177,궁딸깍
4885914,오
4887327,갈하~
4888367,갈하~
4890597,오야스오 잡콤보 좋앗고
4891964,ㅅㅍㅌㄴㄲ
4896045,바론?
4897072,기바오?
4902579,디아블 방송중임
4903119,님들 지금왔는데 채팅창 난이도 어떤가요?
4903660,스마 챔프한테누르고 e날리면 맞추기 쉬어요
4909653,캬
4910104,오
4910767,어
4911161,오
4911286,맑음
4911385,캬
4911595,오
4912212,캬
4912945,좋은데
4913365,이럼 좋른데
4913424,오
4914080,할만한데
4914353,물쥐야 내가 티모원딜 하라할땐 안하더니 너프되니까 하니...
4914451,루샨 제압좋다
4915099,개잘하네
4915113,캬
4915787,오리 살았네
4916374,캬
4916527,ㅋㅋㅋㅋ
4916530,아 알고리즘에 없어서 안하는줄 ㄳ
4917933,ㅋㅋㅋㅋㅋ
4918113,?
4918415,?
4918489,으어
4918548,느어
4918872,ㅋㅋㅋㅋㅋㅋㅋㅋㅋㅋㅋㅋㅋ
4918917,ㅋㅋㅋㅋㅋㅋㅋㅋㅋㅋㅋㅋ
4919071,ㅋㅋㅋ
4919189,겜이 왜 비벼짐
4919359,?
4919519,?
4919544,문어
4919594,음?
4919631,?
4919669,?
4919700,므어!!
4919701,?
4919779,고무고무
4919869,ㅋㅋㅋㅋ
4920153,ㅋㅋㅋㅋㅋㅋㅋㅋㅋㅋ
4920232,?
4920234,?
4920257,?
4920400,ㅋㅋㅋㅋㅋㅋㅋㅋㅋ
4920566,느어
4920998,음머!!!!
4921139,?
4921287,?
4921406,?
4921645,?
4921761,고무고무노
4921830,{:lck_1:}
4921927,지랄 ㅋㅋ
4922040,무슨소리
4922453,?ㅋㅋㅋㅋㅋㅋㅋ
4922502,제?
4922632,무효!
4922850,{:d_73:}
4923140,므어
4923308,어
4923311,?
4923461,?
4923567,아
4923696,뭔소리고 습박 ㅋㅋㅋㅋ
4923889,?
4924067,?
4924344,ㅋㅋㅋ
4924383,?
4924465,??
4924491,그러면 사슬 길어짐?
4924499,느ㅇㅓㅇ
4924519,?
4924779,??
4924838,팔이늘어난다
4925312,?
4925313,벽임신
4925365,음?
4925606,벽딸
4925725,진짜 얼탱이없노 ㅋㅋㅋㅋㅋ
4925759,짐승소리가 나네 ㅋㅋ
4925962,????
4925995,음?
4926329,????????
4926489,벽딸 뭐임
4926790,뿌직
4926823,엄
4926939,{:d_73:}
4927095,??
4927354,갱맘!
4927461,?
4927600,므아
4927628,벽 임신
4927989,넘었어도 못 잡았네
4929004,ㄱㅊㄱㅊ
4929579,지능 50같았음 방금
4929853,제리궁도 맛있나
4930004,숙련도 이슈
4930039,캬
4930184,음?
4930376,오
4930726,오
4930978,오
4931080,?
4931134,오@@@@@
4931231,캬
4931439,캬
4931541,캬
4931557,캬
4931596,캬
4931624,오
4931659,?
4931667,벽 차라리 못넘은게 나앗을거같은데
4931762,와 ㅋㅋ
4931783,캬
4931822,캬
4931934,캬
4931964,예측뭔데
4932102,오
4932181,캬
4932293,오
4932335,와
4932360,ㅋㅋㅋㅋㅋㅋㅋㅋㅋㅋㅋㅋ
4932587,캬
4932591,캬
4932729,캬ㅑㅑㅑㅑㅑㅑㅑ
4932789,캬
4932833,오옹?
4932841,호우
4933133,??
4933257,좋았네 센스
4933278,캬 ㅋㅋㅋ
4933294,??
4933350,살기감지 뭐냐
4933351,오우
4933403,ㅋㅋㅋ?
4933590,와 예상
4933728,캬
4933770,zi anjsi
4933899,예측 좋았고
4933945,ㄷㄷ
4934112,갱물쥐
4934115,읽었다
4934186,캬
4934201,{:hejingHaha:}{:hejingHaha:}{:hejingHaha:}{:hejingHaha:}{:hejingHaha:}{:hejingHaha:}{:hejingHaha:}
4934431,이건 좀 지렸다
4934745,캬
4934843,캬
4935035,캬
4935483,ㅁㅊ
4935624,지건!
4935689,캬
4935743,캬 예측뭐야
4935841,siuuuuuu
4935877,예측샷
4936043,{:hejingDance:}{:hejingDance:}{:hejingDance:}{:hejingDance:}{:hejingDance:}{:hejingDance:}{:hejingDance:}
4936060,님아 용ㄱㄱ
4936320,Siuuuuuuuu
4936546,캬
4936687,와 ㅋㅋ
4936800,ㅋㅋㅋㅋㅋㅋㅋㅋㅋㅋㅋㅋㅋ
4937413,용 ㄱㄱㄱㄱㄱㄱㄱㄱㄱㄱㄱㄱㄱㄱㄱㄱㄱㄱㄱㄱㄱㄱㄱㄱㄱ
4937539,ㅋㅋ 이걸 와주네
4937648,슴니즌ㄴㄴㄴㄴㄴㄴㄴㄴㄴㄴㄴ
4937840,뻔해요~
4937957,물쥐야 제리궁도 맛있어
4938389,ㄹㅈㄷ ㅋㅋ
4939849,이놈아
4940489,와 정글 ㅈ나 잘하네 ㅋㅋㅋㅋㅋㅋㅋ
4940606,ㅋㅋㅋㅋㅋ
4940753,ㅋㅋㅋㅋㅋㅋ
4940781,너도
4941707,자기 혐오 ㅋㅋ
4941766,어 미띤 짜장
4941793,<<<<<<<<
4941963,ㅋㅋㅋㅋㅋㅋㅋㅋㅋ
4942067,ㅋㅋㅋㅋㅋ
4942122,ㅋㅋㅋㅋㅋㅋㅋㅋㅋㅋㅋㅋㅋㅋㅋㅋㅋㅋㅋㅋㅋㅋ
4942201,ㅋㅋㅋㅋ
4942256,ㅋㅋㅋㅋㅋㅋㅋㅋㅋㅋㅋㅋㅋㅋㅋㅋㅋㅋㅋㅋㅋㅋㅋㅋ
4942269,ㅋㅋㅋㅋㅋㅋㅋㅋㅋㅋㅋㅋㅋㅋㅋㅋㅋㅋㅋㅋㅋㅋㅋ
4942462,ㅋㅋㅋㅋㅋㅋㅋㅋㅋㅋㅋㅋㅋㅋㅋㅋㅋㅋㅋㅋㅋㅋㅋㅋㅋㅋㅋㅋ
4942516,ㅋㅋㅋㅋㅋㅋㅋㅋㅋㅋㅋ
4942659,<<<<<<<<<
4942670,예측샷 지렸노
4942691,ㅋㅋㅋㅋㅋㅋㅋㅋㅋ
4942691,ㅋㅋㅋㅋㅋㅋㅋㅋㅋㅋㅋㅋ
4942792,유 투
4942865,너도 ㅋㅋㅋ
4942891,물쥐야 포변하자
4942930,그럼 그렇지
4942993,ㅋㅋㅋㅋㅋㅋㅋㅋㅋㅋㅋㅋㅋㅋㅋㅋㅋㅋㅋㅋㅋㅋㅋㅋ
4943027,와 예측 지렸다
4943085,<<<
4943112,ㅋㅋㅋㅋㅋㅋㅋㅋㅋㅋㅋㅋㅋ
4943196,ZZZZZZ
4943224,그럼 그렇지 ㅋㅋ
4943243,ㄲㅂ
4943255,ㅋㅋㅋㅋㅋㅋㅋㅋㅋ
4943386,신짜오:그럼그렇지
4943628,RRRRRRR
4943780,님두요
4943785,그럼 그렇지
4943802,??????????
4943805,ㅋㅋㅋㅋㅋㅋㅋㅋㅋㅋㅋㅋㅋㅋ
4943833,<<<<<<<<<
4943878,그럼그렇지
4943913,ㅋㅋㅋㅋㅋㅋㅋㅋㅋㅋ
4943924,짜오 ㅋㅋ
4944015,그럼그렇지
4944095,너도 ㅋㅋ
4944176,ㅋㅋ 그럼그렇지
4944209,ㅋㅋㅋㅋㅋㅋㅋㅋㅋㅋㅋ
4944280,r줜나누르네
4944992,ㅋㅋㅋㅋㅋㅋ
4945375,<<<
4945494,궁 광클 ㅋㅋㅋㅋㅋㅋㅋㅋㅋㅋㅋ
4945522,너도 ㅋㅋㅋㅋㅋㅋㅋㅋㅋ
4945585,<<<<
4945644,너도
4945751,그럼 그렇지
4945793,그럼그렇지 사일아
4945796,미니맵 못봤나
4945884,그럼 그렇지
4946181,궁 ㅈㄴ 뜨는거 보ㅗㅅ
4946433,<<<<<
4946464,님도요 ㅋㅋ
4946488,그럼 그렇지
4946499,그럼그렇지
4946639,<<<<<<
4946655,ㅋㅋㅋㅋㅋㅋㅋㅋㅋㅋㅋㅋㅋㅋㅋㅋㅋㅋ
4946887,궁연타ㅋㅋㅋㅋ
4946969,궁 광클ㅋㅋ
4947007,ㅋㅋㅋㅋㅋㅋㅋ
4947069,RRRRRRRRRR
4947448,rrrrrrrrrrrrrrrrrrrrrrrrrrrrrrrrrrrrrrrrrrrrrr
4947519,그럼 그렇지
4947628,<<<<< 그럼그렇지
4947632,궁을 몇번누르는거야
4947833,궁 광클ㅋㅋㅋㅋㅋㅋㅋㅋ
4947843,그럼 그렇지
4947848,ㅋㅋㅋㅋㅋㅋㅋㅋ
4948129,ㅋㅋㅋㅋㅋㅋㅋㅋㅋ
4948169,R 광클 뭐냐구
4948240,<<<<<<<<<<<<<
4948260,아직 이 챔피언에게서 강탈 할수 없습니다
4948275,그럼그렇지 {:d_106:}{:d_106:}{:d_106:}{:d_106:}
4948716,그럼그렇지 정글을 욕심을 안 낼리가 없지 이놈아
4948725,글머 그렇지 ㅋㅋ
4948754,R몇번을 누른거야 ㅋㅋㅋㅋㅋㅋㅋㅋㅋ
4948955,클릭은 ㅈㄴ빠르네 ㅋㅋㅋㅋㅋㅋㅋㅋㅋ
4949026,미니맵에 보이긴했는데
4949188,그럼그렇지
4949444,광클속도보소ㅋㅋㅋㅋㅋㅋㅋㅋㅋ
4949853,RRRRRRRRRRRRR
4949870,짜오 : 그럼그렇지
4949994,욕심을 안 낼수가 없지
4950199,궁 광클 ㅅㅂ ㅋㅋㅋㅋㅋㅋ
4950685,<<<<<<<
4950701,궁 연타 ㅈㄴ 웃기노
4950929,"""이 챔피언에게서 강탈할수 없습니다"""
4951704,그럼그렇지
4952160,그럼 그렇지 너가 정글을 어쩌구...
4952515,욕 심
4952529,그럼 그렇지
4952590,그럼 ㄱ렇지 <<
4953308,짜온데요?
4953395,ㅋㅋㅋㅋ백정놈들
4953453,그럼 그렇쥐
4953874,<< 그럼그렇지 니가 정글을 욕심 안낼리가 없지
4954001,그럼그렇지 니가 정글을 욕심을 안낼리가없지
4954176,정글화 다됐노 ㅋㅋㅋ
4955081,궁 메시지 습박ㅋㅋㅋㅋㅋㅋㅋ
4955808,손속도 ㅈㄴ빠르네
4955811,그럼 그렇지 정글 욕심을 안 낼리가없지 ㅋㅋ
4955865,{:hejingHaha:}{:hejingHaha:}{:hejingHaha:}{:hejingHaha:}{:hejingHaha:}{:hejingHaha:}
4956297,RRRRRRRRRR
4956318,궁 광클 개웃기넼ㅋㅋㅋ
4956380,개빠르노 ㅋㅋㅋㅋ
4956463,쥐럼 쥐렇지
4959285,단발광클 좋았어
4959590,ㅋㅋㅋㅋㅋㅋㅋㅋㅋㅋㅋㅋㅋㅋ
4961610,그럼 그렇지 ㅋㅋㅋㅋㅋㅋㅋ
4962346,킬 많이 따라잡았다
4963230,그럼 그러치 니가 정글을 안먹을리가
4963866,키보드 좋은거 샀노 지환이 ㅋㅋㅋㅋㅋㅋㅋㅋㅋㅋㅋㅋㅋㅋㅋㅋㅋㅋ
4964759,21분 1용 ㅋㅋㅋㅋㅋㅋㅋㅋㅋㅋㅋㅋㅋ
4967278,균열
4967491,모자 쓰죠
4967567,원래는 균열가는게 맞는데
4968381,균열 ㄱㄱ
4969943,균열 ㄱ
4970843,근데 원래 균열을 먼저감
4970908,보이드
4973015,모재 ㅇ
4973562,균열
4974545,ㅇㅇ 걍 딜 ㄱㄱ
4977192,키보드 뭐로 바꾸심?
4977393,보이드 데켑
4978538,피흡때문에 균열가지않나?
4978790,요새 균열말고
4981298,곤
4982961,딜 텔 체력 다 있어서
4983429,근데 지금 모자 써야할거같은데
4983654,체템도 없는데 걍 극딜 ㄱㄱ
4988205,균열은 늦었음 이미 템트리가
4991348,모른느거 아입 ?
4991874,저걸 왜 가지
4993898,흐음
4995976,모르는거겟지
4996903,q쿨도 줄잖아
4997130,에휴
4998222,균열 이제 못가는 템트리긴함
5003975,q쿨 많이 줄어서 의미는 있음
5004735,그 머더라 ap블클가던데
5006706,아오 질리언
5006765,합동인지 뭐시긴지 삭제 된 거 아닌가
5006846,ㄲㅂ
5007374,야미'
5010179,ㅋㅋㅋㅋㅋ
5010311,모든걸 빼앗기는 정글
5010758,벨트는 조시가
5011296,야다..
5015201,벨트강타 아쉽다
5015707,럼블이 가는거
5017428,라인 다 졌는데 정글이 뭐 어쨰..
5018478,073머지요
5020572,핏저나 갈까요
5023980,음?
5024581,왜 선강타를
5025371,?
5026163,선강타를
5027611,clsekrh?
5027772,강타뭐임 ㅋㅋㅋㅋㅋ
5028333,나보리가서 무한 w ㄱㄱ
5028887,먹었네
5028946,강타를 ㅇ왜
5029768,아 제이스 위에있네
5029823,선강타 뭐고
5034189,왜자꾸 선강타 박냐
5034983,왜 자꾸 선강타쓰냐
5035257,선강타 오만하구나
5039983,먼데
5040520,요즘은 선강타임?
5041214,오만이횽이야~
5045727,오
5045971,휴
5048588,신 아 블
5048699,정글 위치보고 걍 강타 박은듯
5051093,선강타하면 몹에 딜 더 딜어감 ?
5051357,고무고무
5051925,대 아 블
5054513,물지 하이
5056204,억까 ㄴㄴ
5056536,바론 먹었네
5056651,라이즈바론ㅇ속도는 이거이거
5058445,정글은 잘 몰라서그러는데 선강타 이유가있나요???
5064850,어차피 바론 파워 예전보다 약하긴함
5066179,그불있잖아
5066860,시야까지 잡아야함
5067032,턴 더써?
5069075,선강타가 오만하잖아요
5070291,주고 조금씩 쫒아가야지 젠지가 말리면 그렇게 하던만
5070900,강타두개 돌릴라핮듯
5073120,그냥 두개 쌓인 거 불편해서 선강타 박은듯
5073368,루시안 디아블임?
5073489,근데 아무리봐도 사일 이스킨 구림.. 근본은 프렐요드같음 ㅇㅈ(
5074475,2강타 돌리려는거 생각보다 빨리잡혀서그럼
5075037,연육
5075405,??
5079490,싸우면 힘든데
5082065,ㅋㅋㅋㅋㅋ올때마다 이새키 챔프폭 넓어지는게 개웃기네 ㅋㅋㅋㅋㅋㅋ
5082640,지금 굳이긴해
5084171,개빡이네
5085030,그럼 그렇지
5085691,바론 계속나오는데 하나쯤이야 뭐
5092358,좋은데?
5092830,좋은데?
5093173,튀는 속도봐라
5094689,개이득
5094928,나이스
5095268,개빠르네
5095479,이속봐라
5096462,넌 질리언 보지
5096511,질리언 ㅋㅋ
5097611,굳굳
5098767,카무잇
5099040,ㅈㄴ 빠르네
5099128,아따 빠르네 할배
5099570,질리언이나 보지
5100123,호다닥
5101975,라인전 이기면 뭐합니까
5102572,질리언호다닥
5102910,질리언 보1지
5103408,빠르긴빨라
5104148,제리 서있던데
5105228,질리언 홀래벌쩍 튀는거 뭐고 ㅋㅋㅋㅋ
5106907,자지야
5107001,젠지처럼해 하나 주고 반대에서 조금씩 하나 가져오면서 쫒아가던만
5107583,질리언에 플은 좀 에바임
5107765,정글로 포변함?
5109503,디아블: 할만한데?ㅋ ㄷㄷㄷㄷㄷㄷㄷㄷㄷㄷㄷㄷㄷㄷㄷㄷㄷㄷㄷㄷㄷㄷㄷㄷㄷㄷㄷㄷㄷㄷㄷㄷ
5110291,질리언이 자기한테 궁쓰면 이득임
5113881,용템포 느린거 오히려 좋은데
5114161,이분 자낳대 정글자리에 들어가나요 ?
5120878,디아블 이길만하다 선언
5121465,중계그만해라
5122337,네
5122468,ㅋㅋㅋㅋ
5123368,자기한테 플써주면 좋아죽지
5124039,중계 습박
5124435,질리언은 놔둬!!
5125554,아마 그럴듯
5126656,넵 ㅋㅋ
5127494,자낳대 원딜도 가능
5129763,치지직대회 다시 안하나요
5131047,이분 양손잡이 되셨나요 정글도 하시네
5131852,치지직컵 정글
5134559,엥
5135230,?
5137673,오
5138648,나이스
5138773,캬
5138845,캬
5140082,물쥐 낳대 정글로나가면 밸붕임?
5141554,디아블:사일러스 프론가??
5142420,간나새끼
5142896,캬
5145772,굳
5145810,물쥐팀이 밸붕당함
5146838,잘했어
5147923,진짜 마스터 양학 그만해 괴물쥐!
5148293,ㅇㅇ굳
5148617,너네 질리언은 궁 없제?
5149552,괴물쥐가 있어 할만하다
5152207,쓰는게 맞지
5153148,물쥐 낳대 정글이면 상대정글 앰비션임
5153669,팀이 되게 집중을 잘해주네
5153999,재밌네 겜
5154870,물쥐 삼식이 맞밸임
5159839,질리언 ㅈ구리네 ㅋㅋ
5161519,이게 역전각이 나오노
5166126,삼식이 싼식이된다
5167458,물쥐 랄로 맞밸아님?
5167863,디아블:사일러스 스폰지형인가?
5168553,개쎌듯
5168649,삼식이 NJ맞벨로나가요
5169351,바텀이라도 안터진게 다행아님?
5169512,제리궁 맛있음?
5170002,물쥐가 삼식이 개털어
5170064,제리야 궁좀다오
5170556,사일이제리궁쓰면어캐되는거지
5170612,제리궁이 계수 지리지않나
5172872,이거 다음은 데켑가야겠네
5174392,스폰쥐
5176997,어어
5177089,어?
5177375,?
5177848,어어
5178047,ㅋㅋㅋ
5178324,????????
5178440,?
5178539,?
5178635,에..
5178674,?
5178724,?
5178823,음?
5178888,?
5178976,?
5179122,?
5179202,어?
5179224,?
5179235,?
5179281,?
5179289,음?
5179337,?
5179403,예?
5179407,?
5179517,엄
5179566,?
5179568,???
5179730,?
5179854,?
5179863,뿌직
5179877,시원하게 던졌다
5179905,?
5179906,?
5179959,?
5179977,?
5179982,어\
5180170,...?
5180332,?
5180372,음?
5180392,뿌직
5180594,ㅋㅋ
5180721,?
5180787,{:d_106:}{:d_106:}{:d_106:}{:d_106:}
5180941,음?
5181024,헉
5181064,음?
5181111,??
5181140,?????
5181165,캬
5181216,?
5181286,?
5181364,???????ㅋㅋㅋㅋㅋㅋㅋㅋ
5181468,뭐죠 ??
5181489,흠
5181563,ㅋㅋㅋㅋㅋㅋㅋㅋㅋㅋㅋㅋㅋㅋㅋㅋㅋㅋㅋㅋㅋㅋㅋㅋㅋㅋㅋㅋㅋㅋㅋㅋㅋㅋㅋㅋㅋㅋㅋㅋㅋㅋㅋㅋㅋㅋ
5181752,?
5181754,예?
5181974,???????
5182406,{:d_126:}{:d_126:}{:d_126:}{:d_126:}
5182443,존야는
5182551,?
5182752,ㅋㅋㅋ
5182972,ㅋㅋ
5183166,?
5183487,ㅋㅋ
5183624,?
5183638,????
5183660,스리
5183903,djalsgls[
5183920,흠
5183990,음?
5184081,뿌직
5184307,뿌직
5184320,이걸들어간다고
5184408,???
5184682,..?
5184682,뿌직
5184713,sry
5184722,존야써도...
5184727,늙었다
5184833,음?
5184947,{:hejingHaha:}{:hejingHaha:}{:hejingHaha:}{:hejingHaha:}{:hejingHaha:}{:hejingHaha:}{:hejingHaha:}
5185179,늙
5185339,뿌다닷
5185757,써도죽는자리
5186092,뇌가 꼬인거같은데
5186217,존야써도 뒤질자릳같은데
5186232,라꼬숟 ㅋㅋ
5186272,뭐지요
5186799,뿌직
5186853,{:lck_16:}{:lck_16:}{:lck_16:}{:lck_16:}{:lck_16:}{:lck_16:}
5187390,뿌직
5187529,ㅋㅋㅋㅋㅋㅋㅋㅋㅋㅋ
5187928,던져~~~
5187962,쥐재앙
5188336,오만하다
5189213,{:d_117:}{:d_117:}{:d_117:}{:d_117:}{:d_117:}{:d_117:}
5189784,쥐재앙
5189881,ㅈㅈ
5189959,하나의 박치기 공룡
5190460,디아블님 유니폼 던지고 난리났다 지환아..........
5190800,물쥐님 2군으로 가시죠
5192126,뿌직
5192132,sry
5192415,쥐재앙
5192515,뿌직 ㅋㅋ
5192695,{:d_116:}{:d_116:}{:d_116:}{:d_116:}
5192908,쏴리
5193322,손꼬인게 아니라 그냥 못한거 아닌가요
5194709,뿌직
5195371,ㄱ-
5195556,재앙
5196037,쥐재앙 ㅋㅋㅋ
5196088,진짜 야무지게 던졌노
5196290,어...
5196385,{:d_135:}{:d_135:}{:d_135:}{:d_135:}{:d_135:}
5196518,쥐재앙
5196864,역전각 나오니까 자연스럽게 던져주네
5197101,쥐재앙
5197219,ㅈㅈ
5197469,겜갔나
5197517,끝낫다
5197714,괜찮아 물쥐야 예상범위 내였어
5197806,헉
5197918,디아블: 아 뭐하지.. ㄷㄷㄷㄷㄷㄷㄷㄷㄷㄷㄷㄷㄷㄷㄷㄷㄷㄷㄷㄷㄷㄷㄷㄷㄷㄷㄷㄷㄷㄷㄷㄷ
5197956,제이스 뭔 괴뮬이고 저거
5198033,큰거 한방
5198147,오
5198371,줴줴이아~~~~~
5198371,오
5198619,{:lck_17:}
5198637,오
5198663,아블이횽 ㄷㄷ
5198934,오우
5199048,오]
5199111,오
5199201,오
5199498,중요할때 한번
5199512,오
5199595,디아블: 사일러스 라꼬숟인가?
5199686,오
5199734,오
5199842,오
5200010,오
5200077,ㅈ망
5200111,올
5200113,좋은데?
5200278,와 ㅋㅋ
5200379,괴물쥐 뭐해!!!!!!!!
5200382,아트 뭐지요
5200416,오
5200552,물쥐님 2군으로 가셔야 할 것 같습니다
5200713,신 아 블
5200937,SIUUUUUUUUUUU
5201265,오
5201266,오
5201300,오 드디어
5201908,역시ㅏ 디아블
5202005,드디어한건
5202370,오
5202657,캬
5202746,오
5203099,사일하나로 겜 터졌네
5203127,어캐해노
5203510,피;지컬 ㄷㄷ
5203640,디어게인 ㅋㅋㅋㅋㅋㅋㅋㅋ
5203751,오우
5204205,디아블님 유니폼 던지고 난리났다 지환아...
5204265,역시 프로긴하네
5204278,ㅇㅇ 데캡가셈
5204376,아블이횽 이거이거 킬각은
5204562,ㅇㅇ
5204762,대 남 근
5205554,대 남 근
5205822,ㄴㄴ 이제 균열못가
5206116,신아블 ㄷㄷ
5206131,프로는 프로긴하네
5206394,공격성은 이거이거
5206508,데캡
5206661,정글 뿌직
5206673,남 대 그
5206984,데켑
5207007,데캡
5207158,신아블
5207294,데캡
5207420,ㄴㄴ 데캡
5207617,데켑 ㄱㄱ
5208215,ㅔ
5208339,모자
5208511,모자 ㄱㄱ
5208623,데캡임 극딜
5208793,모자
5208896,균열 늦었어
5209133,프로는 프로다
5209255,데캡 ㄱㄱㄱㄱㄱ
5209594,데캡 ㄱㄱ
5209639,균열은 2코어로 가야했고 차라리 데켑가셈
5209705,디 아 블 짬브 모드 ㄷㄷ
5209816,보이드
5209993,이제 균열못가 데캡가셈
5210291,걍 딜가자
5210418,데캡이 좋을듯
5210969,균열은 늦엇음
5211011,균열은 이제가긴 좀
5211489,보이드 가야함
5211497,균열은 못써
5212170,오리를 이즈처럼하노 ㅋㅋ
5212200,그러게
5212372,보이드 ㄱㄱ
5212901,나미 잘해
5213462,대 남 근
5215231,역시 빠는원딜
5217836,나미도 좋은데
5218041,와
5218347,ㅋㅋㅋㅋㅋㅋㅋ
5218551,와
5218917,오
5219162,오
5219202,디아블 정글 욕하고 유니폼 찢고 난리났다...
5219230,오
5219490,ㄷㄷㄷㄷㄷㄷ
5219644,와
5220553,와우 ㅋㅋ
5221209,나미 고순데?
5221605,제리 왜캐 나대냐
5221647,오
5221914,대 남 근
5222020,프로는 다르긴하네
5222122,대 남 근
5222945,이것이 디아블?
5223019,오 개지려
5223132,나미 잘한다
5223824,이게 디아블?
5223837,대 상 혁
5224198,이기 프로야
5224275,신 남 근
5224504,대 상 혁
5224736,쟤네 뭐하냐
5224790,캬
5225725,디 어 게 인
5226352,거의 디아블 켈린급인데
5226527,디어게인
5226698,나미도 잘하네
5228031,도파임?
5228091,와 저피로 앞에 나가?
5229273,균열 갈거면 2코어로 갔어야지
5229283,와 ㄲㅂ
5229348,남근의 빨기는 이거이거
5229991,아 깝
5230212,아..
5230558,음?
5230813,아이고
5230843,ㄲㅂ
5230872,ㄲㅂ
5230906,어?
5231334,프로 템나오니까 다르네
5231469,와e딜봐라
5231538,너무세다
5231764,라이즈 ㅈㄴ쎼
5231898,야 이게죽어
5232337,개아깝네
5233065,거리조절은 잘하네
5233938,라인전만 좀 전건가
5234597,y 아ㄲㅂ
5234632,천천히하지 ㄲㅂ
5234684,빅라님..
5234751,아 잘했는데
5234820,아 아깝네
5234893,라이즈 e만 맞췃는데 딜습박 ㅋㅋ
5235301,대 거 근
5235307,아깝다
5235937,너무쌔다
5236442,딜봐라 ㅋㅋ
5236461,디아블 사자후 ㅋㅋ
5236721,대 황 비
5236811,과부화는 피했는데 비전이 존나아프네
5236919,디아블 정신
5238110,소 남 근
5238938,와 그냥 e에죽어버리네
5240618,근데라이즈도잘하네 ㅋㅋ
5240994,아쉽네
5241469,라이즈가 잘하는거였는데 오리를 너무 ㅈ으로봣네 ㅋㅋ
5242119,10데스 ㅋㅋ
5244211,소 남 근
5245683,대북근
5246074,아까 씀
5246489,근데 저라이즈가 잘하는거같은데?
5246669,e 에죽네
5248800,벨트 써라
5249167,물쥐님 머리스타일 할려면 뭐라고 말하면 되나요???
5251250,이야
5252656,대서근
5253436,ㅋㅋㅋ
5254250,캬
5254893,나이스 ㅋㅋ
5255026,캬
5255141,캬
5255550,캬
5255693,캬
5255775,캬
5255964,ㄴㅇㅅ
5256207,캬
5256506,왜 욕을;
5256803,캐
5256839,나이스
5257552,왜욕을..
5257729,왜 욕을..
5257841,{:d_106:}
5258004,스오궁 뭐야
5258051,왜 욕을
5258073,캬
5258601,사일 캐뤼ㅏ ㄷㄷ
5258758,궁 아까운데
5258894,왜 욕을...
5258944,고무고무
5259017,왜욕을..
5259215,왜 욕을...
5259337,왜 욕을..
5259733,바론 갈만한듯?
5260833,왜욕을
5260949,고무고무노~
5261864,캬
5261935,좌 욕을...
5263109,나미잘한다
5263708,나미 개고수네
5263743,와
5263792,나미가 ㅈㄴ잘하네
5263893,? 왜 욕을 ..
5265090,나미 잘하네
5265169,왜 욕을..
5265485,나미가 ㅈㄴ 잘해주네
5266286,왜케잘함
5266440,제리 성대모사하네
5266572,나미 잘하노
5267452,나미 굿
5267605,나미 아까부터 느낌지림
5268707,왜 욕을///
5268718,바론이다
5269261,나미 2ㅏㄹ한다
5270313,와 나미 진짜 잘하네
5272298,바텀이ㅈㄴ잘하네
5272783,캬
5272822,어디가니~
5273030,오
5273078,와 나미
5273083,캬
5273088,나미가 디아블아님?? 개잘하네
5273286,나미 ㅈㄴ잘하네
5273522,님; 질힌[
5273526,qeㄲㅂ
5273661,캬ㅑㅑㅑㅑㅑㅑ
5273664,나미 슈퍼세이브
5273961,나미 고수다
5274063,나미 지리네
5274390,벨트 ㅋㅋㅋㅋ
5274576,캬
5274961,나미 잘한다
5275223,나미 잘한다
5275515,캬
5275585,지렸다
5275588,욕은 왜..
5275603,좌 욕을..
5275647,좌 욕을..
5275997,다수습했다 오
5276157,나미 다묶네 ㄹㅇ;
5276364,옵젝이 없네
5276928,나미가 ㄹㅇ 잘하네
5276940,나미 잘하는데?
5276964,역전인데?
5277009,스오야 니가 잘하면 미드 욕을 할수밖에 없다고 그만해
5277185,나미 레전드
5277432,나미 지리네
5277778,나미개잘하네
5278116,나미 개지린다
5278166,야스오 나미가 겜살리네 사일이랑
5278246,캬 나미잘한다
5278370,나미 잘하네
5278633,나미 잘하네
5278892,이사람 왜 정글잘함
5279461,..//
5279596,나미 ㅈㄴ 잘하네
5279728,왜..욕을..
5279856,큐 높나본데?
5279960,나미 진짜 잘하네
5279989,이거 이겼다
5280090,나미 센스 지린다
5280393,나미 켈린인가보네 ㅇㅇ
5281167,점마들 왜 다 던지냐
5281367,욕 좀 하지마라
5281683,다 죽여
5282737,왜욕을..
5282974,나미 프로임?
5283564,좋은데요?
5283722,왜 욕을;;
5283778,나미가 다 했네
5284334,나미켈린임?
5284789,게임이 이게 비벼지네
5284986,사실 나미가 디아블이라고?
5285151,나미 켈린급이네
5285798,남미인듯
5286148,나미 케리
5286248,나미 왜케잘하냐 저사람이 프로인가
5287061,야스오는 낄데껴
5288092,욕은 왜..
5289187,나미 켈린인가
5289673,나미 서폿팅 지리는데
5290311,질리언 개똥챔이라 이게 비벼지네
5290442,이야 나미가 저렇게 잘하는건 오랜만에 보네
5291190,나미는 저 실력으로 나미하고있네
5291384,나미 케리아임?
5292117,나미 맛있게 잘하내
5293178,나미가 디아블 아님?
5293383,나미제국 좋나보네
5293963,걍 킬 많이먹어서 성장안밀림
5297273,교전의 사일
5299375,짜장?
5300869,아랫3캠이 남아있을까요..
5301074,나미가 디아블이네 ㅋㅋ
5301738,스오는 점점 머슥해진다...
5302744,"팀운은 ,,"
5303911,디아블 : 사일 물쥐님이라고? 프로 아니고??
5307574,나미 베트남 3군 서폿 프로
5308967,오리아나 개처망ㅊ한거치고 잘하고있네
5309714,ㄴㅁ잘해
5311112,얘는 서폿도 잘해 원딜도 잘해 정글도 잘해 못하는게 머임?
5311117,저 실력으로 나미를 하고있노
5313219,사일러스 오너인가요
5313403,디아블: 사일 스폰지형아니야?
5313416,팀컬러 라꼬숟
5313507,음?
5313835,엄
5314187,아 뿌직
5314249,ㄱ-\
5314319,어
5314550,{:d_126:}{:d_126:}{:d_126:}
5314564,아
5314678,소 남 근
5314991,아블이횽?
5315112,뿌직
5315256,엄...
5315410,디아블 : 오리아나 어떻게하는지 깨달았다
5315433,음?
5315545,뿌직
5315553,ㄱ-
5315554,{:d_126:}{:d_126:}{:d_126:}{:d_126:}
5315875,엥
5316509,탑
5316975,심하네
5317592,소 남 근...
5317689,디아블 : 야다….
5318454,티모원딜 언제함??????
5318462,아...
5319195,중요할떄 한번
5319527,루시안 디아블임????
5320119,하필용탐에...
5320714,그 미드님 그만좀 죽으면..........
5320855,괴물쥐 보면서 욕을 지적한다고 ㅋㅋ
5320979,용타임에..
5321683,ㄷㄷ
5322142,오리 개싸서 질줄알았는데 사일 잘하시네요
5324022,3용인데..
5324030,디아블 정신
5324046,소 남 근
5324782,누가디아블이냐고
5326512,누구때문에
5331043,3용인대ㅔ
5332516,물쥐 즐겜러 다됐네 옛날이였으면 프로고 뭐고 욕박았을텐데
5332694,중요할때 한번
5333374,이걸죽어주네
5333526,미드 진짜 디아블 아니었으면 아주 그냥
5334565,사일 디아블임
5334718,오리아나 디아블
5334763,물쥐야 너네 미드 마스터 130점이다 ㅠㅠ
5335744,사일이 디아블임
5336369,야스오
5336486,타자 존나 빠르네
5336593,보자는데
5336596,쥐 리 썸 ㄷㄷㄷㄷㄷ
5337227,우리 정글이 디아블임
5338096,한번 빨아주셨잖아
5338300,사일이 디아블
5338371,용한다는데
5338838,나미
5339950,강타를 그냥 털어버리면
5342766,누가 디아블이겠음 당연히 나미
5343183,절때 늦게 쳐
5343318,사일 디아블
5343972,아하 사일러스
5345236,어우
5346120,어어
5347523,아 사일이 디아블이셔?
5348450,개아픈데
5349379,오리아나임...
5349525,줘야겟다
5349811,아파용
5350274,못나가겠는데
5350960,용못해
5352934,주자~
5355070,줘야지
5358475,다 줘~
5359721,사일이 디아블이고 오리가 물쥐임
5363012,후반 사일 vs 제리 캐리싸움 가겠는데
5368848,나미랑 바다용이랑 시너지잇음?
5372700,물쥐 오리 개못해
5373834,사일 페이커 오리 도파임
5378520,나미 지느러미가 더 꼴려짐
5380946,아 근데 괴물쥐 오리랑 다를빠 없누 라고 할뻔
5381659,용스택 레전드네 ㅋㅋ
5381671,짜장은 먹어야지
5381995,작골을 먹는다라
5384480,ㅇㅇ 나미 바다용 유착관계있음
5386426,그래도 정글이 버텨주니까 겜이 다 터지진 않는구나
5388860,정글욕심이 좀 많네요
5389771,어어 상황이구린데
5395639,오리아나 공이 꼴림
5397590,야 지환아 방제 뭐냐 뒤질래?
5400239,싸우면 개발리지않음?
5400719,오
5401099,캬
5402657,와우 ㅋㅋ
5406162,w딜 씹혔네
5408572,오
5409377,오
5409678,대근님
5409806,그거앎 사일도 이제 유통기한온거?
5410067,굳ㅈ
5410527,오
5411627,어?
5412326,이걸 살렸다
5413563,대동근
5413651,너무 각개전투했다
5414876,대대근
5415497,오
5416180,신 아 블
5417277,대 남 근
5417547,대 거 근
5417821,대 남 근
5418575,져라 ㅋㅋ
5418935,그래도 프로다 이건가
5418942,캬
5419224,캬
5419252,대북근
5419741,대 남 근
5420212,물
5420652,ㄴㅇㅅ
5421803,대서근
5422051,오
5422514,띵~
5423049,대 거 근
5423087,디아블 딜 잘하네
5423125,나쁘지 않은데
5423688,나미 센스 진짜 좋다
5424062,오리도 잘해주는데 ?
5424996,잘빨앗다
5425195,대 남 근
5425792,캬 역시 디아블 캐리하는구나 미드캐리
5426304,자 큰 지
5426469,슈 퍼 거 근
5426565,대 물
5426648,{:d_73:}
5426943,신대근
5427893,한타는확실히 각을 잘보긴하네
5428024,아블이 잘 하네
5430084,다르긴하네
5431104,역시 프로는 프로다
5431698,한타는 잘하시네
5431760,나미 힐량 은근 달달한데
5433057,{:mlb_78:}
5433332,물쥐는 프로 만나면 항상 잘하네
5433665,누가 디아블임??
5434229,스폰쥐랑 디아블이 캐리하네
5434848,이름이 남근이에여?
5435095,야스오 조용해짐 ㅋㅋ
5436204,빅라보다 낫네 확실히
5437070,프로는 프로다
5437501,대 거 근
5438489,라인전 이기면 뭐하나요?
5439482,엄 석 대
5439624,그래도 프로는 프로네
5439706,대남근 대북근 대서근 대동근
5440910,오리가 디아블임?
5441227,님 턴 더 못 씀
5441287,스폰쥐 ㅋㅋㅋㅋㅋㅋㅋㅋ
5441408,신 남 근
5441626,왕자 지환
5443345,나미가 디아블임
5444025,남대근임 본명
5444878,나미
5445488,사잉러스 프로인가요??
5445838,라인전만 못하시네
5447271,남대근은 진짜 이름 기합 좃대네
5449218,한타 교전은 지리네
5449390,사람이름이 남근이라고?
5449397,라인전 8킬을 주고도 비비는 신 아블
5450584,대근? 괴물쥐자너
5450891,오리 디아블
5451526,사일러스 오너님입니다
5454021,프로는 다르네
5454167,구라 ㄴ 이름이 남근일수가있나
5454263,데캡감?
5455033,지팡이 하나더~
5456151,정글하니까 착해진거같네요
5457614,사일러스 스폰쥐입니다
5457751,오리 빅라였으면 이겼냐?
5460722,사일러스 디아블임
5461595,사일러스는 괴물쥐임
5461766,누가 디아블임
5465743,남대근 이름 ㅈ된다 개 쌘데
5466133,물쥐 커즈 사건을 아는 사람☠️☠️☠️
5466563,근데 물쥐 원딜할때보다 정들할때가 욕 덜해
5466863,남대근이 이름입니다 억까 ㄴㄴ
5467122,아하 스폰쥐밥
5467429,사일
5468505,대물대물 ㄷㄷ
5469040,근데 정글을먹는데 피가차네
5469645,시야점수 너무 낮다 쥐환아
5470356,오리
5470379,미드는..
5470968,ㅋㅋㅋㅋㅋ
5471090,그래도 할거는 해주네 아블이형
5471183,ㅇㅇ
5471837,ㅇㅇ
5472318,ㅇㅇ
5472613,사실상 꼬인거지
5473322,ㅇㅇ 미드계정이라 ..
5473341,ㅇㅇ
5473640,네/.....
5474226,부포
5474259,{:d_126:}
5474293,미드는..
5474311,꼬인건 아니지
5474509,헉 ㅠㅠ
5474562,미드로 돌림..
5474582,미드는...
5475167,미드는 왜 안 꼬인거지......
5475325,온세상이 숟가락이다
5475331,ㅇㅇㅋㅋ
5475834,ㅋㅋㅋㅋㅋㅋㅋㅋㅋㅋㅋ
5477514,미드도...
5477603,오리아나라고 저능아들아
5477634,왜….
5478197,ㅇㅇ
5478629,미드는.......
5479093,헉
5479164,ㅇㅇ ㅋㅋ
5479720,스스로꼬움
5480226,글너듯
5480298,네
5481156,렌즈 너무 안쓴다
5481217,그런듯
5482078,ㅇㅇ;;
5482513,신튜렁
5483681,근데 왜...
5484352,미드 연습을 왜...
5484702,다른애들 다 잘하는데? 너때문이야 ㅋㅋ
5485814,대근이를 잡아줘도 불평하는사람
5485874,ㅋㅋㅋㅋㅋㅋㅋㅋㅋㅋㅋ
5486010,스스로 꼬아서 미드감
5486298,티모원딜 ㅇㄷ?
5487396,본계는 C1 인데 뭐
5487821,"꼬인애들끼리 잡아줘서 뭐,"
5487966,누가 디아블임
5489565,사실 미드만...
5489602,평범한 매칭이네요
5490481,미드 게정이라는데
5490852,미드 연습을 왜 하시는거지....??
5491588,속마음이 자꾸 세어나와
5492211,오리아나
5492540,헉 왜 미드 연습을..
5493826,와다다다다다
5494178,너가 잘해서 그래
5495666,미드도 꼬이긴 했지 스스로
5496170,오
5496240,캬
5496451,미드 연습을 왜…
5497292,미드 연습을 왜 하시는거지... 진짜 모름
5498537,대 남 근
5500355,챔프 연습하면서 각보는듯
5501516,오리 학살 ㄷㄷ
5504758,질리언은 걍 장애인인데?
5506619,스카웃 비상
5507265,원딜 오리아나 하시려나
5508042,빅라자리에 디아블들어가서 디아블태윤 ㄷㄷ
5508115,ㅇㅇ
5508943,애매하다
5509849,본인이 본인포지션을 꼬음
5510783,피 너무갈림
5510965,미드 입장도 이해하려는거겠죠
5511488,질리언 하나갖고는 애매하지
5511553,피가좀
5512056,피가
5515021,감독이 미드연습하라시켰대요
5518754,오리각 피하는 법 연습하시는 듯
5520928,다른 라인도 챔프 해봐야 딜이나 쿨을 확실히 알게 됨
5521580,오 안ㅁ뱃네
5523192,아 감독이 시키셧어?
5525030,짜장먹어 짜장
5526093,모자까지
5526447,빅라의마음?
5528179,빅라의 마음을 이해해봐라
5528483,아 댄디가..?
5529731,피하는거랑 거리조절 같은거 때문에 하는듯?
5531007,오리 누구임?
5533630,하 스오야
5534508,디아블
5537876,요미~
5538223,디아블?
5538230,유미~
5538415,요미
5539066,유미~
5539384,괴물쥐요
5540070,짜장 야미
5540185,{:d_73:}
5544631,유행어임?
5545009,귀요미~
5545550,날조좀 하지말아라 ㅋㅋ
5549130,디아블 아니겠지 프로가 저렇게? ㅋㅋ
5550962,요미는 누구냐?
5551749,모자뽑고 해야겠는데
5552566,디아블이 누구임?
5553729,ㄱ-
5554185,진짜 디아블임???
5554658,디아블 방송중임
5555477,{:d_126:}
5556093,커리어도 전라인챌인데 다른라인좀 할수도있지 ㅋㅋ
5557475,오늘 되게 힘들게 잘 이긴다 ㅋㅋ
5557762,나미
5558709,디아블잠블!!!
5560435,사일이 디아블임
5566671,데캡 뽑고 용쌈보자
5567875,와우
5567996,어우야
5568188,와우 디링
5568648,으악
5571429,제이스궁 ㄱㄱ
5571846,아
5571890,짜장궁
5572538,?
5573355,?
5575340,아 궁너무잿는데 오리
5576708,개구린걸
5577094,남근님?
5577480,오
5577739,휴
5578150,ㅋㅋㅋㅋㅋ
5579209,야다
5579290,ㅈㅈ
5579465,ㅈㅈ
5579586,끝났네
5579784,줴줴이야
5580132,아 줴줴이야
5580391,엄
5580729,ㄱ-
5580873,끝낫다
5580990,아 줴줴지야~~~~~~~~~~
5581049,아 줴줴이야
5581624,ㅈㅈ
5582303,야다...
5582356,ㅋㅋㅋㅋㅋ
5583366,?
5583437,응기잇
5583466,띵~
5583558,터졌네
5583800,ㅈㅈ
5583850,띵~
5584298,ㅈㅈ
5584377,엄
5584637,와
5584674,플머지요
5584703,ㄹㅈㄷ
5584819,?
5584832,엄
5584898,에
5585093,야다
5585138,??
5585223,????
5585360,뭐함?
5585375,야다..
5585400,줴줴이야
5585430,?
5585463,야다
5585621,어 ;;
5585698,아 짜오 2스택
5585847,?
5585962,음?
5585972,뿌직
5586170,ㅈㅈ야
5586213,?
5586268,ㅋㅋㅋㅋㅋㅋㅋㅋㅋㅋㅋㅋ
5586383,음?
5586391,쥐~쥐~
5586408,gg
5586419,ㅋㅋㅋㅋㅋㅋㅋㅋㅋㅋㅋㅋㅋㅋ
5586458,?
5586637,줴줴이야~~
5586688,ㅋㅋㅋㅋㅋㅋ
5586813,끝났나
5587138,ㅈㅈ
5587266,뿌직
5587317,{:d_113:}{:d_113:}{:d_113:}{:d_113:}
5587408,ㅋㅋㅋㅋㅋㅋㅋㅋㅋㅋ
5587561,겜 붐
5587596,멸망 ㅋㅋㅋ
5587623,ㅈㅈ
5587749,1
5587937,줴줴이야
5588169,스오가 해주나
5588308,뿌직
5588331,?
5588366,뿌직!
5588389,..?
5588427,ㅈㅈ
5588526,줴줴이야
5588544,뿌직
5588879,야다
5589021,ㅈㅈ
5589267,ㄱ-
5589395,늦게죽기
5589427,뿌직
5590657,{:d_126:}
5590923,뿌직
5591477,E플 했어야지 플E를
5591638,그건..
5591793,에임미스아님?
5592142,{:d_117:}{:d_117:}{:d_117:}{:d_117:}{:d_117:}
5592170,뿌직
5592474,줴줴이야
5592754,나도 제리거 누른줄
5592765,줴줴이야
5592853,버그네요
5592869,ㅋㅋㅋㅋㅋㅋㄴㄴㅋㄴㅋㅋㅋ
5593081,졋네
5593155,겜 끝 ㅈㅈㅇㅇ
5593336,뿌직
5593766,그건...
5593897,제리궁쓴줄 ㅋㅋ
5594243,씁...
5594441,끝나냐
5594751,질리언 눌러서
5594805,그건...
5595061,그러게 나도 제리로봄
5595753,골드같았어요
5595774,그야..
5595825,질리언이 블로킹 했나봐요
5595826,줴줴이야
5595934,잘못 클릭한거죠 ㅠ
5596220,ㅋㅋㅋㅋㅋㅋㅋ 잘좀해라 아오
5596495,질리언을 눌러서?
5598141,질리언궁뺏엇으니까
5598212,ㅋㅋ
5598912,ㄹ야스오가 없엇다
5599090,제리꺼도 구리지않음?
5599498,줴이줴이야
5599666,제리궁 쓰셧어요 질리언이 걸어준거임
5599759,스오가 짤린게 크다
5599991,조짓네
5600069,오마니횽이해주나
5600939,그거 질리언궁 뺏어서 그럼
5601602,나도 제리 누른줄..
5601633,스오야 라클만 해봐
5601759,중요할때 한 번
5603271,바론가네
5605121,?
5605976,제리궁 좋음?
5606295,넌 사일하지 마라 안된다 숫가락
5606847,바보니까
5607380,바보임
5608976,나도 제리꺼 뺏는걸로봄
5609477,질리언 사일러스 질사조합 ㄷㄷ
5609976,근데 스오 잘 못한다
5610313,벨트짜오머임?
5610388,어차피 졌음
5611452,스오님....
5612752,버근가
5613051,?
5613137,엄 ㅋㅋㅋㅋㅋㅋ
5613613,와
5613620,엄
5613824,음?
5614244,?
5614274,음?
5614433,?
5614467,?
5614487,치감을 가라 좀
5614616,ㅋㅋㅋㅋㅋ
5614760,엥
5614781,질리언에 먼저 갖다댔네
5614799,엄
5614823,ㅋㅋㅋㅋㅋㅋㅋㅋㅋㅋㅋㅋㅋ
5614882,?
5614959,스오......
5614987,ㅋㅋ
5615211,ㅋㅋㅋㅋㅋㅋㅋㅋㅋㅋㅋㅋㅋㅋㅋㅋㅋㅋ
5615264,ㄹㅇ 끝낼만했네
5615299,예?
5615491,ㅋㅋㅋㅋㅋㅋㅋㅋㅋ
5615768,야스오머지요
5616089,ㅋㅋㅋㅋㅋㅋ
5616204,ㅋㅋ
5616314,?
5616345,ㅋㅋㅋㅋㅋㅋㅋㅋㅋㅋㅋㅋㅋㅋ
5616387,ㅋㅋㅋㅋㅋㅋㅋ
5616619,?
5616621,.............................................
5616833,ㅋㅋㅋㅋㅋㅋㅋㅋㅋㅋ
5616941,음?
5617176,ㅋㅋㅋㅋㅋㅋㅋㅋㅋㅋㅋㅋㅋ
5617315,야스오 극혐이네 ㄹㅇ
5617319,?
5617455,ㅋㅋㅋㅋㅋㅋㅋㅋ
5617497,엄스오
5617588,ㄹㅈㄷㅋㅋㅋㅋㅋㅋㅋㅋㅋㅋㅋㅋ
5617829,대짜오
5617848,피흡이 도랏는데
5617873,와 ㅋㅋ
5618147,다시 보기봤는데 정확히 질리언에 마우스대고 뺏음
5618177,짜장 풀피 ㅋㅋ
5618347,ㅋㅋㅋㅋㅋㅋㅋㅋㅋㅋㅋㅋ
5618438,ㅋㅋㅋㅋㅋㅋㅋㅋㅋㅋㅋㅋㅋㅋㅋㅋㅋ
5618450,풀피 ㅋㅋㅋㅋㅋ
5618768,끝났을듯
5619162,ㅋㅋㅋㅋ
5619262,ㅋㅋㅋㅋㅋㅋㅋㅋㅋ
5619302,{:d_126:}
5620045,헉
5620304,스오 똥나오네........
5620512,치감갔네
5620712,뿌직..
5621024,물쥐가 더 잘하겠네
5621036,끝낼만했는데 안끝냇네
5621069,치감을 좀 쳐가라
5621607,어쩌라고 착취면
5621779,야스오는 과학!
5621853,착취라그렇대
5622426,헉
5622509,헉
5622563,님은요
5622783,{:d_126:}
5622914,왜 풀피야
5623287,착취로 뭘 하곘다고 ㅋㅋ
5623332,{:d_126:}{:d_126:}{:d_126:}{:d_126:}
5623437,누가??
5623507,진짜 똥나오네 ㅋㅋ
5623628,ㅋㅋㅋㅋㅋㅋㅋㅋㅋㅋㅋ
5624260,{:d_126:}{:d_126:}{:d_126:}
5625200,AP 짜오 상대로 맞다이를 까
5625511,ㅋㅋㅋㅋㅋㅋㅋ
5625543,야스오는 과학
5625618,쥐스오급
5626089,착취면 어쩌라고 ㅋㅋㅋ
5626099,ㅋㅋㅋㅋㅋㅋㅋㅋㅋㅋㅋㅋㅋㅋㅋㅋ
5626466,오리한테는 그 채팅 왜 안쳣지
5626714,오리가 더 못함 ㅋㅋ
5627067,피를 못깟노 ㅋㅋㅋㅋㅋㅋㅋㅋㅋㅋ
5627145,ㅋㅋㅋㅋㅋㅋㅋㅋㅋㅋ
5627227,착취라 못이겻대
5627927,착취 ㅋㅋㅋ
5627951,디아블이랑 괴물쥐 같이있어서 오래하고싶다네요
5628357,누구?
5628644,치감갔는데 저 회복량이네
5628878,누구요?
5629140,범인은 한명인가요?
5629769,착취탓 ㅋㅋ
5629769,신 스 오
5629773,왜 스오한테만 엄격해?
5631733,디아블도 탑 개 못한다는데
5631767,치감 누가감?
5632048,팩트는 괴물쥐 이거이거
5632393,다시보기봤는데 질리언 저밑에있는데 정확히마우스대고 뺏음
5633354,누구말하는거지?
5633704,짜오가 훨신 잘하네
5634782,불 편 한 진 실
5636217,짜오가 지금 사기잖아
5636997,저거 걍 못이기는 구도아님?
5637285,미드는?
5637552,못이기면 왜박았는데 ㅋㅋ
5639029,헉
5639415,착취인데 왜싸웟어그럼 ㅋㅋ
5639807,절대 치감을 안가네 ㅋㅋ kt임?
5640098,흠 ㅋㅋㅋ
5640256,저러고 디아블 욕한거임?ㅋㅋ
5642080,원브올식 AP짜오네
5642925,근데  짜오는 템 저거갔는데 엄청쎄네;
5643497,나미의 눈물
5643809,대남근
5643925,바로 프로 빨아주기
5646294,"짜오가 왜계속 사기인거지,,"
5646622,맞긴해
5647480,그렇긴해
5648451,슛
5650015,맞긴해
5651086,디 어 게 인
5651926,글킨해
5652063,맞긴해
5652367,대 거 근
5652832,그런가?
5654392,장지환은 대기업이 무섭다
5658981,같은 원딜이라고 편드네
5659056,사일은?
5660414,프로라 복구능력이 남다르긴해
5661131,대장군 라이즈
5662164,야다..
5662670,바텀은요?
5663257,맞긴함 물쥐가 겁나 탑봐줫는데 아까부터 돌아다니면서 활약한건 짜오였음 ㅋㅋ
5663875,{:d_81:}
5664553,따라욕하는 앵무새들 크엇! ㅋㅋㅋ
5664599,야다..
5666198,쟤는 저러고 지가 잘한줄알고 채팅친게 레전드임
5666417,대포강타?
5667025,왜 욕을..
5667296,싹싹김치 해갔네
5669431,대장군 라이즈
5669906,신라면 먹고싶으면 말 똑띠해라
5670583,여론 눈치보는 물쥐
5670887,이판 지면 너 신라면 짜파게티 압수래
5671573,정치는 원딜러긴하네
5673368,근데 디아블 어디팀이에요??
5676073,조이기?
5676382,야스오 오리아나 둘다 개벌렌데
5679621,와딜
5679985,데켑돈 나왔다
5679991,라면 사랑은 bb
5681831,치지직 방송하는구나
5682696,농심인ㄱ가
5683187,탑이짜온데 치감을 절대안가네 kt정신인가
5683710,딜 ㅁㅊ
5684547,오
5687178,존야 2초
5687463,ㄲㅂ
5688091,오
5688956,와 존야 ㄲㅂ
5688973,캬
5689235,존야 1초 ㅠ
5689343,3초
5689574,ㄱㅊ은데?
5689960,존야 2초 ㅠㅠ
5689964,존야 쿨 아쉽
5690836,아존야 2초인디
5690925,존야실쿨습박
5691253,캬
5692664,제리 잘녹였는ㄷ
5692815,딜은 잘했는데
5693381,아 존야 실쿨
5694139,{:d_109:}{:d_109:}{:d_109:}
5694947,나미 개고수네 ㅋㅋ
5695414,존야가 쿨이 ㅠ
5695906,루시안 해줘
5696478,짜장이지리네
5696938,왕자님
5697531,아오 질리언궁
5699336,대남근 대북근 대서근 대동근
5699835,와
5700876,라이즈딜
5701078,존야 돌리면 레전드 핑퐁인데
5701177,{:d_121:}
5702136,루시안 개잘하네
5703864,ㅈㅈ
5703960,피흡봐라
5704457,줴줴
5704656,어어
5705692,와
5705711,짜오 피흡 습박
5706155,와 피차는거봐
5706248,피차는거봐
5706381,짜오야 문도야
5706535,와 피차는거 ㅋㅋ
5706628,{:lck_28:}{:d_228:}{:d_228:}
5706695,아 루시안..
5706709,쌍둥이에서 막을만해
5706817,와 피흡봐라 미친
5706857,아 줴줴이야~~
5706898,짜오 어캐잡누
5706956,와 짜오 피흡 ㅋㅋㅋ
5707619,와
5707879,짜오지리네
5708180,ㅋㅋㅋㅋㅋ
5708242,야
5708393,짜오피흡뭔데
5709188,짜오 피 봐 ㅋㅋㅋㅋㅋㅋㅋ
5710420,????
5711100,짜장먹는 돌아이
5711217,짜오 뭐임
5711326,이젠 짜오도 벨트가는구나
5711365,피흡 뭐냐
5711516,진짜 조자룡이 와버렸네
5711532,이
5711728,ㄹㅇ
5712035,나미 뭐하는색기야
5712081,ㅋㅋㅋㅋㅋㅋㅋㅋㅋㅋㅋ
5713295,짜오라이즈 둘이
5713770,?
5714574,이얼싼스
5716112,{:d_126:}{:d_126:}{:d_126:}{:d_126:}{:d_126:}
5716263,어 실수했다
5716471,흡혈병임?
5716987,짜오 개재밌겠다
5717099,와 남근
5717213,사긴데?
5718532,야다
5718914,대 거 근 ㄷㄷㄷㄷㄷ
5719534,짜오가지린다
5720073,해줘
5720590,끝나나?
5721448,잘한다확실히
5723013,잘하긴해
5723511,잘하긴하네
5723575,짜오 피흡 뭐지여
5723602,흡성대법 신짜오
5723786,피흡뭐냐?
5724089,ㅈㅈ
5724167,짜오 피가차는데
5724964,피흡도라인데
5725106,아니 스태틱 피흡 에바야
5725723,디아블이 원딜 갔으면 이겼음??
5725999,체력이뭔
5726350,물고기련 회떠버릴라
5727031,저거하죠
5727490,짜오 유지력 안뚷릴텐데
5728386,뭐 저런걸 만들었냐 매튜렁
5729811,짜오 체급이좋다
5729819,이얼싼
5730303,짜오못잡아
5731625,아니 짜오 왤케쎔;
5731653,와
5731935,다르킨이냐
5732079,ㅋㅋㅋㅋㅋㅋㅋㅋㅋㅋㅋㅋ
5732682,피차는거 봐라
5733296,저게머냐
5734151,싀발 피흡
5734250,피차는거ㅘ라
5734385,디아블 .. 원딜이나 하러가라
5734881,짜오 ㅋㅋㅋㅋ
5735122,오바네
5735259,피차는거 역겹네
5735325,님ㄱㄴㄴㅁㅁ
5735395,짜오가 노답이네
5735859,저게챔프냐?
5736074,ㅌㅊㅇ
5736227,야다
5736313,짜장;
5736822,줴줴이야~
5736937,ㅈㅈ
5737476,줴제ㅜ이야~
5737715,짜장 존나 쎄네
5738136,ㅈ사기 ㅋㅋ
5738175,ㄲㅂ
5738275,ㅇㅇ타워랑 맞다이 됨
5738596,짜오 습박 뭐냐
5738645,저게 뭐여
5738650,미친챔 ㅋㅋㅋㅋㅋ
5738702,짜오뭐냐
5738818,ㅈㅈ
5738948,ㅁㄷㅊㅇ
5739020,탑촤이
5739065,ㅈㅈ
5739083,ㄲㅂ
5739107,뭐임 방금 ㅋㅋ
5739158,ㅋㅋㅋㅋ
5739252,짜오 진짜 체급 ㅈ된다
5739419,짜오가 신이네
5740007,ㅋㅋㅋㅋㅋㅋㅋ
5740158,미친챔프
5740451,왜 너프안함?
5740746,역대급 ㅌㅊㅇ
5741280,피흡 문도급이네 ㅋㅋㅋ
5741504,티모 원딜이나 하죠
5741761,와 피흡 ㅋㅋㅋㅋㅋㅋㅋㅋㅋ
5742038,짜오 ㅋㅋㅋㅋㅋ
5742252,탑촤이 탑촤이 야야야
5742483,왜 화 안냄?
5742932,저게 너프한거임?
5742961,자헨보다 피흡잘하노 ㅋㅋㅋㅋㅋㅋ
5744308,야스오 ㅋㅋ
5744983,11 10 11 kda는 멋있네
5745154,할만은했는데 아쉽네
5745562,짜오 저거 이상하네ㅋㅋㅋ
5745651,ㅌㅊ
5745743,줴줴이야
5745767,탑 바로 런
5746338,ㄲㄲ
5747066,너무 아깝다
5747372,왜 짜오너프안함??!!
5747717,ㅁㄷㅊㅇ ㅌㅊㅇ ㅈㅈㅇㅇ
5747717,깝다 까워
5747912,ㄲㅂ
5748529,ㅌㅊㅇ
5748933,아쉽네
5749216,ㅌㅊㅇ
5749233,아쉽ㅈ다
5749941,티모를 달라
5750166,그냥 3타가 나가면 피흡인게 사기임
5750632,짜장 저빌드 이상하네 진짜
5751917,모모모모모
5752069,ㅈㄱㅊㅇ
5752381,ㅁㄷㅊㅇ
5752408,신고 함 넣어볼까?
5753116,개모야 그립다 ㅠ
5753450,이번에야 말로 티모 원딜 두개재
5753584,ㄲㅂ
5754448,타워 피흡은 뭐냐
5755342,티모 너프먹지않음 ?
5755706,아근데 잘싸운거같은데 졋네
5755858,사일정글 발굴했다
5756042,피흡이 아니라 자체 힐이라서
5756544,메튜렁 ㅅ발아
5756551,친 ㅜ 가자
5756625,티모 쟈밌음?
5756824,속보) 괴물쥐 신라면 이제 그매 못함
5756926,정글 좀 줘라 매튜렁아
5756960,이겼음 유튭각인데 ㅠ
5757568,^모^
5757729,버섯 맛이 그립네요
5757853,티 어 게 인
5758219,아오 매튜렁
5758552,바텀불쌍 ㄹㅇ
5759082,물쥐님 어느 라인이 제일 못했나요?
5759304,미드차이라고 화를 왜 안내시죠?
5759878,문도궁 급이네
5762793,ㅋㅋㅋㅋㅋㅋㅋㅋㅋㅋㅋㅋ
5765155,물쥐님 할건해야지 ㅋㅋㅋ
5765637,사일정글 느낌있는데?
5767628,헉
5768025,루시안 11연패 불쌍하네
5768679,못난상체 ㄷㄷㄷㄷㄷㄷㄷㄷ
5769772,티 어게인
5770242,디아블님 명예를 안 주시네...
5770385,티모원딜 어쩌다가 꽂힌거임???
5770782,사일로 개쳐박을줄 알았는데
5770834,헉
5771079,티원 드걔재
5771212,헉
5771268,할 말은 해야지
5771925,오리 리폿
5772058,지금 프로 엄청 만난다
5772094,솔직히 디아블인거 몰랐으면 바로 욕박았음 ㅋㅋ
5772503,ㄹㅇ
5773040,둘다 못햇어
5774311,짜오가 잘하네
5774536,헉ㅎ
5774559,헉
5774658,한타는 잘했어
5775411,헉
5775748,루시안 11연패 진짜에요?
5776035,티모 원딜 줄여서
5776181,ㅇㅈ
5776911,바꿔
5777190,부포 탑이나 하자
5777658,오리 리폿
5778564,루시안 겜 접는다
5779506,야스오는 꼐속못했는데?
5779757,뭔 헉이야 ㅋㅋ
5779944,파카한테 티모한다고 뭐하더니 넌 티모할 자격이 없어
5781601,둘다못했다
5781961,근데 제리궁뺐는게좋은건가여?
5782196,디아블 아니엇으면 욕박았지 이미
5782241,미드차이 아닌가요?
5783538,오리 누구엿음?
5784596,부포바꾸지
5785310,초반에 7뎃을 박는데 명예를왜줌
5785387,부포 바꿔잇
5786079,바텀 ㅈ나 잘했는데
5786533,가락들 좀 접으라 그래
5786740,부포안바꿈?
5787400,ㅋㅋㅋㅋㅋㅋㅋㅋㅋㅋ
5787801,물쥐님도  짜장면이론보고 영감을 받아야함ㅋㅋ
5787995,못한건 못한거지
5790824,역대급 미드차이
5791083,할말은 하죠? ㅁㄷㅊㅇ ㅁㄷㅊㅇ  ㅇㅇㅇ
5791405,디아블 아니었으면 사지 토막남;
5792465,제리궁 ap 계수 높음
5793583,정글 또 잡히나
5793883,바텀 잘했는데 아쉽네
5794103,전판 카시오페아 쌍욕직전을 아는사람:
5796268,채킹 아까부터 싸움 만들려하네
5797817,지근 프로들 방송 많이함
5799945,물쥐가 더 잘생겼으면 이겼다
5803105,티모가 원딜로 좋음? 갑자기 티모 많이 하시네
5804371,미드차이로 진거지 뭐
5804524,부포 바꿔라
5805249,일단 사일러스 신고좀하죠 물쥐님
5805585,크흠
5807921,물쥐 야~호
5809659,G하
5810672,물쥐야 오늘 왜케 잘생걌냐
5812281,티모원딜 보고시팓
5814744,디아블 바로 원딜계정으로 전환
5814787,?
5815863,디아블 이제 손풀어서 원딜계정으로 다시 로그인
5816136,티모원딜 야르 ㅅㅅㅅㅅㅅㅅ
5816852,근데 사일 어렵던데 깔끔하게 잘하네
5817604,과연 이번에는
5818802,{:d_121:}
5822113,아무리봐도 탑차이같은데...
5822245,야스오 계속 봐줬는데
5822706,중계좀 하지마라 여기서
5826305,물쥐야 너가 부포로 좀 못해야 원딜이 걸리지 지금 두개다 잘하니까 라이엇 시스템상 계속 정글 걸리는 거다 그냥 존재가 버그임
5827193,탑차이맞음
5827650,역하긴하네
5828709,물쥐한테 배설하고 원딜하러 가셨다고?
5831859,ㅋㅋㅋㅋㅋㅋㅋㅋㅋㅋㅋㅋㅋㅋㅋㅋ
5832055,짜오는 과도한거 너프한다면서 체력회복 살짝 까고 패시브에 AP계수 달아버려서 이젠 딜까지 쳐나옴
5833358,그럼 이김
5833497,ㅇㅇ
5833547,디 어게인 ㅋ
5833768,ㅋㅋㅋㅋㅋㅋㅋㅋㅋㅋㅋㅋㅋㅋㅋ
5833841,왜 미드로돌려
5834294,ㅋㅋㅋㅋㅋㅋㅋㅋㅋ
5834827,흠
5835566,ㅋㅋㅋ....
5835713,그분은 스스로 미드 가심 ㅋㅋ
5837104,그럼 여기에 없지
5837168,맞음
5837672,일단 라인을 터뜨림 ㅋㅋ
5838112,ㅇㅇ
5838192,음?
5838213,디아블 바로 원딜계정 접속
5838545,흠
5838826,ㅋㅋ...
5839321,{:d_126:}{:d_126:}{:d_126:}
5839543,맞긴해
5839996,그건맞음
5840220,ㅇㅇ
5840223,ㄴㅇㅈ
5840273,ㅋㅋ;
5840310,너가 루시안이었으면 이겼음 ㅇㅇ
5840557,ㅇㅇ 야스오가 시팅값 안나옴
5840641,ㅇㅇ;;
5840881,그건 당연한거고
5840943,그건 맞지
5840958,캐니언 정글이었으면 이겼지
5841825,탑차이좀나긴햇음 ㅇㅇ
5842010,흠
5842212,ㅇㅇ 맞말임
5842247,흠...
5842266,맞긴함
5842690,그렇게 파줫는데 탑차이가 나는데 ㅋㅋ
5842707,시팅 받고 ㅇㅇ
5843303,흠
5844415,걍 미드연습용 계정
5844511,{:d_121:}
5844801,오리아나가 더 심각함
5844984,방금 디아블이었음?
5845167,탑 커버를 얼마나 가줬는데
5845221,{:d_116:}{:d_116:}{:d_116:}
5845331,탑차이 ㅈ댐
5845603,초반에만 좀 안풀린거지
5845648,야스오가 한게없음
5846836,야스오 심각함
5847440,짜오존재감이 ㅁㆍㅊᆢ
5847604,{:d_126:}{:d_62:}{:d_126:}{:d_62:}{:d_126:}{:d_62:}
5848017,봐준거 대비 개못했지
5848208,담판 상대원딜로 나오면..
5848405,야스오다음은 미드인가요?
5848672,야스오 ㅈ나 봐줬는데 그러는건 양심 ㄷ짐 ㅋㅋ
5848945,억빠하면 뭐 어때
5849011,디아블 매섭긴 하더라
5849531,버러지긴해
5850124,똥과 오줌임
5850992,그 이후 디아블이지 야필패였음 ㅋㅋ
5851445,미드 디아블
5851919,ㅇㅈ
5851960,맞는 거 같은데 ㄹㅇ
5853259,3분 3데스는요??
5853567,야스오가 사람이 아녔음
5853593,얘가 정글이여서 말할 수 있는거임 ㅇㅇ
5853841,흐으으음 탑미드 둘다못한거아님?
5854175,디아블은 자기가 싼거 어느정도 치우긴 했지
5854291,똥과 오줌이야 그냥 ㅇㅇ;;;
5854635,{:d_116:}{:d_116:}
5855728,저러는데 입까지 털었음
5855973,시팅 받고 ㅈㄴ 못하더라
5856580,라인전 070 이엿는데요?
5857459,그것도 맞지
5858064,디아볼 솔킬 6번따인것치고 할거하긴 했어
5859348,디아블은 후반ㄴ가서 잘하긴햇어 ㅇㅇ
5859576,라이즈가 너무큼
5859891,디아블은 복구 알아서하긴함
5861756,근데 미드바꼇으면 겜이 20분내에 끝나지 않았을까요?
5861988,흠거리는 애들은 걍 디아블 싫어하는 애들이고
5862676,자원을 줬더니 대학가서 데모했잔아
5863045,야스오 에어본 1초 연장이 존재의의였음
5863082,파카 댜스오였음 이겼냐 애들아?
5863413,똥이냐 설사냐 대결이지 뭐 ㅋㅋ
5865151,똥과 오줌이야 이길 수가 없었다 ㅇㅇ
5865193,빅웹 2번 박아줬는데 솔킬따임
5865458,미드가 제일 못했죠 이건
5869560,오리아나 학살 중 떴으면 말 다했지
5869575,억빠안해도 된다 물쥐야 굳이 욕할필욘없지만
5870183,근데... 디아블님 미드는 갑자기 왜 연습하는거지... 설마
5874405,파카 야스오 잘 못하지않나
5874478,진짜 디아블 맞음?
5874851,물쥐야 근데 모의투자 잘하는 게 정글 실력이긴 하다 ㅇㅇ땀땀
5875698,{:d_126:}
5876240,헉ㄷ
5876386,ㄱ-
5876421,원래 주포 아니면 한타는 해도 라인전이 힘듬
5876786,야스오가 짜오한테 계속 지는데 맞딜검
5877053,디아블: 아 너무 깝쳤다.. 오전엔 분명 잘됐는데
5877112,헉
5877194,스카웃고생햇다
5878598,헉
5879241,ㄱ-
5879651,욕만 하지마 ㅇㅇ
5879992,{:d_58:}
5880270,ㄱ-
5880843,ㄱ-
5881018,헉
5883229,디아블 치지직컵 2?
5883327,{:d_126:}{:d_126:}{:d_126:}{:d_126:}
5883511,헉
5883527,ㄱ-
5884109,헉
5884886,ㄱ-
5885452,헉
5885804,미쳤냐 ㅋㅋ
5885907,{:d_121:}
5886097,{:d_126:}
5886391,물쥐야 너가 부포로 게임을 못해야 원딜 잡히는데 정글 주포 잡고 원딜 부포 가자 너의 존재가 라이엇의 버그니 어카냐
5887797,스카웃을 죽이겟다
5887833,헤이헤이
5887894,헉
5888060,대 아 블
5888491,과연
5888608,ㅋㅋ
5889009,{:d_126:}
5889113,감독님 쟤 2군보내고 저 미드써주세요/
5890661,디아블 치지직컵은 ㅋㅋㅋㅋㅋㅋㅋㅋㅋㅋ
5890989,자낳대?
5891113,캬
5891157,제발 티모
5891423,아제봘~
5891498,에반데
5891519,캬
5891526,캬
5891628,오 ㅋㅋ
5891631,나이짜
5891726,다음은 미드다.
5891749,굿
5891761,상대 디아블
5892840,ㄲㅂ
5892917,모어게인
5893072,깁미 티모
5893242,드디어 ㅋㅋㅋ
5893252,티모
5893541,메튜렁 뭐하냐고
5893569,ㅋㅋㅋㅋㅋㅋㅋ
5893657,ㅈ모 ㄱㄱ
5893768,ㅅㅅ
5893883,ㄵ
5894103,드디어 티모 원딜
5894711,티모 원딜 출격
5895218,상대 디아블
5895300,티모 원딜 두궤제
5895627,닷지 제발
5895662,티모
5895902,티모벤
5896344,쥐모
5896479,이제 서폿때문에 고통받을 차례
5896569,티모  드가자
5896591,{:d_109:}{:d_109:}{:d_109:}
5896716,티모~
5896860,{:d_57:}
5896906,이잉 기모링
5897973,^모^
5898093,제발 상대원딜 디아블 ㅋㅋ!!! ㅋㅋㅋㅋㅋㅋㅋㅋㅋㅋㅋㅋㅋㅋㅋㅋㅋㅋㅋㅋㅋㅋㅋㅋ
5898100,제발 상대 디아블
5898138,쥐모 드가자
5898306,ㅋㅋ 원딜걸린다고 좋아하네
5898726,티모 원딜 두개재
5898903,상대 디아블 원딜
5899762,알고잇음
5899882,ㅈ모 가나요
5900217,ㅋㅋㅋㅋㅋㅋ
5901975,기브미 티모
5902536,이제 상대원딜 디아블
5902809,정글 잘했음 ㄹㅇ
5902985,제발 미드 디아블
5903048,^모^
5903822,티모 봇 ㄱㄱㄱ
5904318,드디어 방제 실현
5904371,근데 티모원딜 장점이 뭐에요??
5904617,상대 디아블?
5905507,모다 모~
5905764,^모^
5906027,상대원딜 디아블 ㅋㅋㅋ
5908342,모
5909397,쥐모묵땨~~~~{:mlb_76:}{:mlb_76:}{:mlb_76:}{:mlb_76:}{:mlb_76:}
5909569,상대 디아블
5910195,{:d_19:}{:d_19:}{:d_19:}{:d_19:}
5910265,닷지나고 변기청소하러가면 레전드 ㅋㅋ
5912180,뒤졌다모
5912954,이제 티모밴
5913169,상대원딜 디아블진짜에요?
5913778,?
5914317,제발 밴돼라
5914320,ㅇㅇ
5914681,ㄹㅇㅋㅋ
5914776,ㅋㅋㅋㅋㅋㅋㅋ
5915122,{:d_56:}{:d_56:}{:d_56:}{:d_56:}{:d_56:}{:d_56:}{:d_56:} 상대원딜 디아블
5918263,상대 디아블 나온다 ㅋㅋㅋ
5918904,멤버차이
5919186,맞음
5919278,{:d_121:}{:d_121:}
5920260,제발 우리미드 디아블
5920670,맞음.
5920826,엥 방금판 물쥐님이 제일 잘한거같던데
5923404,멤버는..
5923456,지는겜에서 그정도면 더잘한거임
5923864,바텀이 ㅈㄴ 억울하지 머
5925185,장실갔네
5925746,제이스도 할만큼한거같은데
5926306,상대 미드 스카웃 ㅈㅉㅇㅇ?
5929116,디아블 화장실감
5931178,상대원딜 디아블이라고? 오케이 농심원딜 맡겨놧농ㅋㅋㅋ
5931577,미드 계정인데 원딜이겠냐고
5932998,제이스보다 잘함
5935260,제이스 걍 무색무취임
5935586,쥐모
5935588,티어게인
5935783,ㅋㅋㅋㅋ
5936592,ㄴㄴ 디아블님 본계로 로그인함
5937460,^모^
5937987,조합이 영
5938079,티원 ㄷㄷ
5938197,상대 원딜 데프트라고?
5939073,나이짜
5939789,드디어
5940268,버섯한접시
5940333,도란링 버그 아직도 쓸수있나?
5940740,{:d_126:}{:d_126:}
5941656,티모당ㅋㅋㅋㅋ
5942947,ㅇㅂㅌ?
5942953,이새기 트롤임?
5942987,우비티
5944372,ㅋㅋㅋㅋ
5944449,이거 좋음 ?
5945312,신스킨 ㄱ
5945335,???: 사일 정글로 지고 티모로 화풀이하네
5945934,티모 원딜 티어픽임?
5946109,우비티
5946299,우비티 ㅋㅋㅋㅋㅋ
5946301,버섯이다 모
5946448,우비티 복복티
5946767,화 많이 났으니 악마 ㄱㄱ
5947612,잡숴봐
5948149,티모당
5948636,ㅋㅋㅋㅋ왜이렇게 좋아햐요 티모원딜?
5948885,복복티해야지
5948980,개모 진득하게 한판 조져보자 물쥐야
5949587,물쥐님 티모 선픽도좋음?????
5949667,에휴
5949708,스킨 제발 다른거
5949868,탑 키아나?
5950269,이궈궈던ㅋㅋㅋ
5950470,캬
5951464,{:d_54:}{:d_54:}{:d_54:}
5951621,ㅋㅋㅋㅋㅋㅋㅋㅋ
5951906,우비티 ㅋㅋ ㅈㄴ홀애비같네
5952432,파카꺼야 이거
5953749,^^
5954067,컨트롤3 쥰내눌러
5954070,악마 ㄱㄱ
5954383,원딜 티모 ㅈㄴ웃기네
5954791,서폿니달리 ㄷㄷ
5955335,스킨 바꿔줘요
5956544,토끼{:d_5:}
5956701,괴물쥐랑 티모 조합진짜 ㅈ같다
5957333,티내시오
5957856,모모모
5957924,티모원딜 너프당한거 아녔음?
5959781,뒤지게 귀엽네 아오 ㅋㅋㅋ
5959863,상대원딜 디아블 ㄷㄷㄷ
5960072,^모^
5960426,팀조합이 벌써 똥내나네
5960820,복복티해줘 제발
5961044,이녀석은 버섯이랑 인연이 좀 있어~~
5961602,진이라..
5961915,우만하게
5962443,상대 원딜 구마유시요
5962669,스킨 귀여운뎅ㅋㅋ
5964835,^모^
5965568,우비티가 머지요?
5967508,텔포 블츠 ㄷㄷ
5969250,우 비 티
5969289,물쥐님 어쩌다가 티모원딜에 꽂히신거임??
5969393,파카꺼야
5969623,물쥐 야추 버섯만함
5969802,모모모모
5971883,매순간 오만하게 티모하시오
5971956,어? 서폿이 텔?
5973597,이분 도란링 버그 알고 있음? 알아도 안 쓰겠지만
5974500,서포터 텔포가 왜있지
5974552,티모 너프당해도 좋나요?
5974724,우비티 귀여운데
5975709,봉풀주 일듯
5976597,티모쥐
5977067,탑키아나 맞냐
5978707,우주비행사티모
5979451,픽 꼬라지 어지럽네
5980897,원딜티모는무슨 서폿이랑 어울려요??
5982850,어제썻습니다
5983103,"간악한 원딜놈이 또 불쌍한 탑챔프를 뻇어가는구나,,, 탑은 당하기만한다 진짜,,,"
5983836,티모즤 가보자
5984128,쓰는데요?
5984565,다른 스킨 껴줭
5984836,무조건 쓰죠
5985191,쓰는데여
5985540,어제 ㅈㄴ씀
5987331,괴물쥐 피지컬 다 죽여놓는 티모네…쩝…
5987426,ㅇㅇ
5988520,졵나쓰는데ㅐ?>
5989055,써야죠
5989678,ㅋㅋㅋㅋㅋㅋㅋㅋㅋㅋㅋㅋ
5990410,??
5990691,ㅋㅋㅋㅋㅋㅋㅋㅋ
5990700,원딜 티모는 카시 서폿이랑 어울려요
5992303,누구보다 열심히 전도중이십니다
5992907,쓸건써야제
5993778,왜 안 씀?
5994438,알빠노
5995691,매튜렁 사퇴기원
5995810,엥 존나 쓰는데요?
5995844,라꼬망?
5997779,쓰는게 롤을 건강하게 만드는거임;;
5997863,그게머임
5998621,그건또뭐임
5998694,안쓰는게 호구아님? ㅋㅋ
5998804,버그가 아니고 스끼린데요
5999419,도란링 버그가 뭐임?
5999662,신튜렁이 쓰라고 만든건데
6000470,할껀 해야지
6000651,그래 원딜도 재밌는거하자
6004444,스끼린데
6004832,버그가아니라 스끼린데
6005872,버그가 아니고 쓰끼린데
6007837,버그 아직도 됨 ?
6007922,ㄹㅇㅋㅋ
6008628,ㄹㅇ
6010755,조합 뭐지요
6012543,제라스 맛있네
6012641,신튜렁이 안 고치면 써야지 뭐 ㅋㅋ
6013217,캬
6013221,ㅋㅋㅋㅋㅋㅋㅋㅋㅋ
6013355,?
6014145,ㅋㅋㅋㅋㅋ
6014912,ㅋㅋㅋㅋㅋㅋㅋㅋㅋㅋㅋㅋㅋㅋㅋ
6015034,{:mlb_76:}{:mlb_76:}{:mlb_76:}
6015248,뭣
6015356,캬
6015395,ㅋㅋ
6016036,나도 그거쓰고 4연승함
6016165,혹시 그게 뭔가요?
6016280,헉
6016382,매튜렁이 만든 악마
6016636,신튜렁
6016644,신 튜 렁
6016936,캬
6017022,ㅇㅈ
6017549,헉
6018479,쓰십쇼;
6018588,ZI
6018915,신고할게요
6019049,ㅋㅋㅋㅋㅋㅋㅋㅋㅋㅋ
6019109,신 튜 렁
6019140,신 튜 렁
6019156,물쥐님 메튜렁 좋아해요?
6019339,캬
6019739,이게 맞지
6019809,꼬우면 너도 하셈 하는데 해야지 ㅋㅋ
6020031,신 튜 렁
6020064,ㅋㅋㅋㅋㅋㅋㅋㅋㅋㅋㅋㅋㅋㅋㅋㅋㅋㅋㅋㅋㅋㅋㅋㅋㅋㅋㅋㅋㅋ
6020562,오케이 신고할게요
6020849,캬
6021102,헉
6021202,너가 건구랑 다른게머냐
6021441,{:d_60:}{:d_60:}{:d_60:}
6021651,캬
6021744,ㅋㅋㅋㅋㅋㅋㅋㅋㅋㅋㅋㅋㅋㅋㅋㅋㅋㅋ
6022386,메튜렁 니가 만든 월드
6023362,메/렁
6023395,ㅋㅋㅋㅋㅋㅋㅋㅋㅋㅋㅋㅋㅋㅋㅋㅋㅋㅋㅋㅋㅋㅋㅋㅋㅋㅋㅋㅋㅋㅋ
6023445,zzzzzzzz
6023592,ㅋㅋㅋㅋㅋㅋㅋㅋㅋㅋㅋ
6023641,뒤틀린 사랑 ㅋㅋㅋㅋㅋㅋㅋㅋㅋㅋㅋㅋㅋㅋㅋㅋ
6023708,ㅋㅋㅋㅋㅋㅋㅋ
6024268,남들 안 쓰는 거 아닌데 ㄹㅇ ㅋㅋ
6024320,정글로 튕기는것도 잘 이용하고 계신건가요?
6025103,메튜령이 만든 괴물 ㅋㅋㅋ
6025250,그말 뱅가드가들음 ㅅㄱ
6025251,매튜렁 니가 이렇게 만들었어
6025850,신튜렁은 신이다
6025947,안고치면 쓰라는 거 아닌가요
6025988,호날두임?
6026037,아카츠키 정신 좋다
6026241,은근슬쩍 스리슬쩍
6026799,{:monsMonsLaungh:}{:monsMonsLaungh:}{:monsMonsLaungh:}{:monsMonsLaungh:}
6027957,메만괴 ㅋㅋㅋㅋ
6028166,존나 소심하노 누가보면 헬퍼쓰는줄
6028246,지금 티모 버그있음?
6028436,소비해서 너프하자
6028588,만렙쥐구 ㅋㅋㅋㅋㅋㅋㅋㅋㅋㅋㅋㅋ
6028931,신 튜령
6029444,정지먹어야지 정신차리지
6029962,chinese out!!
6030062,그러다 정지당해 물쥐님
6030353,무자비는 역시 쥐평
6030538,캬
6031651,물쥐야 똑같은 사람 되지 말자
6031892,ㄹㅇ 아무도 안쓰면 그냥 묻히잖아
6032146,응원합니다
6032705,만랩쥐구 ㄷㄷ
6032895,조합 개멋지당
6032942,매튜렁님한테 개기는거냐?
6034169,매튜렁 월드
6034255,경기종료 괴물쥐 정지
6034319,테크니션으로 성장 ㄷㄷ
6035418,지금 세나원딜 지표 엄청 좋던데
6037146,이정도면 매튜렁을 좋아하는게 아닐까
6037461,메튜렁정도면 밸패 잘하는편 아닌가요? 소신발언
6037524,무슨 버그있음??
6037743,진 4타 실명맞고 샷건 예정 ㅋㅋㅋㅋ
6038188,소비해서 너프하자
6039999,매튜렁 그새끼 즈그나라에서는 욕안먹음?
6040203,쥐크나이트
6040507,고쳐야되는거면 핫픽스하겠지 ㅋㅋ
6040985,물쥐님 티모 원딜이랑 무슨 서폿이 어울리나요
6042461,신 튜 렁
6042674,탑키아나는 뭐야
6042920,그저 no mercy ㄷㄷ
6043388,"도란링버그가머임,"
6046090,파카는 정지무섭다고 안쓰더라
6046402,순수하게 1렙기준 평타 하나차이나네 도란링 버그쓰면 안쓰면 병신맞네 이건
6046439,메튜렁에게 반기들면 정지당해
6051551,ㄹㅇ 고쳐야하는버그면 핫픽스하지 ㅋㅋㅋㅋㅋㅋㅋㅋㅋ
6053054,와 19년도 생각나 이 노래 들으니까 ㅅㅂ;;
6055195,탑 키아나 ?!
6056366,티모벤 안한거보면 저격 없는거아님?
6057689,진 4타가 실명보다 빨리들어가던데
6059185,ㄹㅇ
6059475,헉
6059522,호구네
6059545,정몽규도 월드컵 끝나고 사퇴한다는데 매투렁은 언제 나가냐
6059584,ㅋㅋㅋㅋㅋㅋㅋㅋㅋㅋㅋㅋㅋㅋㅋㅋㅋㅋㅋ
6060460,랜뽑 ㅋㅋㅋㅋㅋ
6060578,ㄹㅇ
6060699,ㅋㅋㅋㅋㅋㅋㅋㅋㅋ
6060871,ㄹㅇ
6061123,ㄹㅇㅋㅋ
6061126,헉
6061173,ㄹㅇ ㅋㅋㅋㅋㅋㅋㅋㅋㅋㅋㅋㅋ
6061583,ㅋㅋㅋㅋㅋ
6061712,헉
6061841,에혀
6062037,ㄹㅇ
6062216,헉
6062949,{:mlb_76:}{:mlb_76:}{:mlb_76:}{:mlb_76:}
6063229,랜뽑유행시켜놓고
6063342,뻔뻔
6063562,ㅋㅋㅋㅋㅋㅋㅋㅋㅋ
6064262,개카
6064405,ㅋㅋㅋㅋㅋㅋㅋㅋㅋㅋㅋㅋㅋㅋㅋㅋㅋㅋㅋ
6064768,개카 ㅋㅋ
6064992,랜뽑 유행시킨사람이 그건 또 무서워?
6065047,랜뽑하는 사람이
6066671,개카
6066772,ㄹㅇㅋㅋ
6067073,ㅋㅋㅋㅋㅋㅋㅋㅋㅋㅋ
6067927,랜뽑하는 개카련
6068145,그거 한번밖에 안썼대요 억까 ㄴㄴ
6068287,{:monsMonsHaha:}{:monsMonsHaha:}{:monsMonsHaha:}{:monsMonsHaha:}
6068802,정지무섭다노~ (랜선을 뽑으며)
6069191,랜뽑 오랜만이네 ㅋㅋ
6070625,화장실 랜뽑평 ㅋㅋㅋㅋ
6070725,그런 사람이 매판 10데스를 박어?
6070735,디시 ㄷㄷ
6071463,소 인 육
6072350,ㅋㅋㅋㅋㅋㅋㅋㅋㅋㅋㅋㅋ
6072737,파카의 과오
6074232,랜뽑 유행시켜놓고 에휴
6074260,핫픽스 하지 않았다면 ' 의도된 플레이'다
6074746,레전드 ㅋㅋㅋㅋㅋㅋㅋㅋㅋㅋㅋㅋ
6074878,참내
6074921,{:d_59:}{:d_59:}{:d_59:}{:d_59:}{:d_59:}{:d_59:}{:d_59:}{:d_59:}
6075198,랜뽑이 ㄹㅇ 비매인데 ㅋㅋㅋㅋㅋㅋㅋ
6076033,근데 연봉 3천억 받으면서 안고치는게 문제아님? 물쥐는 잘못 없음 ㅇㅇ
6076042,개 ㅏ
6076312,ㅋㅋㅋㅋㅋㅋㅋ
6076353,모순뭐야 파카
6077940,이분은 왜 갑자기 티모원딜에 꽂힌건가요?
6078357,참내 ㅋㅋ
6079186,쓴거잖아
6079524,개카련 ㅅㅂ
6079964,랜뽑전도사께서
6081175,지금 쓰네
6081191,아오 개카
6081298,정지 무섭다노~~~ (랜선을 뽑고 광고를 늦으며)
6082180,내로남불은 팤평
6084098,이거도 파카임?
6084435,메튜렁<<렁 하나때문에 이름자체가 불쾌함
6088024,누가 뽑았네 ㅋㅋㅋ
6090513,탑 파카임? 랜뽑인데 이거
6090521,상대 갱플 파카임? 랜뽑햇는데
6091983,갱플 찢어줘!!
6092304,렌뽑은 진짜 사지분해당해야하는데
6092470,한번이 뭔상관이야
6092964,키아나 : 원딜 티모냐
6093119,티모는 보는것도 재밌단거임...
6093251,랜뽑인가
6093422,뽑혔네
6093597,키아나 갱플 상대로 괜찮은가
6093827,90퍼에서안올라가는거보니 이판도뽑앗네
6095451,파카 저격 뭐지요
6097491,괴물모 머냐모!!!!!!!!!!!!
6099567,파카 저격 아오
6100904,랜뽑이 랜덤뽑기임?  어찌하는건데요?
6103531,ㄴㄴ
6104350,90퍼가 랜뽑일걸
6104375,랜뽑하면 뭐가 좋음?
6104466,그게 그거지
6104760,파카 이놈
6106715,랜뽑일걸
6107434,ㄴㄴ랜뽑하고 담배피러감
6107502,개카 갱플스킨 저거 안쓰잖어
6109806,90이 랜뽑
6109875,물쥐야 이번시즌 점수 다시 각잡고 올릴 생각은 없냐
6111282,랜뽑하면 뭐가 좋은거에요??
6112205,"파카가 또 유행시켰네,,,"
6112221,와우~
6112229,물쥐형 오늘은 푹잣나본데
6114013,이판 다시하기 나오고 다음판 다시 정글
6114080,랜뽑담배임
6115625,닷지실패는 몇이지
6116244,증바람 랜뽑이 진짜 죽이고싶던데
6117005,괴물쥐 티모 누가 막습니까??
6117145,화장실 갈라고 뽑음
6117211,"물쥐야 혹여나 정지당하면 쪽지줘라, 골드3이지만 너가 필요하다면 흔쾌히 내여주마"
6117304,근데 정 급하면 선좀 뽑을수 있찌
6117487,요즘 랜뽑 너무많아
6117615,반갑다모~~~~~~~~
6120736,닷지 실패인가보네
6121218,가보자 가보자
6122385,꿀벌티모 귀엽던뎅
6122438,무포터네
6122997,랜뽑하고 담배피고 똥싸고 컵라면 끓여먹고 옴
6125680,너밖에없다
6127916,미쳤지 골3
6128425,골쌤 ㅋㅋ
6128752,파카가 랜뽑 유행시켜서 랜뽑하고 담배피고옴
6129418,너밖에없다
6130020,고맙다
6130317,캬
6131190,겜시작을 안함 랜뽑하면
6132072,ㅋㅋㅋㅋㅋㅋㅋㅋㅋㅋㅋㅋㅋㅋㅋㅋㅋ
6133468,너밖에없다
6133952,ㄱㅁㄷ
6134485,ㅋㅋㅋㅋㅋㅋㅋㅋ
6134531,신 드
6134617,물쥐형 오늘 컨디션 ㄱㅊ?
6134726,너밖에없다
6134895,고맙다..
6135320,고맙다
6135952,골3썜 ㅠㅠ
6136423,ㅇㅎ
6137173,감사합니다
6137244,너밖에 없다 고맙다
6138072,ㅋㅋㅋㅋㅋ
6138628,ㅋㅋㅋㅋㅋㅋㅋㅋㅋㅋㅋ
6140726,골드에서 그마런
6141329,괴물쥐 오늘 플레티넘 간다
6142811,랜뽑하고 샤워하고 오면 시간 딱맞음ㅇㅇ
6144524,단묵이 티어 ㄷㄷ
6148910,ㄹㅇ
6150202,ㅋㅋㅋㅋㅋㅋㅋㅋㅋㅋㅋㅋㅋㅋㅋㅋㅋㅋㅋㅋㅋㅋ
6150465,ㅋㅋㅋㅋㅋㅋㅋㅋㅋㅋㅋㅋㅋㅋㅋㅋㅋ
6150628,ㅋㅋㅋㅋ
6150772,개카;
6150921,ㄹㅇㅋㅋㅋㅋㅋㅋ에반데
6151334,ㄹㅇ
6151522,씹 ㅋㅋㅋ
6152037,역겹다
6152136,랜뽑하고 라면 끓여옴
6152578,캬
6152690,래ㅔ전드네
6152809,그사람은... ㄱ-
6152977,갈때까지 갔네
6153237,ㅋㅋㅋ
6154081,ㅋㅋㅋㅋㅋㅋㅋㅋ
6154469,"서폿혐오, 랜뽑"
6154691,존나 사회악
6154695,ㅋㅋㅋㅋ
6154765,서폿혐오도 파카잖아
6155147,뭣
6155178,선한 영향력 ㅋㅋㅋㅋㅋㅋㅋㅋㅋ
6155230,람쥐썬더 ㄷㄷ
6155353,협곡의재앙 ㅋㅋ
6155457,파재앙
6155889,ㄹㅇㄹㅇ
6156144,역시 악동파카!우하하
6156257,도파 정지기간 나눠받아야해
6156359,ㅋㅋㅋㅋ
6156591,협곡의 암덩어리같은ㄴ 존재구만
6156701,진짜 서포터도 다 접게만들고..
6156829,요즘 증바람 로딩 ㅈㄴ 느려진게 그거 떄문인가 ㅋㅋㅋ
6156875,팤재앙
6156951,ㄹㅇㅋㅋ
6158010,ㅋㅋㅋㅋㅋㅋㅋㅋ
6158258,ㄹㅇㅋㅋ
6158293,팤튜형
6158533,<<<<<<<<<
6159023,팤재앙
6159721,ㅋㅋㅋㅋㅋㅋㅋㅋㅋㅋㅋㅋ
6159852,ㅋㅋㅋㅋㅋㅋㅋㅋㅋㅋㅋㅋㅋㅋ
6159927,파카 네이놈!!!
6160324,협곡에 테러리스트
6160608,도란링 바로 ㅋㅋㅋㅋㅋㅋㅋㅋㅋㅋㅋㅋㅋㅋㅋㅋ
6160634,협재앙 ㅠㅠㅠ
6160736,그저 나니
6160813,진짜 안좋은것만 퍼트리네
6160849,정글혐오
6161295,갈라치기의 신
6161970,와 진짜 쓰네
6161977,혐오는 파카님이랑 같이했잖아
6162043,쥐북공정
6162165,팤 재 앙
6162363,ㄹㅇ
6162890,괴물쥐 혐오
6162953,{:d_126:}
6163060,ㄹㅇ
6163729,팤튜령
6164289,갈치거인
6164593,서폿 혐오?
6165189,ㅋㅋㅋㅋㅋㅋㅋㅋ
6165286,팤비어천가 ㅋㅋㅋㅋㅋㅋㅋㅋㅋ
6165878,팤튜렁 네이놈!!!!!!
6166466,진짜 악귀네
6166774,팤재앙
6166957,랜뽑10데스 장인
6167329,쥐북공정
6167351,갈라치기의 왕
6167526,ㅁㅊ인재
6167741,ㅋㅋㅋㅋㅋㅋㅋㅋㅋ
6167853,{:d_52:}
6167886,팍재인
6167955,진짜 안좋은건 다엮이네
6168116,커리어하이ㅋㅋㅋㅋ
6168212,{:d_126:}
6168313,{:d_126:}
6168378,갈라치기의 왕
6168487,"서포터 다 접게만들기, 물쥐한테 다 덮어씌우기"
6168845,탑 10데스는 어쩔 수 없어
6168935,하나하나 주옥같네
6169284,ㅋㅋㅋㅋㅋㅋㅋㅋㅋㅋㅋㅋㅋㅋㅋㅋㅋ
6169563,사람아니야...
6169744,갈치거인.........
6170205,그냥 아주 망나니가 따로 없네요?
6170493,...?
6171863,매튜렁 다음가는 재앙이긴ㄴ하네 ㅋㅋㅋㅋㅋㅋㅋㅋ
6171952,팀 수어사이드
6171961,원래 인장가요?
6172460,그사람이 노캠도 유행시킴
6172473,랜뽑?
6172494,전과가 많네
6172643,악질문화의 공장
6173644,가락은 욕좀 먹어도 된다
6173708,ㅋㅋㅋㅋㅋㅋㅋㅋㅋㅋㅋㅋㅋㅋㅋㅋㅋㅋㅋㅋㅋㅋㅋㅋㅋㅋㅋㅋㅋ
6174486,뭣
6175032,왜죽여요
6176368,신튜렁의 오른팔
6176483,왜이딴거하고있냐
6178487,랜뽑유행시킨건 진짜라는거임
6178929,서포터는 같이했잖아
6179303,도구론은 물쥐가했잖아요
6179706,팤튜렁
6180112,< 티모원딜
6181920,이러면 도란링 산 거랑 똑같음
6183510,랜뽑하고 당당하는거임
6187196,증바람할떄 랜뽑해야겠다
6187356,징징거인과 갈치거인
6193573,서포터니까는 물쥐님이 하신거 아닌가요
6194582,그가 매칭주작을 의심합니다
6194890,흠..
6195193,파카는 얼공하면 밖에 못돌아다닌다는 말이 있지
6196228,낫밷
6196254,뷁꺲꿇긠
6196292,흠
6196422,파카떄매 증바람 랜뽑충 개많아짐
6196512,파카 폰 뒤지면 메튜렁 번호나올듯
6197843,?
6198033,옹?
6198189,?
6199363,??
6200217,음?
6200314,플안써도 살앗을거같은데
6200819,이게 맞아?
6200918,오옹??????
6201049,?
6201718,어?
6202677,블츠석나감
6202815,엥
6202912,ㅋㅋㅋㅋㅋㅋㅋㅋ
6203112,? 뭐함
6203518,엥
6203968,라인전이..
6204104,ㄱ-
6204571,zz
6204656,개무무한테 당했네
6204701,ㅋ
6204912,?
6205125,이건 좀
6205183,ㅋㅋㅋㅋ
6205258,라인전 뿜
6205527,ㅋㅋㅋㅋㅋㅋㅋㅋㅋㅋ
6205734,음?
6205756,엄
6206252,같이맞기
6207309,엥?
6207310,ㅈㅈ
6207363,라인전이......
6207744,에?
6208427,라인전 망했네
6208478,라인전 ㅈㅈ
6209091,조졌는데요?
6210112,바텀 끝
6211143,개손해
6211618,줴줴이야
6212848,엉?
6213182,15 한번 칠때 됐는데
6214190,블리츠 기본스킨만큼 무서운건 없다
6214821,랜뽑하자
6216044,랜뽑하죠?
6217389,옹?
6218616,미드도 손해인가
6221916,ㅣ렙 실명
6222132,15 ㄱㄱ
6223091,누가 보면 치속 든줄
6223194,15
6223253,블리츠는 텔을 들고있었다는거임..
6224590,랜뽑할까요?
6224920,ㄲㅂ
6225499,오옹? 물괴님
6225909,티모 지금 매혹스킬 장착됨
6226327,ㅋㅋㅋㅋㅋㅋㅋ
6228329,?
6228938,어
6229119,팅겻다 ㅋㅋㅋㅋㅋㅋㅋㅋㅋㅋ
6229649,?
6229702,어?
6230980,헉
6231575,엥 진짜네
6231635,?
6231852,ㅋㅋㅋㅋㅋㅋㅋㅋㅋㅋㅋㅋㅋㅋㅋㅋ
6232316,?
6232331,진짜 팅ㄱ미 ㅋㅋㅋㅋㅋㅋㅋㅋㅋㅋㅋㅋ
6232574,드가자 ㅋㅋㅋ
6232751,ㅋㅋㅋㅋㅋㅋㅋ
6232828,어?
6233016,?
6233363,미라클
6234262,어?
6234269,??
6234337,와ㅋㅋㅋㅋㅋㅋ
6234369,오? 야미
6234945,ㅋㅋㅋㅋㅋㅋㅋㅋㅋㅋㅋㅋㅋㅋ
6234948,?
6235025,어?
6236468,습박 ㅋㅋㅋㅋㅋㅋㅋㅋㅋ
6236537,샀네
6236583,?
6236646,ㅂㅅ연기가 아니라 진짜 ㅂㅅ이었잖아
6236682,아
6236838,????????????
6236863,엥?
6236879,?
6237024,ㅋㅋㅋㅋㅋㅋㅋㅋㅋㅋㅋㅋ
6237353,아닌데?
6237594,?
6237791,?
6237862,???
6237989,음?
6238171,뭐해
6238394,진이 퍼블 ㅋㅋ
6238530,신튜렁 ㅋㅋㅋ
6239232,신 튜 렁
6239278,ㅋㅋㅋㅋㅋㅋㅋㅋㅋ
6239650,손해인데 ㅋㅋ
6239751,퍼블은 건실한 진이 가져갑니다
6239881,ㅋㅋㅋㅋㅋㅋㅋㅋㅋㅋㅋㅋ
6239960,ㅋㅋㅋ
6240078,극한의 신병연기;;
6240339,어어
6240557,어라?
6240701,블츠 소리쳤다 방금
6240897,??????ㅋㅋㅋㅋㅋㅋㅋㅋㅋㅋ
6241153,진짠대?
6241362,엥
6241401,?
6241545,어
6241584,죽었다
6242337,"팅겼는데 뒤진 블츠는,,?"
6242368,네?
6242437,ㅋㅋㅋㅋㅋㅋㅋ
6242439,블리츠는 뭐야 ㅋㅋㅋㅋ
6242440,어라
6242459,원딜차이
6242538,ㅋㅋㅋㅋㅋㅋㅋㅋㅋㅋㅋㅋㅋ
6243491,근데 이득이 아닌데?
6243522,?
6243630,어어
6243772,개못해 ㅋㅋ
6244511,야다
6245012,왜 계속 싸움..>??
6245083,?
6245222,2:1 지기 ㅋㅋ
6245318,연기가 아니엿다?
6245547,에
6245563,ㅄ
6245590,엥.........
6245700,?
6245746,아예?
6245892,????????????
6245992,ㄹㅈㄷ
6246024,캬
6246259,와
6246325,개손해 ㅋㅋㅋㅋ
6246356,음 ㅋㅋ
6246359,?
6246827,머냐
6246837,ㄱ-
6246930,?
6247141,ㅋㅋㅋㅋㅋㅋㅋㅋㅋㅋㅋㅋㅋㅋ
6247195,야다...
6247451,?
6247462,ㅋㅋㅋㅋㅋ
6247484,이게 진
6247534,???
6247597,ㅋㅋㅋㅋㅋㅋㅋㅋㅋㅋㅋㅋㅋ
6247665,ㅇㄷㅊㅇ
6247701,레전드 ㅋㅋ
6247903,엄
6247914,대 무 무
6248078,..?
6248107,q평 굿 ㄷㄷ
6248114,2:1을..
6248156,음?????
6248219,?????????????????????????????????????
6248394,?
6248458,ㅋㅋㅋㅋㅋㅋㅋㅋㅋㅋㅋㅋㅋㅋㅋㅋㅋㅋㅋㅋㅋㅋㅋㅋㅋㅋㅋㅋㅋㅋㅋㅋㅋㅋㅋㅋㅋㅋㅋ
6248472,ㅋㅋㅋㅋㅋㅋㅋㅋㅋㅋㅋㅋㅋㅋㅋㅋㅋㅋㅋㅋㅋㅋㅋㅋㅋㅋㅋ
6248557,블츠개빡쳤다
6248665,ㅋㅋㅋㅋㅋㅋㅋㅋ
6248696,2대1 지기 ㅋㅋㅋㅋㅋㅋㅋㅋㅋ
6248827,흠
6249071,?
6249194,엥....
6249353,튕겻는데도 지네 ㅋㅋㅋㅋㅋ
6249476,ㅋㅋㅋㅋㅋ
6249716,1대2 지기 ㅋㅋㅋㅋ
6249957,개못해 ㅋㅋ
6250000,원딜차이
6250008,엥
6250047,한명 팅겻는데 짐 ㅋㅋㅋㅋㅋㅋㅋㅋㅋㅋㅋㅋㅋㅋㅋㅋㅋㅋㅋㅋㅋㅋㅋㅋㅋ
6250096,블츠도  튕겼나봐요
6250138,실화냐
6250140,원딜 뭐해
6250153,티모 진짜 구리다 ㅋㅋ
6250164,쯧
6250187,원딜 차이
6250206,진은 플 왜쓰냐
6250322,엥 ?
6250339,튕겨도 지네
6250354,진짜튕김 ㅋㅋㅋㅋㅋㅋㅋㅋㅋㅋㅋㅋㅋㅋ
6250491,원딜 차이
6250594,티모원딜을 진짜하네
6250630,와..
6250888,ㅋㅋㅋㅋㅋㅋㅋ
6251086,아니 이건 좀
6251121,튕긴 아무무 vs 안튕긴 블츠 ㅋㅋㅋㅋㅋㅋㅋㅋㅋㅋㅋㅋㅋㅋㅋ
6251311,블츠 개 화났다
6251339,팅겼는데 지네 레전드 ㅋㅋㅋㅋ
6251497,튕긴척 지리네
6251527,걍 진 때리지
6251540,엥
6251731,2:1 지기 뭐냐
6251769,노린거네 아무무
6251930,엄..
6252215,"와,,,,"
6252238,팅겨도 지노 ㅋㅋ
6252246,팅겼는데도 져?
6252289,???????????????????????????????????????????????
6252362,ㅋㅋㅋㅋㅋㅋ
6252390,진짜 집중안하지
6252612,티모원딜같은거하니까.ㄱ 그렇지
6252673,원딜차이 야야야
6252899,ㅋㅋㅋㅋㅋㅋㅋㅋ
6254104,진짜네
6254246,이왜진;
6254293,ㅋㅋㅋㅋㅋㅋㅋㅋ
6254394,개손핸데
6254519,진짜였네
6254623,그냥 둘이서 같이 진만 팼어도 ㅋㅋㅋ
6254704,어디까지 본거냐 아무무
6254864,튕겨도 바텀 패배 ㅋㅋㅋㅋㅋㅋㅋㅋㅋㅋㅋㅋㅋㅋㅋㅋㅋㅋㅋㅋㅋㅋㅋㅋㅋㅋㅋㅋㅋㅋㅋㅋㅋㅋㅋㅋㅋㅋㅋㅋㅋㅋㅋㅋㅋㅋㅋㅋㅋㅋㅋㅋㅋㅋㅋㅋㅋㅋㅋㅋㅋㅋㅋㅋㅋㅋㅋㅋㅋ
6255049,? 진짜 뭐함?????????
6255184,당황스럽긴 하네
6255356,....
6255369,ㅇㄷㅊㅇ
6255507,??????????????????..
6255625,./..
6255661,와 튕긴척 메소드 ㄷㄷㄷㄷ
6255717,...
6255874,다시하기 ㅋㅋㅋ
6256058,튕긴애 데리고 라인전진거 실화에요
6256114,...
6256118,진짜일까
6256562,2대1을 지네 ㅋㅋㅋ
6256784,다시하기?
6257351,진때렷으면 이겻다 ㅋㅋ
6257549,./ ..
6257624,흠............
6257904,잠수로 2킬먹기 ㅋㅋㅋㅋㅋㅋㅋㅋㅋㅋㅋ
6257967,./...
6258142,진 때리지
6258330,./...
6258380,"떠먹여줘도,,,,"
6258424,집중해라
6258550,였삼
6258640,나도 연기인줄
6258650,설계지린다 ;;;;
6258843,이걸낚엿네
6258977,소 물 쥐
6259041,....
6259166,./..
6259883,ㅋㅋㅋㅋㅋㅋㅋㅋㅋㅋㅋㅋㅋㅋㅋㅋㅋㅋㅋㅋㅋㅋㅋㅋㅋㅋㅋㅋㅋㅋㅋㅋㅋㅋㅋㅋㅋㅋㅋㅋㅋ
6260186,./..
6260846,아무무 라인전 잘하네요 ~~~~
6260964,다시하기잖아 이러면
6261095,./..
6261564,./...
6261674,이게 설계한거라고? 미쳣다 저사람은 프로다
6261901,ㄹㅇ ㅋㅋ
6262718,제발 다시하기
6263575,진떄렷으면 이겻는데 ㅋㅋ
6264557,튕겨도 지네 ㅋㅋㅋㅋㅋㅋㅋㅋㅋㅋㅋㅋㅋㅋㅋㅋㅋㅋㅋ
6264761,소물쥐
6264895,ㅋㅋㅋㅋㅋㅋㅋㅋㅋㅋㅋㅋㅋ
6264938,이사람 왜 이렇게 던지나요
6265048,잠수하고 2킬 먹기
6265332,ㄹㅇ ㅋㅋ
6265420,블츠 피눈물 흘림
6265484,ㅇㅈ
6265616,신병연기
6266746,../..
6266802,이러면 원딜차이인데..
6266851,ㄹㅇㄹㅇ
6266864,튕긴 아무무로 산 티모잡기
6266926,롤의신 ㄷㄷㄷ
6267099,팅긴연기를왜함
6267516,바매씹ㅋㅋ
6267632,제라스 섰네
6267816,다시하기네
6268428,근가
6268487,설계네
6269478,./..
6271077,./.....
6271497,ㅂㅅ연기ㅋㅋㅋ
6271550,2ㄷ1을 지네
6272632,안튕겼다는거임ㄷㄷ
6273050,디아블인ㄴ듯 ㅇㅇ
6274099,ㄹㅇ
6275048,ㅋㅋㅋㅋㅋㅋㅋㅋ
6275093,ㅋㅋㅋㅋㅋㅋㅋㅋ
6275310,야 근데 이롬 호잰데?
6275633,이거까지 본거네
6275809,아무무 안돌아오는데
6277488,이건 서폿차이임 우리 블츠는 왜 저런 연기 못하는건데
6279470,다시 걸어오면 ㄹㅇ 소름
6281296,끌면지는각이긴햇음 ㅋㅋ
6282419,ㅇㅈ
6284665,스킬 안쓰고 원딜 2킬 먹이기
6284703,ㅇㅈ
6285900,엄
6286163,?..
6286405,뿌직..
6287781,ㅈㅈ
6288033,끌리고 가만히 있어도 이긴다는 판단 ㄷㄷ
6288517,./..
6288897,다시하기
6289721,?
6289832,엥?
6290172,15
6290418,경험치가 더 중요해
6290517,엄
6290911,?????????
6291044,엥
6291296,?
6291305,뿌지지직...
6291734,{:d_126:}{:d_126:}
6292385,음?
6292529,미드탑솔킬 습박
6292687,./..
6292713,전라인솔킬 ㅋㅋ
6293165,신 튜 렁
6294620,전라인 비상
6294624,ㅇㅇ
6294780,???????????????????????????;;;
6295123,ㄹㅇ
6296949,?
6297772,4대5야 천천히해
6298429,피도없어
6300688,그에게 절망을 보여줘
6302094,티모 버프됨?
6302867,바텀미드탑 솔킬 야다..
6303897,천천히
6303937,무무 안오는데?
6303969,라인 ㄱㅊ은데
6304718,티모 원딜 괜찮음?
6307044,Ai한테도 지노 ㅋㅋ
6307278,진짜 팀운은 이거이거
6308772,그...아무무안오나?
6309652,아무무야 오냐?
6311404,제라스 후회중
6313479,제라스님?
6315081,그냥 버티기만해도 이긴다고
6315290,아무무 안오네
6315383,제라스 ㄷㄷㄷ
6315665,다시하기임??
6316185,ㅋㅋ 야지주기
6316408,스태틱만 나오면 갑자기 좋아짐
6316700,후회막심
6318014,지금 바텀조합이 티모블츠인데 빡겜이라도 해란말이냐
6318220,안은우 없다 ㅅㄱ링
6319038,ㅋㅋㅋㅋㅋㅋ
6319978,아무무 안오는데
6320623,얌마 그런건 속으로만 생각해
6322823,ㅅㅂ다 어디감
6323751,라스군...
6324499,킹시하기
6324538,근데 초반에 나가면 다시하기아닌가?
6324742,ㅋㅋ
6326908,뛰지말지ㅋ
6327187,{:d_106:}{:d_106:}{:d_106:}{:d_106:}
6328981,이러면 ㄴㅇㅅ
6329309,어 티모다
6329714,물쥐코는 오늘도 돋보이는구나
6330125,캬
6330300,점수가 ㅋㅋ
6330960,으흐흐
6331155,/다시하기
6331339,ㅋㅋㅋㅋ
6331691,맛잇다
6331809,야미긴 한데 ㅋㅋ
6332699,ㅋㅋㅋㅋㅋㅋㅋㅋ
6332877,ㅋㅋㅋㅋㅋㅋㅋㅋㅋㅋㅋㅋ
6332893,ㅋㅋㅋㅋㅋㅋㅋㅋㅋㅋ
6333052,ㅋㅋㅋㅋㅋㅋㅋㅋㅋㅋ
6334659,{:d_106:}{:d_106:}{:d_106:}{:d_106:}{:d_106:}
6334847,일루와잇
6335966,조아용
6336402,3분 넘으면 다시하기 아님
6337234,ㅋㅋㅋ
6337274,진 눈물 흘리는 중 ㅋㅋㅋㅋㅋ
6339194,적팀도 손해없음
6339244,무무 안보인다 ㅋㅋ
6340706,안온다 ㅋㅋㅋㅋㅋㅋㅋㅋㅋㅋㅋㅋㅋ
6342137,지금 들어와도 스노우볼은 굴러가요~
6342218,이런식으로 점수올리지마라 물쥐야
6343422,3분넘었네? ㅋㅋ
6345098,{:d_94:}{:d_94:}{:d_94:}{:d_94:}{:d_94:}{:d_94:}{:d_94:}
6345254,진 일루와잇
6347122,다시하기 안 하네
6348083,협곡도 아수라장이 나왔군요
6351743,어흑
6352585,무무 암살로 점수올리기 ㄷㄷ
6353361,물쥐님 아무무 사온거야?
6354986,초반 2킬먹고 오열하는 원딜이 잇다
6355779,26분 뒤: 와 아무무 팅겼다가 들어왔는데 이걸 지네
6358976,물쥐햄 샀어 ?
6363479,내가 무무집 두꺼비집 내렸다
6366554,날카로웠는데
6366643,굳
6367547,Q 맞으면 CS못먹네 상대 ㅋㅋ
6367657,nt
6368501,nt
6369480,블츠 커엽
6371748,예전 승부욕이 강했던 괴물쥐라면 이런 승리는 거부했을텐데 이젠 점수에 목말라서 좋아하는구나...
6375871,상대 서폿 나감?
6376318,많이유해졋네 이사람
6377803,이걸 계속하내
6378371,물쥐님은 티모모자 안쓰시나요
6380529,물쥐야 이렇게까지 점수올려야겠냐
6381629,아무무 갑자기 왜 나간거지
6383374,상대서포터 어디갔나요 ?
6383450,초옥
6385631,무 어게인
6389395,왓다
6389802,뭐야 왓네
6390144,아 왔다
6390268,아
6391146,망햇다
6391226,1렙무무~
6391464,무어게인 ㅋㅋ
6391972,무 어게인
6393275,아무무 버그임?
6393751,무무1렙인데
6394013,어어
6395491,극적인등장 ㅋㅋ
6396003,오
6396277,오
6396979,ㅋㅋ
6397804,ㅁㅊ
6398955,아니 이게 설계였다고?
6399162,1렙 ㅋㅋ
6400836,아
6401342,그래도 살았ㄴ에
6401629,아무무 ㅋㅋㅋㅋ
6402411,아무무 타이밍 좋게오네 ㅋㅋ
6403224,졌는데요 이럼?
6403274,아무무 설계봐라
6403530,ㅋㅋㅋㅋ
6404198,ㅋㅋㅋㅋㅋ
6404494,1렙 뭐죠
6405139,영 웅 등 장
6405226,무무야 한번더
6405465,1렙인데?ㅋㅋ
6405919,1랩 레전드 ㅋㅋㅋㅋ
6405942,심리전 뭐임
6407263,엄 어게인
6407511,1
6407926,진짜 반품 될뻔했다가 다 시온 아무무 네
6409130,티모 원딜 진짜예요?
6410230,허겁지겁 왔네 ㅋㅋㅋ
6410770,?
6411716,무무 개 ㅈ밥같이 생겻네
6411849,ㅋㅋㅋㅋㅋㅋㅋㅋㅋ
6413184,음?
6413493,야미
6413602,ㅋㅋㅋㅋㅋ
6413926,야미
6414270,야미 ㅋㅋ
6414390,어디 도구가
6415968,야지줘
6416017,저걸 치네 ㅋㅋ
6417312,야미
6417721,아까 짜증낫나봐
6418574,그게 왜 니 와드야
6419999,ㅋㅋ
6420154,블츠도 먹고 살아야죠
6421696,야미가 아니라 애미지
6425287,서폿도 좀 먹자
6426682,?
6427893,애미ㅇㅈㄹㅋㅋ
6429521,같이먹구살장
6429562,블리츠 보단 요즘 쓰레쉬가 더 낳지않음?
6429772,던무무임?
6430085,티모 상향먹었나요?
6430857,티모 원딜 뭐예요?
6432683,아무무 설계엿네 믿힌..
6435547,"""알아"""
6437841,물쥐님 왜 미니언 때릴 때마다 물리 5뎀이 추가로 떠요?
6439080,정당한 승부가 하고싶은 블츠
6440014,스태틱 티모원딜 이거못막습니다
6442653,티모 너프아님?
6445531,ㅇㅇ
6445547,{:d_126:}
6446261,진으로 버섯 언제 다깔래?
6448336,뛰는거봐
6448964,너프인데 티가안남
6449315,티모너프 이미 됏음?
6450162,그냥하는거
6450968,아니근데 성격 왤캐 유해졌냐
6452976,유튭 촬영용입니다
6458380,물쥐도 30중반이야
6462014,물쥐도 30이ㅏ야..
6462346,ㅇ
6463485,굳
6463495,늙어서..
6464726,티모 후반 좋음
6465125,이거 사거리 긴 애들 나오면 힘들거같은데
6466296,나이들더니 에겐댐
6467716,물쥐님 티모 몇판째신가요..?
6470469,티모ㄹㅇ좋음
6471402,물쥐도 개쳐늙포티야
6472841,ㅋㅋㅋㅋㅋㅋㅋㅋㅋ
6472956,리그오브스태틱됨?
6473318,물쥐 곧 40인데 유해지지
6474821,ㅋㅋㅋㅋㅋㅋㅋㅋㅋㅋㅋㅋㅋ
6475026,맞지
6475101,ㄹㅇ
6475944,병원가자
6475950,ㅋㅋㅋㅋㅋㅋ 매튜렁의 축복
6476876,근데 원딜티모라고 해서 솔AP 줄 필요까진 없죠?
6476951,그냥 재밌는거 하는거에요~
6477181,깨달았구나...
6477418,티모로 캐틀도 이겼습니다
6478704,유튭각 나올때까지 찍나요?
6479311,신 튜 렁
6479770,그냥 즐겨
6479940,ㄹㅇㅋㅋ
6480783,방금 들어왔는데 혹시 탑 키아나 때문에 티모 하신거?
6481161,파카를 보고 배웟구나
6481342,눈을 떴구나
6481614,본인의 과거를 평가절하하는
6481743,{:d_126:}
6483609,ㄹㅇ 간절한 새끼가 병신됨 ㅋㅋ
6483697,즐기는게맞아
6484253,gg ㅋㅋ
6484587,뭐야 물쥐님 30살이었어요?? 20대인줄알았는데
6484695,그걸 이제
6485071,1티어
6485353,괴물쥐 너마저..
6485967,부처의 깨달음
6486261,이번 시즌은 그래도 됨 ㅇㅇ
6488257,깨달앗냐
6488402,!티어
6489112,신튜렁의 보은
6489417,지금 시스템이 잘하는 인간은 주변팀원을 못하는사람과 매칭시켜주고
6492807,그걸 14년지나서 알다니
6492953,오
6493158,ㅋㅋㅋㅋㅋㅋㅋㅋㅋㅋㅋㅋㅋㅋㅋ
6493270,와
6493392,오
6493758,와 제라스
6493985,오
6494020,ㅋㅋㅋㅋㅋㅋㅋㅋㅋㅋㅋㅋㅋㅋㅋㅋㅋㅋ
6494075,ㅋㅋㅋ
6494094,오
6494153,오
6494396,캬
6494451,전판 사일 이겼어요?
6494485,오
6494609,호우
6494632,비디디?
6494727,캬
6494857,아무무 다 설계네 와
6495108,와우
6495153,ㄷㄷ
6495194,와우
6495244,와
6495273,지라사ㅡ
6495501,무무 2렙 머고
6495831,헬퍼임?
6495846,신 라 스
6496064,비디디임?
6496909,무무 2렙 모에요?
6497031,지렸다
6497080,오줌 좀 싸네
6497126,이번시즌만인가요?
6497772,2렙 무무 개웃기네
6497926,ㅋㅋㅋㅋㅋㅋㅋㅋ
6497929,무무 렙이 너무 낮아 ㅋㅋ
6498030,뭔딜이야
6498464,새잘하네
6498510,2렙 무무 존나 물렁하네
6498982,무무는 왜 2랩임?
6499063,캬
6499087,오줌 발싸~~~
6499279,2렙뭐임?
6499451,파리 좀 맞추는놈인가
6499545,못하는사람들은 잘하는사람들이같은팀원 잡아주는 시스템이였던가
6500128,무무 2렙은 뭐임
6500405,젊네
6500547,지렷다
6500760,제발 내입에
6501045,아무무 2렙은 뭐임 ㅋㅋㅋㅋㅋㅋㅋㅋ
6501073,제대로 오줌쟁인데?
6501929,네?
6502106,유튭썸넬에 티모얼굴에 물쥐 박혀있겠네
6504230,지라스
6505458,제라스 지코임?
6505721,움직임이 다 예상이 갑니다
6505809,그래도 마스터 중상위인데 머
6506199,나 똥좀 싸는데
6506732,파리 적중률 100%
6508847,슈퍼오쥼
6510704,아무무 어디가지 설계임?
6511004,다 예상이됩니다~
6511134,물쥐님 롤체는 안하세용
6512225,oh
6518171,물쥐님 티모할때는 모모체 써주세요
6520370,안합니다
6520604,안한다고
6521664,롤체견 아직도 안뒤졌어?
6522123,진이랑 카이팅 싸움이 되나
6523266,어으
6523552,티모원딜 좋음?
6523708,티모원딜왜하은거
6524268,팔이 짧아서
6526784,티모는 요네같은거지
6527445,람머스 서폿하면서 결국 이기고 게임이 쉽다 쉬워 채팅치던 친구가 생각나네요 괴물쥐 화이팅
6527539,티모 원딜은 또 뭔 메타고 ㅋㅋ
6527636,{:d_19:}{:d_19:}{:d_19:}
6528548,ㅋㅋㅋㅋㅋㅋㅋㅋ
6529036,아오모
6529966,앙
6531863,ㅈㄴ얼빵하네
6532964,발음뭐임?
6534267,{:d_19:}{:d_19:}{:d_19:}
6537793,재밌으니까
6538141,전판 이김?
6538555,음?
6541049,?
6542825,어
6545506,?
6546088,ㅋㅋㅋㅋㅋㅋㅋ
6546646,정화빨리쓰지
6546667,커튼콜
6546769,이미 나간 투사체엔 적용 안됨
6546972,진6
6549899,정화 왜안씀
6550885,음?
6553038,엄
6553193,아
6553350,음음????????
6553457,ㅋㅋㅋㅋㅋㅋㅋㅋㅋㅋㅋㅋㅋㅋ
6553912,ㅋㅋㅋㅋㅋㅋㅋ
6553980,아..
6554106,ㅈㅈ
6554575,흐아ㅏㅏㅏ
6554637,ㅋㅋㅋㅋㅋㅋㅋㅋㅋㅋㅋ
6554767,개잘맞추네
6554772,ㄱ-
6555081,정화 안쓴 죄
6555281,ㅋㅋㅋㅋㅋㅋㅋㅋㅋㅋㅋㅋㅋㅋㅋㅋ
6555308,ㅋㅋㅋㅋㅋㅋ
6555412,15
6555582,ㅋㅋㅋㅋㅋㅋㅋㅋㅋ
6555665,진이 사거리 더 길어서
6555727,{:d_44:}{:d_44:}{:d_44:}
6555747,진 군필이네
6555888,ㅃㅈ
6556037,ㅋㅋㅋㅋㅋㅋㅋㅋㅋㅋㅋㅋㅋㅋㅋㅋㅋㅋㅋㅋㅋ
6556073,줴줴이야
6556120,붐
6556260,흐에악
6556280,ㅋㅋㅋㅋㅋㅋㅋㅋㅋㅋ
6556403,컽
6556591,음?
6556703,엥
6556754,dja
6556965,엄
6557018,아..
6557195,비상
6557519,오소리 머리 따잇
6557787,정화 ㅠ
6558512,군필이다
6559004,ㅇㄷㅊㅇ
6559277,diek
6559415,블리츠오열 ㅋㅋㅋ
6559567,바텀 연쇄 살인사건 ㅠㅠ
6560203,줴~~~~~~~줴
6560285,ㅋㅋㅋㅋㅋㅋ
6560392,김나오네
6561173,야다
6561389,ㅈㅈㅈ
6561636,gg
6562180,현역진
6562321,늦어서
6562461,군필이네
6562570,{:monsMonsLaungh:}{:monsMonsLaungh:}{:monsMonsLaungh:}
6562923,군필ㅈ ㅣㄴ
6563210,탈주 무무한테 진다고?
6563716,ㄱ-
6564144,ㅈㅈ
6564798,군필진 ㄷㄷ
6565237,만발사수 만났다 ㅈㅈ
6565375,걍 아무무가 승리를 위한 단 하나의 플랜을 설계한 거임 이거 안 돼
6565417,실명 싸움 진이 더 유리함
6565426,딜레이 있어요
6565574,이미 쐈잖아
6566627,진아까부터 개잘하네
6567265,진 특급전사네
6569211,사일정글판 이김?
6569325,특등사수인데
6569774,실명 쏘기전에 4타가 먼저 날아감
6571281,진 4타가 제일빠름
6573812,진이 먼저쏨
6574947,발사 당시로 치나봄?
6575556,쐈으면 실명 안되지
6575906,ㅇㅉㄹㄱ
6575933,짐
6575981,4타 ㅈㄴ빨라서?
6576398,총알이 이미 나갔어
6576881,진4타 개빠름
6576905,총이잖아
6578639,투사체 속도가 다름
6579196,리신은 실명안당함?
6579431,사거리 차이때매 속도차이나나
6580345,그렇게 생각하면 안됨
6580592,와 드디어 원딜을 보게되네
6581084,no die
6581568,총이 느리겠냐?
6581653,물리적으로 안될만하네
6581729,쏘기전에 했어야함
6582417,실명 원래 됨
6583110,투사체속도차이
6583214,노다이
6584166,노다이
6585218,총알이 먼저나갔는데 ㄱ-
6585821,괴물쥐 진 잘하네
6585921,총이 독침보다 빠르지 임마
6586439,550이상의 거리에서 실명걸면 실명 안걸림
6586539,ㄱㅅ
6589737,렝가: 그만쳐뒤져라
6589808,총이 더 빠른듯
6591414,실명 맞기전 평타는 맞아요
6591583,늦게 친거임
6592172,총 vs 독침
6593200,진 4타 투사체 속도 제일빠른판정일걸?
6595232,총알이 독침보다 빨라
6596951,ㅇ
6598110,no die
6599788,깐깐
6601527,이미 총알이 나갔는데ㅇㅇ
6603518,명훈 설치
6604646,아무래도 입으로 부는독침보단 총이빠르지
6607014,ㅅㅅ
6607322,조준하고 쏜다음 실명하면 의미가없지
6609442,투사체 속도가 아니라 550 최대거리에서 쏘면 실명이 늦음
6611266,고양이대 고양이
6611856,상체 잘하네
6616849,고양이 하악질 ㄷㄷ
6617216,렝가 한끼식사들이긴해
6619411,퐁퐁검 렝가
6621068,렝가 고양이임?
6623536,렝가 니달리 제라스 티모 어제랑 똑같네 ㅋㅋ
6623757,렝가 잘크면 진은 그냥 도시락이지
6624440,원래 달리가 렝가 절대못이김
6625569,불닭 먹으면서 티모원딜 보는게 불금이지
6626482,렝가 영양간식
6627637,ㅋㅋㅋㅋㅋㅋㅋㅋㅋㅋ
6628641,ㅋㅋㅋㅋㅋㅋㅋㅋ
6632607,실명 싸움 하지마
6633302,ㅋㅋㅋㅋ욕 찰지노
6635257,침이 총보다 느리지
6635813,티모 좋아요 ??
6641063,진 하고는 힘든 것 같넹
6642173,저건 총이라고
6642314,야다
6643402,뿌직
6643474,ㅋㅋㅋㅋㅋㅋㅋㅋㅋ
6644057,엄
6644366,사거리 50차이로 카이팅 잘하네
6644434,음?
6645942,어림없는 슛
6648811,ㅋㅋㅋㅋㅋㅋ
6651718,티모 q 속도 개느렸던 시절이 있는데
6653279,ㄹㅇ
6654534,진짜 벌레같다
6655713,라인봐래
6656529,ㅇㅇ
6658360,?
6658946,물쥐님 7렙증강노려보죠
6660527,사거리 50이면 1티모미터라서 은근히 큼
6662678,티모 개쓸모없네
6662757,ㅋㅋㅋㅋ
6663473,망했네 라인
6663764,ㅠㅠ
6665119,엄..
6668971,망했네
6678298,유기당함?
6680214,{:monsMonsSad:}{:monsMonsSad:}{:monsMonsSad:}
6680703,라인 습박
6681688,ㅋㅋㅋㅋㅋㅋ
6682833,유기
6683812,안와
6684796,유기
6686409,"블츠는 어디간거죠,,,,,,,,,,"
6686603,오겠냐고
6687539,라인 지옥이네
6688073,블츠 바텀버림?
6689563,"""알아"""
6690189,ㅠㅠ
6690202,티모라서그런가 라인전 진짜 똥내나네
6691594,ㅋㅋ
6693131,버릴만 해
6694756,그야...
6695194,딱 보고 판단을 잘 한거지
6695401,어디갓냐 ㅋㅋㅋ
6696073,티모라
6696257,그럴만해
6696295,쥐마유시
6696862,버릴만했지 ㅋㅋ
6697854,버릴만 했나요
6698005,버림받은 존재
6698260,왜 버렸는지 알거 같아요
6698700,나 같아도 버림
6699588,버릴만 하다고 생각하잖아
6701272,나같아도 티모 원딜이면...
6703077,스태틱뽑으면
6703350,티모 원딜하네 조회수 달달하겠다
6704781,진 요즘 흡혈신가나
6705109,블츠 싸가지 없노
6705640,솔직히 블츠로선 ..
6706641,블츠:꺼지쇼
6706713,버릴만해
6710591,저게 굴리기 개좋음
6710733,진도 흡신가네
6711878,잘컸을떄
6712239,락폭검 좋음 요새?
6712516,스태틱 독뎀 방지?
6712767,진은 걍 닌타비가낫지않나
6712880,진은 그래도 신속신이 낫지않나
6714644,없는피흡 채우기 좋음 저거
6715441,키아나 렝가인데
6716153,이럴꺼면  탑가
6717249,진은 버디버디가지않나
6719337,저거 걍 적금임
6722430,근데 요들애들은 하나같이 꼴리네
6725728,타워 앞에 버섯깔고 숨어있어야되는디
6727498,?
6727836,피흡신 밸류 좋은듯
6729271,티모원딜 뭐 떳나요? 좋음?
6732476,으뮹해
6734987,티모 상대로 흡신 좋아보이는데
6736533,걍 신신신으로 안맞는다는 마인드가 더 낫지않나
6739909,?
6741113,이사람왜 티모 원딜해요?
6741936,진 척추층만증있네
6742976,그러게 티모상대로 흡신 낫베드일지도
6744046,상상속의 아무무
6747255,아이고~
6747479,이분왜 티모사랑하심
6747964,블츠님?
6753718,무무 한참을 나갔다가 들어왔는데 왜이리 팽팽함...?
6755147,곡괭이는 뭐냐
6759431,모모모몸모모모모모~~
6762586,곡모
6768014,솔라인 티모는 라인전 센데
6772769,듀오라인 티모는 라인전 구데기네;
6773928,앗싸
6776164,앙기 모모모모모모모모모모띠
6777928,하수 맞잖아
6782372,<<<하수
6783147,쥐수
6783478,라인밀고 택틱 뽑아오자
6787660,블츠 몇분째 라인전중인데 1킬도 못만들어내네 ㅋㅋㅋ
6788112,겸손하자
6788181,티모는 뭐여
6789730,상상속의 아무무 당하기싫으면 해야죠뭐
6791572,머수
6791784,티모원딜 좋나요?
6794083,블츠는 안오는거임?
6794501,하수구
6796128,개모
6800360,{:d_108:}{:d_108:}{:d_108:}
6801654,아캅스 티모정도는 되야 고수제
6802872,블츠야 궁은 찍고 가라
6805226,운타라 따라하는거임?
6808587,집가라
6814457,티모 후반가도쌤?
6818603,체질이 달라져
6822770,후반왕귀가 1위급임
6823419,우승
6824515,스모
6824592,드가자~
6825637,티모 후반이좋지
6825744,나와부러쓰
6826115,티모는 1코어부터야
6826499,캬
6826981,대화가된다
6828071,행복라클시작
6829491,스태틱 모
6829847,그렇게 망했는데 cs는 똑같이 챙겼네
6830233,캬
6831160,뭔지 모르지만 캬
6831211,체질개선
6832081,레살급 템
6832233,스태틱 on
6833032,나왔다 스모
6835178,스태틱 그정도임?
6837859,마관신보다 흡혈신이 좋음?
6838201,-우승-
6841235,ㅇㅇ 그정도임
6843673,타지마~
6845406,구마유슬식
6846409,그정돈가
6849087,c4
6849995,진 흡혈신가네
6850796,구버지의 c뽀리뽀
6851075,호에
6851248,티모가 피흡 수단이 없어가
6854916,안맞으면 요우무 가는거지 뭐
6855899,어우
6857913,오우
6858047,어흐
6858539,맞을뻔 ㅋㅋ
6858884,3코 나오면 재앙이던데
6859272,쥐르가즘
6860397,오징진만큼의 맛이없어
6861794,날카로워
6862217,티모 후반은 아무도 못말림
6863128,어흐
6866321,?
6866876,?
6867652,요우무 미만 잡이긴하지
6867899,음?
6868311,와
6868377,맞딜 할만한데?
6871036,모모모모모~
6871079,캬
6871170,오쌔네
6871416,와 쎼노 ㄷㄷ
6871857,ㅈㄴ 쎄네
6872631,딜뭐야 ㅅㅂ
6875378,티모 쎄네
6876261,티모 야호
6876649,티모 밸류는 아우솔과 동등하거나 그이상임
6878232,티모원딜 ㄹㅇ이가
6879284,딜지리긴하네
6880339,근데 깡통련은 봇을아얘안오네
6880956,ㄷㄷ
6881578,오
6883072,야미
6884632,독 다 묻은 건가 저거?
6885735,e가 스태틱에 터지네
6887727,라인클리어가 사기긴하네
6888332,^모^
6888821,버섯 벽에다 붙여깔면 못하는사람이랬는데
6890500,올라가유
6893957,깡통 근데 어디서 뭐함?
6894908,채질이 변하네 스태틱 뜨니깐
6895479,라클에 버섯써야하던 그 티모가 맞나
6896134,핑존찍
6898822,{:arisaMuyongbeam:}{:arisaMuyongbeam:}
6902756,블츠 드디어 왔네
6906141,블츠야 자주좀 와라
6907704,또간다
6911273,드디어 기어나온
6912346,오잉?
6913494,버섯 벽에다 너무 붙인다~
6913725,모모모~
6913843,바텀에서 탑을하네
6917721,근데 뭐 티모랑 라인전하면서 할게 없잖아
6919381,탑들 베인 바루스로 스트레스 받더니 티모를 바텀에 수출했네
6921029,올라가는게 맞지 ㅇㅇ
6921412,미드가서 버섯깔 생각에 벌써 흥분
6932610,2코어 뭐가요?
6937951,복실 티모를 안끼네 하
6938184,?
6939272,엄
6939834,절구통 ㅋㅋㅋ
6940969,{:d_108:}
6941583,블츠 뭐지요
6942010,매서운데
6942757,깡통아 ㅋㅋ
6944504,ㅋㅋㅋㅋ
6945134,블츠에게서 나는 진한 라꼬의 냄새
6945276,ㅋㅋ
6945369,티모 너프 체감 되나요??
6945782,아프제~
6947226,ㅋㅋㅋㅋㅋㅋㅋ
6947287,어어
6947739,따꼼하제
6948039,절구통 유압프렛 마렵네 ㅇㅇ;;
6948358,호신용 그랩 모르나
6949081,ㅋㅋㅋㅋㅋㅋㅋㅋ
6950232,캬
6950983,{:d_254:}{:d_264:}{:d_254:}{:d_264:}
6951265,따끔해요~
6951964,버섯왕국 ㅋㅋ
6952315,덫 대 덫
6954977,ㅋㅋㅋ
6958469,스킬샷들 보소
6959767,용방이구나
6959854,스태틱이 다른건다좋은데 궁맛이 좀약해
6960870,블츠 노마나
6961990,똥과똥
6967769,독맞자
6968610,티모 원딜 재밌겠다
6969232,응 번개딜교야
6969514,서폿 블리츠 = 99퍼 확률로 용방ㅇㅇ
6970615,ㅈㄴ증바람보는거 같네
6973454,아무무 끌면 다 뒤지는거 아님?
6977178,독묵자
6978466,김댜전 ㅋㅋ
6978488,ㅈㄴ재밋어보이네
6979381,스태틱에 치감도 터지나요?
6979493,제리 타임~
6979654,원딜 티모 지표에 뜨나?
6980412,개모하니까 얼마나 좋아
6981176,앞라인부터 해도 이길듯
6984710,챌린저에서도 티모원딜 통하나요
6989805,묵댜
6989820,스킨이 안빡치게해서 아쉽네
6990303,내가볼땐 패치한거같긴함
6991197,레드ㅡ 묵땨 ㅎㅎ
6992099,스태틱이 좋은게 버섯을 라인 클리어에 안써도 된다는게 킥임
6993052,마스터부터 용방잘안걸리던데
6993578,부포 정글이라
6993906,2코어 뭐가요?
6994383,원딜티모 너프전에 승률 55% 찍혔었음
6995445,꿀 많이빨았지
6996704,신튜렁
6997797,잠수함패치 싸대기 ㅈㄴ마려움
6998502,악성유저는 안줌
6998625,원딜 미드로 돌려야 용방 걸림
6999697,용방 폐지함?
7001203,ㅇㅇ
7001283,흡혈신이 예전 굶사 같은거에요????
7001777,좋은거아님?
7001793,용방 요즘 진짜 안주던데
7002312,부포정글이라 안걸린거같은데
7003164,원래 정글이 용방이였는데
7003784,님 매튜렁한테 찍혀서 특별관리대상임 ㅇㅇ;
7004923,넌 용방 안줘
7005745,님이 정글로 돌려서 그러는거 아님?
7006018,정글만 줫나 잡혔지
7006191,프레이가 자주씀
7007046,링버그써서그럼 ㅇㅇ
7007137,6연 정글가서 미안한듯
7008967,바닷물이 그리워진 청년
7009849,정글은근없음
7010492,서폿정글 유저가 많이져서 그런가
7011030,스태틱 레드 ㅈㄴ 맛있겠다
7011136,정글부포해서그런거아님?
7012122,부포 정글이라 그런거 아닌가
7012636,정글로 건실하게 올려야지
7014822,우이~
7016275,버섯 위치 진짜 하수다
7017315,원딜 미드로 돌리더라
7017922,서폿ㄴㅈ이라 개꿀임 ㅋㅋ
7019987,원딜미드로 돌리면 용방 잘잡힘
7023733,자기 포지션 걸려도 가끔 점수 두배로 주던데
7024562,봇 탑으로 돌려도 용방안잡힘
7034387,라클 되게좋네
7035804,스테틱에도 독 묻음???
7036381,티모 너프됬던데 쓸만함?
7037681,스모 라인클리어 진짜 개꿀이네
7039562,스태틱 ㅈㄴ 맛있네
7042054,어어어
7043001,개무무 쳐돌았지
7046307,애무무
7046484,아무무 횽
7046938,튀어잇 ㅋㅋㅋ
7046955,으어
7048009,굿
7053034,아
7053331,야다..
7054032,오라고 좀
7054842,어디가니~
7055054,저걸못먹네
7055677,이사람 유기당함?
7056629,YADA
7058680,절구통 어디감
7059289,아무무궁업슨ㄴ데 할만하지않어?
7059302,타워앞에 은신해있었다면..
7060694,터지면 오히려좋지뭐
7061043,ㅈㄴ야다
7062328,아래 3명인데 왜 11교환인거임
7063537,아오
7063598,우리블츠는 어디있냐
7065826,야다
7066820,개모는 유기해야 제맛
7068174,아군뭐함
7072272,ㅈㄱㅊㅇ
7074337,개리츠야 어디갔어
7075965,위에 3명 써서 그런거라
7078838,근데 티모입장에서도 레벨링이 낫긴함
7079849,스태틱 왜케 쎔
7085761,스테틱이 그렇게 좋음?
7088690,이거 스태틱 발리면 독도 다발림?
7088903,티모는 와인임 ㅇㅇ
7089653,ㅇㅇ
7089783,버섯ㅋㅋㅋㅋㅋㅋ
7090919,넌 못지나간다
7091343,발밑조심해~
7093385,발림 ㅇㅇ
7093888,복실 티모..
7094007,블츠는 자꾸 어디감 꺙통쉑
7096225,독발리는거 버그임?
7097099,탑티모라고 생각해
7097516,스테틱가면 버섯안써서 좋음
7097988,개좋네..
7101000,그게 맞다
7103224,미드에서 버섯박는게 사긴디
7104478,이러면 거의 탑인데? ㅋㅋ
7106351,레드도 묻네
7107621,수면 이게 맞네 > 아..
7109381,티모 레벨업은 천금가치죠
7109947,이거 진지 픽임?
7112195,{:monsShout:}
7113406,음 저걸사네?
7115979,스태틱이제 온힛 묻음?
7117045,살았네
7119252,블츠야 살아왔구나 ㅋㅋ
7119873,이러고 표독버섯티모하는거?
7121358,ㅇㅇ 스태틱 온힛
7121504,내셔안감?
7122357,흡혈신 흡혈량이 흡책 굶사 뭐에 더 가까움??
7123291,티모 좋음
7123537,티모 스태틱때문에 좋긴하던데
7130351,온힛 묻어서 짜오 티모 사기됨
7135966,티모가 원딜이 괜찮은 시대가 오내 ㅁㅊ ㅋㅋ
7136035,내셔가 티모족쇄였는데 스태틱으로 해결한거
7136758,오
7137239,한게임에 덫이 몇개여
7137845,오옹?
7137907,독붙는거 히트긴하네
7138838,오
7141801,티모 원딜이 좋은 시대가오내 ㅋㅋㅋ
7143421,이제내셔의세상이아니다
7146187,렝가 잘해?
7150113,짜오도 스태틱감?
7153415,캬
7153871,ㅋㅋㅋㅋ
7154732,앙~
7156399,은신해서 낚자
7158012,짜오도 스태틱감
7158503,ㅋㅋㅋㅋㅋㅋㅋ
7161445,너무이기면 버섯 맛도 못보고 끝나는데
7162463,스태틱에 벨트감
7162927,아직 은신은 잘 못 쓰네
7163733,개모의 버섯농장에 온걸 환영해
7166425,ㅈㄴ무섭네
7166869,ㅋㅋ
7167835,잘큰원딜이 사이드를 가?
7169911,왜욕을
7170251,ㅋㅋㅋㅋㅋㅋㅋ
7170344,여긴 내 세상이야
7170993,왜 욕을...
7171028,따끔~
7171155,왤케 약해
7171694,왜 욕을...
7173738,ㅋㅋㅋㅋㅋㅋㅋㅋㅋ
7173958,ㅋㅋㅋㅋㅋㅋ
7174516,ㅋㅋㅋㅋㅋㅋㅋㅋ
7174744,ㅋㅋㅋㅋㅋ
7174843,ㅋㅋㅋㅋㅋㅋㅋ
7174843,ㅋㅋㅋㅋㅋㅋ
7175279,덫
7177404,ㅋㅋㅋㅋㅋㅋㅋㅋ
7177428,틈으로 지나가는 줄 ㅋㅋㅋ
7177976,기뭐링
7179450,ㅋㅋㅋㅋㅋㅋㅋ
7180132,{:d_254:}{:d_265:}{:d_254:}{:d_265:}
7180408,ㅋㅋㅋㅋㅋㅋㅋㅋ
7181109,버섯 참 좋아하네ㅋㅋㅋㅋㅋㅋㅋㅋㅋ
7181852,모모모~
7181861,ㅋㅋㅋㅋㅋㅋㅋㅋㅋㅋㅋㅋㅋㅋㅋ
7182266,버섯ㅋㅋㅋㅋㅋㅋ
7182686,ㅋㅋㅋㅋㅋㅋㅋㅋㅋㅋㅋㅋㅋㅋㅋㅋㅋ
7182753,ㅋㅋㅋㅋㅋㅋㅋㅋㅋㅋㅋㅋㅋㅋㅋ
7182957,캬
7183057,따이
7183085,ㅋㅋㅋㅋㅋㅋㅋ
7183098,ㅋㅋㅋㅋㅋㅋㅋㅋㅋㅋㅋㅋㅋㅋㅋㅋㅋㅋ
7183141,ㅅㅅㅅㅅ
7183577,zzzzzzzzz
7183651,ㅋㅋㅋㅋㅋㅋㅋㅋㅋㅋㅋㅋㅋㅋㅋㅋㅋㅋㅋㅋㅋㅋㅋㅋ
7183719,진ㅋㅋㅋㅋㅋㅋㅋㅋㅋㅋㅋㅋㅋㅋ
7183752,이걸ㅋㅋㅋ
7183826,ㅋㅋㅋㅋㅋㅋㅋㅋㅋㅋㅋㅋㅋㅋㅋㅋ
7183901,ㅋㅋㅋㅋㅋㅋㅋㅋㅋㅋㅋㅋㅋㅋ
7184184,캬
7184576,ㅋㅋㅋㅋㅋㅋㅋㅋㅋㅋㅋㅋㅋㅋㅋㅋㅋㅋ
7185115,ㅋㅋㅋㅋㅋㅋㅋ
7185250,기모링
7185436,캐리
7185872,버섯 ㅋㅋㅋㅋㅋㅋ
7185880,캬
7185881,버섯 ㅋㅋㅋㅋㅋㅋㅋㅋㅋㅋ
7186214,모모모 해주세요
7186298,ㅋㅋㅋㅋㅋㅋㅋㅋㅋㅋㅋㅋㅋㅋ
7186817,캬
7186825,모모모
7187041,반갑다모~~~~~
7187167,진 ㅋㅋㅋㅋㅋㅋㅋㅋㅋㅋㅋㅋㅋㅋ
7187269,ㅋㅋㅋㅋㅋㅋㅋㅋㅋㅋㅋ
7187277,ㅋㅋㅋㅋㅋㅋㅋㅋㅋ
7187638,캐뤼
7187894,ㅋㅋㅋㅋㅋㅋㅋㅋㅋㅋㅋㅋㅋㅋㅋㅋㅋㅋㅋㅋㅋㅋㅋ
7188005,ee 뭐냐 ㅋㅋ
7188229,ㅋㄹ
7188401,{:d_19:}{:d_19:}{:d_19:}{:d_19:}
7188486,전챗 마렵네 ㅋㅋㅋㅋㅋㅋ
7188557,ㅋㅋㅋㅋㅋㅋ
7188845,나이따~ ㅋㅋ
7188883,야미ㅋㅋㅋㅋ
7188947,??
7189244,ㅈㄴ재밌겠닷ㅂ
7189827,{:d_254:}{:d_254:}{:d_254:}{:d_254:}{:d_254:}{:d_254:}
7190676,ㅋㅋㅋㅋㅋㅋㅋㅋㅋㅋㅋㅋㅋㅋㅋㅋㅋㅋㅋㅋㅋㅋㅋㅋㅋㅋㅋ
7190954,표고버섯이네ㅋㅋ
7191079,모모모~
7191121,쥐갈공명 ㅋㅋㅋ
7191417,녀석 버섯 참 좋아하네
7192534,ㅈㄴ 재밋네
7192919,킹섯 ㅋㅋㅋ
7192926,유열의 티모
7193025,잘가용~
7193352,반갑다모 ㅋㅋ
7193668,ㅋㅋㅋㅋㅋㅋㅋㅋㅋ
7193870,슬슬 아프지
7194386,누가 사이드 오래 ㅋㅋ
7194733,버섯맛보다가 ㅋㅋㅋ
7195683,스태틱 개사기네
7196770,이맛에 개모하거든요
7197636,ㅂㅅㅋㅋ
7199094,반갑다모~~~~~~~~
7200098,명훈 캐리 ㄷㄷ
7200198,티모원딜 개사기네
7200610,넌뒤졌다 모
7201592,뒤졌다모~
7201895,진 이갈릴듯
7203597,탑티모 처럼ㅋㅋ
7206123,스태틱 티모 히트네
7207760,^모^
7211406,이분 운타라인가요
7212318,이게근데 탑티모랑 머가다른거임?
7213535,라클 지리네
7214901,아기 떳다
7218375,마스터도 버섯 다 쳐밟네
7218769,라클좋아진거임?\
7219831,{:d_19:}{:d_19:}{:d_19:}{:d_19:}{:d_19:}{:d_19:}
7221439,템이 6개라 고점이 더 높고
7222670,{:d_19:}{:d_19:}{:d_19:}{:d_19:}{:d_19:}
7223882,보물쥐네 이거
7224826,"티원딜 ,lck 나올수있을까?"
7225271,6코어 가는 티모
7226702,티모원딜은 사이드도 쎄서 좋네
7227291,원딜러가 재밌어함
7230209,어어
7231874,오우 쉣
7233158,렝가맨 도와줘
7233688,탑은 리안드리 가야하는데 원딜은 악의부터 가능함
7234659,이따이
7234869,심리전개발렸네
7235177,....
7237113,아기 낳자{:d_109:}{:d_109:}{:d_109:}
7238335,미드 설 때 버섯을 미드에 까는게 사기인듯
7239829,이득 ㅋㅋ
7240326,어 집갈때됐어
7241279,근가?
7247236,신무무
7248306,귤먹으면 독이 나아요~
7249739,원딜이 원래 이런라인인가요
7251022,음?
7251687,ㅇ니
7251876,두번째 화약통은 이기지 않았나 잘못봤나
7251992,엥
7252018,어?
7252329,?
7252838,?
7253053,어
7253267,음?
7253605,{:d_126:}{:lck_28:}
7254028,음?
7254830,진 딜 뭐야
7255058,{:d_126:}
7255848,던졌다
7256316,뭐지
7257405,음?
7257651,병 신들뭐함?
7259425,오?
7259915,메자이 20스택이네
7260014,제라스 잘하네
7261475,흥분했네;
7261668,음 오 아 예
7262562,제라스 잘한다
7263377,비상사태
7263659,미드에 버섯 좀 깔아줘
7264146,제라스 잘한다
7264339,씨뽀뽀도 좋네여
7264764,누가 뛰어들어서 죽었는데
7268179,ㄱㅡ
7268775,갔따
7270326,vㅋㅋㅋㅋㅋㅋㅋㅋㅋㅋ
7270732,엄
7274387,라스햄 죽었는데
7274874,아이고
7276372,제압 ㄷㄷ
7276394,ㄲㅂ
7276443,ㅜㅜ
7276877,ㄲㅂ
7278359,엄
7280324,아 물대포 사망
7281930,쵸비상
7281992,플래그
7283021,버스운전기사 사망
7285419,원모가 간당
7290085,와
7290202,캬
7290828,와
7291588,캬
7292365,그르치
7292665,이야 ㅋㅋㅋ
7293060,황리츠
7293852,렝가 뒤지네
7293905,지렸다블츠야
7294084,지렸다
7294504,{:d_19:}{:d_19:}{:d_19:}
7295134,깡통 시즌1호 ㄷㄷ
7295319,가가ㅔ가가가가가가
7295809,깡통은 역시 한방이야
7296325,{:d_79:}
7296408,구통아~~~~~
7297193,깡통아 해주는구나
7297396,?
7297938,캬 블츠야
7298432,?
7298694,블츠 ㅜㅜ
7299062,ㅋㅋㅋㅋㅋㅋㅋ
7299781,ㅋㅋㅋㅋㅋㅋㅋ
7299995,가라며...
7300264,가!
7300559,?
7300647,ㅋㅋㅋㅋㅋㅋㅋㅋㅋㅋㅋㅋㅋㅋㅋㅋㅋ
7300816,?
7300817,음?
7300917,ㅋㅋㅋㅋㅋㅋㅋㅋ
7300974,블츠야 ㅠㅠㅠㅠㅠㅠㅠㅠㅠ
7301058,?
7301068,니가죽엿다
7301068,화약통 ㄷㄷㄷㄷ
7301094,음 ?
7301833,{:d_126:}
7301896,ㅋㅋㅋㅋㅋㅋㅋㅋ
7301905,니가죽였어
7302167,ㅋㅋㅋㅋㅋㅋㅋㅋㅋㅋㅋㅋㅋㅋㅋㅋㅋㅋㅋ
7302409,니가죽였어
7302470,ㅅㅍㅌㄴㄲ ㅠㅠㅠ
7302477,가서 죽어
7302592,ㅋㅋㅋㅋㅋㅋㅋㅋㅋㅋㅋㅋㅋㅋㅋㅋㅋㅋㅋㅋㅋㅋㅋㅋㅋ
7302686,ㅋㅋㅋㅋㅋㅋㅋㅋㅋㅋㅋ
7303056,ㅋㅋㅋㅋㅋㅋㅋㅋ
7303120,?Zzzzzzz
7303121,잘가쇼
7303128,모르쇠
7303131,ㅋㅋ
7303400,ㄴㄱㅈㅇㅇ
7303498,쥐재앙
7303503,?
7303570,왜죽여
7303653,너가 죽였어
7303749,ㅋㅋㅋㅋㅋㅋㅋㅋㅋㅋㅋㅋㅋ
7303816,ZZZZZZZZZZZZZZZZZ
7303822,ㅋㅋㅋㅋㅋㄱㅋㅋ
7303938,너가 죽였어
7304063,ㅋㅋㅋㅋㅋㅋㅋㅋㅋㅋㅋㅋ
7304140,ㅋㅋㅋㅋㅋㅋㅋㅋㅋㅋㅋㅋㅋㅋㅋㅋㅋㅋㅋㅋㅋㅋㅋㅋㅋㅋㅋ
7304192,쥐재앙
7304252,ㅋㅋㅋㅋㅋㅋㅋㅋㅋㅋㅋㅋㅋㅋㅋㅋㅋㅋㅋㅋㅋㅋㅋㅋㅋㅋ
7304481,깡통 버리기 {:d_81:}
7304575,깡통아 ㅠㅠㅠ
7304583,ㄱㅡ
7304625,흥분할만 했어 ㅋㅋㅋㅋ
7304750,?
7304785,야다...
7304787,블츠야..
7304816,블츠는 불쌍하다
7304836,니가죽인거야
7305105,싸이코야??
7305135,음?
7305388,님아.
7305583,니가죽였어
7305925,니가죽였어
7306077,개모 시발아
7306163,ㅋㅋㅋㅋㅋㅋㅋㅋ
7306205,ㅋㅋㅋㅋㅋㅋㅋㅋㅋㅋㅋㅋㅋㅋㅋ
7306355,가서 죽어
7306465,니가 죽였어
7306495,(잘)가
7306551,블츠 바로 유기 ㅋㅋㅋㅋㅋㅋㅋㅋㅋㅋㅋㅋㅋ
7306553,아니 가서 죽어는 좀..
7306611,{:d_129:}
7306789,너만 가!
7306844,웃어?
7306981,갑자기 등장하는 갱플
7307028,사악한 괴물쥐
7307158,니가 죽인가야
7307417,깡통새끼 ㅋㅋ그거라네 ㅋㅋ
7307624,니가죽임
7307689,니가 죽였어
7307858,ㅋㅋㅋㅋㅋㅋㅋㅋㅋ
7307898,너가주겨써너가주겨써너가주겨써
7308036,빨간물약 왜안먹냐?
7308347,쥐재앙 ㅋㅋ
7308362,가서 죽어
7309236,유기왕 티모 ㄷㄷㄷㄷ
7309503,???:가!가!
7309999,블츠야 ㅠㅠㅠㅠㅠㅠㅠ
7310263,개 모
7310311,블츠 말 개잘듣네 ㅋㅋㅋㅋㅋㅋ
7310964,ㅋㅋㅋㅋㅋㅋㅋㅋㅋㅋㅋㅋㅋㅋㅋㅋㅋ
7311073,이래서 원딜은 핑차단해야됨
7311209,서포터라당했다방금은 ㅠㅠㅠㅠ
7311557,사실 그렇게 세진않아 내라...
7311635,갱프리횽
7312555,니가 죽였어
7312787,깡통절구통련아 그걸가냐 ㅋㅋㅋㅋㅋㅋㅋㅋㅋㅋ
7312832,잘 죽었따모~~~~
7313008,버리는데는 이유가 있다
7314819,인간의 마음이 없는기가
7315506,웃어?
7315700,개같이 던지기
7317778,가가가가 가서 죽어
7317972,ㅋㅋㅋㅋㅋㅋㅋㅋㅋ
7318336,음?
7318683,?
7319108,ㅅㅍㅌㄴㄲ
7320282,?
7320763,진짜 필요할때만 이용해먹고 위급할때는 가차없이 버리는거 보기 좋았어요
7320817,탑의 마음으로
7320820,너는 서폿이니까..
7321432,하핫
7321922,ㅠㅠ
7322449,깡통 말잘듣는거 귀엽네
7322580,ㅅㅍㅌㄴㄲ
7322625,너 싸이코야????
7324916,그런방인가요?
7325491,장군님 ㅠㅠㅠ
7326577,가서 죽어봐
7327405,음 오 아 예
7328114,사람의 마음이 없는기가
7330140,인간의 마음이 없는거냐...
7330588,힘의물약 아끼는게 좋음?
7332476,독 묻는거 개사기다
7337256,쥐이코패스당{:mlb_76:}{:mlb_76:}{:mlb_76:}{:mlb_76:}
7337620,서폿의역할이긴해
7341427,가라면 가서 죽어야지
7342287,캬
7346154,폰버섯 뭐임;
7346304,폰어시 ㅋㅋ
7346945,?
7347429,?
7348511,폰버섯
7348814,환각어시
7349060,?
7349134,?
7349539,폰섯
7350154,악의
7350756,폰어시
7351026,제라스도 악의임
7351134,환각버섯 ㅋㅋ
7351634,악의 왜있지
7351688,폰버섯
7351737,그거 제라스 악의임
7352058,다른악의
7352620,환각버섯먹엇노
7354861,제라스 악의인데요
7355494,본인이 환각 ㅋㅋㅋㅋㅋㅋㅋㅋㅋ
7356166,폰머쉬룸
7356920,환각 버섯 ;;
7357725,와독다붙네
7364288,물쥐 약간 보싱와닮음
7371657,버킹은 ㅋㅋㅋㅋㅋㅋㅋㅋㅋ
7372091,그게뭔데
7372673,스태틱 개좋다
7372996,물쥐야 힘의 영약 안먹냐
7375299,첼시 빅이어 그 사건 보싱와? ㅋ
7375909,마지막코어는 스태틱팔음저거근데?
7377440,버섯농가 티모
7377742,와 이제 버섯 안써도 라클 빠르네
7378737,축구선수 아닌가
7379438,물쥐님 빨리 3렙버섯 찍자 기대된다
7381979,뭍었다 ㅋㅋㅋ
7383357,티모 원딜 재밌음?
7384691,fd
7386147,ㅇㅇ
7386736,ㄹㅇ
7386892,ㄹㅇ
7387562,개사기
7387930,ㄹㅇ
7389673,ㅋㅋㅋ
7389981,레드도 붙어서 개좋네
7392897,그거 마스터 1000점까지만 당해줌요
7393826,스태틱 티모 히트네
7396070,독 뭍으면 카시 e 추뎀도 들어감??????
7396320,티모원딜 잘크면 제일 재밌죠
7396788,저거근데왜레드도붙냐
7398157,사거리 단점 커버함
7399909,증바람 재충전 ㅈ 사기겟네
7400173,닥터 히루루크네
7402336,그와중에 지는 흡신으로 풀컨디션 유지함
7402909,다음판에 쓰자
7402931,카시e추뎀들어감
7403867,버섯으로 필드 장악이 진짜 대박임
7403873,라클이 개사기임
7404147,포킹 시야 교전 다 좋네 그냥
7406376,?
7406559,쌀먹안되나
7406578,닥터 히루루크
7410042,예전의 괴물쥐가 지금의 괴물쥐를 보면 무슨 생각이들까..
7410053,그정도면 됐어
7410109,그럼 충분하네
7410236,그럼 ㅈㄴ 잘당해주는거네
7410818,지금 700점 아니냐
7411274,카시e추뎀은당연들어간다
7411728,캬
7413393,zzzzzzz
7413583,그정도면 된거 아닌가 ㅋㅋ
7414873,응 천점 못가
7414935,천점 안가면 되지
7416503,그럼 얜 평생 당해주겠네
7417856,초반 라인전 구린거말곤 중후반은 밸류 미치긴햇네
7418778,0.1%빼고 다당한다는거아님?
7420102,마스터 천점 안가면 되지
7420201,프레이는 잘하던데
7421995,스태틱을 어케피함?
7422295,운타라 1600점임
7422296,ㅈㄴ 쎄네 ㄷㄷ
7422753,프레이가 잘쓰잖아
7422777,물쥐는 걍 1000점대 다만나잖아
7422924,"상위 0,1% 빼고 된다는거네ㅋㅋㅋ"
7424516,그 정도면 웬만한 유저는 다 당한다는 거 아닌가 ㅋㅋㅋ
7424949,왜 미니언먹으면 2골드 더줘요???
7425113,챌에서
7425449,괜히 프레이가 하는게아님
7425817,카시 추뎀 들가지 않음?
7425992,근데 그마는 그럼 스태틱을 피하냐?
7426537,베이가 원딜 하던 시기도 있었는대 뭐
7426778,천점까지면 후하네
7427200,무무쨩
7427482,물쥐는 높은데 올라가면 오히려 원딜로 잚뚫어
7430180,모모모~
7430824,ㅋㅋ
7430963,ㅋㅋㅋㅋㅋㅋㅋ ㅅㅅ
7431712,궁 ㅋㅋ
7432050,ㅋㅋㅋㅋㅋ
7432465,ㅋㅋㅋㅋㅋ
7433490,ㅋㅋㅋㅋㅋㅋㅋ
7435887,오
7437183,ㅋㅋㅋㅋㅋㅋㅋㅋ
7438457,고놈잘끄네
7438771,블츠잘하는데
7439862,안좋아
7439985,아
7440534,ㅋㅋㅋㅋㅋㅋㅋㅋㅋㅋㅋㅋ
7441041,마스터 1000점까지만 통함(브실골)
7441679,ㅠㅠ
7441946,어?
7442149,깡통잘가 ㅠ
7442224,이럼손핸가
7442248,도구라당햇다
7443135,엄
7444142,엄
7444370,습...
7444441,서폿교환
7445210,아까 플 ㅜㅜ
7446785,ㄹㅇ 도구라당했네 절구통련
7446786,도구교환
7447163,사소해
7450140,아니 안먹은거 전략인줄알앗노
7451378,뻔해
7454426,죽겟냐고
7455238,?
7455243,ㄲㅂ
7455540,뿌직
7456115,이거아까 괴물쥐가 점멸쓰게만든거아니엇으면
7457473,진 빡치겠다
7457807,피보소
7457835,블츠살앗는데
7458559,흠..
7459391,?
7459401,ㅋㅋㅋㅋㅋㅋㅋㅋㅋ
7459465,ㅋㅋㅋㅋ
7459475,?
7459585,ㅋㅋㅋㅋㅋㅋㅋㅋㅋㅋㅋ
7459836,ㅋㅋㅋㅋㅋㅋㅋㅋㅋ
7459889,ㅋㅋㅋㅋㅋㅋㅋㅋㅋ
7460285,ㅋㅋㅋㅋㅋㅋㅋㅋㅋㅋㅋ
7460288,{:d_44:}{:d_44:}{:d_44:}{:d_44:}
7460471,너가블츠2번죽엿어
7460681,ㅋㅋㅋㅋㅋ
7460803,ㅋㅋㅋㅋㅋㅋㅋㅋ
7460900,ㅋㅋ
7460959,같이까네 ㅋㅋ
7461351,?
7461759,나도는 ㅋㅋㅋㅋㅋㅋㅋㅋㅋㅋㅋㅋㅋㅋㅋㅋㅋㅋ
7462440,ㅋㅋㅋㅋㅋㅋ
7462553,ㅋㅋ
7464281,ㅁㅁㅋㅋㅋㅋㅋㅋㅋㅋㅋㅋㅋㅋㅋ
7464685,?
7464915,?
7465021,ㅋㅋㅋㅋㅋㅋㅋ
7465047,ㅋㅋㅋㅋㅋㅋ
7465132,?
7465589,?
7465769,?
7465915,?
7466025,비응신 ㅋㅋ
7466134,병 ㅅ
7466357,ㅋㅋㅋㅋㅋㅋㅋ
7466484,ㅋㅋㅋㅋㅋㅋㅋㅋㅋㅋㅋㅋㅋ
7466544,ㅋㅋㅋㅋㅋㅋㅋㅋㅋㅋㅋ
7466691,ㅋㅋㅋㅋ뭐고
7466699,ㅋㅋㅋㅋㅋㅋㅋㅋㅋㅋㅋㅋㅋㅋㅋ
7467194,ㅋㅋㅋㅋㅋㅋㅋㅋ
7467217,?
7467416,?
7467530,???????
7467565,티모 연구소 약점은 뭔가요
7467578,?
7467898,?ㅋㅋㅋㅋㅋㅋㅋㅋㅋㅋㅋㅋㅋㅋㅋㅋㅋ
7468377,{:d_44:}{:d_44:}{:d_44:}{:d_44:}{:d_44:}
7468386,덫 스팟 감사요
7468812,왓
7469414,ㅋㅋㅋㅋㅋㅋㅋㅋㅋㅋㅋㅋㅋㅋㅋ
7469720,ㅋㅋㅋㅋㅋㅋㅋㅋㅋㅋㅋㅋㅋㅋ
7470107,저걸밟아주네
7470165,잘 통하네 여기는
7470679,병 신이 따로없노 ㅋㅋㅋㅋㅋ
7471160,알려줘도밝긩ㅋㅋ
7471988,?
7472123,일부러 지운듯
7472547,배운가
7472938,조이할매 치매 왔네 습빡!!
7473168,덤앤더머 뭐임 ㅋㅋ
7473632,?
7474027,?
7474509,?
7474771,??????????
7474874,?
7475027,???????
7475251,?
7475271,???
7475307,?
7475407,?
7475512,?
7475527,?
7475627,ㅋㅋㅋㅋㅋㅋㅋㅋㅋㅋㅋㅋㅋㅋㅋㅋㅋㅋㅋㅋ
7475981,엥?
7476135,와
7476145,ㅋㅋㅋㅋㅋㅋㅋㅋㅋㅋㅋㅋㅋ
7476306,??
7476330,???
7476340,ㅋㅋㅋㅋㅋㅋㅋㅋㅋㅋㅋㅋ
7476381,피하려다가 ㅋㅋ
7476386,?
7476475,배달뭐임
7476500,ㅋㅋㅋㅋㅋㅋㅋㅋㅋㅋㅋㅋㅋㅋㅋㅋㅋㅋㅋㅋㅋㅋㅋㅋㅋㅋㅋㅋㅋ
7476628,????
7476637,?
7476758,ㅋㅋㅋㅋㅋㅋㅋㅋㅋㅋㅋㅋㅋㅋㅋㅋ
7476816,?
7476947,저건뭐야 ㅋㅋ
7476965,ㅋㅋㅋㅋㅋㅋㅋㅋㅋㅋㅋㅋ
7477108,ㅋㅋㅋㅋㅋㅋㅋㅋㅋㅋㅋ
7477190,음??????
7477207,ㅋㅋㅋㅋㅋㅋㅋㅋㅋㅋㅋㅋㅋㅋㅋ
7477244,ㅋㅋㅋㅋㅋㅋㅋㅋㅋㅋㅋㅋ
7477252,???????????
7477397,?????????????
7477708,이거 라일라이가면 걍 마공영혼 아니냐
7477750,배달 ㄷㄷㄷ
7477766,진짜병 신
7477820,?
7477970,아이고~
7478001,?
7478094,ㅋㅋㅋㅋㅋㅋㅋㅋㅋ
7478296,ㅋㅋㅋㅋㅋㅋㅋㅋㅋㅋ
7478384,???
7478421,2종인가
7478460,??????????
7478764,ㅋㅋㅋㅋㅋㅋㅋㅋㅋㅋㅋㅋㅋㅋㅋㅋㅋㅋㅋㅋㅋㅋㅋㅋㅋㅋㅋㅋㅋㅋㅋㅋㅋㅋㅋㅋㅋㅋㅋㅋㅋ
7478779,?
7478793,와 ㅋㅋㅋㅋㅋㅋ
7478825,ㅋㅋㅋㅋㅋㅋㅋㅋㅋㅋㅋㅋㅋㅋ
7478864,와 뭐임 ??????????????? 시위하는건가
7478939,ㅋㅋㅋㅋㅋㅋㅋ
7478979,?ㅋㅋㅋㅋㅋㅋㅋㅋㅋㅋㅋㅋㅋㅋㅋㅋㅋㅋㅋ
7479132,엥
7479248,ㅋㅋㅋㅋㅋㅋㅋㅋㅋㅋㅋㅋ
7479373,한문철레전드 ㅋㅋ
7479452,ㅋㅋㅋㅋㅋㅋㅋㅋㅋㅋㅋㅋㅋㅋㅋㅋㅋㅋㅋㅋㅋㅋㅋㅋㅋㅋㅋㅋㅋㅋㅋ
7479552,ㅋㅋㅋㅋㅋㅋㅋㅋㅋㅋㅋㅋㅋㅋㅋㅋㅋㅋㅋㅋㅋㅋㅋ
7479558,얼마주고삼?
7479564,??
7479627,???????
7479849,ㅋㅋㅋㅋㅋㅋㅋㅋ
7479963,레전듴ㅋㅋㅋㅋㅋ
7480112,역대급 사고
7480272,미친 ㅋㅋㅋㅋㅋㅋㅋㅋㅋㅋㅋㅋㅋㅋㅋ
7480427,ㅋㅋㅋㅋㅋㅋㅋㅋㅋㅋㅋㅋㅋㅋㅋㅋㅋㅋㅋㅋㅋㅋㅋㅋㅋㅋㅋㅋㅋㅋㅋㅋㅋㅋㅋㅋㅋㅋ
7480497,ㅋㅋㅋㅋㅋㅋㅋㅋㅋㅋㅋㅋㅋㅋㅋㅋㅋㅋㅋㅋㅋㅋㅋㅋㅋ
7480544,초보운전
7480590,븅 ㅋㅋ
7480631,왓 ㅋㅋ
7480755,ㅋㅋㅋㅋㅋㅋㅋㅋㅋㅋㅋㅋㅋㅋㅋㅋㅋ
7480898,와 벙슨이다 ㄷㄷ
7480937,{:mlb_76:}{:mlb_76:}{:mlb_76:}{:mlb_76:}{:mlb_76:}
7481050,지린다 와
7481256,{:d_106:}{:d_106:}
7481412,ㅋㅋㅋㅋㅋㅋㅋㅋㅋㅋㅋㅋㅋㅋㅋㅋㅋㅋㅋㅋㅋㅋㅋㅋㅋㅋㅋㅋㅋㅋㅋㅋㅋㅋㅋㅋㅋㅋㅋㅋㅋ
7481458,조여사
7481482,배달 뭐야 ㅁㅊ
7481764,ㅋㅋㅋㅋㅋㅋㅋㅋㅋㅋ
7481794,ㅋㅋㅋㅋㅋㅋㅋㅋㅋㅋㅋ
7481809,물쥐님 샀어?
7481985,괴물쥐 행동
7482192,무면허 ㄷㄷ
7482204,이게 왠 떡이야
7482328,뭐임?
7482457,ㅋㅋㅋㅋㅋㅋㅋㅋㅋㅋㅋㅋㅋㅋㅋㅋㅋㅋ
7482481,ㅋㅋㅋㅋㅋㅋㅋㅋㅋㅋㅋ
7482722,배민 습박
7482741,ㅋㅋㅋㅋㅋㅋㅋ
7483515,음주운전 ㅋㅋ
7483587,버섯 밟고 왜저러냐ㅕ
7483609,면허 없나
7483819,ㅈㄴ 웃기네 ㅋㅋㅋㅋㅋㅋㅋㅋㅋㅋㅋㅋ
7483840,유턴 머냐고
7484199,ㅋㅋㅋㅋㅋㅋㅋㅋㅋ
7484462,ㅋㅋㅋㅋㅋㅋㅋㅋㅋㅋㅋㅋㅋㅋㅋㅋㅋㅋㅋㅋㅋㅋㅋㅋㅋㅋㅋㅋㅋㅋㅋㅋㅋㅋㅋㅋㅋㅋㅋㅋㅋㅋㅋㅋㅋㅋㅋㅋㅋㅋㅋㅋ
7484478,뭔 ㅗㅋㅋㅋㅋㅋㅋㅋㅋ
7484736,레전드 ㅋㅋㅋㅋㅋㅋㅋㅋㅋㅋㅋㅋㅋㅋㅋㅋㅋㅋㅋ
7484777,{:lck_2:}{:lck_2:}{:lck_2:}{:lck_2:}{:lck_2:}{:lck_2:}{:lck_2:}
7485113,??
7485386,샀어?
7485455,조이뭐함 ㅋㅋㅋㅋㅋㅋㅋㅋㅋㅋㅋㅋㅋㅋㅋㅋㅋㅋㅋㅋㅋㅋㅋ
7486035,겜수준 실화냐 ㅋㅋ
7486231,조이야 너는 평생 면허따지마라; 운전하면 안되겠다
7486246,조여사 ㅋㅋㅋㅋㅋㅋㅋㅋㅋㅋㅋ
7486295,어뷰징임?
7486448,조여사
7486471,어제 괴물쥐랑 똑같은거 아닌가요?
7486826,와 재명했네 ㅋㅋ
7486914,마스터 700점 ㅋㅋㅋ
7487390,조이 던지네
7487930,어이가없노 ㅋㅋㅋㅋㅋㅋㅋㅋㅋㅋㅋㅋㅋㅋㅋㅋㅋㅋㅋㅋㅋㅋㅋㅋㅋㅋㅋㅋㅋㅋㅋㅋㅋㅋㅋㅋㅋㅋ
7488070,배달 실패 ㅋㅋㅋㅋㅋㅋㅋㅋㅋ
7489518,이걸간다고?
7489540,조이 {:d_44:}{:d_44:}{:d_44:}{:d_44:}{:d_44:}떡
7490281,유하
7490533,?
7490986,>
7490989,술먹었나 조이 {:d_106:}{:d_106:}{:d_106:}{:d_106:}
7491330,음?
7491626,ㄲㅂ;
7492376,?
7492414,음주운전ㄷㄷ
7492479,어?
7493148,티안나게 잘하네
7493437,급발진
7493644,스태틱 뭐냐
7494217,진한테 실명써주지
7495172,어 천원
7495238,진천원먹엇다
7495968,쟨 머냐
7496705,?
7497149,?
7498404,ㅋㅋㅋㅋㅋㅋㅋㅋㅋㅋㅋㅋㅋ
7498847,ㅋㅋㅋㅋㅋㅋㅋㅋ
7500421,ㅋㅋㅋㅋㅋㅋㅋㅋㅋㅋㅋㅋㅋ
7500655,ㅋㅋㅋㅋㅋㅋㅋㅋㅋㅋ
7500704,캬
7500773,ㅋㅋㅋ
7500846,캬
7500876,ㅋㅋㅋㅋㅋㅋㅋㅋㅋㅋㅋ
7500897,?
7501172,ㅋㅋㅋㅋㅋㅋㅋㅋㅋ
7501194,ㅋㅋㅋㅋㅋㅋㅋㅋㅋㅋㅋㅋㅋㅋㅋㅋ
7501199,ㅋㅋㅋㅋㅋㅋㅋㅋㅋㅋㅋㅋㅋㅋㅋㅋ
7501246,ㅋㅋㅋㅋㅋㅋㅋㅋㅋㅋㅋㅋㅋㅋㅋㅋㅋ
7501329,ㅋㅋㅋㅋㅋㅋㅋㅋㅋㅋㅋ
7501347,ㅋㅋㅋㅋㅋㅋㅋㅋㅋㅋㅋ
7501457,ㅋㅋㅋㅋㅋㅋㅋㅋㅋㅋㅋㅋㅋㅋㅋㅋㅋㅋㅋㅋㅋㅋㅋ
7501621,갱플 레저ㅗㄴ드
7501637,ㅋㅋㅋㅋㅋㅋㅋㅋㅋㅋ
7501700,ㅋㅋㅋㅋㅋㅋㅋㅋㅋㅋㅋㅋㅋㅋㅋㅋㅋㅋㅋㅋㅋㅋㅋㅋㅋ
7501738,?
7501759,ㅋㅋㅋㅋㅋㅋㅋㅋㅋㅋㅋㅋㅋㅋㅋㅋ
7502063,+20
7502127,얼마 줬냐
7502740,엄플ㅋㅋ
7503064,ㅋㅋㅋㅋㅋㅋㅋㅋㅋㅋㅋㅋㅋ
7503114,ㅋㅋㅋㅋㅋㅋㅋㅋㅋㅋ
7503411,존나못해 ㅋㅋㅋㅋㅋㅋㅋ
7503478,다지우기 ㅋㅋ
7503597,ㅋㅋㅋㅋㅋㅋㅋㅋㅋ
7503916,ㅋㅋㅋㅋㅋㅋㅋㅋㅋㅋㅋㅋㅋㅋㅋㅋㅋㅋㅋㅋㅋㅋㅋㅋㅋㅋㅋㅋㅋㅋㅋㅋㅋㅋㅋㅋㅋㅋㅋㅋㅋㅋㅋㅋㅋㅋㅋㅋ
7503934,10원기부
7503940,저거 파카임?
7504193,10원 감사합니다
7504228,ㅋㅋㅋㅋㅋㅋ
7504575,라일라이가면 독이랑 슬로우 같이묻음ㅍㅍㅍㅍㅍ
7505347,술통 ㅋㅋㅋㅋㅋㅋㅋㅋㅋㅋㅋㅋ
7505452,엄플랭크
7505688,술통쌀먹 ㅋㅋ
7506133,얼마를 ㅈ준거냐
7506235,zzzzzzzzzzzzzzzz
7506242,얍 어게인
7507248,환각버섯먹고 운전 ㅋㅋㅋㅋㅋㅋㅋㅋㅋㅋㅋㅋㅋㅋㅋ
7507557,ㅋㅋㅋㅋㅋㅋㅋㅋㅋㅋ
7508006,갱플 술통 농가 ㅋㅋㅋㅋㅋㅋㅋㅋㅋㅋㅋㅋㅋㅋㅋㅋㅋㅋㅋㅋ
7508200,감사요 ㅋㅋ
7510071,파카인데?
7510100,이니
7510473,오
7511967,진짜 똥나오게 술통 못까는게 아캅스노 걍
7512508,절구통잘하는데
7513193,구통이 한타를 잘하네
7513376,ㅋㅋㅋㅋㅋㅋㅋㅋㅋ
7517962,캬
7519122,캬
7519276,오
7519280,라일라이 가면 독이랑 슬로유 같이 뮫음???????????????????
7521040,이번판은 게임이 걍 ㅈㄴ웃기네 ㅋㅋ
7521074,와 ㅋㅋ
7521278,캬
7522174,딜뭐냐
7522585,나이스
7522796,ㄷㄷ
7522853,딜
7523758,귤
7523909,ㅋㅋㅋㅋㅋㅋㅋㅋㅋㅋㅋㅋㅋㅋㅋㅋㅋㅋㅋㅋㅋㅋㅋㅋㅋㅋㅋㅋ
7524036,와 딜뭐냐
7524258,갱플 ㅈㄴ세네 ㅋㅋ
7524331,뭔딜임? ㅋㅋ
7524613,캬
7524704,ㄲㅂ
7524961,징수
7525132,오
7525308,갱플은 원래강함
7525386,와
7525414,징총은 인죵
7525928,ㅋㅋㅋㅋㅋㅋ
7526266,뭐냐?
7526354,캬
7526444,고무고무
7526508,오 ㅋㅋㅋ
7526949,굿
7526969,절구통 ㄹㅇ잘함
7526977,불칼은 안풀려용~~~~~
7527067,캬
7527217,ㅋㅋㅋㅋㅋㅋㅋㅋㅋㅋㅋㅋㅋ
7527227,ㅋㅋㅋ
7527383,칼로 걍 쑤셔버리네 갱플
7527775,주먹
7527780,블츠 잘하네
7527827,깡통좋은데
7527848,저거 불칼죽불딜이 말안됨
7528000,블츠 잘끄네 진짜
7528000,갱플은 못이기지
7528008,펀치킬
7528661,크리터졌네
7529084,방금어마어마한딜이들어왓는데?
7529380,블츠 그래밪ㄹ하네
7529632,고놈잘끄네
7530290,깡통 잘하네 ㅋㅋㅋ
7530465,총이잖아
7530598,와 방금 개잘햇다
7530693,게임 ㅈㄴ 웃긴ㄷ ㅔㅋㅋㅋㅋㅋ
7530803,고무고무 총
7531200,갱플술통은원래아프다
7531987,혼자 7천딜 ㄹㅈㄷ
7532470,불칼 2번 맞아서
7533747,갱플 너프좀
7534582,치감?
7535051,갱플지금1티어임
7535598,게임 진짜 개판이네ㅋㅋㅋㅋ
7536284,티모 라일라이 가면 지리겟는데
7537103,갱플 걍 ㅈㄴ 깡패네 ㅋㅋㅋㅋ
7538845,저거 딜 말안됨 걍
7539080,티모있으니까 게임이 창나네
7539305,블츠 습박 ㅋㅋㅋㅋㅋ
7539735,7천딜 ㄹㅈㄷ네
7542105,오 제라스
7543225,아니절구통
7543918,잘맞췃는데
7545920,고무고무
7547365,궁 없어
7548506,아
7549191,ㅋㅋㅋㅋㅋㅋㅋ
7549203,ㅋㅋㅋㅋㅋㅋㅋㅋㅋㅋㅋㅋ ㅈㄴ웃기네
7549954,?
7550010,ㅋㅋㅋㅋㅋㅋㅋㅋㅋㅋㅋㅋㅋㅋㅋㅋㅋㅋ
7550467,ㅋㅋㅋㅋㅋㅋㅋㅋㅋㅋ
7550809,블츠 똥구려 ㅋ
7551159,ㅅㅅㅅ
7551365,ㅋㅋㅋㅋㅋㅋㅋㅋㅋㅋㅋㅋ
7551432,ㅋㅋㅋㅋㅋㅋㅋㅋㅋㅋㅋㅋ
7551505,ㅋㅋㅋㅋㅋ
7551612,ㅋㅋㅋㅋㅋㅋㅋㅋㅋㅋ
7551839,캬
7552023,ㅋㅋㅋㅋㅋㅋㅋㅋㅋㅋㅋㅋㅋㅋㅋㅋㅋㅋ
7552071,ㅋㅋㅋㅋㅋㅋㅋㅋㅋㅋ
7552137,캬
7552157,캬
7552223,펑
7552292,오 ㅋㅋㅋ
7552308,캬
7552680,오
7553117,휴
7553227,ㅋㅋㅋㅋㅋㅋㅋㅋㅋㅋㅋ
7553349,엄
7553500,야미
7553646,ㅋㅋㅋㅋㅋㅋㅋㅋㅋㅋㅋㅋㅋㅋㅋㅋㅋㅋㅋㅋㅋㅋㅋㅋ
7553784,ㅋㅋ 깡통
7553894,휴
7554102,깡통 잘하네 그래도 ㅋㅋ
7554357,대 구 튜ㅗㅇ
7554525,블츠 잘하네
7554595,캬
7554706,나이스
7554755,ㅈㄴ 웃기네 ㅋㅋㅋㅋㅋㅋㅋ
7554794,야옹 ~
7555207,{:d_44:}{:d_44:}{:d_44:}{:d_44:}{:d_44:}{:d_44:}
7555392,형님들 라일라이가면 독이랑 슬로우 혹시 같이 묻을까요??????알려주실분??????????????{:d_45:}{:d_45:}{:d_45:}{:d_45:}{:d_45:}{:d_45:}{:d_45:}{:d_45:}{:d_45:}{:d_45:}
7555451,니달리 씹 ㅋㅋㅋ
7555509,ㅋㅋㅋㅋㅋㅋㅋㅋㅋㅋㅋㅋㅋㅋㅋㅋㅋㅋㅋㅋㅋㅋㅋㅋㅋㅋㅋㅋㅋㅋ
7555703,절구통 ㅅㅅ
7555826,캬 ㅋㅋ
7556369,겜 개재밌네
7556762,대 구 통
7556835,제라스 ㅈㄴ 맛있노
7556863,야미 ㅋㅋ
7556954,겜 개재밌네 ㅋㅋ
7557667,블츠그랩적중률 왜케높냐
7559085,ㅋㅋㅋㅋㅋㅋ 재밌게하네
7560705,깡통잘하네ㅋㅋㅋ
7560751,깡통 원 맨 쇼
7560914,겜 ㅈㄴ 웃기네 ㅋㅋㅋㅋㅋㅋ
7562490,재밌네
7562556,신통
7563567,어케든 먹이려는 블츠의 노력
7564083,25스택이네 ㅋㅋㅋ
7565099,절구통 느낌잇네
7565514,아니 절구통존나잘하노 ㅋㅋ
7566273,묻어용
7567579,티모만하면 겜이 ㅈㄴ웃기네
7567866,고양이가 두마리네 한판에
7568936,하루종일 유기해도 ㅈㄴ 잘크는 띠모원딜
7569413,와
7570001,오
7570056,찍
7570648,ㅋㅋㅋㅋㅋㅋㅋㅋㅋㅋ
7571889,ㅋㅋㅋㅋㅋ
7571941,고양이딜보소
7572108,대갈통 쪼개기
7572248,무무 찢어버리기
7573648,병신 ㅋㅋ
7575014,티모 원딜 뭐임? ㅋㅋ
7575276,극딜이네
7577270,챔프가 다 구식이노
7577515,티모하면 팀운 좋아지네
7577611,ㅈㄴ쎄다 렝가
7578733,그니까 왜 다시하기 안햇어~
7579075,천상 찢어버리네
7580034,무량공처
7582932,버섯전개
7584248,버이키 텐카이
7584590,챔프가 구식챔만 있네
7585362,캬
7586609,케틀덫 범부련ㅋㅋ
7587244,케틀 왜함? ㅋㅋ
7587776,료이치 티카이
7587835,왜 거기다 깔아
7587904,료이키 텐카이
7588305,시즌2인가여?
7592502,케틀덫<<왜함이거 다보이는데[
7593845,피가 좀
7601348,설마
7601765,리쉬 ㄳ
7604271,오
7604552,센바론이네
7605156,어우
7605787,휴
7606050,뺏기는줄
7606441,?
7606466,?
7606859,?
7606926,리쉬 감사요
7607359,?
7607511,오....
7607632,?
7608161,저거맞았으면 뒤졌을듯
7608553,어흐
7608622,어흐
7608698,찍
7608758,ㅗㅜㅑ
7608872,ㅋㅋㅋㅋㅋㅋㅋㅋㅋㅋㅋㅋㅋ
7609067,쥐음소리 ;;
7609236,?
7609434,어흐
7610040,어흐
7610368,?
7610534,{:d_108:}
7610576,어흐
7611166,{:d_108:}{:d_108:}{:d_108:}
7611955,한번만 더해주세요
7612062,구통아..
7612447,?
7613583,쥐에가호
7613929,ㅋㅋㅋㅋㅋㅋㅋ
7614150,쥐음소리 ㅅㅂ
7614451,뿌직.
7614474,뿌직
7614612,깡통녀석
7614877,뿌직
7614912,서포터니까
7615037,뿌직
7615222,뿌직
7615326,ㅋㅋㅋㅋㅋㅋㅋㅋㅋㅋ
7615387,칼부
7615472,칼부 끌기
7615646,너무 신냈잖아 깡통아;
7616412,깡통 버려
7616413,버려
7616627,와 진짜 못참겠다
7616973,절구통은이게맞아
7617358,ㅅㅍㅌㄴㄲ
7618164,ㅅㅍㅌㄴㄲ
7618846,서포터니까...
7618975,히히!! 칼부 끌기 !!!!
7619620,거긴 안돼... 뿌직
7620435,똥!
7621186,거긴 갱플영역이라구~
7621433,재도 참 뒤가없네
7622919,ㅈㄴ야하네
7625452,누구 밟앗다
7626008,맞다이까야지 그럼
7626876,버섯 저기 깔면 바위게가 다 밟는거 아님?
7627608,ㅋㅋㅋㅋㅋ
7628060,버섯밣았따
7628253,님들 티모원딜 메타픽이라던데 진짜임?
7628261,버섯과 함깨라면
7628759,좋쟈
7628857,좋아죽노 ㅋㅋ
7629188,어ㅣ
7629573,와우
7629696,오
7629726,버섯 맛있지? ㅋㅋ
7630002,ㅋㅋㅋㅋㅋㅋㅋ
7630234,어시달달
7630239,ㅋㅋㅋㅋㅋㅋㅋㅋㅋㅋㅋㅋㅋㅋㅋㅋㅋㅋㅋㅋㅋㅋㅋㅋㅋ
7630539,질힌[
7630951,히히 !!! 그랩 발싸!!! 칼날부리 새끼 끌기!!!
7631327,어시 야미
7632191,ㅋㅋㅋㅋㅋㅋㅋㅋㅋㅋㅋㅋㅋㅋ
7632724,버섯궁이야
7635429,버섯묵땨
7635540,제라스뒤지게잘하네
7636207,아 기모링^
7636904,겜이 개판이야 ㅋㅋㅋㅋㅋㅋ
7637096,?
7637254,할미 버섯이 쫀쫀하니 좋쟈
7638050,와 딜
7638645,달달하이
7639316,어흥딜
7639451,버섯 & 제라스
7639531,?
7640814,온 세상이 버섯이다 ㅋㅋㅋ
7640968,근데 티모 탑에서쓰는거랑 원딜로쓰는거랑뭔차이임?
7641354,ㄲㅂ;
7641637,냥들짝
7643748,갱플씹사기네
7645084,내 버섯
7645147,죽불 진짜
7645731,진짜
7645822,갱플이 개쌔네
7645978,캬
7646382,진 나못해
7647699,오소이
7648745,엄튼콜
7648854,ㅋㅋㅋㅋㅋㅋㅋㅋㅋㅋㅋㅋ
7649164,ㅋㅋㅋㅋㅋㅋ
7650123,ㅋㅋㅋㅋㅋㅋㅋㅋㅋ
7650259,왜 욕을..
7650282,왜 욕을
7650370,ㅋㅋㅋㅋㅋㅋㅋ
7650395,ㅋㅋㅋㅋㅋㅋㅋㅋㅋㅋ
7650512,ㅋㅋㅋㅋㅋㅋㅋㅋㅋ
7650610,칼부 : ㅋㅋㅄ
7650644,ㅋㅋㅋㅋㅋㅋㅋㅋㅋㅋ
7650655,ㅋㅋㅋㅋㅋㅋㅋㅋ
7650660,갱플이 잘한다
7651110,왜 욕을..
7651522,"왜욕을,...."
7651931,ㅋㅋㅋㅋㅋㅋㅋㅋ
7651949,ㅋㅋㅋㅋㅋㅋㅋㅋㅋㅋㅋ
7652299,왜 욕을.........
7652531,왜 욕을...
7654069,ㅋㅋㅋㅋㅋㅋㅋㅋㅋㅋ
7654339,왜 욕을..
7654636,갱플저래해도쌔내
7654886,왜 욕을...
7655043,왜 욕을
7655056,왜 욕을...
7655715,칼날부리:왜 욕을..
7656680,왜 요글..
7659897,칼날부리 (시발련)
7662501,렝가 뒤지게쌔긴하네
7665172,칼날부리 가족은 그저 배가 고팠을 뿐인데 ㅠㅠ
7666010,칼부 : 뀨...
7670471,근데 조합 ㅈㄴ 짜증나는 조합이네 티모 키아나 렝가 제라스 ㅋㅋ
7672178,티모 뭐가 좋은거임?
7676222,스태틱
7678374,느아
7678690,느아
7678858,스태틱
7680736,아 뿌직
7681144,{:d_108:}{:d_108:}
7682420,보면앎
7683671,근데 버섯 밟아서 아픈 칼날부리가 욕해야되는거 아닌가
7684850,팀에 키아나가 있었네
7685094,{:d_108:}{:d_108:}
7688356,라클빠르네
7688807,라클 레전드긴하네
7691299,밀었다
7693162,버섯으로 장벽 세우고 제라스로 포킹
7704717,아나야
7706980,뿌직 ㅋㅋ
7707322,키아나 뭐해
7707465,뇌절하지 또
7707853,음?
7708368,티모굿
7709643,키아나군...
7710295,선넘네
7710464,아나야 왜 거기있누
7711140,포지션 무엇
7711823,키아나가그렇죠뭐
7712298,중요할떄 한번
7714083,반칙 반칙 !
7714161,아2) 스태틱에 독이 왜 묻는건가요?
7714545,"펄?""\"
7716396,키아나양...
7717133,플방금?
7717689,?
7718865,내 버섯이!!!!!!!
7720442,버섯농가 박멸
7721179,스태틱 패치됨
7722526,스태틱효과
7723689,꼬롬하네
7726354,못섞인다 ㅋㅋ
7726377,{:rabbit272Mushroom:}{:rabbit272Mushroom:}{:rabbit272Mushroom:}{:rabbit272Mushroom:}{:rabbit272Mushroom:}
7726834,은신 낚시좀 해주세요
7727860,좀 못따라오네..
7730692,버섯농가 죽이기는 이거이거
7743072,물쥐 은신 낚시 레벨은 아직 아님
7744474,야미
7750266,티모 원딜 좋나요?
7750983,전쟁의신 포병
7753427,16렙 얼른 돼야되는데
7753437,제라스 궁 엄청 빨리돈다
7755942,궁금한거있는데  원딜 티모가도 후반 타원딜급 포텐 안나오지않나요? 버섯밸류가 개높아서 그거로 미나요
7757525,은신에 공속 있는거 아삼?
7759146,베인은화살도 스태틱됨 님들?
7760618,제라스가 이거이거
7761436,어
7762049,어어
7762804,ㅂㅂ
7763115,늦박자치라고
7763448,ㅋㅋㅋㅋㅋㅋㅋㅋ
7763713,잘한다
7764623,그콤보
7765090,버섯밸류랑 라클로 ㅇㅇ
7765423,쥐모 ㅋㅋㅋ
7765778,땅
7769515,탕
7770381,ㅋㅋㅋㅋㅋㅋㅋㅋ
7770988,ㅋㅋㅋㅋㅋ
7771169,갱플잘하네
7771292,뿌직
7771449,엄
7771644,아파용
7771708,뿌직
7771963,ㅋㅋㅋㅋㅋㅋㅋㅋㅋㅋㅋ
7772126,개모태
7772198,술통심리전을왜케못함
7772266,q는 실명 안되나?
7772804,부직
7773632,뿌직
7773792,딜이 무슨
7775516,쥐찢
7775578,ㅃㅈ
7777348,갱플은 원래쌥니다
7777486,다맞으면 세 형
7777581,존나 못하네 ㅅㅂ
7780224,빵
7781076,어어
7781647,술통을 다져서...
7784234,진이 참잘하네
7788175,실명이면 EQE도 안대나
7790494,어이씨 죽겠는데 제라스 ㄷㄷ
7790583,티확찢당했네
7790616,얘 메자이라 빨라
7791071,티모가 못섞이네
7791241,튀어잇
7793750,제라스 ㅈㄴ빠르네
7796855,느려가지고
7796986,ㅇㅇ
7797747,근가
7798293,맞음
7798873,ㅇㅇ
7799049,메자이라 빠르네
7800663,투사체가좀느림
7801482,그냥 빼면
7801930,제라스 이속왜케빠름?
7802059,제라스 메자이덕에 좀 빠르네
7802160,흠..
7802655,맞긴해
7802813,살았다
7803709,저걸사네
7803911,맞음 느림
7806040,개빠르네제라스
7806232,ㄹㅇ
7807538,투세차라느려
7808021,투사체 옛날에 버프 받은거임
7808573,ㄹㅇ
7808606,예측샷 쳐야대
7809862,아지르가 goat
7810001,제라스 메자이 25스택이라
7810091,메자이네
7810374,맞긴함
7810757,평타 치기전에 티모 숨 들이 쉬는 딜레이 있음
7813915,제리?
7814399,뭔 기본이속이 450이 넘냐
7814623,투사체버프는 큐가 버프아님?
7815108,쟤도 총으로 때리는디
7816879,제리 아지르 이런거면 갱플 숨 못쉼
7816957,티모 많이 하는사람이 아니라 쪌수긴해
7817023,굳
7817608,캬
7818574,폭쇄메자이 이속보소
7819157,평타 버프는 먹은적 없을텐데
7820623,티모평타구리긴해
7821971,협곡의 시즈탱크
7823374,ㅇㅇ 투사체 버프는 실명만 받음
7824595,버섯작이나하죠
7827098,제라스 악의도갓네
7827417,갱플 죽무인데 저딜이네
7829910,제라스 요놈 참 물건이넹
7830941,제라스 계속 잘해주네
7831050,2500인가로
7831902,환아 티모흡혈신 체감되냐
7832415,16렙을 찍어야됨
7832814,탱이 없어서 살살녹네
7833010,버싯이나 심자
7833435,그냥 버섯만 마구마구 깔아다오
7835583,티모평타 진짜느맄
7836322,남들 총칼쓰는데 지혼자 뭔 리코더부는샛기
7841960,옛날 탑쉬바나가 그래서 갱플 개팼던거같은데
7842584,모션만 바뀐걸로 아는데
7847634,약속의 16레벨 얼마 안남았다 빨리가보자
7851764,16랩이빨리되야
7854150,영역전개
7858148,16렙되면 뭐 달라짐?
7859727,ㅋㅋ
7859814,잘큰제라스라
7861622,지금 님 데스를 보셈
7862929,옜날티모짤생각나네
7864055,티모도나름
7864958,궁 레벨
7865613,후반캐란거임
7866331,버섯쿨 엄청줄어듦
7867441,내몸에도 버섯하나자란다물쥐야
7868226,왜 티모하니까 이기는것같지??
7870335,버섯을 진 덫처럼 까네 원래 이렇게 해야되나
7870512,애니비아 블루뺏어먹는 티모
7870983,읏-챠
7872789,츅
7876209,아프제 ㅋㅋ
7876372,ㅋㅋㅋㅋ
7878883,딜 ㅈ되긴하네
7879579,아파용
7880182,티모가 3코어부터 뭔가 존재감이 드러나네
7881048,티모가 솔랭에서 좋거든요
7881701,파카버섯까는거보고 배우자
7884284,버섯~ 이러는 거 개꼴받네 ㅋㅋㅋ
7885701,버섯농가
7886752,어서 내게 16렙을
7890059,조이가 버섯을 먹었네 {:d_108:}{:d_108:}
7893159,?
7893834,버섯을 ㅈㄴ 벽에 붙여까니까
7894900,쥐평
7895650,잘좀 ㄲㄹ아
7898743,지환아 라인밀고잇을때는 라인뒤에다가도 버섯깔아놔
7898939,치감발라
7899553,티모 특 후반에 ㅈㄴ든든함
7900981,그럼힐도구림
7901436,애들잘밟아그럼
7903897,버섯을 벽에서 약간 떨어뜨리면 좋음
7904187,어어
7904986,너무 벽에만 깔긴함
7905409,16레벨 왔다모아놔 물쥐님
7907949,버섯을 왜 벽에 붙혀서 밖음ㅁ?
7908896,{:d_254:}
7910460,{:d_254:}{:d_265:}{:d_265:}{:d_265:}
7911707,ㅁㅍ
7912961,슬로우~
7913014,버섯묵땨 ㅋㅋ
7913898,버섯~~~~~~
7915204,ㅠ ㅠ
7915563,ㅋㅋㅋㅋㅋㅋ
7915751,ㅋㅋ
7915826,?
7915877,ㅜㅜ
7916273,헉
7916302,ㅋㅋㅋㅋㅋㅋㅋㅋㅋㅋㅋ
7916306,뭣?
7916311,조이한테 버섯먹이기{:d_108:}{:d_108:}{:d_108:}
7916335,ㅠㅠㅠ
7916475,<<<
7916686,헐
7916875,아익
7917175,ㅋㅋㅋㅋㅋㅋㅋㅋㅋㅋㅋㅋ
7917416,왜욕을;;
7917567,와 저게잡네
7917742,ㅋㅋㅋㅋㅋㅋㅋㅋㅋㅋ
7918147,ㅋㅋㅋㅋㅋㅋㅋㅋㅋ
7918202,너무해
7918527,ㅠㅠ
7918624,<<<<<<<
7918626,대라스 ㅋㅋ
7918735,?
7919004,그게 무슨소리니...
7919248,제라스
7919304,<<
7919930,특이점 왓다
7920106,물쥐새끼?
7920387,<<<<<<<<<<<<<
7920516,ㅠㅠ
7921245,ㅋㅋㅋㅋㅋㅋㅋ
7921475,제라스 악의임
7923137,ㅋㅋㅋ아
7925554,?
7926228,제라스 메자이
7926443,제라스 티모 히트인데?
7926708,음?
7926814,폭사
7926847,???????
7926921,할머니의 고추기름인가봄
7927023,ㅋㅋㅋㅋㅋㅋㅋㅋㅋㅋㅋㅋㅋㅋ
7927159,{:d_126:}
7927640,아아악
7928607,뿌 직
7929309,어라
7929360,어어
7929558,어어
7929912,제라스 궁 맞출수록 썌짐
7930066,음?
7930593,갱플캐리요
7930886,;;
7931376,뭔딜이여 이거
7933098,버섯좀 벽에 붙혀서 박지 마셈 ㅇㅇ
7933178,뭔딜이야
7933474,저거 걍 말안됨 딜
7934938,갱플 딜 뭐야
7935072,여 블츠 야루자나이카!
7935174,겜졌네 ㅅㄱ
7935669,아까 조이 딜
7935866,갱플지금1티어임
7936890,서로 푹찍이네 ㅋㅋ
7937761,갱플 개쎄다
7938993,갱플 개쌤
7940897,이러다겜지겟는데
7943044,갱플개쎄당
7943257,조이딜아님?
7944918,벗어
7945907,버섯을 제발 벽에 붙여깔지마세요
7947139,갱플잘크니까 2인분이상하는구나
7947171,버섯 위치를  왜저렇게 깔음?
7948725,게임이 왜이렇게 웃기냐 ㅋㅋㅋㅋㅋㅋㅋㅋㅋㅋ 포킹대전이네
7949472,ㄹㅇㅋㅋ
7950949,평타 완벽각아니면 치지말고 뒤에서 설계만 ㄱㄱ
7950970,아무무 <- 찐따새X ㅠ
7951205,저게 본체임
7952514,모모모~
7952586,아님 님 지금 죽어잇음
7952600,버섯인본체긴해
7952731,티모는 아직 살아숨쉬고 있따고
7953460,ㅋㅋㅋㅋㅋㅋㅋㅋㅋㅋ
7954302,죽은건 죽은거죠
7955142,티모는 어짜피 농부임
7956627,너 그거 버섯
7958004,버섯 벽에 붙혀깜 -> 하수 플레이
7958353,버섯을 1티모미터 떨어뜨려서 깔아야되는대 존나 붙여까니까 안밟음 수고
7959248,띠모
7959563,버섯 위치가 절대 안밟을듯
7959727,?
7960067,죽었을 때 최후의 저항 터지는 버섯이 개 꿀인데
7960486,버섯본체론
7960779,버섯 근데 왜케 찐따위치에 깔어
7961020,갱플 vs 라스
7962499,게임은 터진거 같습니다
7963797,티모네버다이
7964417,?
7965932,ㅋㅋㅋㅋㅋㅋㅋㅋㅋㅋㅋ
7969264,버섯이 왜 벽딸치나요?
7969688,중요한 건 티모는 죽어도 재밌다는 거임
7971415,블츠 고기방패중
7972851,와
7973004,제라스 이놈 뭐야
7973238,캬
7975953,캬
7976121,와 제라스 ㅋㅋㅋㅋ ㅈㄴ썌네
7976597,와
7977031,신라스
7977602,와
7978475,ㅋㅋㅋㅋㅋㅋㅋㅋㅋ
7978777,깡통
7978784,와 딜봐라
7978973,오
7979450,지ㅣㅣㅣㅣ멘
7979548,제라스 ㅈㄴ쎄
7979706,제라스 궁
7979861,똥나오네
7980504,제라스 개쎄네
7980559,대 깡 통
7980560,제라스 댄스 현란하네
7980687,제라스도 거으대포네
7980915,신라스
7981350,제라스 기사임?
7982010,제라스 왤케쌤?
7982585,움직임 예상이 다 됩니다 움직임이~~
7982716,흥분했어요
7983642,신 통
7985022,균열운 별로에요??
7987443,제라스 드리블 장난없네
7987598,"제라스 무빙 좋네 ,,,"
7987696,ㅋㅋㅋ
7987983,포병 ㄷㄷ
7988642,{:d_254:}
7989330,제라스 지리네
7990097,ㄹㅇ ㅋㅋ
7990684,?
7990776,ㄹㅇ
7991444,ㄹㅇ ㅋㅋ
7992406,딜습박
7992644,ㅋㅋㅋ
7993050,제티조합 좋은데
7993299,제라스가 센스가 좋네
7993372,ㅋㅋㅋㅋㅋㅋㅋ
7993664,ㄹㅇ
7994189,제라스티모 조합 개웃기네 ㅋㅋㅋㅋㅋㅋ
7994382,지이랄낫네 ㅋㅋㅋㅋ
7995131,지라스;;
7995793,모모모~
7995798,제라스 줫나 세네
7995949,K9 자주포 ㄷㄷ
7996073,제라스뭐임
7996200,신라스 뭐지
7996529,라스햄 잘하네
7996956,딜 습박 ㅋㅋ
7997023,버섯과 전기맨
7997086,슬로우라 피하지도못하고
7997518,개십 ㅋㅋㅋㅋ
7997758,헬퍼급 ㅔㅈ라스네요
7998538,제티 맛있네 ㅇㅇ
7998570,제라스ㅈㄴ잘하네
7998614,제라스 센스 지리네
7998632,버섯+제라슥궁콤
7998727,플Q했나? 진짜 잘하네
7999155,티모제라스 좋네 ㄷㄷㄷ
7999371,제티 ㅋㅋㅋ
7999578,제라스 잘하네
7999736,버스지리네;
8000116,지라스급
8000144,제티조합
8000396,제모조합 뭔데
8001448,시너지 있네 이거
8001777,?
8001959,제티 조합
8002011,?
8002136,제라스가 티모랑 할줄아네
8002265,습박
8002700,마인 ㅈㄴ 웃기네
8003023,너무 벽에 붙여깐다
8003475,쎈바론인데 가능?
8003784,?
8003835,네~
8004079,제티가 맛있긴해
8004315,?
8004368,?
8004563,ㅋㅋㅋㅋ
8004681,넵
8004966,?
8005604,넵
8005840,균열 별로임??
8006174,?
8006237,왔네
8006602,어?
8006836,진짜 버섯 ㅈㄴ열받게 심네
8007867,넵
8008048,?
8011311,버섯 신기하게 까네
8011320,버섯배치 ㅋㅋ
8013346,?
8013670,아니 너무 못까는거 아님?
8014092,이따이..
8014270,렝가피없데
8014284,아니 버섯 위치 너무 허졉하다
8014316,이따이
8014400,제티보단 제모로 해주세요
8015029,이거 쌘바론인데 되나
8015042,제라스 너가만나본사람중에 제일잘하는사람일걸 ㅋㅋ
8015901,탱티모
8016151,ㅋㅋㅋㅋ
8016457,죽는다
8016599,기사급이네 제라스
8016698,아파 아프다고
8016939,ㅈㄴ쌘 바론이야
8017636,아픈거 알아
8019504,이따이
8019689,둘이되나
8019860,이따이..
8021022,ㅋㅋㅋㅋㅋㅋㄱㄲ
8021630,제라스 그냥 수준이다름 혼자
8022001,{:d_108:}{:d_108:}{:d_108:}
8022144,못잡아
8022241,렝가 어디갔누
8022264,쌘바론이라
8022460,바론에 버섯까는 방법이 있긴한데..
8023375,이따이이따이
8024880,렝가 미친련 머야
8025845,흡혈신 캐리
8028980,버섯 팤튜브 보고 배우자
8029196,야다 이따이 요즘 일본어만 쓰네용
8034012,혹시 모름
8034974,버섯 북두칠성 만듬?
8036306,버섯 ㅋㅋ
8038899,그 위치로 도망치다 밟음
8039873,렌즈에 싹다 지워질 예정
8040934,용에 까셈 이제
8041055,쥐토히로부미라서그럼
8041211,북두칠성 ㅋㅋ
8041316,물쥐님 바론 꼬리에 잘 던지면 바론에 터져요
8042011,이건 티모심리학 공부좀 해야겠는데?
8042612,버섯은 팤튜브
8042967,맛없긴하네
8042970,야다 이따이 다음에는 뭐 쓸려나
8043010,버섯을 너무 뭉쳐서 까는거 아니야?
8043242,16렙 티모는 못막지
8043520,와드로쓰죠
8043683,그냥 죽창대전이네
8046151,버섯을 좀 벽에서 띄워서 깔라던데
8046845,물쥐 버섯아트 공부좀 더 해야겠다
8047015,담템 뭐임?
8047045,버섯 까는법만 배우면 티어 올라감 ㅇㅇ
8047135,물괴님 치감 하나 어때 니달리 짜증나는데 ㅇㅇ;
8047311,채팅창 글씨체가 좀 달라진거같다
8047426,환아 흡혈신 체감되냐
8047894,티모 징수는 별로인가요
8048532,일본쥐 ㅋㅋ
8048541,친일쥐라그럼 ㅇㅇ
8049061,버섯킹
8051043,{:d_254:}{:d_265:}{:d_265:}{:d_265:}{:d_265:}
8051529,게임 진짜 개판이네
8053596,다산 티모
8054859,북두칠섯
8055143,이속이 말 안되네
8058483,버섯 공부만 하면 그마는 그냥 갈듯?
8061308,물쥐의 버섯농장
8062265,순풍티모
8063729,진짜 너무 붙인다 벽에
8065246,렝가 또 버그 고쳐져서 강해짐?
8065959,스태틱하면 라일라이도 묻나요?
8070813,어어..
8071235,티모 ad가 무슨 171이냐
8074453,게임 난장판이긴하네 ㅋㅋ
8075358,벽에 너무 붙이지말죠
8075588,야다
8076173,순풍산부인과 (32)
8078610,공속은 스테틱으로 해결되나보네 이제 내셔는 완전 안가는건가
8078837,티모새기 ㅋㅋ
8084427,애초에 티모 평타에 라일이 안묻을텐데
8092752,무차별 폭격기
8095221,난 내셔도 감(골드3)
8097314,icbm 습박
8100849,제라스 궁 쿨 얼마제
8101123,이 숑키 아까부터 루피한테 화약성 묻혔다고 활약어필중 커엽누 ㅋㅋ
8103340,끌었으면 ㅋㅋ
8103710,블츠 습박;;
8105386,블츠방금끌엇으면 ㅋㅋ
8105729,무무를 끌면이놈아
8106648,무무르 ㄹ끌면
8109221,이런게임특 한번에 물리면 싹밀림
8110559,뿌직
8111562,ㅋㅋㅋㅋㅋㅋㅋㅋㅋ
8112210,ㅋㅋㅋㅋㅋㅋㅋㅋㅋㅋㅋㅋㅋㅋㅋㅋㅋ
8112787,펑
8114025,ㅋㅋㅋㅋㅋㅋ
8114376,고통스러워요~
8116567,치감 가야겠다
8118418,찌리릿
8118665,도오오옥
8119269,ㅅㅂㅈ
8121557,ㅈㄴ 재밌긴하네 티모
8121749,칼바람
8122134,애들 좋아죽네
8122647,ㅋㅋㅋㅋㅋㅋㅋ
8122802,아무무군
8122897,ㅋㅋㅋㅋㅋㅋㅋㅋㅋㅋ
8122973,스독틱 ㅅㅂ ㅋㅋ
8123087,ㅋㅋㅋㅋㅋㅋㅋㅋㅋㅋㅋㅋㅋㅋㅋㅋㅋㅋㅋㅋㅋㅋㅋㅋㅋㅋㅋㅋㅋㅋㅋㅋㅋㅋ
8123515,ㅋㅋㅋㅋㅋㅋㅋㅋㅋㅋㅋㅋㅋㅋㅋㅋ
8124311,칼바람그자체노
8124371,개재밋네
8124696,아무무 ㅠㅠ
8124866,조합 개쳐역겹네 ㅋㅋㅋㅋㅋㅋㅋㅋㅋㅋㅋ
8125473,ㅋㅋㅋㅋㅋㅋㅋㅋㅋㅋㅋㅋㅋ
8125529,무무 아무것도못해 ㅋㅋ
8125957,ㅋㅋㅋㅋㅋㅋㅋㅋㅋ
8126353,티모 진짜 죽이고싶네
8127059,ㅋㅋㅋㅋㅋㅋㅋㅋㅋㅋㅋㅋㅋㅋㅋㅋㅋㅋㅋㅋㅋㅋㅋㅋㅋㅋㅋㅋㅋㅋㅋㅋ
8127547,ㅋㅋㅋㅋㅋㅋㅋㅋㅋㅋㅋㅋㅋㅋㅋㅋㅋㅋㅋㅋㅋ
8127939,ㅋㅋㅋㅋㅋㅋㅋㅋㅋㅋㅋㅋㅋㅋ
8128598,ㅋㅋㅋㅋㅋㅋㅋㅋㅋ
8129173,무무쿤 ㅠㅠ
8129533,ㅇ아무무군 방황하고있어요
8131470,ㅈㄴ재밌네 ㅋㅋㅋ
8131694,무무찡
8132452,아무무는 제발 r키를 눌러보세요 ㅠㅠ
8132762,레전드조합이긴하노 ㅋㅋㅋㅋㅋㅋㅋㅋㅋㅋㅋㅋ
8133320,버섯의 신
8133381,가서 죽어
8133491,사지로 내몰리는 개무무 ㅋㅋㅋ
8134422,무무야 ㅠㅠ
8135206,칼바람 부조리 그자체아니냐
8135259,찐따쉣
8135390,티모 개 얄밉네 진짜
8135831,아니 이거 칼바람임? 조합 개역겨운데 ㅋㅋㅋㅋㅋㅋ
8136580,죽으러가는병사 ㅠㅠ
8136615,갱플 조심
8136703,떠밀렷노
8136722,버섯위치바라
8137363,무무 ㅠㅠ
8137524,걍 ㅈㄴ 재밌어 보이냐 ㅋㅋㅋ
8137799,레전드조합 ㅋㅋㅋㅋㅋㅋㅋㅋㅋㅋㅋㅋㅋㅋㅋㅋㅋㅋㅋㅋ
8138028,탱크 벌처조합이네
8138789,불쌍한 무무
8140669,저러고 아무무 탓 할텐데 ㅠ
8142646,독 야미 ㅋㅋ
8143564,라일라이 까지 ㄱㄱ
8143657,티모 개빡치는 챔이케
8145858,아무무님 r키를 눌러보세요
8149520,탱크 벌쳐 ㅋㅋㅋ
8151192,아무무님 끌려가서
8151278,제라스가 접수를 야무지게하네
8154928,테사기 ㄷㄷ
8160103,제라스 티모 조합이 ㄹㅇ 개역겹네
8161700,테란이 이래서사기인거임
8161781,쌋드라요 마인
8163787,개역겹네진짜
8165353,바론 버섯작업 가자
8167219,블루묵쟈
8167279,버섯심리학이 부족함
8167412,단 280원
8167475,물쥐군 버섯에 리코더도 섞으면 효과적이에요
8169219,저거보니까 아무무 r키누르면 어머니 협박받는다는 고전짤 생각나네
8170375,^모^
8171414,물지 티모로 행복롤하네
8174226,뭔가 티모 제라스 조합이 좋네
8174650,ㄴㄴ
8175419,쥐환님 버섯을 벽에서 좀 떨구세요 딱붙히면 손해임
8175890,ㄱㄱ
8175987,치감누군가는
8176917,버섯근데 너무벽쪽이라 범위손실나는거아니냐
8177203,ㅋㅋㅋ
8177231,치감 안가도 됨
8177283,가야한다
8177732,ㅇㅇ
8178049,치감가자
8180681,ㅋㅋㅋㅋㅋ
8182020,120원
8182777,하모니카아님?
8183401,마인좀 잘깔아봐
8183454,치감 괜찮다
8184011,근감이여
8184039,치감 다묻겠네
8184191,치감안가서 kt진거모르냐
8186865,제라스 아니면 티모 가야함
8187332,ㄹㅇㅋㅋ
8187972,ㄹㅇㄹㅇ
8188562,티모가 치감효율좋음
8190467,죽어도남는치감 개좋음 ㅋㅋ
8191133,티모효율이너무좋음그냥
8191796,모자다
8194167,망각의 구 레츠고
8194331,데캡이다
8196462,버섯 가로등
8196756,인장팔고 ㄱㄱ
8198164,스태틱에 다 터지니까
8198521,버섯치감 지리긴해
8198628,데켑 마렵긴 해
8201449,인장버리죠 ㅇㅇ.
8202899,일단 모자사고
8204069,인장 슬슬 팔아도 되긴함
8205064,핑와 ㅋㅋㅋ
8205517,ㅋㅋ
8206432,스태틱에 치감다발림근데?
8206438,버섯에 스태틱도잇어서
8206450,ㅋㅋㅋ
8208227,ㅋㅋㅋㅋㅋㅋ
8208310,제라스 잘치는데 삐삐저주도 ㄱㅊ을듯
8208339,티모 틱뎀에도 치감 걸림?
8208375,핑와도배 ㅋㅋㅋㅋㅋ
8208460,헉
8208525,?
8208617,?
8208739,?
8208871,신지드는 독에 치감 있는데 티모는 왜 없지
8208920,ㅋㅋㅋ미친련
8208939,?
8208944,?
8208993,? ㅋㅋ
8209066,?
8209142,?
8209216,오빠 그만 박아
8209518,?
8209598,?
8209787,?
8209808,?
8209876,ㅋㅋㅋㅋㅋㅋㅋㅋㅋㅋㅋㅋㅋㅋㅋ
8210670,ㅋㅋㅋ
8210995,<<< 티모
8211262,ㄹㅇ
8212145,버섯이 정정?당당?..
8212147,버섯을깔며
8212661,?
8213186,ㅋㅋㅋㅋㅋㅋㅋ
8213372,?
8214006,?ㅋㅋㅋㅋㅋㅋ
8214053,티모를 하며
8214895,정정당당 (버섯을깔며)
8215265,핑와는 게이긴 함 ㅇㅇ
8215555,<<<
8216124,(티모를 하며)
8216455,버섯을깔며
8216809,?
8216994,티모 : 정정당당하게 해라
8217175,본인은 마인을 깔며
8217356,<< 버섯을 깔며
8218438,템이나사와
8219096,티모하면서 정정당당 ㅇㅈㄹㅋㅋㅋㅋㅋㅋ
8220112,정정당당(버섯을깔며)
8223857,정의는 쥐평
8224610,아~
8225894,메타 바뀌면서 역대급 원딜메타 이랬는데 티모원딜하고있노
8226147,아아아
8226730,ㅋㅋㅋㅋㅋㅋㅋㅋㅋㅋㅋㅋㅋㅋㅋㅋㅋㅋㅋㅋㅋㅋ
8228026,티모땜에 와드값만 3000원 쓴듯ㅋㅋㅋ
8228209,ㅋㅋㅋㅋㅋㅋㅋ
8228279,어우 ㅅㅂ
8228683,ㅋㅋㅋㅋㅋㅋㅋㅋ
8229756,ㅋㅋㅋㅋㅋㅋㅋㅋㅋㅋ
8229788,인생 ㅋㅋㅋㅋ
8229929,홀리몰리
8229971,오우
8230424,와
8230637,?
8230879,ㅋㅋㅋㅋ
8232288,진군 방황하고있어요 버섯에
8232519,먼데
8233399,인생 ㅈ같네 진짜 ㅋㅋ
8234694,ㅅㅂ개띠껍네 제라스티모
8236194,게임 불합리한거 봐라
8236588,니달리야 아프지
8237633,진 바로 전장이탈 ㅋㅋㅋㅋㅋㅋㅋㅋㅋㅋㅋㅋ
8240061,모자만 있었더라면
8240176,정신이아득해짐
8241413,개웃격 ㅋㅋㅋ
8241577,진 좋아죽네요 ㅋㅋㅋ
8241625,진님 게임하기싫죠
8242065,제라스티모
8242584,가둬놓고 ㅈㄴ패누
8244416,이래도 서렌안쳐? 독하다 독해
8245384,데켑좀 뽑고아라
8247358,템
8247517,진 다음 판 티모한다
8249127,뽑고와야지
8249698,이분 왜 협곡에서 칼바람 하고있나요??
8250836,왜대치를함
8252057,버섯밟고 춤추는거 개웃기네 ㅋㅋ
8252089,겜 더럽네
8252261,템이나사쇼
8255070,의미없는대치아님?
8258726,무무횽 궁 가자
8259024,렝가 ㅆㅃ럼 평생 템만뽑음
8260888,아~
8261534,ㅋㅋㅋㅋㅋㅋㅋㅋㅋㅋㅋ
8261582,ㅋㅋㅋㅋㅋㅋㅋㅋㅋㅋㅋㅋㅋ
8261670,나
8261708,ㅁㅊㅋㅋㅋ
8262299,캬
8262448,^모^
8262556,아 야미~
8262650,어으
8262809,ㅋㅋㅋㅋㅋㅋㅋㅋ
8263018,아니 지금 3천원인데 집좀가라
8263945,ㅋㅋㅋㅋㅋㅋㅋㅋㅋㅋㅋ
8264002,머쉬룸~
8264197,하나 밟으면 다 반피네
8264565,야미
8264995,ㅈㄴ 아프네 ㅋㅋㅋ
8265114,ㅋㅋㅋㅋㅋㅋ
8265248,야미 ㅋㅋ~
8265456,버섯 대박터짐
8265457,ㅋㅋㅋㅋㅋㅋㅋㅋㅋㅋㅋㅋ
8265800,딜보소
8265817,와 딜
8266078,티모원딜 지금 진지하게 좋나요?
8266217,ㅋㅋㅋㅋㅋㅋㅋㅋㅋㅋㅋ
8266979,ㅄ ㅄ ㅄ~~~~~~
8267738,{:d_254:}{:d_265:}{:d_265:}{:d_254:}{:d_265:}{:d_265:}
8269271,ㅋㅋㅋㅋㅋㅋㅋㅋㅋ
8269528,아프다모~~~~
8270068,따금해요\
8270092,벗어벗어벗어
8270108,좋아죽네
8270472,독기에 범벅이되어
8271247,딜 뭐임?
8271915,ㅋㅋㅋㅋㅋ
8272956,진짜 개빡치겟네 상대팀 ㅋㅋㅋ 갇혀서
8274648,물쥐의 버섯
8277134,또 티모하네
8277416,이게 매튜렁이 의도한 협곡이란거냐? 습박
8277461,티모진짜 아구창마렵네 시ㅡㅡㅡ발;;
8277964,안빠진듯
8278391,{:d_44:}{:d_44:}{:d_44:}{:d_44:}{:d_44:}{:d_44:}
8279393,안빠진거같은데
8279795,딜 머냐
8279902,ㅋㅋㅋㅋㅋㅋㅋㅋㅋㅋㅋㅋㅋㅋㅋㅋㅋㅋㅋㅋㅋㅋㅋㅋㅋㅋㅋㅋㅋㅋㅋㅋㅋㅋㅋㅋ
8280330,이거 오브젝트공짜에요
8280667,크아악 보기만 해도 띠껍다
8281757,데켑이었다면
8282177,못나와 쟤들
8282251,밟고나서 렌즈돌리는게 개웃김 화들짝 놀라서 ㅋㅋㅋ
8283521,템좀사
8284391,모자
8284438,티모 진짜 개띠겁네
8284999,데캡 사오자 ㅇㅇ
8285060,템사오자
8285555,데캡나온당 ㅋㅋ
8285639,ㅋㅋㅋㅋㅋㅋㅋㅋㅋㅋ
8286498,물쥐 버섯 강력
8286645,모자사야댐
8286900,이사람집언제가나요
8286931,좀 역겹네
8288669,돈쓰고오자
8289154,데캡
8289635,테사기 뭐죵 ㅋㅋ
8290369,진아 주포를갓어야지
8290596,겜꼬라지 줫나역겹네진짜
8291663,용리쉬하고 집 ㄱ
8292111,돈 레전드로 많네
8292269,3천골 귀환
8292347,돈좀씁시다
8293470,치감가면 좋아죽겠네
8293792,모자 ㄷㄷ
8294089,3천원 귀환법 ㄷㄷㄷㄷㄷ
8294304,ㅈ모 습박
8297790,데캡 샀으면 잡았을텐데
8297793,{:d_254:}{:d_254:}{:d_254:}
8297846,벌쳐 시즈로 압박하는 테란같네 ㄷㄷㄷ
8298551,만수르 티모
8299322,ㅋㅋㅋㅋㅋㅋㅋ
8299888,와우
8300218,어 ㅋㅋㅋㅋㅋㅋㅋ
8300647,ㅋㅋㅋㅋㅋㅋ
8300734,ㅋㅋㅋㅋㅋㅋㅋㅋㅋㅋㅋㅋㅋㅋㅋㅋ
8300797,ㅋㅋㅋㅋㅋㅋㅋㅋㅋㅋㅋㅋㅋㅋㅋㅋ
8301538,ㅠㅠㅠㅠㅠ
8302284,와 ㅋㅋㅋㅋㅋㅋㅋㅋㅋㅋㅋㅋㅋㅋ
8302575,ㅋㅋㅋㅋㅋㅋㅋㅋ
8302607,ㅋㅋㅋㅋㅋㅋㅋㅋㅋㅋㅋ
8303197,버섯 = 제라스궁
8303285,ㅋㅋㅋㅋㅋㅋㅋㅋㅋ
8303791,캬
8304107,어시야미
8304113,악의 범위보소 ㅋㅋ
8304579,제라스 티모 진짜 개쳐역겹네 진심 ㅋㅋㅋㅋㅋ
8304812,아니 제라스 크기뭐냐
8304906,악의 크기봐 ㅋㅋㅋ
8305411,ㅋㅋㅋㅋㅋㅋㅋㅋ
8305419,더 아파질 예정
8305548,제라스 궁 말이 안되는데
8305601,악의 딜봐
8305675,무차별폭격기뭐죠
8305947,얘 왜 버섯 밟을 때 마다 생기가 도냐 ㅋㅋ
8306228,와 악의크기
8307051,시즈탱크에 벌처 마인에 테사기 ㅈㅈ
8307294,망구
8307496,이래도 서렌을 안해?
8307616,악의 범위보소 ㅋㅋㅋ
8307947,진짜 끔찍하네 시너지
8307972,ㅋㅋㅋㅋㅋㅋㅋㅋㅋㅋㅋㅋㅋㅋㅋ
8308070,버섯에 궁 개웃기네 ㅋㅋ
8308550,제라스 딜이 ㅅㅂ 보건이냐
8308708,악의 범위봐라
8309127,악의 범위 뭐임 ㅋㅋㅋㅋㅋㅋ
8309177,제라스 진지하게 지멘급임
8309284,악의 범위봐
8309447,치감 가야제
8310875,끝났네
8312124,상대 정신나간다 ㅋㅋ
8312406,와진짜 조합 ㅋㅋㅋㅋㅋㅋ
8312534,정신나간다 상대
8313243,ㅋㅋㅋㅋㅋㅋㅋ 잔인하다
8313803,쟤등정신나가겠다 ㅋㅋㅋ
8314516,모루 사
8315123,어
8315402,어어
8316426,?
8316728,여기는 모루 없나
8316815,데스 그랩
8316887,어?
8316936,갱플 뭔데
8317660,어?
8320058,어?
8320177,?
8320184,?
8320499,이따이
8320762,비상 비상
8320806,어??
8320887,헉
8321169,음?
8321872,아레레?
8321921,엥?
8323424,엥?
8323443,엄
8324019,{:d_126:}
8324091,초 비 상
8324159,뭐야 어쨰서?
8324628,메자이의 저주 ㄷㄷ
8324636,비상 ㅋㅋㅋ
8324771,비상 비상
8324848,응 안끝나면 더좋아 버섯파티 더 즐길수있어
8325804,제라스가 죽으면...
8326058,슬슬
8326419,비상!!
8326527,은신해
8326654,버섯깔아!!!
8326922,신 갱 플
8327037,비상
8327094,치감사자
8327191,덫깔고 은신?
8327518,구축해빨리 ㅋㅋ
8327554,비ㅣㅣㅣㅣ상
8328204,암살 ㄱㄱ
8329312,선장님 너무 건장하신데
8329385,메자이의 저주
8329461,4바람용 티모 보고싶습니다
8329511,메자이의 저주 ㅋㅋ
8330019,영역전개
8330658,치감보다 메자이가 낫나
8330853,숨기
8333328,이속왜이럼
8334192,지뢰밭 ㅋㅋ
8334415,진 암살
8335603,ㅋㅋ
8335737,해야한다
8343163,?
8343200,어라?
8343448,?
8343572,??
8343672,?
8343885,?
8343997,???
8344162,?
8344176,?
8344200,?
8344236,?
8344245,?
8344339,?????????
8344536,??
8344694,?
8344724,평타
8344741,?
8344806,?
8344845,?
8344857,?
8344858,?
8344888,?
8344969,????????????
8344970,?
8345004,어?
8345085,?
8345139,?
8345156,?
8345355,ㅋㅋ
8345377,???
8345424,?
8345435,평타를?
8345466,?>
8345472,?
8345520,?
8345522,?
8345607,???????????????????
8345653,ㅋㅋㅋㅋㅋㅋㅋㅋㅋㅋㅋㅋㅋㅋ
8345744,뭐함??
8345835,음?
8345927,????
8345932,?
8345945,?
8346017,?
8346055,?
8346062,???
8346103,?
8346128,ㅋㅋㅋㅋㅋㅋㅋㅋㅋㅋㅋㅋㅋㅋㅋㅋㅋㅋㅋㅋㅋㅋㅋㅋㅋㅋㅋㅋㅋㅋ
8346236,?
8346286,?
8346370,???
8346382,?
8346411,??
8346480,개못하네
8346482,???
8346493,음?
8346547,?
8346554,????????????????????????
8346615,평타를
8346678,?
8346848,?
8346910,?
8346930,?
8346952,ㅋㅋㅋㅋㅋㅋㅋㅋㅋㅋ
8347026,zzzzzzzzzzzzzzzzzzzzz
8347046,zzzzzzzzzzzzzzzzzzzzz
8347051,엥
8347125,ㅋㅋㅋㅋㅋㅋㅋㅋㅋㅋㅋ
8347143,님평타
8347152,치감
8347180,ㅋㅋㅋㅋㅋㅋㅋㅋㅋㅋ
8347264,와 씹
8347279,??????????
8347364,치감 갓엇으면..
8347364,?
8347575,치감이 없어서
8347576,????
8347589,와 티모 쓰레기다
8347626,??
8347680,??????
8348075,피흡머임?
8348101,치감을 갔다면...
8348267,평타?
8348311,ㅋㅋㅋㅋㅋㅋㅋㅋㅋㅋㅋㅋㅋㅋㅋㅋㅋㅋㅋㅋㅋㅋㅋㅋㅋㅋㅋㅋㅋㅋㅋㅋㅋㅋㅋㅋㅋㅋㅋㅋㅋㅋㅋㅋㅋㅋㅋㅋ
8348318,ㅋㅋㅋㅋㅋㅋㅋㅋㅋ
8348409,치감
8348437,평타 하나
8348441,음?
8348501,미니언 평타 모지요?
8348511,?
8348801,ㅋㅋㅋㅋㅋㅋㅋㅋㅋㅋㅋㅋㅋㅋㅋㅋㅋㅋㅋㅋㅋㅋㅋㅋㅋㅋㅋ
8348826,{:d_126:}{:d_126:}{:d_126:}{:d_126:}{:d_126:}
8348838,?
8348850,미니언쳤음
8348881,????
8348908,엄
8348960,ㅋㅋㅋㅋㅋㅋㅋㅋㅋㅋㅋㅋㅋㅋㅋㅋㅋㅋㅋㅋㅋ
8349025,중간에 평타
8349125,시에스 평타를 왜 침
8349249,티모인데 어쨰서?
8349349,미니언을쳐?????????????????????????????
8349417,치감
8349552,비상
8349591,{:d_126:}{:d_62:}{:d_126:}{:d_62:}
8349637,치감?
8349670,뭐하나요
8349723,?
8349884,그거 실명끝나면 짐
8349985,미니언치고있네
8350048,피흡
8350070,ㅈㄴ약해 ㅋㅋ
8350111,ㅋㅋㅋㅋㅋㅋㅋㅋㅋㅋㅋㅋㅋㅋㅋㅋㅋㅋ
8350116,머 평타를
8350252,피흡사
8350370,치감차이
8350456,쥐 재 앙
8350472,평타 절었노 ㅋㅋㅋㅋㅋㅋㅋㅋㅋㅋ
8350602,흠
8350653,쥐재앙
8350689,???
8350721,?
8350766,머함?
8350823,ㅋㅋㅋㅋㅋ
8350837,미니언 때림 ㅋㅋ
8350950,{:d_126:}{:d_126:}{:d_126:}{:d_126:}{:d_126:}
8350976,븨융~~~신 ㅋㅋ
8351052,미니언 침
8351084,이리와 티모야
8351098,치감
8351258,평타 시바 ㅋㅋㅋㅋ
8351388,왜지긴 평타흘르니까 지지
8351429,뭐해
8351491,피흡이
8351496,치감
8351503,개약하네 ㅋㅋㅋ
8351567,치감
8351622,유쾌한 반란간다
8351664,ㅋㅋㅋㅋㅋㅋㅋㅋㅋㅋㅋㅋㅋㅋㅋㅋㅋㅋㅋㅋㅋㅋㅋㅋㅋㅋㅋㅋㅋㅋㅋㅋㅋㅋㅋㅋㅋㅋㅋㅋㅋㅋㅋㅋㅋㅋㅋㅋㅋㅋㅋ
8351792,미니언을 치시면
8351852,미니언 치지않음?
8351887,평타 전거아님?
8351899,{:d_43:}{:d_106:}{:d_106:}{:d_106:}{:d_106:}{:d_106:}{:d_106:}
8352169,ㅈ모 컷
8352224,ㅄ
8352246,늙기 싫다
8352330,미니언평타권
8352368,왜 미니언 때림?
8352372,치감갈껄
8352379,와....
8352412,미니언때림
8352464,치감차이 gg
8352489,??
8352688,음?
8352735,미니언평타
8352904,미니언은 왜침?
8353076,미니언침
8353123,아 치감갈껄~~~~~~
8353318,절엇네
8353432,흡신이에용~
8353449,벌레원딜 뭐냐
8353509,미니언한테 평타를 어째서?
8353649,미니언 평타 실화임?
8353652,음?
8353656,치감이 잇엇더라면
8353657,어디 티모새기 따리가
8353681,미니언 평타
8353729,평타 미니언을
8353736,미니언평타
8353750,미니언침
8353836,진자 꾸릉내나네
8353895,평타한대 ㄷㄷ
8353922,???
8353965,참교육 ㅋㅋㅋㅋㅋㅋㅋㅋㅋㅋㅋ
8354016,치감살걸
8354157,평타를 어때쳐
8354179,메자이 팔고 치감 가자
8354200,평타 절은거 아님?
8354457,{:d_126:}{:d_62:}
8354615,치감
8354801,{:d_126:}{:d_126:}{:d_126:}{:d_126:}{:d_126:}{:d_126:}{:d_126:}{:d_126:}{:d_126:}
8355084,개구리노
8355087,치감이요 ㅋ
8355095,내셔없자나
8355401,평캔 뭐임
8355405,{:d_106:}{:d_106:}{:d_106:}{:d_106:}{:d_106:}{:d_106:}
8355453,ㅇㄷㅊㅇ
8355455,피흡신
8355806,미니언을왜때림
8355898,{:d_126:}{:d_62:}
8355939,퓽~
8355986,미니언평타 습밬 ㅋㅋ
8356068,피흡
8356074,왜 미니언
8356107,병 ㅋㅋㅋㅋㅋ
8356174,미니언 침 ㅋㅋㅋㅋ
8356257,메자이 왜삼?
8356703,zzzzzzzzzzzzzzzzzzzzzzzzzzzzzzzzzzz
8356741,에휴에휴에휴
8356815,치감있었으면 이겼다 ㅇㅇ
8357010,미니언때려서
8357011,메자이나 팔아
8357094,메자이팔고 치감
8357217,피흡이지 뭐야
8357341,치감가자
8357352,리플보셈 진짜 심각함
8357574,치감을 갔다면..
8357753,내셔없는게좀큼
8357784,피흡이 근데 뭐지
8357870,미니언 침
8357897,미니언 치고 왜져
8357957,치감 가야지
8358036,<<
8358096,ㅋㅋㅋ
8358250,{:d_126:}{:d_126:}{:d_126:}{:d_126:}
8358431,{:d_43:}{:d_43:}{:d_43:}{:d_43:}{:d_43:}{:d_43:}{:d_43:}
8358733,미니언 평타 뭐지요?
8358910,치감가라
8358917,왜 실명 안써
8358936,{:nlmiso95135:}{:nlmiso95135:}{:nlmiso95135:}{:nlmiso95135:}{:nlmiso95135:}{:nlmiso95135:}
8359022,비ㅣㅣㅣㅣㅣㅣㅣ상
8359129,4타 속도가 실명보다 빠름
8359320,메자이 팔고 치감 가라
8359411,<<<<
8359458,ㅋㅋㅋㅋㅋㅋㅋㅋㅋㅋ
8359547,치감안간벌 받아야지
8359571,제라스 빡쳣다
8360083,{:d_126:}{:d_126:}{:d_126:}{:d_126:}{:d_126:}{:d_126:}
8360323,??
8360570,야다..
8360675,개모 방금 미니언 족치는거 뭐죠?
8360898,치감 간다메?
8360989,??
8361405,미니언 뭐지요
8361416,미니언평타 인간아니네 이거
8361551,제라스 ㅋㅋㅋㅋ
8361561,개모탱{:mlb_76:}{:mlb_76:}{:mlb_76:}
8361717,메자이 팔고 치감가라 ㅋㅋ
8361808,{:d_59:}{:d_59:}{:d_59:}{:d_59:}{:d_59:}{:d_59:}
8361992,미니언을 왜쳐 ㅋㅋㅋㅋ
8362216,망구나 사쇼
8362250,메자이 팔자
8362280,찢
8362345,치;감
8362633,제라스 분노 ㄷㄷ
8362704,내셔없는게좀크죠 ㅇㅇ
8362733,치감좀 가
8362876,헉
8362953,치감ㄱ
8363076,치감 가자...
8363176,치감 ㄱㄱㄱㄱㄱㄱㄱ
8363637,뿌직
8363676,쥐전드다 쥐전드 ㅋㅋㅋㅋㅋㅋㅋㅋㅋㅋㅋㅋㅋㅋㅋㅋㅋㅋㅋㅋㅋㅋㅋㅋㅋㅋㅋㅋㅋㅋㅋㅋㅋㅋㅋㅋ
8363900,{:d_126:}{:d_126:}
8364101,찢
8364337,ㅠㅠ
8364533,<<<<
8365152,왜 힘들긴 제라스야 아까 니들이
8365159,치감가자
8365252,치감이나 사죠
8365452,겜이 힘ㄷ르데
8365608,치감이나 가쇼
8365889,메자이가서짐
8366009,어뷰 ㅋㅋㅋ
8366318,찢겼어 ㄷㄷ
8366567,치감을 가자 그냥
8366661,<<<<<<게임이 힘든 이유
8366860,존야 ㄱㄱ
8367054,무덤꽃?
8367274,보이드?
8367284,ㅋㅋㅋㅋㅋㅋㅋㅋㅋㅋㅋ
8367375,치감 레츠고
8367819,치감
8367938,망구나가
8368002,치감 ㄱ
8368220,{:d_126:}
8368519,망구가야지
8368777,얌전히망구 ㅋㅋ
8368906,내셔가쇼
8368977,치감이나 가라
8369099,치감가자
8369225,ㅋㅋㅋㅋㅋ
8369407,????????????
8369520,내셔없는것도큼
8369691,평타 2번절고 미니언치고
8369805,건실하게 버섯하자
8370323,치가 ㅁㄱㄱㄱㄱㄱ
8370411,치감가라
8371037,음?
8371218,치감 ㄱ
8371227,내셔라도 갔더라면
8371575,비상비상
8371593,미니언 풀딜 뭐지여
8371627,치감안가면 짐
8371919,마관을 가
8372033,kt물쥐
8372617,?
8372788,미니언 2대 레전드 사건
8372833,내셔는?
8372945,내셔 ㄱㄱㄱㄱ
8372968,티모를 얼마나 해봤겠냐
8373147,치감 나쁘지않을거같은데
8373890,내셔가야함
8374726,뿌직
8374815,응?
8375188,치감을 안가셔 지셨어요
8375917,아니면 내셔
8376124,?
8376470,{:hejingZ:}{:hejingZ:}{:hejingZ:}{:hejingZ:}
8376670,마관가 그럼
8376792,치감가 제발
8376849,지금 치감 ㅈㄴ 좋음
8377003,내셔면 되는데
8377036,치감 사 그냥 얌전히
8377094,내셔는?
8377432,치감ㄱㄱ
8377984,니달리 갱플
8378004,치감가라
8378051,근데 진이 버섯을 하나도 안밟았어
8378270,내셔
8378419,갱플 니달리인데 ㄱㅊ?
8378802,어둠꽃
8378894,그거아니면 마관
8378973,황새가자
8379059,존나 웃기노 ㅋㅋㅋㅋㅋ
8379090,버섯을 안밟아서
8380197,내샤
8380323,내셔가 없으니까 지지 ㅋㅋ
8380361,치감 없어서 죽었잖아
8380493,k
8381250,그러네 내셔가 없네
8381289,티모라졌다
8381978,망구나가3
8382073,치감 가지
8382121,치감 있어야될거 같은디...
8382708,치감 니가 안가면 누가가
8382906,제라스 : 겜이 왤캐 힘들지 ㅋㅋㅋ
8383173,마관안감?
8383300,게이임?
8383565,치감 무조건임
8383667,치감가야되
8384214,치감가라
8384848,내셔 안감?
8385017,내셔가라고오
8385067,갱플니달리임
8386208,치감 효율 넘사일텐데
8386345,내셔가 없네
8386972,내셔는 원래안감
8387854,내셔or치감
8388403,망구가라고
8389931,ㅇㅇ
8391244,ㅇㅇ
8391748,영약빨아
8392276,진 피흡신 신의한수
8392317,진 피흡때문에 졌는데 ㅋㅋㅋ
8392381,망구가
8392625,니달리 좋아죽게만들죠
8393251,피바 니달리 갱플이라
8393509,ㅇㅇ
8393820,망각의 구 레츠 고
8394030,치감에 영양먹자
8394829,니달리 갱플에 원딜인데
8394920,치감이 더 띠꺼움
8395045,망구효율 레전드긴함
8395076,ㅇㅇ
8395616,치감이 딜템이야 지금
8396610,피흡 거의 1/3 한거같던데
8397141,굿
8397550,효율너무좋긴해 상대
8397679,휴 편안
8398886,님아 스태틱 아직 필요함?
8399140,진피흡때문에진거같긴함
8399522,진피흡으로찬거도있어서
8399613,템 1개 많아서 어차피
8400159,조이 2 13 1 ㅋㅋ
8401241,치감에 체력 달려서 나쁘지 않음
8401397,제대로하죠
8401631,갱플 니달리에 지금 진도 템보면 피흡 미쳤음
8401945,방금 치감차이아님?
8403588,그거 마깎가야지 제라스가
8404019,제국의 명령
8404396,와
8404612,레전드
8405209,음??
8406043,ㄲㅂ
8406076,레전드네저거
8406122,니달리 서폿템 산거 봐라
8406195,ㅋㅋㅋㅋㅋㅋㅋㅋㅋㅋㅋㅋㅋㅋㅋ
8406679,바론먹히면
8406843,저걸 잡ㅈ네
8406964,스태틱 이제 필요없지않음?
8407646,딜보소
8407664,제라스 딜봐
8408316,제라스 좀 치네
8408427,ㄲㅂ
8409347,스태틱 팔고 마관 가야지
8409750,뎀지 ㄷㄷ
8410355,무덤꽃 ㄲㄱ
8410428,?
8411389,키아나진자
8411538,ㄹㅇ
8411989,ㅋㅋ
8412259,진짜 박격포를 쏘네
8412895,저걸이제 들어가네
8413060,존나못한다
8413601,ㄹㅇ
8413829,키아나 갱플차이 좆되긴함
8414120,ㅋㅋㅋㅋㅋㅋㅋㅋㅋ
8415219,무덤꽃 ㄲㄲㄱ
8416940,게임이 이상해져버려...
8417606,겜 진 거 같은데
8417923,깡통새끼야지켜
8419845,그러네 키아나 존재감 없누
8421760,ㅋㅋㅋㅋㅋㅋㅋ
8421773,무덤꽃 ㄲㄲㄲㄲㄱ
8423446,반피
8423512,ㅋㅋㅋㅋㅋㅋㅋ
8423776,아
8423884,?
8424040,아니 그 팀 마깍해주는거 있찡낳나
8424052,28
8424489,음?
8425846,제라스불쌍하노 ㅋㅋ
8426328,어어
8427073,너무아픈데
8427154,어허 딜밀려
8427214,딜 뭐냐
8427462,ㅋㅋㅋㅋㅋㅋ
8427938,1202
8428275,정신 못차리지 개모야
8428409,38분ㄴ인데 마관을 안가네
8428748,죽을번
8429472,진나쌔
8429507,맞으면 죽는다 ㅋㅋㅋ
8429685,평타딜 왜이래
8429822,게임 역전각인데
8429900,ㅋㅋㅋ
8430301,이거 이상하다
8432014,무덤꽃 ㄲㄲㄲㄲㄲㄲ
8432263,ad999뭐임?
8432631,ㅋㅋㅋㅋㅋㅋㅋㅋ
8432638,ㅇㄷㅊㅇ
8433313,비상
8433743,지겠노 ㅋㅋㅋㅋㅋ
8433961,에절교육 ㅋㅋ
8434133,ㅋㅋㅋㅋㅋㅋ
8434212,져라
8435017,덫작좀해봐
8435463,게임이 이상해져버려..
8435694,ㅋㅋㅋ 팔한짝 뜯겼노
8436046,실명 거의 의미가없농
8436329,무덤꽃 가라
8436887,아프다
8438103,포킹 조합 특 재미만 보고 게임은 짐
8438920,그불말고 무덤꽃 가지않나
8440282,?
8442569,?
8443555,ㅋㅋㅋㅋ
8444194,피흡봐
8445981,진 피흡뭐고
8447117,조이 미쳤누
8448329,저러니간졌지
8449125,스태틱 팔면 안됨?
8449280,ㅋㅋㅋㅋ
8449849,버섯깔고 용에서 해야겠는데
8452540,오징진 형임?
8453243,진 마저템감?
8454626,마방이라도 둘렀나
8454926,왤케 벽에 붙이냐
8455319,ㅋㅋㅋㅋㅋㅋㅋㅋㅋ
8456065,ㅋㅋㅋㅋㅋㅋㅋ
8456240,진 야발아
8456602,진근데
8456720,안돼
8456988,스태틱을 왜 팔아
8457125,티모 버섯 ..
8457149,한곳에 몰아서깔면 안좋나?
8457379,야다..
8458372,스태틱은 있어야ㅐ해
8458413,진이라 ㄱㅊ
8458466,즉시 해체
8459360,버섯못캐내
8460419,진이라 버섯 한세월이네 ㅋㅋ
8460578,진이라 못부수노 ㅋㅋ
8460747,렌즈진 ㅋㅋㅋㅋㅋㅋ
8460867,진으로 지우기 힘들텐데
8460949,진 야발려아!!
8461015,스태틱팔면 라클이안됨
8461680,진버섯못캐는거 ㄹㅈㄷ
8462099,🍄🍄🍄🍄💦💦💦💦
8462114,진이라 버섯을 못깨네 ㅋㅋㅋ
8463203,스태틱팔면 티모하는 이유가 없는데
8463386,ㅋㅋㅋㅋㅋㅋㅋㅋㅋㅋㅋㅋㅋㅋㅋㅋㅋㅋ
8464019,ㅋㅋㅋㅋㅋㅋ
8464748,스태틱은ㄴ ㅋㅋㅋ
8465083,진이라서 2개 부수네 ㅋㅋ
8465285,스태틱으로 치감까지해서
8465569,진버섯못캐노 ㅋㅋㅋㅋㅋㅋㅋㅋㅋ
8466023,그불대신 보이드가 맞는듯
8466571,진이라 하나밖에 못지워 개웃곀ㅋ
8467828,내 버섯농장 지켜
8468110,무덤꽃가서 마관 쿨감 다 떙겨야함
8468358,버섯때문에 못나오노
8469906,상대 렌즈 몇명임
8472077,그불이 별론가
8472704,쥐쿰 왤캐웃기냐
8472815,그냥 버섯 여기있다 광고하네
8476637,{:d_254:}{:d_254:}{:d_254:}{:d_254:}{:d_254:}
8477825,아프제 ㅋ
8478874,그불빼고 보이드 사야하나
8479136,진이 렌즈가서 지우는게 개웃기네 ㅋㅋ
8481625,해줘!
8481884,티모 힘빠진다..
8483301,별로안아파보이는데
8485887,진 피흡 나와서 포킹이 의미가 없ㄴ는데
8487315,개사기네 ㅋㅋ
8488172,라클 미쳣네
8488217,보이드가 더 좋음?
8488353,라클봐라 ㅋㅋ
8489243,ㄹㅇㅋㅋ
8490360,먹헌아너것ㅅ
8490493,미친밸류
8491533,사곤데
8492078,보이드 못사는거 너무 아쉬운데
8493017,렝가님?
8493361,에반데
8493559,아아
8493677,마관이나가쇼
8494637,ㅈㅈ
8494661,스태틱 피흡 미쳤네
8497696,렝가님?
8499185,ㅈㅈ
8500030,?
8500314,ㅇ[ㅇ?
8500389,좃껄룩 뭐지요?
8500458,왜 무무를
8501468,김가 ㅅㅂ
8501720,엥 설마
8501750,렝님?
8501750,쥐쥥 ㅋ
8502070,ㅈㅈ
8502558,ㅈㅈ
8502971,진 왕귀중
8503045,렝가님...?
8503099,어?
8503435,핏빛저주강되는디
8503465,ㅈㅈ
8503490,게임 이상해졌노
8503902,아무무 죽여서 뭐한다고
8503963,ㅈㅈ
8504650,은신크랙 ?
8504736,진옆에 뭉치면 이김
8505375,다 썩었나?
8505416,좇가
8505739,버섯이나 깔자
8506412,렝가 평생 정글링만 하더만 이제 던지네
8506462,이상하다
8506527,애들 지뢰 찾기 실력이 보통이 아닌데
8506827,애옹
8507178,미드 상륙작전 ㄷㄷㄷ
8507469,설마 40분게임을?
8507738,게임 이상해
8507843,비상
8508737,제라스억울하겠네
8510363,버섯야미
8511424,제라스 혼자겜다했는데 ㅋㅋㅋㅋ
8511469,ㅈㅈ
8511839,재미만보다가 졋네
8512629,진한테 지는건 좀 수치스럽네
8513110,그렇게 됐습니다~
8514683,집에깔아
8514965,애들 지뢰 찾기 잘해서 이거 안통한다
8515353,은신크랙 ?`
8516368,진짜졌노
8517124,피가 안다는데
8517749,제라스딜버근가
8518947,아쉬운거지 뭐
8519287,제라스 포킹이 답이다
8520345,스태틱 안팔면 맞딜 짐
8523465,수성의 제라스 티모
8524766,어차피 못뚫음
8525329,암살자가 둘인데 제라스가 제일암살잘함
8527164,근데 아무리봐도 이럴바에 시비르하지 튕부보다 밸류낮지않나?
8527260,제라스딜이 이상해요
8529593,복근에 힘 딱줘
8530725,마관을 가야했나
8531626,포병
8533031,수성의 티모야
8533636,우리 이제 놀지말고 제대로하자<< 이미 겜 넘어감 ㅋㅋ
8534602,{:d_44:}{:d_44:}{:d_44:}{:d_44:}{:d_44:}{:d_44:}
8536567,ㅋㅋㅋㅋㅋㅋ
8536835,?
8537218,??
8537260,엥?
8537541,ㅋㅋㅋㅋㅋㅋㅋㅋㅋㅋ
8537959,키아나 먼데
8538064,키아나 던지노
8538237,?
8538330,ㄱ-
8538612,키아나야
8539171,굳이?
8539240,ㅈㅈ
8540214,저게뭔?
8540528,ㅈㅈ
8540566,어라?
8540579,줴줴이야
8540988,줴줴이야
8541249,아줴줴이야
8542088,키아나 쟤는 브론즈임?
8542180,줴줴이야
8542637,어랄라라?
8543071,야다...
8543493,줴줴이야~
8543596,지는거에요?
8543715,ㅈㅈ
8544093,대 무 무
8544199,키아나가 다던지누
8544341,애들머 샀냐?
8545888,줴제이야아아...
8546145,ㅈㅈ
8546858,이걸 지나요
8547150,키아나 님?
8547199,아줴줴이야~~~~
8547280,ㅌㅊㅇ
8547877,ㅈㅈ
8548759,저뿌센~
8548872,뚫렸다 ㄷㄷㄷ
8549095,이거 완전 줴줴이야인데?
8549452,줴줴이야~
8549663,버섯덕에 막긴할듯
8549690,제제이야
8549831,그불 팔고 보이드?
8549840,ㅈㅈ
8550432,ㅈㅈ
8550463,어 어...
8550682,ㅈㅈ
8551048,여기가 칼바람이야?
8551644,님 걍 졋음
8551863,이걸 지네
8552968,게임이 가고있어요
8554006,어
8554434,끝났는데요?
8554523,제라스 죽으면;
8555211,오'
8555269,집중하죠
8555584,ㅈㅈ
8555603,졌는데?
8555743,엥?
8555768,지지
8556229,?
8556271,이거 이상하다
8556363,가엔빼는데 그렇게까지 해야해?
8556377,ㅈㅈ
8556489,ㅈㅈ
8556644,가엔에 궁써버리기;
8556665,이상한게 아니라 졌는데?
8556687,ㅋㅋㅋㅋㅋㅋㅋㅋㅋㅋㅋㅋㅋㅋㅋㅋㅋㅋㅋㅋㅋㅋㅋㅋㅋㅋㅋㅋㅋㅋㅋㅋㅋㅋㅋㅋㅋㅋㅋㅋㅋㅋ
8556766,어어
8556822,ㅈㅈ
8556826,ㅈㅈ
8557067,ㅈㅈㅈ
8557102,줴주이야
8557121,임마 티모할줄모르노
8557175,끝낫는데?
8557263,쥐쥐~~~
8557266,ㅈㅈ
8557307,우리의 억제기ㅏ가
8557397,키아나 못하는데
8557450,제제이아..
8557534,줴줴이~
8557628,ㅈㅈ
8558124,끝났네
8558153,집중하죠?
8558156,재미만 보고  겜 지네 ㅋㅋ
8558242,쥐쥐
8558261,줴줴이야
8558297,제라스 ㅈㄴ불쌍해
8558373,제라스 개불쌍하네
8558394,졌다
8558585,ㅈㅈ
8558587,졌는데?
8558613,ww
8558812,이걸 진다고
8558821,ㅈㅈ
8558835,갔다
8558914,ㅈㅈ
8559038,끝낫는데?
8559171,끝났는데?
8559415,쟤들 결사의 항전에 성공했네
8559507,ㅈㅈ
8559619,제제이야!
8559687,ㅈㅈ
8559868,ㅈㅈ
8560082,끝났느데
8560102,및ㅎ힌갱플
8560112,탑차이
8560157,J J YA
8560358,줴줴야
8560468,끝났음
8560527,끝났다
8560554,뭐여ㅑ
8560577,아 줴줴이양
8560699,{:lck_17:}
8560902,무쓸모ㅓ 쥐모
8561009,졌는데? ㅋㅋㅋㅋㅋㅋㅋㅋㅋㅋㅋㅋㅋㅋㅋㅋㅋㅋ
8561119,ㅇㄷㅊㅇ
8561150,아 줴줴이야
8561393,ㅋㅋㅋㅅㄱ
8561399,진짜에요
8561567,{:d_126:}{:d_126:}{:d_126:}{:d_126:}{:d_126:}{:d_126:}
8561613,줴줴이야
8561728,ㅈㅈ
8561817,?
8562219,ㅋㅋㅋㅋㅋ
8562546,키아나님 여기 증바람 아니에요
8562580,제라스는 억울하다
8563049,{:d_106:}{:d_106:}{:d_106:}{:d_106:}{:d_106:}{:d_106:}{:d_106:}
8563600,아 줴줴~~~~~~~~~~~~~~~~~~~~~~~~~~이야~~~~~~~~~~~~~~~~~~~~
8563625,제라스 오열
8563627,ㅈㅈ
8563717,서운할만 해
8563787,ㅋㅋㅋㅋㅋㅋㅋㅋㅋㅋㅋㅋㅋㅋㅋㅋㅋㅋㅋㅋㅋㅋㅋㅋㅋㅋㅋㅋㅋㅋ
8563820,줴줴이야
8564027,버섯작 ㄱㄱ
8564049,졌네
8564402,제라스햄 ㅠㅜㅠㅠㅠㅠ
8564545,ㅈㅈ
8564570,이거 졌는데ㅐㅔ
8565447,키아나....
8565565,너 졌어 임마 인정좀해
8565720,티모 원딜은 뭐임?
8565769,질만하지 계속던져대는데
8566197,키아나 개던짐
8566239,이거 지는거에요?
8566584,졌어 ㅋㅋㅋㅋㅋㅋㅋㅋㅋㅋㅋㅋ
8566890,ㅈㅈ버섯깔아!!!!!!!
8567226,놀다가 지네 ㅋ
8567642,의지의 승리 ㅋㅋㅋㅋ
8567902,놀다가 겜 터졌네
8568938,티모를한죄
8569074,바론이라
8570065,이걸진다고? 이걸진다고? 이걸 진다고 이이이이이이이이이이걸진다고?
8570547,렝가 뭐하노
8570820,졌는데?
8571266,끝낫는데
8571281,제라스는 억울하다..........
8571459,렝가 머하노
8572266,ㅈㅈ
8572893,제라스 ㅈㄴ잘했는데 ㅋㅋ
8573318,줴줴이야
8573365,지블마가~~~~~~~~~~~~~~~~~
8573409,키아나의 하드 쓰로잉!!
8573554,티모버섯은 양치기해야하는데 ㅋㅋ
8574561,타워녹네
8574857,ㄴㅇㅅ~
8575762,단 한번의 실수가
8575831,40분게임을 지나? ㅋㅋㅋㅋㅋㅋㅋㅋ
8576755,ㅅㅂ
8577711,줴줴이야하
8577719,니가뭘할수잇는데 ㅋㅋ
8577852,키아나 ㅈ되게 던졌노 마지막에
8578256,ㅈㅉㅇㅇ?
8579447,괴물 쥐쥐!
8579485,미드에서 진을 땃다면...
8579938,크아악
8581120,줴줴~
8581404,졌다 습박 ㅋㅋㅋㅋㅋㅋㅋㅋㅋㅋㅋㅋㅋㅋㅋㅋㅋㅋ
8581542,아줴줴이야
8581740,피해자 : 제라스
8581744,진 생존
8581936,이걸 지네
8582242,되겠냐구...
8582356,ㅋㅋㅋㅋㅋㅋㅋㅋㅋㅋㅋㅋㅋㅋㅋㅋㅋㅋ
8582407,ㅋㅋㅋㅋㅋㅋㅋㅋㅋ
8582440,ㅈㅈ
8582537,엄
8582557,야다..........
8582588,제제이야
8582615,ㄱ-
8582764,?>
8582850,ㅈㅈ
8582901,ㅅㄱㅇ
8582945,ㅋㅋㅋㅋㅋㅋㅋㅋㅋㅋㅋㅋㅋㅋㅋㅋㅋㅋㅋㅋㅋㅋㅋㅋㅋㅋㅋㅋㅋㅋ
8582970,???
8583243,ㅈㅈ
8583576,ㅋㅋㅋㅋㅋㅋㅋㅋㅋㅋㅋㅋㅋㅋㅋㅋㅋㅋㅋㅋㅋㅋㅋㅋㅋㅋ
8583727,이걸지네
8583768,ㅋㅋㅋㅋㅋㅋㅋㅋㅋㅋㅋㅋㅋㅋㅋㅋㅋㅋㅋㅋㅋㅋㅋㅋㅋㅋㅋㅋㅋㅋㅋㅋㅋㅋㅋㅋㅋㅋㅋㅋㅋㅋㅋㅋㅋㅋㅋㅋㅋㅋㅋㅋㅋㅋㅋㅋㅋㅋㅋㅋㅋ
8583910,아~~~~
8583926,뿌닷
8583941,어?
8584018,ㅋㅋㅋㅋㅋㅋㅋㅋㅋㅋ
8584174,줴줴이야 ㅋㅋ
8584191,ㅋㅋㅋㅋㅋㅋㅋㅋㅋㅋㅋㅋㅋㅋ
8584352,진짜 서운하겟다
8584493,키아나가 더녖ㄱ다 ㅈㅈ
8584527,{:mlb_76:}{:mlb_76:}{:mlb_76:}{:mlb_76:}{:mlb_76:}
8584579,{:d_126:}{:d_62:}
8584634,줴줴이야
8584809,?
8584868,ㅈㅈ
8584955,이걸지네
8585152,렝가야
8585468,블츠 모국어 on
8585518,엄
8585519,{:d_126:}{:d_126:}{:d_126:}{:d_126:}{:d_126:}{:d_126:}{:d_126:}{:d_126:}{:d_126:}
8585667,블츠 모국어 ㅋㅋㅋㅋㅋㅋㅋㅋㅋㅋㅋㅋㅋㅋㅋㅋㅋㅋㅋㅋ
8585809,엄
8585854,ㅋㅋㅋㅋㅋ
8585861,어??
8585874,ㅋㅋㅋㅋㅋㅋㅋㅋㅋ
8585948,zzzzzzzzzzzzzzzzzz
8586062,렝가 ㅆㅃ
8586069,정석한타열리니까 할게없음
8586128,ㅋㅋㅋㅋㅋㅋㅋㅋㅋㅋㅋㅋㅋㅋㅋㅋㅋㅋㅋㅋㅋㅋㅋㅋ
8586197,{:lck_15:}{:lck_15:}{:lck_15:}
8586266,ㅋㅋㅋㅋㅋㅋㅋㅋㅋㅋㅋㅋㅋㅋㅋㅋㅋㅋㅋㅋㅋ
8586445,이게현실일리없어 이걸진다고? 이걸 진짜 진다고? 이걸 져야된다고? 이걸져야돼?!@!@#!@#!@3
8586537,아 줴줴이야
8586775,깡통 ㅋㅋ
8586784,ㅋㅋㅋㅋㅋㅋㅋㅋㅋㅋㅋㅋㅋㅋㅋㅋㅋㅋㅋㅋㅋㅋㅋㅋㅋㅋㅋㅋㅋㅋㅋㅋㅋㅋ
8586899,줴줴이야
8586914,5시 표정 ㅋㅋㅋㅋㅋㅋㅋㅋㅋㅋ
8586998,?
8587196,중국어 입갤
8587235,렝가 스찌 ㅋㅋㅋㅋ
8587275,{:d_126:}
8587324,아 ㅋㅋㅋㅋㅋㅋㅋㅋㅋㅋㅋㅋㅋ
8587335,찍
8587539,ㅋㅋㅋㅋㅋㅋㅋㅋ
8587564,?
8587598,ㅋㅋㅋㅋㅋ
8587651,줴줴이야~~~~~~~~~~~~~~~~~~
8587844,ㅋㅋㅋㅋㅋㅋㅋㅋㅋㅋㅋㅋㅋㅋㅋㅋㅋㅋㅋㅋㅋㅋㅋㅋㅋ
8587863,zz
8587948,이걸지네..
8587954,ㅌㅊㅇ
8588079,ㅋㅋㅋㅋㅋㅋㅋㅋㅋ
8588326,중국에도 셰셰
8588365,진 못따고 세계선 뒤틀렸네
8588413,ㅇㄷㅊㅇ
8588514,ㄷㄷ
8588619,ㅋㅋㅋㅋㅋㅋㅋㅋㅋㅋㅋㅋㅋ
8588728,엄
8588755,블츠 모국어 on ㅋㅋㅋㅋㅋㅋㅋㅋㅋㅋㅋㅋㅋㅋㅋㅋㅋㅋㅋㅋㅋㅋ
8588762,ㅋㅋㅋㅋㅋㅋㅋㅋㅋㅋㅋㅋㅋ
8588800,{:d_126:}{:d_126:}{:d_126:}{:d_126:}{:d_126:}
8588896,ㅋㅋㅋㅋㅋㅋㅋㅋㅋㅋㅋㅋㅋㅋㅋㅋㅋㅋㅋㅋㅋㅋㅋㅋㅋ
8589180,{:d_126:}
8589230,정의구현 ㅅ
8589265,{:lck_17:}{:lck_17:}{:lck_17:}{:lck_17:}
8589290,키아나가 던졋어
8589667,{:d_126:}{:d_126:}{:d_126:}{:d_126:}{:d_126:}
8589757,ㅌㅋㅋㅋㅋㅋㅋㅋㅋㅋㅋㅋㅋㅋㅋㅋ
8589778,키아나 캐리
8589805,블츠 짱밍아웃 뭐임
8589885,이걸왜짐?
8589935,제라스 오열
8590037,블츠 모국어 습박 ㅋㅋㅋㅋㅋㅋㅋㅋㅋㅋㅋㅋㅋㅋㅋㅋㅋㅋㅋㅋㅋㅋㅋㅋㅋㅋ
8590171,이걸 지네 ㅋㅋ
8590206,{:d_126:}{:d_126:}{:d_126:}{:d_126:}
8590400,블츠 모국어
8590492,누가 그런가하래
8590493,ㅋㅋㅋㅋㅋㅋㅋㅋㅋㅋㅋㅋㅋ
8590541,ㅇㄷㅊㅇ
8590671,티모차이 ㅋ
8590754,ㅋㅋㅋㅋㅋㅋㅋㅋㅋㅋㅋㅋㅋㅋㅋ
8590819,?
8591166,ㅌㅊㅇ
8591344,ㄹㅇ
8591552,5시 표정 ㅋㅋㅋㅋㅋㅋㅋ
8591777,ㄹㅇ 탑차이
8591956,{:d_116:}{:d_116:}{:d_116:}{:d_116:}{:d_116:}{:d_116:}{:d_116:}{:d_116:}{:d_116:}{:d_116:}
8592041,블츠 모국어 폭발
8592204,ㅋㅋㅋㅋㅋㅋ
8592291,블츠 ㅋㅋㅋㅋㅋㅋㅋ
8592403,아오 중국어
8592466,블츠 ㅋㅋㅋ
8592661,ㅋㅋㅋㅋㅋㅋㅋㅋㅋㅋㅋㅋㅋㅋ
8592710,ㅌㅊㅇ
8592941,정의는 승리한다
8592956,{:d_126:}{:mlb_35:}
8593330,인정
8593393,ㄱ-
8593515,?
8593631,제라스 개빡치겠다
8593734,ㅇㄷㅊㅇ
8593741,캬
8593829,왓
8594328,블츠모국오 on
8594653,엥;
8594714,아줴줴이야 저뿌센~
8595265,어흥
8595415,ㅇㄷㅊㅇ
8595439,ㅇㄷㅊㅇ ㅌㅊㅇ
8595495,{:d_44:}{:d_44:}{:d_44:}{:d_44:}{:d_44:}{:d_44:}{:d_44:}{:d_44:}
8595812,ㅋㅋㅋㅋㅋㅋ
8596668,누나 번역좀
8596870,실수 안했으면 이겻댜
8596886,ㄱ-
8596936,ㅌㅊㅇ ㅇㅈ
8597000,5시표정 ㅋㅋㅋㅋㅋㅋㅋㅋㅋㅋㅋㅋ
8597582,버섯좀
8597663,ㅋㅋㅋㅋㅋㅋㅋㅋㅋㅋㅋㅋㅋㅋㅋㅋㅋㅋㅋㅋㅋㅋㅋㅋㅋㅋㅋㅋ
8597930,{:d_126:}{:d_126:}{:d_126:}{:d_126:}{:d_126:}{:d_126:}{:d_126:}
8598050,제라스 빼고 다 벌레임 ㅋ
8598308,ㅋㅋㅋㅋㅋㅋㅋㅋ
8598486,ㅈㅉㅇㅇ?
8598543,블츠가 티모원딜 도대체 왜했냐는데요??
8598579,?
8598748,키아나가 벌레임
8599261,서로 싸기
8599504,이걸 진다고??
8599717,ㅋㅋㅋㅋㅋㅋㅋㅋㅋㅋㅋㅋ
8599997,ㅋㅋㅋㅋㅋㅋㅋㅋㅋㅋㅋㅋㅋㅋㅋㅋㅋㅋㅋㅋㅋㅋㅋㅋㅋㅋ
8600005,블츠 방언 ㅋㅋ
8600519,암살자는 암살못하고 제라스가 암살함 ㅇㅇ
8601106,웃겨?
8601380,웃어?
8601649,근데 상대 니달리가 힐 잘 줌
8601866,{:d_44:}{:d_44:}{:d_44:}{:d_44:}{:d_44:}{:d_44:}{:d_44:}
8602260,{:d_126:}{:d_126:}{:d_126:}{:d_126:}{:d_126:}
8602398,블츠 진짜 중국인이네
8602564,티모는 이게맞아
8602703,렝가 키아라가 개벌레
8602705,누나 번역해줘
8602740,모국어 폭발 ㅋㅋㅋㅋㅋㅋ
8603085,티모가 못한데요
8603358,갱플이랑 진이 ㅈ나잘하더라
8603621,뭐가 웃겨?
8603749,왜웃지?
8604416,서포터임?ㅋㅋㅋ
8605620,AD GAP
8605814,와
8605832,마지막에 키아나 거하게 던짐
8606347,와 딜량;;
8606673,키아나 습박 ㅋㅋㅋㅋ
8606739,흠
8606921,키아나 ㅋㅋㅋㅋㅋㅋㅋㅋㅋ
8607160,개벌레새긴데
8608059,ㅇ와
8608099,5시 표정 ㅋㅋㅋㅋㅋㅋ
8608397,40분동안 벽에다가 버섯애무만하다 끝났내
8608556,ㅋㅋㅋㅋㅋㅋㅋㅋㅋ
8608600,니달리도 뭐
8608637,근데불쾌한승리한 상대의 패배아닌가요 ??
8608663,근데 티모원딜 진짜 좋은거 맞냐 물쥐야
8608998,7만 ㅋㅋ
8609076,중키병 ㅋㅋ
8609268,키아나 서폿이냐?
8609519,렝가도 못함
8609648,yeqifeng이엿네
8609886,팀 갭
8610061,딜딸만 ㅈㄴ 치다 졌네
8611153,맞긴하네 ㅋㅋㅋ
8611177,{:d_44:}{:d_44:}
8611349,중국어 개웃기네 ㅋㅋㅋㅋㅋㅋㅋㅋㅋㅋㅋㅋㅋㅋㅋㅋㅋㅋㅋㅋㅋㅋㅋㅋㅋㅋ
8611408,형님 스테틱-리안-악의-무덤꽃이 나아보입니다
8611411,와
8612407,그나라들이네
8612621,근데 재밋엇음
8612860,와키아나 역대급이긴하네 인정이다...
8613041,에바다
8613687,키아나 심하네
8613709,김내나긴하네 ㅋㅋㅋㅋㅋㅋㅋㅋㅋㅋㅋㅋㅋㅋㅋ
8613825,블츠 모국어 난사
8613946,티머 무죄
8614138,티모가 벌렌데
8614172,진한테지는 티모
8614230,렝가도 평생 정글링만 쳐함
8614436,탑차이도 있는데 진 영향력이 더 크긴햇어
8616060,암살 한번만 하면되는데
8616781,갱플 반이라도 하지
8617068,진이랑 맞다이져서 게임 졌다는거임
8617406,ADCE
8617605,중국인 탑 서폿이 말아먹었다 ㅇㅈ?
8617650,겜내내 재밌었으면 됐어
8617856,티모제라스 감안해도 둘이다했네 ㅋㅋ
8617907,{:lck_17:}{:lck_17:}{:lck_17:}
8618201,대신 제라스가 잘해줬잖아
8619243,빡돌게한 티모가이긴듯
8619604,후반가니까 운영박에 할게없네
8619808,근데 진이랑 1:1하다 미니언 쳐서 죽은거만 아니였어도 할만했을텐데
8621679,렝가도 그닥인듯
8621697,8데스의 딜량 {:d_126:}
8623010,이걸지네
8624198,진이 생각보다 많이 잘하던대ㅔ
8624217,님아 근데 그불보다 보이드가 낫지않ㅇ므?
8624339,티모 재미만있고 허무하네
8624408,ㅇㅇ
8624631,아아앙~
8624684,도구 방언 나오는거 왜케 귀엽냐
8625503,2코어 리안은 개약할거같은데
8625842,중키장 진짜에요???
8628155,ㅇㅇ
8628388,무덤꽃 필요하긴한듯
8629175,물쥐야 파카가 아레나 하재
8630622,보이드 필요한거같은데
8630729,그래도 재밋으니까
8630968,탑차이 뒤지게 낫음
8631114,템문제는 아님
8633834,리안 마즘
8634893,정석한타때 목격했음청년임 티모는
8634917,근데 재밌었으니 된거 아님? 버섯 좋았잖아
8634992,요즘 원딕 티모가 대세냐?ㅋㅋㅋ
8635247,쥐쿰 봤냐물쥐야
8635496,템문제가 아님 ㅋㅋㅋ
8635890,벗섯을 벽에 바짝 붙여까면 버섯 범위가 줄어요
8638047,상대 저조합에 뭔 리안드리 훈수야
8638583,물쥐님은 금연하실 생각 없으신가요
8638960,걍 탑차인데
8639618,삣빛저주 갔어야함
8640274,키아나 저딴게 챌이네
8640565,재밌었어 한잔해
8640872,티모는 이 역할이 맞아
8642381,키아나 챌 중키장 ㄷㄷ
8644775,걍 정글 탑이 후반밸류가 ㅈ구림
8646341,진짜 쳐맞을라고
8649716,블리츠 : 你这狮子狗真是菜到家了 너 이 사자개(렝가) 진짜 집까지 초보(자)네.
8650027,진 1ㄷ1 진게 에바
8651588,렝가가 아까 아무무 짤랐어야댐
8651596,뭣
8652241,키아나 챌린저라고?
8653301,그냥 티모가 문제임
8655563,근데 스태틱보다 튕부가 낫지않아요?
8656563,ㅇㅈ
8656640,중키장인데 와이리 못해
8657897,리안드리 가 티모 진짜 어울리긴함
8659187,ㅇㅇ
8659334,렝가도 던졋고
8659914,알면 됐다 ㅋ
8660420,헉
8661132,아아앙~
8661310,그거 딸줄?
8661431,헉
8661793,솔직히 질줄몰랐음
8662154,서걱
8662698,ㅋㅋㅋㅋㅋㅋ 잘가라
8664444,컷ㅋ
8665066,헉
8666043,캬
8666054,잘가라
8666163,ㅋㅋㅋㅋㅋ
8666194,{:d_116:}
8666313,헉
8666357,허걱
8666676,서걱
8667357,헉
8667900,진 흡혈신 저리 보니깐 철학이 있네
8668190,ㅋㅋㅋㅋㅋㅋㅋㅋㅋㅋㅋ
8668810,담배그만
8668874,그때 가엔이라도 뺏어야 했다
8669234,근데 한번씩 다 던져서;
8669488,{:d_112:}{:d_112:}{:d_112:}
8669646,알면됐음
8669853,{:d_112:}{:d_112:}{:d_112:}
8669855,헉
8669895,메자이 3스텍인데 치감 안산게 아쉬웠음
8670450,사람이 죽었어
8671218,서걱
8671342,졸업 ~슛~
8671544,저저 ㅋㅋㅋ
8671982,서걱
8672244,{:mlb_82:}{:mlb_82:}
8672749,헉
8673185,티모 밸류 좀 딸리는 것 같은데 아닌가
8673672,티모 리안드리가 ㅈ사기긴해
8673928,키아나 전적 개이상하네
8674085,렝가도 그렇고
8675558,{:mlb_35:}{:mlb_35:}{:mlb_35:}{:mlb_35:}{:mlb_35:}
8675592,티모 뭐 버프먹음?? 갑자기 원딜티모네
8675814,다른거는 모른겠는데 다른 원딜 보다가 티모 보니까 재미는 있세
8675990,리안드리 악의 그불 후전드모자 4신기 잘어울리긴함
8676477,진한테 1:1지고나서 그뒤에 차례차례 순서대로 죽어가지고
8677001,멀리 안나간다이
8677610,분위기 좋았는데 깝쳐 ㅋㅋ
8678614,티모는 걍 버섯깔고 오브젝트 55 할때가 가장 승률높은듯
8679681,메자이 안가고 망구 갔으면 진 맞다이 잡았을듯
8679729,다 던져서 짐
8680716,개못하네
8682977,21세기의 히틀러가 여기있네
8683214,리안드리가 진짜 꿀맛임 티모
8683661,티모 스킨 함 바꾸자
8684173,티모 정글 ㄱㄱ
8685451,티모스태틱 좋네 나도 서폿스태틱티모하러가야겠당
8685923,키아나 그와중에 챌린저인게 개웃기네 ㅋㅋ
8689332,님아 근데 보이드 자리가 없는거같음
8689356,티모 너프당하지않늠???
8690532,방금왓는데 채팅난이도 높나요
8691304,근데 이렇게 탱없는 조합 상대로 진 풀템이면 진이 다 패죽이지않음?
8692579,키아나 챌이라고?
8693397,진이 멜모갔었으면 멜모 피흡때문에 진듯?
8693607,정통한타 맞다이하면 애매한거같네
8694040,그래도 물쥐 티모 보는거 재밌음 ㅋㅋ 계속
8694500,해적왕이 되어주세요
8694722,근데 왜 갑자기 티모함?
8696083,{:d_108:}
8697670,진짜임 키아나?
8698174,채팅난이도 그렇게 높진않음
8698443,너프 당했는데 별 타격 없음
8698583,계정 주인 바꼈네
8699076,근데 키아나만 던졋으면 모르겠는데 렝가까지 던져서 더 힘들었던듯
8699976,서폿은 돈 못벌어
8700011,생각보다 너프 심하지 않음
8700586,난이도 최상입니다
8700960,으악
8701754,갱플 원딜이 좋아보이네
8701850,키아나 챌 출신인 게 소름
8702104,물쥐가 독 하는 진짜 명품임 ㅇㅇ
8702730,키아나 챌 진짜에요?
8703634,티모 걍 촬영용
8703778,놀랍게도 좋음
8703916,키아나 첼이라는데?
8703940,그건 던지는거잖어
8704427,증바람 티모 재충전이면 사기임?
8705128,복복티 해줘
8705892,서폿은 스태틱을 갈수가 없잖아
8706202,서폿이 스태틱언제 뽑게
8707070,요새 물쥐가 랭에 그렇게 진심이진 않아서
8707575,티모 재밌다
8708496,티모한번 더하자
8708703,스태틱 까지 언제 돈 모음
8709025,티모 ㄱㄱㄱㄱㄱㄱㄱㄱ
8710520,티모 왜 하냐고 물쥐님
8710845,딜량보니까 아닌것같은데
8711911,티모 재미도 사기임
8712198,이사람 티모 연구소 차림?
8712306,모모모모
8713556,모모모~
8714327,그렇게 하드하진않아
8714722,한때 2티어긴했음 서폿티모
8715120,티모 ㄱㄱㄱㄱ
8715366,재충전 티모 좋음 ㅇㅇ
8715375,저게 어케 챌임?
8715597,복복티 해줘잉
8716979,티모 드가자
8717251,서폿티모 할바에 서폿조이하지
8717932,선리안드리 유성티모로 후반보죠
8719705,모모연구소
8720226,물쥐님 2코어 리안드리보다 악의가 낫나여
8722079,서폿티모는 구림 티모 레벨업이 중요해서
8727691,애쉬 가자
8728330,티모밴
8730871,재충전 티모해봐야겠다
8733884,바루스도 스태틱 조아요
8733960,바로 드븐 나오기
8734191,티모로 트롤짓 하는건가 왜 티모하는거임
8739784,근데 띠모 하니까 보는맛 있어서 좋은듯 하는사람도 즐겁고
8740309,2코어 악의가는이유가
8740509,ㄹㅇ
8741377,ㅈㄴ못하네
8742889,제이스 벤 나이스고
8743910,티모근데 파일럿은 ㅈㄴ재밌긴하네 ㅋㅋㅋㅋㅋㅋㅋ 버섯밟을때마다 즐거움
8752425,흡혈신 진짜 세
8753603,원딜티모는 비교적 이르게 미드라인가서 버섯작이 가능해서 그럼
8754670,티모하는 입장에서 제이스 시러
8756568,ㅋㅋㅋㅋㅋ
8756627,헉
8756777,피바있는줄 알았네
8757542,"""내가재밌짢아"""
8757574,근데 티모는 져도 재밌는게 손해가 전혀 없ㅇ므
8757605,쥐니
8757989,티모 보는입장도 개재밌음 ㅋㅋ
8758710,재밌음...?
8758953,보는거도 재밌음 ㅋㅋ
8759320,탑요네 뭐지요
8759775,쥐니?
8760930,쥐니?
8761495,전판진 ㅋㅋ
8762130,귀엽자나
8762924,쥐니?
8763233,{:hejingHaha:}{:hejingHaha:}{:hejingHaha:}{:hejingHaha:}
8763542,쥐니야~
8763778,쥐니는 뭐야
8763883,쥐니쥐니
8764496,티모 라인전 넘어가면 성능도 준수함
8764993,돌거북 ㅋㅋㅋㅋㅋ
8766530,쥐니?
8767431,거북아
8767788,진 지금 티어 높아욬.
8768363,팀파매2 오늘 할꺼냐 물쥐야
8769370,한방한방 쌘애들이 흡혈 밸류가좋지 드븐 미포 진
8773454,그럼 흡혈씬 신고 상대가 버섯 밟으면 피차는거임?
8773541,진 지금 팅 높아요?
8773650,잉
8774700,3연패 3연승 ㄷㄷ
8777198,럼블궁 ㄷㄷ
8777249,??
8778225,잉잉잉
8779265,10데스 ㄷㄷ
8779690,티모는 요네 같은거지 ㅇㅇ
8780836,텔은 좀 별로임?'
8780862,진 지금 티어 높나요?
8781255,나쁘지 않네
8782408,"유튜브에 티모만 4,5판 올라왔는데 저거밖에 안함?"
8783169,티모 근데 너프먹어서 음
8783408,기모리
8784226,물쥐님은 항상 메타픽만 함 원딜러면 그냥 따라하면 됨 진짜 최소 다이아까진 먹힘
8784464,50%의 철학
8785208,혹시 쥐니? ㅋㅋㅋ
8785525,캬
8785974,이분 오소리티모 스킨 없는 뉴비임?
8786043,복복티
8787671,복실복실티모로 가죠
8787735,복복티 가자
8788920,귀엽다 티모
8789364,재밌나보네 근데ㅋㅋ
8789821,이제 롤은 재미라도 있어야지 재밌는거 하는게 맞음 ㅇㅇ
8790439,티원 출격
8790813,{:d_254:}{:d_265:}{:d_254:}{:d_265:}{:d_254:}{:d_265:}
8791019,칼픽 캬
8791214,모 모~
8791511,근데솔직히 1인분은나오는듯
8792033,스킨 새걸로 좀
8792854,근데 버섯 왜케 가로등처럼 까는거임
8792901,복복티
8794259,물쥐님 티모는 파카님한테 배우자
8795288,혹시 쥐니? ㅋㅋㅋㅋㅋㅋㅋㅋㅋㅋㅋㅋㅋㅋㅋ
8796191,즐겜모드 보기좋잔아
8797077,프레스티지 티모 써줭
8797160,{:lck_2:}~
8798357,재밌긴해 티모 ㅋㅋ
8798885,전판 진이면 라꼬인가
8799486,티모 다른 귀여운 스킨 없나요
8800146,토끼티모 해주세요
8800777,근데 원딜치곤 잘하는디
8801250,다른 스킨도 써주세요 물쥐님
8801713,카이사 선픽은 좀 쳐맞아야겠네
8801832,미드 억지 ad 가능하려나
8802111,버섯 위치는 교정이 필요한 듯
8802954,슈퍼띠모가 개쳐열받음
8805014,실명 생각없이 던지는거 빼고야 뭐
8805366,쥐니 ㅋㅋ
8806049,복복티로 하모니카 불자
8807464,캬
8808252,벌꿀티모 기여오
8808338,캬
8808537,버섯도 잘깔고
8808784,어흐
8809120,ㅂㅂㅌ
8809267,정글이 냅다 ap박네
8809763,캬
8809997,복복티 ㄱㄱㄱㄱ
8810069,어흐
8810316,근데 후반에 티모가 원래 원딜 못때려잡음?
8810353,복티 ㄷㄷ
8810452,{:d_46:}
8811034,이거죠 ㅋㅋ
8811492,ㅈㄴ 복실복실하노 ㅋㅋ
8811614,수퍼맨 티모 해주세요
8811743,캬
8812066,복실복실
8812267,암컷
8812719,좋다 ㅎㅎㅎ
8813042,티모에 미친 남자
8813174,{:d_108:}{:d_108:}{:d_108:}
8813310,꿀티안해?
8815072,근본
8815627,티모왤캐 좋아함
8815644,티모벨코즈
8815889,방
8815919,{:d_108:}{:d_108:}{:d_108:}
8817971,벨코즈 너니?>
8818724,크로마 꺼주세요 !!
8818826,복티 국룰
8819946,복복티가 근본이지
8820152,{:d_254:}{:d_254:}{:d_254:}
8820345,토끼 귀여워
8820446,{:monsMonsHuhu:}{:monsMonsHuhu:}{:monsMonsHuhu:}{:monsMonsHuhu:}{:monsMonsHuhu:}{:monsMonsHuhu:}
8821087,믿 힌 {:d_133:}{:d_133:}
8821396,꿀잼티모지 ㅡㅡ
8821753,하모니카 컨트롤 안해서 상대가 멘탈 꽉잡고 게임해서 진거야 하모니카 중요해 물쥐님
8822310,꿀벌티모가 개킹받는데
8822562,악티안함?
8822594,탑 잭스까지 야미
8822602,진짜 한번 안아보고싶네
8822731,복복티 컨트롤4가 개꼴받음
8822863,복복티 점박이 크로마 껴주세요
8823019,물쥐님 말 끝에 모 붙여주세여
8823531,낙딘왓다
8824539,1. 복실 티모를 들어 올린다.
8825250,쥐평 ㅋㅋ
8827054,발바닥 {:d_108:}{:d_108:}
8827495,일단 버섯 위치랑 은신 암살각만 좀 배우면 더 잘해질듯
8827507,프제짱인가
8828554,저스킨이 제일열받음
8829010,복복티가 근본임
8829052,속으로 욕하는중
8829155,서폿벨콪
8829395,티모벨코즈자크 조합 벌써부터 어질버네 ㅅㅂ ㅋㅋㅋ
8829599,꿀잼
8829775,탑 요네 야다
8829949,크로마 껴줘요 물괴님
8830193,꿀잼 ㅋㅋ
8830822,모~
8831262,허니잼티모 ㅋㅋ
8831477,{:d_57:}{:d_57:}{:d_57:}
8831651,꿀잼티모이거 개꼴받음 ㄹㅇ
8831791,잭스인데 요네한다고??
8832592,꿀벌
8832702,아오 근근티 뭔데 오소리 티모 쓰라고
8833518,ㅋㅋ 꿀잼
8833779,할배티모 써주세요
8833947,꿀벌 티모는 인죵
8833965,{:d_108:}{:d_108:}{:d_108:}{:d_108:}
8834538,^모^
8834942,야 꿀벌
8835713,복복티지
8836407,4ap 제제이야
8836432,오메가 분대 티모가 근본이긴해
8836438,탑요네다
8836522,티모스킨은 오메가분대지
8836874,진짜 못참겠네
8837229,{:d_134:}
8837373,{:d_254:}{:d_254:}{:d_254:}{:d_254:}{:d_254:}
8837703,유튜브용 야무딱지네
8837969,악마티모 쓴적있음?
8837980,우주그루브가 진짜 야미임
8838322,넣을게
8838467,꿀잼티모 기여움
8838605,빵댕이 줜나흔드는데
8839164,복실 ㄱ고곡ㄱ
8839330,꿀잼 티모가 역겨워서 좋음
8839455,꿀벌티모 어흐
8839627,4AP LET'S GO
8839749,하모니카 컨트롤도 중요해 물쥐님
8839765,망햇다ㅋ
8840121,물쥐님 피리도 불어주세요
8840481,티모원딜 너프먹어도 좋나요?
8840707,복복티모 기여운뎅
8840888,꿀티 좋지
8844633,{:d_133:}
8845855,꿀티가 고트임
8846489,응 휘바휘바
8847192,오메가 분대 흰색이 씹간지임
8847514,카이사 ?
8847917,잭스 그냥 마방만 둘러도 무적이겠노 ㅋㅋ
8848503,^모^ ^모^
8849212,우주그르브로 빵디흔들어줘
8849309,우주그루브로 가야지
8849580,꿀잼 티모가 역/겨워서 좋음
8849863,악모
8850372,못생겼어
8850907,4ap[
8852031,잭스는 존야를텐데
8852701,니나써
8853160,롤체에서 많이 써봄
8853517,와 조합 ㅆㅂ
8855112,오메가 티모가 평타 모션 재밌음
8856124,피리도 불어주세요
8856843,자이라 막타에 실명넣어서 잭스한테 죽을 예정입니다
8857339,ap너무많은데
8857641,아니 그런데 물쥐님 무지성티모는 좀아닌듯
8857962,티모 처녀임?
8858875,G하
8859338,토끼..
8859674,제발 토끼
8860460,{:d_60:}{:d_60:}{:d_60:}
8861220,꿀잼티모 뭔가 평타 감이 이상하던데
8863093,퍼커
8863286,꿀잼티모에 파리스킨있는데
8863447,팤하
8863474,우주 그루브 안씀?
8864171,쥐응갤 등잔
8864329,팤하
8864370,팤하
8864477,ㅋㅋㅋㅋㅋ
8865872,팤하
8865884,팍하
8865910,티모원딜
8865997,개카 어서오ㅗㄱ
8866004,행복롤하니까좋당
8866471,조합 걍 토나오네
8866618,아 분탕 왔다
8866864,팤하
8867388,벌써 이겻네
8867444,팤하
8868175,팤하
8869609,미드오리 탑 야스오?>.
8870501,파카 심심하냐
8870802,팤하
8870807,억튜브 뭐죠 ?
8870861,주딱왔다
8870862,팤하
8873036,팤하
8873157,팤하
8873342,분탕왔다
8873834,파카 물쥐한테 티모 좀 알려줘
8874722,ㅋㅋ
8874998,?
8875486,ㅋㅋㅋㅋ
8875605,ㄷㅊ
8875852,버섯 히트박스땜에 벽에서 조금 떨어져서 깔아주세요
8875973,ㅋㅋㅋ
8876105,음?
8876323,팤하
8876519,스킨 추천좀
8876877,진지픽인데
8877077,님도 하셈
8877152,억까뭐지
8877342,파카
8877912,ㅋㅋㅋㅋㅋㅋ
8878290,쥐응갤
8878512,당신도 억튜브잖아
8878563,{:d_60:}{:d_60:}{:d_60:}
8878777,이 사람 티모 맛들렸어
8879000,파카님... 님이만든괴물이야...
8879235,닥치
8879299,ㅋㅋㅋㅋㅋㅋㅋㅋㅋㅋㅋㅋㅋㅋㅋㅋ
8879305,어제 한편 뽑았단거임
8879350,ㅋㅋㅋㅋㅋ
8879431,억튜브해야지
8880053,미쳤지
8880447,진짜 좋다는 거임
8880948,파카님.
8881111,오자마자 시비거네 ㅋㅋ
8881396,헤이러 뭐지?
8881479,오자마자 이니쉬
8882114,?
8882239,팤하
8882330,촬영 중인데 방해하지 마십쇼
8882454,개카 또 긁지
8884069,미쳤지 파카님
8884089,우주 그루브끼고 나팔 불어주세요
8884699,ㅋㅋㅋㅋ
8885230,에?
8885282,?
8886060,버그쓰는거 직관왓네
8886071,억튜브 아닌데요
8886325,{:d_126:}
8886416,?
8886587,티모 좋긴해
8886741,음?
8886876,진짜 억롤뭐지요
8886906,좋은건가 ?
8887027,?
8887062,럼블궁
8887161,음..
8887425,좋나 흠?
8887707,파카님이 유튜브 공장이잖아
8887817,롤 하는거부터가 억튜브임 ㅇㅇ
8887969,진게 더 많은데?
8888253,?
8888413,...?
8888429,?
8888566,밑에는..
8889176,티모 훈수 ㄱ
8889296,좋진 않네
8889508,좋은..건가
8889678,?
8889708,파카님 버섯 위치 교정 좀
8890382,개카 방송켜라
8890519,아래 3연패는 무ㅓ지요?
8890535,50퍼 밑인데요?
8890644,좋나?
8890793,?
8890831,저게 좋다고?
8892027,ㅋㅋㅋㅋㅋㅋㅋㅋㅋㅋㅋ
8892390,긁으러옴 ㅋㅋ
8893204,밑에는
8893225,아뭔 야스오야
8893336,?
8893352,팩트 ㄴ
8893858,쥐응갤 주딱 또 튀어나오지
8894096,ㅋㅋㅋㅋㅋㅋㅋ
8895167,파카님 스킨추천해줘
8895581,ㅋㅋㅋㅋㅋㅋㅋㅋㅋ
8895585,ㅎㅇ 물쥐
8896163,3승 4패임
8896283,재미는있음 ㅋㅋ
8896704,티모는 파카가 근본이지
8896768,쥐응갤 ㅎㅇ
8896947,오늘 긁으면 밴이야
8898136,파카도 티모 좋아한다는거임
8898196,빨간빛모지요?
8899617,팤님 이분 버섯심리학이 부족한데 컨설팅좀 부탁드려요
8899771,아니 패치된지
8900134,히트다히트
8900427,히트다 히트
8900486,ㅈㅉㅇㅇ?
8901286,히트다히트
8901427,랜뽑남 등장
8902328,파카님 설마탑으로쓸거아니지???
8903105,스태틱 맛있긴해
8903558,한달넘었는데 뭔 갑자기 히트야
8904321,ㄹㅇ ㅋㅋ
8905007,재밋고 셈ㅋ
8905188,히또다히또
8906221,파카야 왜왔냐
8906434,AKAPS 묵땨
8907077,억까 뭐지 ㅋㅋ
8908144,ㄹㅇㅌㅋ
8908227,ㄹㅇ ㅋㅋ
8908240,ㅋㅋㅋㅋㅋㅋㅋㅋㅋ
8909212,맞긴 해
8909676,ㄹㅇ
8909969,아직 티모 베이비임
8910290,ㄷㅊ
8910742,ㅋㅋㅋㅋㅋㅋㅋㅋㅋㅋㅋ
8911239,ㅋㅋㅋㅋㅋㅋㅋㅋ
8911572,팩트밴
8911596,스태틱은 이번에패치됐는데?
8911966,쥐응갤 시작됐지
8913281,왜시비야 파카님
8913576,스태틱 이번 패치로 상향됬잖아
8913810,그래서 히트인거임
8914333,뭔한달
8914661,{:d_126:}
8914684,닥치!
8915009,파카 너가 뭘알아
8915347,오늘 되엇자나
8915382,파카님 이사람 버섯 존나못깔아
8915483,팩트는 팤평
8915551,ㄷㅊㄷㅊㄷㅊ
8915852,파카님 이사람 버섯 진짜 못까니까 좀 알려줘봐
8917125,스태틱버프는 오늘된건데?
8917706,ㄹㅇ 버섯좀 알려줘
8919572,ㅈ제발
8919623,ㅋㅋㅋㅋㅋㅋㅋㅋㅋㅋㅋㅋㅋㅋㅋㅋㅋㅋㅋ
8919624,ㅋㅋㅋㅋㅋㅋㅋㅋ
8919733,ㄹㅇㅋㅋ
8919857,파카님 너무 직설적인 발언은 자제해줘
8919989,ㅋㅋㅋㅋㅋㅋㅋㅋㅋ
8919998,음 ?
8920005,겜안분시치 진짜
8920073,ㄹㅇ
8920579,ㄹㅇㅋㅋ
8920834,스태틱 이번인데 억까모지
8920844,근데 그건있음 원딜인데 앞라인 딜링이 좀 아쉽더라
8921187,쥐응갤 주딱왔네
8921216,ㄹㅇ 롤알못
8921225,파카님 시원하다
8921317,파카 왜왔냐 가라
8921320,ㄹㅇ
8921321,ㅋㅋㅋㅋㅋㅋ
8921361,오늘 된건데
8921574,ㅋㅋㅋㅋ
8921575,개카 미쳐찌
8921655,자꾸 긁는데 밴하죠
8921686,ㄹㅇ 좀 읽어 !!
8921720,티모 AD계수
8922206,ㅋㅋㅋㅋㅋㅋㅋㅋㅋㅋㅋㅋㅋㅋ
8922599,ㅋㅋㅋㅋㅋㅋㅋㅋㅋㅋㅋㅋㅋㅋㅋㅋㅋ
8923016,ㅋㅋㅋㅋㅋㅋㅋㅋㅋ
8923432,너프당했는데 ?
8923436,왜 남의 장사에서 초 치냐 저 사람
8923471,역정쥐 ㅋㅋ
8923548,겜안분 쳐내
8923653,파카 왜저래
8923680,ㄹㅇㅋㅋ
8923850,개카 미쳤지
8923971,ㅋㅋㅋㅋㅋㅋㅋㅋㅋㅋㅋㅋㅋㅋ
8924073,파카 오늘 안왔어
8924294,나 롤 안해!
8924582,음?
8924704,제발읽어
8924717,음?
8925882,음?
8925906,저분 분탕충이에요?
8926469,음?
8926553,음?
8926748,ㅋㅋㅋㅋㅋㅋㅋㅋㅋㅋㅋㅋㅋㅋ
8926759,롤안분
8926889,ㅋㅋㅋㅋㅋㅋㅋㅋㅋ
8927005,버섯위치 암걸려
8927287,탑이 뭐 그렇지
8927505,음?
8927560,ap감
8928029,음?
8928157,음?
8928196,밴당할래?
8928462,캬
8928586,아으!
8928598,음?
8928605,음?
8928804,꿀잼듀오 뭐오ㅑ
8928835,억까부터 하고보네 ㅋㅋ
8928863,음?
8928906,{:d_73:}
8929130,쌤쌤이지
8929156,ㅋㅋㅋㅋㅋ
8929325,개카 억까뭐지/
8929442,스태틱이 좋음
8929587,??
8930256,에휴 쥐응갤
8930275,ad계수는 무슨
8930288,음?
8930311,에휴 겜안분
8930426,어..
8930498,티모는 너프당하긴함
8930503,개카 완전 미쳤지
8931492,장사 망치지 말라고
8931546,ad티모입니다
8932037,롤안분뭐지요?
8932429,팩트 미쳤지
8932538,스파게티 벨코즈당
8932833,ap티몬데?
8932953,티모가 너픈데요
8933018,음?
8933633,그니까 스태틱이 상향됬다고
8933635,음?
8933779,스테틱으로 커버하자나
8934410,ㅋㅋㅋㅋㅋㅋㅋㅋㅋㅋ
8934667,AD 계수 너프라는데?
8934752,개념싸움 ㄷㄷ
8935595,멘트 일발장전 부탁드립니다 로딩끝나고 버그 직관입니다
8936154,음?
8937454,{:d_123:}
8937787,표-독
8938219,{:d_117:}
8938529,캬
8939110,왓
8939320,개초딩싸움ㅋㅋㅋㅋㅋㅋㅋㅋㅋ
8939368,쥐응갤 미챴지
8939847,이게 정녕 30대의 대화?
8939891,바로 버그
8939895,스태틱이 버프먹어서
8941204,너프긴한거아닌가
8941573,쥐응갤컷
8942848,탑은 안읽어도됨
8943282,그냥 티모가 하고싶은거잖아
8943398,할말 없쥬?
8943993,논 파
8944608,무의미 없는데는 무슨말인가요?????????
8944625,개카에휴
8944875,바로 버그악용
8945364,아 싀바 물쥐 어제도 티모원딜했냐? 나 플딱인데 티모원딜 지금 판을 치고있다
8945546,인장스타트 뭐죠
8945774,쥐응갤 미쳤지
8946000,스파게티 벨코ㅓ즈 ㅋㅋㅋ
8947001,개초딩들이당 습박
8948160,ㅌㅊ
8948507,오 스파게티 벨코즈
8948560,그래맞아
8948703,파카님 이길 수 없는 싸움이야 포기해
8948798,ㅋㅋ
8948839,벨코즈 뭐임
8949119,ㄷㅊㄷㅊㄷㅊㄷㅊ
8949363,ㄹㅇ ㅋㅋㅋㅋㅋ
8949579,이게 나이 30넘은 놈들의 대화냐
8949920,ㄹㅇ ㅋㅋㅋㅋ
8950112,논 파
8950200,파카님 버섯 위치 훈수좀 해주세요
8950293,그건맞지
8950368,ㄹㅇㅋㅋ
8950426,맞아
8950502,ㄷㅊㄷㅊㄷㅊㄷㅊ
8950776,???????????
8951146,파카
8951597,벨코즈머냐
8951809,{:d_126:}
8952183,ㅋㅋㅋㅋㅋㅋㅋㅋㅋㅋ
8952212,ㅋㅋㅋㅋㅋㅋㅋ
8952298,zzzzzzzzzz
8952339,ㅋㅋㅋㅋㅋㅋㅋㅋㅋㅋㅋ
8952443,개카 미쳤ㅎ지
8952617,ㅋㅋㅋㅋㅋㅋㅋㅋㅋ
8952812,티모가 하고싶으면 어쩔건데
8952881,ㅋㅋㅋㅋㅋㅋㅋㅋㅋㅋㅋ
8953152,와씨
8953174,?
8953235,와 스킨보소;
8953378,그건맞긴해
8953411,ㅋㅋㅋㅋㅋㅋㅋㅋ
8953564,ㅋㅋㅋㅋㅋㅋㅋㅋㅋㅋㅋㅋㅋ
8953633,ㅋㅋㅋㅋㅋㅋㅋㅋ
8953676,집이
8953770,ㅋㅋㅋㅋㅋㅋㅋㅋㅋㅋㅋㅋㅋㅋㅋ
8953784,와 저거머야
8953801,ㅋㅋㅋㅋㅋㅋㅋㅋㅋㅋ
8953920,와 ㅋㅋㅋㅋㅋㅋㅋㅋㅋㅋ
8953980,ㅋㅋㅋㅋㅋㅋㅋㅋ스킨봐
8954147,벨코즈 습박ㅋㅋㅋㅋㅋ
8954253,ㅋㅋㅋㅋㅋㅋㅋㅋㅋㅋㅋㅋㅋ
8954262,?????????
8954267,ㅋㅋㅋㅋㅋㅋ
8954346,ㅁㅊ
8954349,ㅋㅋㅋㅋㅋㅋㅋㅋㅋㅋㅋ
8954360,귀엽지
8954480,ㅆㅂㅋㅋㅋ
8954589,이번에 나온거
8954641,ㅋㅋㅋㅋㅋㅋㅋㅋㅋㅋㅋㅋㅋㅋㅋㅋ
8954666,ㅋㅋㅋㅋㅋㅋㅋㅋㅋㅋㅋㅋㅋㅋㅋㅋㅋㅋㅋㅋㅋ
8954698,ㅋㅋㅋㅋㅋㅋㅋㅋㅋㅋㅋㅋ
8954775,ㅋㅋㅋㅋㅋㅋ
8954803,자꾸 말대꾸하지
8954811,캬
8954920,와 ㅋㅋ
8955031,ㅋㅋㅋㅋㅋㅋㅋㅋㅋㅋㅋㅋㅋㅋㅋㅋ
8955047,ㅋㅋㅋㅋㅋㅋㅋㅋㅋㅋㅋㅋㅋ
8955151,ㅋㅋㅋㅋㅋㅋㅋㅋㅋㅋㅋㅋㅋㅋㅋㅋㅋㅋㅋㅋㅋㅋㅋㅋㅋㅋㅋㅋㅋㅋ
8955173,징그럽네
8955179,새로나옴 ㅇ
8955238,뭔스킨임?
8955338,개징그럽네
8955367,벨 스킨 뭐냐?
8955368,와 개징그럽네
8955426,와 ㅈㄴ 징그러워
8955570,ㅋㅋㅋㅋㅋㅋㅋㅋㅋㅋㅋㅋㅋㅋㅋㅋㅋ
8955652,{:d_108:}{:d_108:}{:d_108:}
8955666,ㅋㅋㅋㅋㅋㅋㅋㅋ
8955675,개역겹네 ㅋㅋㅋ
8955687,파스타
8955717,오 신스킨
8955726,ㅋㅋㅋㅋㅋㅋㅋㅋㅋㅋㅋㅋㅋㅋㅋㅋㅋㅋㅋㅋㅋㅋㅋㅋ
8955949,주딱 ㄷㅊ
8955958,와 습박 실화냐
8956073,뭐야 저게
8956298,벨코즈 뭐임? ㅋㅋㅋㅋ
8956383,스파게티 ㅅㅂ
8956424,ㅋㅋㅋㅋㅋㅋㅋㅋ
8956508,탐 나지
8956539,진짜 나갈래?
8956642,먹물파스타 좋다
8956703,ㅋㅋㅋㅋㅋ
8956720,ㅋㅋㅋㅋㅋㅋㅋㅋㅋㅋㅋㅋㅋㅋㅋㅋㅋㅋㅋ
8956723,ㅋㅋㅋㅋㅋㅋㅋㅋㅋㅋㅋㅋㅋㅋ
8956798,개싫다
8956988,스파게티벨코즈 ㅆㅅㅌㅊ
8957136,ㅈㄴ역겹네 ㅋㅋㅋ
8957330,개징그럽네
8957497,먹물파스타
8957678,스파게티
8957726,스킨 개더러워
8957740,먹물파스타당 습박
8957760,스킨 ㅋㅋㅋㅋㅋㅋㅋㅋㅋㅋㅋ
8957931,와꾸보소
8958183,ㅅㅂㅋㅋㅋㅋㅋㅋㅋ
8958235,아니 벨코즈 뭐임
8958379,뭐임?
8958449,ㅋㅋㅋㅋㅋㅋㅋㅋㅋㅋㅋㅋㅋ
8958488,ㅈㄴ 웃기네 ㅋㅋㅋㅋㅋㅋㅋ
8958606,스킨 ㅆㅅㅌㅊ
8958617,벨코즈스킨 습박 ㅋㅋㅋㅋㅋㅋㅋㅋㅋㅋㅋㅋㅋㅋㅋㅋㅋㅋㅋㅋㅋㅋㅋㅋㅋ
8958756,ㅋㅋㅋㅋㅋㅋㅋㅋㅋㅋㅋㅋㅋ
8958769,어우 징그러
8958813,저거 개이쁨 ㅋㅋ
8958943,와 스킨 ㅈ되네
8959046,ㅋㅋㅋㅋㅋㅋㅋㅋㅋㅋㅋㅋㅋㅋㅋㅋㅋㅋㅋㅋㅋ
8959111,개극혐이네 ㅋㅋㅋㅋㅋㅋㅋㅋㅋㅋㅋㅋㅋㅋㅋㅋㅋ
8959188,진짜 난리났네 스킨꼬라지들
8959533,멀쩡한 바루스냅두고 이런거하고싶으시대잖아
8959940,와 ㅋㅋㅋㅋㅋㅋㅋㅋㅋㅋㅋ
8960014,ㅋㅋㅋㅋㅋㅋㅋㅋㅋㅋㅋㅋㅋㅋㅋ
8960320,씹징그럽네
8960407,와 개징그럽다
8960460,개징그럽네 ㅋㅋㅋㅋㅋㅋㅋㅋ
8960470,와 둘이
8960485,개징그럽다
8960487,머냐 ㅆㅂ
8960572,먹물 스파게티
8960712,ㅈㄴ징그러워 ㅅㅂㅋㅋ
8960765,먹물파스타인가 ㅋㅋ
8960947,와 봇듀오 레전드 어그로
8960986,ㅋㅋㅋㅋㅋㅋㅋㅋ
8961056,와 ㅋㅋㅋㅋㅌ
8961190,ㅋㅋㅋㅋㅋㅋㅋㅋㅋㅋㅋㅋㅋ
8961339,다리 잡아 뜯고 싶네
8961519,ㅋㅋㅋㅋㅋㅋㅋㅋㅋㅋㅋㅋㅋㅋㅋㅋ
8961664,스킨 개웃기네ㅋㅋ
8961878,ㅋㅋㅋㅋㅋㅋㅋㅋㅋㅋㅋㅋㅋ
8962273,ㅋㅋㅋㅋㅋㅋㅋㅋㅋㅋㅋㅋㅋ
8962316,징그럽다 ㅋㅋㅋㅋㅋㅋㅋ
8962342,ㅋㅋㅋㅋㅋㅋㅋㅋㅋㅋㅋㅋ
8962808,ㅋㅋㅋㅋㅋㅋㅋㅋㅋㅋㅋ
8963130,ㅋㅋㅋㅋㅋ
8963136,스파게티 색깔이
8963807,ㅈㄴ 징그럽네 ㅋㅋㅋㅋ
8964056,나폴리 맛피아 벨코즈다
8964073,스킨 개징그럽네 ㅋㅋㅋㅋㅋㅋㅋ
8964143,피카님 또 기싸움하지;
8964187,스킨 개토나오네
8964246,코즈벨이냐
8964490,스킨 ㅋㅋㅋㅋㅋㅋㅋㅋㅋ
8964650,먹물파스타
8964748,스킨 진짜 ㅋㅋ
8964838,머냐진짜
8964886,먹물파스타
8964922,ㅈㄴ 징그럽네
8965085,신챔임?
8965276,아으 벨코즈 혐오스럽네
8965314,스파게티?
8965385,와 ㅈㄴ 징그러워
8965628,혐오스럽다
8966187,벨코즈 스킨 레전드네 ㅅㅂㅋㅋㅋㅋㅋ
8966415,벨코즈 저 스킨 개극혐임
8966448,먹물파스타 습박
8966552,ㅋㅋㅋㅋ
8966849,꿀과 먹물스파게티
8966946,어우 징그러
8967046,먹물파스타네
8967306,스파게티 벨코즈 ㅋㅋㅋㅋㅋㅋㅋㅋㅋㅋㅋㅋ
8967354,와 티모 벨코즈 바텀듀오 역겹네
8967410,역겹네그냥
8967496,스킨 씹 ㅋㅋㅋ
8967545,징그럽노 ㅋㅋㅋ
8967778,먹물스파게티 ㅋㅋㅋㅋㅋㅋㅋㅋㅋㅋㅋㅋ
8967863,먹물파스타 ㅅㅂ
8968169,오
8968211,먹무릇파게티네
8968525,진짜 비주얼 십창이네 ㅋㅋ
8968536,벨코즈 스킨 꼴받네 ㅋㅋㅋㅋㅋㅋㅋㅋㅋㅋㅋ
8968622,ㅈㄹ났네 ㅋㅋㅋㅋㅋㅋㅋㅋㅋㅋ
8968900,오
8969267,바텀은 쳐다보기도싫네
8969340,먹물 파스타 뭐지요ㅕ
8969406,아오
8969730,어이가 업네 ㅋㅋㅋㅋㅋㅋㅋㅋㅋㅋㅋㅋㅋㅋㅋㅋㅋ
8969814,개귀엽다
8969836,스킨 레전드
8969901,와 베코즈 레전드다
8970468,여유롭다#1234  프레이
8970620,ㅋㅋㅋㅋㅋㅋㅋㅋㅋㅋㅋㅋㅋㅋㅋㅋㅋㅋㅋㅋㅋㅋㅋㅋㅋㅋㅋ
8970693,먹물 파스타 뭔데 ㅋㅋㅋ
8970903,개까불 봇듀 on
8971244,먹물파스타 뭐고
8971259,ㅅㅂㅋㅋㅋㅋ
8971615,와 크로마 끼니까 더  혐오스럽네
8971804,와 ㅈㄴ역겹다 ㅋㅋㅋㅋ
8972130,dhk
8972157,혐오스럽노
8972279,아니 ㅈㄴ 징그러 ㅋㅋㅋㅋㅋㅋㅋㅋㅋㅋㅋ
8972527,메밀면임?
8972622,저거 개꼴받ㅇ네 ㅋㅋㅋㅋ
8972809,스파게티 크로마임? ㅋㅋㅋ
8972846,파스타가 아니라 머리카락 뭉친거같네 개징그러움;;;
8972934,ㅋㅋㅋㅋㅋㅋㅋㅋㅋ
8973174,레전드조합
8973276,ㅋㅋㅋㅋㅋㅋㅋㅋㅋㅋㅋㅋㅋㅋㅋㅋㅋㅋㅋㅋㅋㅋㅋㅋㅋㅋㅋ
8973303,저게 뭐야 ㅋㅋ
8973551,ㅋㅋㅋㅋㅋㅋㅋㅋㅋㅋㅋㅋㅋ
8973560,코즈벨임?
8973736,어우
8973888,족고수 ㅋㅋ
8973928,개띠겁긴하네 ㅋㅋㅋ
8973960,?ㅋㅋㅋ
8974145,ㅋㅋㅋㅋㅋㅋㅋㅋ
8974338,ㅋㅋㅋㅋㅋㅋㅋㅋㅋㅋㅋㄴㄴㅋㅋㅋ
8974669,와
8975014,뭐 저딴 혐오스킨을 쳐내냐
8975132,ㅋㅋㅋㅋㅋㅋㅋㅋㅋㅋㅋㅋㅋㅋㅋㅋㅋㅋㅋㅋㅋㅋㅋㅋㅋㅋㅋㅋㅋㅋㅋㅋㅋㅋㅋㅋㅋ
8975521,와 스킨 ㅅㅂ
8975986,레전드 듀오 ㅋㅋㅋㅋㅋㅋㅋㅋㅋㅋㅋㅋㅋㅋㅋㅋㅋㅋㅋㅋㅋㅋㅋㅋㅋㅋ
8975994,ㅋㅋㅋㅋ
8977247,진짜 흉측하다 흉측해
8977288,ㅋㅋㅋㅋㅋㅋㅋㅋㅋㅋㅋ
8977330,개꼴받겟다
8977387,아니 멘탈 공격 미친 ㅋㅋㅋㅋㅋㅋㅋㅋㅋㅋㅋㅋㅋㅋㅋㅋㅋㅋㅋㅋㅋㅋㅋㅋㅋㅋㅋㅋㅋㅋ
8977482,다른게임아님?
8977712,빨간색 마렵네
8978053,ㅋㅋㅋㅋㅋㅋㅋㅋㅋㅋㅋㅋㅋㅋㅋㅋㅋㅋㅋㅋ
8978145,바탐 습박 ㅋㅋㅋㅋㅋ
8978552,스킨 개짜증나네 저거 ㅋㅋ
8978959,쌍으로 난리네
8979129,레전드듀오 ㅋㅋ
8979294,ㅋㅋㅋㅋㅋㅋㅋㅋㅋ
8979430,저게 레전드 스킨? ㅋㅋㅋㅋㅋㅋ
8979625,피리불어라
8979644,저거 한정판인데
8979983,습박 ㅋㅋㅋㅋ
8980262,ㅋㅋㅋㅋㅋㅋㅋㅋㅋ
8980586,레전드 바텀 듀오 ㅋㅋㅋㅋㅋㅋㅋㅋㅋㅋㅋㅋㅋㅋㅋㅋㅋㅋㅋ
8980781,스킨 ㅈㄴ 띠껍노
8980789,먹물파스타임? ㅋㅋ
8980842,바텀스킨 꼬라지 ㅋㅋㅋㅋㅋㅋㅋㅋㅋㅋㅋㅋㅋㅋㅋㅋㅋㅋㅋㅋㅋㅋㅋㅋㅋㅋㅋㅋㅋㅋ
8981020,ㅋㅋㅋㅋㅋㅋㅋㅋㅋㅋㅋㅋ
8981111,와 ㅈㄴ 징그럽네 벨코즈 ㅋㅋㅋㅋㅋ
8981265,ㅋㅋㅋㅋㅋ
8981300,레전드 개벌레조합ㅋㅋㅋㅋ
8981756,봇듀 씹극혐이네 진짜 ㅋㅋㅋㅋㅋㅋㅋㅋㅋㅋㅋㅋㅋㅋㅋㅋㅋㅋㅋㅋㅋㅋㅋ
8981811,ㅋㅋㅋㅋㅋㅋ아 징그러워 ㅅㅂㅋㅋㅋㅋㅋ
8981908,ㅋㅋㅋㅋㅋㅋㅋㅋ 티모 개귀엽네
8982934,개귀엽네ㅋㅋㅋㅋㅋㅋㅋㅋ
8982942,저거 한정판인데 어케얻은거지
8982964,정신나가겠노 ㅋㅋㅋㅋㅋㅋㅋ
8983058,ㅈㄴ 혐오스러운 바텀이네
8983396,ㄹㅇ 흉측하네 습박
8983634,-ㅂㅋㅋㅋㅋㅋㅋㅋㅋㅋㅋㅋㅋㅋㅋㅋㅋㅌ
8983671,혐오스택
8983907,와 겜 던지고 싶네 ㅋㅋㅋ
8984143,ㅈㄹ 났네 ㅋㅋㅋㅋㅋㅋ
8984409,줫나 역겹게생겼네 둘다
8985675,정신병자듀오 ㅋㅋㅋ
8985844,여기 브론즈 구간인가요
8985943,ㅋㅋㅋㅋㅋㅋㅋㅋㅋㅋㅋㅋㅋㅋㅋㅋ
8985951,바텀 레전드 듀오당 습박 ㅋㅋㅋㅋㅋㅋㅋㅋㅋㅋㅋㅋㅋㅋㅋㅋㅋㅋㅋㅋㅋㅋㅋㅋㅋ
8986381,티모 왜이리 작아보이냐
8986501,레전드듀오
8986674,봇듀 꼬라지 ㅋㅋ
8986685,바텀 십 ㅋㅋㅋㅋ
8986947,폐급두오 ㅋㅋㅋ
8987020,벌써 싫다
8987065,개벌레 조합 ㅋㅋㅋㅋㅋㅋㅋㅋㅋㅋㅋㅋ
8988093,캬 꿀벌ㅈ모
8988308,레전드네 ㅋㅋㅋ
8989292,혐오스러운 바텀 ㅋㅋㅋ
8989305,ㅇㅇ ㅋ ㅡ로마임
8990425,ㅇㅇ크로마
8990487,ㅇㅇ
8990557,ㅇㅇ
8990723,진짜 잡아뜯고싶네 생긴거
8990862,귀여우면 된거죠
8990927,신스킨일걸
8991072,촬영 ON
8991210,ㅇㅇ
8991224,크로마맞음
8991404,ㅇㅇ 크로마임 ㅋㅋㅋ
8991495,오징어
8991831,ㅇㅇ
8991980,먹물파스타네
8992391,ㅋㅋㅋㅋㅋㅋㅋㅋㅋㅋㅋㅋㅋ
8993203,ㅋㅋㅋㅋㅋ
8993887,먹물파스타
8994016,ㅈㄴ 혐오스럽네 ㅋㅋㅋㅋㅋ
8995097,올 벨코즈
8995222,찌이이익
8995321,캬
8995443,믿힌 먹물파스타당 ㅋㅋ
8996074,벨코즈 스킨 뭐냐 ㅅㅂ
8996145,즐겜 봇듀오같음 ㅋㅋ
8996310,벨코즈 고수
8997512,진짜싫다...
8997563,장인 냄새가 난다
8998784,스킨 진짜 잘뽑았따
8999236,각좀재네
8999469,코즈벨이니 ?
9000356,와
9000379,두번맞았노 ㅋㅋ
9000906,오
9000958,오
9001572,잘하는데?
9002478,스킨 퀄리티 ㅈㄴ좋네 ㅋㅋ
9002616,벨코즈 잘하는데?
9002665,와 스킨 갲같다
9002688,쌘데?
9002919,q한방에 카이사 피 실화?
9003376,ㅋㅋㅋㅋㅋㅋㅋㅋ
9003612,카이사 분노 상승
9003729,카이사 체력이
9004213,벨코즈 족고수..
9004263,걍 다른겜이네 ㅋㅋ
9004309,카이사 다쳐맞노
9004364,플라스크속 난쟁이같네
9004695,아이 잘하는데?
9005180,카이사님 피가 왜그래
9005581,심지어 잘해
9005901,스킨 킹받네
9009088,메이플 옥토퍼스 닮았네
9009518,?
9009799,감전쓰레쉬 ㅋㅋ
9009965,감전?
9010230,감쓰 ㅋㅋ
9010600,감전 쓸쉬?
9010672,오 벨코즈
9010783,벨코즈 잘하네
9010921,감레쉬 ㄷㄷ
9011081,전판 바드했네
9011327,감전 뭐야
9012457,4ap에 1야스오는 개어지럽네
9013169,살인충동 듀오
9013674,감래쉬
9013893,감레쉬
9013978,감레쉬 ;
9014356,ㅋㅋㅋㅋㅋ
9014369,ㅋㅋㅋㅋㅋㅋㅋ
9014394,ㅋㅋㅋㅋ
9014651,잘못든거같은데
9014896,ㅋㅋㅋㅋㅋㅋㅋㅋㅋㅋㅋㅋ
9015389,감쓰 ㅋㅋㅋㅋㅋㅋㅋㅋㅋㅋㅋ
9015486,ㅋㅋㅋㅋㅋㅋㅋㅋ
9017177,?
9018173,감레쉬 미쳣지
9018862,솔직히 살면서 한번쯤은 벨코즈같은 촉수한테 당해보고싶은 생각 드는데 정상인가요
9020067,봇 수준 ㅋㅋㅋㅋ
9022096,?
9023355,?
9023665,ㄲㄲ
9023922,?
9024719,쥐평 ㅋㅋ
9024767,ㄱ-
9025278,쥐평
9025397,쥐평
9026176,브론즈임 ㅇㅇ
9026193,?
9026265,쥐평
9026512,쥐평 미쳣지
9026565,코자임?
9026963,?
9027254,?
9027263,쥐평
9027318,>
9027570,쥐평
9028010,에휴 쥐평
9028123,ㅇㅇ
9028229,아으
9028335,쥐평인척하는 팤평
9028418,?
9028758,쥐평
9029003,쥐평
9029239,?
9029240,병원가라
9029346,?
9029355,쥐평 ㅋㅋ
9029426,쥐평
9029459,?
9029626,헤으응...
9029835,{:d_116:}{:d_116:}{:d_116:}
9029913,?
9030248,꼴리긴함
9030424,쥐평
9030508,음?
9030894,?
9030900,쥐평
9031159,티모에 벨코드 괴상한 스킨 끼고 오네 바텀 메타 망했네
9031504,감레쉬는ㅋㅋㅋ
9031522,쥐평
9031615,쥐순이면 ㅇㅈ함
9031804,?
9032557,음?
9032961,이건 팤평
9033251,호날두 팬임?
9033386,?
9033755,ㄹㅇ
9034151,쥐평
9034403,궁금하긴함
9034624,정상임
9035441,ㅖ
9035898,나가
9036272,닥치
9036575,정성임
9037121,쥐평인척하는 팤평
9037191,여자야?
9037619,쥐평
9039056,쳐더럽네
9039171,쥐순이임?
9039256,쥐순이세요?
9039329,코자임?
9039684,개카 익명풀고 도네해라
9040239,벨코즈스킨신기하다
9040449,쥐평
9041211,그냥 자라
9041601,¿
9044680,아 q
9046667,스읍
9046722,ㄲㅂ
9046858,야다..
9047431,에휴
9047586,ㄲㅂ
9047847,흠
9048646,ㅇㄷㅊㅇ
9049118,스읍
9049241,음?
9049606,헉
9049689,날카로운데
9049825,스읍
9050068,스읍
9050273,스읍
9050469,스읍
9050510,늙
9050554,스읍
9050671,실명 빨랏으면 잡앗나?
9050762,스읍
9050956,스읍
9051011,스읍
9051185,스읍
9051372,스읍스읍..
9051526,ㄱ-
9051545,스읍
9052863,ㅇㄷㅊㅇ
9052891,ㅇㄷㅊㅇ 아쉬운데
9053307,파카 스읍 ㅋㅋ
9053979,스읍
9054157,스읍
9054240,아 실명을;
9054434,스읍..
9055135,스읍
9056102,흠
9056195,스읍?
9056522,스읍
9056747,날카롭네
9057181,스읍..
9057354,에이 티모잘못아니지
9058355,감전 쓰레쉬 개잘하네
9058875,흠
9059262,렙업 조금만 빨랐어도 살렸겠다
9059413,분수뭐냐?
9059594,쥐응갤 돌아갈 준비중..
9061396,역시 정까는 파카
9062369,쥐응갤 on
9064239,반응 못한 벨코즈가 나빳네 ㅇㅇ
9065979,ㄲ
9066195,플썻어야지
9067263,어차피 구리지 상황이
9071705,티;모라 라인이 밀려서 졌다
9072430,쥐응갤 on
9077194,쥐응갤 실북순위오르는중 ㅋㅋ
9077552,어흐
9082411,쥐트박스 ㅋㅋ
9084125,와 ㄹㅇ 스킨 ㅅㅂ
9090509,스파게리 벨코오오오오즈
9092887,어후 벨코즈 와꾸;;;
9093583,시선이 계속가네
9095321,원딜 티모 역겹다
9095585,파카보다 잘하는데?
9095691,ㅋㅋㅋㅋㅋㅋㅋㅋ
9096045,ㅋㅋㅋㅋㅋㅋㅋㅋㅋㅋㅋㅋㅋㅋㅋㅋ
9097185,이기적인 정화
9098857,잠만
9098903,벨코즈 눈알 존나 부담스럽네
9099223,티모 사거리 늘어났나요?
9101518,ㅋㅋㅋ
9101847,🎶🎶🎶🎶🎶
9102214,{:d_42:}
9103642,미니언 추딜 5가
9104400,ㅋㅋㅋㅋㅋㅋㅋㅋㅋ
9105443,ㅋㅋㅋㅋㅋㅋㅋㅋㅋㅋ
9105689,더들어가는거같은데 ?
9108159,?
9109144,ㅋㅋㅋㅋ기여워
9109606,?
9110175,{:d_116:}{:d_116:}{:d_116:}{:d_116:}
9110509,헉
9111394,헉
9111662,야야야
9111820,무근소리세여
9111971,스끼립니다
9112252,정지해라
9112680,알아버렸구나
9112834,ㅇㅇ 버그 사용중임
9112957,모름 이거?
9114227,버그악용?
9114256,물쥐님은 버그 무조껀 써
9115206,하모니카 십 ㅋㅋ
9115256,헤이헤이/
9116232,??
9116396,파카님 날카로운 시상 뭐야 ?
9117004,ㅇㅇ 버그쓰는중
9117042,맞아요
9117498,{:d_116:}{:d_116:}{:d_116:}{:d_116:}{:d_116:}{:d_116:}{:d_116:}
9117871,자이라포기했어요..
9118030,야미
9118237,얌이
9118674,야미
9118724,도란링 버그임
9118808,야미야미
9119080,파카님 몰라 이거?
9119082,쿨은돈다
9119084,눈을떴구나 다시감아라 개카
9119643,캬
9119724,야미
9119724,앙~
9120301,달다달아
9121268,맛있모
9122207,쌍버프 ㅅㅂ
9122398,마시쪙~
9123982,신고하지말아주세요
9125928,모모모
9125936,도란링 샀다팔면 추딜5들어감
9126634,야미
9127113,인장 2스택
9127234,쌍모당
9127354,yada ..
9127623,스끼린뎅
9127796,야미~
9128688,제발 신고만은
9130186,쌍버프 개나이스
9130387,?
9130936,?
9131161,¿
9131569,ㅋㅋㅋㅋㅋㅋㅋㅋㅋ
9132022,?
9133282,벨코즈 습박 ㅋㅋㅋㅋㅋㅋ
9133299,스킨 ㅆㅃ
9133610,ㅋㅋㅋㅋㅋㅋㅋㅋ
9133785,그러지말아다오
9133879,징그러운거봐
9134288,ㅋㅋㅋㅋㅋㅋㅋㅋ
9134410,플예측인가...
9134628,벨코즈 스킨 진짜 혐오스럽네 와
9134946,달랑달랑
9135028,ㅋㅋㅋㅋㅋㅋ
9135150,ㅋㅋㅋㅋㅋㅋㅋ
9135790,상민이니?
9136374,바텀어그로듀오
9136831,그랩 플예상임?
9136976,파카 롤알못이네
9137096,?>??
9137335,녹화했고
9137478,땅랑땅랑 ㅋㅋ
9137657,ㅈ와 벨코즈
9137732,대유쾌 바텀듀오 ㅋㅋ
9137885,환각그랩
9138840,와 각도머냐
9138848,오
9139038,먹물벨코즈 징그러
9139533,티모원딜 너프 먹었는데 체감 되나요??
9140376,판단은 라이엇이
9140499,쌍으로
9140540,모션 꼬라지
9141490,선망증 쓰레쉬
9141895,와
9142083,와 어케했노
9142086,신고는 하지말아다오
9142184,헉
9142301,헉
9143947,추가 5딜 ㄹㅇ 뭐임?
9144010,ㅋㅋㅋㅋㅋㅋㅋㅋㅋㅋㅋㅋㅋ
9144219,안된다 어어
9144873,헉
9144915,음?
9144953,스킬이야 파카님
9144969,벨코즈 하더놈인데?
9145302,네?
9145448,헉
9145450,잘맞춘다
9145612,ㅋㅋㅋㅋㅋㅋㅋㅋ
9146447,?
9146464,헉
9146508,파카님 제발 신고만은
9146873,아오 개카좀 ㄷㅊ
9146991,쥐응갤 습박
9147364,{:d_116:}
9147411,안쓰면 ㅄ임
9147557,역시 시민의식은 파카
9147640,랜뽑을하며
9148739,헉
9148956,제발 그러지말아다오..
9149003,음/
9151076,ㄹ음?
9151256,ㅋㅋㅋㅋㅋㅋ
9151944,파카님 그러지말아잉
9152133,너도 쓰잖아
9155332,ㅋ 괴물쥐만 당할거 같음
9155804,파카님도 해
9157843,당신도쓰잖아
9158901,니도써 파카
9159731,님도하셈 ㅋ
9159841,?
9160170,공격력 58 미니언 데미지 63 ㄱ-
9160309,안쓰면ㅂㅅ인데?
9161084,정지먹으면 범인 확실하네
9161301,파카 밴중?
9161606,파카는 이런거 안써
9161964,랜뽑해서 1ㄷ1인데 멘징하죠
9162093,음?
9162258,동료 좋다는게 뭐야
9162424,5딜 어디서 훔쳐온거임??
9162587,파카 밴
9163571,¿ 너도 당해
9163801,헉
9164216,헉ㅋㅋ
9164316,헉
9164703,헉
9164858,ㄹㅇ
9164903,헉 ㅋㅋㅋㅋㅋㅋㅋㅋㅋㅋㅋㅋㅋㅋㅋㅋㅋ
9164959,뭣
9165022,랜뽑한거 신고 ㄱㄱ
9165602,헉
9165804,ㅋㅋㅋㅋㅋㅋㅋㅋㅋㅋㅋㅋㅋㅋㅋ
9165874,헉
9166128,헉
9166195,도란링 갈까 고민한건데 억까 뭐지?
9166231,ㅋㅋㅋㅋㅋㅋㅋㅋㅋㅋㅋㅋㅋㅋㅋㅋㅋㅋㅋㅋㅋㅋㅋㅋㅋㅋㅋㅋㅋㅋㅋㅋㅋㅋ
9166241,헛
9166412,헉
9166657,헉
9166729,헉
9166839,ㅋㅋㅋㅋㅋ
9166990,ㅋㅋㅋ
9166998,ㅋㅋㅋㅋㅋㅋㅋㅋㅋㅋㅋㅋㅋㅋㅋㅋㅋ
9167090,헉
9167124,{:d_106:}{:d_106:}{:d_106:}{:d_106:}
9167169,ㅋㅋㅋㅋㅋ
9167212,ㅋㅋㅋㅋㅋ
9167291,ㅋㅋㅋㅋㅋㅋㅋㅋㅋㅋㅋㅋㅋㅋㅋㅋㅋㅋㅋ
9167358,캬
9167396,헉
9167397,헉
9167527,헉
9167627,랜뽑 ㅋㅋㅋㅋㅋㅋㅋㅋㅋㅋㅋㅋㅋㅋㅋㅋㅋㅋㅋㅋㅋㅋㅋㅋ
9167666,ㅋㅋㅋㅋㅋㅋㅋㅋㅋㅋㅋㅋ
9167975,zzzzzzzzzzzzzzzzzzz
9168021,잘가라
9168169,헉
9168180,티모 꼬리 {:d_108:}{:d_108:}{:d_108:}
9168308,ㅋㅋㅋ
9168470,랜뽑사건 ㅋㅋ
9168808,ㅋㅋㅋㅋㅋㅋㅋㅋㅋㅋㅋㅋㅋㅋㅋㅋㅋㅋㅋㅋㅋㅋㅋㅋㅋㅋ
9168988,헉
9169459,캬
9169599,헉
9169656,개카 미쳤지
9170278,ㄹㅇㅋㅋㅋ
9170632,벨코즈 스킨 잘뽑았네
9170919,시빌엄 ㅋㅋㅋㅋㅋㅋㅋㅋㅋㅋㅋㅋㅋㅋ
9171146,그건 진짜인데
9171237,ㄹㅇ
9171334,랜뽑 습박 ㅋㅋㅋㅋㅋㅋㅋㅋㅋㅋㅋㅋㅋㅋㅋㅋㅋㅋㅋㅋㅋㅋㅋㅋㅋ
9171602,ㄹㅇ
9171693,ㅋㅋㅋㅋㅋㅋㅋㅋㅋㅋㅋ
9171752,인죵 ㅋㅋ
9171819,헉
9172114,랜뽑 ㄷㄷ
9172430,나도 ppap 따서 라이엇에 신고했다 수고해라
9172645,ㅋㅋㅋㅋㅋㅋㅋㅋㅋㅋㅋㅋ
9173169,그건 ㅇㅈ
9173233,근데 그건 진짜임
9173558,ㄹㅇㅋㅋㅋㅋㅋ
9173602,그건 ㄹㅇ ㅈ같음
9174220,ㅋㅋㅋㅋㅋㅋㅋㅋㅋㅋㅋㅋㅋㅋ
9174224,{:d_116:}{:d_116:}{:d_116:}
9174288,랜뽑유행됐어 ㄹㅇ
9174365,공론화 ㄱㄱ
9174582,저새끼였음?
9175078,ㅋㅋㅋㅋㅋㅋㅋㅋㅋㅋ
9175212,ㅇㅈ ㅋㅋ
9175704,{:lck_28:}{:lck_28:}
9176216,진짜 개심함
9176244,ㅋㅋㅋㅋㅋㅋㅋ
9176964,난 이미 보냈어
9177377,파카 잘가라
9177590,ㅋㅋㅋㅋㅋㅋㅋㅋㅋㅋㅋ
9177923,랜뽑 유행시킨게 개카였어?
9178136,아오 랜뽑ㅋㅋㅋㅋ
9178361,나도 증칼에서 ㅈㄴ당함
9179424,ㅋㅋㅋㅋㅋ
9179572,ㄷㄷㄷㄷㄷㄷㄷ
9179642,예전에 렝가 강화qw도 같이 쓰면 되는 버그써도 정지안당했는데
9180090,캬
9180480,ㅋㅋㅋㅋㅋㅋㅋㅋㅋㅋㅋㅋㅋㅋㅋㅋㅋㅋㅋㅋ
9180589,이건 누명도아니야
9180741,헉
9180817,아오 개카
9181589,파카: 난 한판만 했다
9181761,ㅋㅋㅋㅋㅋㅋㅋㅋㅋㅋㅋㅋㅋㅋ
9182162,ㄹㅇ
9182202,ㅋㅋㅋㅋㅋㅋㅋㅋㅋㅋㅋㅋㅋㅋㅋㅋㅋㅋㅋㅋㅋㅋㅋㅋㅋㅋㅋㅋㅋㅋㅋㅋㅋㅋㅋㅋㅋㅋ
9182210,혹덩이 ㅋㅋ
9182643,ㅋㅋㅋㅋㅋㅋㅋㅋㅋㅋㅋㅋㅋㅋㅋㅋㅋㅋㅋㅋㅋ
9182916,켜ㅑ
9182950,ㄹㅇㅋㅋ
9182971,ㅋㅋㅋㅋㅋㅋㅋㅋㅋㅋㅋㅋㅋㅋㅋ
9182975,그거 진짜였음? ㄷㄷㄷㄷㄷ
9183136,ㅋㅋㅋㅋㅋㅋㅋㅋㅋㅋㅋ
9183209,캬
9183433,ㅋㅋㅋㅋㅋㅋㅋㅋㅋㅋㅋㅋㅋㅋㅋㅋㅋ
9183468,?:
9183489,ㅋㅋㅋㅋㅋㅋㅋㅋㅋㅋㅋㅋㅋㅋㅋㅋㅋㅋㅋㅋㅋㅋㅋㅋㅋㅋㅋㅋㅋㅋㅋㅋㅋㅋㅋ
9183521,캬
9183609,ㅋㅋㅋㅋ
9183772,{:lck_28:}{:lck_28:}{:lck_28:}{:lck_28:}{:lck_28:}{:lck_28:}{:lck_28:}
9183954,너는?
9184039,ㅗ헉
9184075,캬
9184114,ㄹㅇ
9184179,ㅋㅋㅋㅋㅋㅋㅋㅋ
9184241,ㅋㅋㅋㅋㅋㅋㅋㅋㅋㅋㅋㅋㅋㅋ
9184245,ㅋㅋㅋㅋㅋㅋㅋㅋㅋㅋㅋㅋㅋㅋㅋㅋㅋㅋㅋㅋㅋㅋㅋㅋㅋㅋㅋㅋㅋㅋㅋㅋㅋㅋㅋㅋㅋㅋㅋㅋㅋㅋㅋ
9184523,랜뽑은 ㄹㅇㄹㅇ..
9184719,ㄹㅇ 암덩어리네
9184780,ㅋㅋㅋㅋㅋㅋㅋㅋㅋㅋㅋㅋㅋㅋㅋㅋㅋㅋㅋㅋㅋㅋㅋㅋㅋㅋㅋㅋ
9184798,대저방부뽑
9184873,ㅋㅋㅋㅋㅋㅋㅋㅋㅋㅋㅋㅋㅋㅋㅋㅋㅋㅋㅋㅋㅋㅋㅋㅋㅋㅋㅋㅋㅋㅋㅋㅋ
9184914,ㅋㅋㅋㅋㅋㅋㅋㅋㅋㅋㅋㅋㅋㅋㅋㅋㅋㅋㅋㅋㅋㅋㅋㅋㅋ
9185004,캬 시원하다
9185014,악vs악
9185027,ㅋㅋㅋㅋㅋㅋㅋㅋㅋㅋ
9185295,ㄹㅇㅋㅋ
9185617,ㅋㅋㅋㅋㅋㅋ
9185727,뭣
9185874,갈!!
9185961,아오 개카 ㅅㅂ
9186052,혹덩아!!!!!!!!!!!!!!!!!!!
9186344,쥐카콜라
9186518,ㅋㅋㅋㅋㅋㅋㅋㅋㅋㅋㅋㅋㅋ
9186522,ㅋㅋㅋㅋㅋㅋㅋㅋㅋㅋ
9186707,ㅋㅋㅋㅋㅋㅋㅋ ㅋㅋㅋㅋ
9186726,아오 개카시치
9186840,개카 조용해짐
9186925,도구혐오도 파카가함?
9186963,진짜 악질이네
9186976,ㅋㅋㅋㅋㅋㅋㅋㅋㅋㅋㅋㅋㅋㅋ
9187055,ㅋㅋㅋㅋㅋㅋㅋㅋㅋㅋㅋㅋㅋㅋㅋㅋㅋㅋㅋㅋㅋㅋㅋㅋ
9187101,캬
9187180,사퇴해
9187201,+ 서포터 혐오
9187251,그거 다시보기 없어 물쥐님
9187273,판단은 라이엇이
9187366,캬ㅑㅑㅑㅑㅑㅑㅑㅑㅑ
9187453,{:d_116:}{:d_116:}{:d_116:}{:d_116:}{:d_116:}{:d_116:}
9187515,ㅈㄴ 웃기네 ㅋㅋ
9187568,ㅋㅋㅋㅋㅋ
9187720,개카가 다 그렇죠 뭐
9187782,갈!!!!!!!!!
9187960,캬
9188004,렌뽑이뭐임?
9188035,ㅇㅈ
9188165,아니요즘 나가는게 랜뽑이었음??
9188762,개카 ㅋㅋㅋㅋㅋㅋㅋㅋ
9188869,{:d_126:}{:d_126:}{:d_126:}{:d_126:}
9189086,ㅅㅍㅌㄴㄲ
9189165,{:d_58:}
9189285,랜뽑 탑 10데스 ㅋㅋㅋㅋ
9189297,속이뻥
9189361,ㅋㅋㅋㅋㅋㅋㅋㅋㅋㅋㅋㅋㅋㅋㅋㅋ 악질 문화는 역시..
9189650,ㅋㅋㅋㅋㅋㅋㅋㅋㅋㅋㅋㅋ
9189821,서포터 혐오는...
9189844,ㄹㅇ이가
9190249,맞긴해 ㅋㅋㅋㅋㅋㅋㅋㅋㅋㅋ
9190420,파카가 만들고 물쥐가 유행시켰어
9190420,아오 개카시치
9190767,사람이 아닌데요 그건?
9190792,맞말추
9190854,속이뻥~~~~~~~~~~~~~~~
9190933,{:lck_28:}{:lck_28:}{:lck_28:}{:lck_28:}{:lck_28:}{:lck_28:}
9191004,{:lck_28:}{:lck_28:}{:lck_28:}{:lck_28:}{:lck_28:}{:lck_28:}{:lck_28:}
9191425,속이 뻥
9191554,도구론은 누가만듬
9191838,{:lck_16:}{:lck_16:}{:lck_16:}{:lck_16:}{:lck_16:}
9191967,팤 재 앙
9192106,ㅋㅋㅋㅋㅋㅋㅋㅋㅋㅋㅋ
9192584,속이뻥
9192638,ㅋㅋㅋㅋㅋㅋㅋㅋㅋㅋㅋㅋㅋㅋㅋ
9192707,"""극악무도"" 듀오"
9193259,ㅋㅋㅋㅋㅋ
9193269,ㅋㅋㅋㅋㅋㅋㅋㅋㅋㅋㅋㅋㅋㅋㅋ
9193379,증거있어 ?
9193599,맞긴해
9193600,상호확증파괴 ㄱㄱㄱㄱㄱ
9193695,?
9193724,ㅋㅋㅋㅋㅋㅋㅋㅋㅋ
9194213,ㅋㅋㅋㅋㅋㅋㅋㅋㅋㅋㅋㅋ
9194661,개카시치
9194872,ㄹㅇㅋㅋ
9195090,파카의 도구론을 아는가람 ㄱ-
9195180,와 쓰레기
9195358,ㅋㅋㅋㅋㅋㅋㅋㅋㅋㅋㅋㅋㅋㅋㅋ
9195800,쥐탈린 팤틀러
9195936,핫 둘 셋 넷 ~
9196811,오
9196992,다시보기 없어 ㅋㅋㅋㅋㅋ
9197077,오
9197082,다시보기 없대 ㅋㅋㅋㅋㅋㅋ
9198001,괴물쥐가 한거 아니었음??
9199043,증거라니..
9199833,ㅈ증거있어 ㅋㅋㅋㅋㅋㅋㅋㅋㅋㅋ
9200660,가버렷
9200796,다시보기만들어
9200952,저게 저입에 ㅋㅋ
9200973,ㅋㅋㅋㅋㅋㅋㅋㅋㅋㅋㅋㅋㅋㅋㅋ
9201336,증거있어 ㅋㅋㅋㅋㅋㅋㅋㅋ
9201570,반응 좋네
9201681,증거인멸까지
9202185,아니근데 진지하게 랜뽑은 진짜 존나 심해 요새. 10판하면 8판은 이새끼들 담배피고옴
9202571,유튜브 렉카가 올렷긴해
9202776,할말은 한다 쥐카콜라
9203739,증거인멸 ㄷㄷ
9203870,증거있어는 ㅋㅋㅋㅋ
9204230,저게저입에 명언이지
9204233,ㅋㅋㅋㅋㅋㅋㅋㅋㅋㅋㅋ
9204422,녹화가 있다면
9204428,버럭이 ㅈㄴ웃기네 ㅋㅋ
9205153,누가 가지고있겠지
9205792,유튜브는 있지 않나
9205940,증거인멸 ㄷㄷ
9206027,증거가 없다..
9206797,ㅋㅋㅋㅋㅋㅋㅋㅋㅋㅋㅋ
9206886,개카련 꼴이좋아?ㅋㅋㅋㅋㅋㅋㅋㅋㅋㅋㅋㅋㅋㅋㅋㅋㅋㅋㅋㅋㅋㅋㅋㅋㅋㅋㅋㅋㅋㅋㅋㅋㅋㅋㅋㅋ
9206979,증거인멸은 뭐야
9207160,저사람 싸이코패스임?
9207266,저 녹환본 있어요
9207383,증거잇는데요?
9208429,널린게증거야 파카님
9208767,팤평
9208915,물쥐님 제가 녹화본 있어요 보내드릴게요
9209324,다시보기 ㅋㅋㅋ
9209680,증거있어?는 진짜 범죄자가 하는말같네 ㅋㅋㅋㅋ
9210512,호옹이?
9210576,"불법노점상이,,"
9211305,파카님 증거는 유투브 원딜명언에남아있어
9211600,롤대남들의 눈물이 그 증거야
9211981,피해자의 눈물이
9212139,ㄹㅇ
9212231,누군가는 분명히 가지고 있어
9213014,근데 서포터니까는 도파잖아
9213320,인터넷에는 없는게 없는데
9213483,ㄹㅇ
9214118,ㄹㅇ
9214238,클립 다 따놨을 거다
9214601,랜뽑 개빡침
9215026,렉카가 유튜브에 숏츠로 올림ㅋㅋㅋㅋ
9215224,ㄹㅇ
9215462,파카가 문제 많은 사람
9216035,ㄹㅇ
9216626,ㄹㅇ
9216669,증바람에서 ㄹㅇ
9216890,ㄹㅇㄹㅇ
9217152,다시보기 ㅇㅇ
9217166,님입으로 증거있냐고 묻는건 좀
9217241,ㄹㅇ
9217513,유튜브가 증거지
9217706,랜뽑 진짜 열받음
9218692,랜뽑테크닉
9219182,맨날 90퍼에서 시작안해
9219329,우리 애기파카잘못없대!
9220925,파카님 녹화본 굴러다녀
9222945,개카 저년이 문제임
9223180,불법노점상에는 모든게 있어
9223213,이게다 흡연충때문이다
9223394,팤카가 협곡에 독을  풀었어
9224528,증거 필요하면 연락주세요 ㅇㅇ
9224938,쥐풍당당
9225301,유튭에 많지 ㅋㅋㅋㅋ
9225402,서포터의 눈물이 증거입니다
9225611,흡연충들은 진짜 사회악이네
9226145,파카가 유행시킨 랜뽑..
9226493,녹화본이 다 있는데 구라를 칠려고
9226682,피해받은 도구들의 눈물이 증거입니다
9227191,랜뽑을 왜 함? 담배 다 피고 돌리더다
9227843,파카님 박종우랑 증바람이나 하러 가
9228585,랜뽑은 예전에 괴물쥐 롤체할때부터 하던거 아니냐?
9229443,하 파카 때메
9230829,"릴 피면 되는데 왜그러지,,"
9231140,랜뽑하고 담패피는 십새들 ㅈㄴ 많음
9231445,미니언 추딜5
9234458,여기 증인이 몇명이냐；；
9235437,헉
9237268,{:d_116:}{:d_116:}
9238595,파카 네이놈!!
9238877,개카 말 돌리네
9239253,음?
9240097,{:d_116:}{:d_116:}
9241240,말 돌리기 뭐죠?
9241743,파카님 신고해서 물쥐님 도파만들자
9242356,음?
9243156,걍 개카 사람자체가 문제임
9244030,파카님 여기 랜뽑피해자가 더 많아서 님이 이길수 없는싸움이야 ㅋㅋㅋㅋㅋㅋㅋ
9244110,오
9244403,이야
9244425,근데 담배를 먼저 피고 게임을 돌리면 세상이 멸망하는거임?
9244792,안쓰면 ㅂㅅ임ㅠ
9245089,와우
9245219,딜교 개나이스
9245328,역겹다 그냥
9245733,말돌리지마라
9247224,벨코즈 심리전좀 치는데
9247367,사실 나도 파카방송보고 랜뽑하고있긴함 ..........................
9249751,파카님 신고하지말아줘
9251145,와 벨코즈 스킨 뭐냐
9252726,효율이 떨어짐
9252874,담배충들 평균임
9253550,ㄹㅇㅋㅋ
9253908,그런듯
9254224,개카 ㅋㅋ
9254239,오 벨코즈
9254524,벨코즈 딜쌔긴하네
9255938,핫픽스 하라고 쓰는겁니다
9256241,ㅇㅇ내가 세상 지키는중ㄹ
9256366,파카: 어 이렇게 나오면 안되는데;;;
9257562,ㅇㅇ
9257792,흡연충들 평균임
9258693,ㄹㅇ ㅋㅋㅋㅋㅋㅋㅋㅋㅋㅋ
9258850,템포밀림
9259428,ㄹㅇ ㅋㅋ
9259771,흡평
9259775,ㅇㅇ
9260045,ㅋㅋㅋㅋ
9260162,세상을 지켜야지 ㅇㅇ
9260190,ㄹㅇ
9260268,자기 시간 손해보는건 안됨
9260325,ㅇㅇㅋㅋ
9260718,ㅇㅇ
9261254,ㅇㅇ
9261342,헉
9261625,내시간손해
9261968,ㅇㅇ
9262066,그럼 큐 잡히면 또 피고 싶어지잖아
9262425,ㅇㅇ
9262525,그렇대요
9262693,ㅔ
9262790,난 알탭하고 방송보고 폰하고있다가 겜 왤케 시작안해 해서 다시 알탭했는데 그제서야 로딩되더라 ㅇㅇ 이게 랜뽑임?
9262835,피면서돌리면되는데?
9263444,ㅇㅇ멸망함
9263496,ㅇㅇ
9263733,흡연충들 ㅆㅂ
9264374,박종우모름? 멸망함
9264572,멸망함 실제로
9264781,ㅄ들이라 그럼
9265006,흡연충들은 그런거 몰라레후
9265201,흡연충들은 생각못함
9265650,흡연충 평균임
9266222,그시간조차 손해보는거라고 생각하는거임
9266524,몰랐음?
9266969,저사람 세상은 멸망함
9267307,암베사화남?
9268308,못참음
9271083,흡연충들은 그런거 신경안씀
9271601,흡연충
9272340,큐 돌리고 담배피면 더 맛있음
9272495,스킨 개맛있게 생겼네
9275149,얍어게인
9275329,그럼 자기 시간 손해보는거라 안됨 남손해보는건 ㄱㅊ
9276415,음?
9277271,흡연자한테 논리를 바라는거임?
9278843,?
9279015,고무고무 뭐고
9281107,머하삼
9281695,츄
9282206,흠
9283822,진짜 늙기싫다 천하의 장지환이  티모 원딜이나 하고 있고 눈물밖에 안 나온다 그냥
9284769,꽃
9284920,곷이 아파
9285749,{:d_108:}
9285922,꽃ㅊ
9285949,꽃 아파..
9286096,꽃이아하
9286159,꽃추아파
9286332,꼬ㅊ
9286725,꼬ㅊ가아파
9286771,니 꼬치 제일아파
9287715,ㄹㅇ
9288963,안될거타은데
9290614,?
9290740,난 흡연충인데 겜시작하면 장초도 걍 버리고온다
9291393,?>
9292502,자크님?
9292850,엥
9293210,와
9294241,와 진짜
9295122,흠;;
9296504,훈수두는거 열받는데 티모 1:1로 털어주죠??
9296746,ㅈ크야
9298005,ㅋㅋㅋㅋㅋㅋㅋㅋㅋㅋㅋㅋㅋㅋㅋㅋㅋㅋㅋㅋㅋ
9298074,?
9299837,티모좋은데
9300702,ㅋㅋㅋㅋㅋㅋ자크 진짜 개역겹다
9302425,{:d_96:}{:d_96:}{:d_96:}{:d_96:}{:d_96:}{:d_96:}{:d_96:}{:d_96:}
9303405,오른은왜
9303725,뭥미 ㅋㅋ
9305327,오른이 여길 왜 와
9305375,ㄲㅂ
9308035,라인 개망했네
9311566,오른 : {:d_126:}
9311822,오리는 꿀잼오리네
9312529,오붕오붕
9313061,오른 텔탄거야?
9313101,오른까지왔네
9315418,티모 왤케 귀엽지
9317798,미드오른인데?
9319028,아 오른 미드네?
9319314,아니 미드 오른이었네
9319353,미드오른이었네
9321232,아니 미드오른 뭐야
9321316,미드오른이네
9321866,미른
9322907,미오
9323304,?
9324281,미드오른 뭐냐 ㅋㅋㅋㅋ
9324497,미드오른 ㅆㅃ;
9326711,랭크 꼬라지
9329735,어지럽네 ㅋㅋ
9330858,미오
9331513,lpl에 미드 사이온 나왔어
9332341,롤이 병들었네 진짜
9332820,4ap라 겜은 졌음 ㅇㅇ
9334611,프리시즌임?
9335156,오른원챔같은건 ㄹㅇ 어지럽다
9335830,티모 너프됬던데 아직 괜찮은가요?
9338052,원딜티모와 미드오른
9340582,게
9341286,티모가 귀엽냐? 구구가가가 귀엽냐?
9341929,오른이 뽀뽀하면 오른 쪽
9342027,꽃게콘
9342421,뭐지요
9342783,요즘 탑야스오 마니 보이노
9345614,요즘 픽들이 되게 자유분방해서좋네
9346976,아 엉덩이 졸ㄹ ㅏ기여워 ㅠㅠㅠㅠ
9348786,{:d_126:}
9349389,{:d_126:}
9350538,?
9351385,쥐하하하하하하
9352043,ㄱ-
9352344,ㄱ-
9352419,{:d_95:}
9352589,?
9352765,오른 여자임?
9352895,쥐 하하하
9352958,{:d_106:}
9352986,{:mlb_35:}{:mlb_35:}{:mlb_35:}{:mlb_35:}{:mlb_35:}
9353703,{:d_126:}{:d_126:}{:d_126:}{:d_126:}
9353720,?
9353769,ㅋㅋㅋㅋㅋㅋㅋ
9353817,{:d_126:}
9354642,?
9354954,?
9355067,쥐하하하하
9355456,?
9355475,ㅋㅋㅋ
9355564,?
9355689,ㅋㅋㅋㅋㅋㅋㅋㅋㅋ
9356046,?
9356509,오
9357029,음..
9357101,ㅋㅋㅋ
9357577,푸하하
9357581,쥐하하하하
9357869,<< 피식
9357880,쥐하하하하하하
9359134,ㄲㄲㄲㄲㄲㄲㄲ
9359482,뭐하는 새끼지
9359501,너 우파냐
9359933,{:d_126:}{:d_62:}
9359986,개카 난입부터 바텀조합까지 그냥 대환장파티네 ㅋㅋ
9360721,으하하하
9361242,{:d_126:}{:d_62:}
9363238,이건 좀 재밌네 ㅋㅋ
9364289,"걍 자이라 정글이라서 조합맞춘다고 미드 오른 한거네 뭐, 탑브루저, 정글메이지니까"
9365073,<<<<<<웃참중
9365834,쥐하하하하
9366021,아사카와 미오
9371447,딜포터라서 뭐 할 수 있는게 없네
9371966,섹스
9385038,아키야마 미오
9386548,그럼 그웬이 뽀뽀하면 웬쪽이냐?
9387620,파카내일방송켜서 탑티모하겠네 ㅠㅠ
9388438,나서스 3스택
9392038,ㅈㅈ~~
9393068,탑은 열심히 죽는 중
9393963,티모 ㅈㄴ 귀엽네 ㅋㅋ
9394062,탑솔킬
9395711,야스오가 잭스갛ㄴ테 되겠나
9396628,ㅋㅋㅋㅋㅋ
9397379,야스오 이제 지옥문열림
9397843,야스오 과학 행동
9398866,탑 5픽해놓고 열심히 똥싸는중
9399928,{:monsMonsEat:}
9401051,야스오가 우리팀 기둥인데 어케지
9401197,니가캐리해야돼
9403924,5픽 야스오 ㅋ
9408127,벨코즈 스킨 ㅋㅋㅋ
9412897,가위바위보 늦게내고 지기 ㅋㅋㅋ
9413068,ㅋㅋㅋㅋ
9414967,ㅋㅋㅋㅋㅋㅋㅋㅋㅋ
9415409,ㅋㅋㅋ
9416706,그니까 잭스탑인데 왜야스오를 쳐해가지고
9417583,라딸챔야스오로 라인을 진다..?{:monsMonsSee:}
9421453,티모깝치는거 귀엽누
9421696,에이 말도 안 돼 잭스 보고 야스오 후픽했다고?
9422128,{:d_108:}{:d_108:}
9424297,아니 근데 잭스면 카운터할거 천지인데 굳이 야스오를했네
9427728,은신 썼다가 하면서 공속 올리죠
9428643,벨코즈 개쎈데
9429958,딜은 썌
9432524,후픽해도지면 선픽햇으면 얼마나처발리겟어 탑은 후픽이맞아
9432811,스파게티 벨코즈 개 정신 사납네ㅋㅋㅋㅋ
9433014,뭔 벌레처럼 생겼냐 스킨이
9433851,쓰레시 너가 멀 할 수 있느넫
9435899,잘하네 벨코즈
9440262,벨코스 날아다니는 스파게티 괴물 패러디네
9446362,이판은 핓빛저주도 나쁘지않을듯
9453291,벨코즈 스킬샷 느낌있네
9457117,후픽하는데 스스로 카운터 쳐맞으면 머리가없는거지
9458568,벨코즈 저거 전설스킨이던데
9459438,벨코즈 금만가
9459642,벨코즈 스킨 ㅈㄴ 잘만들었네 ㅋㅋ
9460852,꿈잼티모 스킨 진짜
9461535,체질이란게 변합니다
9462160,젤코즈가 스킬적중률
9469974,야스오는 어차피 원챔충이라 선픽 가도 야스오야
9470686,저사람 야벨좋인가
9473241,어어
9478369,즈벨이니
9480929,아하
9482026,{:d_126:}{:d_126:}
9487713,저게 전설이라거?
9492662,오
9492742,오 ㅋㅋ
9493585,ㅋㅋ
9493782,ㅋㅋㅋ
9494031,스파게티다
9494107,ㅋㅋ
9495026,보고피하기
9495816,{:d_43:}
9497227,ㅌㅋㅋㅋㅋㅋ
9500689,ㅋㅋㅋㅋㅋㅋㅋ
9501698,오 글가 ㅋㅋ
9505466,버섯~
9506477,벨코즈 누가한다고 전설까지내주냐
9506678,붐.
9507034,벗어~
9508088,아이 귀여워^^
9510225,맛있제?
9510683,티코 귀여워 ㅠ
9513234,옷 버섯!
9517441,네.. 벗었어요 물쥐님
9521435,스태틱
9522023,?
9522492,카이사 버섯
9524176,옷벗어
9524715,{:d_126:}
9525548,ㅋㅋㅋㅋㅋㅋㅋㅋㅋㅋㅋ
9527365,ㅋㅋㅋㅋㅋㅋㅋㅋㅋㅋㅋㅋㅋㅋㅋㅋㅋㅋㅋ
9528214,야미
9528303,와 버섯 개지려ㅑㅆ띠ㅏ
9529127,벗어
9529283,{:monsMonsBaall:}
9530430,버섯 좋긴하네
9530515,ㅋㅋㅋㅋㅋㅋㅋㅋㅋㅋ개사기네
9530780,111111111111111111111111
9535043,ㄱ-
9537103,?
9537422,ㅋㅋㅋㅋㅋ
9537425,?
9537439,?
9537505,?
9537522,ㅋㅋㅋㅋㅋㅋㅋㅋㅋㅋㅋㅋ
9537645,{:monsMonsHuhu:}{:monsMonsHuhu:}
9537743,ㅋㅋㅋㅋㅋㅋㅋㅋㅋㅋㅋㅋㅋㅋㅋㅋㅋㅋㅋㅋㅋㅋㅋ
9538007,??
9538010,??
9538169,엥
9538364,ㅋㅋㅋㅋ
9538450,ㅋㅋㅋㅋㅋㅋ
9538714,ㅋㅋㅋㅋㅋㅋㅋㅋㅋㅋㅋㅋㅋㅋㅋㅋ
9538926,ㅋㅋㅋㅋㅋㅋㅋㅋㅋㅋㅋ
9538940,?
9538941,너가 죽였어
9539036,플 뭐지요 ㅋㅋㅋ
9539216,ㅋㅋㅋㅋㅋㅋㅋㅋㅋㅋㅋㅋㅋ
9539245,ㅋㅋㅋㅋ
9539259,ㅋㅋㅋㅋㅋㅋㅋㅋㅋㅋ
9539462,음?
9539583,플?
9539611,"ㅍ,ㄹㅋㅋㅋㅋㅋㅋㅋㅋ"
9540066,근데 버섯 ㅈㄴ 잘깔았네
9540373,플을 ㅋㅋ
9540841,시체이동술 뭔데
9540871,레전드 레전드 ㅋㅋ
9541426,ㅋㅋㅋ
9541644,플쓰고죽기
9541741,ㅋㅋㅋㅋㅋㅋㅋㅋㅋㅋ
9542017,레전드 점멸
9542393,{:d_106:}
9542596,티모원딜 내 말파원딜로 참교육 해주고싶네 ㅋㅋ
9542806,수준
9543039,플ㅋㅋㅋㅋㅋㅋㅋㅋㅋㅋㅋㅋㅋㅋㅋ
9543466,플쓰고죽어버리기
9544154,개웃기네 ㅋㅋㅋ
9544198,와... 여기 마스터 ㅈㅉㅇㅇ?
9544790,진짜 병신이네 ㅋㅋㅋㅋㅋ
9544929,카이사 믿힌놈
9545202,저거 뭐냐
9545757,뭐하니? ㅋㅋㅋ
9546312,카이사 {:d_44:}
9546954,{:d_49:}{:d_49:}{:d_49:}
9548636,벨코즈 운다 ㅋㅋㅋㅋ
9549186,봉풀주 예상해서 버섯깐거임?
9550589,영약늦게먹어서 플뺌 ㅅㅅㅅㅅㅅㅅㅅㅅㅅㅅㅅㅅㅅ
9551565,원?딜
9551776,벨코즈 시체 뭔데 ㅋㅋㅋ
9552658,이거 지금 메타임?
9553373,{:monsMonsHaha:}{:monsMonsHaha:}{:monsMonsHaha:}{:monsMonsHaha:}{:monsMonsHaha:}{:monsMonsHaha:}{:monsMonsHaha:}{:monsMonsHaha:}
9554300,ㅅㄱ
9554810,벨코즈스킨 뭐지?
9555515,정화를 들지않다니 너무 오만하구나
9557622,줴줴이야
9558482,캬
9559481,탑 멸망
9559900,말파가 티모를 어케이기노
9560608,물쥐님.. 더 벗을게 없어요 {:d_108:}
9561327,응니네탑도끝ㅋ
9561480,수고
9561561,쓰레쉬잡을 떄 실명아끼찌
9561587,말파원딜이 있음?
9563136,캬
9563340,바텀긑
9563419,줴줴이야
9563758,풀템
9564066,애초에 말파가 1:1로 티모 라인전 못이김
9567991,쥐모
9568315,매튜렁이 티모를 풀었다
9570385,^모^
9571850,티모 풀템떴네
9573802,탑이 털렸는데?
9575562,운타라피셜 스리악이 맞음
9575625,쥐튜렁이 쥐모를 풀었다
9575864,탑 030인데
9576074,탑은 ㅈ됐어..
9577599,2템 리안가지..
9578108,미드도 개털림
9578733,그러고보니 자이라가 티모버섯 아주 잘지운다 물쥐야
9584878,말파q짤 낼리다가 궁박으면 티모 찢기던데
9585846,스킨 습박 ㅈㄴ귀엽네 ㅋㅋ
9588034,올
9589117,엥
9595220,?
9602390,티모원딜 ㅈㅉㅇㅇ?
9602828,이걸와줘
9604706,오리의 눈물
9605048,쿨하게 타주네
9607162,벨코즈 스킨 뭐냐 ㅋㅋ
9607972,마음은 전해졌어
9608698,와 독
9609985,치지직
9610970,ㅋㅋ
9611806,애쉬 ㄷㄷ
9612110,ㅋㅋㅋㅋㅋㅋㅋㅋ
9612996,카이산데요
9613411,ㅋㅋㅋ
9613770,ㅋㅋㅋㅋㅋㅋㅋㅋㅋ
9613900,즈벨이 스킨 ㅈㄴ 징그러워
9614170,캬
9614480,으악
9614614,ㅈㄴ산만하네
9614751,ㅋㅋㅋㅋㅋㅋㅋㅋㅋㅋㅋㅋㅋㅋㅋㅋㅋㅋㅋㅋㅋㅋㅋㅋㅋㅋㅋㅋㅋㅋ
9614910,도발좀 같이 해봐
9614930,스킨 ㅅㅂ
9614965,ㅋㅋㅋㅋㅋㅋㅋㅋ
9615133,ㅋㅋㅋㅋㅋ
9615186,벨코즈 ㅋㅋ
9615291,베롴즈 ㅋㅋ
9615460,ㅋㅋㅋㅋㅋㅋㅋㅋㅋㅋㅋㅋ
9615596,어으 정신사나워
9616437,징그럽네
9616899,스파게티가 춤춘다
9616946,g랄났내 ㅋㅋㅋㅋ
9617302,ㅋㅋㅋㅋ
9617373,오 저거 스파게티네
9617505,벨코즈 무친놈 ㅋㅋ
9617682,ㅋㅋㅋㅋㅋㅋㅋ
9617740,ㅋㅋㅋㅋㅋㅋㅋㅋㅋㅋㅋ
9618013,벨코즈 개얄밉네
9618826,진짜 스킨 야랄났네 ㅋㅋ
9618855,벨코즈 ㅋㅋㅋㅋ
9619649,즈벨이 스킨 개더럽네
9621710,개사기네
9623755,먹물스파게티임? ㅋㅋ
9625769,버섯 벌집이네 ㅋㅋ
9626314,스태틱에 독 묻는거 미쳤네
9626430,레쉬
9627076,컨트롤 4좀 같이 눌러줘
9627677,스킨맛있네
9629325,음?
9629356,스파게티 스킨 좀 좋은데
9631177,징그럽노
9631205,지환이가 늙었어도 롤은 참 잘해
9631312,캬 ㅋㅋㅋㅋ
9632457,캬
9632864,사기다
9633109,와 삼각킬
9633347,쓰레쉬 좋아죽네 ㅋ
9634232,스킨개맛있네
9635799,캬
9635854,즈벨이 개고수네
9636498,벨코즈 개잘하네
9637374,벨코즈 잘한다
9637538,파 괴 광 선
9637586,머야스태틱에독이묻어?
9638305,라인전 개쳐열받네 ㅋㅋㅋㅋㅋㅋㅋ
9638445,잘하네
9640980,콤보 미쳤네
9642350,ㄷ?
9642899,똑
9643659,와 타워에도 터지네
9644103,음?
9644495,스태틱 ㅈㄴ맛있네 ㅋㅋ
9645036,음?
9645114,음?
9645883,스파게티 스킨 저거 시각딜 개쩌는데
9646262,코즈야 잘하네
9649658,타워에도되나보네
9650521,티모 꽤 맛있네요잉
9652495,스킨 ㄹㅇ 잘나오긴했네
9654060,스테틱 ㄹㅇ 역겹다 ㅋ
9655598,야미
9656367,티모 재밋겟넹
9657222,후반밸류는 카이사 티모 누가 더 낳음?
9660373,탑은 무슨일이냐
9661573,탑끝
9663081,독킹
9664207,미드도 빵꾸네
9664963,낳음 ㅋㅋ 애 낳냐?
9665920,미친 또라이새끼 개잘하네
9667547,이판은 리안 가나
9669297,미드 오른한테 털린 거냐 오리아나?
9670177,벨코즈 스킨 개잘나왔네
9671505,근데 상대원딜이 피흡신발나오면 의미없지않음?
9673361,카이사가 여자라 낳습니다
9673849,시비르 하위호환 아닌가요?
9676170,스킨 사야겠당 ㅋ
9679109,게임은 잘큰잭스가 가져갑니다
9679752,어흐
9679918,ㅋㅋㅋㅋㅋㅋㅋ
9681505,낳음은 저능아 인증이냐?
9682093,벗어엇
9682193,카이사 오...
9683878,한타떄 오른 피 잘 안달꺼같어
9684944,버섯스파게티 야르~
9684976,티모가 재밌긴하네 ㅋㅋㅋㅋㅋㅋ
9685013,ㅋㅋㅋ 버섯 마사지
9685711,버섯먹이기 ㄷㄷ
9686232,벗으라니 ㄷㄷ
9686673,버섯묵땨 {:d_109:}{:d_109:}{:d_109:}
9686778,스트레스 쌓이는중
9688102,괴물쥐가 낳음 차은우가 낳음?
9693075,탑하는 놈들은 이런거 꿀빨고 있었네
9696190,버섯 걱걱걱
9697130,항상 방송 고마워오
9698541,탑은 터져도 영향력 ㅈㄴ 낮아서 이정도 성장한 원딜못막음
9698716,괴물쥐가 낳지
9704730,니 엄마가 낳음
9707741,라클 미첬다
9708309,괴물쥐가 아기쥐 낳음
9709957,ㄷㄷㄷ
9709978,어우
9710843,오우
9710985,오우
9712119,살기감지뭐지요
9715157,상대 예리했는데 ㅋ
9715502,똥이나먹어
9716797,근데 티모하니까 스트레스를 덜받는다는거임
9718322,아주 음흉한 놈들이네
9720576,오른?
9722231,ㅓㅓ
9725134,?
9726171,궁 뭐지요
9727332,커버 좋았다
9727925,자크나이스
9727984,?
9729126,김이나 먹어
9729205,ㅋㅋ
9730076,뻘궁뭐지요
9731817,음?
9732624,ㄱㅡ
9732816,조졌다
9733032,음?
9733437,ㄱ-
9733771,어어 잭스
9733802,어라?
9734135,아니 잭스가...
9734797,탑이..
9736118,잭스가 미쳐 날뛰는데
9737951,아 버섯
9739262,디아블 오리아나 급이네
9742083,ㅋㅋㅋㅋㅋㅋㅋㅋㅋㅋ
9742151,오리 : 내가 탑갈게
9743654,버섯귀한건데..
9744877,게임은 건실하게 라인전 한 카이사가 가져갑니다
9745070,{:d_108:}
9745465,제리아닌데 왜 티모하셨나요
9746108,저게 얼마짜리 버섯인데
9748316,벨코즈 벗어
9752209,티모는 이런거에 예민해
9754259,티모하니까 표독함이 사라졌네
9760295,오
9760878,오
9761434,오 ㅋㅋ
9761885,캬
9762417,이걸잡네
9763426,와 벨코즈 스킨 뭐임?
9763935,날카롭네
9764328,독 어시 ㅋㅋ
9764529,벨코즈쌔네
9764632,벨코즈기잘해
9764841,벨코즈 개잟하네
9765787,오
9768268,오 ㅏ 장인인가?
9768532,패시브 돌려주세요
9768734,야벨좋 ㄷㄷ
9769425,스빠게리
9770640,코즈 잘하네
9770783,벨코즈 그마급이네
9770923,벨코즈 장인';
9771060,개잘하네
9772497,먹물파스타 벨코즈 지리네
9772679,진짜 좋아 보임
9774692,벨코즈가 조아보여요
9775164,파카 어디갓어
9775232,이미 갔을듯
9775895,라인전은역시서폿이
9777016,파카 지금 티모 스킨사러감
9777173,벨코즈 고어물같아서 무섭고 혐오스러워요
9778147,구려서 갔음
9778507,개좋아보여
9778833,파카 자러감 ㅇㅇ
9779022,런
9779536,코즈벨이 잘하네 ㅇㅇ;;
9780072,봇듀오가 진짜 개열받게 생겼다
9780714,잘하니까 갔음
9781472,.....
9782845,파카 갔어
9783131,예능용같은데
9783466,파카 여자만나러감
9783733,칼바람에서 저 스킨하면 개맛있겠노
9783742,파카님 할 말 없어서 사라졌어
9784425,파카 라인전 지면 옴
9785718,벨코즈가 잘하고있는거 아닌가요
9786329,개카 라이엇본사로 출발함
9786378,와 딜교봐라
9786489,타워반응 왤케 빨라
9786911,탑 챔피언은 탑에 있을 때 제일 약함 ㅇㅇ;
9787016,어
9788749,음?
9789674,파카 방송키고 자러감 ㅇㅇ
9789747,음?
9789785,억까하려다 잘해서 나감
9790547,음?
9790985,이누기
9791242,음?
9792814,이걸 쇼부를
9792829,음?
9793185,?
9793512,이걸 안 들어오네
9794874,파카님 쿨찐이라서 인정안해줄거임 ㅋㅋ
9796933,이걸안오네
9799742,파카 매튜렁이랑 술마시러감 ㅇㅇ
9804444,피흡으로버텨
9804549,근데 원래 파카는 님잘할떄 말안함
9806608,매튜렁이랑 또 조작하러갔어?
9806612,암모?
9807823,ㄹㅇㅋㅋ
9809611,은신낚시하지
9809996,이게 안튀네
9813038,근데 티모가 잭스 막을수있나?
9822418,파카 악성 괴까단임
9823457,피흡 말 안되네
9827871,잭스 ㅈ된거같은데...
9829178,겜
9829407,잭스 쉽지않지
9830527,성능 좋다 안좋다는 아직 모르겠는데 상대하려면 진짜 개빡치긴 하겠다
9830658,미니언먹을때 +2골드는 왜주는거임?
9830980,근데 ap많아서 막을만해
9831952,넥서스 잭스가 부룸
9832214,ㅇㅈ
9832701,지금왓는데 이거 진지픽이에요?
9833090,야스오 또 탑이야?
9834544,ㅇㅇ
9835603,ㅇㅇ
9835752,맞음
9836613,파카는 물쥐 잘하면 그냥 감
9836841,실명 넣고 마우스에 손 떼면 됨
9836979,야스오 041 ㄱ-
9837272,ㅇㅇ
9837825,은신 활용앋하나요
9838950,당연
9843929,야스오는 041이 시작임
9844231,꿀벌 티모 귀여웡ㅇ
9846120,ㅁㅍ
9846743,야스오는 강해질거야
9848700,원래 오른이 티모 카운터라
9848718,핓빛저주 섞어가야할듯
9852119,핏빛저주에 심연의 가면 가야제 ㅇㅇ
9853793,티모 고르면서 그런말이 나와
9855104,스오가몰왕가면오른그냥잡지
9855200,그럼 미드가 뭐해요
9859862,안되겠다 마관섞자
9862962,야스오 5픽했는데 ㄱ-
9863243,근데 요새 괜찮은 미드 ad가 있나
9864511,티모는 노데스니가
9865295,리안드리 + 핏빛저주 가면 잡힘
9867571,저주는 코즈가가야지
9868347,미드 에이디하기엔 좀그러지않나
9869833,ap많아서 괜찮을듯
9869838,안좋음 ㅇㅇ
9870406,그래서 스태틱 가면 이상황엔 딜없을거같은데
9870700,메이지 하는 애들은 메이지만 하니깐
9871751,와 진짜 열받겠다 상대
9872670,핏저 안묻지않나?
9873554,미드 ad는 할게..음
9873909,그럼 오리아나보고 가라고해
9875012,아프지
9875366,일단은 악의 리안드리나가야지 뭐
9876143,티모는 그냥 티모템가야지
9876430,지금 야스오가 거의 슈퍼미니언급인데 상대 마저 둘둘할듯
9877170,벨코즈가 더 아픈듯
9877641,핏빛저주 티모로 쓸만해
9878114,야스오 부모 홀수일듯
9878999,리안드리 + 핏빛저주 가면 오른도 녹지
9879367,버섯에 핏저 1스택일텐데
9880392,저런거 잡으려면 가야하는데
9880861,벨코즈 저건 먹물 파스타인가요
9882051,버섯 위치가 조금 아쉽네
9882249,핏저 개쓰레긴데 뭘 핏저야
9884626,미드 ad 요네 야스오말고 또 있나
9884922,수정구로는 버섯이 안보이는걸 알고 계신가요?
9885031,음?
9885286,쓰레쉬 버섯밭 보고 바로 도망치네
9886801,도트뎀에 스택 다 쌓임
9887077,이런판엔 안가면 개손해져
9887082,라클지리네
9888252,띠모가 버섯때문에 치감이고 핓빛저주고 효율은 좋은데 버섯댐 좀 포기하는거라
9888531,리안 핏빛가야하지 않나
9892822,너무 잘컷네 티모
9895507,팀 4ap라서 갈만함
9901167,벌집핏저임?
9901538,핏빛저주가 ap 블클이라고 보면되는데 그건 닦개들이 가야지 ㅇㅇ
9902005,와
9904157,라클 진짜
9907526,도트딜에 핏저스택이 묻음?
9907829,버섯 지속시간 줫사기네 ㄹㅇ
9910017,핏저는 팀 ap 딜뻥 해주려고 가는거아님? 버섯 초반틱은 마저 못깎고 들어가는건데
9910996,티모 궁댕이
9911817,분당 10개 ㅋㅋ
9913072,티모원딜 이제 잘하노 ㅋㅋㅋㅋ
9913456,뭔 버섯이 진덫처럼 많냐
9913576,스태틱 개사기네 티모 ㅋㅋ
9914471,스악리
9914540,스태틱 미니언한텐 안터지게 해야하는거아니냐 너무 라클날먹인데
9918159,진짜 잘하긴 하네
9918981,엥 방금 왔는데 티모원딜 진짜에요???
9919739,버섯으로 죽여야지
9920153,핏빛저주는 도트뎀 있는 챔프가 가는게 맞음.
9920641,ㅇㅇ 도트뎀에 묻음
9923821,리안 마즘
9927592,2코어로 바로 악의 올려도됨?
9927714,내셔안감?
9927758,그불가그냥
9931486,스태틱 미니언 아니면 누가 가
9931991,스태틱 미니언한텐 안터지게 너프해라
9932356,벨코즈 설거지 시키죠
9932585,티모 원딜이 좋은거임 얘가 잘하는거임 ?
9932914,캐리해야지 먼 삐삐저주여
9934021,오리가 가라그래
9934615,스태틱이 내셔대용임
9935995,도트랑 스태틱이 있어서
9936502,이번판은 가는게 좋아보임
9936635,내셔를 왜 감
9937442,자크보고 심가 가라고 하죠 ㅇㅇ
9938683,둘다요
9941784,오리는 핏저 4스텍 쌓기 힘듬
9947973,핏저 좋음
9948411,티모는 1대만 때려도 독땜에 4스텍
9949504,가만히 있는 카이사 ㅋㅋㅋ
9950437,그냥 자크가 심가를 가면
9956098,티모가 그냥 좋다
9960315,딱 티모 딜만 놓고보면 무조건 보이드가 나음
9966329,미드에 버섯을 ㅈ~~~~ㄴ 깔아
9967289,자크 딜템인디?
9967351,그냥 티모 보는게 ㅈㄴ 재밌음 ㅋㅋ
9968033,이거 6코어 티모 ㅈㄴ셀거같다 후반가면
9970304,테사기 미쳤네
9976537,와 원거리 그냥 스태틱 한방임?
9976617,오리 스킬쿨 짧아서 쌓기쉬울텐데
9978101,원딜도 버섯 박으니까 시야 장악 미쳤네
9983450,오
9985505,이게 되네
9985992,qwe만해도 3대때리잖아
9986867,쓰레쉬는 ㅓ하냐
9988843,ㅋㅋㅋ
9990025,ㅋㅋ
9990877,레쉬 시야먹다 둘다 뒤짐 ㅋㅋ
9991139,벨코즈쎄네
9991959,크렉으로 벨트?
9993469,스파게티 잘한다
9993511,코즈 잘하노
9993916,벨코즈 느낌 개좋은데
9995304,캐리간다
9997378,벨코즈 ㅈㄴ잘하네
9997910,촉!
9998505,감쓰 ㄴㅋ
10002590,벨코즈 스킨 ㅈㄴ 귀엽네
10003513,ㅋㅋㅋㅋㅋ 벨코즈
10005244,벨코즈 장인 스멜나네 그녀석인가?
10009750,벨코즈 스킨 뭐냐
10009790,추
10013846,꿀잼 티모가 맞다
10014403,얘는 왤케 버섯을 벽에 붙임?
10014588,존야
10015061,잭스는 마음이 급하다
10015857,티모 버섯이 더
10017379,버섯좀 벽에서 떨어뜨려주세요
10017459,이 판은 그냥 팀원들도 잘하네
10020113,어차피 한타하면 전투시간도 길텐데 오리가 가야지 뭐
10020307,와 스태틱 ㄷㄷ
10020365,삼식이가 좋아하는 음식 goat ㅋㅋ
10023453,줴줴이야
10025506,티모 스태틱 개사기네 ㅋㅋ
10026538,ㅋㅋ
10028313,진짜 라인푸시 말안되네
10028654,정글이 미드를
10028833,니정글을 돌아
10029819,라클보소
10031668,벨코즈 스킨 강연금 호문쿨루스같노
10034378,진짜 벽에만 붙이네
10036836,티모 빵댕이 봐라
10036911,인장 풀스택이네
10039832,좋제?
10039887,좋쟈?
10042262,오
10043150,코너에 박아야 애들이 잘 밟아줌
10043859,내 버섯 좋아?
10044779,{:d_108:}{:d_108:}{:d_108:}
10045745,메자이 가야지
10045967,좋쟈
10047375,괴물쥐의 특급 버섯..
10050590,와
10051518,{:d_46:}{:d_46:}
10052320,그러게 강연금 같네
10053658,트러플버섯
10054277,넌 보이드가라 물쥐야
10055607,진짜에요?
10056431,{:d_108:}{:d_108:}
10062669,잭스 저걸 사네
10067610,음?
10068959,저걸 못잡아?
10071059,핏빛저주는 팔짧은 티모가가봤자 쌓기힘들어
10073436,라클 미쳤네
10074611,라클은 이거이거
10076270,독스태틱 라클개사기네 ㅋㅋ
10077985,야스오 도대체 뭘 만든거야
10079485,성장차이가 좀 심하네
10080798,야스오 진짜 엄이네..
10082438,시비르 왜함
10085986,쌓임
10086328,스태틱모도 안됨?
10087037,스태틱이나 버섯에 저주 쌓임
10088012,티모 독도 신지드 독처럼 자동사냥 해야하는거 아니냐
10088534,쌓임 지속효과라
10088745,쌓임
10089900,쌓임
10090222,독에 4스택 다 쌓임
10090320,쌓이지 않나?
10090839,쌓이지
10090872,적용됨
10090949,핏저 걍 개스레기야 가지마 물쥐야
10091214,쌓임
10091451,우리가 어케알아
10091650,쌓여
10092463,기본지속효과도 있네
10094097,내가 할땐 쌓였음
10094924,거리조절해야지
10095048,팔길이는 스태틱이 책임져준다
10095417,뭣 미드가 티모라고 줴줴이야 {:d_106:}
10095546,그냥 롤안분들임
10097455,걍 평타 1방이면 핏저 4스텍 쌓임
10101689,독땜에
10104558,머지
10104560,매우 침착하시넹
10107339,카이사가 너만 보고 들어올텐데
10109122,딜량주작
10109870,오른이 잘한다
10110404,안 다는데
10111702,그냥 몸으로 지우네
10112058,궁똥나오게 못쓰네
10114575,이게 스태틱떄문에 다팅겨서 핏저 싸그리 다쌓이긴함
10117215,핏저 원래 브랜드 티모 전용템 수준임
10119493,카이사 클렌징 안들어서 들어오면 뒤짐
10121146,오른 어케 잡냐
10121866,ㅋㅋ 부릉
10124582,오른 피가 안줄어드는데
10126912,근데 하필 야스오가 못커서 겜이 힘드네
10127995,리안드리 후딲나와야겠다
10129821,수은사겠지 뭐 ㅋㅋ
10135087,?
10135346,ㅋㅋㅋㅋㅋㅋㅋㅋㅋㅋㅋ
10135797,사기다
10136008,자이라가 저거 잘지워
10136378,ㅋㅋㅋㅋㅋㅋㅋㅋ
10136425,나오려면 멀음
10136943,버섯카운터 꽃 ㅋㅋ
10138012,와
10138268,ㅋㅋㅋㅋㅋㅋㅋㅋㅋㅋㅋㅋ
10143860,오른 마저 3백이죠
10144316,리메이크 전 요릭 보는거같네 ㅋㅋ
10147351,티모가 원래 자이라한테 약함
10151982,존내 야미
10159667,근데 티모 버프됨? 왜 원딜로 씀?
10159697,뭘 멀어 그냥 중간에 섞으면 그만인데
10161110,오오
10167089,빠는 원딜
10172205,잭사기
10172390,ㄱ-
10172539,어라
10173839,엥?
10173904,개사기노
10174335,잭스 ㄷㄷ
10174486,줴줴이야. 티모 {:d_106:}
10174849,ㅈㅈ
10175142,잭스 괴물이네
10175744,w는 들어갈건데
10175852,ㅌㅊㅇ
10176390,오른보다 잭스가 더 단단해보이노 ㅋㅋㅋ
10176646,ㅈㅈ
10176850,이 조합에 티모하나 보고 수은을 가겠냐 티어가 보아ㅣ네
10178207,잭스가 재앙인데
10179683,라인지워잇
10181029,날아가는 시간있어성
10181032,잭스 눈이 몇개인데 보이겠지
10182288,잭스 평타만 씹히는 거 아님?
10183597,아 줴줴이야~
10186852,라클 사기네 진짜
10187661,티모 한타 실명 끝 {:d_106:}
10188588,스태틱 툭 ㅋㅋ
10189266,라클속도 습박 ㅋㅋ
10189362,응 라클 사기라 손해 안봐
10191662,탑영향력은여전히좋구나
10192026,이거 물괴님 어깨가 무겁네요
10192338,W는 들어갈걸
10192513,꿀잼 티모 버섯 똥처럼 생김
10194644,이조합이 뭔데? 웃기고자빠졌네 ㅋㅋ
10195872,벨코즈 스킨 개귀엽네 ㅋㅋㅋㅋ
10196587,티모는 티모다
10196935,마이랑 잭스는 실명안걸림
10198099,잭스 놀림 ㄷㄷㄷ
10198312,버섯까는 시비르
10201803,물쥐님 은신활용해주세요
10202732,먹물파스타임?ㅋㅋ
10204364,이야 라클보소 시비르 실직해부럿네
10205236,엥?
10206245,카이사요?
10208980,티모는 커봤자 티모다
10209056,핏저 스탯이 좋긴함
10210922,나이스
10211065,카이사는 왜...
10212228,오
10212814,ㅋㅋㅋㅋㅋㅋ
10212859,오
10213063,오
10214879,수은으로 풀게 티모 실명 하나인 조합이지 브론즈님아
10216988,솔킬을 ㅋㅋ
10218163,먹물 스파게티
10221356,ㅇㅇ 이타적으로 해
10222122,야벨좋이가 고수긴 하지
10223299,ap많긴해
10226387,메자이를 가야지
10226600,티모서폿인가?
10227094,벨코즈가 간다고 핑찍긶람
10228572,진심 상황 조아가도돼
10237019,어른인 내가 차단하고 넘어가야지 에휴 ㅋㅋ
10239622,잭스도 궁쓰면 마저 높아서 핏저 가야해
10241269,엥
10242153,ㄲㅂ
10244914,왤케 멀리 날아감
10247195,라클진짜빠르네
10249454,티모원딜이 스태틱때문에 좋다는거지?
10253138,물쥐형 티모원딜좋음? 랭겜에서 가끔 보이던데
10255671,잭스 거의 대장군인데??
10257292,평타 4대로 라인을 지우는 챔프가 있다?
10262413,탑미드가 망해버려서
10264092,야스오 052 습박
10264303,반박을 하지 수은으로 풀게 실명하나인데 저티어 인증하네
10265507,티모 스태틱으로 후반보는거아님?
10268400,막픽임
10270561,후픽임ㅋㅋ
10271188,5픽이엿던거 같은데
10271350,울산야스오
10273793,5픽탑은 맨날 지노
10274728,ㄷㄷ
10274944,스태틱 개아파 ㅋㅋㅋ
10275820,카이사 진짜 개열받겠다 ㅋㅋ
10275843,ㅁㅊ ㅋㅋ
10276047,ㅋㅋㅋㅋㅋ
10276288,스태틱에 반피 ㅋㅋ
10276293,잭스 카운터 칠거 한가득인데 굳이 야스오를 한거임
10276989,애새기들이 너무많아 ㅋㅋ
10278403,물쥐야 벨코즈가 삣삣저주 가는중인데
10278713,잭스후픽으로 야스오면 뒤지게맞아야지 ㄹㅇ
10279372,벨코즈가 핏빛저주 하위템 올렸는데?
10279936,야스오 요네 원챔인 듯
10279951,스태틱만맞았는데 반피
10280614,티모 좋네
10280783,스태틱 개사기 ㅋㅋ
10281304,그정돈 아니었어
10282582,존나잘한다 ㅅㅂ 어떻게 티모로 원거리에서 이정도로
10282583,티확찢하고싶네 ㅋㅋ
10283006,불합리하네
10285015,^모^
10289134,시작이 반
10291522,라클 빠르게하고 버섯 시야장악하는게 좋네
10293122,똥인지 된장인지 구분도못하고
10296140,김모 ㅈㄴ잘하네
10296143,애들이 안맞아보니까 대처를 못하네
10300591,물쥐야 벨코즈가 핏저 간데
10301571,티모는 이제 내셔안감?
10304984,물쥐야 참고로 벨코즈가 삣삣저주간다
10307892,엥
10310981,수은 이러고 있네 ㅋㅋ
10311083,^모^
10312264,먹물파스타 따운
10312416,쓰레쉬 분노의 점멸 ㅋㅋ
10317436,줴줴이야 줴줴이야  티모 실명 끝
10324279,문
10325293,잭스텔인줄
10326006,시체도 움직이네
10328170,잭슨줄 알았제
10329041,서렌이 맞다 ㅋㅋ
10329501,깡
10330149,아~ 줴줴이야
10330486,{:d_106:}{:d_106:}{:d_106:}{:d_106:}{:d_106:}
10331504,ㅋㅋㅋㅋㅋ
10331650,아 줴줴이야
10333275,야 쓰레쉬가 되게 느낌있게 잘한다
10333764,아니 저거 죽은 것도 모션이 있네
10334062,끝까지가면 물쥐가 다 이겨
10338530,잭재앙
10342625,ㅔ
10342984,라클로 배에 힘딱주고 버텨보자
10343719,와 근데 팀싸우는데 {:d_121:}
10343828,쓰레쉬가 느낌..?
10344858,보였네
10346117,아직할만해
10346198,306하고 지는건 많이 억울한데
10346438,티모 306 결과 잭스승리
10348466,애새끼들 ㅉ ㅋㅋ
10353173,미드에서 눈치깐거지
10362387,쓰레쉬보다 벨코즈가 잘하는데 지네
10365489,결국원딜은 영향력이없다
10367500,캬
10370668,벨코즈 핓빛저주가는거같은데
10375285,아깝네
10376462,엄
10377061,스오야ㅋㅋㅋ
10377523,?
10381690,ㅋㅋㅋㅋㅋㅋㅋㅋㅋㅋㅋㅋㅋㅋㅋㅋㅋㅋㅋㅋㅋㅋ
10383019,스오 ㄹㅇ이가...
10383261,ㅋㅋㅋㅋㅋ
10383997,이걸 살아
10384081,쓰레쉬가 너무 꼴받게 잘한다
10384423,이걸 사네
10388744,zz
10390162,이게사네
10392822,스오 딜이 너무안나오네
10394154,306 이게 바로 스{:d_121:}
10395692,야스오충때문에 지네
10396689,스오가 너무 약하다
10399789,근데 할만한 미드 AD 머있음
10408680,제드 아크샨?
10408751,요즘 미드 ad 꺼낼 거 없긴 해
10409233,못하는 애들은 픽부터 알어
10409783,진짜좋다
10410101,신짜오
10410765,혼또니 이이네
10411142,제드 탈론 무난하고
10411503,ㄹㅇ 존내 억울하네요
10411818,스오 후픽이엇으면 문제있네
10412595,{:d_94:}
10413420,잭스보고 야스오가 레전드입
10414016,잭스 보고 야스오는 ㅋㅋㅋㅋ
10415968,균열 좆구린데
10416269,탈론 키아나
10417569,균열은;;
10418185,라꼬숟이 보통 오리하나 많이함
10418375,뭔가 전판에서 본거같은데
10418643,ad미드 걍 제드해도되는데
10421072,할만한 미드 ad 없어
10421803,균열 좋음
10425091,야스오가 잭스 개패는 상성인데 왜지는거냐 쟤는
10427008,제드 제이스 바루스
10428326,탈론 키아나 다 개구리잖아 지금
10428406,제드 탈론 키아나는 하는놈만하잖아
10429522,별로 없긴해
10431475,오리 라꼬숟
10431690,그냥 공허를 가죠?
10431977,카이사 꾸준하게 던져주는데
10434058,요즘 미드짜장면 나올때마다 캐리하던데
10435938,쟤는 몇번을 죽었는데 계속 들어오냐
10436299,제드 제이스 바루스 코르키
10438665,잭스땃네 그래도
10439678,균열 옛날에 코어템으로 가긴했을걸
10440353,저가면을 어케해 그럼
10442254,터지는 와드 ㄷㄷ
10444681,아 가면있네
10444943,ㅋㅋㅋㅋㅋㅋㅋㅋㅋㅋㅋㅋ
10445562,상대 오른이니까 선공제드하면 딱좋긴하겠네
10446110,ㄹㅇㅋㅋ
10446970,식물로 버섯파괴
10447300,ㅋㅋㅋㅋㅋㅋㅋㅋㅋ
10447377,ㅋㅋ
10447906,걍 팔고 그불가
10448638,개사기네 ㅋㅋ
10448992,ㅋㅋㅋㅋㅋㅋㅋㅋㅋㅋ
10449192,zㅋㅋㅋㅋㅋㅋㅋㅋㅋㅋㅋㅋㅋ
10449610,버섯 카운터긴해
10449894,핏빛저주가 가면
10450058,씨앗 하나쓴거잖아
10450822,티모를하며
10451123,너도 해
10451245,매너해
10452157,카운터
10452387,티머카운터 ㅋㅋ
10454875,진짜 카운터 ㅋㅋ
10455823,등가교환이 안되지 이럼
10455955,사기가 아니고 카운터라는겁니다
10456105,자이라가 하드카운터네
10457133,티모 카운터 ㅋㅋ
10457482,스태틱 독은 말이되고?
10458214,전통의 트랩카운터 자이라
10460134,팔고 그불 ㄱ
10461817,내 버섯이!!!
10462013,자이라 야무진데요?
10463990,버섯 박스 소환물에 발동 안되게 바꿔야함 ㄹㅇ;
10467305,균욜가 그냥
10467778,균열은 진짜 에바임
10468520,ㅇㅇ 파셈
10468553,무덤꽃
10468693,돈손해 너무심하다
10469574,메자이 ㄱ
10469712,팔고 그불가
10470120,메자이ㄱ
10470522,메자이가주세요물괴님
10471793,이거지
10472139,ㅇㅇ
10474643,라일라이 어때여?
10474941,보이드가 맞다니까
10474980,넌 손해좀 보자
10475023,가면들고있지
10476282,덤꽆이 맞음
10477464,균열 이득볼 구간 지나서
10478143,균현좋은디
10481115,무덤꽃이 마즘
10481589,티모 라일은 진짜 알못이긴함
10482561,물쥐님화이팅
10484120,버섯을 시야 없을 때 깔아
10485696,플 정화 다잇는데 메자이올리는거 별론가?
10488480,라인은 이거이거
10491539,3단버섯
10492471,덤꽃 스킬가속 쏠쏠함
10493030,버섯이 좀 감다뒤인데
10493586,버수제비
10493856,버섯밟으면 어차피 둔화임
10494164,메자이좋다 ㄷ
10497045,심가 + 핏저 둘다 나오면 탱커들 잘 잡힐듯?
10497776,둔화 중첩 안 됨
10497873,버섯 그래도 궁인데 일반스킬에 밀리는거 맞음?
10497885,통통통
10498138,??
10499303,어비셜 ㄱㄱ
10499420,방금 버섯 튄 거임?
10500263,3티모 미터 간격 버ㅓㅅ
10503126,야스오는 10데스부터 시작
10505640,라클하면서 누워보죠
10508538,응원해주세요
10511016,?
10511421,아
10511685,아 ㄲㅂ
10511823,ㄲㅂ
10511927,ㅋㅋㅋㅋㅋㅋㅋㅋㅋㅋㅋ
10513068,ㅋㅋ
10514057,ㅋㅋㅋㅋㅋㅋㅋㅋ
10514785,개초딩이네ㄱㅋㅋ
10514858,버섯 위치 진짜 엄이네
10515328,되겠나
10516255,티모 후반 갈 수록 별로같다
10516368,쓰리쿠션 ㅋㅋ
10516525,물수제비 안해봤나
10516708,불편 ..
10517071,버섯 진짜 성의없이까네 ㅋㅋㅋㅋㅋㅋㅋ
10517161,걍 즐거운 청년 ㅋㅋㅋㅋ
10517317,숙련도이슈
10517459,티모 라클은 지리긴하네
10517571,하핫
10517585,라일라이가면 스태틱에 슬로우 묻음?
10517871,다시
10518070,물수제비 ㅡ에바야
10518588,물쥐 버섯 개못까네
10518682,버섯 너무 못깔았다
10518880,듀얼코어 버섯
10519341,다시한번?
10520453,버섯 수제비 레전드 ㅋㅋ
10520885,함더?
10521046,숙련도 이슈
10522940,캬
10523896,캬
10524175,ㅋㅋㅋㅋㅋㅋㅋㅋㅋㅋㅋㅋㅋㅋㅋ
10524482,캬
10524975,캬
10525091,캬
10525094,ㅋㅋㅋ
10525132,캬
10525392,캬
10525655,캬
10525897,ㅋㅋㅋㅋㅋㅋㅋㅋㅋㅋㅋ
10526133,캬
10526164,좋댄다 ㅋㅋ
10526303,ㅋㅋㅋㅋㅋㅋㅋㅋ
10526531,캬
10526617,ㅅㅅ
10526789,편안
10526917,ㅋㅋㅋㅋㅋㅋㅋㅋㅋ
10526970,캬
10527232,물수제비
10527266,캬
10527323,ㅋㅋㅋㅋㅋㅋㅋㅋㅋㅋㅋㅋㅋㅋㅋㅋㅋ
10527573,ㅋㅋㅋㅋㅋㅋㅋㅋㅋㅋ
10527778,이미 진거 걍 즐겜하는구나
10527831,캬
10528958,ZZZㅋㅋㅋㅋ
10529096,놀고있네 ㅋㅋ
10529106,zzzzzz
10529581,오목하고있네 ㅋㅋㅋ
10530096,ㅌㅌㅋㅋㅋㅋㅋㅋ
10530152,이생기 물수제비하려고
10530501,행복롤하네 ㅋㅋ
10531227,귀엽네 ㅋㅋ
10531283,우승!!!
10531301,그냥 버섯 까는 게 즐거운 청년
10532157,얘뭐함 ㅋㅋㅋㅋ
10532701,10점
10536132,ㅋㅋㅋㅋㅋㅋㅋㅋㅋㅋ
10538044,티모에요~
10538912,매섭네 ;;
10539640,아파아파
10541976,아파 아프다고
10543562,이거 벤시 가야겠다
10543639,혼자 미니게임하네
10545119,5팅 도전?
10545460,어깨가 무겁다
10546165,와 이걸 회피해
10546630,띠모띠ㅗㅁ
10547897,행복해보여서 좋다
10548572,띠모띠모
10548847,흡혈신으로 피흡혀
10550942,핑와박으면 다 지워지는 버섯들
10553610,티모 빵디흔드는거 요염하노 ㅋㅋ
10556787,와 ㅆㅂ
10557961,와 잭스 딜
10559218,작쇼라 개단단해
10559288,죽어
10559413,딜 ㄷㄷ
10559460,죽을뻔
10559737,괴물련
10560639,질겨
10561093,쌔네
10562687,왤케 질기노
10563750,와 반피 ㄷㄷ
10564358,어흐
10564388,?
10564880,어흐
10565687,쥐평
10565810,이게 저입에
10565829,저게저입에
10566039,?
10566559,?
10566612,?
10567025,ㅇㅈ ㅋㅋ
10567120,반격 맞았으면 죽엇겟는데???
10567238,?
10568852,{:d_112:}
10569574,티모 지금 성능픽임?
10570269,바로 들어서
10571619,이분 그블 안가나요?
10572067,얜 남자아님?
10573737,티모로 라클 진짜 말안되네
10577685,아 오리아나 야다..
10578320,라꼬숟 오리년 ㅋㅋ
10578977,아 사이드 운영 당하네
10582994,상체 오리아나 ㅅㅂ아
10588275,사이드를 티모가 가야지
10593626,원딜임
10596329,십숑키
10597487,무덤꽃 좋음?
10601769,라바돈도 가야하지않음?
10602425,모자가야지
10603554,모자 가나?
10605124,모자가야지
10606068,남자답게라바돈
10606789,존야 하나 어떰
10607720,모자 가자
10607853,모자가야지
10608050,치감?
10608211,꿀벌스킨 졸귀네
10609095,치감가야지
10610426,덤꽃 뽑으면 버섯 많이 늘어남
10611303,이기려면 모자같긴 해
10612208,메자이찍자
10613583,모자는 써야지
10614831,이길라면 메자이 가야해
10617517,메자이가서 넥세스메타 ㄱㄱ
10619134,이기려면 모자가야함
10619498,먹물스파게티 개웃기네
10619903,메자이찍고 캐리가자
10622364,존야도 좋아보이는데먼가
10625075,데캡메자이 시너지좋긴해
10625697,이기려면 모자 가야하긴 해
10626307,왤케 버섯 벽에 붙이는거야
10630786,쓸큰지하나올리고 메자이가셈
10630881,메자이 올리자
10632801,버섯을 멈추지마
10633937,메자이 가자
10634560,잭스오른때매 존야 필요하긴함
10639387,광역cc대응하려면
10645452,티모는 존야쓴 순간 이미 죽은거임
10646021,라인이 스윽하면 지워지네
10648034,엥
10648392,저거 시머꽃 아님?
10650464,어어
10652164,티모잡으려고 그냥 ㅋㅋ
10652876,와 플반응 지렸다
10655724,이거왜또지고잇음?
10656445,카이사 뭐지요
10656515,궁뻈다ㅅㅅ
10658015,이기고잇지안앗음?
10661421,ㅋㅋ
10662867,플반응 뭐임
10662896,쟨 버섯 간지럽다
10663356,zzzz
10665232,존야 가야더ㅣㄹ듯
10665400,한번 통나무 떨어뜨이면 진다
10665551,크랙이네
10665599,스파게티스킨 ㅈㄴ웃기네 ㅋㅋㅋ
10666582,잭스 피가안다는데요
10666625,별로 안아퍼하네
10668283,기스도안나노
10670883,16 찍으면 티모 버섯 많이 아프겠는데
10671044,딜 똥나오는데
10671065,치감..
10671738,작쇼에 망두라 기스도안나
10672023,잭스 맞아도 흠집도 안남 ㅋㅋㅋㅋㅋㅋㅋㅋㅋㅋㅋㅋ
10673644,덤꽃이라 노딜이네
10673790,바론공쯔아
10674429,짹스 ㅈㄴ 단단하네
10676704,벤시 ㄱㄱ
10677212,자크스틸가자
10677583,그불 모자 가면됨
10677681,오리야 와라
10679958,벤시 좋아보임
10681327,바론공쯔아
10681444,ㅎㅇ
10681731,?
10684466,왜캐 늦어
10685839,자크야 얼마나 쨰냐
10689267,자크 할배임?
10691962,반응이 뭐저리느림
10693513,이제 텔타네ㅋㅋ
10693613,먹고 점프하노 ㅋ
10695438,오리야빨리도탄ㄷ자
10698257,오리 ㅋㅋ
10701755,그래도 잘빨았는데?
10703008,원딜벨코즈네
10704712,오리 이제와서머해ㅔ
10706127,이정도면 모
10706197,오리 밥좀주라
10708877,신속히!
10709945,오리가넘못함
10711234,오리진짜 ㅋㅋ
10712961,아니 오리야
10715226,308 원딜이 경기에서 지고있네 롤은 원딜에게 너무하다...
10715286,오
10716420,독야미
10716798,오리 개못하노
10717142,옹?
10717557,질겨
10718716,평생 때리겟노
10720133,찔겨
10720692,오른저거 못잡음
10720812,ㅋㅋㅋㅋㅋㅋㅋ
10721122,카이사 맛있다
10721382,ㅋㅋㅋㅋㅋㅋ
10721536,바론 다 죽였다
10721780,오른 언제잡아 ㅋㅋㅋ
10722615,단단묵직
10722726,생각보다 쌘데
10724711,마저 251 ㅋㅋ
10726224,마저템을 몇개를 간거야
10727754,먹물 스파게티 ㅋㅋ
10727799,마방 359 ㄷㄷ
10729850,귀엽네
10732758,다 마저템이네
10736372,엥
10737383,벨코즈 뭐함
10743805,ㅈ댓다
10744588,ㅋㅋㅋㅋㅋㅋ
10744596,어어
10745457,너무갔다
10746052,ㅈㅈ
10746327,와
10746610,잭장군
10747160,딜습박
10747578,잭스 노플
10749558,존나질기네
10750070,넥서스깨졌다
10750501,잭재앙이네
10750796,오른싸울때 마저 359까지올라가네
10750808,오.
10751493,?
10751676,와 풀피
10751860,와 자크 미친
10751874,쟈크 똥쟁이네
10753133,와
10753189,어우야
10753333,자크 피복사
10753468,풀피머야
10754390,자크 피차는거 뭐임
10754662,다르킨잴리
10755162,아
10755340,피회복ㅋㅋ
10755365,ㄲㅂ
10755703,와 피차는 거 뭐임
10756222,마저 230 잭재앙 ㄷㄷ
10757454,버섯 ㅋㅋㅋㅋ
10757633,저게안터져?
10757643,버섯 위치가 ㅋㅋ
10758103,누가 벽에 붙여깔래
10758108,ㅋㅋㅋㅋㅋㅋㅋㅋ
10758266,ㅋㅋㅋㅋㅋㅋㅋㅋㅋㅋㅋㅋㅋㅋㅋㅋㅋㅋㅋㅋㅋㅋㅋㅋㅋ
10759711,버섯좀 벽에깔지마라고
10759829,버섯 십억까네
10759868,잭스 ㅈㄴ쌔네
10760133,피흡 왜버럼?
10760705,자크 시야 레전드
10760916,야스오를 믿지마
10761070,풀피가 되냐 ㅋㅋㅋㅋ
10761235,곰보섯
10761303,저 버섯 위치 겁나 안좋네
10762374,절대안밟지
10762832,파크왜 풀피됨
10763774,자크 무한동력이네 ㅋㅋ
10763814,인장팔아걍
10764279,버섯을 너무 딱 붙혀서 깔아서 그럼
10764288,벽에 너무 붙여서깐다
10765791,가운데다깔지 왜케 벽에다붙여
10765932,핏빛저주 안가고뭐힘 팀에 ap가 많은데
10766151,저따 까니까 안발ㅈ지
10768143,벽에 붙이질마라고
10768449,어짜피 죽으면 끝나는데 메자이?!
10771603,저건 평생 안밟을듯
10771626,걍 중간에 깔아 ㅋㅋㅋㅋ
10772012,물쥐님 버섯을 왜캐 못깔아
10772914,살짝 걸쳐서 깔면 잘밟긴해
10773835,모자가고 다음템 뭐가야함?
10774550,오리빼곤 다 잘해주는데
10774642,잭스 ㅈㄴ 쏀데
10775700,핏빛 문어가 갔다
10775750,아오 잘좀 깔아
10775959,그불 모자 가야되
10775990,이걸 드디어
10776121,벨코즈가 갔어요 저주
10776175,조금 더 위에 깔아야겠네
10777176,벤시 어떰 벤시??
10778424,핏저 벨코즈가 갔어
10779881,아프제
10780293,템훈수하지말아주세요 ㅡㅡ
10780434,헤윽
10780584,버섯을 너무 벽에 붙여요 하핫
10782614,운타라는 그불 먼저감
10782734,버섯이 이제 좀 간지러운데?
10784351,운타라가 벽에 붙여깔면  못하는 사람이랬음
10784390,안아파보이는데
10784453,따꼼하제
10784885,아뿌직
10785916,팔자
10786186,버섯딜 귀엽네..
10787158,파는게맞지
10787216,나중에 팔아야지
10787571,ㅇㅇ
10787704,음?
10788504,인장 보내주자
10788546,ㅇㅇ
10788956,메자이를
10789178,버섯을 너무 벽 쪽에 붙여 깐 듯
10789605,ㅇㅇ
10790236,ㅇㅇ
10790359,가족팔아?
10790753,아 그렇군 ㅇㅈ
10790872,ㅇㅇ
10791499,ㅇㅇ
10792402,ㅇㅇ
10793710,못하는사람이라 벽에 깔아도 괜춘
10793842,메자이 가야지
10794537,죽으면 끝이긴한데
10796236,모자 존야 가야지
10798546,물쥐야 나 너를 보고 원딜에 대해 깨달았다. 5 1 9를 하고 있어도 힘들구나
10798949,버섯 원래 이렇게 약함?
10799149,조금 띄워도 됨 챔피언보다 조금 작게 공간주셈
10799776,보내줘야지 인장 이제
10803002,돈 다 털어야지 이제
10807687,잭장군 뭔데
10807864,아 광고
10807929,못하는사람이라 버섯훈수 ㄴㄴ
10816065,잭스 ㅈㄴ 태산이네
10817053,잭스 벽이네
10818027,딜을 못화면
10819614,아..
10820426,519가 그냥 원딜이였으면 무조건 이길텐데
10820684,방관 티모
10821119,ㄱ-
10821293,줴줴이야
10821383,교전이 엉망이네
10821832,ㅈㅈ
10821893,아....
10822518,?
10823067,딜각이 안 나오는데
10823218,잭스 보호막 미쳤네
10824451,ㅈㅈ
10825662,수성의 신 on
10825971,어 핑와야
10826387,엥?
10828195,집에 다 깔어
10830668,뒤에 딜러가 딜을못하는데
10830801,쓰레기교전이네
10831165,조땠넹
10832355,버섯 설계 해둔 거 아니면 암도 안밟지
10833887,어
10835948,ㄱ-
10836423,ㅈㅈ
10836976,번쩍
10837001,줴줴이야
10837675,안일
10838493,^모^
10838746,알까
10839152,JJ야
10839208,티모 진짜 이거 {:d_106:}{:d_44:}{:d_106:}
10839575,슬쉬 지렸네
10839984,와우
10840103,ㅈㅈ
10840873,ㅈㅈ
10842058,궁을왤케
10842740,뿌직
10843003,아 집중력 다떨어졌다
10843984,왜 나가는거임
10844037,오 ㅏ오리 진심
10844397,와 존나약햐
10844541,레쉬가 잘한다
10844649,저걸 못 잡네
10845951,개약해ㅋㅋ
10846511,벤시를 가라했거늘
10846608,오리 아예 할줄모르네
10847339,오리 사람 아니다 ㄹㅇ
10847345,오리는 머하냐
10847755,탑미드 진짜 개무쓸모네 ㅋㅋ
10848149,디아블인가?
10848823,디아블인가
10849171,아 이건 상대가 잘햇다 으아...
10849307,베이팅의 신ㅋㅋ
10851189,아 줴줴이야
10852447,오리 라꼬 아님?
10852554,진 겜을 왜 하고있냐
10852725,화공 ㅈㅈ
10854399,라인 똥싼 시점에서 에바였다
10856683,버틴거에비해 너무쉽게끝나네
10858072,근데 티모 원딜로 쓰기에는 좀 아쉽네
10858456,티모 재미는 있는데 겜은 지는 기분인가
10858815,오리 템이 너무 못 떳네
10859678,그야 ap 하고싶으니까 ㅋㅋ
10859953,에잉..
10861997,{:d_126:}
10863447,ad못하는사람인가
10864373,ad안가서짐
10864887,화공영혼은 절대못이겨
10865783,본진에 버섯 작업좀 해야 하나
10867185,버섯 공학적으로 까는건 팤쌤한테 배워야할듯?
10867348,그야 하고싶으니까 ㅋㅋ
10867744,ad 못하나보지
10868227,왜 안끝냄??
10868948,반대 둘 ㄱ-
10869583,박종우냐?
10871821,ad못하면 다야?
10873544,먹물스파게티뭐냐 ㅋㅋㅋ
10874684,4ap인데 화공용 개노답이네
10875468,화공영혼이라 이제 버섯 ㅈ도 안아픔
10876221,4ap gg
10876920,미드 ad는 애매하지않나
10878010,4ap 인데 화공영혼? ㅈㅈ
10879657,ㄹㅇ
10879709,닥치
10880682,벨코즈 뭔 스킨이냐
10880901,팀에 딜이 없어서 못이김
10884676,뭘배워임마ㅋㅋ
10884782,그정도까진..
10885322,이건 겜 끝나고 무조건 상체 랭크조작 신고해야할거 같은데
10885660,디아블은 운영 잘했다
10887081,버섯 위치가 좀 아쉽긴 함
10887728,버섯 꼬라지 ㅋㅋ
10888611,야스오충 픽이 제일 문제
10889072,버섯 2개 ㅋㅋ
10889703,버섯 공학 박사셔? ㅋㅋ
10889926,4ap는 죄악이지 4ad가 차라리 나음
10890687,버섯 너무 성의없이깔긴함 ㅋㅋㅋ
10894980,버섯위치 근본없긴함
10895115,운타라 버섯좀 보고오셈 느낌너무 없스시다
10896200,물쥐 원딜챔 안하고 티모하니까 화를 안내네 ㅋㅋ
10896991,버섯 근데 좀 성의없긴함 ㅋㅋ
10901810,버섯을 위치가
10907104,버섯만 잘 깔아도 사이드에서 킬 나옴
10910393,배울꺼면 운모행님한테 배우지 ㄹㅇ
10910693,티모없이 너무싸우네
10910942,딜이없는데
10912832,줴줴이야
10913532,딜 넣어 원딜아{:d_136:}
10913679,개카 차렷
10914367,버섯 위치 좋지않나?
10914390,티모로 스태틱도 가는구나
10915510,오른 피 안다는데?
10915662,야스오 딜 존나 안나오는데
10916567,딜이
10917597,오리빈사 ㅋㅋ
10917606,안다노
10918159,ㅋㅋ
10919467,피가안다누
10920874,오른 여진터지면 마저 454되네 ㅋㅋ
10921290,무적 ㅋㅋ
10921327,307ㅋㅋㅋㅋㅋ
10921904,모모모~
10923745,아으 찔겨
10925429,원딜아 딜 넣으라고오오오오오 {:d_136:}
10925910,티모 살려~~
10926563,오 벨코즈
10927391,코즈야!!!
10927483,3ap 면 져야지
10927836,버섯 ㅈㄴ깔아
10928004,ap가 너무많아서 .. ㅋㅋㅋㅋ
10928017,벨코즈딜이 야스오 오리 합친거보다 높겠다
10928103,와 벨코즈
10928308,괴물쥐 차렷
10928977,티모딜 진짜 똥나오네
10929171,버섯 던져 뭐해
10929622,딜안드간다
10930256,코즈횽
10930875,ㅋㅋ
10931409,신속히!
10932015,띠모에요~
10932111,벨코즈가 살려줫어 ㅋㅋ
10932144,ㅋㅋㅋㅋㅋㅋㅋㅋㅋㅋ
10932661,ㅋㅋㅋ
10932934,똥뿌리기
10933279,ㅈㅈ
10933621,수성하라
10933742,ㅋㅋㅋㅋㅋㅋㅋㅋ
10934244,아줴줴이야
10935170,집에 버섯깔아
10935931,캬 지뢰매설병 ㄷㄷ
10936005,기방ㄱㄱ
10937253,ㅋㅋㅋㅋ
10938036,ㄴㄴ
10938674,지워봐
10939220,똥 싸고 튀기 ㅋㅋ
10939388,ㅈㅈ
10939686,절대집을막아
10939920,{:d_126:}{:d_126:}{:d_126:}
10939993,올에이디보다 두배는 안좋은 3ap
10940378,오즈마?>
10940436,와있는데 ㅋㅋ
10940897,잭스없는한타였음?
10941418,아니 쌍두이 타워에 깔라고
10942655,ㅈㅈ
10942661,용도 하필 화공 영혼이네
10942723,원딜없이 3인한타를 ㅈㄴ하네
10942904,1데스 아끼죠 그냥
10942914,라스트맨 스탠드
10943274,괴물쥐쥐
10943849,ㄱ-
10945099,라인 지워보ㅓㅏ
10945724,팀 차이 ㅈㅈ
10946421,싸울떄 평타 치지말고 버섯만 던지셈
10946464,줴줴
10949130,개무력하네 ㅈ모 ㅋㅋ
10950347,줴줴이야
10951115,ㅈㅈ
10951647,벨코즈가 딜탬안가서 후반 캐리력이 없네
10951783,버섯맛을봐야지 ..
10951859,심지어 화공영혼이네 ㅋㅋ
10954270,kda 관리 티모 {:d_106:}
10954901,원딜 티모는 캐리력 낮네 걍
10954953,무력한 티모
10955277,누가 티모원딜 하래
10955339,ㅈㅈ
10955475,줴줴이야
10957216,싸우자
10957778,탑차이
10957808,밴픽에서 지고시작
10959009,야다..
10959289,오리시치
10960355,미드차이
10960951,캐뤼
10960982,짜게ㅅㄱ노
10961202,캐리가 안되긴해
10962064,참 좋은 게임이다
10962810,티모는 야다...
10963051,이제 파카온다
10964015,티모가 캐리력이 딸리네
10964284,그냥 상체차이~
10965436,캐리가 안되네 티모 원딜
10965622,5코어 스몰더였다면..
10965809,상체가..
10965840,줴줴...
10965914,야벨좋이었구나
10966112,오리 라꼬임
10966910,이판에 카이사 수은 간다던 애 아직도 시끄럽네
10968092,조합도 구리고 한타도 못하고
10969196,할건해야지
10969381,괴물쥐 차렷 그냥 원딜이얐다면
10969847,티모좋긴하네
10971319,할건해야지
10971322,할건할란드
10971878,귀여움 1등
10972387,이래도 탑영향력이없어?????????????
10972912,딜량 1등 ㄷㄷ
10973241,아이 저격을..
10973392,ㅋㅋㅋㅋㅋ
10973498,할건할란드
10973717,야벨좋이였네
10974062,ㄹㅇ
10974587,탈주 자리비움 ㄷㄷ
10974591,다른원딜이어도 같았을듯
10975755,원딜 뭘 했어도 저 탑미드로는 못이김...
10976123,랭크조작을넣어야지
10976702,티모 원래 사이드 챔이니까
10976968,바텀은 잘했어 ㅇㅇ
10977252,마6빙 ㄷㄷ
10977702,야스오가 이기면 누가 롤 열심히함 ㄹㅇ
10978842,티모 원딜 재밌나요
10979083,탑미드 저렇게 하는데 어떤원딜와도 캐리 못하지 ㅋㅋ
10979292,이겜을 분조장 쓰래쉬가 이겨야한다는 게 참 좋다
10979619,자이라밴?
10980090,"또 ""매튜 렁""당한거야?"
10980655,원딜 무죄 ㅇㅈ 야팔 이걸 져.
10981726,그냥원딜이었어도 못이겨
10981862,물쥐야... 대체 원딜은 어떻게 해야 이길수 있는거니?? 너 개잘했는데 왜 져야하는거니
10982832,저격은 좀 짜치네
10984410,카이사해주세요
10984562,미드가 라꼬면 절대못이김
10992222,카이사했으면 진작에 끝난게임이였네 메타 개에바다 형
10994010,이겜 바텀은 무죄임
10994090,무슨원딜이 와도 못이길듯;
10996874,티모 계속하자 {:d_221:}{:d_108:}
10997469,탑 미드가
10998247,이걸
10998689,걍 물지는 무죄긴함 이번판
10999603,카이사 초원이네
11003994,티모 좋으면 탑을가면 안도ㅔ는건가?
11006475,그렇게 잘하진 않았ㅇ름
11007144,재밌는 게임 하자 쥐환아..
11012740,카이사여도 안돼는데
11013727,티모말고 일반 원딜 했으면 이겼을라나..
11015147,카이사는 라인전에서 개뒤짐
11015271,즐기자
11016442,그냥 티모원딜해서 즐겜 하는 게 맞아
11025127,이판은 골드증강 먹은 카이사여도 답었었어
11026927,티모 {:d_57:}
11027994,원딜잘걸리네
11038436,ad 티모 ㄱㄱ
11038730,지금 원딜 티모가 op임?
11039318,무한 티모 수호 드가자
11042714,자이라밴하자
11043962,악마티모 써주세요~!~!~!~
11044164,자이라 잘하던데
11055643,이제 물쥐도 티어 올릴려면 정글로 해야하는거 아니냐 ㅋㅋㅋ
11058112,재미도 성능이다
11060893,재밌긴한가봄 화가줄어듬ㅋㅋㅋ
11061294,재밋긴해 지는게 {:d_44:}
11062019,재밌긴해
11063754,보는사람도 재밌어요 ㅋㅋ
11064773,물쥐님 카이사해주세요
11065091,어
11066726,?
11066748,티모벤
11068049,저격밴 뭐냐
11068096,물쥐 진지픽은 리신임
11069138,ㅋㅋㅋ
11069962,{:d_126:}
11071160,ㅇㅎ
11071216,?
11071487,오리 진짜 라꼬숟이엇네 ㅋㅋ
11071995,이즈서폿ㅋㅋ
11073152,이즈 서폿 ㅋㅋㅋ
11074009,이즈서폿은
11075098,저격 밴 뭐지요?
11075363,서폿이즈 ㅋㅋ
11075939,카이사니?
11076157,야다!!!
11076593,재미있겠노 이즈서폿 ㅋㅋ
11077648,ㅋㅋㅋㅋㅋㅋㅋㅋㅋㅋ
11078783,이즈 서폿 ㅋㅋ
11079084,이즈서폿 ㅅㅅㅅㅅㅅㅅ
11079114,에라이
11080166,?
11080262,이즈서폿 뭐노 ㅋㅋㅋㅋㅋㅋㅋ
11080842,나이스 ㅋㅋ
11083880,요즘 코그모가 엄청 세대요
11083978,티모밴이네ㅋㅋ
11084236,이즈 서폿은 케리아냐
11084389,아니 티모밴 뭐지 {:d_126:}
11084540,벨코즈 아닐까
11084852,큐가려잇!
11085560,티원 좋아요?
11086192,저격이지 모
11086519,아직도 안가려?
11087081,이즈 서폿까지~
11087709,라꼬니?
11087990,노머고
11088498,이즈서폿개쳐나이스 ㅅㅅㅅㅅㅅㅅㅅㅅㅅ
11088564,티모하자모
11089198,카이사가 밴한걸수도 있잖아요
11089370,이즈 서폿 뭐지
11089812,갓모벤에 이즈서폿...
11090232,진 해야지
11090277,큐 가려버려!!
11090306,이즈 서폿이면 라인푸쉬 좋은거
11090535,ㅋㅋㅋㅋㅋ
11090754,이즈서폿선픽은
11091391,미포 ㄱㄱ
11091873,이즈서폿 ㅈㅈ
11092007,스몰더 ㄱ
11092745,티모 ㄱ
11092810,협곡 물 진짜 돌았네 요즘
11093155,재미있으니까...
11093559,니도보여줘
11093573,출연못한다 그러면
11093620,애쉬
11093742,베이가?
11094775,원야?
11095477,{:d_58:}{:d_58:}{:d_58:}
11095733,진 ㄱㄱ
11095794,티모 ㄱㄱ
11095837,아 밴이네 티모
11096009,벨
11096704,티모 밴임
11097167,티모 ㅅ
11097277,티모해버렷
11097524,야스오?
11097607,이럴땐 진이나 미포지
11097617,밴ㅁ이네 티모
11097697,멜
11098163,apf\
11098271,이즈서폿 요즘 많이나오긴함
11098314,티모를 밴해?? 너넨 혼좀나자
11098399,진 미포 바루스 정도 아닌가
11098789,초가스 ㄱㄱ
11098890,카이사
11099217,멜
11099392,라인 푸싀 좋은거 ㄱㄱㄱㄱㄱㄱㄱㄱ
11099470,모모모
11099542,진
11099763,미포로 딸깍이나하자
11100169,야스오 ㄱ
11101175,롤망햇냐? 뭔 이즈서폿임?
11101432,티모 밴인데 뭘 자꾸 ㄱㄱ야 ㅋㅋ
11101630,직스
11102229,블츠원딜하죠
11102322,캬
11102378,직스
11103376,야원 ㄱㄱ
11105253,세나하자 세나
11105390,지금 세나원딜 지표 개좋음
11105791,?
11106555,구버지
11106871,세나알리
11107086,이즈 세나는 ㅇㅈ
11107869,쥐마유시
11108582,구버지식으로
11108899,세나 이즈 ㅋㅋㅋㅋ
11109991,구마유시 {:d_44:}{:d_106:}{:d_44:}
11110048,딜 진짜 안나오던데 ㅋㅋ
11111579,쥐마유시 ㄷㄷ
11112049,이즈세나 좋은데
11112496,구마유스
11112544,구버지
11113265,구마유시가 세나 원딜 파던데
11117154,노틸이나 알리가 있어야 좋은거 아님?
11117223,2연패 가즈아
11117296,모모모 ㅜㅜ
11119346,참고가 구마유시 {:d_44:}
11122202,이즈서폿 습박
11122590,죽불세나 어떤데
11125720,니가 구마유시냐?
11126357,이즈서폿에 세나 원딜? ㅋㅋㅋㅋ 골때리네
11127412,아 티모가 아니네...
11130279,조합은 도구가 맞취주겠지 마인드
11130588,야다
11133330,ㄱㄴ?
11133458,ㄱㄴ?
11134673,쥐마유시
11134874,조합봐라 ㄱㄱ
11135916,ㄱㄴ?
11136148,ㄱㄴ?
11137122,진짜 걍 내려놨구나
11141261,ㄱㄴ?
11141786,와 팀은 얼마나 하기싫을까 바텀초상화보고
11142487,코쟁이련
11147615,열정이 없어 이년
11148040,비에고라 졌음 ㅈㅈ
11148442,어차피 그마 못가잖아 즐겜해야지 ㅇㅇ
11149307,조합꼬라지
11149501,코만큰련 ㅋㅋ
11149538,서폿 이즈는 뭐냐ㅋㅋㅋㅋㅋ
11149783,진짜 병원가자
11150634,조합 진짜
11151126,이즈세나 ㅋㅋ
11153102,이사람왜 세나 티모 이딴거만함
11153733,이즈 세나는 나름 근본 조합이긴 해... 서로 포지션이 바뀌어서 그렇지
11153916,팀원들 바텀조합보고 한숨 푹쉴듯 ㄹㅇ
11154253,이즈가 선빵친거임 ㅋㅋ
11154867,세나 원딜 쳐 하고있네 러지련 ㅋㅋㅋㅋㅋㅋㅋㅋㅋㅋ
11155335,빅토르인데 티모밴이면 저격 맞네
11156285,구옵 따라하는건 좀 냄새나네 ㅋㅋ
11156768,팀사기 개박살내노 픽으로
11157668,이즈 세나는 ㅋㅋ서폿세난가?할듯
11158109,비에고 블라디도 똑같음ㅋㅋㅋㅋ
11159367,진짜 조합꼬라지 ㅋㅋㅋㅋㅋ
11159597,그냥 촬영용이구나.... 그마가는건 버렸구나
11159617,이즈가 먼저 선빵쳤잖아
11162404,이즈서폿 ㅋㅋㅋㅋㅋㅋㅋ
11163802,이즈서폿했는데 뭘해
11164366,와...
11165049,노머고 서폿 ㅋㅋ
11167252,세나원딜 쳐 하고있네 ㅋㅋㅋ 롤 내려놨노 에휴 ㅉㅉ
11168699,ㅋㅋㅋ 졌으면 좋겠는 사람은 개추
11168773,블라디 탱역할 되려나
11169043,조합부터 짐 ㅋㅋ
11169442,벌써진거같다
11170616,cc없어서 트페하네
11172448,조합이 실버큐냐??
11173227,옛날에 월즈에서 이즈 세나 많이 나왔음... 그 때는 서폿 세나긴 했는데
11174700,아잇아잇
11175554,이즈 뒤에서 깔짝대다 라인전 멸망 vs 이즈가 더 잘돼서 원딜관계역전
11176691,이미짐
11176787,조합 벌써 진거같네
11179491,다같이 죽어 그냥
11179558,픽창부터 졋네 ㅋㅋㅋ
11179620,상대는 그냥 조합 든든한데
11181805,오지게 맞다가 끝나겠네..
11182070,조합은좋네
11182667,트페는 좋은데
11183355,노머고 서폿은 진짜 싸데기마렵네
11183875,조합 진짜 레전드네 ㅋㅋ
11184512,조합이 음쓰텅이네
11185487,상대랑 우리 조합차이 개웃김 ㅋㅋㅋㅋㅋ
11186362,ㅈㅈ
11186470,지금 인플레 때문에 1천점은 넘어야 정상인데 진짜 너무 내려 놨음
11187018,진짜 부랄걸면 오른쪽에 다검
11187594,이즈서폿 십 ㅋㅋㅋㅋㅋㅋㅋㅋㅋㅋㅋㅋㅋㅋㅋㅋㅋㅋㅋㅋㅋㅋㅋㅋㅋㅋㅋㅋㅋ
11190343,이즈서폿 보고 뭐라하는건쫌 어차피 얘는 뭐나왔어요ㅕ 티모 할려고했던거잖어
11193197,1인 타겟팅은 세니까...
11194461,이게 닷지가 안낭와 ㅋㅋㅋ
11194746,이즈가 딜 더 잘넣을듯
11194992,럼자오자레급 조합 ㅁㅊ
11197438,조합안좋다는애들은 lck안봄?
11198338,이즈 서폿만 딴거였으면 조합 괜찮아보이는데
11199773,그니까 여기서 서폿템사는게 이즈라는거죠?
11201205,이즈서폿이 더 잘되는건 저티어에서나 그러지않나
11201747,세나 서폿이 정화드는구나 요즘은 ㅇㅇㅇ
11201874,왤캐 못하냐 얘는 맨날
11203996,바텀볼만할듯
11206576,도구도 재밌는거 할 수 있지 ㅇㅇ;;
11208297,이즈 때문에 조진거지
11210202,티모 원딜이 이즈서폿보단 좋아 억까 ㄴ
11216517,럼자오자레 VS 블비트세이 ㄷㅈ ㄷㅎ?
11216921,세탐?
11223877,세나원딜 배워보자 드가자
11224065,{:d_126:}
11228260,이즈서폿 쉴드는 본인임?
11233844,럼자오자레는 존나쌘건데?
11235148,이번판 이겨보자
11243687,습관처럼 활샀네
11243852,{:d_126:}
11245127,세나도 도란활이 좋음?
11245593,럼자오자레는 줘서 문제인거잖아ㅅㅂ
11251856,칼날비임?
11253365,좋은데?
11255213,도란활은 그냥 좋음
11256870,트페 개망
11264186,진짜 팀이 자기들꼴리는대로 박은거같네
11268401,누가 서폿이지
11269133,이즈서폿 통계 38% 메튜령도 포기한 챔픈데
11272073,뚜들기맞자~
11273716,스택야미
11275406,이즈 좋은데?
11279263,이즈 ㅈㄴ 잘하네
11282341,하이눈 세나 존나 쎄보이네
11284491,이즈 스킬샷 좋노
11285201,질질
11286767,느릿
11287570,존나약해 평타 ㅋㅋ
11288095,투원딜ㄷㄷ
11288099,-2
11290965,하는게그냥범죄지 이즈서폿은
11292593,총ㅈㄴ큼
11293134,그래도 앞라인 잡는데?
11294489,이즈 구마유시 느낌난다 {:d_106:}
11294665,세나 선딜 왜케 길어
11296126,스킬샷 물쥐보다좋은데
11299816,라인전이긴다는마인드
11303013,오
11303337,때리기만 할때는 모름
11304189,과감하네
11306914,라꼬숟인가
11309002,그래 이즈야 보여줘
11310690,잘맞추긴한다 ㅋㅋㅋ
11310961,좋은데
11311615,이즈 잘하는데? ㅋㅋㅋㅋㅋ
11311825,쥐마유시 와 구마유시 환상의 듀오다
11311848,이즈 방채용사인가?
11312020,큐 적중률 뭔데
11312233,잘맞추긴하네
11312364,다맞춰주네 ㅋㅋㅋ
11312832,승률 40퍼 이상은 되어보이는 이즈네
11323172,적중률좋긴해
11325488,오호이야
11325700,이즈 쟤 원딜러 일듯
11326587,와
11333302,이즈 40은 넘어야지
11333682,와
11334431,다 맞추노
11334450,진짜 다 맞네
11336117,이즈 뭐냐 ㅋㅋㅋㅋㅋㅋㅋㅋㅋ
11336507,?
11337949,잘맞추긴하네
11338176,스킬샷 좋노ㅋㅋ
11338536,대짜오
11339097,뮈효
11339111,ㄱ-
11341084,ㅋㅋㅋㅋㅋㅋㅋㅋㅋㅋㅋㅋㅋ
11342834,하이눈 쫀득하다잉
11343504,짜오 3렙갱 수고요.
11343673,?
11346212,3렙갱
11346242,오
11346278,아니 w 어디다 쏨
11346548,뭐긴뭐야 정글이지~
11346561,?
11347900,와드안쓰기
11348747,쇼부보지
11350534,앞으로뚫었어야지
11351105,그래도 1킬딴게어디냐
11351182,님이 서폿 하셈
11351738,서폿이 cc 1도 없는 이즌데 갱 계속 올듯
11351944,이 정도면 낫배든데
11352618,이즈 잘하네
11353830,타겟팅 잘하는데?
11354065,아니 이즈 ㅈㄴ잘해
11354304,앞으로 뚫지
11354911,캬
11355338,서폿하셈
11356121,서폿유저 이즈서폿 vs 원딜유저 이즈서폿 누가더잘함?
11356217,서폿하셈
11357126,라꼬숟?
11357137,니가 서폿해
11357394,이즈야 니가원딜하자 ㅋㅋ
11357475,괴물쥐급
11358420,ㅋㅋㅋㅋㅋㅋㅋㅋㅋㅋㅋㅋㅋㅋㅋㅋㅋㅋㅋㅋㅋㅋㅋㅋㅋㅋㅋ
11358502,ㅋㅋㅋㅋㅋㅋㅋㅋㅋㅋㅋㅋㅋㅋㅋ
11358666,레전드
11358700,ㅋㅋㅋㅋㅋㅋㅋㅋㅋㅋ
11358793,ㅋㅋㅋㅋㅋㅋㅋㅋㅋㅋㅋㅋㅋㅋㅋㅋㅋㅋㅋㅋㅋㅋㅋㅋㅋㅋㅋㅋㅋㅋㅋㅋㅋ
11358955,?
11358979,ㅋㅋㅋㅋㅋㅋㅋㅋㅋㅋㅋㅋㅋㅋㅋㅋ
11359005,ㅋㅋㅋㅋㅋㅋㅋㅋㅋ
11359022,ㅈㄴ 잘한[ㅔ
11359081,?
11359111,ㅋㅋㅋㅋㅋㅋㅋㅋㅋㅋㅋㅋㅋㅋㅋㅋ
11359126,zzzzzzzzzz
11359217,zzzzzzzzzzzzzzzzz
11359264,????
11359654,빅
11359677,?
11359684,정빅ㅋㅋㅋㅋㅋㅋㅋㅋㅋㅋㅋ
11359832,ㅋㅋㅋㅋㅋㅋㅋㅋㅋㅋㅋㅋㅋㅋㅋㅋㅋㅋ
11359975,니가 서폿해 ㅋㅋㅋㅋㅋ
11360038,?
11360092,?
11360278,ㅋㅋㅋㅋㅋㅋㅋㅋㅋㅋㅋㅋㅋ
11360409,개난장판이노 ㅋㅋㅋ
11360495,비에고 아님?
11361016,ㅋ
11361271,비에고잖아
11361472,?
11361701,ㅋㅋㅋㅋㅋㅋ
11361709,랭크 꼬라지
11361805,비에고인데?
11361862,정빅ㄷㄷ
11361977,?
11362022,비에고인데
11362341,정빅 ㅋㅋㅋㅋㅋㅋㅋㅋㅋㅋㅋㅋㅋ
11362382,?
11362411,?
11362765,뭔소리야
11362885,겠냐
11362997,ㅋㅋㅋㅋㅋㅋㅋㅋㅋㅋㅋㅋㅋㅋㅋㅋㅋㅋㅋㅋㅋㅋㅋㅋㅋㅋㅋㅋㅋ
11363064,?
11363072,ㅋㅋㅋㅋㅋㅋㅋㅋㅋㅋㅋㅋㅋ
11363093,ㅋㅋㅋㅋㅋㅋㅋㅋㅋㅋㅋㅋㅋㅋㅋㅋㅋㅋㅋㅋㅋㅋㅋㅋㅋㅋㅋㅋㅋㅋㅋㅋㅋㅋㅋㅋㅋㅋㅋ
11363179,이거 롤 맞음 ?ㅋㅋㅋ
11363181,이제 봄?
11363184,비에고잖아
11363245,레전드 ㅋㅋ
11363371,비에고잖여
11363382,비에고
11363515,비에고임 ㅋㅋ
11363529,비에고자나 ㅋㅋㅋㅋㅋㅋㅋㅋ
11363545,ㅋㅋㅋㅋㅋㅋㅋ
11363787,비에고인데요?
11363789,진심이냐?
11364100,ㅄㅋㅋ
11364105,비에고야 ㅇㅇ
11364226,비에고잖아
11364418,비에고잖아
11364559,아니 이제 알았네 ㅋㅋㅋㅋㅋㅋㅋㅋㅋㅋㅋ
11364706,겠냐고
11364734,ㅋㅋ
11364742,비에곤데요?
11364743,ㅋㅋㅋㅋㅋㅋㅋㅋㅋㅋㅋㅋㅋㅋㅋㅋ
11364744,뭐래
11364949,비에고잖아 바보야
11365073,쥐평 ㅋㅋㅋㅋㅋㅋㅋㅋㅋㅋㅋㅋㅋㅋㅋ
11365387,비에고 이자식아 ㅋㅋㅋㅋ
11365390,?
11365429,ㅋㅋㅋㅋ 개웃기네
11365624,비에고잖아
11365707,비에고 ㅋ
11365931,??????
11366081,비에곤데?
11366115,비에고인데
11366120,바보에요?
11366244,비에고임 ㅋㅋㅋㅋ ㅂㅅ
11366247,비에고 이자슥아
11366332,비에곤데
11366440,비에고임
11366447,?
11366638,먼소리야
11366929,비에고자나
11367028,비에고잖ㅅ금
11367090,비에고야임마
11367224,dhk
11367338,롤 걍 망했음 ㅇㅇ
11367340,쥐평 ㅋㅋㅋㅋㅋㅋㅋㅋㅋㅋ
11367356,바보임?
11367458,비에고라고요 ㅋㅋㅋ
11367521,비에고자나 ㅄ아
11367545,역대급조합 나왔다
11367549,?
11367952,비에고인데여ㅛ
11367975,비에고인데
11368006,비에고가 영혼먹은거
11368219,비에고인데요
11368235,비에고잖아 병신
11368235,오
11368283,비에고야
11368379,와
11368392,비에고잖아ㅋㅋㅋㅋㅋㅋㅋ
11368734,아
11369119,ㅋㅋㅋㅋㅋㅋㅋㅋㅋ
11369258,ㅋㅋㅋㅋㅋㅋㅋㅋㅋㅋㅋㅋㅋㅋㅋㅋㅋㅋㅋㅋㅋㅋㅋㅋㅋㅋㅋㅋ
11369266,비에고잖아...
11369495,정글 빅토르 ㅇㅈㄹ ㅋㅋㅋㅋ
11369647,너 졸리지
11369682,??
11369958,진짜 이새끼 게임 관심 ㅈ도없네
11370004,정글빅토르 ㅇㅈㄹㅋㅋㅋㅋㅋㅋㅋㅋㅋㅋㅋㅋㅋㅋㅋㅋㅋㅋㅋㅋㅋㅋ
11370005,쥐평 ㅋㅋㅋㅋㅋㅋㅋㅋㅋㅋㅋㅋㅋㅋㅋㅋㅋㅋㅋㅋㅋㅋㅋ
11370077,ㅋㅋㅋㅋㅋㅋㅋㅋㅋㅋㅋㅋㅋㅋㅋㅋㅋㅋㅋㅋㅋㅋㅋㅋㅋㅋㅋㅋㅋㅋㅋㅋㅋㅋㅋㅋㅋㅋㅋㅋㅋㅋㄱㅋㅋㅋ
11370126,ㅋㅋㅋㅋㅋㅋㅋㅋㅋㅋㅋㅋㅋㅋ
11370232,ㅋㅋㅋㅋㅋㅋ
11370310,ㅋㅋㅋㅋㅋㅋㅋㅋㅋㅋㅋㅋㅋ
11370532,치매옴?
11370550,??
11370654,ㅋㅋㅋㅌㅋㅋㅌㅌㅌㅌㅋㅋ
11370706,아니 비에고네 ㅋㅋㅋㅋㅋㅋㅋㅋㅋㅋㅋㅋ
11370825,진짜 개바보네 ㅋㅋㅋㅋㅋㅋ
11370892,ㅋㅋㅋㅋㅋㅋㅋㅋㅋㅋㅋㅋㅋㅋㅋㅋㅋㅋㅋㅋㅋㅋㅋㅋㅋㅋㅋㅋㅋㅋㅋ
11370928,?
11370932,ㅋㅋㅋㅋㅋㅋㅋㅋ
11370972,ㅋㅋㅋㅋㅋㅋㅋㅋㅋㅋㅋㅋㅋㅋ
11371082,치매쥐
11371190,ㅋㅋㅋㅋㅋㅋㅋㅋㅋㅋㅋ
11371280,ㅋㅋㅋㅋㅋㅋ
11371305,?
11371635,ㅋㅋㅋㅋㅋㅋㅋㅋㅋㅋㅋㅋ
11371791,ㅋㅋㅋㅋㅋㅋㅋㅋㅋㅋㅋㅋㅋㅋㅋㅋㅋㅋㅋㅋㅋㅋㅋㅋㅋㅋㅋ
11371838,비에고야 빕시나
11372013,정신나갔네
11372028,청년치매 ㅋㅋㅋㅋㅋㅋㅋㅋㅋㅋㅋㅋㅋㅋㅋㅋㅋㅋㅋㅋㅋㅋㅋㅋㅋㅋㅋㅋ
11372044,와 개쳐늙었네
11372075,빅토르 ㅋㅋㅋ4
11372148,ㅋㅋㅋㅋㅋㅋㅋㅋㅋㅋㅋㅋㅋㅋㅋㅋㅋㅋㅋㅋㅋㅋㅋㅋ
11372171,늙어서..
11372225,??
11372255,???
11372312,머래냐 이 벼엉신은
11372377,습박 ㅋㅋ
11372436,겜안분 뭔데0 ㅋㅋ
11372488,ㅋㅋㅋㅋㅋㅋㅋㅋㅋㅋㅋㅋㅋㅋㅋㅋ
11372518,ㅈ된다 ㅋㅋㅋㅋㅋㅋㅋ
11372563,ㅂ 신 ㅋㅋㅋㅋㅋㅋㅋ
11372606,치매 ㅋㅋㅋㅋㅋㅋㅋㅋㅋㅋㅋㅋ
11372654,ㅋㅋㅋㅋㅋㅋㅋㅋㅋ
11372692,ㅋㅋㅋㅋㅋㅋ
11372721,엄
11372766,ㅋㅋㅋㅋ
11372819,정빅이면 습박
11372911,치매
11372966,ㅋㅋㅋㅋㅋㅋㅋ
11373129,ㅋㅋㅋㅋㅋㅋㅋㅋ
11373206,늙었나
11373417,ㅄ
11373642,zzzzzzzzzzz
11373723,ㅋㅋㅋㅋㅋㅋㅋㅋㅋㅋㅋㅋㅋㅋㅋㅋㅋㅋㅋㅋㅋㅋㅋㅋㅋㅋㅋㅋㅋㅋㅋㅋㅋㅋㅋㅋㅋㅋㅋ
11373809,치매 ㅋㅋ
11373828,정글 빅 ㅋㅋㅋㅋㅋㅋ
11373897,정신나갓네
11373901,ㅋㅋㅋㅋㅋㅋㅋㅋㅋㅋㅋㅋㅋㅋㅋㅋㅋㅋㅋ
11373944,{:d_94:}{:d_62:}{:d_94:}{:d_62:}
11374117,클린봇 멈춰!!
11374309,ㅋㅋㅋㅋㅋㅋㅋㅋㅋㅋㅋ
11374461,시발 쥐평 ㅋㅋㅋㅋㅋㅋㅋㅋㅋㅋㅋㅋㅋㅋㅋㅋㅋ
11374582,{:d_117:}
11374731,와...
11374834,ㅋㅋㅋ
11375035,ㅠㅠㅠ
11375134,청년치매
11375200,청년 치매 ㅋㅋㅋㅋㅋㅋㅋㅋㅋㅋㅋㅋㅋㅋㅋㅋㅋㅋㅋㅋㅋ
11375255,정글빅토르 ㅇㅈㄹ ㅅㅂㅋㅋㅋㅋㅋㅋㅋㅋㅋㅋㅋㅋㅋㅋㅋㅋㅋㅋㅋㅋㅋㅋ
11375339,자야하는거 아님?
11375454,ㅋㅋㅋㅋㅋㅋㅋㅋㅋㅋㅋㅋㅋㅋㅋㅋㅋㅋㅋㅋㅋㅋ
11375510,ㅅㅂㅋㅋㅋㅋㅋ
11375601,마스터 수준봐라 ㅋㅋㅋㅋㅋㅋㅋ
11375602,ㅋㅋㅋㅋㅋㅋㅋㅋㅋ
11375619,청년치매 습ㅂ박 ㅋㅋㅋㅋㅋㅋㅋㅋㅋㅋㅋㅋㅋㅋㅋㅋㅋㅋㅋㅋㅋㅋㅋㅋㅋㅋㅋㅋㅋㅋㅋㅋ
11375723,ㅋㅋㅋㅋㅋㅋㅋㅋ 와 진짜
11375858,ㅋㅋㅋㅋㅋㅋ
11375869,귀엽노 ㅋㅋㅋㅋ
11375923,스머님?
11376214,ㅋㅋㅋㅋㅋㅋㅋㅋㅋㅋㅋㅋ
11376242,ㅋㅋㅋㅋㅋㅋㅋ
11376328,ㅋㅋㅋㅋㅋㅋㅋㅋㅋㅋㅋㅋㅋ레전드 사건
11376463,빅토르 ㅈㅉㅇㅇ?
11376486,환각쥐환 ㅋㅋㅋ
11376531,ㅋㅋㅋㅋㅋㅋㅋㅋㅋㅋㅋㅋㅋㅋㅋㅋㅋㅋㅋㅋㅋㅋㅋㅋㅋㅋ
11376546,?????????
11376601,ㅋㅋㅋㅋㅋㅋㅋㅋㅋㅋㅋㅋㅋㅋㅋㅋㅋㅋ
11376751,ㅋㅋㅋㅋㅋㅋㅋㅋㅋㅋㅋㅋㅋㅋㅋㅋㅋ
11376788,ㅋㅋㅋㅋㅋㅋㅋㅋㅋㅋㅋㅋㅋㅋㅋㅋ 그냥 순수재미 개웃기네
11376813,아 늙기싫다...
11376935,ㅋㅋㅋㅋㅋㅋㅋㅋㅋ
11376949,시청자도 속았음 ㅋㅋㅋㅋㅋㅋㅋㅋㅋㅋㅋㅋㅋㅋㅋㅋㅋㅋ
11377125,{:d_231:}
11377336,ㄹㅈㄷ ㅋㅋㅋㅋㅋㅋㅋㅋㅋㅋㅋㅋㅋㅋㅋㅋㅋㅋㅋㅋ
11377342,노인네 진짜 ㅋㅋ
11377703,정글빅토르 ㅋㅋㅋㅋㅋㅋㅋ
11377708,빅토르 는 쫌
11377816,롤 첨함?ㅋ ㅋㅋㅋㅋ
11377937,개웃기네 ㅋㅋㅋㅋㅋㅋㅋㅋㅋㅋㅋㅋㅋㅋㅋ
11377977,롤안분 뭔데
11378051,ㅋㅋㅋㅋㅋㅋㅋㅋㅋㅋㅋㅋㅋㅋㅋㅋㅋㅋㅋㅋㅋㅋㅋㅋㅋㅋㅋㅋㅋㅋㅋㅋ 개웃기네 ㅋㅋㅋ
11378057,{:d_126:}
11378445,지환아 병원한번 가자
11378662,유하~
11378959,정글빅토르 이러고있네
11379340,빅토르 정글이 됨? 이라고 할라고햇는데 ㅋㅋㅋ
11379751,이새기 메이플 쳐하더니 롤 다 까먹었네
11379816,병원가자
11379823,정빅 ㅇㅈㄹ하네
11379829,병원가자
11379964,캠 꺼라
11379977,ㅋㅋㅋㅋㅋㅋㅋ늙었어 ㅠㅠ
11380088,최악의질병 1윜ㅋ
11380308,최악의 질병 5위 알츠하이머 최악의 질병 5위 알츠하이머 최악의 질병 5위 알츠하이머
11380367,{:d_58:}{:d_58:}{:d_58:}{:d_58:}{:d_58:}
11380378,빅토르겠냐고 ㅋㅋㅋㅋㅋㅋㅋㅋㅋㅋㅋ
11380384,ㅋㅋㅋㅋㅋㅋㅋㅋㅋㅋㅋㅋㅋㅋㅋㅋㅋㅋㅋㅋㅋㅋㅋㅋㅋㅋㅋㅋㅋㅋㅋㅋㅋㅋㅋ
11380869,ㅋㅋㅋㅋㅋㅋㅋㅋㅋㅋㅋㅋㅋㅋㅋㅋㅋㅋㅋㅋㅋㅋㅋㅋㅋㅋㅋㅋㅋㅋㅋㅋㅋㅋㅋㅋㅋㅋㅋㅋㅋㅋㅋㅋㅋㅋㅋㅋㅋㅋㅋㅋㅋㅋㅋㅋㅋㅋㅋㅋㅋㅋㅋㅋㅋㅋㅋㅋㅋㅋㅋㅋㅋㅋㅋㅋㅋㅋㅋㅋㅋㅋㅋㅋㅋㅋㅋㅋㅋㅋㅋㅋㅋㅋㅋ
11381048,{:d_94:}{:d_230:}
11381140,정글빅토르이러고있네 ㅋㅋ
11381369,지능 뿌직
11381590,빅정글 ㅇㅈㄹ ㄴㅋ
11381821,쥐평 ㅋㅋㅋㅋㅋㅋㅋㅋㅋㅋㅋㅋㅋㅋㅋㅋ
11382133,순간 진짜 정글빅토르인줄알았다
11382244,새콤달콤 ㅈㄴ쳐먹어서그럼
11382317,ㅋㅋㅋㅋㅋㅋㅋㅋㅋㅋㅋㅋㅋㅋㅋㅋㅋㅋㅋㅋㅋㅋㅋㅋㅋㅋㅋㅋㅋ
11382435,자야되는거아니냐
11382506,이새기 빠개는거봐라 ㅋㅋ
11382606,담배하나피자 금연하내 물쥐야
11382640,늙기싫다..
11382651,정글빅 ㅋㅋㅋㅋㅋㅋㅋㅋㅋㅋㅋㅋㅋㅋㅋ
11383006,어이가 없네 ㅅ발ㅋㅋㅋㅋㅋㅋㅋㅋㅋㅋㅋㅋㅋㅋㅋㅋㅋㅋㅋㅋㅋㅋㅋ
11383236,{:d_230:}{:d_94:}
11383496,허구한날 원딜 티모만 하더니 정신 나갔나
11383608,ㅋㅋㅋㅋㅋㅋㅋㅋㅋㅋㅋㅋㅋㅋㅋㅋ
11383655,늙기싫다..
11384327,ㅋㅋㅋㅋㅋㅋㅋㅋㅋㅋㅋㅋㅋㅋㅋㅋㅋㅋㅋㅋㅋㅋ
11384791,능지가 ..
11385024,??? : 아니 우리 정글 빅토르야???
11385026,오빠 왜그래……
11385364,병원 가자 ㅋㅋㅋㅋㅋㅋㅋㅋ
11385370,레전드 ㅋㅋㅋㅋㅋㅋㅋㅋㅋㅋㅋㅋㅋㅋㅋㅋㅋㅋㅋㅋㅋㅋ
11385371,빅토르 ㅋㅋ
11385569,정글빅을 보고도 웃는 게 웃김 ㅋㅋㅋ
11385603,그만먹어 ㅋㅋ
11385620,ㅋㅋㅋㅋㅋㅋ
11385725,병원가자
11386120,뇌까지 티모가된거봐 ㅋㅋ
11386396,쥐환아 ㅠㅠ 아프지마라 슬프다
11386653,지환아 건강검진 한번만 받자..
11386700,개모를 하면서..
11387913,환각쥐환 ㅋㅋㅋㅋㅋㅋㅋㅋㅋㅋㅋㅋㅋㅋㅋㅋㅋㅋㅋㅋ
11388059,늙병쥐 ㅠㅠ
11388068,최악의 질병 5위 알츠하이머
11388473,{:d_44:}{:d_44:}{:d_44:}{:d_44:}{:d_44:}
11388693,뭐먹음??
11389561,tㅡ박
11389890,팀도 속네
11391958,픽창부터 닷지햇겟지 정글 빅토르면
11392383,롤많이하면 진짜 치매생김 나도걸림
11392801,아 존나 욱겨 ㅋㅋㅋㅋ
11392821,ㅋㅋㅋㅋㅋㅋ
11394103,최악의 질병
11394267,새콤달콤이 뇌세포 죽인대요ㅠㅠㅜ
11395016,병원가자
11395081,븅신 ㅋㅋㅋㅋ
11395143,늙어서 당떨어진거봐
11395906,5위
11398163,zzzzzzzzzzzzzzzzzzz
11398315,은퇴하자 물쥐님
11398397,정글빅토르 습박
11398731,메튜렁이 이렇게 만들었다고!!!
11400770,진짜 cs 질질새노
11402035,?
11402270,ㅈㅈ
11402513,?
11402883,어라
11403208,엥?
11403617,정빅 좋은데?
11403886,나이짜!
11405096,ㅈㅈ
11405768,줴줴이야~
11405823,5위 알츠하이머
11406685,음?
11406793,도구는 왜 가서 던지냐?
11406986,이즈는 어디로감?
11407367,ㅈㅈ
11407425,줴줴이야
11410651,알츠하이머
11411764,알츠하이머 고위험군게임
11413094,이즈 개트롤 ㅋㅋㅋㅋㅋ
11417694,잘한다고하면 죽는거 국룰
11418424,이 판도 보내주죠?
11419631,원딜 불쌍해 요즘
11421683,세나원딜 좋나
11430265,아펠 겁나 흐흐거리네
11431212,이즈리얼 벌써 썩엇음
11431258,서폿유저가하는 이즈서폿 vs 원딜유저가하는 이즈서폿 누가더잘하냐
11435472,산악회 플래닛 완 침?
11438339,미드 걍 끝났는데
11440568,10만원이네
11441234,나이짜!!
11445164,티모 벤당함?
11446201,짜오가 여기저기 잘다니네
11447461,게임벌써기우는데
11448530,오 ㅋㅋ
11448779,ㅇㅇ 상대가벤함
11450503,자투 70 지작 뜸 ㅅㅅ
11451539,?
11453991,ㅠㅜ아쉽
11454600,서폿유저는 이즈 서폿을 안함
11463281,티모쥐 재밌는데
11463526,야미
11464287,그냥
11464379,이즈 10뎃 박겠는데
11464743,?
11466261,너무빠르게 암흑기가 찾아온 협곡
11467118,타곤산 있는줄 알았나봐
11467449,그냥
11469904,즐겜해
11471652,님도치셈 돈줌
11476707,어차피 용방 점수 안떨어지는데 이즈하는거지
11476944,?
11476982,?
11477200,?
11477256,?
11477402,?
11477508,?
11477686,?
11477809,?
11477947,ㅋㅋㅋㅋㅋㅋㅋㅋㅋㅋ
11478035,숟가락 출신인듯
11478153,ㅋㅋㅋㅋㅋㅋㅋㅋㅋ
11478551,?
11478722,?????
11478906,ㅋㅋㅋㅋㅋㅋ
11478954,ㅋㅋㅋㅋㅋㅋㅋㅋㅋ
11478970,ㅋㅋㅋㅋㅋㅋㅋㅋㅋㅋㅋ
11478975,?
11479844,?
11480133,?
11480777,...
11480790,쫄
11481302,{:d_126:}{:d_126:}
11481466,ㅋㅋㅋㅋ 쫄클
11481488,캬
11481883,ㅇㅡㅁ?
11482149,????
11482205,쫄
11482318,치매임?
11482428,망가졌네
11483001,{:d_126:}{:d_126:}{:d_126:}{:d_126:}{:d_126:}
11483489,이블린 ㅅㅂ
11486365,{:d_126:}
11486664,{:d_126:}{:d_126:}{:d_126:}{:d_126:}
11486818,아 늙기 싫아
11486982,반속이 너무 빨라도 문제네
11487077,평행세계에선 맞았음
11487679,잘해놓고 손해보기
11488039,캬
11488511,캬 반응
11488644,위기한번넘겼다쳐
11492960,<---- 티모 밴 당해서 하기 싫음
11495302,너무 빨라서 손해보는 사나이
11496376,홤각 원딜이당 믿힌ㅋㅋ
11498480,이즈 ㅋㅋㅋ
11501140,이즈는뭐임?폿임?
11501776,ㅋㅋㅋㅋㅋㅋㅋㅋㅋ
11512037,이즈 진짜 ㅋㅋ
11514112,??
11514950,용방인듯ㅋㅋ
11516106,?
11516206,쓰레쉬 ㅋㅋㅋ
11516292,zzz
11518944,이즈 옆에서 겁나 깔짝거리네 ㅋㅋㅋㅋㅋㅋ
11518976,정화 스노우볼 씨게 굴러갈 뻔 ㅋㅋ
11521982,원딜세나에 이즈서폿은 세상이 잘못됐네
11529066,로밍 체크는 확실하네 ㅋㅋ
11532394,이즈 십ㅋㅋㅋㅋㅋㅋㅋㅋ
11532867,이즈 띠껍게 잘하네
11534712,이즈 근데 경험치를 못먹지 않나
11534782,아펠 건방지네 ㄹㅇㅋㅋ
11535127,이즈 띠껍게 잘하네 ㅋㅋㅋ
11536557,이즈 열받게잘하네
11537832,똥나온다
11538079,이즈 구도 ㅋㅋ
11538707,이즈 ㅋㅋㅋㅋㅋㅋㅋ
11538817,ㅇㅇ..
11540636,이즈 일부러 경치 안먹는거임?
11541828,이즈뒷통수에꿀밤 겁나치네 ㅋㅋ
11551370,이즈가 서폿이엇네
11554458,어어
11556978,비상
11558070,으아악
11558861,??
11558988,어어
11559216,저지력 1도 없는 이즈 ㅋㅋ
11560482,{:d_126:}
11560576,ㅈㅈㅇㅇ
11560834,야~
11561034,ㅋㅋㅋㅋㅋㅋㅋㅋㅋㅋ
11561228,줴줴이야
11561278,줴줴이야 {:d_106:}{:d_44:}{:d_106:}{:d_44:}{:d_62:}
11561317,ㅈㅈ띠
11562088,붐
11562696,아 ㅈㅈㅇㅇ
11563107,와 이게 역갱이네
11563207,역갱 제대로 맞았네
11563236,상대합류에 찢어졌네
11563452,아 줴줴이야~
11563522,저세상 듀오 ㅋㅋㅋㅋㅋㅋㅋㅋㅋㅋㅋㅋㅋㅋㅋㅋ
11563565,걍 손바닥 안이네
11564092,역갱 지렦네
11564277,아 줴줴이야
11564402,역갱 제제야~
11564939,ㅈㅈ야
11565183,{:d_126:}{:d_126:}{:d_126:}
11565546,이미 갔는데 게임
11566399,아 줴줴이야
11566599,야다
11566678,뿌지직
11567542,상대합류 지렷네
11568406,021 {:d_44:}{:d_106:}{:d_44:}
11568875,티모나 하러가자
11569228,바텀 끝
11569366,아~ 줴줴이~야
11570906,걍 놀아나네 ㅋㅋㅋㅋㅋㅋㅋㅋㅋ
11572792,뭐먹음
11572814,이래서 cc없는 서포터란...
11572921,15ㅈㅈ네
11575196,호응이 전혀 안되는 조합
11576102,뭐 먹어요?
11576488,A jjiya
11578245,왜 화 안내?
11581211,순수재미판
11581663,15치고 티모나 하러가죠
11581782,ㅋㅋㅋ
11583668,비에고야 닷지안했으면 당해야겠지
11584020,쫩쫩
11584474,조합만봐도..
11585139,ㅇㅈ
11586176,마이쭈임?
11588804,ㅋㅋㅋ
11592694,수호자 여진 버프해줬는데 이즈서폿을 왜하냐고 도대체
11592872,캬 큰그림 ㅋㅋ
11594066,걍노는판이야즐겨~
11594205,텐텐 먹네
11595832,ㅋㅋㅋㅋㅋㅋㅋㅋ
11601786,라꼬니까하지
11603952,티모 승률 중요하제
11605441,요즘은 챌 등반기 안하나보네
11606853,뭐먹음?
11613413,어차피 이기든 지든 마스터라 괜찮아
11615742,이즈리얼은 어차피 용방이라는거임
11615787,본인자리 찾아가야지
11622203,이즈템머냐?
11625654,이즠ㅋㅋㅋ
11627980,ㅋㅋㅋㅋㅋ
11628796,ㅋㅋㅋㅋㅋ
11628971,노머고 ㅋㅋ
11629197,이즈 사실상 고의트롤 ㅋㅋㅋㅋ
11631351,ㅋㅋㅋㅋ
11631524,개웃기네 진짜 ㅋㅋ
11632803,이주님..
11633395,이즈 뭐하냐 ㅋㅋㅋㅋ
11633746,ㅋㅋㅋㅋㅋㅋㅋ
11634208,저걸로 리폿되긴함??
11634737,챌큐 프로들 만날때 개재밌었는데
11640437,이즈 혼자 개 발광하다 죽노
11642349,뿌직
11642393,오히려 좋아 질려했어 {:d_44:}{:d_106:}{:d_44:}
11643330,보였잖아
11644033,뿌다닥
11645092,와
11646840,ㅇㄷㅊㅇ
11647293,15ㄱ
11647846,ㅇㅋ 세나 리폿
11648076,지금 솔랭 열심히하는게 손해임 ㄹㅇ
11649063,오케이 세나 리폿할게요
11649309,보였는데
11649914,세나  리폿할게요
11650927,15판이네
11651095,이즈 용방 못받겠는데?
11651943,세나 리폿할게요]
11653487,이얼싼쓰
11654518,근데 어짜피 다이브당했겠다
11658642,이거 근데 엄청 뻔했는데 물쥐 졸리냐 아까부터 이상해
11658826,팀원들 다 기대도안해서 암말도안함
11660812,무효
11662406,ㅈㄹ하네 ㅋㅋ
11662900,아하
11663427,무효 ㅇㅈ
11663629,7분 남았는데 캠 끄고 담배나 피자
11664557,비에고 블라디라서 한번 비비면 해볼만하지않나
11667236,이게임 근데 점수에 진심이면 못해 물쥐는 직장인데 꾸역꾸역하려면 즐겜이 맞긴해
11667726,흐에~
11670628,똥나온다 똥
11670651,요즘 용방이 어딨어
11673841,무기 터졌을때 표정인데
11682456,정글빅토르 변신
11684624,ㅇㅇ
11685832,포기해버렸어
11686225,ㅇㅈ
11687838,눈을떳구나
11687941,진정성을 잃은 물쥐
11687998,님 요즘 파카화되가는거같음
11689979,깨달았구나..
11693156,아캅스정신 ㅋㅋ
11695952,짜피 판수로찍어누르면 신튜렁이 올려줌
11698080,ㄹㅇ 간절한 놈만 바보되는 겜
11698351,현명한 청년
11698672,50%에 수렴할꺼임
11700157,ㅇㅈ
11701319,감정소모하면 손해
11702845,머리 어디서 자르냐
11702902,메튜렁이 지라고하는판이긴해
11703024,10년전 열정있던 물쥐는 어디갔냐 에휴
11706876,대충하라고 큐도 대충 잡아줌
11707732,대튜렁이 일케만듬
11708120,ㅇㅈ이요 어차피 못이겨요 {:d_44:}
11708844,노래나 틀죠
11709568,그냥 이길판 이기고 질판 지는게임 ㅋㅋ
11709863,즐기는놈만 행복한게임
11711657,이 게임은 이상하게 간절하면 못이기더라
11716700,이즈 ㅋㅋㅋㅋㅋ
11717305,나이짜!
11718167,저티어는 근데 빠른 서랜도 안하고 넥서스 터질때까지함 미쳐버려
11720536,간절하든 안간절하든 메튜렁이 50퍼센트 승률 유지시켜줌
11739975,이제야 진짜 게임답게 하는구나
11741534,매튜렁 장기집권하면 롤망한다
11744940,이즈는 언제옴?
11750083,ㅇㅇ 맞음
11750392,ㄷㄷㄷ
11750688,ㅋㅋㅋㅋㅋㅋㅋㅋㅋㅋㅋㅋㅋㅋㅋ
11752672,ㄹㅇ
11753437,ㅇㅇ
11755001,오늘 2승 13패했는데
11755617,명언 ㄷㄷ
11757332,신 튜 렁
11758518,게임매커니즘을 그렇게만듬
11758599,ㅇㅈㅇㅈ
11759980,공산당이네
11760255,이즈 앞비전 ㅋㅋㅋㅋㅋㅋㅋㅋㅋㅋㅋㅋ
11760881,이즈 꼬라지 ㅋㅋㅋ
11762011,열심히 할 필요가 없다
11762725,신 튜 렁
11762893,ㅋㅋㅋ
11763058,와 ㅋㅋ
11763313,서폿 세나임?
11763598,겠냐 ㅋㅋ
11765019,쥐다다닥
11766054,캬
11766205,ㅋㅋㅋㅋㅋㅋㅋㅋㅋㅋㅋㅋㅋㅋㅋㅋㅋㅋㅋㅋㅋ
11766619,공산주의의 폐해
11767007,신 튜 렁
11767015,이즈 레전드
11768648,이즈 레전드 ㅋㅋ
11768864,도망고트
11769812,못할수록 매튜렁 수혜자임 ㅈ망겜
11771058,{:d_76:}{:d_75:}{:d_76:}{:d_75:}
11771164,ㅋㅋㅋㅋㅋㅋㅋㅋㅋㅋㅋㅋㅋㅋㅋㅋㅋㅋㅋㅋㅋㅋㅋㅋㅋㅋㅋㅋㅋㅋㅋㅋㅋ
11772098,신튜렁 게임 잘~만들었노
11777063,눈을 떴구나
11777076,{:d_54:}{:d_54:}{:d_54:}
11778362,저건 걍 던지는데
11778494,어차피 다음판에 메튜렁이 이기게만들어줌 ㅇㅇ
11778602,롤할 지능이 아닌데?
11778872,이즈도 깨달았다
11779216,공산주의에 저항하는 지환
11780984,저 이즈는 도대체 뭐냐
11781141,진짜임 ㅋㅋ
11781742,메튜렁 식중독 걸려서 똥꼬 불났으면 좋겠다
11783919,승률50퍼 수렴이 진짜 ㅋㅋㅋ
11784521,협곡의 매튜렁의 장난감이야
11784807,대회서버를 따로 만들지
11785047,똥나온다 똥
11785385,더 던지면 트롤 무효 나오겠다
11786511,진정 꺠달은 사람은 접었음
11788354,오늘 2승 10패를 해도 내일 10승 2패를 만들어준다 이게 메튜렁이다 ㅋㅋ
11788389,판수 박치기 하면 마스터 가는거임?
11790366,이즈도 깨달은애라 즐기는중 ㅇㅇ
11792346,이러면 다음판 이기겠지 뭐~
11792724,파카는 진작에 깨닫고 하고싶은 거 하고싶은 플레이 다 하고 10데스 한다는 거임
11796232,?
11796398,ㅋㅋㅋㅋㅋㅋㅋㅋㅋㅋㅋㅋㅋㅋ
11796401,ㅋㅋㅋㅋㅋ
11796901,ㄹㅇ
11797393,대회식으로 만들어서 곱창남
11797867,ㄹㅇㅋㅋ
11798542,아캅스정신
11798543,대캅스
11799267,아캅스 정신
11799372,티어올리는 쉬운 방법은 개못하면 됨
11800188,아캅스정신
11800834,아캅스가 선지자였음
11800932,아니 팀원들 다들 아무말도 안하는게 무섭네
11802292,먼저 깨달으신 분
11803609,이즈는 전판에 무슨 일을 겪었길래 여기서 시위를 하냐 근데
11804120,아캅스정신이네요
11804233,아캅스 정신
11804612,아캅스 정신 ㅋㅋ
11804667,파카는 점수 높은데
11804910,Akaps
11805036,아캅스정신
11805828,판수 박으면 자기 자리 찾아가는 거지
11807463,아캅스 정신으로 이겨내자
11808723,깁미 요네
11809457,조합 별로다 싶으면 바로 요네 꼬라박고 10데스 20데스
11811809,칼바람 정신
11812692,즐겨
11815215,그의 신지드 플레이를 아는사람 ㄱ-
11815578,깨달은 사람은 롤 안하고 보기만함
11816496,탑은 무인도야
11818270,팀원 ai아님?
11820789,??
11821130,ㅋㅋㅋㅋ
11824314,ㅋㅋㅋㅋㅋㅋㅋㅋ
11824656,{:d_126:}
11825345,ㅋㅋㅋㅋㅋㅋㅋㅋㅋㅋㅋㅋㅋㅋㅋㅋ
11826070,대 이 즈
11826233,이즈 줫나 못하네 ㅋㅋㅋ
11826721,171
11827222,171은 ㅋㅋㅋ
11829034,할건해야제
11829777,할건해야지
11829886,어차피50퍼 맞춰주는데 롤왜함
11830176,트페 처음으로 ? 찍음 ㅋㅋㅋㅋㅋㅋㅋ
11830360,치열하게 이기고지면 재미라도 있는데 억지로 이기고 지게만듬
11830492,이미 용방은 빠개졌네 ㅋㅋ
11832227,매튜렁이 열정을 잃게 만들었다
11834187,야스오로 12데스 해도 안 먹음 ㄱㅊ
11834368,너 그러면 무효임
11835072,이즈서폿하는애들 하나같이 다 저러네
11838414,노머고 박을때부터 게임끝낫음 ㅇㅇ
11839159,이미 용방 무효임
11840171,가만보면 괴물쥐가 파카 프레임 제일 열심히 짜네
11842844,죽어보자
11842909,갑자기 좋아짐
11842986,급 좋아짐
11843154,이즈도 롤을 깨달은게 아닐까
11843207,어
11844670,하겠네
11845028,그 무기
11845666,무기가 좋아졌네
11847164,무기 너무 좋은데요
11849898,그 무기
11851385,아아앙
11852478,{:d_106:}{:d_44:}{:d_106:}{:d_44:}
11853116,뿌직
11854102,플궁하지
11855500,데미지 디지게싸네
11856823,흠...
11858201,엄
11859013,저거뭐냐
11859264,무조건 죽는각이긴했어
11859440,이즈 바로 퇴근
11859462,ㅋㅋㅋㅋ
11859516,그 무기는 인정이지
11859594,?
11859647,ㅋㅋ
11859942,...
11860785,ㅋㅋㅋㅋㅋㅋㅋㅋㅋㅋㅋㅋㅋㅋ
11861215,나이짜!
11861584,이즈 ㅋㅋㅋㅋㅋㅋㅋㅋㅋㅋㅋㅋ
11861695,이즈는 머임??
11861748,이즈는 뭐임
11862581,?
11862889,ㅋㅋㅋㅋㅋㅋㅋㅋㅋㅋㅋㅋㅋㅋㅋ
11862919,1+1 바텀행사
11864475,ㅋㅋㅋㅋㅋㅋㄱㅋㅋㄱ
11865472,근데 게임 ㄹㅇ 개재앙이네
11865879,진짜 야다..
11865982,쟤는 좀 심각하다
11866173,이즈는 뭐임?
11867999,궁플하면 살긴했겠네
11868176,이즈 트롤임?
11868290,이벤트중
11868310,벌레 그 자체네 ㅋㅋㅋ
11869977,이즈 ai임?
11871104,뭐가 남나요
11871299,서로 누가 잘 즐기나 이즈승{:d_44:}
11871939,이즈는 진짜 걍 고의트롤 아님?
11877451,ㄹㅇ
11878307,ㄹㅇㅋㅋ
11878904,아니다 궁플해도 죽는데 아펠플은 뺏을듯
11879270,이즈 꼬숟이형이야~?
11880624,티모원딜찬양해
11881534,이젠 화도 안나는 경지에 도달하셨나요
11882011,사탕 뭐먹냐
11882410,ㅋㅋㅋㅋㅋ
11883009,뭐먹냐
11887077,원딜 세나에 서폿 이즈 진짜에요?
11888202,근데 이즈 왜저럼?
11888652,이즈 서폿은 1렙이 전성기임
11889636,?
11889655,검거
11889845,상체 똥꼬쇼 ㅋㅋㅋ
11889935,ㅅ발ㅋㅋㅋㅋㅋㅋㅋㅋㅋㅋㅋㅋㅋㅋㅋ
11890316,이즈서폿임?
11890735,?
11891112,ㅋㅋㅋㅋㅋㅋㅋㅋㅋ
11891320,?
11891681,AI임?
11891714,?
11892029,뭐임
11892175,응 안돼
11892452,?
11892470,ㄹㅇ 티모원딜만이 답이다
11892845,ㅋㅋㅋㅋㅋㅋ
11892979,딜 미쳤네
11893432,되겠냐?
11893586,ㅋㅋㅋㅋㅋㅋㅋㅋㅋㅋㅋㅋㅋ
11893892,엥?
11894010,ㅋㅋㅋㅋㅋㅋㅋㅋㅋㅋㅋㅋㅋㅋㅋㅋㅋㅋㅋㅋㅋㅋㅋㅋㅋㅋㅋㅋㅋㅋㅋㅋㅋㅋㅋㅋㅋㅋ\
11894114,ㅈㅈ
11894138,?
11894245,아니요
11894511,?
11894685,?
11895259,ㅋㅋㅋㅋㅋㅋㅋ
11895369,ㅋㅋㅋㅋㅋㅋㅋㅋㅋㅋㅋㅋㅋㅋㅋㅋ
11895584,상체 이 와중에 열심히하네 ㅠ ㅋㅋㅋㅋㅋㅋ
11895764,흠
11896447,되겠냐?
11897561,블라디 000ㅋㅋㅋㅋㅋㅋㅋㅋㅋㅋㅋㅋㅋㅋㅋ
11899312,쥐새끼마냥 멀 자꾸 까드세용?
11899606,던진다 {:d_44:}{:d_106:}{:d_44:}
11900776,{:d_126:}
11901402,던지시는건가요
11902596,대답듣고 지나갓어야지
11902928,이즈랑 세나랑 똑같아지는데??
11903506,탑 불쌍해
11906645,{:d_126:}
11910483,머먹는거
11911069,아직 아펠이 대답안햇는데왜지나가
11911762,바텀빼면 정상게임같은데ㅋㅋㅋㅋㅋㅋㅋ
11913765,15데스중 바텀 13데스 ㅋㅋ
11915169,야식시켜놓고 이런판 걸리면 먹으면서 할까요
11915720,매튜렁덕분에 행복하다 {:mlb_78:}
11916870,051vs181 ㄷㄷ
11917482,스니커즈먹으시나
11923475,예견된 대참사
11923871,상체들 똥꼬쇼 중 응 어차피 졌어 {:d_221:}{:d_108:}{:d_221:}
11926290,다른애들도 전판에 이기고왔을테니까 불평불만 하지마라
11927272,상체는 바텀보면서 무슨생각할까
11929003,이겜 하기가 싫어지는게 결국 팀원뽑기겜이라 현타온다니까 실력이 의미가 없어
11929617,{:d_126:}
11929815,ㅇㅈ
11930070,똥나오게 망했네
11930718,정상이면 이해함 ㅇㅇ
11931292,원딜해본놈들은 이해해줌
11933076,너랑 이즈는 한몸이야
11933595,상체는 싸잡아서 욕하ㅣㄴ 함
11933944,그냥둘다 욕하지않을까?
11936501,보통은 싸잡혀서 욕먹음
11939725,정상이면 다 이해함 ㅇㅇ
11939857,보통 같이 욕해
11940479,일케 가끔 kda박아줘야 매튜렁의 시험 안걸림
11941667,세나가 안죽으려면 타워허그도 하면 안됨
11941884,너랑이즈는 한몸이야
11941902,비에고야 너 졌어
11942500,아깐 이즈 잘한다며 물쥐님;;;
11943171,아무도 뭐라 안하는게 이즈 보고 그럴듯 ㅋㅋㅋ
11943601,바텀은 한몸이다
11954376,근데 라인전 초반부터 봤으면 이해해줄듯
11956002,와
11956825,이즈는 어디가서 또 죽었냐
11960802,1렙이 전성기
11964359,챔프가 잘맞춰도 병구라
11965460,대 상 혁
11966219,빅토르 정글이다 ㄷㄷㄷㄷㄷㄷㄷ
11969905,빅토르는 맞을만하네
11972545,원딜 10판만 해봤어도 이즈서폿 픽나온 순간부터 이해해줌
11974712,키야
11983229,쥐찌이이익
11983556,와 빅토르정글 개사기네
11987704,엄
11989495,엄
11989688,ㄱ-
11990071,흠
11990763,{:d_44:}{:d_106:}{:d_44:}
11991631,뿌직~
11992732,뿌직
11992737,궁쓰기도 아깝다는건가
11994133,뿌직
11994308,{:d_126:}{:d_126:}
12001464,가오빼죠물쥐님
12003441,다이브만 몇 번을 당했는데 ㅋㅋ
12006617,상체 오열
12008946,15gg 나오긴할듯
12010723,타워에 있었는데 가오가 있었나 싶은데
12011060,ㅋㅋㅋ 도페 오열중
12011710,15 쳐줄까 상체가
12012988,q잘맞췃다도르후 끝난게임
12013281,아캅스 정신으로 견디자 물쥐야 10데스 20데스해도 괜찮아
12014183,비에고 3/1/0 ㅋㅋㅋㅋㅋㅋㅋ
12014546,요즘 롤 너무 창의적이라 힘들다
12021076,상체는 다른게임중이네
12021541,드디어 1코어
12023473,블클
12024973,이즈보고도 15서렌 안치면 말안되긴해
12025888,2코 불클
12026797,나이짜!
12027054,망했는데 그냥 암거나가죠
12029415,블클이나 고연포
12029687,비에고 미안하대 물쥐야
12029794,진짜 원딜이 불합리한 라인같네
12032380,왜 사과해 ㅠㅠ
12034306,비에고 : SRY
12036086,블클 c44 무대 고연포
12036678,눈물난다 비에고 ㅜㅜ
12038339,비에고 sry {:d_44:}{:d_106:}{:d_44:}{:d_106:}
12042612,에고야 ㅠ
12043844,스태틱으로 영혼 먹어짐?
12046240,{:monsMonsPop:}{:monsMonsPop:}{:monsMonsPop:}{:monsMonsPop:}{:monsMonsPop:}
12047274,뭘가도 겜은 질것같아요...
12048390,?
12049976,역겹다 이즈
12050544,노머고광대네 ㅋㅋ
12051906,서렌안친다에 물쥐 불알건다
12052066,ㅋㅋㅋㅋㅋ
12053862,캬
12053968,레전드다
12054236,19vs4 ㅋㅋㅋㅋㅋ{:d_106:}{:d_106:}{:d_106:}{:d_106:}
12054514,ㅋㅋㅋㅋㅋㅋㅋㅋ
12054632,ㅋㅋㅋㅋㅋㅋㅋㅋㅋㅋㅋㅋㅋㅋㅋㅋ
12055394,ㅋㅋㅋㅋㅋㅋ
12056193,허허 ㅋㅋ
12056281,죽는것도 참 ㅋㅋㅋ
12056452,와
12056738,ㅋㅋㅋㅋㅋㅋㅋㅋ
12057509,그냥 줜나웃김 광대임 ㅋㅋ
12059385,이즈 ㅈㄴ 하찮게 죽네 ㅋㅋㅋㅋㅋ
12061510,?
12062024,?
12062602,광대임걍 개웃김 ㅋㅋ
12063957,저건 어디서 온 놈이냐 ㅋㅋㅋ
12063986,?
12064215,헉
12065087,ㅋㅋㅋ
12065591,ㅇㅈ ㅋㅋ
12066140,ㅔ?
12066166,흠;;
12067098,061
12067732,파카
12068774,야스오로 12데스 해도 안 먹잖아
12068939,한 15데스쯤 하면 먹음
12068951,너도 좀 먹었으면 좋겠다
12069503,개 카
12070710,파카차렷
12071659,헉
12072060,X카
12073517,30데스해도 안먹음
12075025,요새 정지를 왜줘 ㅋㅋ
12075584,신고하면 먹을듯
12077808,어디서 보낸놈이야
12081300,비에고는 착해서 리폿안할거같은데 트페는 벼르고있다
12083095,탑은 0 13 0 해도 정지 안 먹음 ㅇㅇ
12084588,15데스가 마지노선이지
12085437,요새 유저수빠져서 정지잘안줌 진짜팩트임 ㅇㅇ
12085547,너신발없잖아
12086024,왜 저러는거임? 토토충인가
12090644,탑들이 딱 저렇게 박잖아 ㅋㅋㅋ
12091413,ㄹㅇㄹㅇ
12092590,트롤 정지 잘 안먹임
12093200,0킬 11데스해서 신고해도안먹던데
12094108,AI 도입했다며
12095654,ㅋㅋㅋㅋㅋㅋㅋㅋㅋㅋㅋㅋㅋㅋㅋ
12095776,해도 1일하던데
12096192,어 그럼 더 줄어
12096792,채금만 존나 먹임
12097899,15데스 이상 하면 바로 정지임
12099109,망해가니까
12100992,0킬 10데스 해도 안먹음
12101543,정지 걍 안 먹임 욕설 빼고
12101897,절대 정지안먹음 며칠전에 탑으로 1킬 22뎃한애 신고했는데 오늘도 겜 잘하고있더라 ㅋㅋ
12107860,난 영정만 2번먹었는데
12109823,정지는 안 주고 채금만 먹임
12111541,유저 빠져서 정지 안주는듯
12112725,와 딜 ㅅㅂㅋㅋㅋㅋㅋㅋㅋㅋ
12113380,토토는 아닌듯 토토면 정석픽하고 던져야지
12113793,욕설은 칼같이 잡던데
12114050,믹서기좌?
12114487,캬
12114564,와
12114668,정지 잘 주던데
12118389,롤 방향성 지금은 증바람쪽 아닌가
12119262,욕하면 정지주던데 3일씩ㄷ
12120831,죽어도 돼 어차피 져
12123303,욕하는 애들이 롤 제일많이 하는 애들이니까 그렇지 머
12123939,와 반대
12123947,kda이런거말고 패드립이런거는 경고장날아오긴하더라
12124771,반대 {:d_57:}
12125242,뭔소리임 정지 잘먹던데
12126196,이즈아닐까
12126489,설마 이즈리얼?
12126581,과연
12128343,이즈다
12128936,이즈지 누구겟어
12129463,반대는 진짜 존경스럽네
12131186,이즈가 정설이지
12131213,막 표 누구야~
12131863,딱봐도 이즈임
12132406,운영 ㅈ같이 하더니 잘 망하네
12133938,증바람은 칼정지던데
12134799,이즈는 즐기고싶다
12134902,늦게지기
12134966,블라디 000인데
12135392,plz
12136764,비비고는 진심이다
12138523,탑은 파밍만하다가 끝나네 ㅋㅋㅋㅋㅋㅋㅋㅋㅋㅋㅋ
12139463,이즈양심터졌네 ㅋㅋ
12140149,5분연장
12140553,비에고 핑을찍네 ㅋㅋ
12141330,반대 다 나이짜!
12143094,눌럿다
12143246,오
12143567,ㅈㅈ
12143650,ㄲㅂ
12144147,아깝다
12145068,ㄲㅂ
12146452,스코어 너무 절망적이야
12146811,휴
12147011,ㅈㅈㅇㅇ
12147482,휴
12147499,줴줴이야~
12147747,블라디가 마지막에눌럿네
12148681,진짜 지옥이였네
12148735,나이짜
12150030,해~방이다
12151759,이즈는 씁박 정지먹자
12152509,이즈겠지
12153645,일단 리폿하죠
12156709,이즈가 비에고 찍는 거 보면 ㅋㅋ
12159243,탑은 억울하지
12160046,개다딱이 ㅋㅋ
12162195,티모 원딜 가보자
12165302,블라디도 억울해보이네
12174902,그냥 티모 밴률도 좀 올랐음
12175300,마6빙 ㄷㄷ
12175523,티모원딜이재밋긴한데
12177214,벤을한다라.........
12177384,리폿박자
12178546,서울대 이즈리얼 ㄷㄷ
12180520,전판 잭스가 같은 팀이네
12180581,큐가려버려!!!!!!!
12183125,이즈 리폿
12183756,티모 오피챔아님??
12185022,{:monsMonsT:}{:monsMonsT:}{:monsMonsT:}{:monsMonsT:}
12185284,신고는 하고
12186702,ㅅ서폿 포지션 없애야한다니깐
12187672,이름 개다딱이 ㅋㅋ
12188918,오피는아님
12189480,티모 오피임
12191598,그냥티모재밋음
12194992,ㄹㅇㄹㅇ
12196971,근데 티모 원딜 돌아가는거 맞음?
12197341,티모 벤할정도인가?
12197558,리폿으로 모두 정지 묵댜 {:d_109:}
12198005,티는내지말자
12200625,괴하
12203550,그야 재밌으니까
12204637,저격할 사람은 티모 밴 하지마라
12204806,op는진짜아닌데..
12205251,요즘 왜 화안내심
12205479,11버전에 너프 먹어서
12206096,일단 재밌음
12207951,OP까진 아님
12209304,스몰더같은게오피엿지
12213894,바텀에서 벤할정도 아님
12215092,이전까진 좀 진짜 좋다였는데
12216028,{:d_59:}
12216185,이기든 지든 일단 재미는 있는..
12216874,티모승률도별로안높아
12218018,.
12218619,티모 너프먹어도 할만함?
12220238,1티어도 아닌데 ㅋㅋㅋ
12220733,응아니야
12222613,물쥐 티모가 op임
12224686,이즈서폿 쟤 파이크유저네
12225069,티모모모
12225824,근데 불쾌하긴함
12227301,이번꺼 너프도 아님
12228272,롤세상을 무너트려보자 {:d_43:}
12229312,재미 OP
12233553,그런데 티모 원딜이 메타임?
12235315,버섯 대박날때 짜릿함 ㄹㅇ
12235384,나 띠모킹인데 별 체감 못느낌
12236539,물쥐 코가 op임
12236612,ㅇㅇ
12239145,티모할바에 시비르가 낫지 않나
12240885,재미 op
12241016,좀 샤코같은 느낌? 하는 본인만 재밌는
12244878,저런 판 하면 그냥 시간 아까워져서 롤 끄게 됨
12248344,징크스 모1인데 징크스 상향좀
12249162,재미는 op임 꿀잼티모로 춤추면
12251701,내가봣을때 초반 joat 후반 개씹goat
12256538,이즈 용방이 아니라 서폿유저인게 호러네 ㅋㅋ
12258191,근데 좀 뭔가 애매해 티모
12264762,롤 끝?
12266501,버섯 3번 밞으면 처형되어야함 그러면 1티어
12267673,너가잘해서 op처럼 보이긴해
12271690,지금 일났는데 아침 추천좀
12273214,ㅋㅋㅋㅋㅋㅋㅋㅋㅋㅋㅋ
12274579,그럼 왜 저러는거야?
12275764,?
12277243,도시테?
12278884,도시...테
12279690,어째서...?
12280582,어쩐지 이즈 Q에서 카르마 Q가 느껴지더만
12283805,너 이즈냐?
12285351,{:d_126:}
12285970,서폿이 메인이긴한데
12287142,물쥐보다 점수 높네
12287843,올라운더네
12288292,픽은 지멋대로네
12290584,즐기는 애네
12290991,상관없음 유저
12291351,다채로운새끼엿네
12291603,그냥 이것저것 하는애구나
12292083,50%다
12293473,서폿 정글이네
12293870,승률 50%
12295115,쟤가 1000점이네
12296911,쟤는 즐겜해도 1000점이ㅏㄴ데..
12298362,왜 마스터냐 저런애가
12300215,ㅋㅋㅋㅋㅋㅋㅋㅋㅋㅋㅋㅋㅋㅋㅋㅋㅋㅋㅋㅋ
12301186,헉
12302836,헉
12303171,헉
12303689,방송인들은 티어올리기 엄청 까다롭겠네요
12304047,ㅋㅋㅋㅋㅋㅋ
12304663,ㅋㅋㅋㅋㅋㅋㅋㅋㅋㅋㅋㅋㅋㅋㅋㅋㅋㅋ
12306345,{:d_126:}{:d_126:}
12307435,mmr박살난놈임 ㅋㅋ
12307459,저런애도 마스터네 ㅋㅋ
12308135,헉
12308319,ㅋㅋㅋㅋㅋㅋㅋㅋㅋㅋㅋㅋㅋㅋ
12309139,50%
12313277,매튜렁의 수혜자
12313999,말이 많네
12315327,q잘맞췄다도르는 수상
12316030,{:monsMonsShut:}
12316328,포인트 그래프가 더블딥이라니 고생이많군요 센세..
12317342,매튜렁의 가호
12318728,신튜렁
12320678,음
12321135,ㅈ튜렁 또 너야
12322282,헉
12322653,한 500점 실력임?
12322964,50퍼 가즈아
12323292,와
12323335,50딱 맞췄네 ㅋㅋ
12323689,와 ㄷㄷ
12324326,신 튜 령
12324459,신 튜 렁
12324726,튜렁이형
12325516,gjr
12326660,씹튜령
12326960,완벽한 표본 ㅋㅋ
12327193,신 튜 렁
12327194,흠...
12327459,zz
12327838,저거보니까 솔랭 더하기싫어지네
12327969,매튜렁 시발!!
12328394,신 튜 렁
12328990,신 튜렁
12329053,ㅋㅋㅋㅋㅋㅋㅋㅋ
12331015,어쩄든 큐 돌리면 승률 50 이상은 가니까 진짜 절망 그 자체네 큐가
12331419,신 튜 렁 ㅋㅋ
12332060,<<<<<
12332467,와 그러네
12332586,와
12332995,신 튜 령
12333330,신튜렁
12333943,승률 50퍼만해도 용방으로 이득이라는 거임
12333992,신 튜 렁
12334837,알고리즘을 통달한유저네
12335575,아니 저러고 어떻게이기는거임?????????
12337159,물쥐가 말한 진짜 롤즐긴애유저
12337197,파카 50퍼같네 ㅋㅋ
12337553,저 KDA로 50%가 유지가 되네
12337703,진짜 매튜릉 죽이고싶네
12339012,매튜렁 균형의 수호자
12339931,먼저 깨달은자 아님?
12339981,알고리즘이용하는애네
12341713,저래도 50퍼 맞춰주거든
12342237,메튜렁의허물
12342349,잘해도 못해도 ㅋㅋㅋㅋㅋㅋㅋㅋㅋㅋㅋㅋㅋㅋㅋㅋ
12343038,순수하게 즐기는놈
12345020,어케든 승률 50퍼 만들려하는게 개무섭네
12347240,저게 오히려 똑똑한놈 아닐까요?
12353214,100전 50승 50패
12353464,오늘 근데 4연패 중인데 뭔가 타격 없다
12354678,게임의 본질을 꿰뚫고 있는데
12355171,롤을 올바르게 이용하고 있는 유저네
12357180,미친메튜렁 ㅋㅋ
12357833,진짜 전 세계가 이퀄리즘으로 가는구나 메튜렁 사상이 문제임
12357885,쥐트렁
12358680,신튜렁
12359105,누구보다 매튜령을 잘아는애네 ㅋㅋ
12360868,매튜령의 가호
12363746,신 튜 렁
12364437,헉
12365476,아오 도배하지마 마기견
12365619,헉
12365685,그건.....
12365728,이즈 3636 ㅋㅋㅋㅋㅋㅋㅋㅋㅋㅋ
12366070,그건
12366880,잘가라
12368277,똥챔
12368355,헉
12368749,그건{:d_126:}
12369665,그건..
12370626,잘가라
12370885,{:d_126:}
12371570,이유 말하면 밴
12372163,{:mlb_35:}{:mlb_35:}{:mlb_35:}
12372258,{:d_126:}
12374444,왤까?
12374449,이즈로 맨날 다 해주는데
12378240,이즈 잘하는데 걍 이즈가 캐리력이 부족한건가
12379233,이즈가 안좋은거임?
12379703,마크 도배견 컷
12380782,밴유도 머지요
12381353,이즈리얼 원챔하면 50퍼됨 ㅋㅋㅋㅋㅋㅋ
12381501,마기견
12381781,저정도면 죽여달라고 목을 들이미네 ㅋㅋ
12382031,쥐마유시{:d_121:}
12383028,롤 껏음?
12385163,정글전향가자
12385940,매튜 렁 해리슨(34)
12386060,신튜렁의 가호를 깨는
12386522,이즈 지금 1티언데?
12387249,물쥐 마크하면 창난다
12388808,픽이상할때 자주픽하셔서 그런듯?
12396523,ㄹㅇ
12405196,이즈리얼 승률 스트리머 요네들이 다 깎아먹었잖아 플모씨나 아 모씨가
12407742,ㅇ
12408469,근데 이즈판들 보면 다 잘했었는데
12410878,롤은 무기력하게 지는거만 아니면 재밌는데 요즘 너무 막하는애들이 많아
12412543,이즈 승률 낮은이유: 서폿이 이상한거 처할때
12415450,요즘 닷지하면 어케됨?
12420089,5연패 가나연
12420210,지환아 돈슛단 복귀 언제냐
12424349,음?
12425392,팀 이렇게 잡아주는데 50퍼면 프러입단 해야지
12425528,{:d_126:}
12425930,정글러당ㅋㅋㅋㅋㅋㅋㅋㅋㅋㅋㅋ
12426668,정글러인가
12427267,ㅋㅋㅋㅋㅋ
12427888,해킹당했네
12428567,ㅋㅋㅋㅋㅋㅋㅋㅋ
12428916,ㅋㅋㅋㅋㅋㅋㅋㅋㅋㅋㅋㅋㅋㅋㅋㅋㅋㅋㅋㅋㅋㅋㅋㅋㅋ
12429222,매튜렁이 생긴것만 잘생겼으면 화가 덜낫을텐데 생긴것도 ㅈ같아서 화가 두배로 남
12429500,ㅋㅋㅋㅋㅋㅋㅋㅋㅋㅋㅋㅋㅋㅋ
12429859,ㅋㅋㅋㅋㅋㅋㅋㅋ
12432416,아이디 샀네
12433002,신속정확고급
12434382,헉
12435212,ㅋㅋㅋㅋㅋㅋㅋㅋㅋㅋㅋ
12435321,쥐타라 ㅋㅋ
12435800,ㅋㅋㅋ
12436718,오히려 물쥐가 라인전은 개패고 감 ㅇㅇ
12437294,헉
12437893,ㅋㅋ 원딜했다가 정글했다가 탑챔프했다가
12438730,ㅋㅋㅋㅋㅋㅋㅋㅋㅋㅋㅋㅋ
12439652,계정대리 ㅋㅋㅋㅋㅋㅋㅋㅋ
12443164,야야
12444176,계정대리
12444502,또 해킹당했어 ㅠㅠ
12445491,갑자기 정글하다가 티모달리기
12445964,{:lck_28:}
12446211,도파는 나가라
12447909,대리?
12448313,ㅋㅋㅋㅋ
12449561,랄로한테 팔앗어요?
12451787,쥐타라 ㅋㅋㅋ
12453865,ㄹㅇ 물쥐처럼 잘생겼으면 화안났음
12453943,{:lck_2:}{:lck_2:}
12454241,주인이세요?
12455155,ㅇ
12455457,이새기 도파했네
12456198,쥐붘
12456224,계정공유{:d_126:}
12456227,{:d_126:}
12458754,괴물쥐 데려와라 최근전적 저럴리 없다
12465011,쥐어게인 ㅠㅠㅠㅠ
12465072,물쥐야 나 2번만 이기면 마스터 승급이라 너랑 같은티어다
12465456,승률보니까 담판 이긴다
12466393,그가 매칭주작을 의심하고 있습니다
12467338,이 게임은 도대체 언제 고쳐짐
12473195,무슨 오소리가 전적을 도배햇는데
12474432,벤픽 언제 시작하나
12480404,와 콧구멍
12481090,괴물쥐가아니고 괴물오소리네 ㄷㄷ
12482416,ㅅㅅ
12482584,맛있게 유튭각 뽑고 메플하러가야제
12483105,아까 제라스랑 케미좀좋았는데
12483817,ㅇ
12485077,ㅇㅈ
12485891,탑으로 가야해
12485995,물쥐님 오랜만에 단단 묵직 보고 싶어요
12486920,14승15패 저거 개소름돋네
12488186,꼴픽하고
12488549,아캅스정신
12489955,게임추천글 보시나요
12490746,롤은 고칠수 잇던 시기를 놓쳣음
12490949,재밌는거해 재밌는거
12491260,증바람 ㄱ
12492180,하는김에 치명타트페 ㄱㄱ
12492317,ㅇㅇㅅ
12492400,매튜렁이 조작을 너무 많이해
12495412,깨달았구나
12495534,오늘 혼텔 감?
12495710,ㅎㅎ
12495774,동티어에서 랜덤으로 잡아야 변별력이 생기는데
12495964,즐겜으로 혼내주자고
12497567,{:d_59:}{:d_59:}{:d_59:}{:d_59:}{:d_59:}{:d_59:}
12498188,프로마저 주작당하면 못이기는데
12500168,맞음 나도 8층 찍고 접음
12500441,칼바람 하지
12503000,ㅋㅋㅋㅋㅋㅋ
12503028,롤을 누가해 보는겜이지
12503345,?
12503554,ㅋㅋㅋ
12503703,매튜렁 언제 사퇴함?
12504031,스트리머 아닌이상 죄다 증바람 하러 감 ㅋㅋ
12504438,실력이 의미가 없는거 같다니까 진짜 팀원가챠임
12504935,ㅋㅋㅋㅋㅋㅋㅋㅋㅋㅋㅋ
12505730,ㄹㅇ이란거임
12505872,빡겜하던 갱플장인도 접엇으니 말 다햇지
12506123,음?
12506810,쥐튜렁 ㅋㅋ
12507319,ㅋㅋㅋㅋㅋ
12508084,신 튜 렁
12508805,설마 물쥐 오늘도 혼테일 가니
12510230,걍 롤드컵이나 보고 증바람 좀 하고 술마시고 애들이랑 5인큐나 하는거임ㅋㅋㅋㅋ
12511431,승률 50퍼는 유지되어야한다
12512302,쥐튜렁
12512432,전판 개똥싸서 레전드 팀원줄듯
12512709,맞긴함 다 증바람하긴해 이번에 새로나오는 증강봄 ?
12512938,균형의수호자
12514733,ㅋㅋㅋㅋㅋㅋㅋㅋㅋㅋㅋㅋㅋㅋㅋㅋㅋㅋㅋㅋㅋㅋㅋㅋㅋㅋ
12515634,마 함해보입시더
12515637,티모해
12515850,ㅋㅋㅋㅋㅋㅋㅋㅋㅋㅋ
12517371,정글 티모
12517694,즐거운 탈롤
12517999,정티 ㄱㄱ
12518389,야다
12519020,열심히 하는놈만 바보되는 게임
12519074,이기라고 정글주네
12519571,조튜령식 계산법임?
12520127,진짜 소름돋긴 하네 4연승 후 4연패 시키는거
12520753,정글티모하라모
12520813,정글도 즐겜픽 하나 정하자
12521032,ㅋㅋㅋㅋㅋㅋㅋㅋㅋㅋㅋ
12521114,티모정글ㄱㄱ
12521201,매튜렁이 열심히 하는 사람들을 싫어하는거같음
12521381,잼나는챔피언해주세요
12521764,"""무의미한 판수늘리기"""
12521986,티모정글가자
12522191,정글 티모 해주세요
12522719,물쥐가 이기려면 정글이라는 뜻인가
12522905,티모정글 ㄱㄱ
12523137,제발 쥐짜오 ㄱㄱ
12523441,정글 티모 드가자
12525231,티모정글 ㄱㄱ
12526430,정글 티모 ㅋㅋㅋㅋ
12526722,티모정글하자
12527906,승률 50퍼 이론에 따르면 정글티모해도 이긴다는거임
12529148,티모정글도할만함
12529254,정글 스테틱 티모
12529680,쥐신?
12530682,ㅈㄱ모?!
12531473,주포 당첨 ㅋㅋㅋㅋㅋㅋㅋㅋㅋ
12533179,대충하자 어차피이긴거
12533232,인생 날리기
12534579,봇하면 지니까 정글로 이겨라 ㅇㅇ
12534819,새콤달콤 먹는건가요?
12536121,티모 정글 ㄱㄱㄱ
12537832,쥐자룡 ㄱㄱㄱ
12540886,ㅇㅇ 채팅안치면 안먹음
12543120,결과창 가면 리폿할 수 있어
12546821,정글티모하면 재밌긴함
12547730,쥐자룡 각
12548990,2!!!!얼!!!!싼!!!!!쓰!!!!!!!
12556969,ㄱ-
12557569,뭣
12559421,세나 ㄱㄱ
12560018,"""모두가 평등한 승리기회를 갖어야한다"" 이게 매튜릉 신조임"
12560548,물포터 ㄷㄷㄷㄷ
12560787,도구는 좀..
12560923,ㅋㅋㅋ
12561114,진짜 매튜령이나 노에미나 똑같구나
12561286,사폿 모
12563433,세나 드가자
12564628,소금물ON
12564635,쥐포터
12565223,화장실청소
12565967,자진 도구 ㄷㄷ
12566057,서폿 티모
12567192,서폿 신지드 재밌어요
12568557,"캬 물쥐 서폿,, 이판 이겻네"
12569880,세포터?
12570790,이즈서폿 ㄱㄱ
12571768,샤코
12572270,근데 사람이아니라 경계선수준으로 플레이하는애들은 왜자꾸만나는거임
12573434,가락 조련은 역시 도구가
12573454,이즈 가죠 ㅋㅋ
12573487,왜케 만사 매튜렁 십새론 신봉자가 된 거임
12575140,가락 던져잇
12575542,신지드
12576243,세나 유미 샤코 티모 ㄱㄱㄱㄱㄱ
12576917,서폿 샤코
12577849,니달리 설마 탑은 아니겠지
12578479,이즈서폿 보여주자 ㄱㄱ
12579033,마이로 RPG하면 이기지 않을까??
12579823,샤코가 짐짜 재밌음
12580633,블츠
12581646,샤코
12582016,이즈 서폿 가볼까요?
12583166,{:monsMonsCheer:}
12583293,서폿 애쉬 ㄱㄱ
12583801,그건 유기야 그냥
12583887,이즈서폿 ㄱㄱ
12584027,신지드 서폿 ㄱㄱ
12585686,서폿이 저지력이 없다? 트롤임
12585799,레오나 ㄱ
12588761,이즈
12588889,샤코 이즈 ㄱ
12590779,티모서폿은 진짜 빡셈 레벨링 중요한데 경치를못먹음
12591085,혜지해야지
12591212,유미 각인데?
12592217,이즈할만한데?
12592345,룰루?
12592393,밀리오 룰루?
12592412,루루 가자
12592882,쓰레쉬?
12592981,룰루?
12593071,"징크스 선픽을하네 욪,ㅁ"
12593287,쥐리오
12593526,유미 ㄱㄱ
12594043,룰루?
12594508,티모는 전라인이 다 되네 ㅋㅋㅋ
12594602,루루?
12595043,애니비아 한번하자
12595522,뭐여 내가 징크스 얘기하니까 진짜나오네
12596100,밀리 룰루?
12597858,쓰레쉬보여줘요
12598051,아케인듀오
12599161,밀리오?
12600075,룰루 밖에 없는데
12600467,판테온 서폿 ㄱㄱ
12600812,유미
12601376,환이 그랩류 하는거좀 보자
12601413,유미
12602889,레오나
12603828,장혜지 가야지
12604355,노틸?
12605627,레오나??
12606177,쥐틸러스
12607703,엇
12607708,룰루밖에 없
12607712,ㅋㅋㅋㅋㅋㅋㅋㅋㅋㅋㅋㅋㅋㅋㅋㅋㅋㅋㅋㅋㅋㅋ
12608370,엌
12608692,ㅋㅋㅋㅋㅋ
12609142,ㅋㅋㅋㅋㅋㅋㅋㅋㅋㅋㅋㅋㅋㅋ
12609366,헉
12609671,ㅅㅅ
12610978,거절 ㄱㄱ
12611777,ㅇㅇ
12613247,모르지
12613433,ㅇㅇ
12615382,ㅇㅇ
12615766,억
12617062,거절 ㄱㄱ 잡으면 정글
12618449,"""이해했습니다"""
12618520,다시 잡아도 정글될거같은데
12619706,높은 확률로
12620031,꼬이고나서 다시 잡히는거 바로 잡으면 꼬인거 또나옴
12622782,망가졌음
12625529,다시해도 정글임
12625771,내가 원딜 넣어놨어 물쥐야
12636121,ㄹㅇ
12636600,정글넣어서그래
12636940,너 정글부포라 안뜨는거라니까
12636993,ㄴㄴ
12637550,정글도 서폿급으로 사람이 없어
12637691,매칭주작 ㅋㅋ
12639160,지금서폿늘어남
12640935,정글넣으면 서폿안걸림
12643552,"게임돌리면 정글,서폿 은 1초컷나는데 다른라인은 안가짐"
12643566,근가
12644036,저는 미드인데 저도 용방 서폿으로 안 튐 정글이나 탑으로 튐;;
12646477,계속 뭔가 건들고있음
12646672,서폿유저만아짐
12649733,원딜탑돌리면 3판마다 서폿걸림
12649895,팤쌤은 하루에 2~3용방받던디
12650228,매칭시스템 그냥 계에속 잠수함패치하고있음 이새기들
12650444,물쥐님 치감 필수 챔프 상대로 치감 안올리는게 차이가 많이 심하나요?
12652094,부포 문제임
12656741,물쥐야...그만해라.. 나 오래보고싶다/...
12657725,적어지니까 ㅈ같은 패치하고 또적어지고 또 ㅈ같은 패치하고
12658748,서폿 유저는 오히려 지들은 헤택 못 받아서 접거나 라인 갔지 않나?
12658914,부라인 서폿 바꿔저 ㅈㅂ
12659158,부포문제인듯
12659189,부포 정글해놔서 그래
12661297,서폿지금 많아짐
12661731,그가 시스템을 의심합니다
12661740,나 주포 미드 부포 원딜인데 정글로도 ㅈㄴ튄다
12663476,아 정글 부포라 그런가
12665136,와 물쥐 되게 똑똑해보이네
12665565,고졸탐정
12668484,정글이 부포라그럼
12669545,인구비 변동된게 맞는거 같아요
12670056,알고리즘을 부셔
12671566,주포 부포 이거해놨는데 계속 정글걸리던데나
12673329,KT 저격 뭐지?
12674249,학습 시키지마
12677203,너 정글 용방 받을 수 있는 거 개손해받고 있는 거야
12680672,ㅇㅇ
12682226,나도 안걸림
12682350,오랜만에 하면 주던데
12682818,나 용방으로 탑이걸리던데
12683238,ㄹㅇ
12683324,믹스마스터도 가능할까요 제발
12683572,나 마스터에서 원딜정글하는데
12685067,파카도 잘 안나오지 않나?
12685222,원딜 미드 돌림
12685274,정글 부포 바꿔 내말들어
12686300,저 미드 천점인데 오늘 2판햇는데 두판연속 서폿 원딜걸림
12686448,원딜정글하면 정글 ㅈㄴ줌
12687304,저요 요즘 용방 안뜸 4층
12687997,데미갓인데 나도 안 걸리더라
12688062,최근100판서폿걸린적없음
12688229,애1미랄드도 잘 안줘
12688387,갑자기 안나오긴 함
12688805,저 6-700점 인데 요즘 용방 잘 안 주는 거 같음 예전에는 개많이 줬는데
12689100,패치 한지가 언젠데
12689993,저 다1에서 마스터 큐인데 미드유저인데 용방 잘주는데 서폿으로 튕기면
12690818,탑 정글로 돌리는데 용방 거의 안걸렷음
12694509,ㅇㅅㅇ
12695158,갑자기 안 나오긴해요
12695601,부포 차이 아닌가
12696455,마스터에 서폿이 많나?
12696510,저 마스터 700점인데 요즘 용방 잘 안걸림
12697029,나 원딜미드 돌리니까 한번씩걸림
12697182,현 그마 턱걸이인데 8판중 1판정도 걸립니다
12697766,전 마 200 서폿유저인데 용방 더 잘걸림
12698814,요즘 서폿도 용방 잘 안줘
12700792,팤썜 용방잘뜨던데
12701393,인플레 심해져서 고친듯
12701868,서폿 다음으로 없는 게 정글이라니깐
12704719,ㅇㅇ
12705058,용방 안주더라
12708191,패치 했다니까 전에
12708761,실버1도 되나요?
12709263,용방 어차피 바닷물이라 안걸리는게 좋다며 물쥐야
12710114,저티어는 잘줌
12711778,미드원딜 돌려서 7~8판에 한번 걸리는듯
12713732,서폿 정글이 유저수제일적음
12713947,원딜미드하니깐 용방뜨긴하던데
12715553,나도 마빵단에서 한 2~30판 안걸림
12715893,다3따리긴 한데 용방 겁나 안뜨던데
12716084,그냥
12717027,그냥 지금 원딜이 너무많음
12717362,정글 빼죠
12718027,물쥐야 똑똑한척 하지마라
12718363,요즘 그냥 안주는거같은데
12718603,다닥이라 할말이 읍다...
12719230,정글인구없긴함
12719543,나 마스턴데 정글 용방 ㅈㄴ뜸
12719726,원딜정글인데 안걸리지 용방이
12721857,봇탑돌리는데 20~30판안걸림
12722171,부포 정글서폿이면 용방안줌
12722608,800점인데 원딜 미드하면 3판에 한판꼴로 걸려요
12722641,원딜 미드 하면 원딜줌
12722709,ㅇㅇ정글도 유저수가 없어
12722736,부포 탑으로 해놓고 해봐
12724356,"7~8층 탑,정글 돌리면 10판에 한판 정글 근데 용방을 안줬음"
12724527,탑을부포해
12725598,그거 잘 안주더라
12725705,이방에는 다이아 이상이없을텐데;
12726653,부포라 그런 듯
12729825,너가정글로 많이이겨서그럼 ㅇㅇ
12731331,지금 부포가 존나걸리는데
12731632,나 8판정도하면 1판줌
12731822,정글 용방 패치된듯함
12732980,이거 진짜 좀 이상함
12733068,이게맞나
12733979,부포정글은 웬만하면 그냥 정글 걸려서 원딜미드가 맞긴해
12734356,메튜렁이 넌 그냥 청소당번 세우는 거임 공짜로
12734510,탑을 부포로 해야할듯
12734563,마스터 찍고나서 안주더라 그냥
12734627,ㅈㄴ역겨운게  유저수가 없으니까 지들 ㅅ대로 잠수함 패치하는거같음
12735751,용방 근데 mmr 개박살나는데 안걸리는게 나은거아님?
12737804,그것도 잠수함패치한듯 ㅋㅋ
12738164,서폿정글 주라인은 주긴함
12738292,탑으로해 부포
12738358,20판에 한번주던데
12738571,근데 전적 챔프 볼때마다 ㅈㄴ웃기넼 ㅋㅋ
12738648,현장직은 다 느낄거임
12739052,나도 미드 정글중인데 미드7판 정글 3판뜸
12740361,그게 없어졌나
12740966,근데 바닷물보단 낫잖아 ㅇㅇ
12741950,그거는b이상안나와서그런거아녀?
12742733,근데 지금 원딜 하는애가 많긴함
12742915,미드 마스터 유저방송 봤는데 그분은 용방 많이 받음
12746162,봇탑하는데 용방안걸림
12748163,뭘 진지하게 분석하고있냐 매튜렁한테 놀아나는거야 너
12749385,부포 미드로바꾸면 용방줄걸
12750099,주포로 해도 가끔줌
12753809,정글을 자발적으로 했다고? 고맙다 용방은 없다
12754885,큐 예상대기시간 넘어가고잡히면 많이꼬이던데
12756576,주포도 준다고? ㄷㄷ
12760237,마200) 보통 서폿유저가 17판~18판에 용방 한번 받았는데 요즘에는 10판마다 받음. 폿 정글유저 용방을 더 많이 주고 다른라인을 더 적게 주는듯?
12761137,하긴 바닷물 안마셔본지 오해되긴해ㅛ네
12761950,부포 미드가 정답임
12763828,주포로해도 가끔 뜸
12763980,주포도 주는데 거의 안줌
12764282,저 서폿 유전데 왜 용방 안줘요...ㅠㅠ
12764490,걍 롤체나 하시져
12767204,물괴님 어짜피 공업용 롤인데 그런거 신경쓸 필요가 있을까요
12769597,근데 ㄹㅇ 원딜 탑 돌리면 용방 정글 좀 줄 거 같은데?
12769892,주포로하면 20판해야 하나주던데
12772663,주포줜나안걸리던데요즘
12773279,나도 정글 100판하는동안 1번인가 받은듯
12775103,원딜 탑으로 돌리죠
12775203,그거 판수가 아니라 등급 높은거 많이 받아야될껀데
12780129,잘 안나옴 ㅇㅇ
12783055,그판 등급으로 주는 거 같은데
12788578,야다..
12791217,{:monsMonsYada:}{:monsMonsYada:}{:monsMonsYada:}
12791242,티모정글 ㄱㄱ?
12792085,부포 미드 돌리라고
12792635,또 청소당번
12792757,무조건이네
12792916,정글 ㅈㄴ잘걸림진짜
12794377,쥐피리 ㄱㄱㄱㄱㄱㄱㄱ
12794502,재밌는 정글하자 아이번 ㄱㄱ?
12794668,{:d_70:}
12794753,정글에서 원딜을 하면 되지
12797054,티모정글 ㄷㄷ
12797991,정글이 없어 요새
12798311,쥐무무 ㄱㄱㄱ
12800663,티모정글?
12800993,쥐피리 스타일리쉬하고 재밌음 쥐피리 ㄱㄱㄱ
12802087,매튜렁한테 단단히 찍혔다 너
12803402,정글 서폿 유저는 원래 적으니까
12803525,티모정글 ㄱㄱㄱㄱ
12803952,정글제리 ㄱㄱ
12804997,마이
12805473,부포를 바꿔주세요
12805497,티모 JG ㄱㄱ
12806644,근데 원래 용방 미드탑은 안걸림?
12807340,근데 왜 부포를 정글  로 돌림
12808369,원딜 미드를 돌리면 됩니다 5년째 마스터입니다
12808750,샤코 ㄱ?'
12808789,참고해라 니점수때 님보다 잘하는 정글 드물잖아
12810331,신튜렁 ㅋㅋㅋㅋㅋ
12811805,부포정글하면 무조건 정글줌
12811809,티모정글 하잖아
12812701,ㅋㅋㅋㅋㅋㅋㅋㅋㅋㅋㅋㅋㅋㅋㅋ
12813279,등급 B이상.패배 후  용방 받았어요
12813751,렝가??
12814029,ㅋㅋㅋㅋㅋㅋ
12814469,티모정글은 테러행위긴해
12814475,ㅋㅋㅋ
12814941,ㅋㅋㅋㅋㅋㅋㅋㅋㅋ
12815353,오케이 비에고
12816687,넌 열심히 안 하잖아
12816931,캬
12817457,포지션선택은 왜있는거냐 하고싶은걸 못하는데
12818155,이거 걍 픽창 닉네임 다시 보이게 해서 알아서들 라인 찾아가게해야해
12819155,지난번에 페이즈 방송보는디 2연속 서폿 걸라고 띁날때까지 한번도 안걸림
12819404,티모 최근에 정글 버프 받긴 했음 해보셈 ㅋ
12821892,패배선언 ㅋㅋ
12822490,쥐스터이ㄱㄱ
12822680,물쥐 전판 비에고 보고 눈물흘릴뻔함
12823775,티모정글 그정둔가
12824252,극딜 쥐턴
12825201,열사님들 계신다고
12825321,매튜렁 해리슨
12827596,ㅋㅋㅋㅋㅋㅋ
12829234,제라스 원딜인뎁쇼
12829934,{:d_51:}{:d_51:}
12830061,하는사람 있지않나
12830425,ㅋㅋㅋㅋㅋㅋ
12831102,퀸정글
12831841,패배인정
12832496,니가 편하게 해드려라
12832707,사악한 매튜렁
12833345,정글 퀸 버프벅음
12833358,매튜렁한테 져서 정글을 가는거야
12833362,그런애들도 접게만들어야 완벽한 협곡이 만들어진다. 협곡의 안락사... 유일한 구원 이룰때다
12833779,이 패배자
12835017,웹발신 너는 나를 존중해야한다
12835427,걍 즐겨
12835730,ㄱ냥 변태들 아닌가요
12836193,너는 매튜렁을 존중해야한다
12836643,퀸 ㄱㄱ
12837516,왜요?
12838182,근데 물쥐님 정글 솔직히 ㅈㄴ잘하고 점수도 더 잘오르는데 왜 정글 싫음?
12838815,쥐피리 ㄱㄱㄱㄱㄱㄱ
12839360,항복해버린 지환
12839886,근데 패배이해한다
12841073,그브?
12841095,탈롤시켜드려
12841459,너가 티모정글해도 이길판은 이겨짐 매튜렁이그럼
12842304,엄
12843090,원딜 달라하면 안주냐
12844588,너요
12844929,너요
12845180,탑이 밴했네
12845452,둘 다 했는데요
12846192,ㅋㅋㅋㅋㅋㅋㅋ
12846233,이얼싼쓰..
12846804,정글 걸리는것부터 지긴했어 ㄹㅇㅋㅋ
12847732,돌거북
12847986,엄
12849372,"가지무침 야다,,"
12849822,쥐큐몬드
12849864,쥐르반4세
12850635,쥐찬밥
12851028,두팀다 짜오밴
12852677,스킨 간지네
12854371,너가 벤함
12855574,양쪽에서 나오는데 ㅋㅋㅋㅋㅋㅋㅋ
12855617,쥐르반4세 큰거온다 ㄷㄷ
12856234,쥐르반~
12861689,짜오밴했으면 자르반형에 처해야지 뭐
12862046,티모정글로 파란약먹은 사람들까지 구원하는게 맞지 않을까요
12862599,쥐정글 볼만함
12863293,캬 노래 좋다
12865573,다이애나는 안하시나요
12866332,점수 포기한건가요? 정글이 점순 잘올리던데..
12867522,쥐르반?
12868416,{:d_42:}{:d_42:}{:d_42:}
12868840,ㄱㅊ 매튜렁이 매칭주작으로 이기게 해줌
12869938,이거뭔스킨이냐
12871059,쥐르반34세
12872944,{:monsMonsDance:}{:monsMonsDance:}{:monsMonsDance:}{:monsMonsDance:}{:monsMonsDance:}
12876271,신스킨임?
12878934,봇 제라스 뭐임?
12879593,물쥐야 요즘 자꾸 정글가는데 원딜 제명 직전이다. 조심해라.
12882837,zzzzzzzzzzzz
12883059,예전 패스스킨임
12883671,야다..
12883685,ㅋㅋㅋㅋㅋㅋㅋㅋㅋㅋㅋㅋㅋㅋㅋㅋㅋㅋㅋㅋㅋㅋ
12884249,ㅋㅋㅋㅋㅋ
12884609,ㅋㅋㅋㅋㅋㅋㅋㅋㅋㅋㅋㅋㅋㅋㅋㅋㅋㅋㅋㅋㅋㅋㅋ
12884936,ㅋㅋㅋㅋㅋㅋㅋ
12884962,자르반은 대장군이 근본아이가
12885374,"진짜 치맨가 니가 밴했는데,,,,"
12886312,ㅋㅋㅋㅋㅋㅋㅋㅋㅋㅋㅋㅋ
12887216,그냥 막하는구나
12887674,라꼬가 한둘이아니네 픽창부터
12887761,아 j j 이야~
12889050,제라스 탈리야는 무슨 조합이냐
12889269,숟가락이 정글은왜함
12890240,제라스 탈리야 ㅅㅂㅋㅋ
12890816,ㅋㅋㅋㅋㅋㅋㅋㅋㅋㅋㅋㅋㅋㅋㅋㅋㅋ
12891260,아 줴줴이야
12891414,제라스 탈리야 ㅋㅋㅋㅋㅋㅋㅋㅋ
12892515,{:d_116:}
12893918,큐 가렸는데?
12894368,제라스탈리야
12896421,{:d_60:}{:d_60:}{:d_60:}
12897371,님 팀에 서포터 유저 없음 ㅋㅋ
12898283,크산테 선픽 ㄷㄷㄷㄷ
12898905,스킨 ㅈㄴ 멋있네 자르반
12899446,와 .. 제라스 탈리야 뭐임?
12899797,빵탈도아니고 제탈이네
12902190,"축구의 호날두, 농구의 르브론, 정글의 장지환. 이 셋의 공통점은 각 분야에서 역대 최고라고 평가받음."
12902953,거의 전시즌 다딱이 큐를 7층에서 보네 ㅋㅋㅋ
12904339,롤이 병들어가고있어요 ㅠㅠ
12905185,픽들 왜이럼 ㅋㅋㅋ
12905462,산테가 좋아
12906161,제라스 탈리야 라인전은 더럽게 셀듯
12907347,메튜렁이 원하는 세상
12907676,산테야 저항하는구나
12908005,역시 큰일은 탑이 하네
12908901,정상화
12909954,자르반도 조합 살려줌 ㅇㅇ
12910075,단묵이횽이야
12910985,진짜 롤 개처망햇구나
12911517,{:d_95:}{:d_91:}{:d_85:}{:d_112:}{:d_127:}{:d_133:}{:d_136:}{:d_90:}{:d_74:}{:d_57:}
12913651,산테는 저항한다 ㄷㄷ
12913713,?
12914709,?
12915022,그냥 어느조합에 들어가도 든든한 크산테
12915535,ㄹㅇㄹㅇ
12916176,?
12917104,{:d_109:}{:d_109:}{:d_109:}{:d_109:}
12917472,진짜 게임 ㄷ같다 하고싶은 라인도 못가고 트롤 쳐만나고 ㅋㅋ
12917880,음?
12918017,?
12918101,ㅈㅉㅇㅇ?
12918514,호날두가 아니라 메시지 ㅇㅇ
12918933,{:d_126:}
12919517,미드 조합을 맞춰주나
12919676,{:d_73:}{:d_73:}{:d_73:}{:d_73:}
12919731,ㅋㅋㅋㅋㅋㅋ
12920041,호날두가 왜?
12920524,???: 롤이 공산화되어가고있다.
12920769,SIUUUUUUUU
12922450,젖라포밍
12924637,아오 젖닌
12925102,;;
12926644,ㅋㅋㅋ..
12927137,르브론은 뭐야
12928144,뿌직
12928203,와 ㅋㅋㅋㅋ
12928389,정글의 징지환
12929231,ㅋㅋㅋㅋㅋㅋㅋㅋㅋ
12929322,야다
12929902,ㅈㅈ
12930585,캬
12930586,근데 갈리오 좋은거같은데?
12930984,신튜렁
12931449,자꾸 티모원딜해서 트롤촌 보내버린거 아님?
12931508,캬
12931726,조합맞추려고 픽한듯
12931748,아 줴줴이야
12931804,자르반 왜 한거임?
12932581,미베
12932781,겜이 병들었어
12932838,미드 ㅋㅋ
12933418,{:d_44:}{:d_44:}
12933734,크아아아악
12934649,캬
12934795,날강누는 ㅅㅂ
12935076,증바람도 왼쪽 조합이면 닷지임ㅋㅋㅋ
12935844,원딜있긴해야돼
12935941,돈절래식
12936100,아무나 닷ㄸ찌해라고 걸었네 ㅋㅋ
12936157,왜 매판 조합이
12936553,노원딜 조합이라
12936859,ㅋㅋㅋㅋ
12937089,미드베인권위자
12937121,원딜이 생기긴했네 ㅋㅋㅋㅋ
12938306,와 픽들 꼬라지봐 ㅋㅋ
12939054,아캅스 정신 ㄷㄷ
12939817,"미드베인,, 찬호니?"
12941135,상대 조합은 LCK ㅋㅋ
12942180,줴줴이야...
12942305,쥐르반
12942748,원딜 ㅋㅋ
12943391,미드 베인 그린데이니?
12943708,픽 진짜에요?
12944250,슬프게도 제라스서폿이 엄청좋긴함
12945137,원딜이 에이피라서 그런거같은데
12945874,갈리오라 한거겠지 뭐
12945950,2400 베인 뭐냐고
12947260,찬호니ㅋ?
12948110,장고끝에 악수 ㅋㅋ
12948235,닷지참기lv.999
12950204,<<<<<
12950782,미드랑 원딜 위치 바꿔라
12952412,미드 어릴때 씽크빅 많이했네
12952776,제라스원딜이라 나쁘지않을지도?
12952922,베인은 이제 탑챔이긴 해
12953641,기출변형조합 지린다
12955033,매튜렁의 세상
12955714,베인 ㅋㅋ
12956603,노틸 로밍가면 그냥 1킬이네
12959751,라꼬숟 3명 ㅋㅋ
12959767,미드베인ㅋㅋㅋ
12962323,매튜령 개패고싶네 진짜 ㅋㅋ
12963545,받아들이기로했구나
12964358,매튜렁이 한판 지라고하네 ㅋㅋ
12968907,진짜 레전드긴하네
12969516,꼬숟이 몇명이야 대체
12970395,제라스 봇은 그냥 죽여달라는 거 아닌가
12971213,일겜이냐?
12973356,미드 AP 하면 3AP라서 갈리오못잡아서 베인한건가
12973511,즐기는놈못이긴다
12974680,픽 진짜 개어지럽네 ㅋㅋㅋ
12978019,미드는 베인을 할 수 밖에 없었어  ㅠㅠ
12978245,자르반 스킨 개간지인데 닉 괴물쥐니까 가오떨어짐
12978402,왜 우리팀만...
12978960,롤의 끝물을 보는 느낌
12979374,왜 상대는 계속 정상픽이고 우리만..
12982043,아니 이게 맞나요..
12985618,증바람보는거같노
12986977,이거하고 2연승 하래
12988266,라인전만보면 다 이기긴 함
12993733,서폿이즈에비하면 ㄹㅇ 선녀임
12994781,티모정글도 해야지
12995477,또 정글이야?
12997433,매튜렁론에 의하면 지금 이겨야함
12997542,그럼 이기게해준다 ㅇㅇ 믿어라 킹튜렁
13002930,메튜렁 메튜렁
13004617,접거나 꺾였지 지금은 ㅇㅇ
13007496,헉
13008607,파카는 아직 제정신임
13009783,페이커도 물쥐도 나도 아이언 4로 초기화해
13011269,헉
13011283,헉
13011454,ㅋㅋㅋㅋㅋㅋㅋㅋㅋㅋㅋㅋ
13011706,ㅋㅋㅋㅋㅋㅋㅋㅋㅋㅋㅋ
13011731,미드베인 데뷔전
13012160,ㅋㅋㅋㅋㅋㅁㅋ
13012222,헉
13012631,(탈리야를 픽하며)
13013253,증바람 지금 pbe에서 큰거 패치했던데
13014323,화끈하네
13015615,?
13017018,서폿탈리야를 하며..
13018638,?
13018812,ㅋㅋㅋㅋㅋㅋㅋㅋㅋㅋㅋㅋㅋㅋㅋㅋㅋㅋㅋㅋㅋㅋㅋㅋㅋㅋㅋㅋㅋㅋ
13019170,ㅋㅋ
13019344,ㅋㅋㅋㅋㅋㅋㅋㅋㅋㅋㅋㅋㅋ
13019359,헉헉
13019808,욕을.....
13020720,서폿 탈리야가 할 소린가
13020847,디아블이야?
13020981,채팅밴 ㅋㅋ
13020990,쌍욕을
13020992,마스터 700점에 정상인이 잇을까
13021252,탈리야 서폿아녀?
13021408,너가해
13022027,ㅋㅋㅋㅋㅋㅋ
13022178,"""내가 왜"""
13022190,욕난사
13022487,제정신 아니거나 직업이거나 둘중 하나임
13023361,ㅋㅋㅋㅋㅋㅋㅋㅋㅋㅋㅋㅋ
13024318,노갱선언
13024445,ㅋㅋㅋㅋㅋㅋㅋㅋㅋ
13024533,ㅋㅋㅋㅋ
13024688,?
13024762,ㅋㅋㅋㅋㅋㅋㅋㅋㅋㅋㅋㅋㅋㅋㅋㅋ
13024814,"왜 욕을,..,"
13025044,왜 욕을;
13025078,1초에 시발을 몇번하는거임
13025449,왜 욕을...
13025622,ㅋㅋ
13025752,오케이 노갱
13025843,캬
13026153,스겜해요 걍 ㅋㅋㅋㅋ
13026203,진정해용
13026237,ㅋㅋㅋㅋㅋㅋㅋㅋㅋㅋㅋㅋㅋㅋㅋㅋㅋㅋ
13026449,말넘심
13027490,뭐 드시나요
13027807,{:d_112:}
13028623,{:d_106:}
13029655,왜 욕을..
13029793,왜 욕을
13029915,니가해
13029919,미드 노갱 할게요
13031984,물쥐극도로흥분
13032155,신튜렁의 안락사
13032884,ㅇㅇㅇ..
13033872,ㅋㅋ
13034489,정글 이런게 존나 석나감 도와주진 않으면서 바라는건 조나 많아
13037377,{:d_112:}{:d_107:}{:d_112:}
13038346,물쥐야 그래도 게임인데 웃으면서 하자 인마 ㅋㅋㅋㅋ
13038547,탈리야 해놓고 뭔
13039401,물쥐 정글특 미드 와드 박냐 안박냐로 갈림
13039483,재정신이 아니긴하다
13039827,탈리야 ㅋㅋㅋㅋㅋㅋ
13039880,신 튜 렁 ㅋㅋㅋ
13041366,저거안해주면 노갱임 ㅇㅇ
13041695,아니 지는 탈리야 픽하고 저러는거는 대체뭐냐
13041991,저걸 왜 탈리야가...
13043044,저 말을 탈리야가 하네
13043074,다들 14승15패라 픽 뭤같이 한거 아닐까?
13043926,저런 채팅을 탈리야 서폿이
13044746,정글감수성
13045671,탈리야도
13046463,탈리야 개 역겹네
13046477,베인도 야다긴 함
13047204,??
13047390,제정신아니네
13047457,????
13047956,탈리야 뭐고
13048133,ㅋㅋㅋ
13048541,ㅋㅋㅋㅋㅋㅋㅋ
13048703,탈리야 어디감?
13048720,탈리야 큰결심하러감
13048885,?
13049235,cs 털어야징 ㅋㅋ 이러네
13049521,던진다
13049537,어어?
13049703,?
13050567,{:d_128:}{:d_124:}
13050783,?
13051497,?
13051565,ㅋㅋㅋㅋㅋ
13051671,?
13051952,?
13052168,ㅋㅋㅋㅋㅋㅋㅋㅋㅋㅋㅋㅋㅋ
13052256,ㅋㅋㅋㅋㅋㅋㅋㅋㅋㅋㅋㅋㅋㅋㅋㅋㅋㅋㅋ
13052360,ㅋㅋㅋㅋㅋㅋㅋㅋㅋㅋㅋㅋㅋㅋㅋㅋㅋㅋ
13052630,어어어?
13052667,어
13052724,어어어!!!!!
13052775,아.....
13052809,여행을 떠나요
13052826,ㅋㅋㅋㅋㅋㅋㅋㅋㅋㅋㅋㅋㅋㅋㅋㅋㅋㅋㅋㅋㅋㅋㅋㅋㅋㅋㅋㅋㅋㅋㅋㅋㅋㅋㅋㅋㅋㅋㅋㅋㅋㅋㅋㅋㅋ
13052927,ㅋㅋㅋㅋㅋㅋㅋㅋㅋㅋㅋㅋㅋ
13052969,cs먹으러
13053446,ㅋㅋㅋㅋㅋㅋㅋㅋ
13053495,cs먹으러 간다
13053577,저거어디가냐
13053604,ㅋㅋㅋㅋㅋㅋㅋ
13053834,왜저러는거임 ?
13053869,가지마라
13054569,게임 꼬라지 ㅋㅋ
13054706,박으러
13054800,{:d_111:}{:d_112:}
13054949,불나방임?
13055151,어어엉어어어!!!!!!!
13055216,ㅋㅋㅋㅋㅋㅋㅋㅋㅋㅋㅋㅋㅋㅋㅋㅋㅋㅋㅋㅋㅋㅋㅋㅋㅋㅋㅋㅋㅋㅋㅋㅋㅋㅋㅋㅋㅋㅋㅋㅋㅋㅋㅋㅋㅋㅋ
13055350,재밌네
13055762,미드 달려잇 ㅋㅋㅋㅋㅋㅋㅋㅋㅋㅋㅋㅋㅋㅋㅋ
13056079,ㅋㅋㅋㅋ
13056120,청소 거부 ㅋㅋ
13056773,{:d_116:}
13056788,돌발상황
13056821,진짜
13057387,겜꼬라지 ㅋㅋ
13057696,이딴게 마1000큐라고 ?
13057736,게임 꼬라지 ㅋㅋㅋㅋㅋㅋ
13057771,ㅋㅋㅋㅋㅋㅋㅋㅋㅋㅋㅋㅋㅋㅋㅋㅋㅋㅋㅋㅋㅋㅋㅋㅋ
13057993,?
13058006,이야
13058060,와
13059159,진짜 없네
13059187,{:d_112:}{:d_112:}
13059521,ㅋㅋㅋㅋㅋㅋㅋㅋㅋㅋㅋㅋㅋ
13059522,ㅋㅋㅋㅋㅋㅋㅋㅋㅋㅋㅋㅋㅋ
13059746,요즘 저런거 밴잘될텐데
13060021,라인먹으러간거임?
13060233,미드 달려잇 ㅋㅋㅋㅋㅋㅋㅋㅋㅋㅋㅋㅋㅋㅋㅋㅋㅋㅋㅋㅋㅋ
13060646,참 좋다
13060857,제라스는무슨죄인가요 ㅋㅋㅋㅋㅋㅋㅋㅋㅋㅋㅋㅋ
13060949,????????
13062180,이판 픽이 왜이럼?
13062889,게임꼬라지 걍 레전드네
13063141,서폿돌발행동
13063224,ㅋㅋㅋㅋㅋㅋㅋ아
13063278,베인이 좋긴해 갈리오상대로
13063612,진짜 한결같노
13064814,진짜 대단하다 ㅋㅋ
13064920,이제 저러면 겜 조기종료 아님?
13065171,새콤달콤
13065313,ㅋㅋㅋㅋㅋㅋㅋㅋㅋㅋㅋㅋㅋㅋㅋㅋㅋㅋㅋㅋㅋㅋㅋㅋㅋㅋㅋㅋㅋㅋㅋㅋㅋㅋㅋㅋㅋㅋㅋㅋㅋㅋㅋㅋㅋㅋㅋㅋㅋㅋㅋㅋㅋㅋㅋㅋㅋㅋㅋㅋ
13065519,ㅋㅋㅋㅋㅋㅋㅋㅋㅋㅋㅋ
13066275,진짜 지가 더쓰레기행동하네
13066708,{:d_111:}{:d_111:}
13067127,제라스 날벼락ㅋㅋㅋㅋㅋㅋㅋㅋ
13067170,적당히 해야지 저건 뭐하는짓임
13067340,와 ㅋㅋ
13069119,ㅋㅋㅋㅋㅋㅋ레전드다
13069195,원딜 감수성
13069628,ㅋㅋㅋㅋㅋㅋㅋㅋ
13070129,ㅇㅇ;
13070479,제라스를 살려
13070855,꿀잼 {:d_44:}{:d_106:}{:d_44:}
13070927,ㅇㅇ;
13071072,아 개웃겨
13071095,돌앗네 걍
13071144,{:d_112:}
13071479,한판 한판이 레전드 ㅋㅋㅋㅋㅋㅋㅋㅋ
13071915,와 진짜 이게맞냐 ㅋㅋㅋㅋ
13072081,이게뭔일임
13073093,신튜렁
13073220,이게 요새 랭겜인가요
13073326,ㅋㅋㅋㅋㅋㅋㅋㅋㅋㅋㅋㅋㅋㅋㅋㅋㅋㅋㅋㅋㅋㅋㅋㅋㅋㅋ
13073595,여기 브론즈임?
13073660,제라스 이게 무슨 날벼락인가요
13074558,ㅈ노답이네
13074661,와 이젠 그냥 배째라네 ㄷㄷ
13075161,ㅋㅋㅋㅋㅋㅋㅋㅋㅋㅋㅋㅋㅋㅋㅋ
13075947,저건 게임무효처리되는거아닌가
13077444,병들엇네
13078112,저게 같은 한국인 ㅋㅋㅋ
13078727,ㅋㅋㅋㅋㅋㅋㅋㅋㅋ
13079292,신 튜 렁
13079906,제라스: 나는죄인입니다..
13081289,돌{:d_149:}발{:d_149:}행{:d_149:}동
13081524,캬 깨달았구나
13081801,재판관 장쥐환
13082920,ㅅㅂ 레전드겜 ㅋㅋ
13083687,육아게임
13083786,ㅋㅋㅋㅋㅋㅋㅋㅋㅋㅋㅋㅋㅋㅋㅋㅋ
13083881,보육원 on
13083971,어어
13084237,이게뭔 ㅋㅋㅋㅋ
13085495,이딴게 랭겜ㅋㅋㅋ
13085635,저게 중국인이야 한국인이야
13086216,한입만하고와
13087031,겜에 짐승밖에없네
13087884,진짜 정상인이 없구나 ㅋㅋ
13088766,원딜을 꼭해야할까?
13088884,보육원게임
13089520,제라스 이성적이네;
13089815,오랜만에 보는 육아게임이네
13091530,이딴게 상위 0.3프로 게임수준
13091629,{:d_108:}
13091676,중국인임?
13094198,정병 ㅈㄴ많네 진짜 ㅋ
13094508,1:1한정으로 맞긴한데
13095031,와 여기가 마스터야 다이아5야
13095616,서폿이 말을 하면 그 겜 못이김
13095782,게임속에 게임 설득하기
13095974,지도 j같은거 픽해놓고 미드베인한테 뭐라하네
13096226,제라스 타워에서 구경 중 ㅋㅋ
13096425,Chinese?
13096574,진짜 이게 마스터가 맞냐?
13097307,병들었구나 게임 ㅋㅋㅋㅋ
13098361,"후푸 선정 세계 4대 자르반. Ambition, Kanavi, Oner and Monsterrat"
13098705,{:d_91:}
13098945,탈리야를 하며.....
13099514,저정도로 막장으로 하면 ai 겜 취소 볼 수 있나?
13100824,야다
13100887,사이버 보육원게임
13101032,ㄱ고의트롤 신고하셈 점수 돌려줌
13101142,한국말 쓰는게 역겹다
13101570,정치장르겜이라생각하고 하면 설득력 키워봅시다
13102943,웨~미없노
13104387,테러리스트와 협상은 없다
13104512,저게 정상인데 {:d_106:}{:d_44:}
13104783,ㅋㅋ
13105150,마스터 수준
13106563,전적 줴줴이야 ㅋㅋㅋㅋㅋㅋㅋ
13106609,바텀은 채팅 안치는 애들이 잘해
13106761,존심상해서 이제 못내려감 ㅋㅋㅋ
13106830,베인 뭐 하지도 않았는데 ㅋㅋㅋ
13107490,탈리야 픽해놓고 미드가 AP하면  갈리오를 누가잡는다고
13107849,제라스는 무슨죄인가
13109551,{:d_52:}
13110088,캬
13110376,?
13111467,지도 딜서폿 골라놓고 남의 비주류픽엔 엄격하네
13111495,마지막은 뭐야
13111941,ㅋㅋㅋㅋㅋ
13112395,?
13112634,대 찬 밥
13112675,ㅋㅋㅋㅋㅋㅋㅋㅋㅋㅋㅋㅋ
13113058,신튜렁의 게임 안락사
13113139,W원래 안찍나
13113246,우리 찬호도 미드베인으로 갈리오 개팼었는데
13113854,저런 애들 어르고 달래서 게임해야되는게 ㅈ같음 ㅋㅋ
13114993,제라스 다이브~
13115068,ㅈㅉㅇㅇ:?
13115102,ㅋㅋㅋㅋㅋㅋㅋㅋ
13115307,진짜임?
13115379,캬
13116078,쥐이팍
13116748,진짜 토나오네
13117491,미연시 : 서폿 설득하기
13118867,공신력이 있네
13120662,라스 ㅈㄴ불쌍하네
13121692,쥐비션 렛츠고
13123334,와
13124039,와
13124202,라꼬숟에 미드베인 제라스 탈리야 봇듀 ㄹㅈㄷㄹㅈㄷ
13125021,일단 라인전 스트레스가 없음
13125140,ㅇ홍
13125250,신라스
13125370,왓?
13125614,이야
13125933,오'
13125938,와
13126116,오늘도 시작돼는 육아겜
13126889,제라스 오열
13128651,제라스 최선을 다하는구나...
13130832,워ㅓ어오
13131183,재밌는건 이게 마스터 1000점 구간이라는거임 ㅋㅋ
13131480,최선을 다했다
13132428,제버지..
13134573,탈리야 뭐땜에 화난거임?
13136042,진짜 제라스는 무슨죄냐이거
13136679,저러면근데 퀘스트는 어캄?
13136687,열심히하는놈만 손해본다니까 진지하게
13138622,저 제라스는 그저 최선을 다할뿐
13138677,ㅈㄴ 눈물나네
13140605,?
13141277,애쉬 딸피보고 바로 내려가는거봐 역하네
13141369,그래
13143075,?
13143234,지도 탈리야 서폿같은거해놓고 베인첫판이라고 저러는게
13143961,탈리야야 정신차려
13145366,개웃기네
13145949,물쥐 점수에 미련이 없는것같아 ㅋㅋ
13146358,걍 정신문제있어서그럼
13147292,그래 걍 해라
13148194,탈리야 쿨찐이라그럼 ㅋㅋㅋ
13148576,그래
13151515,하면 잘 하는 녀석이 말이야
13152174,잘할수있어
13152247,상위권에 무슨 환상을 갖는지 모르겠는데 밥똥롤만 하는 애들임 ㅋㅋ
13152333,일단은 정상적으로해야지
13152472,제라스가 양념해놓은거 꿀꺽한거임 ㅇㅇ
13153272,엄
13153655,기회다
13154902,ㅋㅋㅋㅋㅋㅋ
13155863,음?
13156443,ㅋㅋㅋㅋㅋㅋㅋㅋㅋㅋㅋㅋㅋㅋㅋㅋㅋㅋㅋㅋㅋㅋ
13156549,컷 ㅋㅋ
13156783,?
13156792,...
13156998,솔킬 ㅈㅈ
13158309,걍 쿨찐은 무시하셈
13159011,ㅋㅋㅋㅋ
13159578,탈리야 미드하고싶었나
13159672,라인 경험치뻇겨서
13160699,베인 솔킬은
13161364,물쥐 오늘따라 이마에서 빛이 나눙
13161580,레벨밀려서 진거일듯
13161700,렙차나서 쩔수임
13162742,님들 지금 와서 그러는데 미드 베인이라서 화나서 그러는거임?
13162926,?
13163251,?
13163858,엥
13163883,엥
13164048,?
13164754,?
13164927,천천히하지
13164958,?
13165128,?
13165281,?
13165534,와
13165612,호러쇼
13165630,dja
13166083,?
13166089,엥
13166127,{:d_73:}
13166202,{:monsMonsT:}{:monsMonsT:}{:monsMonsT:}
13166376,???????
13166724,ㄱ-
13166998,????????
13167203,ㅜ머해 ㅋㅋ
13167216,?
13167426,와
13167464,암
13167652,"아니 너무 느낌이,,"
13168270,어어
13168624,q맞았으면 킬인데
13169134,천천히하지
13169319,ㅋㅋ
13169542,왜 eq를
13170002,?
13170188,ㅋㅋㅋㅋㅋㅋㅋㅋㅋㅋㅋㅋㅋㅋ
13170196,개 ㅄ
13170443,EQ플 아쉽네
13170574,??
13171380,탈리야가 경험치 다털어가서 베인 렙이 딸림 ㅋㅋ
13171798,천천히하지 느낌없네
13171820,ㅇ ㅏ....
13171959,eq플 이제안되나
13172422,어이없
13172641,?
13172742,{:d_126:}{:d_126:}{:d_126:}{:d_126:}{:d_126:}
13173377,다이브?
13173526,할거면 하고 말거면 말지 ㅋㅋㅋㅋ
13173757,라꼬숟
13173844,와....
13173935,ㄱㅡ
13174243,와 이거 무조건 잡은건데
13174403,먼저 하지 말지
13174909,;;
13175869,시야 잡고 쓰지
13179464,ㄲㅂ
13179991,우우엑
13180805,너무 급했다
13180892,집 안갔다
13180976,?
13182037,?
13182249,사망
13182455,?
13182850,와 진짜 뭐함?
13183914,음?
13184781,저거뭐냐?
13184989,ㅈㅈ
13185051,언제 왔어
13185566,?
13186315,죽엇죠
13186665,잘가용
13186968,갔네
13186985,이걸매복해?
13187063,와
13187831,줴줴이야
13188263,줴줴이야
13189116,ㅈㅈ
13189383,ㅈㅈ
13189647,와 정글
13189672,까꿍~
13190462,ㅈㅉㅇㅇ?
13190523,ㅈㄱㅊㅇ
13190641,무슨 노틸이여기 ㅋㅋㅋㅋㅋㅋㅋㅋㅋㅋ
13191091,ㅈㅈ
13191130,노틸이 왜 여깄어
13191488,자르반 ㅈㅈㅈㅈㅈㅈㅈㅈㅈㅈㅈㅈㅈㅈ
13191805,푸하하
13192259,쥐쥐
13192878,재앙이네
13193041,??
13194341,ㅈㅈ
13195250,{:d_126:}{:d_126:}{:d_126:}{:d_126:}
13195402,ㅈㅈ
13195450,정글 개망했네
13195507,ㅈㅈ
13195731,ㅈㄱㅊㅇ
13196596,줴줴이야
13196779,ㅈ댔네 개망함
13196863,캬
13197072,15
13197456,ㅋㅋㅋㅋ
13197493,ㅋㅋㅋㅋㅋㅋㅋ
13197699,삶을 마감하기 좋은날이군
13198560,이건조금아쉽다
13198614,ㅋㅋㅋ 어차피 갈판이네
13198704,15gg
13199261,15
13199309,줴줴이야
13199547,튜렁의 50%에 거부한다
13199716,진짜 막하는구나..
13199773,gg
13199939,ㅋㅋㅋㅋㅋㅋㅋㅋㅋㅋㅋ
13199983,진짜 개망함
13200639,오케이 다음판갈게요
13200920,ㅋㅋㅋㅋ오케이ㅡ서렌
13201041,깔 ㅡㅡㅡㅡ 끔
13201062,ㅋㅋㅋㅋ
13201261,라꼬숟은 이래서 라고하면 안되겟죠
13201285,똥나오네
13201382,15  드가자~~~~~
13201641,오케 ㅈㅈ
13201956,탈리아 다시 미드 가
13203598,ㅋㅋㅋㅋㅋㅋㅋ
13203778,ㅋㅋㅋㅋㅋㅋㅋㅋ
13204466,50퍼 해줘라
13204972,신튜렁 ㅋㅋ
13205072,ㄹㅇㅋㅋ
13206481,라꼬숟
13206539,50퍼 맞춰달라고
13207521,그건
13207733,와 탈리야
13207880,ㅋㅋ 자르반 초반에터지면 힘들긴해..
13207979,신튜렁ㅋㅋㅋㅋ
13208294,ㅋㅋㅋㅋㅋㅋㅋㅋㅋㅋㅋ
13209586,40퍼 맞춰준다고 하네요
13209821,겁나못하네
13211531,니가더못함
13211536,조합을 맞춰야 50퍼를 맞춰주지
13211792,승률 50퍼 맞춰준다면서 매튜렁련아
13212533,다해주마
13212653,신 튜 렁
13212923,물쥐 진짜 롤 초월했구나 ㅋㅋ
13213568,'그에게 지옥을 보여주세요'
13214077,롤이 옵치보다 빨리 끝나나요?
13216264,내일 60퍼 맞춰준데
13217141,서렌시간 10분으로 줄여줘라
13220913,베인충 박멸
13221553,이제 2연승 시켜준다고 ㅋㅋ
13222987,탈리야가올았다 물쥐야
13225364,뭔재미로 게임하는걸까
13227516,ㅋㅋㅋㅋ
13231962,갈리오 솔킬 베인
13232089,10분서렌 만들자
13236364,13년 롤인생 드디어 깨달음을 얻은 물쥐
13237045,{:d_59:}{:d_152:}
13237174,이번시즌은 그냥 롤하지말죠
13239075,게임 레전드로 어지럽네 ㅋㅋㅋㅋ
13240542,탈리야 제일 정상임
13242109,10분도 길다 5분서렌
13243909,5분서렌버튼 만들어야함 진지하게
13246780,탈리야 용방믿고 저러나
13247069,이번시즌 롤은 병들었구나 ㅠ
13249720,10분서렌 필요
13250974,그렇다고 탈리야 옹호할순없지
13251633,부끄
13252969,탈리야가 정상은 아니지 ㅋㅋ
13254410,매 판이 그냥 개 토나오네
13257632,탈리야가 머가 정상임
13257780,그냥 1분서렌 ㄱㄱ
13258721,탈리야 다시 바텀 가
13260830,ㄹㅇㅋㅋ
13261574,헉
13261758,ㄹㅇ
13262771,5분 서렌 - 점수 차감 50% 에바?
13263352,탑 솔킬땄나
13264884,크아아악
13266488,{:monsMonsYada:}
13266555,메튜렁 사고 안나나
13266879,신 튜 렁
13266937,걍 게임 맛갔음
13267339,ㄹㅇㅋㅋ
13267340,기초수급이 이렇게 위험한거야
13267377,협곡의 안락사
13267607,재어게인
13267714,대
13269004,매튜렁 끌어내려야함
13269018,신튜렁
13269812,자기가 1렙떄 미드가고 미드망쳤는데 ㅋㅋ
13270158,튜루미나티 ㄷㄷㄷㄷㄷㄷㄷㄷㄷㄷㄷㄷㄷ
13271082,저런 애들만 남고 정상인은 접는 거임
13272143,신 튜 렁
13272224,롤은 보는 게임이었는데 이젠 보는것도 좀 어지럽네
13273328,긴급패치~
13273668,사퇴하면 다음사람은 정상이야?
13275345,대 재
13275394,다들 정병이
13275690,롤 진짜 망했는데 마스터가 이정도로 점수에 욕심이 없다고 밥똥롤해야 가는 티언데
13276639,에쉬 계속 어딘지 아는 거 같네 꼭
13277860,증바람 발사대임 그냥
13278025,일루미나티의 음모가 있네요....
13278521,물론베인 못한다만 저게 정상은 아니지
13280339,롤 라이브 오랜만에 보는데 여전하네
13280384,그립습니다 재그
13281693,제라스 불쌍하다
13282215,접는거말고 뭘할수있는데
13285329,롤 클래식이나 나와라
13287474,못하면 떨어지고 잘하면 내려가야하는데 예전처럼 ㅇㅇ
13289114,선장이 잘못되니까 배가산으로가지
13290405,이래도 롤을 안접어?
13290759,아 제발 메튜렁 평생 했으면 좋겠다 제발
13292954,탈리야 뭐에 화난 거야
13292992,너 못접잖아 {:d_44:}
13296492,탈리야 없냐?
13296686,롤좃망겜소리 ㄹㅇ 10년쨰
13300909,신튜렁 종신
13305397,롤 접은지 3년인데 똑같네 ㅋㅋ
13306217,탈리야가 베인보다 잘하는데 ?
13308499,메랜같이 롤도 나오면 하긴할듯ㅋㅋ
13311189,흠
13312670,상대도 애지간한데
13313140,근데 롤 정상화 돼도 롤 안하는건 같은데 ㅋㅋ
13317644,요네 5렙이라 한든ㄷㅅ
13320849,roakt
13321881,개맛도리
13322410,어시 야미네
13323693,야미
13324450,무서운점은 꼴픽한 베인도 던지는 탈리야도 묵묵하게 게임하는 제라스도 다 똑같은 승률50%다
13324506,공속 어시 ㅋㅋ
13324589,어시날먹
13324733,어시야미
13325384,깃발어시 ㅋㅋ
13327660,단묵이형
13327967,야미
13329599,어시의 신 자르반
13329647,도란의 투구 개사기네 ㄹㅇ;
13330427,깃발 꽂았도르
13331769,역시 킹튜렁 ㅋㅋㅋㅋ
13332266,산테야 계속 저항할려는거냐
13335536,{:d_44:}{:d_44:}
13336883,헉
13337111,ㄱ-
13339106,?
13339180,헉
13339985,점마는 머하노
13340128,노틸이 드럽게 못하는데?
13341114,제라스가 잘 받아준다
13341133,ㅈㅉㅇㅇ???
13341499,그만
13341784,제라스가 물귀신해주긴하네
13343002,신 튜 렁
13345088,노틸도 정상이 아닌데?
13345204,노틸 점마는 ㅋㅋㅋ
13345278,제라스는 레벨 중요한 챔프라 손해
13346452,아싸라콜럼비아아줴줴이야
13348410,매끼아아악
13348919,포브스 선정 어시 가장 잘먹는 정글챔 1위
13354325,이게임이 왜 7대7임
13355993,제라스의 외로운 싸움
13357193,솔직히 할만해보임
13358036,2:1당하는거치고  제라스 잘해주는중
13358170,제라스 어차피 솔라인 먹어서 레벨은 어차피 많이오름
13362830,탈리야 저래도 300이라는거 ㅋㅋ
13365563,애쉬 매 상태가
13366986,?
13367859,> ㅋㅋ
13368659,계속 주워먹음
13369106,? ㅋㅋ
13369253,애쉬 매가 계속 날아오내
13369719,ㅋㅋㅋㅋㅋㅋㅋㅋㅋㅋㅋ
13370141,레지스탕스들 미쳤네 미쳤어
13370167,ㄱ-
13370459,ㅋㅋㅋㅋㅋㅋ
13372477,킹튜렁 매치 ㅅㅅㅅㅅㅅㅅ
13372608,무죄
13372615,ㅋㅋㅋㅋㅋㅋㅋㅋㅋㅋㅋ
13372637,ㅋㅋㅋㅋㅋㅋㅋㅋㅋㅋㅋㅋㅋㅋㅋ
13372714,그건 아님
13372879,킬 4개먹고 한번도 안죽어서그래 형
13373224,킬주워먹음
13373953,탈리야는 도타처럼 겜 하는중
13374993,이게 맞나? 게임이 정상이아니다
13376777,베인은 원래 10ㅅ...
13377941,탈버지 이제야 깨달아요
13378352,못하는게 더 큰 잘못임'
13379125,ㄱ- 이게 뭐임 근데
13380053,5할 사수는 이거이거
13384473,와
13384620,음?
13384987,?
13385335,음?
13386536,판정 졌네
13386786,<<<'
13386963,?
13386987,?
13387137,?
13387165,라꼬숟
13387508,{:d_126:}{:d_126:}
13387567,ㅋㅋㅋㅋㅋㅋㅋㅋㅋㅋㅋㅋㅋㅋㅋㅋ
13387951,?
13388271,엥?
13388927,<<<<<<<
13389203,?
13389834,?
13390084,야다....
13390399,와
13391302,?
13391510,자르반 당선
13391566,저거 판정구려서 ㅋㅋ
13391585,?
13392397,탈리야
13392592,베인은 구경만 하네
13392912,엥?
13393394,탈리야 잘하냐 ㅋㅋ
13393498,너가 씹새낀데 이제
13394320,라꼬숟은 재앙이다
13394401,ㅆ새는 자르반ㅇ인데?
13395459,범인 검거
13395596,탈리야 캐리 가냐
13397002,오
13397050,Q잘못찌른듯
13397725,어어
13398203,탈랴 개잘하는데?
13398522,어?
13399801,이거 비비나요
13401762,바텀해줘
13401999,뭔가대신희생하는 그림나왔네
13403328,이러면 자르반이 ㅆ새가 되는거아님?
13403338,이걸 어캐비비나요
13403348,라꼬숟 미드베인 신튜렁
13403684,탈리야 잘하긴 하네
13405000,노틸 q로 끌려서 깃발에 q안맞음
13405775,탈리야 맛잇는데?
13405913,탈리야 캐리중 ㅋㅋㅋ
13406534,???
13406949,그냥 봇은 잘하는데?
13407529,ㄴㄴ 다 어시임
13408060,왜 이김?
13408122,어캐하노 ㅅㅂ
13408469,ㅇㅇ 좀늦게
13408513,???
13409546,뭐야 ㅋㅋ
13409624,판정 신기하네
13409629,진짜할만해지는데
13409702,왜 이득보노
13409907,ㅇㅇ
13411065,왜 이길거 같냐
13411327,ㅇㅇ
13411541,왜이김?
13412171,탈리야 할만큼 하는데?
13412245,자르반 판정 좋은데 이게 이리되네
13413143,50퍼 두가자
13413336,ㅇㅇ 맞은후에
13413605,맞고
13414234,좀늦게해야함
13415046,ㅇㅇ 마지막 판정이 이김
13415565,역시 신튜렁 50% 맞춰주네
13415569,맞고 시전되야함
13415609,ㅇㅇ
13415856,트타점프처럼
13416139,뭐지 왜이김
13416216,이거 왜 이기는거냐?
13416430,트타같이하면됨
13416810,아다리맞게써야돼
13417167,튜렁의 가호
13417263,자르반 이큐 판정이 ㅈ구리긴 함
13417924,한박자 늦어야함
13419849,탈버지 혼자 멱살캐리중이신데
13419967,50퍼 드가자 ㅋㅋㅋㅋㅋㅋㅋ
13420108,트타임 걍
13421433,또 메이킹을 해내는구나 괴물쥐
13422362,그냥 eq 실패한거아님?
13422712,자르반 eq 판정좋아서 앵간해선 이길텐데
13423406,무조건 맞고 이동
13423734,트타처럼
13425383,트타w라 생각해
13425578,자르반 이큐판정이 구리다니 개사기야
13426057,뭐지? 이게 매튜렁식 50퍼의 가호임?
13426256,자르반 판정 ㄹㅇ ㅈ구림
13427539,진짜 50퍼의법칙인가
13428216,옛날챔이 판정을 어캐이김
13428246,게임 메이커
13428340,탈리야는 베인에게 벌을 주는게 아니다. 베인에게 아무 말도 하지 않는 팀원들에게 벌을 주는 것이다.
13428548,이거이기면 ㄹㅇ 메튜렁의 매칭주작이존재한다
13428839,라꼬숟 이슈긴 함
13428856,튜렁이햄 50퍼해주는구나
13429270,원딜이 바뀌니 바텀이 이긴다 {:d_76:}
13429554,요네 3타에도 둘이 붙으면 자르반이 판정짐
13430122,ㅇㅇ 이즈 비전 그랩느낌
13432535,신튜렁의 건드림
13432914,{:d_142:}{:d_52:}
13434844,깃에 창이 안맞은거 같은데?
13436419,노틸 q맞고 q써서 깃발에 q안맞은거임 몸이 뒤로밀려서
13441401,와
13441514,캬
13443936,한입
13444363,크게한입
13444670,캬
13444893,엥..
13445666,와 산테 지리네
13446075,킬딸 ㅅㅂ
13446305,단묵이횽이야
13447243,야미
13447449,솔킬인데..
13449237,크산테형 묵묵하게잘해주네
13449266,산테횽이야
13450122,ㅇ어ㅓ어어어엉엉 야미
13450630,왜 진짜 이김?
13450778,진짜 정글 캐리다
13450928,이기겠는데?
13451170,신튜렁의 50% 맞추기 ㅋㅋㅋ
13452003,이건 진짜 야민데
13453004,메튜렁은 50퍼로 잡아준 거 같은데? 이길만하다
13453902,복구
13454469,킹튜렁의 매치엔진 ㅋㅋㅋㅋㅋㅋㅋㅋㅋㅋ
13455361,감정적이라
13455452,ㄹㅇㅋㅋ
13456648,ㅋㅋㅋㅋㅋ
13458227,자기 정글이랑 기싸움이지
13459773,맞긴해
13461300,아캅스 정신
13461373,어케알았냐
13461556,아캅스러운행동
13461675,베인빼고 다 잘하는게 ㄹㅈㄷ네 ㅋㅋ
13462919,내가 해야한다 ㅋㅋ
13462931,ㄹㅇㅋㅋ
13463276,{:d_91:}
13463363,근데 해야 한다는 거임
13463872,팍네
13464258,팤들짝
13464736,{:d_127:}{:d_127:}{:d_127:}{:d_127:}
13465875,아캅스정신
13466088,ㅋㅋㅋㅋㅋㅋㅋㅋㅋㅋㅋㅋㅋㅋㅋ
13466395,자위
13466522,들켰노
13466601,자기정글이랑 기싸움 하기도해
13466613,ㄹㅇ 지가 영향력 개 ㅈ되는줄 알음 ㅋㅋㅋㅋㅋ
13466700,자기위안형라인
13466815,오..
13466855,?
13466962,아캅스정신
13467390,ㅋㅋㅋㅋ
13467968,아캅스 정신
13468054,자위요?
13468074,파카
13468315,자위자위
13469030,자웨
13469348,ㅋㅋㅋㅋ
13469519,파카 저격 ㅋㅋ
13469550,뭘해?
13470257,ㅋㅋㅋㅋㅋㅋㅋㅋㅋㅋㅋ
13470654,마스터베이팅
13470706,팤들짝
13470731,딸치기
13470796,자위
13471062,ㅋㅋㅋㅋㅋㅋㅋㅋㅋㅋㅋ
13471101,듣고있던 파카
13471451,아캅스 정신
13472051,{:d_108:}{:d_108:}{:d_108:}
13472283,<<<<<<<<
13472675,팤잘알
13473258,기습 자위를..
13473325,위자는 안하는데요
13473474,누구 저격인가요
13473918,파카 지금 있나?ㅋㅋ
13474218,파카임 {:d_44:}{:d_106:}{:d_44:}
13474618,방손인 저격 뭐지요
13475231,<<<<<<
13476340,자{:d_149:}위
13476887,해야지
13478186,누구 돌리는건가요
13478282,<<<<
13480158,파캌ㅋㅋㅋㅋㅋㅋ
13480271,파카 :?
13480337,'탑이 희생했다'
13480426,우리 정글 언제까지 안오나보자 << 이게 기본 탑재 돼 있음
13481733,물쥐탑감수성설명
13481876,탑유저로써 불편하네요
13481939,개카
13482097,왜 저격을...
13483173,보고있어 파카님?
13483362,ㄹㅇ
13483696,흠 이거 누구 저격같네
13484941,그래서 탑갱을 갈필요가 없음 ㅋㅋㅋ
13488921,파카 얘가 진짜
13491332,심하긴하네
13492065,걍 베인이 벌렌데 ?
13492211,우리는 그걸 5글자로 줄여서 부르기로 햇죠 ㅇㅇ
13493118,베인 흠
13495133,베인은 누가 샀냐?
13495629,?
13496788,???
13498189,ㅋㅋㅋㅋㅋㅋㅋㅋㅋㅋㅋㅋㅋ
13499589,이럴 때는 eq 하지
13500034,탈리야 말이 정배긴했네
13503159,탈리야가 똥싸질르고가서 이미 기울어진듯 미드는 시작부터 ㅋㅋㅋ
13508853,숙련도 이슈는 쩔수긴 함
13511511,기갱
13511970,요네ㅋㅋㅋㅋㅋㅋㅋㅋㅋㅋㅋㅋ
13513602,솔직히 탈리야보다 베인이 더 비호임 ㅋㅋ
13519396,으디가니~
13519907,이큐 진짜 아쉽긴 하네
13522711,어?
13524069,?
13524268,음?
13524462,음?
13524853,음?
13526053,엥?
13526568,?
13526731,와
13527151,깃발을 창으로 도망가지
13527435,엄르반
13528080,어디가니~
13528266,어디가니~
13528375,어디가니~
13529192,너무 아쉬운데
13529241,엄르반
13529368,와...
13529536,어디가니~
13530282,ㅋㅋㅋㅋㅋㅋㅋ
13530522,플쓰고 궁맞기
13531006,시체위치 변경술
13531039,단단묵직
13532037,이게살아?
13532104,""" 어디 가니~ ? """
13532195,어디가니~
13532338,음?
13532632,탑을 망치기
13533160,쥐르반ㅋㅋ
13535244,"아니 플들고 ,,, ;;;;"
13535447,어어
13535679,어어
13536048,엥
13536088,ㅋㅋㅋㅋㅋㅋㅋㅋㅋ
13536430,음
13539002,어?
13540618,오
13540717,오오
13540733,오??/
13541321,캬
13541376,와
13541395,와
13541418,와
13541515,와
13541579,ㅁㅊ
13541803,?????
13541827,????????????????
13541832,와
13541849,캬
13541914,???????
13541994,와
13542104,?
13542180,???????????????????
13542298,와
13542300,왓?
13542375,캬 ㅋㅋㅋㅋ
13542401,와
13542403,왓?
13542461,어?
13542461,미친새끼
13542485,왓
13542525,와
13542608,와
13542657,신샨테
13542750,?
13542845,왓
13543027,??
13543047,왓
13543174,와
13543238,미첫다
13543280,wtf?
13543314,미친
13543325,단단묵직
13543383,?????????????????????
13543455,ㅋㅋㅋㅋㅋㅋㅋㅋㅋㅋㅋㅋㅋㅋㅋㅋㅋㅋㅋㅋㅋㅋㅋㅋㅋㅋㅋㅋㅋㅋㅋㅋㅋㅋ
13543527,?????
13543535,왓?
13543573,와미친
13543612,와 ㅋㅋㅋㅋㅋㅋㅋ
13543673,ㄷㄷ
13543710,와 ㅁㅊ
13543761,와 ㅋㅋ
13543862,씨발
13543953,오
13544033,대기인
13544054,단묵이형이야
13544107,ㅈ고수다 ㅋㅋㅋ
13544108,ㅋㅋㅋㅋㅋㅋㅋㅋㅋㅋ
13544153,왓?
13544181,와
13544186,와
13544261,와
13544378,ㄷㄷㄷㄷㄷㄷㄷㄷㄷㄷㄷㄷㄷㄷㄷㄷㄷ
13544397,?
13544643,ㅋㅋㅋㅋㅋㅋㅋㅋ
13544730,단단묵직 ㄷㄷ
13544768,장군님
13544769,와 ㅋㅋㅋㅋㅋㅋㅋㅋㅋㅋㅋㅋㅋㅋㅋㅋㅋㅋㅋㅋㅋㅋㅋㅋㅋㅋㅋㅋㅋㅋ
13544784,와
13544790,와 ㅋㅋ
13544813,단 단 묵 직
13544903,그 긴 거
13544908,왓
13544957,와
13545110,크샨테 진짜 슈퍼맨이네
13545216,왓?
13545217,대황테
13545246,w잘썼네
13545291,와
13545319,ㅁㅊ
13545325,ㅈㄴ잘하네
13545345,와
13545461,와 ㅁㅊ;;
13545617,단단묵직
13545638,왓
13545684,산테횽이야
13545742,기인임?
13545752,미친 챔피언 시발
13545895,단단묵직
13545982,오
13546320,시발
13546402,단 단 묵 직
13546629,????????
13546811,왜 욕을..
13546816,저게 챔프가
13546910,?????????????????????ㅇ?
13546911,단단묵직
13546912,기인임?
13547302,와 ㅋㅋㅋㅋㅋㅋㅋㅋㅋ
13547387,와우
13547533,진ㅉ ㅏ미친놈이네
13547672,기인임????
13547821,저개사기챔ㅋㅋㅋㅋㅋㅋㅋㅋㅋ
13547949,장군의라인
13548672,이걸 역으로 딴다고?
13548731,왜욕을
13548746,넌 올라가라
13548800,????????????????????
13548836,미친새끼아니냐 ㄱ저거
13548976,와....
13549284,크산테 너프좀;;
13549358,개지렸네
13549480,와 ㅋㅋㅋㅋㅋㅋㅋㅋㅋㅋ
13549789,장군님
13549841,넌 올라가라
13549896,슈퍼스타네 그냥 ㅋㅋㅋㅋ
13550144,좆고수
13550292,단단묵직.
13550373,어ㅣ
13550491,개쩔었다 ㅋㅋㅋㅋ
13550529,단단묵직
13550545,예측Q였던거 같은데..
13550856,진짜 기인급임
13550869,단단묵직
13550921,난놈이네 ㅋㅋㅋㅋㅋㅋㅋㅋㅋㅋㅋㅋㅋ
13551204,단묵이급
13551413,캬
13551449,레전드다
13551483,탑 랜뽑 고트
13552052,단묵이급
13552342,기인급 ㅇㅈ
13552681,싼테
13552734,기인임?
13552875,단단묵직급이었다
13552920,와 ㄷㄷ
13552944,w개잘썻네
13553175,단단묵직~~
13553635,왜 욕을…
13554084,기산테 ㄷㄷ
13554092,넌올라가라 ㅋㅋㅋㅋㅋㅋㅋㅋㅋㅋ
13554247,{:d_45:}{:d_45:}{:d_45:}{:d_45:}
13554441,챔프 ㅈㄴ역겹다
13554780,크산테 ㅆ고수
13554978,단묵급
13555162,야다
13555314,군인급 ㅋㅋ
13555681,자르반 똥을 이렇게 치우네
13555923,진짜 개미친챔이네
13556072,엄
13556128,개지렷다;
13556152,{:monsShout:}{:monsShout:}{:monsShout:}{:monsShout:}{:monsShout:}
13556739,제도기파
13556893,기산테~
13556951,베인아 너만잘하면더ㅣㄴ다고
13557538,와 근데 진짜 지린다
13557748,개잘하네
13557748,엄
13557866,뿌직
13558251,ㅋㅋㅋㅋㅋㅋㅋ
13558316,베인은
13558416,극찬을
13558449,?
13558510,단 단 묵 직
13558718,엄
13559202,어휴
13559213,엄
13559396,엄
13559486,거 석 펀 치
13559538,대상혁
13559559,지리긴 했다
13559817,와
13559956,음
13560005,베인 ㄱ-
13560121,신 산 테
13560167,크샨테 pom선정
13560208,이베인은...
13560387,저건 진짜 뭐냐...
13560448,엥
13560491,베인은 뭐하냐 ㅋㅋ
13560763,베인은 브론즈급....
13560966,ㅋㅋㅋㅋㅋㅋㅋㅋㅋㅋㅋㅋㅋㅋ
13561101,저건 누구급베인이에요?
13561142,괴물쥐급 베인
13561363,베인이 범인이네
13562348,미드에서도 쵸비 챌린지를
13562377,{:d_126:}
13563364,ㄱ-
13563598,쓰레기급베인
13563674,크산테보고 베인보니까 눈 썩을거같네
13563796,파카급 베인
13563856,ㅄ
13564107,괴물쥐급 베인이네요
13564467,베인은 흠
13564637,탈리야가 맞았네
13564782,찬물을 싹
13565456,랄로급 배인
13565945,단묵이급 산테ㄷㄷ
13565971,저건 누구급인가요
13566157,어케 베인으로 갈리오한테...
13566278,군대 탑
13566404,진짜 씹사기챔이다 ㅋㅋ
13566405,탈리야 보는눈이 정확하네 ㅋㅋ
13566495,괴물쥐급 베인은 나가라
13567376,괴물쥐급
13567730,그러게
13568655,범인이 2명이네
13569611,갈리오한테 솔킬따이면
13569977,ㄹㅇㅋㅋ
13570294,탈리야는 옳은말했음 ㅇㅇ
13570432,탈리야가 롤잘알이었네
13571750,ㄹㅇ
13571777,탈리야는 미래를 봤구나
13572279,괴물쥐급 베인 ㄷㄷㄷㄷㄷㄷㄷ
13572662,ㄹㅇㅋㅋ
13572854,{:d_79:}
13573553,미래는 보네
13573710,ㅋㅋㅋㅋ
13576240,ㅋㅋ
13576714,롤잘알탈리야 ㅋㅋ
13577078,갈리오한테 솔킬따이는 베인 ㅋㅋㅋ
13577209,선지자는 외로운법
13577489,탈리야 급부상
13578060,미드베인 권위자 랄ㄹ....
13578926,옳은 말
13579021,통찰력 뭐지요 ㅋㅋ
13579181,탈리아야 내가 사람을 오해했다
13580684,걍 미드탈리야 하는게 ㅇㅇ
13580696,딱보면 사이즈나오지
13580803,경험치 밀려서 그런거 아닐까요 초반에
13581845,미래를 멀리도 봤네
13582018,유일한 정상픽 “산테”
13582142,탈리야는 증명했다는거임
13583159,cs압수
13583581,ㅋㅋㅋㅋㅋㅋㅋㅋㅋㅋㅋㅋㅋㅋㅋㅋㅋㅋㅋㅋㅋㅋㅋ
13584054,이게맞아
13584396,쥐환아 요즘 자르반 체급 개구리지않냐
13584709,ㅋㅋㅋ
13585207,선지자는 고독한법
13586668,삭삭긁어먹기
13587042,저게 맞아
13588015,차라리 탈리야가 cs먹는게 맞다
13588592,탈리야 맞는 판단이긴해 저게
13589529,베인 선신발 가야 할만할텐데
13594846,탈리야가 잘하는데?
13594861,원래 범인은 일반인이 못알아보는거야
13595089,왜 같은팀을 참교육을…
13598667,탈리야 잘하네 ㅋㅋㅋ
13600555,탈리아가 정상이었네
13602565,어디가니~
13603211,어디가늬
13604043,전 솔킬에 플 뺐다고 해놓고 ㅋㅋㅋㅋㅋ 플도 안 빼고 죽었었네 베인 ㅋㅋ
13605555,{:d_112:}
13606654,무죄 땅땅
13607894,탈리야가 맞았다고?
13608347,바텀 걍 잘하는데
13612315,망한 라인 버리는 게 맞는데
13612581,버스타는 정글러
13614739,ㄴㄴ 베인 버려는게 맞음
13614903,사실 탈리야는 아직 메튜렁한테 꺾이지않았던거임 게임을 이기기 위한 선택을 한거야
13615425,베인은 볼때마다 쫒기고있노 ㅋㅋ
13616654,이 조합으로 기어코 50%를 만드려하네
13618298,물쥐님 저거 가주는건 좀
13619640,어차피 망햇는데 냅두죠?
13621277,메튜렁 이새끼 개소름돋네 이런판을 이긴다고
13625151,탈리야  다른라인에는 킬양보 해주는거 웃기네 ㅋㅋ
13627344,저딴 베인도 마스터 인거임??  아디 산건가 아니면 대리인건가
13632363,엉만튀 탈리야
13635269,탈리야 잘하는데?
13636516,탈리야 좋은데
13636702,저 마나로 알뜰하게도 쏘다니네
13639991,얌2
13641248,베인 냄새난다
13643309,시선분산 까지 지린다
13643585,11분 162 미드베인
13645621,ㅋㅋㅋㅋㅋㅋㅋㅋㅋㅋ
13645936,와
13646005,?
13646603,와 ㅋㅋㅋ
13646722,진짜
13647300,ㅋㅋㅋㅋㅋㅋㅋㅋㅋㅋㅋㅋㅋㅋㅋㅋㅋㅋㅋㅋㅋㅋㅋ
13647376,배안 ㅅ ㅋㅋ
13647753,와 베인은 계정 샀냐?
13647953,베인은 썩은내 나네
13648057,{:d_44:}{:d_44:}{:d_44:}
13648288,그냥 평범한 베인 첫판이자녀
13648423,선고를
13648577,ㅋㅋㅋㅋㅋㅋㅋㅋㅋㅋㅋㅋㅋㅋㅋㅋㅋㅋㅋㅋㅋㅋㅋ
13649256,탈리야 재평가
13649279,베인은
13649387,ㅈㅉㅇㅇ?
13649458,와 ㄹㅈㄷ;
13650255,저런 베인도 너네 티어에 가면
13650307,ㅋㅋㅋㅋㄲ
13651213,뭐냐대체
13651893,똥꾸릉내
13651996,라꼬폿인가
13652130,그냥 못하네..
13653587,베인은 그냥 못함
13654433,쟤는 학습능력이없는데
13654660,좀 심각한데
13656211,뭔 베인이 갈리오한테 하루종일 닦이냐
13657134,미드 베인하는 애가 잘하는애가 있겠냐고 ㅋㅋㅋ
13657197,첫판 이잖아
13657998,베인이 멍청하게 선신발을 안감
13658284,저런 베인도 골드 오면
13659305,선고를 뒤지게못쓰네
13660477,마스터가 잘하는 티어가 아닙니다..
13662096,베인 여잔가....
13662268,ㅈㅉㅇㅇ?
13664475,베인이랑 크산테가 같은큐인게 신기하네
13664687,갈리오도 cs ㄹㅈㄷ긴하네
13665264,베인은 형 계정으로 하는거같은데
13665741,잘하겠냐고 ㅋㅋ
13666007,베인으로 도발걸리고 에어본뜨는건 사람이 아닌데
13666576,극딜 갈리오한테 참교육 당하네
13667644,순수실력임 베인은
13668663,애초에 생도발을 저정도로 맞는거자체가 거리조절을 너무 못함
13669103,{:d_126:}
13669780,왜 첫판에 베인을 골라놓고 잘하지도 못하는거지
13671521,아니 진짜 요새 물쥐 영상 보면 골드티어 때 보는거 같애
13672218,이젠 맵에 젠 시간도 나오네
13672567,{:d_112:}{:d_112:}{:d_112:}
13678213,저런애들은 평소에 뭐해서 올리는거지
13681642,메튜렁의 매직은 베인이랑 크산테를 같은티어로 한다는거임
13682944,파카정신
13684139,선신발 갔는데 어떻게 저러지
13684976,요네 피똥눈물
13688469,단묵이횽 레벨보소
13689787,zzzz
13692154,물쥐님 저게 아캅스 정신이야
13692948,그럼 죽어야겠지?
13694126,역갱
13697175,{:d_112:}
13699421,신발 나오기전에 쳐따여서 신발 나와도 의미가 음슴
13701288,원래 자르반도 햇었음?
13705014,너 알잖아
13706226,다이브 각인데?
13707462,ㄴㄴ 탑은 안징징거림
13707475,협곡심리사 ㅋㅋ
13707722,있는거
13708042,베인은 또 주갼
13709478,차갑다
13710671,베인 뭐임?
13711003,비에고는 차갑다
13717264,?
13718663,ㅋㅋㅋㅋㅋㅋ어?
13718745,어어
13718972,어
13719792,요네 각성
13719793,아
13720308,어어어
13720391,이건아닌데
13720555,숙련도 이슈
13721012,엄
13721406,ㅋㅋㅋㅋㅋㅋㅋㅋㅋ
13723139,음?
13723906,??????
13724040,?
13724068,레전드 엄이네
13724086,??
13724106,?
13724117,?
13724126,?
13724163,?
13724171,?
13724361,와
13724730,??
13724753,엄
13724796,엄
13724868,?
13724884,?
13724927,와오아와와
13725116,뿌직
13725234,엄
13725291,뭐해
13725307,?
13725511,?
13725667,..?
13725691,?
13725823,재앙
13725992,엥?
13726029,{:d_126:}
13726220,?
13726341,자르반님?
13726473,?
13726542,진짜 뭐해
13726624,라꼬숟
13726625,엄
13726645,?
13726693,?
13726695,?
13726707,ㄱ/
13726825,ㅋㅋㅋㅋㅋㅋㅋㅋㅋㅋㅋㅋㅋㅋㅋㅋㅋㅋㅋㅋㅋㅋㅋㅋㅋㅋㅋㅋㅋㅋㅋㅋㅋㅋㅋㅋㅋㅋㅋㅋㅋㅋㅋㅋㅋㅋㅋㅋ
13726896,?
13726935,ㅎㅇ
13727179,궁을 왜
13727329,뭐지요?
13727567,ㅋㅋ
13727754,ㅋㅋ?
13727806,ㅎㅇ
13728048,?
13728117,엄르반
13728575,ㅋㅋ
13729071,진짜 뭐하는거죠?
13729163,여기 실버임?
13729230,자르반님?
13729278,흠
13729299,베인급
13729467,이건 진짜 뭐지요
13729473,뿌직
13729583,존나못하네
13729610,뿌직
13729952,뽀과강
13729967,쥐재앙
13730007,ㄱ-
13730032,레전드다이브 ㅋㅋㅋㅋㅋㅋㅋㅋㅋㅋㅋㅋㅋㅋㅋㅋㅋㅋㅋㅋㅋㅋㅋ
13730177,???
13730406,자르반님?
13730443,음..
13730507,엄
13730592,물쥐의 호러쇼갱
13730668,?
13730967,{:d_58:}{:d_58:}
13731252,{:d_126:}{:d_126:}{:d_126:}{:d_126:}{:d_126:}{:d_126:}
13731373,쥐 재 앙
13731514,님
13731556,ㅋ산테 오열중
13731600,뿌직
13731693,개망
13731706,ㅇㄷㅁ
13732001,WOW
13732056,{:d_126:}
13732150,하 또 탑가서 죽어줬네
13732251,??????
13732482,뿌직
13732782,ㅎㅇㅎㅇ
13733027,{:d_77:}
13733399,뿌직
13733414,??
13733484,산테가 오지말라고 하겟는데
13733672,뭐하세여
13733726,?
13733841,스킬 다 못마춰버리기
13733935,{:d_126:}{:d_126:}{:d_126:}
13734443,자르반이 진짜 못하긴 한다
13734693,아니 뭐해 ..?? 심한데 이건
13734753,범인은 바로....!!!!!
13734878,ㄱ-
13735546,쀼쀼직
13735555,뿌 직~
13735584,재앙 ㅋㅋㅋ
13735796,크산테 오열
13735834,뿌직
13736333,자르반 접어
13736448,야다..
13736524,요네 처음 봄?
13736627,조루반 찍
13737165,똥이네 진짜
13737310,뿌직...
13737700,이 뻔한걸...
13738438,크산테 이게 무슨 날벼락이죠
13738770,진짜 똥나오네
13739272,역겹다 라꼬숟
13739309,?
13739994,쥐재앙 ㅋㅋㅋ
13740030,이건 뿌직 풍덩인데
13740036,?
13740177,샨테는 자르반이 밉다
13740320,???
13740532,궁 뿌직
13740925,크산테 오열
13741048,?
13741142,????
13741174,물쥐님 나 화 많이났어
13741195,?
13741475,?
13741557,범인 2명이라니까
13741685,사람아니야 ㅠㅠ
13741730,?
13741959,?
13742216,ㅋㅋㅋㅋㅋ
13742459,?
13742597,서렌치면 그만이야~ ㅋㅋ
13742647,?
13742692,?
13742750,?
13742852,저 요네가 파카인줄 하니?
13743021,크산테도 좀 놀란듯
13743039,?????
13743762,쥐재앙
13743831,?
13744212,이런 정글이 탑을 망치는거임 ㅇㅇ
13744256,니가 더
13744359,자르반 베인. 그 둘은 문제아지만 최강 ㅋㅋㅋㅋㅋㅋㅋㅋㅋㅋㅋ
13744410,넵
13744486,찾았다 범인
13744969,그걸 어떻게
13745056,물르반
13745424,던지는게 일품이얌
13745643,크산테 갑자기 날벼락 맞앗네
13745645,이정도는 해프닝이야
13745675,스스로 가둬버리기~
13745716,단묵이가 좀 그렇긴했어
13746007,?? q스택준사람 <<
13746805,이걸 남탓을하네
13746975,ㅇㅈ만쳐
13747228,산테 W 아쉬웠지 ㅇㅇ
13747341,베인 욕할때가 아닌데요?
13747880,ㄱㅊ
13748079,주거
13748221,순수재앙 지환
13748548,<<< 럭키 베인
13748743,"탈리야 kda가 더 좋을듯,,,"
13749225,큐 쌓게해주는거 좋앗다
13749487,물쥐님 나 화 너무 나
13750005,방금 멘트는 진짜 좀 역겨운데요
13750124,역시 신튜렁
13750611,크산테 얼마나 이기고 싶은거냐 ㄷㄷ
13751092,논란일 자 니 탓 선언
13751434,괴물님 적당히 하세요
13751438,"재앙지원금,,,,"
13752056,크산테 진짜 ㅈㄴ불쌍하다
13754103,작년인가 그마때랑 지금이랑 게임수준차이 레전드긴 하네요..
13754361,1/8/2
13755550,{:d_231:}{:d_126:}{:d_231:}
13756024,베인8뎃{:d_106:}{:d_106:}{:d_106:}{:d_106:}
13757143,크산테: 그냥 오지말지
13759062,?
13759305,이런 정글이 겜을 맘치는거다
13759379,?
13759884,?
13760124,?
13760474,캬
13761120,?
13761707,단묵이형!!!!!!!!!
13762056,기인이다
13762293,?
13762721,?
13762888,ㅇㅈ?
13763299,기인인가여
13763563,캬..
13763809,캬
13764567,ㅋㅋㅋㅋㅋㅋ
13764630,캬(병신)
13766640,탑묵묵
13766879,크산테 : 아 뭐야 이새끼도 즐겜인가
13766984,캬
13767263,{:d_112:}
13767851,크...
13768596,제라스 탈리야의 마음을 이해하는중
13772420,제라스 빡침 ㅋㅋ
13775072,저런짓을해도 묵묵하네 산테형
13775182,이런정글이 탑을 망치는거임 ㄹㅇ
13775485,제라스 ㅋㅋㅋ
13775634,애랑 요네랑 다를게 뭐임
13776109,팩트)다
13776322,제라스 화났다 ㄷ
13778801,제라스 슬슬 오나보네
13779381,ㅋㅋㅋㅋㅋㅋㅋㅋㅋㅋㅋㅋ
13780624,ㅋㅋㅋㅋ
13781039,팩트
13781079,즐겜 맞잖아
13781127,그마도 몇 판 하다 마스터로 떨어지지 않았나
13782336,상대미드가 갈리오라 고점약해서 다행인듯
13783052,즐겜맞음
13783323,?
13784620,ㅇ?
13785890,ㅇㅈ
13785960,제라스야 자르반한테도 뭐라해줘
13786159,?
13786191,대형똥
13786488,알았다
13787113,제라스 머리 개뜨거워졌나보네
13789291,크산테 : 간절한 사람만 바보돼
13789623,베인 ㅅㅂ
13791501,뭘...해줫죠
13791835,ㄱ-
13793451,대 베 인
13794025,베인보단 낫다 ㅇㅈ
13794588,베인은 대체 몇번을 실수하냐 ㅋㅋ
13795234,{:d_126:}
13798033,베인 진짜 ㅋㅋㅋ
13798247,가릴오 개쌤
13798436,산테처럼 롤하면 바보됨
13801676,베인 이 정도면 정지아님?
13802057,내짜장
13802344,같이 미드 라인털죠
13804832,베인 시체 ㅋㅋㅋ
13807588,내정글 ㅠㅠ
13808633,다털려
13811483,베인은 사실상 없는거라 4대5 중 ㅋㅋㅋ
13811964,알면서..
13813892,사랐다
13819910,니 짜장면 다 뺏긴다 물쥐야
13821349,아는데 들어갈수밖에없음 ㄹㅇ
13822522,코발려나ㅋㅋ
13824890,베인은 근데 진짜 그...
13826261,산테야 와줬구나
13827637,산테횽이야
13830053,씌발련아(아무것도 못하며)
13830924,?
13831046,음?
13833876,으악 냄새
13834429,저게 장군님이지
13835494,개똥이다 진짜
13835511,해줘
13835564,샅네햄 해줘
13836174,해줘ㅋㅋㅋㅋㅋㅋㅋ
13836273,진짜 eq 씹
13836509,궁 ㄱ
13837210,해줘!!
13837595,이야
13837668,방관 자르반 ㄷㄷ
13839636,탈리야 보소
13840720,와
13840981,ㅋㅋㅋㅋㅋㅋㅋㅋ
13841166,이게 저입에
13841229,아아
13841772,해줘~
13843373,저게저입에
13843409,베인킬초
13843542,물쥐님 서포터야?
13844044,산테 먼 4:1 드리블을하네
13844699,겜이 그냥 ㅈㄴ웃기네 ㅋㅋㅋ
13845000,탈리야 개잘하네;
13845499,태산이네 ㄷㄷ
13845919,구경꾼이네 ㄹㅇ
13846900,엄살은
13847773,여경자르반
13847776,산테 불쌍하네
13848719,탈리아랑 크샨테가다하네ㅋㅋ
13850916,팀원들이 개잘해줫네진짜
13851938,탈리야도 희망임
13852827,베인킬초 비상
13853238,탈리야가 맞았네
13853763,50퍼 두가자
13854329,냄새 오지는듯
13855542,탈리야 ㄹㅇ 롤잘알이었네
13856115,바텀 왜 잘함?
13856617,진짜 냄새나 물쥐님
13859785,아니 물쥐 겜 마인드 거의 랄x 급으로 변했네 ㅋㅋㅋ
13860512,산테도 유통기한와서
13862481,?
13862736,탈리야는 못하는건없음 ㄹㅇ
13863934,와 ㅋㅋ
13865864,와 진짜 쟤는 ㅋㅋ
13867054,저건 킬쳐먹여도 죽네
13867191,{:d_126:}
13867795,글겟지
13868178,킬 먹자마자 죽어주기
13868457,장군님 야무지신데
13869004,그죠
13869331,쟤도 대단하다
13870568,캬
13870840,캬
13872088,와
13872728,갈리오보고할거면 트타를하지 ㅋㅋ
13872944,와
13873025,지딴에는 카운터픽이라고꺼냇는데 영혼까지 털림
13873323,캬
13873411,캬
13873511,잘한다
13874594,베인은 즐겜이 맞는데
13874669,기산테 ㄷㄷㄷ
13875175,탈리야는 진짜 진심이네
13876120,든든허이
13876134,크산테 개잘하네
13876155,와
13876235,탑 서폿이 메인인데?
13876855,아니 이기겠어
13877761,갈리오보고 한게 더 말이 안됨
13877859,장군님이 게임 다 뒤집네
13878704,바텀 픽 ㅈ같다고 저거한거지
13879407,탑은 기인인데 정글이 한삼식이네
13881829,든든하다
13884716,돌듀오 개든든하네
13888129,미드만 바꿨어도 15분 떴곘는데
13888189,탈리야가 ufc네
13889738,ㅋㅋㅋㅋㅋ 정글 한삼식
13889890,기인 오늘 심란해서 부캐돌린듯
13890419,못해도 카운터픽을 잘뽑아서 올라온 케이스일듯..
13892045,미드에선 갈리오 상대로 베인하는게 썩좋은 선택은 아닌데
13894047,승률 50퍼의 수호자 크산테 탈리야
13894340,베인보니까 즐겜해도 이기는판은 이기는게 맞다 ㅇㅇ
13895774,?
13898502,우리팀 원딜없고 갈리오라서 베인했나?
13898926,ㅋㅋㅋ
13899997,원딜발견
13900514,?
13903296,애쉬 ㅋㅋㅋㅋㅋㅋㅋㅋㅋㅋㅋㅋㅋㅋㅋㅋ
13903914,베인이 어딨음? 한명 탈주한거 아님?
13905396,?
13908255,서순
13908528,ㄲㅂ
13909136,아니 스킬 판단 진짜
13909194,ㅋㅋ
13909532,ㅋ콤보 ㄷㄷ
13909791,ㅋㅋㅋ
13910873,{:d_126:}
13912187,개 씹구리네
13913073,뿌직
13913968,뿌직
13917581,ㄷㄷ
13921287,왜 이길거 같지 ㅋㅋ
13922194,ㄴㄴ 갈리오궁 용싸움때 없음 이득임
13923383,15분에 2 10 2는 진짜 무슨 일이 있었던거야
13924217,산테형 원장님롤중
13926598,구닥다리 챔
13926710,구식이긴해 ㅋㅋ
13926845,자르반 궁 씹을둘도 모르는 원딩이랑 같은큐고 임마는ㅋㅋㅋㅋㅋ
13928238,너무 바이같은 캐릭임
13928326,ㅋㅋㅋㅋㅋㅋㅋ
13929362,메튜령은 신이네 이걸 50퍼를
13930982,ㅇㅈ
13931044,자르반은 솔랭챔이 아님
13931254,구식챔
13931292,노잼 구닥다리
13931704,노잼 캐
13931946,정글링 부터 재미없음
13932010,너무 똥딱개임
13932377,이젠 챔프탓을
13932552,씹노잼
13933091,ㅇㅇ
13933936,솔랭은 자르반하는거 아니긴해
13934092,딜이 개구림 그냥
13935040,노잼에 팀 못 하면 한계가 있음 ㄹㅇ
13936623,그거 갈하때문에 하는캐릭
13937711,약하긴해
13937986,신캐였으면 ee로 깃창했음
13938089,나피리해 물쥐야 나피리가 좋다니까
13938102,eq로 빠지면 되는걸 안하곤 ㅋㅋ
13938615,스킬셋이 올드하긴함 ㄹㅇ
13938994,혼자 하려면 방관트리 가야대
13939500,챔프가 너무 구형이야
13939997,자르반/바이 << 솔랭에서 꺼내지 마라
13941166,진짜 승률 50노 ㅋㅋ
13941392,자르반 쓸만함
13941801,알고하신거 아닌가요
13942163,ㅇㅇ 바이보다 더하지
13943577,깃창 뭐임
13944213,진지하게 한삼식 괴물쥐 누가정글잘함?
13944373,불드라가면 해결되긴해
13944814,물쥐님....그렇게 말하기엔 너무 좀....
13945320,자르반은 솔랭에선 하는거 아니다...
13946108,제자리eq
13946873,바이는 후반케리 나름됨..
13947152,그브를 연습해봐
13947392,너무오래된챔이라
13947717,플빼기 원툴임
13947873,잘반하느니 차라리 티모 정글하면 재미있음
13948786,나피리 같은거 해보는거 어떰
13951092,짜오하다가 자르반보니까 똥냄새 심함
13951952,자르반노잼이지
13953181,짜오 리신은 혼자 캐리 됨
13953967,신지드 정글해봐
13954209,자르반이 아니라 캐릭이름을 갈하로 바꿔야됨
13954601,짜오 리신은 재밌지
13955920,이얼싼하고 존나 때리는 게
13956880,뚱뚱하고 단순해서 그런건가
13957088,2킬 10뎃은 ㅅㅂ ㅋㅋㅋㅋ
13958360,자르반은 절대 혼자 캐리 못해
13958529,딜이 약하고 매커니즘이 겁나 단순해서 그런 거 같아여
13959314,그브는 왜 안하시나여
13960046,자르반은 3렙지나면 썩지 뭐
13960804,올드스쿨 스킬셋
13964638,자르반은 걍 궁싸개 하고 죽어야지 암
13969048,자르반은 원래 템빨 못받는 챔프라
13970446,챔프가 오래되긴 햇지
13971420,녹턴 오공 이런건 안함?
13971917,혼자하네 크산테
13972418,산테횽이야~~
13972434,ㄷㄷ
13975122,강타없다
13976447,산테횽 보소
13977528,갈하 이거는 언제까지 해먹냐 대회에서 ap정글 본지 개 오래된거 깉은디
13978628,아니 다 잘하네
13980985,탈리야 제압이 비에고 입에
13984638,산테는 많이 이기고 싶나보다
13990217,산테형 안죽겠는데 이제
13991893,자르반혼자 케리할려면 방관으로 압도해야함
13993492,베인이 푸짐하게 싸도 이기네
13994296,베인만 잘해주면 된다
13997413,그와중에 베인 뒤졌네 ㅋㅋ
13997936,뿌직
13999176,베인 자르반만 잘하면 되겟다 ㅇㅇ
14000029,진짜 징하다
14001553,갈하는 튜렁이가 계속 냅두고싶나봄
14003020,요즘 랄로도그렇고 정글전향 많네
14008562,라고 하자마자...
14013760,소심한 카정
14014435,베인은 진짜 흠
14019033,전향(강제)
14028396,지금 정글고수가 빈집이지
14032123,저게 재밋을리가
14035196,역시 지금 롤은 간절한 사람만 손해봄
14037081,트롤이면 스스로 재밌다고 최면 거는거고
14037309,저렇게죽으면 지도 안재밌을듯
14038656,어뷰지뭐
14040772,아니면 자기도 불안한거고
14041938,베인이 너무많이죽어줌걍
14042523,ㅇ
14043820,베인 근데 후반가면 충분히 픽은 밥값함
14046636,베인템 너프 당한거 아니였어?
14049934,원딜이 ap뽑으면 미드가 원딜챔뽑더라고
14051390,서폿이 탑패네
14052602,뭐 토토하나
14053307,갈리오 상대로 미드베인 나오긴함
14057778,베인은3코어만 나오면 세니까
14062942,와
14063267,오히려 베인이 50%에 저항하는 놈같은데
14065591,AD해야하긴하는데
14066738,20데스 찍겠네
14069028,근데 베인아 재밌니?
14071321,여기 점수 마스터 몇점임?
14075612,산테햄
14075639,와 산테 ㄷㄷ
14077694,토토인가
14077960,저정도면 던지는거 아니냐
14082572,산테 너무잘하네
14083534,매튜렁 50퍼 진짜네
14083564,장군님 원맨으로 돌리기도 힘들듯한데
14083796,게임 레전드네 진짜 ㅋㅋㅋ
14084734,베인 애미 죽이고 싶노
14086638,산테형이 3인분중임
14088146,베인 근데 고의로 던지는거 아님??
14090439,산테 여기 점수대 아닌가본데
14090851,저건 설명이 안되는데
14092336,베인은 너무 심한디
14095414,지금 롤은 던져도 제재없음 ㅋㅋ
14095862,베인 30분에 3코어 나올듯?
14102031,베인 잉미 죽이고싶노
14113865,크산테가 머리채 잡고 캐리하네 ㅋㅋ
14116386,ㄹㅇㅋㅋ
14117928,탈리야도 먹여야재ㅣ
14118204,근데 저래도50퍼면 렝겜 왜함?
14118333,베엄쥭 베엄쥭!
14118616,안드시길래
14121056,서폿사랑은 괴물쥐
14121321,탈리야 존나신나서 바로달려감 ㅋㅋㅋ
14121796,탈리야님 열심히 하시잖아
14122314,탈리야도 못하진 않으니까 냅두죠
14123433,탈리야 너는 왜
14123544,넌 빠져~
14125235,탈리야가 킬 개같이먹어서 라이너급이긴해
14128453,아이고 비상
14129986,어 샨테형
14130944,오우 탈리야
14134705,와
14135510,?
14137169,?
14137441,캬 길막
14138275,궁 풀어 뭐해
14139147,뭐해
14139153,?
14139683,아니 풀고 나가지
14141051,뭐하냐
14141910,뿌직
14142719,???
14142784,ㅋㅋㅋㅋㅋㅋㅋㅋㅋㅋㅋㅋㅋ
14142846,?
14142952,아 장군님
14143189,베인 잉미 븅지 개글레
14143230,?
14143632,개못해 ㅋㅋ
14143662,똥냄새
14143979,엄
14144868,선채롯 ㅏ망
14144908,자기궁에 자기가 갇히네 ㅋㅋ
14145229,뭐하냐..
14145953,진짜 개판이네
14146319,?
14147132,뿌짇
14147435,ㅋㅋㅋㅋㅋㅋㅋㅋㅋㅋㅋㅋ
14147445,선채로 사망
14147645,자르반 궁 풀어야지
14147717,안푸는게맞음 ㅇㅇ
14147896,ㅋㅋㅋㅋㅋ
14148335,겜이 슬슬
14149422,엥
14149468,뒤지면 풀리는데
14149723,…??
14150009,뿌직
14151211,쥐 쥐~~~
14151259,엄엄엄
14151328,어떤게 나았으려나
14152180,찍
14152419,오른쪽애들 못가게 막은거자나
14153179,비에고천원
14153489,쥐쥐~~
14153717,근가
14155355,베인은 좀 역하네
14155639,소리가 ㅋㅋㅋㅋ
14156581,근가..?
14159671,ㅋㅋㅋ
14160983,베인 한땀 한땀
14163456,비에고 꽤 많이 먹었는데...
14163638,예<<
14165618,산테천원인데
14168667,럭키 애니비아
14171099,자르반 방관때문에 크산테 죽은거같기도하고...
14174730,저게 저입에
14176003,쥐르반은 진짜 재앙이긴 하다
14176523,오
14178036,산테가 너무 무리한듯
14178585,똥vs똥
14179646,저기서 베인이 이겨야되는데
14179846,응가대전
14181322,쓱싹
14182656,ㅋㅋㅋㅋㅋㅋㅋㅋㅋㅋㅋㅋ
14183163,누가 더 똥임?
14184791,자강두천
14184942,막상막하노
14184962,ㅋㅋㅋ
14185188,ㅋㅋㅋ
14185679,똥 대 설사
14185838,DHK
14186232,엄대엄
14186276,궁 안쓰노
14186563,ㅋㅋ 베인한테 지는 요네 ㅋㅋ
14186630,엄앤엄즈
14186661,ㅋㅋㅋㅋㅋㅋㅋㅋㅋㅋㅋㅋ
14187021,와
14187956,똥대전
14188314,막하막하
14188552,궁안쓰네
14189718,막하막하 ㅋㅋ
14189895,똥범벅 ㅋㅋㅋㅋㅋ
14191253,아~
14191406,너도.... 똥?!
14191516,아
14191695,아
14191705,ㅋㅋ
14193600,똥대전패배
14194501,우리 똥이 짐
14194720,ㅋㅋㅋㅋㅋㅋㅋㅋㅋㅋㅋㅋㅋㅋㅋㅋ
14195037,우리팀 똥 패배
14195814,벌레는 베인 당선
14195831,상대똥 승
14195879,아 베인 패배 ㅋㅋㅋㅋㅋ
14196165,결국 설사가
14196692,우리팀 똥이~~~
14196880,베인 패
14197252,졌어?
14197427,뿌직
14198300,요네는 똥이아님 챔피언이 ㅋㅋ
14199004,설사승
14199065,똥중똥
14202159,베인 어뷰 같아?
14202930,슰
14203019,똥대결 패배
14203191,질거라고 예상은 했는데 왜 진건지는 납득이 안된다
14206934,ㅇㅇ
14207005,ㅇㅇ
14207476,궁키면그냥뺄거여서
14209545,궁 없으면 안됨
14210168,개털림
14214575,똥범벅이 되어 죽어라
14215459,1vs1자존심대결이였는데 그것마저지네 베인
14217108,자르반 딜 개구져서 맞다이치면 짐
14217582,우리 똥이 더 똥이라 이긴거임
14217659,저런 똥쟁이 요네도 못 이기는 개 똥챔프
14218674,베인 어머니
14219787,궁있어도 질걸
14224044,자르반 정글링 개노잼이네 무한평타
14227593,승부의 강타 걸어도 짐?
14232174,ㅇㅇ
14232597,자르반 이큐 첫타 빼면 걍 타이마사지 급이라
14233259,찢너버리고싶노
14235134,근데 진짜 노틸도 어지간히하다
14235142,자르반 1대1 사람 아님
14238016,노틸도 애지간하다
14245589,오디가니
14247209,이게 매튜렁의 롤이구나
14254631,미드가 서폿이랑 레벨이 똓같네 신튜렁
14255718,{:d_127:}{:d_112:}{:d_139:}{:d_112:}{:d_127:}{:d_112:}{:d_130:}{:d_111:}{:d_111:}{:d_111:}
14257271,ㅇㅇ
14259074,상대 치명타 3명인데
14261500,무난함
14262903,가엔?
14263820,가는게 맞는듯
14264916,란두르
14265238,이런 똥쓰레기 챔프를 왜 아직도 안고칠까
14265613,못큰건아닌데
14265631,베인 13데스 뭐냐
14267278,레벨링 잘됏음
14267910,베인은 회색화면을 더많이본듯
14269885,잘커도가엔 좋지
14270791,다들 잘 크긴 했는데 베인이 이게
14270792,팀에 딜러많아서 딜올릴 필요없긴함
14275910,베인은 서포터랑 랩이 같네..
14283002,란두인으로 차피 못2버팀
14284506,얼심
14290330,김나오게 약하네
14291795,베인진짜 개두들겨맞아서 만신창이네 레벨봐라 ㅋㅋ
14297290,란두인 안가봐서 그래 뭘 못버텨
14298178,{:d_112:}{:d_112:}{:d_112:}{:d_112:}
14300480,갤 잡겠다고
14300578,근데 잘반 블클가면 30+24퍼 방관임?
14303865,오
14304745,시즌 1호 베인
14304878,그래도 묶어주는구나
14305009,용쳤으면 진즉먹었겠다
14305577,드디어
14305656,한 건 했다 똥이
14306103,맞네
14307574,오
14307638,아
14308133,저게 저입에
14308438,오
14308648,ㅋㅋㅋㅋㅋ
14309143,베인 한 건 하나
14309150,ㅋㅋㅋㅋㅋㅋㅋㅋ
14309284,?
14309812,ㅋㅋㅋ
14310689,ㅋㅋㅋㅋㅋㅋㅋㅋ
14311115,궁 많이뺏는데?
14311150,뿌지직
14311268,뿌직~
14311450,아
14311517,ㅋㅋㅋㅋㅋㅋㅋㅋㅋㅋㅋㅋㅋㅋㅋㅋㅋㅋㅋㅋㅋㅋㅋㅋ
14311565,아니 그거 거리 주지 말지
14312197,바로폭사해버렷어요
14312786,설사는 설사다
14313637,뿌직
14313823,걍 빼지
14314177,와
14315135,오
14315408,그저 똥
14317358,뿌직이횽
14318436,뿌직 맞앗어 ㅋㅋㅋ
14318714,하지만 이미 벌려놓은 게 있어서 사르르 녹네
14319335,가두리좋고
14319638,잘 문다
14320461,캬
14320848,캬
14321176,보여주나!? 펑!
14322298,나이스
14323535,제라스 궁잘쏘네
14323806,캬캬
14324433,산테횽이야~~
14324607,산테횽이야
14324638,캬
14326283,캬캬
14327057,비에고 던졋다
14328820,1.단 베인을 던져
14328891,산테횽이야~
14329529,쥐창기사
14329697,이번건 베인이 조금이라도 뭔가 해줬다
14329840,산테형이다해준다
14330648,이조합으로 바론딜은나옴?
14331389,정글 포변하면안되냐??
14332434,크샨테 대미지 왜저래
14332934,산테형 ㄷㄷ
14333373,이래도 탑영향력이없어?
14333550,와십박 산테랑 물쥐 진짜 도란 오너 같네 ㅋㅋㅋㅋ
14333790,50퍼 진짜 소름돋네 와
14334789,총공세일때 딜 존나셈
14335109,와 샨테 뒤지게 쎄
14336253,산테 바론딜 왤케쎔?
14337427,뭐야 바론딜 왜캐쌤?
14337729,산테딜 실화냐?
14337757,딜 괜찮나
14337851,이게돼
14338020,탑캐리는 실존한다
14338135,ㅋㅋ 어그로 끌리긴함
14339753,ㅋㅋㅋㅋㅋㅋㅋ
14340222,?
14340915,뭐야 잘잡네
14341149,요네야뭐하려고?
14341466,ㄹㅇ 단단묵직
14343035,?
14343936,죽어줄라고 ㅋㅋ
14344246,?
14344473,총공세일때 최대체력 비례라
14344922,미춰찌
14344956,어?
14345262,요네 미쳣나
14348051,바론 뭔데 녹냐
14349118,휴
14349171,?
14349581,ㄲㅂ
14350402,요네 체급 미쳤네
14350687,ㅋㅋㅋㅋㅋㅋㅋ
14350720,자칫하면 당할뻔했다
14351047,스마를
14351112,강타뭐삼
14351122,요실강 뭐임 ㅋㅋ
14352166,요대강 ㅋㅋ
14353053,잘썼어
14353444,이게 매튜렁이야
14354473,피회복 되서
14355775,나이쟈
14356543,좋았어
14357609,조삼모사 아닐까욥
14358159,공중에 뜸 선수
14359188,맞밸임 ㅇㅇ
14363888,매튜렁은 이걸 알고잡아준걸까
14363899,베인요네커플
14364097,명승부 중 ㅋㅋ
14364153,가슴이 웅장해진다
14364985,김대결
14365631,요네와 베인 세기의대결
14365840,산테 쉴드량 버프됐나? 좀 많이 주네
14365862,정글러 숙련도 이슈 ㅈ되긴 하네요 근데
14366624,이게롤이지
14367071,우리똥이 더큼
14367382,이게 마스터 1000점 큐 ㅋㅋㅋㅋㅋㅋㅋㅋ
14367657,ㄸ 과  오ㅈ의 대결
14368012,똥크기대결 ㅋㅋ
14368688,내가보기엔 요네0.7 노틸 0.3 vs 베인1 임
14369002,베인앙의 똥...
14373838,ㅋㅋㅋ
14376253,우리똥이 더 크고 냄새도 심함
14376697,베인 요네 커플은 좀 꼴이네
14377850,MZ터널 애용해주세요
14380925,베인 요네 합 부모 계수 1명
14383883,매튜렁식 50%의 비밀
14384346,캬
14384404,ㅋㅋㅋㅋㅋ
14384828,ㅋㅋㅋㅋㅋ
14384949,ㅋㅋㅋㅋ
14385738,5 6 13 자르반으로서 좋은 kda
14386460,베인 보여주나?
14386553,ㅋㅋㅋㄲㅋㄱ
14387816,베인은 결국 큰다
14388372,죽으러간다ㅋㅋ
14390398,원딜은 자신감이제~
14391604,오
14394416,베인~
14395822,베인은 팀원들이이기니까 기세등등함
14397540,저게 저입에
14397601,킬초 ㅋㅋ
14400010,신튜렁수혜자 베인
14400820,옵젝 달다
14403567,붙박이 마스터들은 이제 다 포기하고 즐겜하는듯 ㅋㅋㅋㅋ
14405781,뭐고
14406235,광고
14406817,베인은 결국 딜이 나오긴 해
14408221,ㅋㅋ
14408330,ㅋㅋㅋ
14410536,ㅋㅋㅋ
14410542,신튜렁
14410823,할건 다했는데 냄새가 왜이리나지
14412884,와 노틸 ㅋㅋㅋ
14414525,캬
14414663,억까다
14415517,캬ㅑㅑ
14415531,캬
14415910,좌 욕을.
14416000,ZZZZZZZZZZZZZZZZZ
14416089,ㅋㅋㅋㅋㅋㅋㅋㅋㅋㅋㅋㅋㅋㅋㅋㅋㅋㅋㅋㅋㅋㅋㅋㅋㅋㅋㅋㅋㅋㅋㅋㅋㅋㅋㅋㅋㅋ
14416611,ㅋㅋㅋㅋㅋ
14416766,ㅋㅋㅋㅋㅋㅋㅋㅋㅋㅋㅋㅋ
14417155,제라스먼딜이야 ㅋㅋ
14417301,ㅋㅋㅋㅋ
14417441,ㅋㅋㅋㅋㅋㅋㅋㅋㅋㅋㅋㅋ
14417442,ㅋㅋㅋㅋ
14417607,ㅋㅋㅋㅋㅋㅋㅋㅋㅋㅋㅋㅋㅋㅋㅋㅋ
14417778,좌 요글..
14417828,왜 욕을..
14418530,ㅋㅋㅋㅋㅋㅋㅋㅋㅋㅋㅋ
14418692,오줌 잘싸노 제라스
14419049,ㅋㅋㅋㅋㅋㅋㅋㅋㅋㅋㅋㅋㅋㅋㅋㅋㅋㅋㅋㅋ
14419167,ㅋㅋㅋㅋㅋㅋㅋㅋㅋㅋㅋㅋㅋㅋㅋㅋ
14419285,ㅋㅋㅋㅋㅋㅋㅋㅋㅋㅋㅋㅋㅋㅋㅋㅋㅋㅋ
14419673,캬~
14419964,제라스 이놈 봐라
14419983,코발려나‘
14420180,깜짝아
14420834,ㅋㅋㅋㅋㅋㅋㅋㅋㅋㅋㅋㅋㅋㅋㅋㅋㅋㅋㅋ
14421015,급발진 ㅋㅋㅋㅋㅋㅋㅋ
14421875,가락이 왜 앞에서 나대
14422244,극대노ㅋㅋㅋㅋㅋㅋㅋㅋㅋㅋㅋㅋㅋㅋㅋ
14422789,ㅋㅋㅋㅋㅋㅋㅋ
14423307,새벽되니까 개판이네 그냥
14424059,가락 ㅋㅋㅋㅋㅋㅋㅋㅋㅋㅋㅋㅋㅋㅋㅋㅋ
14424318,가락 혐오는 ㅋㅋㅋㅋㅋㅋㅋㅋㅋㅋㅋㅋ
14424761,신튜렁 미친 50퍼만들기 ㅋㅋㅋㅋㅋㅋㅋㅋ
14424995,{:d_44:}{:d_44:}{:d_44:}{:d_44:}{:d_44:}{:d_44:}{:d_44:}{:d_44:}
14425652,{:d_113:}
14426110,<<<<<<<<
14426301,가락혐오 ㅋㅋ
14429265,ㅋㅋㅋㅋㅋㅋㅋ
14430043,가락은 이래서 안돼 ㄹㅇ
14430141,왜 욕을..
14432220,신튜렁의 가호 ㄷㄷㄷㄷㄷ
14433591,우마이
14434781,기어코 50%맞춰주네
14435571,{:monsMonsLaungh:}{:monsMonsLaungh:}{:monsMonsLaungh:}{:monsMonsLaungh:}
14436300,야미
14438111,ㅋㅋㅋㅋㅋㅋㅋㅋㅋㅋㅋㅋㅋㅋㅋㅋㅋㅋㅋㅋㅋㅋㅋㅋㅋㅋㅋㅋㅋㅋ
14438276,야미
14438361,이걸이기네
14438503,미친신튜렁 ㅋㅋㅋㅋㅋㅋㅋㅋㅋㅋㅋㅋㅋㅋ
14439052,ㅋㅋㅋㅋ
14439397,ㅋㅋㅋㅋㅋㅋㅋㅋㅋ
14439482,서렌 좀
14440536,겜 수준ㅋㅋㅋㅋㅋㅋㅋ
14440551,이게 게임이냐
14440651,ㅋㅋㅋㅋㅋㅋㅋㅋㅋㅋㅋ
14440928,{:d_44:}
14441563,매튜렁이 이걸 ㄷㄷ
14443957,김이펄펄
14444917,세탁완료
14444970,대튜렁 ㄷㄷ
14446243,게임은 건실하게 한 베인이 가져갑니다
14446841,매튜렁의 철학이 보이기 시작하면 개추 ㅋㅋ
14447040,매튜렁을 찬양하라
14447773,이게 메튜렁식 50%맞추기 ㄷㄷ
14447847,세탁 성공~
14448194,똥내가 진동을 하네
14449184,역겹다 ㅈ튜렁 ㅋㅋㅋ
14449320,신튜렁
14450281,ㄹㅇ 50퍼네
14450337,누구 동이 더 냄새나나 대결 ㅋㅋㅋ
14453054,매튜령은 신이아…
14455186,진짜 50프로는 과학이네
14455209,50%의 신
14455266,건실하게 똥산 베인이 게임은 가져갑니다~
14456114,똥이 흩뿌려지는 게임이야
14456656,크산테 어깨행님이 다해주네
14457880,쟤네 뭉쳐다니질 않아
14458198,어어
14463907,15데스박아도 50퍼맞춰버리네....
14467409,비상!!!!
14467850,타워안때리나
14472832,이게 마스터 600점 게임이라고…¿
14478236,{:d_127:}
14479801,?
14480806,제라스 딜이
14481588,?
14481653,?
14481674,?
14481765,?
14482255,?
14482768,??????
14482831,?
14483207,뿌찍
14483372,흠?
14483646,갈리오가 쌤
14483923,나와요~
14484253,?
14484273,뿌직
14484671,뭐해임마
14485046,?
14485295,뿌지익
14485500,냄새
14485659,음?
14485671,네?
14485960,???
14486164,ㅋㅋㅋㅋㅋㅋㅋㅋㅋ
14486378,뭣
14486751,{:d_44:}
14487775,오
14487790,탈리아였으 ㅋㅋㅋㅋㅋㅋ
14488478,ㅋㅋㅋㅋㅋㅋㅋㅋㅋㅋㅋㅋㅋㅋㅋㅋㅋㅋㅋㅋㅋㅋㅋㅋㅋ
14491320,속아부러쓰
14491767,뭐요? ㅋㅋ
14491872,단묵
14492182,가락
14492418,어쩌닞 빨갛더라는
14492478,{:d_109:}{:d_109:}
14493268,산테 센스개좋네
14493522,대참사인데?
14493741,30대는 이게맞아 ㅋㅋ
14494060,어전지 빨갛더라는 ㅋㅋㅋㅋㅋㅋㅋ
14495082,크산테 국밥인데
14496300,산테 개잘하네
14497047,진짜 이번 판은 나머지가 다 잘커서 다행이다
14499219,베인뭐해보지도못하고 터지네 ㅋㅋ
14499590,산테 프로임?
14499937,묵직이횽이야
14503656,단묵급 산테네
14505824,근데란두인보다
14506306,{:d_106:}{:d_106:}
14508423,핑와사라
14509127,얼심이낫지않앗냐
14510783,란두 가엔은 너무 쌉게이네
14512495,ㅇㅇ
14516449,바론 경험치에
14517131,얼심은 별로임?
14518057,자르반얼심야무지던데
14519034,얼심 좋긴 함
14522334,비에고도 좀 치는듯
14523052,솔직히 산테물쥐가 약간 도란오너 느낌으로 게임 캐리중
14523232,치명타 상대로 란두인 효율이 진짜 폭력적임
14527996,산테형이 잘큰게 진짜다행이다
14531234,최종뎀에서 깎는거라
14541244,미쳤찌
14541288,산테 르반 엔딩이네 조하다잉 이기것다
14541956,어?
14542787,얘도장난아니네
14543061,?
14543243,와
14543845,?
14544146,?
14544330,플이..
14544738,?
14545986,제라스 시발 뭔딜이야
14546641,엥?
14547055,와 ㅋㅋㅋㅋㅋㅋ
14550705,오 나이ㅏ스
14551649,산타클로스임?
14551798,캬ㅑㅑㅑㅑㅑㅑㅑ
14552515,캬ㅐ
14553096,캬
14553456,캬
14553608,노틸은 좀 심한데 ㄹㅇ
14553916,ㅋㅋㅋㅋㅋㅋㅋㅋㅋㅋㅋㅋㅋㅋ
14553974,캬ㅑㅑㅑㅑㅑㅑㅑㅑㅑㅑㅑㅑㅑㅑㅑㅑ
14554026,siuuuu
14554054,오
14554308,캬ㅑㅑㅑㅑㅑㅑㅑㅑㅑㅑㅑㅑ
14554539,아다리레전드 ㅋㅋ
14554972,와시발 오너냐
14555165,ㅈㅈ
14555717,거의 엠비션
14555801,SIUUUUU
14555872,대 물 쥐
14556225,호우
14556283,SIuuuuuuuuuuuuuuuuuuuuu
14556367,비에고는 뭐야 ㅋㅋㅋㅋㅋㅋ
14556465,siuuuuuuuuuuuuuuuuu
14556597,쥐너ㄷㄷ
14557282,쥐비션 ㅋㅋ
14557610,와 좋았다
14557618,ㅈㅈ
14557674,호우
14557820,미친신튜렁 ㅋㅋㅋㅋㅋㅋㅋㅋㅋㅋㅋㅋㅋㅋㅋㅋㅋㅋㅋ
14558215,캬
14558249,오너급 버거킹
14558439,SIUUUUUUU
14558486,호우호우
14559588,SIUUUUUUUU
14559791,베인 캐리 ㅋㅋ
14559895,버거킹 ㅁㅊ ㄷㄷ
14560025,쥐비션
14560046,cex
14560187,ㄹㅇ오너
14560203,오너???????
14560359,캬
14560364,쥐비션 ㅋㅋ
14560446,대찬밥
14560835,서랜이다
14560919,오우
14561145,괴무새
14561239,이걸이겨
14561247,{:d_45:}{:d_45:}{:d_45:}{:d_45:}{:d_45:}{:d_45:}{:d_45:}
14561342,SIUUUUUUUUUUUUUUUUUUUUUU
14561675,SIUUU
14561751,베인 세탁 뭐임 ㅋㅋ
14561841,쥐큐몬드 ㅋㅋ
14562159,캐릴 ㅌㅌㅌㅌㅌㅌㅌㅌㅌ
14562161,SIUUUUUUUUUUUUUUUUUUUUUU
14562249,호동생
14562418,갓튜렁 ㄷㄷ
14562517,방금 아다리뭐냐
14562658,?
14562966,캬ㅑㅑㅑㅑㅑㅑ
14562969,방금 3명 띄우고 궁 가두기 뭐지요?
14563033,믿 힌 쥐르반{:d_133:}{:d_133:}
14563117,신튜렁
14563695,SIUUUUUUUUUUUUU
14564276,캬
14564397,캬ㅑㅑㅑㅑㅑㅑ
14564546,ㄹㅇ 오너였다
14564809,정글로 전향하자
14565161,귀신같이 50프로 승률을......
14565553,쥐큐몬드
14565693,신튜렁 ㅋㅋㅋ 50퍼만들기 성공 ㅋㅋㅋㅋㅋㅋㅋㅋㅋㅋㅋㅋㅋㅋㅋㅋㅋㅋㅋㅋ
14565905,감금쟁이!
14566574,ㅋㅋㅋㅋㅋㅋㅋㅋㅋㅋ
14567118,쥐큐몬드?
14567254,버거킹한번에 게임터지노 ㅋㅋ
14568166,쥐큐몬드 ㅋㅋ
14568883,대 물 쥐
14570557,신튜령\
14570832,씨우ㅜㅜㅜㅜㅜㅜㅜ
14571051,헉
14571320,이분 정글로 포변했나요?
14571390,베인리폿해~~~
14572075,ㅋㅋㅋㅋㅋㅋㅋ
14572184,50% 성공 ㅋㅋㅋㅋㅋㅋㅋㅋ
14573390,대 물 쥐
14573395,와 캬 퍄
14573615,쥐비션 ㅋㅋㅋ
14574494,쥐비션 ㅋㅋ
14574623,베인 제압킬 ㄷㄷ
14574751,괴물쥐님 정말 아름다운 플레이입니다
14574794,50% 달성 ㅋㅋㅋㅋ
14575619,베인 언제 9킬이나 먹었냐 ㅋㅋ
14575800,스큐몬드도 이건 보고 놀랐음
14576064,"""50%"""
14576838,신 튜 렁
14577789,신튜렁 습박
14579049,게임은 15데스한 베인이 가져갑니다
14579071,이게 쥐르반이야~
14580404,쥐 너 ㅋㅋ
14586004,ㅋㅋㅋㅋㅋ 좋앗다잉
14586974,이 게임을 베인이 이기네
14587499,진짜 신튜렁은 신이긴하네 이걸 이겨?
14587588,롤 열씸히하면 병신이구나...지자고 시위했던픽들이 게임을이기네
14588061,결국 베인이 증명햇네
14588262,아니 신튜렁 저 베인을 이기게해줘?
14589263,50퍼를 찾아가는구나
14593347,이 또한 신튜렁의...
14594507,베인은 이러고 이기네 신튜렁 ㅁㅊ새기
14595108,매튜렁의 노리개
14597629,단묵 ㄷㄷ
14598882,신튜렁 수혜자 베인
14599355,아아 쥐찬밥이시여…
14599377,베인이 이런게임이기니까 롤이망하는거에요
14599565,50프로의 수호자 신 튜 렁
14601051,건실하게 해 건실하게
14602274,ㅋㅋㅋㅋㅋㅋㅋㅋ
14602610,진짜 신튜렁 미치겠따..
14608000,50퍼의 악마 신튜렁
14614751,비에고는 캐리를 못해
14615281,нф
14618678,캬
14619368,이또한 매튜렁의 가호이겠죠
14620207,베인 세탁기 돌리는중
14620782,캬ㅑㅑㅑㅑㅑ
14620878,ㅋㅋㅋㅋㅋㅋㅋㅋㅋ
14621557,샨테횽이야
14622086,보셈 베인처럼 저렇게 해도 승률 50퍼센트 유지시켜줌
14622139,겜 수준 꼬라지 진짜 ㅋㅋ
14623701,쥐템
14623854,쥐템;
14624606,줴줴이야
14624877,베인 저러고이기네
14625160,수준 똥나오네
14625231,50%
14625319,신 튜 렁
14625605,와 진짜 나머지가 다 잘커서 이겼다 이건
14625875,ㅋㅋㅋㅋㅋㅋ
14626117,샨테 진짜 잘하네
14626171,비에고  오열 ㅋㅋㅋ
14626248,지렸다 산테
14626284,이야 이걸 이겨
14626514,이걸이기네 ㅋㅋ
14626596,이걸이기는게 십튜렁 진짜 ㅋㅋㅋㅋㅋㅋㅋㅋㅋㅋㅋ
14626924,이걸 베인이 이기네 ㅋㅋ
14627268,대샨테 ㅋㅋ
14627398,신튜렁의 50%이론
14627605,ㅋㄹ
14628316,이게 진짜 30대 피지컬 맞나요? 볼때마다 경이롭네요. 프로입단했음 lck의 판도가 세번은 바뀌었을겁니다. 한판 한판 배우는 심정으로 방송봅니다. 실력 방송 잘 보고갑니다.
14628455,크산테 ㅈ된다 ㅋㅋ
14628790,50퍼 ㅋㅋㅋㅋㅋㅋㅋㅋㅋ
14629390,정말 아름다운 플레이입니다 괴물쥐님
14630137,ㄹㅇ
14630319,ㄹㅇ
14630748,ㄹㅇㅋㅋ
14630889,신 튜 렁
14631048,ㅋㅋㅋㅋㅋㅋㅋㅋㅋㅋㅋㅋㅋ
14631098,산테는ㄴ 올라가겠다
14631359,대단한 매튜렁 ㄷㄷ
14631473,캬ㅑㅑ
14631493,산테 단단묵직
14631504,ㅋㅋㅋㅋㅋㅋㅋㅋㅋㅋㅋㅋㅋㅋㅋㅋ
14631912,좆튜렁
14632243,진짜 50퍼를..
14632820,근데 베인은 못한거구 탈리야가 트롤아님?
14633311,{:d_126:}{:d_62:}
14633875,ㅇ이걸 ㄷㄷ
14633969,대튜렁 ㄷㄷ
14635163,신튜렁
14635465,신 튜 렁
14635495,그냥 미친놈
14635818,매튜렁의 예술
14636390,ㅋㅋㅋㅋㅋ
14636928,매튜렁 이 미친새끼
14637755,신튜렁
14637906,캬
14637981,미친신튜렁 시이이발 ㅋㅋㅋㅋㅋㅋㅋㅋㅋㅋㅋㅋㅋ
14638394,진짜대단하다 이게임도 50%만들어?
14641122,ㅋㅋㅋㅋㅋㅋㅋㅋㅋㅋㅋ
14641401,찬양하라 매튜렁 ㄷㄷ
14641619,승률 조작의 신
14641785,ㅋㅋㅋㅋ
14642038,캬
14642872,균형의 악마 신튜렁
14643234,아까 애쉬가 3코어 떳으면 산테 잡을딜 나왔나요?
14643582,대단하다 ㄹㅇ
14643655,50퍼의 악마
14643679,좋은거 아님??
14645034,신튜렁 ㄷㄷ
14646115,협곡의 균형 수호자 신튜렁
14646446,ㅋㅋㅋㅋㅋㅋ
14646519,숙련도 ㅊㅋㅊㅋㅊㅋㅊㅊㅋ
14646617,매튜렁 개미친새끼긴하네 진짜
14646778,신 튜 렁
14647052,크산테 쌩배인데 왜 잘하냐
14647443,튜렁이에게 감사해라
14647608,찬양하라~
14647746,재밌었죠?
14647864,신 튜 렁
14648227,신튜렁의 손길
14648299,매직튜렁
14648553,매튜렁 언제 뒤짐?
14648630,신 ㅋㅋ
14648900,균형의 디렉터
14649167,ㅋㅋㅋㅋㅋ
14649353,신 튜 렁
14649397,신튜렁 ㅅㅂ ㅋㅋㅋㅋ
14649399,갓튜렁 ㄷㄷ
14649721,어떻게 이렇게 정확한거임?
14650532,근데 이정도면 초능력자의 영역 아님?
14651521,2 10 2에서 어떻게 11 16 9까지 올렸대
14652157,크산테는... ㄱ-
14652297,마스터 700점 게임이라고
14652324,균형의 수호자
14652528,50퍼의 균형자 ㄷㄷ
14652639,베인 딜량1등이노 ㅋㅋ
14653242,크산테 쌩배인데 개잘하네;;
14653689,매튜렁이미친새기
14653800,운명은 정해져있는거야
14654061,산테형 진짜 고아원자이였다
14654567,'시스템'
14656006,그저 갓
14656893,지환아 원딜탑돌려보자
14656944,아니 이정도면 초능력자의 영역 아니야 매투렁?
14657205,11 16 햇는데 먹을리가 ㅋㅋ
14657638,10튜렁
14658641,절반의 악마 메튜렁 ㄷㄷ
14659581,메튜렁의 운명론
14661562,베인 나름 딜량은 높네 ㅋㅋ
14662121,기어이 이걸 50퍼를 만들어? 대단한 샊끼
14663054,이제 무섭다 ;; 수학적으로 다 맞춰져 있는건가
14663558,이게 진짜 30대 피지컬 맞습니까? 볼때마다 경이롭네요. 프로입단했음 lck의 판도가 세번은 바뀌었을겁니다. 한판 한판 배우는 심정으로 방송보네요.
14663633,я хочу есы 훌륭하다 괴물쥐
14663973,대 극 신 튜 렁
14664269,글쿤 감사용
14666740,대 튜 렁
14666789,어어
14667089,?
14667141,매튜렁 진짜 귀신같네
14667923,어어
14667989,엇
14668787,이런습박
14668853,어어
14668951,?>
14669018,에 어디가노
14669307,큐는 잡고가
14669694,?
14670561,솔랭 통나무는 저렇게 드는거구나
14670704,?
14672192,?
14675650,화장실 통제할게요
14675881,휴
14676014,캬
14676791,큐시간 미쳤다
14677133,쥐들짝
14678749,무슨 10초만에잡히노 ㅋㅋ
14678836,큐속도 실화가
14679380,오빠어디가
14681893,저격 아니냐?
14681946,진짜 물쥐가 호소하는 이론이맞다니까 ㅇㅇ
14683176,ㄹㅇ
14684771,그런가?
14685002,크샨태 부캐엿메
14685091,담백한 탑캐리였다
14685782,ㅇㅈㅇㅈ
14686101,마지막에 3명 띄운 거 진짜 킥이였음
14687475,쓰레기미드버리고 탑투자
14688404,산테 상배인데 잘하노
14690617,근데 매튜렁 이정도면 걍 일개 디렉터의 영역을 넘어선거같음
14690659,별수호자 매튜렁 ㅋㅋ
14694577,3인궁지렸다
14695359,탑은 혼자컷지
14696845,정글낫베드인데?
14699920,신튜렁
14700269,{:d_126:}
14701271,요즘 묵직이 안해요?
14702130,서폿이 잘했다ㅣ
14703025,물쥐형 요즘 롤에 정 뚝 떨어져서 몇판하고 다른겜 하러갈줄알았는대 요즘 롤 많이돌리네
14705790,정글러 아닌데 그정도면 나쁘지않긴해
14707364,탑 좀 마렵네
14709425,물쥐님 플레이리스트 너뮤 근본인데
14713220,상대도 ㅈ같겠다 초반에 탈리야 던졌는데
14716115,팩트는 크샨테는 그마간다는거임...
14716621,프로입단 왜 하셨나요?
14719800,50퍼의악마….
14721188,부포안바꾸시나요
14722794,딱 봐도 부캔데 산테
14726534,크산테처럼 운명비틀기해야함 슈퍼플레이로
14726717,마음속에 자르반4세가 있었으니 혼자큰게 아니지
14729068,노틸이 자꾸 박아서 탈리야랑 제라스가 큼
14732108,그마까지몇점남음?
14733602,{:d_59:}{:d_59:}{:d_59:}{:d_59:}
14737754,나이 먹고 피지컬 떨어지면서 라인 포변하는거 국룰인데 정글 시작하죠
14741907,이분 전프로에요?
14744958,서폿이 근데 중요하긴 하네 탈리야가 노틸보다 잘해서 이긴거임
14746427,물쥐 플레이리스트는 유튜브에 누가 모아둔거 없음?
14751179,앰비션 무브....
14752755,탑 접은거야 지환아?
14753294,쥐르반 아니였으면 크산태 저정도로 못 컷다 ㄹㅇ
14755067,다음에도 정글 걸리면 자르반은 절대 안하겠네
14757607,이미 열심히하시잖아
14759577,매튜렁이 너 노후설계 해주는거야
14762106,ㄱ-
14762979,이미 정글을 더 많이 해
14764549,뭔소리지 괴물쥐는 피지컬이 떨어진적없는데. 후퇴는했어도 추락은 하지 않았어.
14764610,정글 반 원딜 반
14764649,다음정글걸려도자르반안할듯
14765649,상대 노틸이 개뜬금없는 곳에서 나타남
14765973,매튜렁이 강제로 포변시킴
14766430,이분 정글러시잖아요
14767173,신튜렁의 이직설계
14767442,{:d_126:}{:d_126:}
14769601,티모원딜 보고싶다
14775190,근데 최근에 원딜보다 정글하는걸 더 자주보는거같음
14776971,원딜해도 저격들 ㅈㄴ 많은대 생방 5000명 나오는사람이 정글하면 괴로움
14780264,베인 보니깐 방금 탈론으로 0/16 /2 한게 반성되네..
14782332,티모정글 ㄱㄱ
14785327,정글 주포 ㄱㄱ
14785785,?
14786333,ㅋㅋㅋㅋㅋㅋㅋㅋㅋㅋㅋㅋㅋ
14786525,?
14786569,늘어지면 정글이 되버려
14786867,정글러들ㅋㅋㅋ
14786958,{:d_73:}
14787402,실버인데 가능할까요
14788868,ㅋㅋㅋㅋㅋㅋㅋㅋㅋㅋㅋㅋㅋㅋㅋ
14789022,매칭도우미 ㅋㅋㅋ
14789281,니가돌려
14789701,ㅋㅋㅋㅋㅋㅋㅋㅋㅋㅋㅋㅋㅋㅋㅋㅋㅋㅋㅋㅋㅋㅋㅋㅋㅋ
14789776,?
14790480,실버1인데 저격 돼요?
14790763,ㅇㅋ간다
14790785,넵
14790957,나 부포정글인데
14791090,정글러 한정 허용 ㅋㅋ
14791182,서로 라인 꼬이면 개웃기겠네
14791321,티모해야한다고 싯팔!
14791385,ㅋㅋㅋㅋ
14791396,ㅋㅋㅋㅋㅋ
14791923,저격 선언
14792421,왜 서폿 부포 안하나요
14792560,ㅋㅋㅋㅋㅋㅋㅋㅋㅋㅋㅋㅋ
14792607,ㅋㅋㅋㅋㅋㅋㅋㅋㅋㅋㅋ
14793358,?
14793981,정글주포하면 잘잡힘
14794210,실번데 돌리는 중이다
14795486,정글은 롤을 안해
14796232,롤 까는중 ㄱㄷ
14796998,ㅋㅋㅋㅋㅋㅋㅋㅋㅋㅋ
14797498,정글 누가해
14798552,서폿 부포를해
14799211,에메랄드인데 저격됨?
14801036,너원딜하라고 내가정글로돌릴게
14802319,주말인데 왜캐 겜을안해
14802369,ㄱㄷ 롤까는중
14802877,부포 걍 탑으로하죠
14803568,분명 너가 저격하라 햇다?
14804511,롤 망햇냐
14806660,정글 너나해
14810231,다3으로 저격을 어케함
14812271,탑이 젤많을거같은데
14813175,마스터 700점 중에 물쥐가 젤 못해서 자꾸 정글 잡아주는듯…
14815659,부포에 미드넣어야 원딜잘걸림
14819014,혼테일 안가니까 오늘 종일 롤만하나요
14824167,ㄱㄷ 실버에서 올라가는중
14826416,정글은 도태당한 라인너가 가는곳이지
14834044,난 브론즈에서 올라가는중 ㄱㄷ
14834168,물쥐님 주식 안하시나요?
14835925,캬
14836145,플래닛 접음?
14837567,{:d_49:}{:d_49:}{:d_49:}{:d_49:}
14837699,텔텔텔텔
14837905,ㅅㅅ
14839146,48펀데
14840486,굿
14841697,아니면 미드하던가 미드도 인기 ㅈㄴ 없어서 잘잡힐듯
14842677,이게 어케 원딜러 전적이냐
14842926,지환이 패턴이 얼마나 곱창났는지 궁금하네
14844588,근데 원래 물쥐 정글 유저 아니였나
14847049,마지막판이 이겼던거겠지
14847923,1판밀린게 이긴거엿나봄
14848591,텔텔 던닝이 없다니
14848859,내일 텔 딜빵 있다던데
14849592,제발 매칭주작을 멈춰주세요
14851413,티모 져도 재밌음?
14855113,이사람 티모 왤케 많이했어
14858349,근데 미드하는건 한번도못봄
14859037,진지하게 나피리 정글 어떰 개사기
14863647,대 튜 렁
14863692,유일하게 정글챌
14865655,승률 51.2%됐네
14866348,고혈 정글은 안 함?
14867028,ㄱ-
14868601,헉
14869877,뭣
14871381,무슨 빠칭코임?
14871566,로테이션임? ㅋㅋ
14872387,어어 거기까지
14873074,{:d_126:}{:d_126:}{:d_126:}{:d_126:}
14873689,요일마다?
14875308,옛날에 물쥐 정글로 챌 갔었잖아
14875672,ㅋ 그건 ㅈㄹ임
14877035,그럼 챌은 승류 어떰?
14879865,하지만 결국은 50%
14879869,깨달앗구나 괴물쥐
14879903,{:d_116:}
14881935,모모모모모모모모모
14883400,우리도 그브하자
14887034,ㅋㅋㅋㅋ
14887213,직장인 점심 제육 돈까스 로테이션
14890278,정글 부포때문에 용방도 안걸려 너
14891316,근데 로머 걔는 승률 95퍼 그러던데
14891339,ㅋㅋㅋㅋㅋ
14892507,ㅋㅋㅋㅋㅋㅋㅋㅋㅋ
14893336,도와주지도 않고서 정치 존나 당하는데 ㅋㅋ
14895315,깨닳았구나
14896571,그냥 존1나 화남
14898579,맨탈찢김
14899057,그러고 갱 안온다고 야랄함
14900057,ㄹㅇㅋㅋㅋㅋ
14903166,저런거 미드가 수행 안하면 어떻게 마스터에 있는거지
14903170,티모 정글 ㄱ?
14903305,걍 욕먹는 라인임
14903423,ㅋㅋㅋㅋ
14905899,ㅈㄴ신기하네 그냥
14906076,걍솔랭을안함
14907994,또
14908029,정치대상1순위라 안하는거
14908123,오케이 정글접을게요
14909103,ㅋㅋㅋㅋㅋㅋㅋㅋㅋ
14909868,우리 정글 못들어오게해야함
14910059,ㅋㅋㅋㅋㅋㅋㅋㅋㅋㅋㅋㅋㅋㅋㅋㅋㅋㅋㅋㅋㅋㅋㅋㅋㅋ
14910384,ㅋㅋㅋ
14910511,ㅋㅋㅋㅋㅋㅋㅋㅋㅋㅋㅋㅋㅋㅋㅋㅋㅋㅋㅋㅋㅋㅋㅋㅋㅋㅋㅋㅋ
14910522,ㅌㅋㅋㅋㅋㅋㅋㅋㅋㅋㅋㅋㅋㅋ
14910627,아.........
14910802,ㅋㅋㅋㅋㅋㅋㅋㅋㅋㅋㅋㅋㅋㅋㅋㅋㅋㅋㅋㅋㅋㅋㅋㅋㅋㅋㅋㅋㅋㅋㅋㅋㅋㅋㅋㅋㅋㅋㅋㅋㅋㅋㅋㅋㅋㅋㅋ
14910812,진짜네
14910870,물쥐야 정글유전데 너밖에없다
14910926,또
14910954,ㅋㅋㅋㅋㅋㅋㅋㅋㅋ
14911307,ㅋㅋㅋㅋㅋㅋㅋㅋㅋㅋㅋㅋㅋㅋㅋㅋㅋㅋㅋㅋㅋㅋㅋㅋㅋㅋㅋㅋㅋ
14911474,ㅋㅋㅋㅋㅋㅋㅋㅋ
14911517,ㅊㅋ
14911519,ㅋㅋㅋㅋㅋㅋㅋㅋㅋㅋㅋ
14911596,그렇다고 안가면 그냥 조용히 말려죽는거임
14911604,정어게인ㅋㅋㅋㅋㅋㅋㅋㅋㅋㅋ
14911681,응 못접어
14911934,ㅋㅋㅋㅋㅋㅋㅋㅋㅋㅋㅋㅋㅋㅋ
14912047,ㅋㅋ
14912109,정어게인
14912176,샤샷
14912420,{:d_126:}
14912493,응 못접어
14912608,ㅋㅋㅋㅋㅋㅋㅋㅋㅋㅋㅋㅋ
14912640,zzzzzzzzzzzzzzzzzzz
14912817,ㅋㅋㅋㅋㅋㅋㅋㅋ
14913024,ㅋㅋㅋㅋㅋㅋㅋㅋㅋㅋㅋㅋㅋㅋㅋㅋㅋㅋㅋㅋㅋㅋㅋㅋㅋㅋㅋㅋㅋㅋㅋㅋㅋㅋㅋㅋㅋㅋㅋㅋㅋㅋㅋㅋㅋ
14913166,응 못접어
14913239,신튜렁
14913449,못접어 넌
14913460,ㅋㅋㅋㅋㅋㅋㅋㅋㅋㅋㅋㅋㅋ
14913698,말하자 마자 바로
14913725,오케이 정글 시킬게요
14913728,쥐 정 글
14913864,캬 그래도 용방이다
14913936,ㅋㅋㅋㅋㅋㅋㅋㅋㅋ
14914193,응 정글
14914348,"""기어코 정글시키기"""
14914468,캬ㅑㅑㅑㅑㅑ
14914563,ㅅㅅㅅㅅㅅㅅㅅㅅㅅㅅㅅ
14914865,티모정글 드가자
14914905,ㅋㅋㅋㅋㅋㅋㅋㅋ
14915103,신 튜 렁
14915339,신튜렁:안된다
14915362,ㅋㅋㅋㅋㅋㅋㅋㅋㅋㅋㅋㅋㅋㅋㅋㅋㅋㅋㅋㅋㅋㅋㅋㅋㅋㅋㅋㅋㅋㅋㅋㅋㅋㅋㅋㅋㅋㅋㅋㅋ
14915485,ㅋㅋㅋㅋㅋㅋㅋㅋㅋㅋㅋㅋㅋ
14915993,ㅋㅋㅋㅋㅋㅋㅋㅋㅋ
14916087,못접어
14916098,야다..
14916130,ㅋㅋㅋㅋㅋㅋㅋㅋㅋㅋㅋㅋㅋㅋ
14916253,ㅋㅋㅋㅋㅋㅋㅋㅋㅋㅋㅋㅋㅋㅋㅋㅋㅋㅋ
14916312,평생 정글해라 넌
14916460,누가 부포 정글 하래?
14916502,ㅋㅋㅋㅋㅋㅋㅋㅋ
14916520,정글접긴 ㅋㅋㅋ 정글이나해라
14916536,어 못접어 ㅋㅋ
14916570,뭘 접어 ㅋㅋ
14917184,그냥 정글러 하쇼 ㅋㅋㅋ
14917228,ㅋㅋㅋㅋㅋㅋㅋㅋㅋㅋㅋㅋ
14917245,존나 웃기네 ㅋㅋㅋ
14917293,부포에서 빼자 ㅋㅋ
14917489,정어게인
14917619,절 대 못 접 어
14917918,ㅋㅋㅋㅋㅋㅋㅋㅋㅋㅋㅋㅋㅋㅋㅋ
14918136,티모정글 ㄱㄱ
14918332,신 튜 렁
14918573,정글로 포변각
14919086,왜 그런말을 했어
14919190,티모정글 ㄱㄱ
14919228,말하는대로~
14919270,신 튜 렁
14919272,티정 ㄱㄱ
14919487,응 해야해
14919807,매튜렁: 알아
14919967,걍 옵치 탱크 포지션이랑 똑같은듯
14920257,신 튜 렁
14920853,응 정글 가
14921049,다이에나 ㄲ
14921171,ㅋㅋㅋㅋㅋㅋㅋㅋㅋㅋㅋㅋㅋㅋㅋㅋㅋㅋㅋㅋㅋㅋㅋㅋㅋㅋㅋㅋㅋㅋㅋㅋㅋㅋㅋㅋㅋㅋㅋㅋㅋㅋㅋㅋㅋㅋㅋㅋ
14921192,신튜렁피셜 정글해라
14921404,오케이 정글할게요
14921773,부포 탑하라구 ㅅㅂ
14922461,탑 ㄱㄱ
14922499,그냥 퀸 정글하고 즐기자
14922525,오케이 정글할게요
14922542,{:d_60:}{:d_60:}
14923592,캔아이애이디
14924129,마이크 듣고 있음 ㅅㄱ
14924146,대튜렁
14924382,부포 안바꾸면 무한 정글이라니까 ㅋㅋㅋㅋ
14926003,니 가 해
14926032,안대용
14926051,접을게요 다음에 ㅋㅋㅋ
14926154,부포 탑 ㄱㄱㄱ
14926970,지금 부포 정글은 걍 정글 하겠다는거임ㅋㅋ
14927756,이 정도면 부포 정글에 마가 낀거 아님?
14928846,이참에 미드가자
14930950,말 입력돼서 정글잡혔네
14931178,주포 정글로 가는게맞다 ㅇㅇ
14931682,신튜렁이 듣고있는디
14931748,신 튜 렁
14932485,부포 탑이 그나마
14934697,뱅가드가 들었잖아 임마
14935034,나피리 ㄱㄱㄱㄱㄱㄱㄱ
14935389,물지야 미안하다 로아 일숙중이라서 큐를 못돌렸다 흑흑
14935492,그렇지
14936344,나피리 ㄱㄱ ㄹㅇ
14936589,탑티모
14937376,블루면 리신도 함?
14937454,뭣
14938278,묵직이가자
14939114,묵직아 보고싶었다
14939437,탑을해 ㅇㅇ
14940375,흠
14940538,{:monsMonsCheer:}{:monsMonsCheer:}{:monsMonsCheer:}{:monsMonsCheer:}
14941282,스바라시 안녕하십니까 후후후
14941888,어제 영상에서도 부포 바꾸신다 하셨는데
14942977,물쥐님 메튜렁의 운명론에 저항하지마
14943366,신튜렁 방송보면서 로직 바꾸는 중
14945214,로아좀 놔주라고
14945723,단단묵직
14947135,정글은 멘탈ㅈㄴ아픔걍
14948176,정글 티모 해주세요
14950323,나피리 ㄹㅇ 물쥐한테 딱임
14952757,아까 그탑처럼해야 이기는거 아니냐..
14958546,국밥정글이나 하죠
14960676,악순환임 그냥 매튜렁때문에 다 롤 접으니까 사람 없어서 유배 ㅈㄴ됨
14961609,나피리 ㄱㄱㄱㄱ
14962481,쥐짜오
14962675,로아하다 천해천 던파 시작했는데 그게 그거더라
14963069,짜오 출격인가
14964857,카서스 ㄱㄱ
14964908,트위치 정글 가즈아
14965611,나피리 임마 정글쥐
14970408,이얼싼쓰
14971050,쥐짜오? 쥐피리? 쥐모?
14973367,스펠유미인가
14973418,나피리 개좋아
14975005,정글로 포변함?
14976889,돌아온 쥐짜오
14977422,역시
14977440,{:d_118:}
14978828,ㅋㅋㅋㅋㅋㅋ
14979094,서폿야스오?
14979551,역시
14980028,ㄱ-
14980097,로아든 던파든 메이플이든 거기서 거기여
14980811,하
14981499,ㄱ-
14981639,짜장쥐
14982052,냥
14982628,아 유미선픽...
14983088,자 출격
14983418,아 짜장면 안시켯어요
14983493,짜장쥐
14984007,유미박는거 어지럽네
14984408,이 얼 싼 쓰
14985139,이제 짜오 거드라 안 가도 됨
14985570,그챔프
14985647,친구짜장뺏어먹기
14986079,라면 야미
14986486,유~미~
14986523,창쥐 ㄷㄷ
14986539,짜오 정글링 너무 답답해서 못하겠던데
14986602,미;
14986698,ㄱ-
14986863,윾미 선픽 ㅋㅋ
14987677,이판 원딜했어도 유미였네
14988703,짜장냥이
14988783,유미다옹
14988992,유미짜장
14990830,{:d_47:}{:d_47:}{:d_47:}{:d_47:}{:d_47:}
14990987,?
14993639,ㅇㅇ
14993752,벌써 겜이 져있네
14995819,ㅇㅇ 날라감
14996152,짜장에게붙은유미는 좀다르긴해
14996167,유미는 진짜 왜 만든걸까...
14996207,되지않던가?
14996236,ㅇㅇ
14996551,뭔소리임? 포탑?
14997154,ㅇㅇ
14997188,가능하지 않나
14997837,rw?
14998302,날아갈걸요
15001222,가능함
15002461,궁? 날라감
15003728,모르겟삼
15003893,뽀삐w로도 막는데
15004489,ㄱㄴ?
15005029,ㅇㅇ
15005747,ㄱㄴ?
15006479,포탑 쳐낸가는말임?
15007001,я хочу одтыхать
15008894,ㄱㄴ?
15010423,ㄱㄴ?
15011743,ㄹㅇ짜오 정글링 너무느림
15012039,유니짜장이 돼지 간고기 들어가는 짜장
15012310,ㄱㄴ?
15015226,ㄱㄴ?
15015301,оурыдд турхчл рщи рлрущ
15015952,{:mlb_33:}{:mlb_33:}{:mlb_33:}
15016075,포탑이 튕기냐는 말임?
15017431,자르반 쥰내 못하네 그냥
15022122,코가너무크군
15022336,{:d_47:}{:d_47:}{:d_47:}{:d_47:}{:d_47:}{:d_47:}{:d_47:}{:d_47:}{:d_47:}{:d_47:}
15025192,포탑이 날아가나? ㅡㅡ;;
15025196,물쥐 갔으니 폭로한다 꼬북칩 우유에 말아먹으면 맛있다
15026136,안날라가는데
15026351,зчдтв??
15026566,아니근데 쥐짜오로 챌린저간거 맞음?
15027269,하이머가 궁1개가아니라 스킬마다 변형해서나가는데
15028814,삼선짜장은 해물들어가는거
15030424,이게 마1000 겜이라니...
15030759,갔냐?
15032825,짜오 교전력이 말안되서 정글 느린게맞긴해
15036093,초코맛이냐 옥수수맛이냐 진지하다
15036524,야다..
15037151,물쥐님 승률 50퍼 가까워 지는게 진짜에요??
15037882,윾미 너무싫다
15041173,유미 챔피언 삭제좀
15044798,갔냐?
15044884,근데 진짜 부포 심하게 많이 걸리네
15045613,상대조합 무서운데
15046041,ㅇㅈ
15048669,간짜장은 전분물 없이 볶는스킬로 양파 엄청넣은거
15053648,랜드정글이네
15058507,유미는 실제로 있으면 용도는 딱 하나임
15061264,온짜장 간짜장 ㅋㅋㅋㅋ
15062422,유미는 면상만 봐도 불쾌하노
15064061,ㄹㅇ 유미선픽 ㅈ같다
15065396,습격자 신짜오 너무 냄새나는데여
15066398,롤은 보는게임인가?
15069591,용도가 뭔데ㅔ
15070519,상대 원딜 뭐임?
15071298,신짜오 정글링 개느려서 카정당하면 눈물나는데
15072961,적 조합이 오우
15073336,유미라면먹으려고하는거아님?
15076018,지환의 짜장을 뻿어먹는다
15076191,간짜장 말고 심장짜장
15076367,정글뭐지
15076657,1픽 유미는ㅋㅋ
15080195,정글브랜드 원딜 딩거
15082352,뺨 ㅈㄴ 마렵네
15083808,습격자 똥내나네
15089225,형 티모링 가능할까?
15090106,스킨교채좀
15090979,{:d_55:}{:d_54:}{:d_48:}{:d_47:}{:d_60:}{:d_57:}
15091999,하딩 정글 ㄷㄷ
15095057,정글 마구마구 털릴 예정
15099540,유미 뭐지요
15101402,이잉 티모링
15103386,카정으로 죽여버리죠
15105328,{:d_126:}
15105411,이잉 티모링
15106186,딩거네?
15106669,엥
15107387,정글딩거 ㅋㅋㅋㅋㅋㅋㅋㅋ
15107878,?
15108022,진짜네
15108096,?
15108151,왓
15108815,?
15109268,?
15109357,?
15109882,?
15110207,?
15110208,딩거 정글?
15110352,?
15110470,딩정 ㄷㄷ
15110511,정글하딩?
15110535,뭐지요
15110646,딩글?
15110650,진짜뭐노
15110658,?
15110876,?
15111412,족
15112098,신 튜 렁
15112334,ㅋㅋㅋㅋㅋㅋㅋㅋㅋㅋㅋㅋㅋㅋㅋㅋㅋㅋㅋㅋㅋㅋㅋㅋㅋㅋㅋㅋㅋㅋㅋㅋㅋㅋㅋㅋㅋㅋㅋ
15112720,저거 은근 좋음
15112741,음?
15112881,이왜진 ㅋㅋ
15113374,유체화 딩거정글 ㄷㄷ
15114048,뉴메타 뭐지요
15114235,꽁승?
15114473,ㄴㅋㅋㅋㅋㅋㅋㅋ
15114644,딩정 ㅋㅋ
15114771,줭글 화이머뒹거~
15115096,저거에 지면 ㄷㄷ
15115387,???
15116142,요즘 1티어임 딩거정글
15116267,딩글 뭐지요
15116375,이게 뭔...
15117573,개고수같은데
15117798,와 신튜렁 ㅆㅃ;
15117962,저거 초반설계 망치러못가나
15117994,신 튜 렁
15118169,정딩은 뭐야
15118871,ㅋㅋ
15118897,딩거정글 ㅋㅋ
15119319,마티 겜 픽 꼬라지 ㅋㅋ
15120896,딩거정글은 무슨메타임?
15121117,ㅈㄹ 났네 ㅋㅋㅋㅋㅋㅋㅋㅋㅋㅋㅋㅋㅋ
15122364,롤 망했노
15122467,뭐지 마인드도 화성인이 된건가
15123642,ㅋㅋㅋㅋㅋㅋㅋㅋㅋㅋㅋㅋㅋㅋㅋㅋㅋㅋㅋㅋㅋㅋㅋㅋㅋㅋㅋㅋㅋㅋ
15123700,딩정
15124158,이리 ㄱㄱ
15124450,저래도 승률50퍼란거임
15124681,폭정딩 ㄷㄷ
15126671,개고수같노
15126768,지가 샤코여?
15126785,유체화는 뭐 대비에요
15126860,걍 찌르면 이기겠는데
15127758,하딩 꼬북칩 닮앗노
15127953,브랜드 건치네
15128240,돌아짐 저거?
15129945,아진짜임?
15130069,일회용포탑임?
15130390,좋겠냐 ㅋㅋ
15131525,딩거 다라이 ㅅㅂ
15132084,저거 조음
15133090,하딩 정글링은 빠를것같은데? 샤코마냥
15134779,20렙 바로 바론가는거?
15135656,카정 ㄱ
15135819,겠냐~
15136398,캬
15137363,그렇긴하네
15137722,망햇네 롤
15137733,왜 좋응
15138406,캬
15138875,ㄹㅇㅋㅋ
15139722,20분 바로 바론 ㅋ
15139769,ㅋㅋㅋㅋㅋㅋㅋㅋㅋㅋ
15140354,좋다구요 ㄹㅇ?
15140478,돌아지고 자시고가 뭐가중요함 어차피 50퍼 승률인데
15140632,시즌2 로딩창이었으면 납득될 챔피언이랑 스킨 스펠임ㅋㅋ
15140794,신튜렁
15141921,옛날 1렙솔용딩거생각나네
15141994,개사기임
15143295,카정 ㄱㄱ
15143858,저거 초반에 안말리면 ㅈ된다
15144068,부수러 가자
15145156,타워?
15145625,정장연인데 ㄹㅇ
15146348,이거 물쥐야 너가 초반에 죽여버릴 수 있지않냐 딩거?
15150927,딩거정글이라..
15150940,700점 정글런데 딩거정글 태어나서 처음본다
15151763,샤코박스망치는 느낌으로
15153593,유사 ap샤코 ㅋㅋ
15154015,저거 할바에 자이라 정글함~
15154629,정글 잘하면 겜 이기지않음?
15155293,딩거타워 뿌수다가 피 많이달텐데
15157712,날먹조심
15161975,유미정글해도 50% 나오려나?
15164298,처음볼만해
15164533,폭갈 처음 나왔을떈 치감무시 있었는데 그때가 아쉽네
15167237,누가
15168804,구라임
15169777,저거 못부숴
15170817,통계에 잡히지도 않는구마
15171063,뜨지도 않음
15171375,믿지 마라
15171813,나도 처음 봄
15172196,누가1티어래
15172570,딩거 유체화도 신기하네
15174506,괴물쥐님 방송 오랜만에 보는데 이도현??!! 닮으셨어요!!{:d_3:}{:d_3:}{:d_3:}
15175365,저거 통계에도 없음
15176399,거짓말이지
15179400,짜오 저거 민병대 뛰는폼 진짜 없어보이네 ㅋㅋ
15181690,ㄹㅇ 찐뉴메타 ㅋㅋㅋㅋㅋㅋㅋㅋ
15186222,저런건 트롤용으로도안쓴다
15186540,유체화 딩거는 뭐임? 죽고 싶은 거임?
15191676,어떡함
15192248,진짜 마인드가 화성인이 된 것 같은데
15192265,??
15192271,?
15192963,사소해
15193107,야다...
15195364,ㅋㅋㅋㅋㅋㅋ
15195392,{:d_126:}
15195404,1 5
15195997,야다!
15197361,사소해
15200088,15ㄱ
15205548,야댜요
15219299,어어
15219757,근데진짜 픽왜이렇게 참신한거하냐 애들 ㅋㅋ
15220118,엥
15220617,어?
15221852,으휴휴 ㅠ
15221964,?
15231088,뭔 1랩싸움을 변신할때까지하네 ㅋㅋㅋ
15235676,1렙 변신은 얼마나 싸운거임
15236224,아W를
15239731,이미 망했다는거임
15240021,죽겠네
15240797,허어
15243120,야다..
15244706,나르로?
15245691,절망적이네
15247433,ㅈㅈ
15248517,탑은 진짜 신기한 사람들이다
15249068,세트한테 왜 대들어 그러니까
15249557,YADA
15249734,ㅌㅊㅇ
15250169,그 라인
15250455,나르가 세트한테 지네
15251996,나르가 왜 맞딜을 해주는거야
15252748,에고싸움
15256408,얼마나 거리조절을 못하면 2렙에 따이냐 나르로
15257497,집안감?
15258021,맞딜해주는 나르 ㅋㅋㅋㅋㅋ
15259155,ㅌㅊㅇ 니리노
15261879,{:d_126:}
15262277,ㅌㅊㅇ 지리노
15262352,맞딜나르 ㅋㅋ
15263458,집가서 롱소드사지
15264016,정글링 ㄹㅇ 개쳐느리다
15264230,나르로 야차를 왜하는거지
15264850,레전드 동선 발생
15267931,집찍는게 맞음
15267969,벌써 야다
15268348,야다..
15269571,지금 머릿 속 제대로 복잡해졌네
15272041,야다
15279173,미드는 이긴다
15280489,돌거북먹고 바로갔야햏는데
15282573,블루 바위게 ㄱㄱ
15285524,ㅋㅋ
15287257,ㅋㅋㅋㅋㅋ
15291588,브랜드한테 약자멸시 당하면 진짜 지옥인데
15292329,굳판단
15293066,빠른 판단
15293975,괴노냐??
15295125,2분30초인데 먼
15295563,그게 맞아 지환씨
15296084,바위게 먹고 오죠 이제
15302995,정글 꿀팁드립니다. 팀원 핑 차단하고 할 일하시면 편해요
15305133,하필이면 노틸이네
15309686,탕수육부터
15311461,하딩 정글링 빠른가
15313012,왜 절로
15314473,짜오 대사도 다 바뀐거 맘에안드네
15327818,야미
15328187,개맛있네
15329739,이러면 좋은데
15330379,크으게 한입
15331777,개맛도리네
15333788,유미야 타
15335723,루시안 죽은 건 슬프긴한데 그래도 맛있네
15336046,유미 뭐해
15337295,쥐창기사!
15345537,이러면 물쥐 미래가밝아졌어요
15345997,이게 어려워?
15349692,정글 개잘하노
15349947,뭐지? 교전 예상하고 본능적으로 블루쪽으로 내려가신건가
15354367,짜오 너프되지 않았ㅁ음?
15359790,쥐창은 진짜 이거이거 ㅋㅋ 짜오 잘하네
15370010,짜오 탬 나오기 전에는 아무 너프/버프 없음
15370559,교전으로굴려야함그래서
15372090,창으로 한마리씩 찌르니까
15372889,이사람 포변함?
15377098,스오 아니였으면 리신 하셨을까
15381196,물쥐님 요즘 녹턴 왜 안함
15383644,딩거는 대체 뭄슨 픽이지
15393251,오우
15394742,롤 다시 재밌어짐? 왤케 열심히함?
15399826,미드 잘하면 든든함
15406356,f물쥐님 무슨 백정을해
15407302,딩거 용싸움할 때 개떡벽이겠는데
15412353,하딩 왜한거냐
15415853,정글링 빠른 건 자이라 같은거지
15419577,하딩 포탑쿨 은근길어서 정글이 빠르진않나보네
15423932,짜오가 캠프를 빨리 먹진 않지
15424350,짜오 스킬쿨 잘 돌려야함
15426991,엥
15427741,쟤는 2:1 쎼지않나
15431053,쩝..
15431370,나르 진짜 ㄱㅄ이네
15431633,짜장첫캠은 느린편임
15431974,나르 스킬 무슨 오줌누듯이 흩뿌리냐
15432169,?
15433908,탑은그냥 보내주자
15434843,탑 버리셈 걍
15435594,재확인의 시간
15437306,선입력..
15438733,이길놈이이기는라인이야
15444696,오늘이분티모원딜 몇판함
15447324,거새
15448570,탑을 변기에 넣고 내려
15448638,뱉은 말 지켜 탑 버릴게요 선언햇자나 감정없는 사이코패스처럼 해
15450501,무슨 일이야
15453589,야다..
15454366,{:d_126:}
15455368,레죤드~
15456115,오
15456467,쥐나비
15456625,유미가 먼저 죽는다고?
15458198,갈하겜에서 갈하를 안가?
15458248,딩거갱 ㄷㄷ
15458424,뚜벅뚜벅
15458548,오
15458743,ㅋㅋㅋㅋ
15459594,뇌가 다보여 ㅋㅋ
15462378,ㅋㅋㅋㅋㅋㅋㅋㅋㅋㅋㅋㅋㅋㅋ
15463687,ㅋㅋㅋㅋㅋㅋㅋㅋㅋㅋㅋㅋㅋㅋㅋㅋㅋㅋ
15463784,와 ㄷㄷ
15464213,딩거갱 개웃기네 ㅋㅋㅋㅋㅋㅋㅋㅋㅋㅋㅋㅋㅋㅋㅋㅋㅋㅋ
15464691,붐
15465831,딩거 ㅅㅂ ㅋㅋㅋ
15474730,혼신의 갱
15477567,몸으로 비비면서 1미터 e쓰네 ㅋㅋ
15479904,분열 일어난다
15486259,상추쌈
15487242,6분만에 시빌워 발생했네
15488246,바텀비상
15489015,나르는 뭔 딩거한테 갱을당하냐
15491811,화낫다
15499280,저말이나왔다는건 탈진을 쓰레기같이썻단건데
15500870,그것도 선픽 유미였으니..
15500971,라인전 스트레스가 너무 오ㅓㄹ라옴
15501230,유미 안좋나요
15502661,와
15502858,??
15503504,ㅋㅋㅋㅋㅋㅋㅋㅋㅋㅋㅋㅋ
15503751,ㅋㅋㅋㅋㅋㅋㅋㅋㅋㅋㅋㅋㅋㅋ
15503955,{:d_126:}
15504504,ㅋㅋㅋㅋㅋㅋㅋㅋㅋㅋㅋㅋ
15505329,와
15506716,ㅈㄴ 짜증나네
15506825,딩거 크랙
15507287,ㅋㅋㅋㅋㅋㅋㅋㅋㅋㅋㅋㅋㅋㅋ
15507603,{:d_126:}
15507851,{:d_126:}
15508047,ㅋㅋㅋㅋ
15508661,쌘데
15508809,와드없어
15509009,ㅈ망
15509252,?
15509343,ㅋㅋㅋㅋㅋㅋㅋㅋㅋㅋㅋㅋ
15509349,유미하면 2대1행야함 원딜이
15511216,붐 ㅋㅋㅋㅋㅋㅋㅋㅋ
15511402,그니까 왜 강타를 미리 쓰냐고 ㅋㅋ
15511669,{:d_126:}{:d_126:}{:d_126:}
15512011,아까 브랜드가 와드한듯요
15512484,브랜드가 와드함
15512592,뿌직
15512846,오브젝트쌈은 ㅇㅈ할만하네
15513025,{:d_126:}
15513328,ㅈㅈ
15513515,그야 방플이니까
15513657,대저방부의
15516010,jjya
15520108,리쉬 ㄱㅅ ㅋㅋ
15521278,꺼억
15521694,ㅋㅋㅋㅋㅋㅋㅋㅋㅋㅋㅋㅋㅋㅋㅋㅋㅋㅋㅋㅋㅋ대저방부의 ㅂ....
15521748,줴줴이야~
15522253,미드가 와드해뒀는데
15522762,쥐쥐
15523400,선강타 ㅋㅋ
15523402,강타 쓴것도 알고 있넹
15526062,니가 정글로 돌리랫자나
15528427,아
15531571,?
15531780,?>
15532899,ㅋㅋㅋㅋ
15533085,와
15533425,왓?
15533478,?
15533486,유미 ㄹㅈㄷ
15534643,레전드 ㅋㅋ
15534680,왜 갑자기 큰결심을
15534787,ㅋㅋㅋㅋㅋㅋㅋㅋㅋㅋㅋㅋㅋㅋㅋㅋㅋㅋㅋㅋㅋㅋㅋㅋㅋㅋㅋㅋ
15535232,뭐하냐저거
15535431,유미왜..
15536224,스마 애매하게 쓴게 개열받네
15537275,루시안 분노의핑
15537358,와 ㅋㅋ
15537862,ㅈㅈ
15538825,유미 타라니까
15539151,큰결심고양이
15540775,유~~~~~~미
15541019,고양이 ㅋㅋ
15541615,라면먹는중
15542759,루시안 욕박겟누
15543585,딩거정글 ㅋㅋㅋㅋ
15550516,고양이 집중안하냐
15555417,유미 선픽의 근거가 있던건가
15555749,딩거정글은 진짜 편도결석이네
15557453,딩거정글 ㅈㄴ웃기네 ㅋㅋㅋㅋㅋㅋㅋㅋㅋㅋㅋㅋㅋㅋㅋㅋㅋ
15558171,루시안은 지금 고양이 머리털 다 뽑고싶겠네
15562308,딩거정글한테 지게생겼네
15563132,루시안 얼마나 화낫을지 감도안옴
15568229,저게즐겜러지 ㄹㅇ ㅋㅋ
15568949,어허
15569633,다이애나못참았구나
15570721,ㅋㅋㅋㅋㅋㅋㅋㅋㅋㅋㅋㅋㅋ
15570874,ㅋㅋㅋㅋㅋㅋㅋㅋㅋㅋㅋㅋㅋ
15573135,ㅋㅋㅋㅋㅋㅋㅋㅋㅋㅋㅋㅋㅋㅋㅋㅋㅋㅋㅋ
15574407,헉
15574557,저질렀어
15575042,역시 황족
15575189,{:d_221:}{:d_126:}{:d_221:}
15575800,다이애나 못참았네
15576226,ㅋㅋㅋㅋㅋㅋㅋㅋㅋㅋㅋㅋㅋㅋㅋㅋㅋㅋㅋㅋㅋㅋㅋㅋㅋㅋㅋㅋㅋㅋㅋㅋㅋ
15578313,황 족
15581489,순수팩트
15581623,다카콜라 ㅋㅋ
15583749,Akaps ㄷㄷ
15585228,akap...s
15585672,역시 그 라인은 롤잘알이네
15586147,시원하네
15587281,팩트는 다황
15588037,역시 펙트는 미드가
15588137,동조해주죠
15588468,사람사는거 다 똑같지
15589433,Factos
15589611,파카 : 머쓲 ;;
15590652,또 그라인
15591098,속이너무쉬원해
15591672,그런가...
15592324,진짜 신기함 후픽이 항상 지는게
15592851,탑 저럴거면 그냥 선픽 쳐나가 제발
15595129,파카저격
15596639,진짜 레전드 시빌워 발생이다 ㅋㅋㅋㅋㅋㅋ
15598088,탑라인들 다 저러긴 해
15603076,탑은 그냥...
15603874,아캅스는 그래도 그냥 요네 박음
15604493,음?
15605484,반드시 후픽해야지
15607267,엥?
15608130,ㅋㅋ
15609854,나르 ㅋㅋㅋㅋㅋㅋ 바로
15609970,ㅋㅋㅋㅋ
15610109,옳다구나 바로 물기
15610212,헉
15610291,나르 ㅋㅋ
15611115,ㅋㅋㅋ
15611131,ㅋㅋㅋㅋ
15611137,바로 그라인 ㅋㅋ
15611329,난 저래서 탑후픽 절대안줌 ㅋ
15611426,ㅋㅋㅋㄲ
15611524,ㅋㅋㅋㅋㅋㅋㅋㅋㅋㅋㅋㅋㅋㅋㅋㅋㅋㅋㅋ
15611721,ㅋㅋㅋㅋㅋㅋㅋㅋㅋ
15612273,시빌워 on
15612390,헉
15612441,탑 미드 전쟁이다
15612490,ㅋㅋㅋㅋㅋ
15613060,ㅋㅋㅋㅋ
15613390,파카는 후픽 10번하면 2번 라인전이김
15614182,ㅋ
15614347,헉
15614497,그말하고 죽으면
15614530,ㅋㅋㅋㅋㅋㅋㅋㅋㅋㅋㅋ
15615163,헉
15615475,바로 입열기
15615476,ㅋㅋㅋㅋㅋㅋㅋㅋㅋㅋ
15615916,뭣
15616374,너 잘 걸렸다 ㅋㅋ
15616645,헉
15616880,나르 스탑럴커였네
15617260,다이애나가 졌네
15617505,전쟁시작ㄷㄷ
15617710,헉
15617910,zzzzzzzzzzz
15618124,ㅁ ㅝ뭣
15618289,헉
15618469,헉
15618555,헉
15618651,헤이헤이헤이
15618711,헉
15619136,헉
15619248,협곡 내음 ㅈ되네 ㅋㅋ
15619300,ㅋㅋㅋㅋㅋㅋㅋㅋㅋㅋㅋㅋㅋㅋ
15619507,뭣
15620133,갑자기 0.2초 패드립전개를
15620164,잘가라
15620781,어어
15621785,헉 ㄷㄷㄷ
15622619,헉
15622685,ㅋㅋㅋㅋㅋㅋ
15623873,ㅋㅋㅋㅋㅋㅋㅋㅋㅋㅋㅋㅋㅋ
15624068,개화나겠네 ㅋㅋㅋㅋㅋㅋㅋㅋㅋ
15624118,ㅋ
15624888,{:d_116:}
15625982,어어
15626127,ㅋㅋㅋㅋㅋㅋㅋㅋㅋㅋㅋㅋㅋㅋㅋㅋㅋㅋ
15626193,헉
15626670,이게 롤이지 ㅋㅋ
15627919,워워~
15628323,대남이들 못말려
15628502,탑은 똥싸도 누가 기저귀 채워준다는 마인드라니까
15628734,간절한 사람만 화를 당하는..
15629265,워워 애나야..
15629467,애나야 패드립은 ㅓㅓㅓ
15630126,물쥐 웃참 레벨 99
15630155,다이애나야 그래도 그건..
15630800,다이애나 개화낫네
15631687,다이애나 밴 ㅅㅅㅅㅅㅅㅅㅅㅅ
15634878,이판도 갔구나 ㅋㅋㅋㅋㅋㅋㅋㅋ
15636941,ㅋㅋㅋㅋㅋㅋㅋㅋㅋㅋㅋㅋㅋㅋㅋ
15637070,5대5게임 아니었나
15637209,ㅋㅋ
15638617,ㅋㅋㅋㅋㅋㅋㅋㅋㅋㅋㅋ
15639457,애나야 이거 게임이야 인생아니야 진정해
15642886,부모님 안부도 주고 받고 참 훈후운~ 하네요 ㅎㅎ
15643582,후픽박고 찢기는라인 ㅋㅋ
15644993,이러면
15647102,이러면
15649640,무죄
15649850,참지못했구나
15652380,아직 롤 할 자격이 있다 다이애나도 충분히 롤에 어울리네
15652805,이러면 범인은..
15653068,나르 승
15654037,저거 후픽나르였나요?
15654584,탑은 저러면 히죽히죽거림
15654903,이러면..
15656197,다이애나 패
15656297,열 많이 받았네 친구
15657766,초기화 시키는거임
15657969,물쥐는 일단 미드편섰네 마피아겜하니?
15658118,엥
15658626,다이애나 당선이요
15661715,죽다가도 죽이는 라인이지 ㅇㅇ;
15663592,유미로뭘하게
15665584,땃는데
15666422,이제 다이애나가 화가 더 나버린다는거임
15669301,?
15669970,유미가 뭘해
15673562,다이애나 먹어
15675558,어어
15676648,오
15678581,와
15679983,딩거왔다
15680157,나르 말투 ㄷㄷ
15683214,방금 파훼된 것 같기도
15683685,포탑도 튕기네
15684941,마라투 개웃기네
15686025,아만보시전까지
15686477,와 근데 딩거 진짜 거슬린다;;
15687794,ㅋㅋㅋㅋㅋ
15688390,ㅋㅋㅋㅋ
15688456,나이스
15689457,굿
15689632,나르 줘패고싶네
15690540,나르 말투 ㅅㅂ;
15691849,나르 말투 쉽지 않네
15692064,나르는 혀깨물어야할듯
15693501,쿨찐 나르
15693688,바텀은 이득
15694464,?
15696049,유미가 죽지 그냥
15698031,혀가 길다 나르야..
15699646,쟨 cs 차이 나는게 자랑처럼 말하네
15699835,나르는 홀수인가
15700241,살겠다고 탈출하네
15700506,하딩정글은 뭐 이것저것 설치하는데 왜리 똥같아 보이냐
15701475,아오 나르야 닥쳐
15702091,그 죽은 게 자랑은 아니야 나르야
15704743,혀가 길다
15705525,텔까지뽑았으면 괜찮네
15708475,두들겨맞고 말이많냐 나르는
15708680,캬
15711209,can win
15713291,와 기절 초봐라
15713310,ㅈㄱㅊㅇ
15714015,믿힌
15714838,개쎄네
15715257,q로 타워쳐서 스택쌓고 다이브하지
15715267,진짜 간절해보이겠네 팀원입장에서
15715279,cc ㄷㄷ
15715462,어어
15715871,잉
15717193,애초에 나르로 세트한테 ㅋㅋ
15717847,{:d_222:}{:d_126:}{:d_223:}
15718837,개고수노
15719107,ㅋㅋ
15720220,이러면 ㅋㅋ
15720965,헉
15721351,물쥐님 제발 교전할때 1번 좀 눌러주세요 제발
15721405,가다있는게 머야?
15721700,나르 승
15721829,ㅋㅋㅋㅋㅋㅋㅋㅋㅋㅋㅋㅋㅋㅋ
15722713,ㅋㅋㅋㅋ
15722828,뻔한거 ㅋ
15722995,근데
15723443,ㅋㅋㅋㅋㅋㅋㅋ
15723582,진짜 정글러역할하긴하네 ㅋㅋ
15723644,형도하자 딩거정글
15724868,서로 긁네요
15725941,ㅋㅋㅋㅋㅋㅋㅋㅋㅋㅋㅋㅋ
15726256,ㅋㅋㅋㅋ
15726777,와 괴물쥐 지 말릴때는 채팅 ㅈㄴ 치고 팀 분위기 망치더니
15726819,나르 또 긁는다ㅋㅋㅋㅋㅋㅋㅋㅋㅋ
15726859,이러며는 ㅋㅋㅋㄲ
15727228,나르 무죄 다이애나 유죄
15727400,왜 팀끼리 싸워 ㅋㅋㅋ
15728043,나르 껀수 잡아버렸어
15728652,다른챔프도 아니고 딩거로 저러는건 뭔가가있다는거임
15730136,다이애나 당선
15730268,이런말안하려했는데 왜 원딜보다 정글을 더 잘하는거...
15730508,나르 찐이네[
15733570,나르로 세트한테 이기는게 ㅈ나 당연한건데 미치겟노 ㅋㅋ
15733806,나르가 세트cs못이기면 짐승아님?
15734608,하딩 정글 픽에 근거가 있었구나
15735891,진짜 정글로 살기 힘드네
15737179,근데 나르들고  cs 딸릴거면 겜 접어야지 당연한 얘길하네
15747148,?
15747358,?
15751716,형도 형이랑 똑같은애들 만나는거임
15754260,캬
15754564,어우
15756430,휴
15756452,굿
15758893,망한 라인 가면 안돼
15759642,원딜의 피
15761388,수플렉스 맞을뻔
15765781,ㄱㄴ?
15765975,지금이다~
15769051,캬
15771607,캬
15771906,세트 뭐고
15772561,세트 멍청하네
15773073,캬
15775927,3연솔킬은 아니긴해.. 딩거와서
15776968,이게 탑인가
15782592,오늘도 쥐라뎃이구나
15783253,?
15784695,ㅈㄴ빠르네
15789317,포탑이 어마무시하네
15793219,포탑떄문에 빠른듯
15794303,자이라느낌이네
15795722,거드라 나오면 개빠르긴하지
15798485,자이라 같은 느낌이노 딱
15799830,ㅋㅋㅋㅋ
15802065,ㅋㅋㅋㅋㅋㅋㅋㅋㅋㅋㅋㅋㅋ
15802744,아... ㄱ-
15803689,증바람인듯?
15804876,딩거원래 탑으로도 20분솔바론하잖아
15807140,짜오 거드라가면 정글링 빠르네
15808705,딜유미 ㅋ
15808942,용도 먹히겠노
15809845,어뷰아님????
15814462,증바람도 루덴잘안가는데
15814487,큐로 딜하겠다 그런 뜻인가봄
15815117,"아니 루덴 유미할꺼면 차라리 쭈꾸밀,ㄹ해라"
15816251,아찔하네
15819746,딜유미 ㅋㅋㅋㅋㅋㅋㅋㅋ
15820811,루덴유미면 시위할만한데?
15823977,딩거정글 개빠름 궤도오른 카서스정글 속도 생각하면됨
15827230,루덴유미 물쥐서폿이였으면
15828051,진짜 대꿀잼이네 애들
15828526,강타도 없어가
15832696,딩거 잘함 어뷰아닌듯
15835048,루덴데캡은 옛날 초창기유미 아닌가 ㅋㅋㅋ
15837173,유성든거부터 어지러운데
15837419,걍 루시안이 한마디 했다고 기싸움 거는거임 ㅋㅋㅋ
15838841,루시안은 화날만하네
15843355,ㅋㅋ
15843414,물쥐님 ㅇㅁ 어뷰아님?
15843910,아이고야
15845127,야미
15845434,ㅋㅋㅋㅋㅋㅋㅋㅋㅋㅋㅋ
15845551,한입마안
15845698,이럼 용 먹자
15845732,야미
15846089,야미..
15846570,크게 한입 ㅋㅋ
15847718,야미
15848001,77ㅓ억
15848630,맛있으면 또먹지
15849863,킬딸 ㅅㅅ
15850144,미안하고 맛있다
15850587,오?
15851055,또먹으면 배탈나
15851303,미안하다 맛있다
15853994,캬
15855328,유미가..
15855483,야미
15856208,저게 저입에 ㅋㅋㅋ
15856594,제압을
15857058,입이 이게
15857430,용묵댜
15858718,우마~
15860414,들어가는 입이 아쉽긴하네
15861694,아무리그래도 짜온데
15863458,수준 왜이러냐 ㅋㅋㅋㅋㅋㅋㅋ
15863473,딩거 메자이 찢김 ㅋㅋ
15865387,뒤질번하긴함 ㅋㅋ
15866198,메자이는 미쳤나
15868049,탈진 아니면 즉었는데?
15868565,유미킬 ㅋㅋ
15868756,오
15870233,오
15874383,침착해
15876932,오 뭐야
15877506,오
15879503,루시안이 1:1 이긴다
15879509,탑도 땄네?
15880296,이러면...
15881356,나르 각성
15886722,이게 무승부?
15886845,개이덕
15887052,한번따주니까 굿
15888369,나르 패드립듣고 각성햇다
15889248,내려
15890529,유미 탬 꼬라지는 빠따 마렵네
15891735,지금까정 유미때매 진거네
15894967,ㅋㅋ
15896766,내려 우솝
15900636,"유미, 내려"
15901931,조패고싶은 유미 ㅋㅋ
15906122,ㅎ
15906500,나르 십 ㅋㅋ
15906537,안물 ㅎ
15907115,아 나르좀 차단마렵네
15908210,ㅋㅋㅋㅋㅋㅋㅋㅋㅋㅋㅋㅋㅋ
15908429,ㅋㅋㅋㅋㅋㅋㅋㅋㅋㅋㅋㅋㅋ
15908682,ㅋㅋㅋㅋ
15908795,유미한테 가줘 라고 한거 뭔가 꼴리네 ㅎㅎ
15909216,ㅋㅋㅋㅋㅋㅋ
15910093,나르 ㅋㅋㅋ
15910733,ㅋㅋㅋㅋㅋㅋㅋㅋㅋㅋㅋㅋㅋ
15910796,안물 ㅎ
15911118,코자다
15911533,나르는 진짜 ㅈㄴ패고싶다
15911584,유솝 내려
15914447,ㅋㅋㅋㅋㅋㅋㅋㅋㅋㅋㅋㅋㅋㅋ
15915583,ㅋㅋㅋㅋㅋㅋㅋㅋㅋㅋㅋㅋㅋㅋㅋㅋㅋㅋㅋㅋㅋㅋㅋㅋㅋㅋㅋ
15915762,안물 ㅎ
15916029,둘이 잘맞네 ㅋㅋㅋ
15916442,정병 게임
15916835,ㅋㅋㅋㅋㅋㅋㅋㅋㅋㅋㅋㅋㅋㅋㅋㅋㅋㅋㅋㅋㅋㅋㅋㅋㅋㅋ
15917215,나르가 은근히 말을 잘해서 다이애나만 뿔남 ㅋ
15917293,진짜 탑은 저런애들이 하는거야
15920586,사이좋네
15920798,다이애나 시원하네 ㅋ
15921353,에후잉
15922026,신 튜 렁
15922383,이게 마 700?
15924193,나르 코자임?
15924763,이건 다이애나가 진게맞다
15924922,ufc일어낫네
15925385,이거 2코어 갈하임?
15925631,징하네 둘다
15925676,흐에
15928699,둘다 똑같다
15928963,나르 말빨오지노
15930336,둘이 듀오하면 될것같은데?
15931374,아 나르 잘긁네 ㅋㅋㅋ
15932105,근데 다이애나가 처음에 쓸데없이 이니쉬 연건데 ㅋㅋㅋ
15932173,잘맞네
15932371,탑이 뭔 죄라고
15934721,나르 잘 긁네
15937965,나르걍 말ㅈㄴ하기싫은 찐말투인데
15938480,그래도 아직 이렇게 게임에 간절한 애들이 있구나 저렇게 싸우기도하고
15939422,나르 2승 챙기고 시작하네 ㅋㅋ
15939718,ㅋㅋㅋㅋㅋㅋㅋㅋㅋㅋㅋㅋㅋㅋㅋㅋㅋㅋㅋㅋㅋ
15940815,이상한 서폿 걸렸을때 괴뮬쥐 본느거같네
15941112,나르가말제일많긴해
15942073,진짜 계집들마냥 기싸움하네 예전같았으면 바로 니유미 나왔는데
15945294,걀하가야지 뭐가
15945789,나르나 다이애나나 그게 그거 같은데ㅋㅋㅋ
15946615,채팅만 보면 브론즈노
15947185,캬
15947430,뭐여 정글 딩거였음? ㅋㅋㅋㅋㅋㅋ
15948350,나르는 딱 학교 다닐 때 입털다가 뺨아리 한대씩 맞을 스타일이노 ㅋㅋ
15948865,갈하안가노
15949368,진지하게 다이애나가 진듯
15950044,롤대남등 ㅋㅋㅋ
15950074,나루토 사스케 ㄷㄷ
15953428,근데 둘다 빡쳐서 건덕지 안잡힐라고 개빡겜 하는중 ㅋㅋㅋ
15954188,서로 솔킬 안따이려고 잘해지는중 ㅋㅋㅋ
15954946,이거 거드라황새균열임
15954981,증오수련법 ㄷㄷ
15955770,못난놈들
15955910,부모는 지켜야지 ㅋㅋㅋㅋ
15956137,라이벌 의식
15960950,결국 이번판도 정글이구나
15965221,서로 악의의 경쟁중
15966070,정작조용한바텀
15967913,캬
15968282,진짜 절망적이다
15969913,엥
15972023,갈하안가냐
15979368,갈하 안가는 트리임
15980550,다이애나가 패드립 했는데 나르가 그냥 웃어버림 ㅋㅋ
15981186,다이애나가 좀더 잘하긴함
15981827,님들 폼 절정의 괴물쥐 vs 폼 저점의 오너 누가 더 잘함?
15984660,요새는 거황이 대세인데
15992063,갈하 안가구나
15993456,6렙전 3연솔킬은 진짜 입열면 안되는데 괘씸할따름
15995594,뭔가 물쥐 솔랭보고 있으니까 롤 하고싶은 마음 사라짐 ㅋㅋ
15995947,굿
16000895,다이애나 더 화날듯
16003358,나르 승
16007023,탑 승전보 울려서
16010768,정지안하는 거 같다길래 즐겜 했더니 30일 정지당함
16015529,나르만봐주는 짜오에 다이애나 화날듯
16019568,딩거개빨라
16022424,줴줴이야
16022981,아이고
16024159,다이애나 극대노
16025947,?
16027734,미친판단
16027900,딩거 스킨 개징그럽네 진짜
16028202,{:d_126:}{:d_126:}
16028694,궁낭비
16028715,ㅋㅋㅋㅋㅋㅋㅋㅋㅋㅋㅋㅋㅋㅋㅋㅋㅋㅋㅋ
16029261,ㅋㅋㅋㅋㅋㅋㅋ
16029312,걍 집ㄱㄱ
16031140,궁은 왜
16031492,{:d_126:}{:d_126:}{:d_126:}
16031689,갈비뼈부셔지네
16032142,노틸을 무시하면..
16032429,ㄱ그냥 집가지
16033624,똥이 나오려 해
16034096,나르 개웃기네
16034310,유체화 딩거 무서운데
16034748,뭐만하면 더블킬 먹고 해버렸으니
16035863,다이애나 석나갔다 ㅋㅋ
16036581,다이애나 괜히 이니쉬 걸었다가 업보받네
16040050,뿌 찍
16041213,부메랑 압수 ㅋㅋ
16045736,ㅋㅋㅋㅋㅋㅋㅋㅋㅋ
16046142,진짜 화났네 ㅋㅋ
16046322,나르 화난다
16048502,ㅋㅋㅋㅋㅋㅋㅋㅋㅋㅋㅋㅋㅋ
16048801,ㅋㅋㅋㅋㅋㅋㅋㅋㅋㅋㅋ
16049750,건피중
16050129,ㅋㅋㅋㅋㅋㅋㅋㅋㅋㅋ
16051342,개념싸움붕
16051428,존나 징징대네 다이애나
16052605,ㅋㅋㅋㅋ
16052858,심도있는 토론을
16053221,즐기는 경지다
16053678,나르 개잘긁네 ㅋㅋㅋ
16054372,ㅋㅋㅋㅋㅋ
16054555,겜하다말고 뭐하는 짓이지 이게
16055604,둘이 뽀뽀하겠어
16055912,다이애나 정글안테도 슬슬 전선 열듯
16056266,건전하네요
16057791,근데
16058289,프제짱이네
16058776,100분토론 on
16059660,들이 천생연분이네
16060684,둘이 맥문철 가나요
16061068,아무래도 말싸움은 나르가 이긴거같아
16061295,둘다 맞는말이긴함
16061362,할건하면서 하네 개웃기게 ㅋㅋ
16062022,다이애나는 잘못 없다는거임
16063048,이러다 프로 하겠어
16064501,눈가리고 보면 ㄹㅇ 에메딱 솔랭같네
16067640,오우
16069671,겜은 이기네
16073911,다이애나는 잘못 없다는거임 걍 유미 픽이 에바임 ㅇㅇ
16074533,오 나르
16074676,유미 눈치 뒤지게 없네
16075735,나르가 갑자기 잘해버려서
16077355,탑 승
16077964,2웹부터 솔킬딴 다이애나 화 잔뜩난거 보인다
16078269,유미는요?
16078466,아예 질게임은아님 ㅇㅇ
16079247,나르가 ㅈㄴ못했던게 발단아닌가
16080151,진작 싸웠어야했음 ㅋㅋㅋㅋ
16082901,뭔 다이애나가 잘못이없음 채팅시작이
16083310,나르 화나서 잘하고 있는거임?
16084632,나르 030이였잖아
16084652,애나야 니가 졌다..
16086968,루시안 잘하네
16087020,ㄷ다이애난데 ㅋㅋㅋㅋ
16087113,업무미팅 하는거임
16087326,나르가  더 잘하고 있어서 다이애나 자극받겟다 ㅋㅋ
16087495,물쥐야 초선메타로 그냥 너가 중간에서 이간질해서 더 잘하게 부추겨라
16088114,원래 유미같은 애들이 조용하고 다이애나 나르같은애들이 이기고싶어서 화도 내는거임
16089382,근데 웃긴게 딱 다이애나가 욕하고나서부터 나르가 잘해짐 ㅋㅋ
16090103,여기서 물지가 제일 착함 지금
16092370,애나야 니가 졌다 사과해라..
16092373,나르는 세트한테 솔킬3번따였는데 뭐가 잘하냐 ㅋㅋ
16093264,디테일 전혀 다른디뭔 에메야
16093506,진지하게 다이애나보다 나르가 잘하는거같으면 개추 ㅋㅋㅋ
16096748,자존심 준내게 세네
16098911,근데 나르 다이애나가 한소리하니까 잘해지기 시작함
16102020,다이애나는 화날만해
16103207,애들이 못하진 않음
16103694,나르보다 다이애나가 잘하지 ㅋㅋ
16103716,솔킬 세번아님 ㅋㅋ 딩거 갱옴
16103800,지금 게임에 도움되는건 나르긴함
16104484,나르가똥쌋는데 다이애나가 건피해서 ㅈ잘해짐
16105165,나르가문제임
16107533,팩트긴 했는데 욕 을 섞어서 그렇지
16115031,다이애나는 걍 피해자 라는거임 ㅇㅇ
16121383,솔킬 계속 따고
16121678,왜 욕먹고 잘해짐 ㅋㅋ
16125160,고아 채팅친 순간부터 피해자는 아니고 ㅇㅇ
16126080,갱 로밍당해서
16127752,원래 유미 뽑으면 미드가 존나 힘듬
16128607,다짜고짜 패드립박은 다이애나나 말투저따구인 나르나 정상은아니긴해 ㅋㅋ
16129271,그렇지
16132000,다이애나는 맨날 서폿정글와서 억울하긴하지 ㅇㅇ
16132774,ㄹㅇ
16133102,다이애나도 이기고싶으면 입닫아야지 ㅋㅋ
16133438,매우 슬프네
16135846,가야지
16136420,둘 다 거기서 거긴데 ㅋㅋㅋㅋ
16136819,바텀 이놈들이 제일문제인거같은데
16145750,다이애나도 똑같은 놈이지 뭐ㅋㅋ
16152010,틱뎀 ㅋㅋ
16152259,ㅋㅋㅋㅋㅋㅋㅋㅋㅋㅋ
16152350,BBBBB
16153630,ㅋㅋㅋㅋㅋ
16153779,?
16153993,ㅋㅋㅋㅋㅋㅋㅋㅋㅋㅋㅋㅋㅋㅋㅋㅋㅋㅋㅋㅋㅋㅋㅋㅋㅋㅋㅋ
16154073,ㅋㅋㅋㅋㅋㅋㅋㅋㅋㅋㅋㅋ
16154090,ㅋㅋㅋ
16154150,ㅋㅋㅋㅋㅋㅋㅋㅋㅋ
16154211,ㅋㅋㅋㅋㅋㅋㅋㅋㅋㅋ
16154462,유미가 집가고싶나봐
16154803,ㅋㅋㅋㅋ ㅋㅋㅋㅋ ㅋㅋㅋㅋ
16154928,ㅋㅋㅋㅋㅋㅋㅋㅋㅋㅋㅋㅋㅋㅋㅋㅋㅋㅋㅋㅋㅋㅋㅋㅋ
16155086,죽불인가
16155156,?
16155168,ㅋㅋㅋ
16155574,와 ㅋㅋ
16156099,ㅋㅋㅋ
16156434,전도체먹엇나
16156491,ㅋㅋㅋㅋㅋㅋㅋㅋㅋㅋㅋㅋㅋㅋㅋㅋㅋㅋㅋㅋㅋㅋㅋㅋㅋㅋㅋㅋㅋㅋㅋㅋㅋㅋㅋㅋ
16156652,bbbbbbbb
16156688,개그
16156715,ㅋㅋㅋ
16156730,ㅋㅋㅋ
16157621,죽불이횽이야
16158091,ㅋㅋㅋㅋㅋㅋㅋ 기생충
16158286,ㅋㅋㅋㅋㅋ
16158399,도트뎀 고트 ㅋㅋㅋ
16160155,그냥 정글할 줄 모르면 괴물쥐 유튜브 보면 됨 ㅇㅇ
16161696,지옥전도체 ㅋㅋ
16162447,귀환딸을
16163462,죽불이횽이야
16164420,냐옹
16166326,ㅈㄴ웃기네
16167755,아니 유미는 대체 왜 온거냐
16170383,{:d_106:}
16174003,텔이다
16175839,칼군무
16182077,유미 이새끼뭐하지
16183170,나르 잘 버텼다
16183187,오케이 텔 뺐어
16186319,유미 궁보소 ㅋㅋㅋㅋㅋㅋㅋㅋㅋㅋ
16189038,응징해야지
16192009,루덴유미니까 힐량 쥐좃만하네
16192175,님들 폼 절정의 괴물쥐 vs 폼 저점의 캐니언 누가 더 잘함?
16192327,정글 딩거 ㅋㅋ 근데 잘함 ㅋㅋ
16193961,상대 저렇게 턴 쓰는데
16197479,루덴 유미 ㅈㄴ웃기네 ㅋㅋㅋㅋㅋㅋㅋㅋ
16198835,유미가 못하기도 하네
16200376,진짜 루덴유미를 줘패고싶네
16205622,유미가 시야 안잡으니까
16205868,ㅋㅋㅋㅋㅋㅋㅋㅋㅋㅋㅋ
16206200,ㅋㅋㅋ
16206368,ㄹㅇ
16206373,jj
16206404,ㅋㅋㅋㅋ
16207541,ㅋㅋㅋ
16207688,개소름 ㅋㅋ
16207775,진짜 괴물쥐 몸에 안맞는 원딜이 아니라 정글이 주포지션이었으면 챌 그냥 찍었을듯
16207948,ㅋㅋㅋㅋㅋㅋㅋㅋㅋ
16208273,줄건줘잇
16208555,ㅋㅋㅋㅋㅋㅋㅋㅋㅋㅋㅋㅋㅋㅋㅋㅋㅋㅋㅋㅋㅋㅋㅋㅋㅋㅋ
16209648,도망고트
16209754,유미는 루덴간순간 인간으로 치면 안됨
16209775,루시안만 죽자너
16210209,품절정 괴물쥐 아님?
16210250,털바퀴
16210368,zzzzzzzzzz
16213282,크아악
16213352,주식 잘하겠네 ㅋㅋㅋㅋ
16217597,오
16217920,오
16218238,최대한 했는데
16220082,할거 다했다
16220288,캬
16221216,할거다햇다
16222169,황새만 있었어도
16223906,아
16224588,데미지흡수많이했는데
16225801,와 궁ㅇ벗는데 좀 무리아녓나
16227108,ㄹㅇ
16227916,궁쿨아깝긴한데 어쩔수 ㅇ럾네
16228822,짜오 체급 뭐냐 씹
16228882,궁있을때하지
16228955,ㄹㅇ
16229683,다 잡았는데
16230049,ㄹㅇㅋㅋ
16231624,유미는 언제 절로갔냐
16234615,각은좋앗음
16235954,쿼드라킬이었지
16236768,유미가 근데 너무 ㅈ구려
16237657,으라차차하긴했는데
16237990,한타를 해야 좋은 조합인데 까비 ㄷㄷ
16238373,ㄲㅂ
16239933,짜오 너프먹지않음?
16240181,궁도 없었고 황새도 못 뽑았고
16240186,유미 유기 속도는 ㅋㅋㅋ
16240195,황새랑 궁플이 너무 아쉽다
16240806,유미 탈출각보소 ㅋㅋ
16241141,유미 주식 잘하겠는데
16241674,유미 쓸모가없냐
16241867,황새가 신파급이긴하지
16243229,유미있으니까 유지력 좋긴하네
16243362,유미 진짜 너무 쓸모없다 ㅋㅋ
16243535,ㅋㅋㅋㅋㅋㅋㅋㅋㅋㅋ
16244134,유미 ㅋㅋㅋㅋㅋㅋㅋㅋㅋㅋㅋㅋㅋㅋㅋ
16244502,궁쿨 ㄲㅂ
16244730,시야를 뚫어줄 사람이 없어서
16245710,유미 개웃기네
16246493,유미햄 ㅋㅋㅋㅋ
16246669,유미입터네 ㅋㅋㅋ레전드
16246903,유미도 시작하네 ㅋㅋㅋㅋ
16247322,유미 쳐해놓고 ㅅㅂㅋㅋㅋㅋ
16247755,드디어 입을 연
16247806,브랜드 자르는판단은 지리긴햇어
16248226,유미 레즌드네
16248339,ㅅ발 ㅋㅋㅋㅋ 유미
16248577,유미 목조르고 싶긴하네
16248620,와 유미 ㅅㅂ
16251613,유미 와...
16251692,루덴유미 야다.........
16252687,와 나르근데 건피이후에 노데스4킬4어시 실화임?
16253240,유미 루덴이네
16253363,와 유미까지입털면 재앙인데
16253926,궁만있었으면 역전인데 각이 좋았는데 까비
16253944,ㅋㅋㅋㅋㅋㅋㅋㅋㅋㅋㅋㅋㅋㅋㅋㅋ
16254330,유미야 너는 진짜 입열면안되는거아니냐 ㅋㅋㅋ
16256278,유미야...
16256612,너무못한다 원딜 입갤 ㅋㅋ
16257965,잠만 유미 템이 루덴인데
16258476,딩거 어카누
16259712,유미까지 시작 ㅋㅋㅋㅋ
16259912,유미야 ㅋㅋ
16260187,탑이고 미드고 유미가 제일 역하네
16260452,유미가 입열면 ㅈㅈ
16261254,루덴유미가 입을터네
16261323,ㅋㅋㅋㅋㅋㅋㅋㅋㅋㅋㅋㅋㅋㅋ
16261605,유미의 발언에 미드 탑 조용 ㅋㅋ
16262236,어지럽네
16263149,ㅋㅋㅋㅋㅋㅋㅋㅋㅋㅋㅋㅋㅋㅋㅋㅋㅋㅋㅋㅋ
16263420,ㅋㅋㅋㅋㅋㅋㅋ
16263454,루시안 발작버튼 눌리게하네
16263464,와 죽여버리고 싶다 ㅋㅋ
16263716,턴얘기 해봤자 우리 브실이라 이해모쇝
16263742,뭔 정글하딩이냐 ㅋㅋㅋㅋㅋ
16263823,아...유미...
16264680,템도 좆같음
16265570,유미 진짜 싸커킥 마렵긴하네 ㅋㅋㅋㅋ
16266393,유미 개꼴린다 ㅋㅋㅋ
16269105,유미 미친 ㅋㅋ
16269246,ㄹㅇㅋㅋ
16271232,선픽 유미박고 내려서 2킬 이상 따이고 저런 말 하는  게 맞아?
16271253,"""우리오빠는 안그러던데"""
16271891,진짜 저런말하면 죽이고싶던데
16273434,충격에 말을 잇지 못하는 중
16274568,ㄹㅇ
16274714,ㄹㅇㅋㅋ
16274945,Kda만 보면 루시안이 고아인데 ㅋㅋ ㅈ냥이쉨
16275931,루덴 처가놓고 뺨마렵네
16277733,오빠버스받아서
16277878,유미가 팀원 놀리는 재미는 1등임 ㅋ
16279103,유미잘알이네 ㅋㅋ
16284128,공공의 적 등장
16285067,유미 발언에 탑 미드 충격받고 조용
16285078,"""유미하면 당연히 이기는건데"""
16285592,악귀들만 있네 ㅋㅋ
16285758,주제파악을 못함
16287161,바텀싸움 on
16290059,유미 여자라고 생각하니까 개꼴리네 ㄷㄷㄷㄷㄷ
16290591,ㅋㅋㅋ
16291002,그럼 유미 여자임?
16292220,레드 ㅋㅋ
16292282,유미들은 그마오빠가 플레다이아에서 양학하는게 1인분임
16292763,?
16293551,유미레드 야미
16293739,레드 유미가먹음 ㅋㅋ
16293862,유미레드 ㅋㅋ
16293997,?
16294907,그래도 물쥐님 원딜할때보단 유해짐ㅋㅋㅋㅋㅋㅋㅋ
16295017,눈이높아유미들이
16295693,ㅋㅋㅋㅋㅋㅋㅋㅋㅋㅋ
16295752,ㅋㅋㅋㅋ 유미가 레드먿음
16296187,레드 ㅅㅂㅋㅋㅋㅋㅋㅋㅋㅋ
16296310,레드 진짜에요?
16297087,레드 유미가 먹음 ㅋㅋㅋ
16297123,레드도 유미가 먹음 ㅋㅋㅋㅋㅋㅋㅋㅋ
16297266,ㅋㅋㅋ
16297360,유미레드 ㅋㅋㅋㅋㅋㅋㅋㅋㅋ
16297474,버려잇
16297632,내려
16297666,유미하는 애들은 다 싸가지가없음
16298021,레드를 왜..
16298727,유기묘
16299123,기생 ㄷㄷ
16299485,ㄹㅇ ㅋ
16299583,내려 기생충련아
16300597,레드 유미가 먹었노 ㅋㅋㅋㅋ
16301073,유미가 레드먹음 레전드 ㅋㅋㅋㅋ
16301941,충격요법이 좋긴하네 ㅋㅋ
16302431,ㅅㅂㅋㅋㅋㅋㅋㅋㅋ
16303085,ㅅㅂ
16303088,유미레드 ㅅㅂㅋㅋㅋㅋ
16303263,레드 유미 진짜예요?
16304313,레드유미 개웃기네 걍
16304786,유미 레드 ㅋㅋㅋㅋㅋ
16304866,유 ~ 미 레(전)드
16307978,유미가 레드먹은게 진짜 ㅈㄴ 웃기네 ㅋㅋㅋㅋㅋ
16308164,와 유미가 레드 처먹은거야?
16308322,유미가 레드 처먹는다고?
16309394,레드 유미 습박 ㅋㅋ
16311051,저게저입에
16312197,루시안 ㅋㅋ
16314086,ㅋㅋㅋㅋㅋㅋㅋㅋㅋㅋㅋㅋㅋㅋㅋㅋㅋ
16314439,유미 진짜 유미 없네
16315566,루시안레드어디감?
16317378,와
16317515,오우 궁으로 진짜
16317856,루시안이 보살이다
16319702,짜오가 움직이면 안맞는다고 ㅋㅋ
16321957,팅팅팅팅
16322033,와 탱크네 신짜오
16322664,괜찮아
16323444,아 맛있게 막았는데 진짜
16324284,어라?
16325503,으아아
16325793,짜오궁 개사긴긴하네
16325887,아니네
16326297,뿌 직
16327572,오 다이애나!
16327581,개빨렸네
16328308,오
16328581,오
16329396,다이애나
16329574,다이애나ㅏ
16329972,캬
16330200,오우
16330297,다이애나 ㄷㄷㄷㄷㄷㄷㄷ
16330981,오
16331187,분수쑈
16331396,와 ㄷㄷㄷ
16331590,캬
16332163,캬
16332261,오우쉣
16332805,역시 큰일은 미드가
16333040,분수쇼
16333137,캬ㅑㅑㅑ
16334280,딜이
16334949,쥐너
16335223,캬ㅑㅏㅏㅏㅏㅏㅏㅏㅏ
16335737,믿고있엇다고 ㅋㅋㅋ
16336466,킹애나
16336512,그렇지
16337345,캐
16337972,다이애나 궁각레전드
16338909,브랜드에
16339242,정글의 신 괴물쥐!!!!!@!!!!!!!!!
16339442,걍 둘다 잘하는데?ㅋㅋㅋㅋㅋㅋㅋㅋㅋ
16339456,유미 캐링
16339465,루덴의철학ㅋㅋㅋ
16340907,다이애나 나르 합작품 지리노
16341032,ㅋㅋㅋㅋㅋㅋㅋㅋㅋㅋㅋㅋㅋ
16341797,나르 다이애나의 합작 ㄷㄷㄷㄷ
16341854,틱뎀 ㄷㄷ
16342397,브랜드한테
16342796,브랜드 죽불
16343228,유미더블
16343246,다이애나 사면!!
16343899,유미 캐리
16344262,ㅋㅋㅋㅋ
16345075,브랜드 지속딜
16346154,솔직히 유미가 제일 심각한거같음
16346555,전도체 ㄷㄷ
16347018,신짜오로 모든 스킬을 받아낸 물쥐 캐리라고 볼수있네
16347805,다이애나 방금 빡세게 해냈다
16348028,브랜드
16348222,미쳤다
16349262,공쥬캐리 ㅋㅋ
16351215,브랜드 we만해도 도트딜 미침
16351950,경기 진짜 수준높네 다이애나 프로임?
16355014,곤듀캐링
16356086,4ㄷ5를 이렇게 힘들게 이기네
16358029,루덴 레드 유미 캐리링 ㅋㅋ
16359048,찐광기 유미에 다이애나 나르 조용 ㄹㅋㅋ
16359860,다이애나 개빠르네
16360197,걍 톰과 제리나 이샛기들은
16365059,레드유미 줜나기엽네
16365133,다이애나 프로급 템포죽이고 진입하는거 미쳤다
16367560,ㅅㅂ
16368294,캐리링
16368765,레드유미 귀엽노 ㅋㅋ
16372175,신동유미임?
16378434,유미하면 팀이 다 힘들어
16383947,브랜드궁인가?
16384440,사실 미드 ㅂ둘다 잘하고있는데 서로 싸우는게 웃기네 진짜 범인은 따로있는데
16387502,시야가 없으니까 힘듬
16387878,다이애나 본인이냐?
16389738,유미가 더 욕해줬음 좋겠다. 못참겠어....
16399377,신짜오 q가 궁쿨도 줄여저서 참 좋아
16399509,유미 게임 진짜 노유미처럼하네
16399676,아오 쥐민아
16401261,이거 노틸이나 알리 서폿이었으면 진작에 겜이겼을거같은데
16405440,어어
16409037,몸이 안움직여
16410122,ㅋㅋㅋㅋㅋ ㅋㅋㅋㅋ ㅋㅋㅋㅋㅋ
16411189,ㄱ-
16412782,줴줴이야
16414123,ㅋㅋㅋㅋㅋㅋㅋㅋㅋㅋㅋㅋㅋㅋㅋㅋㅋㅋ
16414313,ㄱ-
16414316,결국 못 참고 한마디
16415367,범인 알거같으면 개추
16415409,시야절대못잡음 유미
16415418,와 루시안 위험했네
16415505,ㅈㅈㅇㅇ
16415579,유미는 그런거몰라
16416281,유미는 그런거 몰라
16416510,신짜오 참전
16417996,유미는 그런거몰라 ㅠㅠ
16418323,유미가 ?
16418607,유미로 어캐잡음 ㅋㅋㅋㅋ
16421021,유미는 시야같은거 몰랑~
16421749,원딜 정글이 제일고생임 ㅋㅋ
16422035,유미는 그런거몰라잉
16422176,나 유미인디 ㅠㅠ
16423211,시야 무료로드리게스
16425698,어케잡는데 ㅋㅋ
16426131,ㄲㅂ
16426541,ㄲㅂ
16426602,펀쩍
16426869,우리오빠는그런거안시킨단말이야
16428161,와 잘하는데
16429482,다이아내 잘해
16430620,FACTOS
16432080,ㅋㅋㅋㅋㅋㅋㅋㅋㅋㅋㅋㅋ
16432389,다이애나근데진짜잘함
16433439,쥐카콜라 ㅋㅋ
16433795,ㅋㅋㅋㅋㅋㅋㅋㅋㅋㅋ
16433821,캬
16433828,루덴유미한테 시야잡으라고 하는 괴물쥐 잘못임 .
16434863,ㅋㅋㅋㅋㅋㅋㅋㅋㅋㅋㅋㅋ
16435000,ㄹㅇ
16435049,FACTOS
16435850,ㅋㅋㅋㅋㅋㅋㅋㅋㄴㅋㅋㅋ
16435865,헉
16435881,헉!!!!
16436253,참지못한
16436839,ㅋㅋㅋㅋㅋ ㅋㅋㅋㅋ ㅋㅋㅋㅋㅋ ㅋㅋㅋㅋ
16436919,공듀 퓨ㅠㅠㅠ
16437004,쥐카콜라
16437133,유무룩
16437188,유미 상처받는다
16437239,캬
16437653,그만싸워물지야
16437938,골고루 서로 잡도리하네
16438175,학
16438232,헉
16438451,캬
16438623,머래 너나잘해;;
16438663,ㅋㅋㅋㅋㅋㅋㅋㅋㅋ
16439013,짜오도 참전
16439108,유미 입 닥치네
16439367,(침묵)
16439560,ㅋㅋㅋㅋㅋㅋㅋㅋㅋㅋㅋㅋㅋㅋㅋㅋㅋㅋㅋㅋ
16439590,시원하네
16439809,팩트는 쥐튜브
16440766,미안한데...
16441431,내리자 말라고 오더해
16443929,유미 맨헤라온다
16444531,쏙이~~뻥
16444958,유미 메이킹 서폿했으면 겜진즉에이겼음ㅋㅋ
16445301,유미 입 다물었다
16445618,머래 니나잘행
16446526,죽을까봐 바로 내린거 봐 ㅋㅋㅋㅋㅋㅋ
16447762,뭐랭 너나잘행;;
16448491,장막 마사지
16450198,진짜 한소리해야 정신 차리나?
16450672,사실 미안하진 않아
16451064,시원~하다!
16451723,유미 이제 삐져서 정글한테 안탐
16453303,유미 좀 꼴리네
16454119,무릎냥이래요 ㅇㅇ;;
16455176,걍 브라움만 했어도 이기는데
16460002,유미 입꾹닫 뭐냐?
16460054,유미로 못한다는 소리는 ㅋㅋㅋㅋ
16460572,타지마 ㅋㅋ
16461819,유미 정글쪽으로 궁 안쓴다 ㅈ댓다
16462031,마스터에 코자가 있겠냐
16465240,유미삐질게
16466691,아아
16466845,시야나 잡아라
16467619,딩거딜 레전드네
16468269,야다
16468774,뭐 먹나보네
16469363,거기로 가면
16469678,유미 q 언제 맞추냐
16471572,진짜 루덴 유미 구리다
16472096,유미 여론전 지니깐 입꾹닫
16479338,못하고 채팅치는 유미같은 애는 진짜 역한데 다이애나는 잘하니까 그나마 괜찮긴하네
16479609,유미 몸매 보소 ㄷㄷㄷ
16482043,ㅋㅋㅋㅋㅋㅋ
16486334,딩거 궁있음
16489325,개빡일텐데
16489776,유미 어디 사냐
16491081,1픽으로 박은 유미에 대한 철학이 아예 없어
16491590,?
16493425,거리를....
16497370,피흡봐라
16499027,쎈바론이네
16502054,유미삐져서 힐안주네ㅋㅋ
16503940,황새 좋누
16506799,짜오 피흡량봐라
16509865,황새 쭈옵
16515268,유미 이제 힐 없음
16519025,노스킨 유미
16520481,좋은데
16522398,캬
16522553,마쉿다
16527641,오버턴아녀?
16531522,유미 힐 이러네
16531638,아 힐없어졋구나 몰랐서
16533065,두꺼비까지만 싹
16535857,선스마 안하면 안될까
16536477,오
16536749,리쉬를~
16539098,잘먹고갑니다
16541378,무서운데
16541649,라일라이 레전드
16543067,슬로우가 몇 초여
16547906,세트를 잡네 ㄷㄷ
16548157,세트를 이기네 ㄷㄷ
16550038,와쥐짜오
16552098,캠프 빠르게 돌리고
16553406,다이애나 잘하긴한다
16555257,나르랑 다이애나 이제 묵묵하게 겜하네
16555711,다이애나가 세트 어캐이기는거냐
16558882,ㅋㅋㅋㅋㅋㅋ
16559533,ㅇㅈ
16560439,ㄹㅇ ㅋㅋ
16560512,ㅋㅋㅋㅋㅋㅋㅋㅋ
16561601,애들 갑자기 채팅안치고 빡집중
16561621,ㄹㅇㅋㅋ
16562137,ㅋㅋ
16564501,ㅋㅋㅋㅋㅋㅋㅋㅋㅋㅋㅋ
16566179,적의 적은 아군이다 ㅋㅋ
16566412,ㅋㅋㅋㅋㅋㅋㅋㅋㅋ
16566456,쥐카콜라 ㅋㅋ
16566860,잘 아네
16567106,ㅎㄱ
16567887,유미 해놓고 루덴간거도 레전드임...
16567899,나르도 솔킬딴 이후로 그래도 뭔가 해주는데
16568545,ㅋㅋㅋㅋㅋ
16569152,ㅋㅋㅋㅋ
16569346,여자야?
16570124,공주픽 ㄷㄷ
16570178,차라리 그걸하지 유미를해서 ㅋㅋㅋ
16570858,뭐야 요즘 짜오 템 저래감??
16571280,ㄹㅇㅋㅋ
16571880,유룰세나
16572426,유룰세나
16572656,잔나 소나 소라카 ㅋㅋ
16572907,이쁠듯
16573210,ㄹㅇ 브라움했르면 진작에이김
16573215,ㅋㅋㅋㅋ
16573350,혜지도살자
16573858,코자픽
16573888,유미는 진짜 철학도 근거도 아예 없네
16575072,유룰세나 ㄷㄷ
16576027,유미 이쁠듯
16576268,곤듀픽
16578196,룰잔소유
16579514,유룰세나
16579571,건실하게 해서 점수 올리라고
16579583,공주한테 왜 머라함
16580349,요즘 짜오 템 정석이 저거임
16580948,곤듀는 탱몰라
16581152,유미 이쁘냐?
16584828,나미말고 세나 소나함
16585978,원래 간절한 애들이 채팅으로 싸우는법이야
16586134,유미 실물 지릴듯
16586335,남자라니까
16589688,루덴유미
16592846,코자임?
16593508,남자라고?
16595878,유미하는 남자라...
16595995,근데 누가 선픽임??? 유미?루시안?? 조합 ㅈ같네
16598489,레전드 혜지챔 ㅋㅋ
16598670,루시안 입 안 연게
16604860,근데 여자는 노스킨유미 안함 사추자같은거 쓰지
16605969,유미
16606065,모든 무빙 라인관리 시야를 독박해야함 원딜이 ㄷㄷ
16606279,남자가 유미하면 거세된거지
16608342,1픽 박음
16611455,캬
16611897,와
16612732,메가나르 변신~
16613157,캬
16613373,와우
16614707,이 얼
16615044,와 다이애나
16615963,전남친 작품 : 유미
16616568,다이ㅏ에나 개잘하는디
16616656,캬 다이아ㅐㄴ
16617208,다이애나 캐리
16617244,세트 w를 버티네
16617527,와 이애나형
16617560,끝낫네
16618163,와 다이애나
16618856,다이애나 참 잘하네
16619011,싼쓰
16619149,이걸 이겨 ㅋㅋㅋ
16619241,ㅋㅋㅋㅋㅋㅋㅋ
16619331,이 얼 싼쓰 ㅋㅋ
16619794,피흡 ㄷㄷ
16620089,캬
16620149,다이애나
16620613,이걸 이기네 ㅋㅋㅋㅋㅋ
16620732,이겨잇 ㅋ
16621041,와 다이애나 미친
16621048,와 다이애나
16621144,피흡봐
16621598,이얼싼쓰
16622229,다이애나 나르 짜오 이 세 조합이 진짜좋다
16622305,다이애나 ㅁㅊㅋㅋ
16622985,다이에나 거의 3인 오리아나궁임
16622997,걍 탑미드가 개잘함 ㅋㅋㅋㅋ
16623269,이 얼 싼 쓰
16623628,다이애나 지리네
16623730,신튜렁 ㅋㅋㅋㅋㅋ
16624185,아니 이건 진짜 다이애나가 해내줬네
16624390,다이애나 미쳤다 ㅅㅂㅋㅋㅋㅋㅋ
16624677,한타는 좋아
16626652,ㅇㅈ
16626973,ㅋㅋㅋㅋㅋㅋㅋㅋㅋㅋ
16626981,궁한번 안쓰고 황족미드덕에 한타이기네
16627409,ㄹㅇㅋㅋ
16628439,ㅇㅈㅋㅋ
16628490,다이애나 프로아님? 진짜 개잘함
16628632,신 튜 렁
16629548,ㅋㅋㅋㅋㅋㅋ아무것도 안하고 이겨보리기 ㅋㅋㅋㅋㅋㅋㅋㅋ
16629636,다이애나가 ㄹㅇ 개잘하긴하네
16630754,ㄹㅇ
16630951,채팅
16630979,물쥐그래도 이기면 좋아는하네\
16632508,ㅋㅋㅋㅋㅋ
16633866,ㅈㅈㅇㅈㅇㅈㅇㅈㅇㅈㅇㅇㅈㅇㅈㅈㅇ
16635346,짜오 q랑 궁도 안 쓰고 한타 이겼네
16635540,제일 잘하는애한테 뭐라함
16635709,하면 잘하는놈들이
16635864,ㅋㅋㅋㅋㅋㅋㅋㅋㅋㅋㅋㅋ
16636317,ㅋㅋㅋㅋㅋㅋㅋㅋㅋㅋㅋㅋㅋㅋ
16636438,ㅋㅋㅋㅋㅋㅋ
16636626,ㅋㅋ
16636756,ㅋㅋㅋㅋㅋㅋㅋㅋㅋㅋㅋㅋ
16636787,ㅋㅋㅋㅋㅋㅋㅋㅋㅋㅋㅋㅋㅋㅋ
16636815,다이애나가 그냥 한타때마다 ㅈㄴ잘하네
16636969,ㅋㅋㅋㅋㅋㅋㅋㅋ
16639319,기싸움 ㅋㅋㅋㅋㅋㅋㅋㅋ
16639432,그런 애들 데리고 이기는 괴물쥐 ㄷㄷ
16639799,캐뤼
16639894,ㅋㅋㅋㅋㅋㅋㅋㅋㅋ
16639918,물쥐님 아겜 정글 안 뽑혔던데 이의제기 하셨나요?
16640630,ㅋㅋㅋㅋㅋㅋㅋㅋㅋㅋㅋㅋㅋㅋㅋㅋㅋㅋㅋㅋㅋㅋㅋㅋㅋㅋㅋㅋㅋㅋㅋㅋㅋㅋㅋ
16640744,ㅋㅋㅋㅋㅋㅋㅋㅋ
16641314,서로 버스타라하네 ㅋㅋㅋㅋ
16641566,마지막까지 ㅋㅋ
16641776,하면 잘하는놈들이
16642318,이제 50퍼 맞추러가자
16642559,라꼬정
16643144,ㅋㅋㅋㅋ
16643174,기싸움 습박 ㅋㅋㅋㅋㅋ
16643405,못하는 정글
16643559,수어사이드 스쿼드
16643908,채팅 기싸움 ㅋㅋㅋㅋㅋ
16644069,그리고 라꼬정글
16644843,마지막까지 ㅅㅂㅋㅋㅋㅋㅋㅋㅋ
16644942,롤의 진수 ㅋㅋ
16645330,둘이 사겨라 그냥
16645491,그리고 라인꼬인 숟가락
16645935,<<<<qt
16646662,왜 탑미드가 싸우냐
16646787,정글은?
16647080,개처웃기네 진짴ㅋㅋ
16647116,서로 욕하고 캐리하는게 개웃기네 ㅋㅋㅋ
16648193,그리고 라꼬숟 정글까지
16648285,라인꼬인정글
16648588,나르 당선 ㅋ
16649433,ㅋㅋㅋㅋㅋㅋㅋ
16649585,타인의고통인데도 감당할수없었음 ㄹㅇ
16650098,라꼬숟까지
16650645,유미는 삭제당할 뻔한 적이 있다
16651046,최강
16651139,물쥐가 제일정상임
16651364,채팅까지 마무리네 ㅋㅋ
16651559,ㅋㅋ
16651752,ㅋㅋㅋㅋㅋㅋㅋㅋㅋㅋ
16651754,ㄹㅇㅋㅋ
16652058,최강
16652147,물쥐님도 묵묵하게 해줬고 다이애나가 고생 많았다 진짜
16652496,ㅋㅋㅋㅋㅋㅋㅋㅋㅋ
16652636,ㅋㅋㅋㅋㅋㅋㅋ
16652743,이걸 루시안 안줘?
16652799,ㄷㄷㄷ
16652972,ㅋㅋㅋㅋㅋㅋㅋㅋ
16652996,ㄹㅇ ㅋㅋ
16653040,할건하는 새끼들
16653140,음?
16653268,둘은 문제아지만 최강
16653526,ㅋㅋㅋㅋㅋ
16653711,ㅋㅋ
16653955,개웃기네
16654074,ㅋㅋㅋㅋㅋ
16654298,이번만 임시동맹이다
16654565,","
16654959,ㅋㅋㅋㅋㅋㅋㅋㅋㅋㅋ
16654991,ㅋㅋㅋㅋㅋㅋㅋ
16655067,멀리서보면 희극
16655113,zzz
16655425,솔직히 둘이서 견인함
16655481,등신과 머저리 ㅋㅋ
16655563,ㅋㅋㅋㅋㅋㅋㅋㅋㅋㅋㅋㅋㅋㅋ
16656531,끝까지 덕담 ㅋㅋ
16656626,루시안안줘?
16656793,한번씩해서 이김
16656943,ㅋㅋㅋㅋㅋㅋㅋㅋㅋ유튜브 제목 뚝딱이네 ㅋㅋ
16657128,ㅋㅋㄴ
16657384,{:d_126:}{:d_62:}{:d_62:}{:d_62:}{:d_62:}
16658062,50퍼니깐 다음판 지겠다 ㅋㅋㅋ
16658258,ㅋㅋㅋㅋㅋㅋㅋㅋㅋㅋ
16658345,근데 저 2이 잘해서 이김 ㅋㅋㅋㅋㅋㅋㅋ
16658797,유미 같은 챔을 왜 만든건지 모르겠음 대체
16659190,서로 싸웠지만 통나무 들었어야함
16659713,"""하면잘하는놈들이"""
16660571,ㅋㅋㅋㅋㅋㅋㅋㅋㅋㅋㅋㅋㅋㅋ
16660595,이걸 루시안을안줘
16660667,ㅋㅋㅋㅋ
16660717,ㄹㅇㅋㅋ
16661315,명예 하나도 없노 ㅋ
16661448,욕하면서 안던짐
16662134,상대도 싸움 ㅋㅋㅋㅋ
16662590,ㅋㅋㅋㅋㅋㅋㅋㅋㅋ
16662693,상대도싸웟노 ㅋㅋ
16663114,쟤네도 ㅋㅋ
16664783,레전드 솔랭
16665138,안싸우는 놈들이 없네 이 판은
16666883,ㅋㅋㅋㅋㅋㅋㅋㅋㅋㅋㅋㅋㅋ
16666894,너네팀이야
16668245,이게왜 7층겜임 대체?
16668714,ㅋㅋㅋㅋㅋㅋㅋㅋㅋㅋㅋㅋ
16669118,구경좀하죠
16669178,훈훈한모습
16669354,겜꼬라지봐라 ㅋㅋㅋㅋㅋㅋ
16670297,ㅋㅋㅋㅋㅋㅋㅋㅋㅋㅋㅋㅋㅋㅋㅋㅋㅋㅋㅋㅋㅋ
16671443,서로 개지옥이였노 ㅋㅋ
16672941,ㅋㅋㅋㅋㅋㅋㅋ
16673318,구경좀하줘 ㅋㅋㅋㅋㅋㅋㅋㅋㅋㅋㅋㅋㅋㅋㅋㅋㅋㅋㅋㅋㅋㅋㅋㅋㅋㅋㅋㅋ
16673485,ㅋㅋㅋㅋㅋㅋㅋㅋㅋㅋㅋㅋ
16673510,ㅋㅋ
16673662,롤이 그렇지 뭐 ㅋㅋㅋㅋㅋㅋㅋㅋㅋㅋㅋㅋㅋㅋ
16674146,딩거는 의외로 강했는데 웃긴다 ㅋㅋㅋ
16674325,지~랄 게임ㅋㅋㅋㅋㅋㅋㅋㅋㅋ
16674965,ㅋㅋㅋㅋㅋㅋㅋ
16675090,ㄷㄱㄷㄱㄷㄱㄷㄱㄷㄱㄷㄱ
16675692,ㅋㅋ
16676324,겹다
16676678,ㅋㅋㅋ
16677181,나르 음융하게 보고있네
16677296,개웃기네 ㅋㅋㅋ
16677749,ㄷㄱㄷㄱ
16679004,ㄷㅋㄷㅋ
16680338,겹다
16684311,까비 ㅋㅋㅋㅋ
16684534,ㄹㅇㅋㅋ
16686558,ㅋㅋㅋㅋㅋㅋㅋㅋㅋㅋㅋ
16686794,ㅋㅋㅋㅋㅋㅋㅋㅋㅋㅋㅋㅋㅋㅋㅋㅋㅋㅋㅋㅋ
16687032,ㅋㅋㅋㅋㅋㅋㅋㅋ
16687362,ㅋㅋㅋㅋ
16687757,나르 끝나니 쿨하네
16688126,ㅋㅋㅋㅋㅋ
16688270,루시안은 라인전 내내 어케 참았지
16688275,이거이거 ㅋㅋ
16688743,ㅋㅋㅋㅋㅋㅋㅋㅋㅋㅋ
16689063,역겹
16689403,애나는 이미 간거아님?
16690737,이기고도 저러고있네 ㅋㅋ
16690757,ㅋㅋㅋㅋㅋㅋ
16690950,새벽3시에 솔랭으로 건실한토론하는 모습보니까 참 안쓰럽다
16691905,에이
16691965,괴물쥐 멘탈 좋네 ㄷㄷ
16692271,저러고 게임 열심히 하는거 ㅋㅋㅋ
16692569,다 리폿좀 ]
16692692,나르 안나간거 신고하느라 안나간듯ㅋㅋㅋ
16693807,겹다
16696116,루시안이 진짜 개보살이네 ㅋㅋㅋㅋㅋ
16697754,전적이나보죠
16698672,겹다 ㅋㅋ
16699681,뮬쥐 정글왜캐잘함근데
16700816,둘다 잘하긴했어
16701193,역귀엽다
16701514,부포 바꾼다매
16702775,상대가 나잖아 어디갔어
16703360,부포바꿔
16705308,루시안은 유미달고 어떻게버틴거냐...
16705481,부포 안 바꿈?
16706028,루샨은 ㄹㅇ 보살이네
16708976,루시안은 무서운게 아무말 한마디도없음
16709186,시간은 이미 '주말 솔랭'에 들어섰다....!
16709495,요즘엔 후반에 정글이 메이킹이 좀 되어야 해
16709569,저러고 나르 다이애나 신고할거 생각하니까 토나온다
16710046,제발 정글 한판더
16710616,리폿하고 다음날에 정지 알림ㄸ면 그게 야스임
16713199,정글 한판더 드가자
16713511,휴
16714273,방금 루시안보니까 점수올리려는 원딜은 진짜 답도없네
16715082,ㄲㅂ
16716114,부포 탑으로
16716163,ㅋㄲ
16717412,정글 이제 슬슬 볼만하다
16717718,굿
16718180,탑티모 드가자
16718432,정글out
16719803,단단묵직
16719976,유미 라꼬숟이네
16720086,루시안 유미 진짜 목조르고 찢어죽이고 싶었을텐데
16720168,물쥐야 캐리도 했는데 나 구독권 하나만 주라
16720435,이러고 탑 걸리면 ㅋㅋㅋㅋㅋㅋㅋㅋㅋ
16721680,묵직이로 가자
16722058,캬
16722667,단단묵직 드가자~
16723324,물쥐 지금 정글 그마급이고 원딜은 챌 저티어급임 반박시 브실골
16723637,자~ 탑 드가자~
16725453,루샨독하다 어캐한마디도안하리
16725727,탑티모 ㄱㄱㄱㄱㄱㄱㄱㄱㄱㄱㄱㄱㄱ
16726237,나는 유미하는애들 그냥 사람으로 안봄 차단하고 겜하지
16726439,단묵어게인
16726485,탑티모 ㄱㄱ
16726984,탑 오케이
16727166,예전엔 뒤지게 못했는데 지금은 라꼬티는 안 남
16727428,탑티모 ㄱㄱㄱㄱㄱㄱㄱㄱㄱㄱㄱㄱㄱㄱㄱㄱ
16727612,아자자잣
16730283,{:d_65:}
16730532,근데 물쥐 탑 안한지 오래 아닌가
16732492,탑가면 티모할수있어 개이득
16733584,루시안 시점에서 보면 겜 ㅈㄴ 불행하네 ㅋㅋㅋ
16735290,탑티모는 조금...
16735366,아니 근데 루시안 보살이냐
16736408,원딜로지고 정글로 복구하네 ㅋㅋㅋㅋㅋㅋㅋㅋㅋ
16736528,서폿 나온다 티모서폿가자
16736820,탑티모 가보자
16737679,와 드디어 정글 안볼 수 있는건가
16739251,탑미드정글서폿 다 채팅치고 레전드 ㅋㅋㅋ
16745294,그거 파카님이 ㄹㅇ잘하잖음
16746088,근거리 나오면 탑티모 가보자잇~
16747361,물쥐 정글도 명품이라 재밌긴함
16747614,탑 티모는 상대가 쇼부치는거 잘 재야해서 어려움
16751271,모모모
16753565,"아펠 카이사 좋던데 ,,"
16753794,탑착취티모 한때 유행하지 않았나?
16754536,원딜이라 의미있느거지 탑은 카운터 당하면 이놈 14데스박고 정지당함
16755500,정보) 괴물쥐는 현재 모든 라인중 탑 승률이 제일 낮다
16755620,ㅇㅇ
16757306,ㅇㅇ
16757492,그럴걸
16757896,ㅇㅇ
16759883,ㅇㅅㅇ
16762820,스태틱은 국룰임 이제
16763181,탑티모 꿀잼
16766002,ㅇㅇ
16768868,물쥐 정글 동선을 진짜 기가막히게 짜서 보는맛이있어
16769188,물쥐님
16771157,탑 걸리면 쥐라프하자
16773753,오
16774285,ㅋㅋㅋㅋㅋㅋㅋㅋㅋ
16774595,?
16774804,ㅋㅋㅋㅋㅋㅋㅋㅋㅋㅋㅋ
16775271,마침걸렸군
16775563,?
16775766,캬
16775837,진짜네 ㅋㅋㅋㅋㅋㅋㅋㅋ
16776262,팤하
16776271,쥐라프 ㅋㅋㅋㅋㅋㅋ
16776717,운타라는 스태틱 악의 갈걸?
16776968,우웅
16777567,ㅋㅋㅋㅋㅋㅋㅋㅋ
16777987,ㅋㅋㅋㅋㅋㅋ
16778003,티모 ㄱ?
16778121,쥐라프 ㄷㄷ
16778295,캬
16778641,바로 탑~
16778775,드가자~
16778780,ㅋㅋㅋㅋㅋ
16778941,티모다
16779368,ㅋㅋㅋㅋㅋㅋㅋㅋㅋ
16779464,ㅋㅋㅋㅋㅋㅋㅋㅋㅋㅋㅋㅋㅋㅋㅋㅋㅋㅋㅋㅋㅋㅋㅋㅋㅋㅋㅋㅋㅋ
16780148,팤하
16780211,진짜 걸렸네 ㅋㅋㅋㅋㅋㅋㅋ
16780243,? ㄷㄷ
16780318,쥐라프 ㄱㄱ
16780596,ㅋㅋㅋㅋㅋㅋㅋㅋㅋㅋㅋㅋㅋㅋㅋㅋ
16780722,ㅋㅋㅋㅋㅋㅋㅋㅋㅋ
16780954,쥐캅스
16781699,ㅋㅋㅋㅋㅋㅋㅋㅋㅋㅋㅋㅋ
16782351,티모 ㄱㄱ
16782690,쥐라프
16782743,그냥 티모나하자
16782958,팍하고
16783234,쥐라프
16783531,쥐라프 가즈아아아
16784091,개모띠
16784605,개카의 저주
16785276,쥐라프 출격
16785597,팤하
16785669,ㅈ모
16786326,쥐라프하면 정지 먹어 이 사람아
16786758,쥐모?
16787293,신튜렁:안된다
16787444,탑티모 ㄱㄱ
16787510,원딜 언제하누
16787895,쥐캅스
16787961,메튜렁이악물고 주포안주네ㅋㅋ
16788412,후픽 티모 하삼
16788714,티모 ㄱㄱ
16789004,아니 원딜은 언제 하는데요
16789176,{:d_43:}{:d_59:}{:d_43:}{:d_59:}
16789347,개카의 저주 ㄷㄷ
16790389,캬
16790719,오오
16791435,원합니다
16791824,어?
16791857,오
16792306,듣고있네요 ㅇㅇ
16792721,이걸?
16792903,ㄵ
16792924,ㅋㅋㅋ
16793242,아
16793294,레전드사건 발생
16793498,아
16793762,아
16793791,캬
16793947,어
16794021,아오
16794105,어?
16794131,아니
16794145,오
16794598,오
16794917,불법디코 ㅋㅋㅋㅋㅋㅋㅋㅋㅋㅋ
16794989,시청자다
16795123,저격 머냐
16795261,서로 부포로잡혓나보네
16795346,시청자네
16796716,이걸 해주셨네
16796965,아 이 씨
16797001,뒤질래?
16797217,오
16797880,아 야다
16798143,모모모
16798628,저격시치
16798837,개카무시하고 티모ㄱ
16799036,아
16799862,디코중임?
16799868,방플아니야??
16800100,어?
16800125,아오
16800308,티모인데
16800813,시참이었고
16801200,저격 좀 꺼져라
16801273,노잼
16802441,불법 디코 ㅋㅋ
16802524,서로 라인 꼬였나
16802583,드레이븐 굳이 밴해야돼 ?
16803334,?
16804555,어떤ㅁ ㅆㅃㅉㄸㅇ비람럼이냐
16805559,아오
16805624,근데 서로 부포로 잡힐수가있나 아니겟지
16805908,감 다 뒤
16806255,난데 잘해줘라 지환아
16806693,ㄹㅇㄹㅇ
16807124,ㅇㅈ
16808379,ㅇㅈ
16808440,개카 무시ㄱㄱㄱ
16809065,아 저격 감다뒤
16809482,티모 ㅋㅋㅋㅋㅋ
16810198,아 티모각인데
16811368,욕은왜하는겨
16812438,P하
16812957,서폿 유미나와라
16812974,이제 티모 밴이다
16813115,티모할거면 징크스밴해야돼
16814732,충신이다 충신
16815554,???: 아 ㅅㅂ 바꿔줬더니 원딜 티모하네
16816804,팤카 날카로운지적
16818273,{:d_126:}
16819880,물쥐님 근데 이 정도면 부포를 원딜로 해야할 듯 해요
16821420,티모 선픽이라
16821694,파카콜리
16822383,채팅 개웃김 ㅋㅋㅋ
16822574,ㅋㅋㅋㅋㅋㅋㅋㅋㅋ
16823824,쥐응갤 ㅋㅋ
16824004,드레이븐을 그냥 무서워 함
16824125,티모 선픽 ㅋㅋㅋ
16826525,바꿔줫더니 원딜티모
16826658,꿀벌티모 귀엽노 ㅋㅋ
16828014,드씨인게 싫음
16828766,티몬 커엽노
16829043,물쥐님 할배티모 써주세요
16829122,소원들어주마 > 티모픽 > ?
16829677,꿀모
16830692,원딜 바꿔줬더니 티모~ 야호
16832848,뚱이 저격 벤임
16832968,?
16836913,쥐타라
16836982,티모는 파카님한테물어봐 티모의 신인데
16837212,꿀모는못참지 ㄹㅇ ㅋㅋㅋ
16837364,근데 3중을 버리면 안되나
16837462,채팅ㅋㅋㅋㅋㅋ
16838214,물음표박힘
16840255,티모 야호
16840900,결국 환급이야
16842681,ㅋㅋㅋㅋㅋ
16845312,복실  티모 해줘요
16846908,{:d_59:}{:d_43:}{:d_59:}{:d_43:}{:d_59:}{:d_43:}{:d_59:}{:d_43:}
16846969,미아핑
16847356,신발드세용
16847932,파카한테 물어보자
16848536,라이즈?
16848684,티모 개처귀엽노
16850793,파카가 티모신이긴함
16852161,티모보고 나온 라이즈 ㅋㅋ
16852997,고양이다
16853110,판다티모 해줘요
16853251,또미등장 ㅋㅋ
16853981,유미 ㅋㅋㅋㅋㅋㅋㅋㅋㅋㅋㅋㅋㅋ
16855232,탑라이즈?
16855252,이런판 특) 닷지남
16855369,탑 티모인줄 알고 ㅋㅋㅋㅋ
16855433,유미 ㅋㅋ
16855467,라?
16856280,유미서폿
16856304,어차피 스테틱 전까지 신발못사는데
16856486,유미 뭐냐
16857002,영꽃티모가 귀여움
16857536,제대로 안터지지 않나
16857858,윾미당 ㅋㅋ
16857879,제발 야다
16857968,유미 ㅋㅋ
16858238,ㅋㅋㅋㅋㅋㅋㅋㅋㅋㅋㅋㅋㅋㅋ
16858435,유미 티모 십
16858647,{:d_126:}
16858936,유미 ㅋㅋㅋㅋㅋㅋㅋㅋㅋㅋ
16858984,ㅋㅋ
16859242,유미ㅋㅋㅋㅋㅋ
16859383,티모나오니까 유미 ㅋㅋㅋㅋㅋㅋㅋㅋㅋㅋㅋㅋㅋㅋㅋㅋㅋㅋㅋㅋㅋㅋㅋㅋㅋㅋㅋㅋ
16859613,앗
16859656,아 줴줴이야
16859775,ㅋㅋㅋㅋㅋㅋㅋㅋㅋㅋㅋㅋㅋㅋㅋㅋㅋㅋㅋ
16860322,?
16860495,서폿 또 유미나왔네
16860552,엇 유미 ㅋㅋ
16860606,토끼티모 귀엽던데
16860619,ㅋㅋㅋㅋㅋㅋㅋㅋㅋㅋㅋㅋㅋㅋ
16860713,티모유미ㅋㅋ
16861397,ㅋㅋㅋㅋㅋㅋ
16861480,{:d_126:}
16861752,"""신짱유미 ㅋㅋ"""
16861910,ㅋㅋㅋㅋㅋㅋㅋㅋㅋㅋㅋ
16861944,ㅋㅋㅋㅋㅋㅋㅋㅋㅋㅋㅋㅋ
16862140,야!!!
16862185,ㅋㅋㅋㅋㅋㅋㅋㅋㅋㅋㅋㅋㅋ
16862315,유미 티모 ㅋㅋㅋㅋㅋㅋㅋㅋㅋㅋㅋㅋㅋㅋㅋㅋㅋㅋㅋㅋㅋㅋㅋㅋㅋㅋㅋㅋㅋㅋㅋ
16862333,유미 ㅋㅋㅋㅋㅋㅋㅋㅋㅋㅋㅋㅋㅋㅋㅋㅋㅋㅋㅋㅋㅋㅋㅋㅋ
16862400,너냐?
16862612,ㅋㅋㅋㅋㅋㅋㅋㅋㅋㅋ
16862617,전판 그새낀가?
16863194,ㅋㅋㅋㅋㅋㅋㅋㅋㅋ
16863372,ㅋㅋㅋㅋㅋㅋㅋㅋㅋㅋㅋ
16863676,안도이
16863906,ㅋㅋㅋㅋㅋㅋㅋㅋㅋㅋㅋㅋㅋㅋㅋㅋㅋㅋㅋㅋㅋㅋㅋㅋㅋㅋㅋㅋㅋㅋㅋㅋㅋㅋ
16864191,ㅋㅋㅋㅋㅋㅋㅋㅋㅋ
16864365,유미 ㅋㅋㅋㅋㅋㅋㅋㅋㅋㅋㅋㅋㅋㅋㅋㅋㅋㅋㅋ
16864381,ㄲㅃ
16864525,휴
16864718,왘ㅋㅋㅋㅋㅋㅋㅋㅋㅋㅋㅋㅋㅋㅋ
16864737,제발 그거 안된다
16864926,티모와 유미
16865134,휴
16865417,휴
16865498,ㅋㅋㅋㅋㅋㅋㅋㅋㅋㅋㅋ
16865527,ㅋㅋㅋㅋㅋㅋㅋㅋㅋㅋㅋㅋㅋ
16865828,{:d_44:}{:d_44:}
16865835,휴
16865999,ㅋㅋㅋㅋㅋㅋㅋㅋㅋ
16866032,휴
16866053,2랩 w 찍고 무빙연습 해야겠지?
16866096,휴
16866147,오
16866289,유미 까비
16866357,좃미 시발 ㅋㅋ
16866412,ㅋㅋㅋㅋㅋㅋㅋㅋㅋㅋㅋㅋㅋ
16866449,ㅋㅋㅋㅋㅋ
16866571,ㅋㅋㅋㅋㅋㅋ
16866883,굿
16866965,ㅋㅋㅋㅋㅋ
16867052,ㅋㅋㅋㅋㅋㅋㅋㅋㅋㅋ
16867316,noooooooo
16867530,휴
16867533,ㅋㅋㅋㅋㅋㅋㅋㅋㅋㅋㅋㅋㅋㅋㅋㅋㅋㅋㅋㅋㅋㅋㅋㅋㅋㅋㅋ
16867657,유미티모 ㄲㅂ ㅋㅋ
16867758,아 요들시너지까비ㅜㅜ
16868037,ㅋㅋㅋㅋㅋㅋㅋㅋㅋㅋㅋㅋㅋㅋㅋ
16868227,렐도 시청자다
16868918,ㅋㅋㅋㅋㅋㅋㅋ
16868960,유미 까비요 ㅋㅋㅋㅋㅋㅋㅋㅋ
16868992,휴 ㅋㅋ
16869011,아 ㄲㅂ ㅋㅋ
16869090,요들듀오어떤데
16869106,또미나올뻔
16869206,ㅋㅋㅋㅋㅋㅋㅋ
16869214,어우 씨 ㅋㅋㅋㅋㅋㅋ
16869303,휴
16869572,발작 ㅅㅂ ㅋㅋㅋㅋㅋ
16869972,ㄱㅋㅋㅋ
16869976,ㄲㅂ
16870066,휴
16870196,휴
16870454,ㄴㅈ
16870470,어어 그건안된다
16870955,누가 주리 틀었냐? ㅋㅋㅋㅋㅋㅋㅋㅋㅋ
16871295,절규 개웃기네 그냥 ㅋㅋㅋㅋㅋㅋㅋㅋㅋㅋㅋㅋㅋㅋㅋ
16871476,ㅋㅋㅋㅋㅋ
16872028,유미~
16872128,뭔소리야 ㅋㅋㅋㅋㅋ
16873078,티모유미면 닷지함?
16873112,티모 원딜 잘하는 사람입니다
16873465,ㄲㅂ
16873732,ㄲㅂ
16873799,ㅋㅋㅋㅋㅋㅋㅋㅋㅋㅋㅋㅋㅋㅋ
16873805,와 진짜
16873915,ㅋㅋㅋㅋㅋㅋ
16873939,입막고 고문하는줄
16874191,휴
16874756,기겁을하네 ㅋㅋㅋㅋ
16875094,요들듀오 ㄲㅂ
16876562,티모가 가리는게많네
16877188,얘 지금 납치돼서 입마개 씌어져있음?
16877438,전판 유미?
16879050,주리틀었대 ㅋㅋㅋ
16879211,ㅋㅋㅋㅋㅋ
16879722,티모 유미였음 상대 레오나 케틀 나와서 바로 다이브 줴줴이야
16880017,ㅋㅋㅋㅋㅋㅋㅋㅋㅋㅋㅋ
16881022,아 ㅈㄴ 꿀잼일뻔했는데 개아쉽네 ㅋㅋㅋㅋㅋㅋㅋㅋㅋㅋㅋㅋㅋ
16881420,유미티모는 씹 ㅋㅋㅋㅋㅋㅋㅋㅋㅋㅋㅋㅋㅋㅋㅋㅋㅋㅋ
16881837,아니 물쥐님
16882598,티모 유미는 ㄹㅇ 끔찍하다
16883393,진짜 지옥을 경험할뻔
16883544,티모유미 ㅋㅋㅋㅋ
16884426,티모 계수는
16884778,<<< 유미같은자식 됨
16885106,ㅋㅋㅋㅋㅋㅋㅋㅋㅋㅋ
16885546,고쥐듀오
16886039,너프라니까
16886494,ㅋㅋㅋㅋㅋㅋㅋㅋㅋㅋ
16886939,ㅅㅂ 다 방플이야
16887130,ㅋㅋㅋㅋㅋㅋㅋㅋㅋㅋ
16888328,티모 원딜하면서 유미를 인안된다고 하는검 유미 터진거 아님 ?
16888633,유미같은 자식 ㅋㅋㅋㅋㅋㅋㅋㅋㅋㅋㅋㅋㅋ
16888725,ㅋㅋㅋㅋㅋㅋㅋ
16889638,유미같은자식ㅋㅋ
16889743,음?
16890058,ㅋㅋㅋㅋ
16890422,산수못해 ?
16890450,ㅋㅋㅋㅋㅋㅋㅋㅋㅋㅋㅋㅋㅋ
16891425,?
16891522,티모=유미
16893019,스태틱 버프라니까
16893167,파카님 말이 맞음
16893930,유미 당첨
16894231,헉
16895869,산수 원래 못해
16896185,티모 귀엽자너
16896294,유미 같은 지환이
16897849,니가 뭘 알아!
16898852,이사람 방송을 몇개를 보고있는거야
16899761,아오 쥐응갤ㅋㅋㅋ
16900090,아오
16900201,"""알아"""
16900466,또 분탕치네
16901200,ㅊㅊㅊㅊㅊㅊ
16903449,ㅋㅋㅋㅋㅋㅋㅋ
16906014,쥐응갤 주딱 활동 개시
16906281,파카님 벤 당할래?
16906289,AD계수 너프면
16907099,얌마 너 증바람 중이잖아
16907295,구려진거지
16909290,티모 스태틱이
16910076,쥐응갤 갤주왔네
16910607,쥐응갤 주딱 출근
16911182,ㅋㅅㅋ
16912537,파카 지통실임? 여기저기서 다 훈수두네
16912926,파카님 지금 증바람 중인데 채팅 어케 치는거야
16913647,1ap 막중한 임무
16915964,파카님 말씀이 맞는 듯
16916369,근데 렐이랑 티모 조합 괜찮음?
16917827,개카 말이 맞긴하네 ㅇㅇ::
16918091,{:d_42:}{:d_42:}
16918250,파카님 진정해
16921208,핑크 크로마 ㄱㄱㄱㄱㄱㄱㄱㄱㄱㄱㄱㄱㄱㄱㄱㄱ
16921235,파카님보다 티모잘해 조용
16921923,벨코즈 저격 아니냐
16923762,소심한 어필 귀엽네 레넥톤
16923843,이얔ㅋㅋㅋㅋ팔 개짧
16923925,탑이못난놈이라도 후픽주지
16924251,근데 탑 라꼬숟인데 걍선픽나가라해
16924784,파카콜라ㅅㅅㅅ
16930178,?
16931574,ㅋㅋㅋㅋㅋㅋㅋㅋㅋ
16931723,라클에 버섯 안써도되는게 히트야
16932081,상대는 미그모야?
16932849,zi9
16932924,물쥐좀 막아줘 파카형...
16933231,쥐응갤 스땁
16933456,??
16933637,서폿이 탑이랑 안 바꾼게 ㄹㅈㄷ
16934101,?
16934227,ㅋㅋㅋㅋㅋㅋㅋㅋㅋㅋㅋㅋㅋㅋㅋㅋㅋㅋ
16934301,앙 ?
16934311,상대조합뭐임
16934527,?
16934558,캬
16934655,?
16935627,미드코그모?
16935680,헉
16935828,>
16935841,진 코그모 ?
16935940,음
16935942,ㅋㅋㅋㅋㅋㅋ
16936194,헉
16936264,음?
16936272,ㅋㅋㅋㅋㅋㅋㅋ
16936282,{:d_116:}
16936295,?
16936400,저사람 티모 장인임
16936453,오옹
16936673,ㅋㅋㅋㅋ
16936696,ㅋㅋㅋ
16937025,티모부심 ㅋㅋ
16937048,긁?
16937067,캬
16937478,앙?
16938239,앙?
16938529,앙 ?
16938610,앙?
16938649,이거 진 벨코즈 라인전이길수있나 티모 렐이
16938688,ㅋㅋㅋㅋㅋㅋㅋ
16938818,앙 ?
16938851,?
16938981,그건 아니다
16939131,ㅋㅋㅋㅋㅋㅋㅋㅋㅋ
16939217,앙?
16939302,앙 ?????????????
16939340,앙 ?
16939376,앙 ?
16939417,ㅋㅋㅋㅋ
16939426,ㅋㅋㅋㅋㅋㅋㅋㅋ
16939594,{:d_116:}{:d_116:}
16939672,ㅇㅈㅇㅈㅇㅈ
16939741,앙?
16939796,ang
16939856,앙?
16939961,ㄹㅇㄹㅇ
16940014,앙?
16940025,파카도 티모 많이 함
16940060,서폿진임?
16940086,헉
16940167,앙 ?
16940678,앙?
16940694,?
16940702,앙?
16940844,앙?
16941162,{:d_116:}
16941273,1:1?
16941423,아앙?
16941471,긁?
16941675,앙?
16942088,앙?
16942299,앙?
16942458,앙?
16942527,흠
16942570,앙?
16942744,파카 긁혔다
16943005,적팀 조합뭐고
16943246,갑자기 게이소리를
16943310,앙?
16943344,파카님 긁혔는데??
16943675,긁?
16943681,앙?
16943969,ㅇㅈ
16944094,파카 상병님 조용히 하시랍니다
16944098,기싸움 뭐지요
16944165,그건 아닐걸?
16944692,앙앙앙
16944803,앙?
16945301,앙?
16945324,아앙????????????
16947786,일본 양아치임?
16948153,티모 1ㄷ1?
16948252,미러전뜨면 장지환 두번째웨이브 오기전에 죽을 듯
16948291,이건 ㄹㅇ 긁히겟는데?
16949149,앙 기모띠
16951502,ㄹㅇ이가
16951686,{:d_106:}
16951998,상대 팔이 꽤 긴데?
16953005,오옹 ?
16953785,팩트에 긁혔노 ㅋㅋ
16953865,물쥐님
16954487,진 코그모 바텀이냐
16955280,파카 판수가있는데ㅋㅋ
16955433,미드 코그모인가
16955836,티모는 파카님 탑5아님?
16957075,이야 탑 확신이 있네
16957168,물쥐님 티모는 일단 문제가 뭐냐면
16957362,파카님 앙앙?{:d_94:}{:d_94:}
16957910,파카 티모 장인인데
16959097,이건 긁혔네 ㄹㅇ
16959678,ㅁㄷ그모 장인 아닌가?
16960005,일대일 떠
16960466,버섯 매설 위치가 그냥 SHIT 이야
16960644,ㅋㅋㅋㅋㅋㅋㅋㅋㅋㅋㅋㅋ
16961283,허걱
16962265,상대 팔 졸라 긴데?
16963557,ㅋㅋㅋㅋㅋㅋㅋㅋㅋㅋㅋㅋㅋㅋ
16964266,?
16964546,ㅋㅋㅋ
16964627,shit ㅋㅋㅋㅋㅋㅋㅋㅋㅋㅋㅋ
16965079,ㅋㅋㅋㅋ
16965276,ㅇㅈ
16965284,저거 펙트
16965522,ㄹㅇ
16965728,ㅋㅋㅋㅋㅋㅋㅋㅋㅋㅋㅋㅋㅋㅋㅋ
16965792,ㅋㅋㅋㅋㅋㅋㅋㅋ
16966058,ㄹㅇ\
16966114,ㅋㅋㅋㅋㅋㅋㅋㅋㅋㅋㅋㅋㅋㅋㅋㅋㅋㅋㅋㅋㅋㅋ
16966181,ㄹㅇ 벽에 ㅈㄴ 붙여
16966228,ㅋㅋㅋㅋㅋㅋㅋㅋ
16966354,미드 코그모 ㅋㅋ
16966534,ㅋㅋㅋㅋㅋㅋㅋ
16966808,ㅋㅋㅋㅋㅋㅋ
16966834,매설  JOAT
16967095,shit
16967161,ㅇㅈ ㅋㅋ
16967235,ㅇㅈ
16967528,쉿물쥐 ㅋㅋ
16967690,허걱
16967768,Shit
16967793,조트버섯
16967829,쉿이야
16967855,티모 캐리각인가
16967901,미드빵 각
16968307,ㅋㅋㅋㅋㅋㅋㅋㅋㅋㅋㅋㅋㅋㅋ
16968477,ㅋㅋㅋㅋㅋㅋㅋㅋ
16968499,ㅋㅋㅋㅋㅋㅋㅋㅋㅋㅋㅋㅋ
16968529,테란유저맞아 ?
16968829,SHIT
16969116,ㅋㅋㅋㅋㅋㅋㅋㅋㅋㅋㅋㅋㅋ
16969536,벽에 딱 붙이는게 ㄹㅇ 조트임
16969541,shit ㅋㅋㅋ
16969577,헉
16969578,홧팅
16969659,벽에 너무 붙여서 던짐
16969737,{:d_117:}
16970040,shit이야 ㅋㅋㅋㅋㅋㅋ
16970515,ㅋㅋㅋㅋ
16970911,그건맞음
16971167,ㅇㅈ
16971227,쉿
16971303,나왔다 버섯학개론
16971546,Shit
16971712,shir!!
16972002,ㅋㅋㅋㅋㅋㅋㅋㅋㅋㅋ
16972316,ㅋㅋㅋㅋㅋㅋㅋㅋㅋㅋㅋㅋㅋㅋㅋㅋ
16972431,버섯 위치는 인정  너무 벽이긴해
16972481,ㅋㅋㅋㅋㅋㅋ
16972522,ㅋㅋㅋ
16972712,지뢰매설 너무못해
16973005,ㅇㅈㅇㅈ
16973336,shit
16973349,쉿모 ㅋㅋㅋㅋ
16973399,ㅋㅋㅋㅋㅋㅋ
16973442,파카 티모 판수 10분의1도안댐물쥐
16973471,똥ㅋㅋ
16973692,솔직히 버섯위치 냄새많이나긴함
16974213,이거이거 제대로 긁혔네 ㅋㅋㅋㅋㅋㅋㅋㅋㅋㅋㅋㅋ
16974226,버섯을 진덫처럼 씀
16974365,저스트 쉿
16975522,싯
16975952,겸허히 받아들여
16976137,벽에 붙이짐라고
16976598,쉿ㅋㅋㅋㅋ
16978085,버섯 이론 ㄷㄷ
16978728,"스,-리-악이 더 세다고 했어요"
16978782,티모 버섯 범위에
16978902,버섯배설위치ㅋㅋㅋㅋㅋㅋㅋ
16978997,쉿줴
16980133,맞춰서
16981208,안녕 세상아~~~
16982248,좀 띄어서 박아
16982512,쥐응갤주딱 ㅋㅋㅋ
16983588,파카 미쳤지
16984188,밟게끔
16988222,오 꿀팁
16988770,ㅇㅈㅇㅈ
16989108,많이 흥분했어 파카님
16989515,캬 파카가 잘알임
16990053,한번에 써라
16990408,진 덫까는거에 너무 익숙해짐 ㅋㅋㅋㅋㅋㅋㅋ
16991029,저건 맞음
16991949,ㅋㅋㅋㅋㅋㅋㅋㅋㅋㅋㅋㅋ
16992337,파카님 맞는말씀 오랜만이네요
16993442,스타 대회좀 해주라
16993874,그리고
16994996,아까 바론에
16996053,티모권위자입니다
16996375,ㄹㅇ 맞말
16996519,버섯위치가 생명이야
16996592,이걸 이제야 달어주네
16997399,일자로 3개박았을때
16997718,쥐응갤 파딱의 자비
16997894,역시 쥐응갤 주딱
16998791,어뷴줄알았어
16999614,귀여우면 다냐
17000724,모 권위자
17000956,ㅋㅋㅋㅋㅋㅋㅋㅋㅋㅋㅋ
17001307,다보고있었네
17002066,캬
17002231,ㅋㅋ
17002386,ㅋㅋㅋㅋㅋㅋㅋㅋㅋㅋㅋㅋㅋㅋㅋㅋㅋㅋ
17002544,ㅋㅋㅋㅋㅋㅋㅋㅋㅋㅋㅋㅋㅋㅋㅋㅋㅋㅋㅋㅋ
17002740,ㅋㅋㅋㅋㅋㅋ
17002769,진짜 ㄹㅇ
17002776,그건 ㅇㅈ
17002987,어뷰행
17003435,어뷰 ㄷㄷ
17003464,ㅋㅋㅋㅋㅋㅋㅋㅋㅋㅋ
17004072,ㅋㅋㅋㅋㅋㅋㅋㅋ
17004178,ㅋㅋㅋㅋㅋㅋㅋㅋㅋㅋㅋㅋㅋㅋㅋㅋ
17004336,ㅋㅋㅋㅋㅋㅋㅋㅋ
17004807,캬
17004842,ㅋㅋㅋㅋㅋㅋㅋㅋ
17004894,ㅋㅋㅋㅋㅋㅋㅋㅋ
17004927,과외선생이네
17005069,미쳤지
17005194,건피 dw
17005499,파카 티모 승률 91퍼 기록세운사람이야 새겨들어 물쥐님
17005600,헤카림 ㅋㅋㅋ
17005696,ㅋㅋㅋㅋㅋㅋㅋㅋㅋㅋㅋ
17005719,맨날 진 덫을 깔아서 버섯도 그렇게 깔아서
17005893,어뷰쥐
17005916,ㅋㅋㅋㅋ
17006111,ㅋㅋ인죵
17006753,근데 파카님 왜 욕을..
17007004,일자 3개는 누가 밟냐고
17007107,akaps 티모는 인죵
17007425,박사님 훈수드산다
17007466,티모 물쥐가 더 잘한다라는 말에 ㄹㅇ 긁혓나본데?
17007551,다 보고 있었노 ㅋㅋㅋㅋ
17007733,건피 ㅇㅈ
17008226,춤추기CC
17009210,어뷰맞음
17009310,티모 버섯은 렌즈때매 거리를 벌려서 박는게 기본이죠~
17009547,{:d_106:}
17009807,어뷰급이야?
17010107,다 봤구나..
17011798,이사람은 진 덫도 벽에 붙여서 깔아
17013429,화가 많이 났쥬
17013567,저거 아까 스파게티냐
17014411,버섯 개못박습니다
17015487,ㅋㅋㅋㅋㅋㅋㅋㅋㅋㅋㅋㅋ
17016136,다 보고있었농
17016313,진처럼 깔더라 확실히
17016578,어어 파카님 말 조심히해
17016642,아까 그 벨코즈다
17017135,라인전 끝
17017376,ㅋㅋㅋ
17017985,{:d_94:}{:d_230:}
17017992,벨코즈 ㅋㅋ
17018031,아 줴줴이야
17018502,벨코즈 스킨 ㅅㅂ
17019743,줜나기엽네
17020417,아까 4개 까지 물수제비
17020819,탑 티모는 평타때리는것보다 덫 까는걸 더 잘 아나보네
17020997,ㅋㄴ
17021030,봇 gg
17022099,ㄹㅇ ㅋㅋ 골딱이도 버섯 그렇게 안깜
17023148,대재석
17023253,ㅋㅋㅋ
17023583,스파게티 벨코즈네 ㅋㅋㅋㅋ
17024364,즈벨임?
17024368,ㅋㅋ
17025121,그새기구나
17025440,코즈벨시치 ㅋㅋㅋㅋㅋㅋㅋㅋㅋㅋㅋ
17026297,코즈벨이니?
17027126,점마스킨 아까걔네
17027480,ㅋㅋㅋㅋㅋ
17027793,음?
17028268,ㅋㅋㅋㅋㅋㅋㅋㅋㅋㅋㅋ
17028779,ㅋㅋㅋㅋㅋ
17029674,ㅋㅋㅋㅋㅋㅋㅋㅋㅋㅋㅋㅋ
17030099,ㄹㅇ 파카님한테만 붙으라고
17030429,음?
17030700,ㅋㅋㅋㅋㅋㅋㅋ
17030876,ㅋㅋㅋㅋㅋㅋㅋㅋㅋㅋㅋㅋㅋㅋㅋㅋㅋㅋㅋㅋㅋㅋ
17031067,?
17031545,맵 제대로 가려 병신아
17031626,서로 ㅋㅋ
17031925,말을듣곘어?
17032299,벨코즈 스킨왜저래
17033037,잘하던데 상대로 갔네
17033474,벨코즈 스킨 뭐임
17033568,앙?
17034833,파카 방송 껐잖아
17034988,먹물벨코즈
17035809,파카 하라고
17036242,음?
17036454,스킨 그녀석인가
17036550,ㅋㅋ
17038078,그래 파카님하라고
17040793,먹물파스타벨코즈
17041477,파카님 귀막아ㅠ
17043398,즈벨아
17047123,오
17047437,캬
17048372,캬 ㅋㅋㅋ
17048641,캬
17048763,점ㅁ멸 지렸다
17049012,ㅅㅅㅅ
17049029,공속차이
17049282,캬
17049314,ㅋㅋㅋ
17049435,캬
17049438,ㅋㅋㅋㅋㅋㅋㅋㅋㅋㅋㅋ
17049602,실명 ㅋㅋ
17049982,오ㅋㅋㅋㅋㅋㅋㅋ
17050034,ㅋㅋㅋㅋㅋㅋㅋ
17050125,캬 ㅋㅋㅋ
17050257,기합으로 죽이기
17050306,캬
17050656,ㅋㅋㅋㅋㅋㅋㅋㅋㅋㅋㅋ
17050696,ㅋㅋㅋㅋㅋㅋㅋㅋㅋㅋㅋㅋ
17051206,ㅋㅋㅋㅋㅋㅋㅋㅋㅋㅋㅋㅋㅋㅋㅋㅋㅋㅋ
17051639,ㅋㅋㅋㅋ
17051700,이거죠 ㅋㅋㅋ
17052021,캬
17052413,저격 컷
17052746,와 잘란다물쥐
17052766,캬
17052775,아 까비
17052904,SIUUUUUUUUUUUUUUUUUUUUUUUUU
17053264,캬
17053541,크크크ㅡㅡㅡㅡㅡ
17053709,ㅋㅋㅋㅋㅋㅋㅋㅋ
17053720,캬
17053889,으아ㅏㅏㅏㅏㅏㅏㅏㅏ
17054652,이거지
17054688,?
17055259,아..
17056523,ㄱ-
17057612,재도 이겻네
17057688,ㅋㅋㅋㅋㅋㅋㅋ
17057831,렐은 졌농
17059266,캬ㅑㅑㅑㅑㅑㅑㅑㅑㅑㅑ
17060093,야다
17061128,서로 서폿 교환
17061223,아 뿌직
17061405,1VS1 대결이였는데 서로
17061570,진짜 데프트보다 티모잘하는듯
17063478,물쥐진짜 폼미쳤네
17064726,헤카림 대기중
17065202,무숭넫요
17065226,헤카림아 달랴
17065483,아 Q 플로 피한거 진짜 나이스였는데
17065740,4타요
17065811,목소리가 평타만큼 딜한듯
17067143,무서운디요
17067300,어엉?
17067819,실명없어서 터져요
17068355,생계형이라 그래요
17068388,헤카림아 달려
17073374,해야만 하는 자리
17075844,4 타요 4타요 4타요!
17075972,카림아 언제와
17077728,정글특 간다 핑찍고 정글몹 다먹고옴
17079054,벨코즈한테 걸렸다
17079473,헤카림 늦는데
17082258,온다핑
17083553,카림이 들켰고
17083783,카림아 너무 늦는데
17087181,언제오는데 카림아
17089416,진짜 맞음?
17089565,w좀먼저찍지 아쉽네
17090148,온다핑온다핑 온다핑
17090155,ㅂ신연기
17092194,상놈이 두꺼비 먹지 말고 오라고
17092312,못피해주면서
17093240,나피리 온다
17094010,와 일부러맞아준거 지렸다 ㅅㅂ 갱호응
17096630,으아아
17096789,피리도 불고
17096935,온다져
17097728,뒤질듯
17098078,이건좀
17098206,ㅋㅋㅋㅋㅋㅋㅋㅋㅋㅋ
17098320,?
17098375,물쥐 최근폼 보면 아시안게임 국대 이의신청해도될듯?
17098378,?
17098525,?
17098755,와
17098813,?
17098825,?
17098923,음?
17099095,?
17099243,?
17099339,ㅋ
17099343,?
17099544,?
17099572,ㅋㅋㅋㅋㅋㅋㅋㅋㅋㅋ
17099578,ㅋㅋㅋㅋㅋㅋㅋㅋ
17099736,?
17099784,ㅋㅋㅋㅋㅋㅋㅋㅋㅋㅋㅋㅋㅋㅋㅋㅋㅋㅋㅋㅋㅋㅋㅋㅋㅋ
17099784,ㅋㅋㅋㅋㅋㅋㅋㅋㅋ
17099937,으악
17100445,절망적
17100477,ㅋㅋㅋㅋㅋㅋㅋㅋㅋㅋㅋㅋㅋㅋㅋㅋ
17100601,헤카림 다 먹고 오네
17100625,Zzzzzzzzz
17100881,아으
17100968,아
17101038,?
17101490,아
17101740,ㅋㅋㅋ
17101767,으아ㅏㅏㅏ
17101782,ㅋㅋㅋㅋㅋㅋㅋㅋ
17101812,?
17101860,뭐해
17102204,?
17102260,?
17102310,진짜 ..
17102426,뒤졌네
17103135,?
17103275,이걸 뒤져줘?
17103299,{:d_126:}{:d_126:}{:d_126:}{:d_126:}{:d_126:}
17103362,저.Q를 맞네 ㄷ
17103501,{:d_67:}
17103799,다맞네
17103869,뭐함
17103907,?
17104073,와..
17105069,진짜
17105084,이건 뭐지요
17105183,코즈쟤 Q잘맞추긴하네 ㅋㅋ
17105698,걍 다맞노
17105803,헤카림간다핑찍고 1분뒤에오노무슨
17106223,다쳐맞노
17106590,{:d_126:}{:d_126:}{:d_126:}{:d_126:}{:d_126:}
17106682,이건 너무 아쉬운데
17106932,유혹 후 사망
17106975,흠.....
17107459,맞을수 있는 스킬을 최대한 맞았네
17107528,ㅈㄴ 못해
17107626,이건 진짜 못했다
17108242,ㅋㅋㅋㅋㅋ
17108527,님아
17108617,김이 팍 새버리네
17108798,헤카림 오열
17108801,죽자그냥
17109036,코즈 큐 맞은건 아쉽네요..
17110503,방금건 너무 아쉬운데
17110599,이걸 다맞다니
17110664,{:d_126:}{:d_62:}
17110929,빨리 좀 오지
17111003,물쥐님 방금호응 진짜 메소드였어
17111173,두꺼비 안먹고 왔으면 되는거 아님?
17112704,와 이걸 꾸역~~~ 꾸역 ㅂㄹ마냥 죽어준다
17113050,연기하랬더니 진짜로 병1신이
17113840,ㅋㅋㅋㅋㅋㅋㅋㅋㅋㅋㅋㅋ 다쳐맞았네
17114845,많이 아쉽네 이건
17115994,W찍었어야지
17116665,다마자드리게스
17118067,뿌직
17119663,아니 헤카림 그와중에 두꺼비 쳐먹고오네 바로오지
17120044,아 야다
17120718,둘중에 하나만 피했다면....
17122396,애휴
17122406,w먼저찍어도되니까 찍자
17122433,레전드 뿌직이
17122495,으아ㅏ흐에에
17123890,온몸으로 다처맞았네
17124883,헤카림 이차식이냐 핑 ㅈㄴ찍네
17125078,메쏘드 연기는? 쥐튜브
17125997,야다....
17126710,?
17127039,와 저스킨 나왔네
17127941,ㅂㅅ연기 개잘해
17129018,쥐모 ㅋㅋ
17130323,어떻게 하면 두개 다 맞냐
17131233,켄파치 ㅋㅋ
17132706,개 미쳣지
17133634,메소드연기는 진짜죽어야끝난다
17135469,근데 코즈벨이 잘맞추기는해
17135642,벨코즈 스킨 개무섭네
17138329,ㅋㅋㅋㅋㅋㅋㅋㅋㅋㅋㅋㅋ
17138348,정신나갔지
17140138,뺏겼어 저병신놈 ㅋㅋ
17140387,벨코즈 피타고라스 좀 치네
17140421,야다
17142705,엥?
17145628,렐 1렙은 뭐삼
17148034,비상
17148499,렐 1렙인데요?
17148708,대재앙 ON
17148825,아
17149464,개망햇는데 게임 구도?
17149690,ㅈ댓는데?
17150916,겜 터졌네
17151132,ㅈㅈ
17152158,ㅈㅈ
17152254,조졋는데
17152594,ㅋㅋ
17152613,터졌네
17152741,w안찍어서 개망함
17152903,ㅈ망
17152973,개 ㅈ댓노 ㅋㅋ
17153098,아 줴줴이야
17153113,ㅋㅋㅋㅋㅋㅋㅋㅋㅋㅋㅋㅋㅋㅋㅋㅋㅋㅋㅋㅋㅋㅋㅋ
17153597,ㅈㅈ
17153652,아
17153745,ㅈ됏다
17153784,ㅋㅋ
17153960,게임 개터졋는데?
17154313,ㅈㅈ
17154466,ㅋㅋㅋㅋㅋㅋㅋㅋㅋㅋㅋㅋㅋㅋㅋㅋㅋㅋㅋㅋ
17155518,도란투구 고구모 ㅋㅋ
17155685,헤카림 화가
17155852,정신나간건 우리였고
17156035,야스오 야무지네
17156169,진짜 이건 ㅈㅈ다
17156435,ㅋㅋㅋㅋㅋㅋㅋㅋㅋㅋㅋㅋㅋㅋㅋㅋ
17156807,코그모가
17157227,얼마나 난거야
17157761,ㅋㅋㅋㅋㅋㅋㅋㅋㅋㅋㅋㅋㅋㅋ
17158054,죽어다오..
17158306,아 줴이줴이야
17158465,코그모야 한번만 뒤돌아줘
17158942,실명걸고 은신 ㄱㄱ
17158948,ㅋㅋㅋㅋㅋㅋㅋㅋㅋㅋ
17159117,줴줴이야
17159308,함만대줘
17159578,싯
17159968,ㅋㅋㅋㅋㅋㅋㅋㅋㅋㅋ아
17160024,코그모가 지림
17160095,코그모 유혹 ㅋㅋ
17161367,그모 ㅋㅋㅋ
17161455,ㅋㅋㅋㅋㅋㅋㅋㅋㅋㅋㅋㅋㅋㅋㅋㅋㅋㅋㅋㅋㅋ
17161500,이게 이렇게 되네
17161602,줴줴이야~~~
17162025,ㅋㅋㅋㅋㅋㅋㅋㅋㅋㅋ
17162147,ㅋㅋㅋㅋㅋㅋ
17162167,코그뫀ㅋㅋㅋ
17162223,shit
17162735,죽어줘
17162787,ㅠㅠ
17162920,ㅋㅋㅋㅋㅋㅋㅋㅋㅋㅋㅋㅋㅋㅋㅋㅋㅋㅋㅋㅋㅋㅋㅋㅋㅋ
17163048,ㅋㅋㅋㅋ
17164000,방금 q평 할만했는데
17164505,ㅋㅋㅋㅋㅋㅋㅋ
17164535,뿌직2
17164809,ㅋㅋㅋㅋㅋㅋㅋㅋㅋㅋㅋ
17165043,ㅋㅋㅋㅋㅋㅋㅋㅋㅋㅋㅋㅋㅋㅋㅋㅋㅋㅋ
17165173,아 줴줴이야
17165216,ㅋㅋㅋㅋㅋㅋㅋㅋㅋㅋㅋㅋㅋ
17166432,교전진짜 똥이네
17166639,ㅈㄴ웃기다
17166964,{:d_126:}
17167192,화날만함 ㄹㅇ
17167417,ㅋㅋㅋㅋㅋㅋㅋㅋㅋㅋㅋㅋㅋㅋㅋㅋㅋ
17167541,겜 펑
17167544,씨에스 2개 ㅋㅋ
17167577,탑은 억울하다
17167682,JJYA
17167780,저게 유혹임
17167920,ㅈㅈ
17168863,진4킬
17169048,개쳐망했다 진짜 ㅋㅋㅋㅋㅋ
17169353,2
17169686,ㅈㅈ이야...
17170483,레넥톤 오열
17170769,ㅈㅈㅈㅈㅈㅈㅈㅈ~~~
17170848,ㅋㅋㅋㅋㅋ
17170865,ㅋㅋㅋㅋㅋㅋㅋ
17170906,ㅋㅋㅋㅋㅋㅋㅋ
17171138,ㅋㅋㅋㅋㅋㅋㅋㅋ
17171173,겜수준 ㅅㅂㅋㅋㅋㅋ ㅈㄴ 낮노
17172368,헤카림도 뭐 마찬가지 아닌가..?
17172439,헤카림 ㄹㅇ화낫다
17172454,진짜 역대급 므
17172544,아군들이 못한건아닌데..
17172575,cs 2개 ㅋㅋㅋㅋㅋㅋㅋㅋ
17172604,진 411
17173160,헤카림이 화날만하다 이장면은
17173310,티모 뚝배기 깨진다
17173883,JJYA
17174401,게임 진짜 개터짐
17175081,3분 서렌 없나요
17177390,Ai?
17177529,저번 애쉬가 떠오르네요
17177565,ㅋㅋㅋㅋㅋㅋㅋㅋㅋㅋㅋㅋㅋㅋㅋㅋㅋㅋㅋㅋㅋㅋㅋㅋㅋㅋㅋㅋㅋ
17178972,ㄱㅊ 스태틱 나올떄 까지만 버티면댐
17179130,cs 2ㅋㅋㅋㅋㅋ
17179470,ㅋㅋㅋㅋㅋㅋㅋㅋㅋㅋㅋㅋㅋㅋㅋ
17179539,ㅋㅋㅋㅋ
17179919,헤카림 왜 발정남? 개 병신새기네
17181949,ㅋㅋㅋㅋㅋㅋㅋㅋㅋㅋㅋㅋㅋㅋㅋㅋㅋㅋㅋㅋㅋㅋㅋ
17182648,화가 잔뜩나버렸노
17182762,헤카림 진짜 똥내나네 스킬셋
17182992,개웃기네 ㅋㅋㅋㅋㅋㅋㅋㅋㅋㅋ
17183242,정병멘헤라ON
17183369,헤카림 두꺼비는 에바였어…
17183861,이렇게 망하기도 힘든데
17184281,애쉬보단 나음
17184620,헤카림도 정글 꾸역꾸역 먹고 오던데 거울치료 아닌가..
17184932,어지럽다
17185238,헤카림 ㅋㅋㅋㅋㅋㅋㅋㅋㅋㅋㅋㅋㅋㅋㅋㅋㅋㅋㅋㅋㅋㅋㅋㅋㅋㅋㅋㅋㅋㅋㅋㅋㅋㅋㅋㅋ
17187887,헤카림 빡침
17188002,헤카림 맨헤라터짐 ㅋㅋㅋㅋㅋ
17188546,제국의 명령 티모 가자 ㅋㅋ
17192320,ㅋㅋㅋㅋㅋㅋㅋ
17194137,정글 바텀 개박살 ㅋㅋ
17195443,헤라양.............
17198116,스태틱까지만 버텨
17198372,CS 2개 진짜에요?
17199612,분당 시에스 0.5
17199959,맨헤라왔노..
17201006,제명 티모 ㄱㄱ
17204591,진짜 정신병자들 개많네 ㅋㅋㅋㅋㅋㅋ
17205639,렐 6어캐 찍음...
17207831,헤카림 핑 시끄럽네
17209173,핑 차단좀 하자
17212580,핑차단마렵네 ㄹㅇ
17213729,진짜 끝났네 라인전
17213830,cs 두개는 아이언도 힘든데..
17214935,갱안오면 못이김
17220847,ㅋㅋㅋㅋㅋㅋㅋ
17223179,벨코즈 스킨 띠껍네
17223912,아까 걔 아니야? ㅋㅋ
17224168,ㅅㅂ 레벨차이
17226135,벨코즈ㄴ진짜 존나무섭게생겻네 ㅋㅋ
17228315,벨코즈 스킨 지리노
17229776,티모스킨은 다맛있네
17229996,ㅋㅋㅋ
17230351,헤카림 바텀 올 땐 상대 정글 다처먹고 개늦게 오더니 자기 정글 커버는 바로 안온다고 개징징 ㅋㅋ
17231465,와 cs 실화가
17232598,먹물스파게티
17232716,벨코즈 무빙보소 ㅋㅋ
17232977,ㅅㅂ 레벨 차이 어떡하죠
17235721,아까보다 못하는거 같은데
17237482,어케이겨야하냐 이거
17238897,ㅈㄴ맛없어보이네 벨코즈
17239453,벨코즈 아까 걔인거같네 ㅋㅋ
17240077,벨코즈 진짜 흉믈스럽게ㅡ생김
17241081,4분시에스6개 뭐냐
17241214,원래 망아지하는 ㅈ병신새기들이 다그럼
17243230,헉
17243692,벨코즈 저스킨 개맛있네 ㅋㅋ
17245892,ㅋㅋㅋ
17246458,진이 티모상대로 나쁘지않음 실명써도 평q는 맞출수있어서
17246487,조합 개빡세자
17246697,저격 박고 좋단다
17247119,헤카림이 좀 빡통이긴 함
17247412,헤카림은 근데 3캠 안돌면 성공해도 망해
17247937,그럼 헤카림이 정글먹지 갱다님?
17248068,헉
17248888,ㅋㅋㅋㅋㅋㅋ
17249381,ㅋㅋㅋㅋㅋ
17250155,ㅋㅋㅋㅋㅋㅋㅇㅋㅋㅋ
17251526,얌마 팩트로하지말라고
17252118,뭐?
17252121,넌 왜케 화났어
17252825,3렙을 쳐 찍어야 갱을 오지
17253281,벨코즈 아까 걔라고?
17256010,정글특임
17256103,분당 cs 1
17257306,아 ㅈㄴ웃기네 일침
17257421,<<<<<
17258307,오 저불
17259127,그런말좀하지마세요개추
17260808,아 핑 십 발 시끄러네
17260914,차단좀
17262331,ㅈㄴ 고통스럽네 ㅋㅋㅋ
17263668,빡겜해서 캐리해보자 원딜 양보도 받았는데
17264281,너무 고통스럽노
17265782,기괴하다 몸놀림
17266864,렐피가..
17267024,5분 cs 8개
17270482,cs레전드
17271124,벨코즈 뭔스킨임? 개징그럽네
17271396,5분 ㅁ니언 8개 ㅋㅋㅋ
17271867,cs눈물난다
17279483,통제
17279758,ㅋㅋ
17279898,cs 9 ㅋㅋㅋㅋ
17284502,ㅋㅋㅋㅋ
17284576,양보해준 레넥은 잘하고있나
17287569,cs 좋다 정말 좋다
17294256,단식 티모인가요?
17295026,파카님 따끔한 한마디 필요한거같아
17298849,이거안돨거같은데
17305323,개카 이미 나감
17305696,cs 13개는 진짜 뭐에요?
17308298,걍받아먹고 6렙바야할듯
17309598,쟤는 집가면서 간다핑찍네
17311263,Cs저거 13찍힌거 맞음?
17314792,후반가면 티모가 더좋아
17320844,헤카림은뭐 오지도않으면서 간다핑찍노
17324803,분당 cs 3개 좋은데요
17325462,cs 레전드
17326253,{:d_116:}
17328744,렐궁찍기전까지 눕자
17329633,티모원딜 파카 침흘린다
17334387,야다
17335665,다 사정이 있었습니다
17338387,스태틱 뜨기만해봐
17354185,티모 선픽할정돈가..
17355257,아 헤카림 핑 정신 나갈 것 같네 ㅋㅋㅋ
17355305,말은저렇게해놓고 갱잘가주노
17357469,야스오 무죄
17361686,스오 렐이니까 그래도 한타 기대해보자 물쥐님
17363983,이제 스태틱에 AP템이 들가네
17368011,cs 눈물난다 진짜 ㅠ
17368135,cs는잘먹엇네
17371069,오 근데 아까 한타참사 다복구했네
17372331,레넥은 원딜양보해줘서 머
17373131,티모가 무슨 죄야
17373664,요우무떳네 진
17381133,끈질기게 후반가면 모르겠는데 사고안나고
17386131,Ap 코그모감 요즘?
17387626,핑 정신나갈거같음 진짜
17389256,요우무ㅋㅋㅋㅋㅋㅋㅋㅋㅋ
17391646,csㅋㅋㅋㅋㅋㅋㅋㅋㅋ
17393065,핑 왜키 찍ㄴ
17395543,6분 요우무 ㅋㅋㅋㅋㅋㅋㅋㅋㅋ
17397790,개띠껍네 먹물오징어련
17397993,단식 하나요??
17403910,렐 요우무 찍는거 ㅈㄴ웃기넼ㅋ
17405878,ㅈㄴ쌔네
17408804,ㅋㅋ
17412967,존나 아파
17413222,벨코즈춤 개웃기네 ㅋㅋㅋㅋㅋㅋㅋㅋㅋㅋㅋ
17414341,우정게임ㅋㅋㅋ
17414758,ㅋㅋㅋㅋㅋㅋㅋㅋㅋㅋㅋㅋ
17418489,ㅈㄴ웃기네 벨코즈 ㅋㅋ
17419560,눈물난다 ㅜㅜ
17420618,ㅋㅋㅋㅋㅋㅋㅋㅋ
17422248,와 지렸다이거 플판단
17422496,엥?
17423239,모살려
17423278,아아아악
17423946,ㅋㅋㅋㅋㅋㅋㅋㅋㅋㅋㅋ
17425205,ㅋㅋㅋㅋㅋㅋㅋㅋ
17425816,시바 존나약하네 ㅋㅋ
17426287,ㅋㅋ 야다
17428808,어어
17429052,티모비상
17430056,ㅋㅋ
17430815,ㅌㅋㅋㅋㅋㅋ
17431963,좀먼데
17432066,숨어
17432379,살려다오
17434446,복실복실티모 죽는다!!!
17435088,이럴 떄 헤카림은 어딧어
17435142,티모련 스킨 ㅅㅂ
17435243,은신해
17436250,습박 ㅋㅋㅋㅋ
17439324,ㅋㅋㅋㅋㅋㅋㅋㅋㅋㅋㅋㅋㅋㅋㅋㅋㅋㅋㅋㅋㅋㅋㅋㅋㅋㅋㅋㅋㅋㅋㅋㅋㅋㅋㅋ
17439345,ㅋㅋㅋㅋ
17439616,야미~
17439970,{:d_126:}
17440090,ㅋㅋ
17440102,잘햇는데 아숩네잉 고수엿다
17440462,ㅋ
17441226,먼딜이고
17442194,ㅈㄴ쌔
17442981,은신했어야지
17446143,바텀 멸망
17446843,근데 물쥐님
17447484,야미
17448487,야미
17450919,은신은 ㅋㅋㅋ
17451098,와 저스킨 개꼴리네
17451535,벨코즈잘하네 ㅋㅋ
17451944,ㅋㅋㅋㅋㅋㅋㅋㅋ
17453561,ㅋㅋㅋㅋ
17454353,벨코즈 난죽텍 ㅋㅋ
17454366,ㅋㅋ근신
17454414,ㅋㅋㅋ
17454456,은신 십 ㅋㅋㅋ벨코즈있는데
17455353,ㅋㅋㅋㅋㅋㅋ
17457411,은신컨
17459381,피 까이기전에 카림이가 온다는 선택지는 없는거냐
17460151,헤카림 핑 차단마렵네
17461338,죽으면 우물은신
17462078,베인이냐?
17462613,은신은 시발 온오프인줄아나
17464178,은신드립은 습박;
17464238,아직도 쟤를 상대할줄 몰라? 쟤가 무빙할땐 걍 같이 무빙해야해
17464724,은신했어야진 레전드네 ㅋㅋ
17466287,오
17471011,캬
17471012,오랜만에 왔는데도 여전히 잘생겼구나
17472849,코그모라 따기는 쉽네
17481269,티모 스킨 진짜 개패고 싶네
17483909,야미
17487360,되는판이다
17490740,안경이 5090같음
17492051,대포 아슬아슬 세이브
17492309,버섯 위치 아쉽네
17495004,버섯농장 시작
17495104,변한건 없니~
17498841,윗라인 잘해주네
17499010,Ap 코그모감 요즘?
17499315,그래도 코그모 성장 잘 죽이고있어서할만함 에어본싸개 렐있어서 한타기대해바도댈듯
17519156,벨코즈 스킨 개신기하네
17521269,악어 힘든가보네
17527471,음?
17530875,야다
17534681,헤카림 멘헤라터진다
17536092,한타가면 걍 이길거같은데
17540578,미드코그모는 왜하는거냐 개쳐구린데
17541477,?
17542109,?
17542555,ㅋㅋㅋㅋㅋㅋㅋㅋ
17543423,ㅈㄴ잘맞춘다
17543721,?
17544559,가서맞기
17545379,맞으러 가노..
17546574,너무샌데
17547100,와 근데 잘쏘긴한다 코즈
17548152,줘야지 뭐
17552565,뭔 맞아주러 가냐
17553205,비상
17555067,망나니의 중재
17555532,숨어서 경험치먹기
17557970,물쥐무빙다읽혔네 코즈한테
17568333,렐라인이나받아먹지
17571514,코즈 뒤지게잘쏘네
17589309,와
17589495,"어으,"
17590404,와
17590773,와
17590789,하
17590856,와
17591377,ㅋㅋㅋ
17591720,잘한다
17591868,야미
17592414,통통
17593088,벨코즈
17593317,고수
17597189,벨코즈 쌉고수 ㅇㅈ
17597572,벨코즈 패고싶다
17598333,명사스 코즈
17598681,포트리스 고수임?
17599846,각도기누
17607387,벨코즈 스킨개맛있노 ㅋㅋ
17608586,장인챔이라 같은티어인데도 벽이느껴지네
17609690,코그모 플빼서 한무킬되긴해
17609801,스태틱 까지 아직 한참...
17611284,벵코즈 열받게하네
17612091,티모가 하는게 없는디
17617736,ㅋㅋㅋㅋㅋㅋㅋㅋㅋㅋㅋㅋㅋㅋㅋㅋㅋㅋ
17618524,머함?
17618582,ㅋㅋㅋㅋㅋㅋ
17618596,접대
17618779,ㅋㅋㅋㅋㅋㅋㅋㅋ
17618991,야미 ㅋㅋ
17619361,ㅋㅋㅋㅋㅋㅋㅋㅋㅋㅋㅋ 광대임?
17619629,?
17619727,?ㅋㅋㅋㅋㅋㅋㅋㅋ
17620167,ㅋㅋㅋㅋㅋㅋㅋㅋㅋㅋㅋㅋㅋㅋ
17620203,얼탱
17620251,퉷
17620582,ㅋㅋㅋㅋㅋ
17620586,쌍버프 야미
17621063,??ㅋㅋㅋㅋ
17621319,ㅋㅋㅋㅋㅋㅋㅋㅋㅋㅋㅋ
17621361,어 이러면 스태틱이.
17621738,ㅋㅋㅋㅋㅋㅋㅋ
17621816,ㅋㅋㅋㅋㅋㅋ
17621849,?
17622187,ㅋㅋㅋㅋㅋㅋㅋㅋㅋㅋㅋㅋ
17622189,ㅋㅋㅋㅋㅋ
17622307,ㅋㅋㅋㅋㅋㅋㅋ
17622418,ㅋㅋㅋㅋㅋㅋㅋㅋㅋㅋㅋ
17622458,접대 ㅆㅂ
17622739,ㅋㅋㅋㅋㅋㅋㅋㅋㅋㅋㅋㅋㅋㅋㅋㅋㅋㅋㅋㅋㅋㅋㅋㅋ
17622826,왜 기다린거지?
17623664,아직도 있었어? ㅋㅋ
17624207,충신이엇네
17625143,뒤지고싶지
17625161,ㅋㅋㅋㅋ
17625352,절대 안갔을줄알았다 ㅋㅋ
17625478,미쳤지
17626362,아오 저격 습박
17626794,ㅋㅋㅋㅋ ㅋㅋㅋㅋ ㅋㅋㅋㅋ
17627732,접대 ㅅㅂ럼 ㅋㅋ
17627887,집왜 취소한거여
17628386,?
17628665,티모 부활
17629233,팬서비스네저건 ㅋㅋ
17630649,충신이네
17630718,아 저격 ㅅㅂ
17631451,충신이노
17631975,드디어
17632508,돈주려고
17632583,팬이에요
17633744,벨코즈 귀얍네
17634649,떴다 그아이템
17636962,쌍법에 스태틱? 진 넌 뒤졌다모
17637593,저격이네 ㅋㅋㅋㅋㅋㅋ
17640571,이제야 1인분 나오겠네
17641606,이럼 라클따라가지나
17641977,물쥐님 티모원딜이 그냥 좋은거에요 아님 카운터용이에요?
17642984,코즈야 좀 티난다 ㅇㅇ..
17643862,스태띡
17644364,스테틱이 좋긴 한가보네
17645350,으뮹하게 부쉬에숨어있었노
17646297,레드블루까지 기부해주네
17652721,스태틱 나왔다 모
17653836,팟
17658374,1틱 ㄷㄷ
17658511,스태틱나오면 좀 낫네
17659836,와
17663306,라클 GOAT
17664769,cs가 많이 아픔요
17666077,따끔
17666207,독다붙는게 레전드네 ㄹㅇ
17666216,존나세다
17666276,오
17666639,와 개세네
17667024,딜보소
17668256,딜보소
17668411,지린다
17670332,티모인생핀다
17670495,반피삭제 ㅋㅋ
17671855,체질이 변하네
17672391,오
17673021,이
17675217,캬
17675318,ㄹㅇ 티모는 스태틱부터가 시작이더라
17679456,각도기 ㄷㄷ
17680890,좀 피해라 습박
17681232,멜 상태가..
17681317,저거 스킨 존나 무섭네
17681718,렐 정신못차리네
17682898,스킨ㄱ
17683096,cs가 많이 아파요잉
17683489,토마토
17684560,벨코즈 스킨 징그럽네
17685353,버섯 좀 뿌려
17687564,생긴거 ㅋㅋㅋ
17687844,벨코즈패시브 저거 토마톤가?
17689598,스킨ㅋㅋㅋㅋ
17690108,버섯 쿨 돌려라
17690172,쌍버프 티모
17694980,ㅋㅋㅋㅋㅋㅋㅋㅋㅋㅋㅋ
17696328,아 와드 딜로스
17696948,뭐야ㅓ거
17697812,스킨 달리는거 ㅋㅋㅋㅋ
17698002,튀는거 존나웃기네
17698694,저거 뛰는폼보소
17698776,아으 까비
17699219,ㄲㅂ
17699578,ㅈㄴ웃기네스킨
17699790,ㄲㅂ
17700135,ㅋㅋㅋㅋㅋㅋㅋㅋㅋㅋ모션 개웃ㄱ기네 ㅋㅋㅋ
17700682,벨코즈 스킨 개웃기네 ㅋㅋ
17701015,벨코즈 팔 다뜯어버리고싶네
17701532,와드안박냐
17701617,뭐야 저거 ㅋㅋ
17701813,저거 스파게티임
17701973,팔돌리면서 뛰는거 개귀엽네 ㅋㅋ
17702050,손 파닥거리는거 ㅋㅋㅋ
17702680,개빠르노
17703984,스킨 ㅈㄴ 귀엽다 ㅋㅋㅋㅋㅋㅋㅋㅋㅋㅋ
17705353,스킨 튀는거 줜나웃김 ㄹㅇ ㅋㅋ
17705645,진짜 스테틱에 독뭍는거는 누가 생각한거지 ㅋㅋ
17705875,버섯 하루종일 3개야  ㅠ
17706745,미트볼 스파게티
17707663,ㅈㅈ
17708463,열받게 잘하네
17708759,아
17711652,잘가라 멜...
17720347,진 이속빠르네
17720780,또 벽에
17721306,오잇
17722408,버섯위치ㅋㅋ
17722927,ㅓ우
17725268,버섯 또 벽에 박아넣네
17725625,맞았으면 ㄷㄷ
17726639,점멸 평을 해
17727316,또 붙여서 쓰네
17732723,캬
17732916,ㅋㅋㅋㅋㅋㅋㅋㅋㅋㅋㅋ
17733178,캬
17733255,ㅋㅋㅋㅋㅋㅋㅋㅋㅋㅋㅋㅋㅋㅋㅋㅋㅋㅋㅋㅋㅋㅋㅋㅋㅋㅋㅋㅋㅋㅋㅋ
17733280,ㅋㅋㅋㅋㅋㅋㅋㅋㅋㅋㅋ
17733319,ㅋㅋㅋㅋㅋㅋㅋ
17733329,원딜티모가 패시브써먹을일이 많이없네
17733763,ㅋㅋㅋㅋㅋㅋ
17733913,벽에 붙이지 말랬잖아
17733969,미쳤찌
17734624,ㅋㅋㅋㅋㅋㅋㅋㅋㅋㅋ
17734670,캬
17735001,캬
17735203,ㅋㅋㅋㅋㅋㅋ
17735700,캬
17736138,ㅋㅋㅋㅋ
17736883,충신 ㅋㅋ
17737141,방플맞네
17737662,ㅋㅋㅋㅋㅋㅋㅋㅋㅋㅋㅋ
17737772,급습쥐 ㅋㅋㅋㅋㅋㅋㅋㅋㅋㅋㅋㅋ
17739519,깝치노
17740161,방플 아니었나
17740515,고맙다잉
17740995,티모를 통달한 자
17742420,벽에 붙여서 깔지말라고 물쥐야
17742585,캬
17743362,피딩아냐
17744393,와 좆간지난다 물쥐야
17744545,ㅌㅌㅌㅌㅌㅌㅌㅌㅌㅌㅌ
17745679,"""고맙다 이새기야.."""
17745743,까부네
17745848,ㅋㅋㅋㅋㅋㅋㅋㅋㅋㅋ
17746549,스파게티 건방 떨지마
17747966,존만이 컷
17747995,쥐만기
17747999,항상 겸손해라
17748146,접대 2번 좋았다 코즈야
17748488,항상겸손해라
17749038,제가언제..
17749749,깝죽거리지마라
17750095,"""고맙다 코즈야.."""
17753322,오만이 컷
17753472,기살려주네
17755645,야 장지환 버섯 벽에서 거리두라고 말했다.
17756523,ㅅㅅ
17756678,오
17756960,캬
17757448,오옹?
17758099,졷만이
17758466,헤다닥
17758511,저게 정글이지
17758916,파카님 버섯 건피좀해줘
17760328,헤카림 ㅈㄴ잘해주네
17767123,상황 ㄱㅊ은제
17767992,전혀 기대안해
17770234,는데
17770808,레넥 오래기다렸지
17773547,파카 칼바람중임
17773855,찌릿
17775514,ㄲㅂ
17776277,아으 까비
17776376,진 마나가 없다
17779733,카무이
17782731,ㅋㅋㅋ
17784170,ㄷㄷㄷ
17784715,우다다
17785493,?
17785919,스킨 습박
17786380,팔 파닥거리는겈 ㅋ
17786626,ㅋㅋㅋㅋ
17787278,으
17788275,개징그럽네
17790477,지독한 스파게티 ㅋㅋ
17796679,개무섭네
17797584,T 끝에 맞네
17797713,ㅋㅋㅋㅋㅋㅋㅋㅋㅋㅋㅋ ㅈㄴ웃기네 달려오는거
17798534,잔인하네
17799002,ㅋㅋㅋㅋㅋㅋㅋㅋㅋㅋ
17799161,ㅋㅋㅋㅋㅋㅋㅋㅋㅋ
17799260,근데 원딜 티모 내셔는 뱔로인가요?
17799288,ㅋㅋㅋㅋㅋㅋㅋㅋㅋㅋㅋㅋㅋㅋㅋㅋㅋㅋㅋㅋㅋㅋㅋㅋ
17799576,ㅋㅋㅋㅋㅋㅋㅋㅋㅋㅋㅋ
17799949,개잘맞춰 코즈
17800678,와...
17800901,뭐 다맞네
17801501,ㅋㅋㅋㅋ
17801736,ㅋㅋㅋㅋㅋㅋㅋㅋㅋㅋㅋㅋㅋㅋㅋㅋㅋ
17801874,뭐 존나날라오네 ㅋㅋㅋㅋㅋ
17802148,와 개잘하네 벨코즈
17802369,벽느껴지네
17802376,개고수 ㅋㅋ
17802583,벨코즈 잘하네
17802611,다맞네
17802671,ㅋㅋㅋㅋㅋㅋ
17803079,벨코즈 지린다
17803547,렐아..
17803636,근데
17803930,잘하네 진코즈
17804756,ㅋㅋㅋㅋㅋㅋㅋㅋ
17804922,근데 벨코즈 잘한다;';
17804966,다쳐맞노 ㅋㅋ
17805202,와
17805574,ㅋㅋㅋㅋㅋㅋㅋ 다쳐맞고죽네
17805859,?
17806279,달
17806768,잔인하네
17807057,?
17807203,다맞네
17807204,진?
17807391,음?
17807415,?
17807437,벨코즈가 잘하긴하는데?
17807667,ㅋㅋㅋㅋㅋㅋ
17807841,캬
17807873,캬
17808113,ㅋㅋㅋㅋㅋㅋㅋㅋ
17808371,ㅋㅋㅋㅋㅋㅋㅋㅋㅋㅋㅋㅋㅋㅋㅋ
17808391,ㅈㄴ웃기네 ㅋㅋ
17808393,ㅋㅋㅋㅋ
17808477,?
17808617,ㅋㅋㅋㅋㅋㅋㅋ
17808641,?
17808685,?ㅋㅋㅋㅋㅋㅋㅋㅋㅋㅋㅋㅋ
17808708,ㅋㅋㅋㅋㅋㅋㅋㅋ
17808828,응?
17808880,?
17808900,ㅋㅋㅋㅋㅋㅋㅋㅋㅋㅋㅋㅋㅋㅋㅋㅋㅋㅋㅋㅋㅋㅋㅋㅋㅋㅋㅋㅋㅋㅋㅋㅋㅋㅋㅋㅋㅋㅋㅋㅋㅋㅋㅋㅋㅋ
17808951,ㅋㅋㅋㅋㅋㅋㅋㅋㅋ
17808959,?
17808965,ㅋㅋㅋㅋㅋㅋㅋㅋㅋㅋㅋㅋㅋㅋㅋㅋㅋㅋㅋㅋㅋㅋㅋㅋㅋㅋ
17809468,ㅋㅋㅋㅋㅋㅋㅋㅋㅋㅋㅋㅋㅋㅋㅋㅋㅋㅋㅋㅋㅋㅋㅋㅋㅋㅋㅋㅋㅋㅋㅋㅋ
17809480,?
17809485,ㅋㅋㅋㅋㅋㅋㅋㅋㅋㅋ
17809516,ㅋㅋㅋㅋㅋㅋㅋㅋㅋㅋ
17809565,개맛있다 ㅋㅋ
17809657,진 뭐함?
17809718,???????
17809759,ㅋㅋㅋ
17809851,ㅋㅋㅋㅋㅋㅋㅋㅋㅋㅋㅋㅋㅋㅋㅋㅋㅋㅋㅋㅋ
17810110,ㅋㅋㅋㅋㅋㅋㅋㅋㅋ
17810250,ㅋㅋㅋㅋㅋㅋ
17810516,ㅋㅋㅋㅋㅋ
17810727,{:lck_2:}
17810929,ㅋㅋㅋㅋㅋㅋㅋ
17811010,ㅋㅋㅋㅋ ㅋㅋㅋㅋ ㅋㅋㅋㅋ
17811021,dma?
17811030,개꿀 ㅋㅋㅋ
17811221,?
17811325,ㅋㅋㅋㅋㅋㅋㅋㅋㅋㅋㅋㅋ
17811793,와 ㅋㅋㅋ
17812118,티난다
17812476,????
17812491,?
17812549,개웃기네 ㅋㅋㅋㅋ
17812562,???
17812586,..........?
17812907,?????
17812980,이겼당
17813175,ㅋㅋㅋㅋㅋ
17813472,이겼는데?
17813543,????????
17813652,주\
17813671,?
17814097,렐
17814105,?
17814350,?
17814421,???
17814541,이거뭐임 ?
17814576,어?
17814581,어?
17814620,?
17815063,오우
17815307,뢔둣디
17815589,???????
17815624,?????????????????
17815626,레전드 레전드
17815927,와 ㅋㅋㅋㅋㅋㅋㅋㅋㅋㅋㅋ
17816088,재난 지원금 뭐지요?
17816309,?
17816562,좋은데
17816635,zz
17816940,진짜 뭐지.............
17816986,똥나온다 ㄹㅇ
17817111,김냄새 ㅋㅋㅋㅋㅋ
17817243,뭐죠
17817892,패작인가..?
17817964,벨코즈삿음?
17818071,머사노
17818295,특수하다
17818418,어뷰임?
17818527,{:d_126:}{:d_126:}{:d_126:}
17818683,병신들이네 진짜ㅋㅋ
17818730,ㄹㅈㄷ ㅋㅋㅋㅋㅋㅋㅋㅋㅋ
17818734,교전 이겻죠?
17818874,?
17819291,김내
17819377,엥
17819725,..?
17820026,신 튜 렁
17820028,아니 뭐하는거지 애들 수준ㅋㅋ
17820050,뭐임진짜
17820462,개콘이 따로 없네
17820491,죽어준건가
17821149,겜 토나오긴해
17821254,쟤들 둘다다디졋는데 ㅋㅋ
17821284,똥 밭이노 ㅋㅋㅋㅋㅋㅋㅋㅋㅋㅋㅋ
17821337,?
17821566,마스터 맞음?
17822334,다이나믹듀오다
17822398,기특한 녀석들
17822522,수상한데
17822563,다들 졸린갑다
17822833,운다 벨코즈
17822862,쟤네들 뭐함?
17822934,어느새 풀렸네
17823186,지원금을
17824548,쟤네 뭐함
17824587,김나오네
17824940,쥐환아 샀냐?
17825726,즈벨이니?
17825869,뭐지 ㄹㅇ
17825876,이러면 결과적으로 이겻네
17825888,물쥐야 샀냐?
17825907,뭔 겜이여
17826993,김내 ㅈ되네
17827059,토토충이네
17828619,ㅈ튜렁아 이게 맞냐?
17828832,순장뭐지
17830589,여기 브실골임?
17831372,다딱이들 꼬라지
17831982,쟤 언제까지 우냐?
17833518,롤 오랜만인데 저 신발 뭐임??
17834575,고유가 피해지원금이네요 ㅇㅇ
17834670,벨코즈 돈 얼마 받앗냐
17835088,티모  내셔는 별로인가요
17835563,<<<똥한테 개맞음
17838293,마스터 600점게임 ㅋㅋㅋㅋㅋㅋㅋㅋㅋㅋㅋ
17842229,렐이 플돌때 과감하게 걸어야함
17842375,정글은 ㄹㅇ 겜 이기고싶은 사람만 하나보네 ㅋㅋㅋ
17844333,헤카림 팀까지 케어하네 ㅋㅋㅋ
17844338,알라뷰
17844991,탑 정글 물빨 뭐지요
17848108,칭찬을
17853996,카림이 말은많아도 열심히하네
17854839,저거 흡혈신임?
17857028,헤카림 야스오한테만 ㅈㄴ야박하네 ㅋㅋㅋ
17857792,저 신발 무슨 신발임???
17860466,ㅇㅇ 흡신
17863497,물괴님 버섯을 좀 과학적으로
17863737,렐도 이쁘게말해주더만
17868492,스파게티령
17869744,티모 흡신 가는구나
17870612,어 빨라
17871668,탑 정글 사귀냐 ㅋㅋ
17873341,요즘 티모원딜 왜 자주하시나요
17875451,개징그럽네
17877438,헤카림 ㅅㅂ 얼마나 이기고 싶은지 모르겠어
17878064,헤카림 걍 다혈질이였네
17879627,저것도 존나쎔
17880021,저거 쌤
17880962,ㄹㅇ 파카님한테 버섯 강의받으면 챌갈듯
17883271,황새그모
17885001,후반가면 쌤
17885118,저거 쌔긴함
17886609,오
17887170,으악
17888046,ㅋㅋㅋㅋㅋㅋㅋㅋ
17888626,벨코즈 스킨
17888930,ㅋㅋㅋㅋㅋㅋㅋㅋㅋㅋㅋㅋㅋ
17888932,ㅅㅂㅋㅋㅋ
17889790,황새 그불 그모
17890204,캬
17891680,뭐삼
17892725,드레이븐임?ㅋㅋㅋㅋㅋㅋㅋㅋㅋ
17893148,ㅈㄴ무섭네
17893722,팔 돌리는거 보소 ㅋㅋ
17894395,황새 코그모 딜은 지리산
17894709,코즈 스킨 개쳐귀엽네
17894939,벨코즈 스킨 죽이고싶네 ㅋㅋ
17895486,ㅋㅋㅋㅋㅋㅋㅋㅋ
17895597,벨코즈 개웃기네 ㅋㅋㅋㅋ
17895822,벨코즈 저거 뭔 스킨인데 ㅋㅋㅋㅋ
17898446,ㅋㅋㅋㅋㅋㅋㅋㅋㅋㅋㅋㅋㅋㅋㅋ
17900396,살려다오
17902006,ㅋㅋ
17902193,ㅋㅋㅋㅋㅋㅋㅋㅋㅋㅋ
17903702,티모 빨라요~
17904774,와 검정부랄 뭐냐 ㅋㅋ 개웃기네 ㅋㅋㅋㅋㅋㅋㅋㅋㅋ
17904998,야메떼
17906114,와 겜수준
17907308,버섯어시뭐임 ㅋㅋㅋ
17912796,저거 어시 ㅋㅋㅋㅋ
17913984,?
17917002,야미 ㅋㅋ
17917832,ㅋㅋㅋㅋ
17918095,어시꿀~
17919262,티모캐리
17919417,ㅋㅋㅋㅋㅋ
17919496,야미
17921272,{:lck_2:}
17921275,ㅅㅅ
17923759,ㅋㅋ
17923887,티모캐륑
17924418,버섯어시 ㅋㅋ
17927051,티모는 즐겁다 ㅋㅋ
17928954,ㄹㅇ 티모캐리라는거임
17929534,티모원딜 줄여서 티원
17931277,게임 수준이 물쥐님한테 안맞는데?
17932587,종나게 잘하시네요
17933010,티모의 순기능
17933724,근데 이게 마스터500 점 맞음 진짜로???????
17934345,혼을쏙배놓음 티모가 ㄹㅇ
17936776,미드에 버섯 깔러 가보자모
17937671,붙여서 깔지 말라고
17940614,티모 스킨 패고싶노
17942961,벽에 붙혀서 깔지 말라 하지 않았냐 아캅스식 티모
17944451,{:lck_2:}{:lck_2:}{:lck_2:}
17945449,물쥐 티모에 딱 맞는 게임 수준이다
17945580,이게 마스터 500점이라고?
17951833,쥐모쭌위
17951982,티모 왜 좋아보이냐'
17956202,할거 없는데 롤하기 VS 장지환 보기
17958695,버섯위치 좋아
17961033,2
17965092,와 검정부랄이다 ㅋㅋ
17965865,ㄷㅎ
17970747,놀랍게도 이정도면 마500점중에서도 잘하는거임 ㅇㅇ;
17972970,티모는 원딜머가카운터임?
17972990,안보이는데
17973897,와 저거 뭐임
17974527,극혐이다 스태틱티모
17976009,으악
17978746,아니 저거 ㅋㅋ
17979786,ㅋㅋㅋㅋㅋㅋㅋ
17980041,ㅋㅋㅋㅋ
17981065,움직이는거
17981215,수저 프로펠러
17985017,??
17986363,아니
17986466,ㅋㅋㅋㅋㅋㅋ
17986614,잘가
17986674,ㅋㅋㅋㅋㅋㅋㅋㅋㅋ
17986886,?
17987201,벨코즈 스킨 ㅋㅋㅋㅋ
17987606,이걸 대줘?
17987814,?
17988130,ㅋㅋㅋㅋㅋㅋㅋㅋㅋㅋㅋㅋㅋㅋ
17988183,너무대줴
17989120,보긴 뭘봐 ㅋ
17989401,충신테스트 뭐냐모
17989654,ㅋㅋㅋ
17990010,충신코즈 ㅋㅋ
17990410,게임 김내나네 ㅋㅋ
17990511,ㄷㄷㄷㄷ
17990540,딜 도랐노
17990574,ㅋㅋㅋㅋㅋㅋㅋㅋㅋ
17991140,멈췄네 ㅋㅋㅋ
17991328,기싸움하지마라잇
17991965,어뷰
17992621,이걸 대주네
17992918,ㅋㅋㅋㅋㅋㅋㅋㅋㅋㅋ
17992934,즈벨아 미쳤ㅈ
17993637,갓 모
17993707,어뷰심?
17995134,내 독기에 범벅이되어 죽어라
17995758,기싸움 무엇
17995961,티모 ㅈ밥같긴해
17996568,벨코즈 ㅈㄴ 던지네ㅋㅋㅋ
17996673,삿네
17997579,즈벨아...
17997942,ㅋㅋㅋㅋㅋㅋㅋㅋㅋㅋㅋㅋㅋ
17998006,얼마주고샀냐
17998120,샀네
17998405,어뷰임?
17998662,ㅈ밥 같긴했지
18001107,샀네 얘
18006474,야미
18007389,끝내 끝내
18009049,겜 수준이 ㄹㅇ
18009414,마무리요?
18010548,진짜 티모는 너무 귀여워
18010596,수준이 왜이래?
18011380,신튜렁
18012393,이상해요
18012641,진짜 애들 개모태
18013424,김내 오지네
18015094,튜렁아 이게 맞냐
18015620,ㅈ모ㅋㅋㅋ
18022002,근데 스태틱나오면 파워커브 확올라오긴함
18022761,혜자톤
18025753,화났다
18027228,반칙반칙
18028330,ㅋㅋㅋㅋㅋㅋㅋ
18028595,ㅋㅋㅋㅋㅋㅋㅋㅋㅋㅋ
18028890,ㅋㅋㅋㅋㅋㅋㅋㅋㅋㅋㅋㅋㅋㅋ
18029272,ㅋㅋㅋㅋㅋㅋㅋㅋㅋㅋㅋㅋㅋㅋㅋㅋㅋ
18030267,ㅋㅋㅋ
18031390,ㅋㅋㅋㅋㅋㅋㅋㅋㅋㅋㅋㅋㅋㅋㅋㅋㅋㅋ
18031609,ㅋㅋㅋㅋㅋㅋㅋㅋㅋㅋ
18031616,ㅋㅋㅋㅋㅋㅋㅋㅋㅋㅋㅋㅋㅋㅋㅋㅋㅋㅋㅋㅋㅋ
18031863,ㅋㅋㅋㅋㅋㅋㅋㅋㅋㅋㅋㅋㅋㅋㅋㅋㅋㅋㅋㅋ
18031935,ㅋㅋㅋㅋㅋㅋㅋㅋㅋㅋㅋㅋㅋㅋ
18031938,ㅋㅋㅋㅋㅋㅋㅋㅋㅋㅋㅋㅋㅋㅋㅋㅋㅋㅋㅋ
18032088,ㅋㅋㅋㅋㅋㅋㅋㅋㅋㅋㅋㅋㅋㅋㅋ
18032261,러브샷 ㅋㅋ
18032294,기싸움 진짜
18032348,ㅋㅋㅋㅋㅋㅋㅋㅋㅋㅋㅋㅋㅋㅋㅋㅋㅋㅋㅋㅋㅋㅋㅋㅋㅋㅋㅋㅋㅋㅋㅋ
18032553,럽샷
18032599,ㅋㅋㅋㅋㅋ
18032686,ㅋㅋㅋㅋㅋㅋㅋㅋㅋㅋㅋㅋㅋ
18032750,ㅋㅋㅋㅋㅋㅋㅋㅋㅋㅋㅋㅋ
18032764,ㅋㅋㅋㅋㅋㅋㅋㅋㅋ
18032968,ㅋㅋㅋㅋㅋㅋㅋㅋㅋㅋㅋㅋ
18032988,ㅋㅋㅋㅋㅋㅋㅋㅋㅋㅋㅋ
18033339,ㅋㅋㅋㅋㅋㅋㅋㅋㅋㅋㅋㅋㅋㅋㅋㅋㅋ
18033451,럽샷
18033571,ㅋㅋㅋㅋㅋㅋㅋㅋㅋㅋㅋㅋㅋㅋㅋㅋㅋㅋㅋㅋㅋㅋㅋㅋㅋㅋㅋㅋㅋㅋㅋㅋㅋㅋㅋㅋㅋㅋㅋ
18033790,ㅋㅋㅋㅋㅋㅋㅋㅋㅋ
18033798,자강두천
18034121,ㅋㅋㅋㅋㅋㅋㅋㅋㅋㅋㅋㅋㅋㅋㅋ
18034683,ㅋㅋㅋ
18034794,ㅋㅋㅋㅋㅋㅋㅋㅋㅋㅋㅋㅋㅋㅋㅋㅋㅋㅋㅋㅋㅋ
18034834,화가 나셨어
18035123,ㅋㅋㅋㅋ이건 좀 웃겼다
18036005,ㅋㅋㅋㅋㅋ
18036424,ㅋㅋㅋㅋㅋㅋㅋㅋㅋㅋㅋㅋㅋㅋㅋㅋㅋㅋㅋㅋㅋㅋㅋ
18036599,엄대엄
18037202,기싸움 ㅈ되네 ㅋㅋㅋ
18037770,서폿맞노 저거
18037829,게임 수준ㅋㅋㅋㅋㅋㅋㅋㅋ
18038137,미친놈ㅋㅋㅋㅋㅋㅋㅋㅋ
18038711,ㅋㅋㅋㅋㅋㅋㅋㅋㅋㅋㅋㅋㅋㅋㅋㅋㅋㅋㅋㅋㅋ
18038923,둘중 누가 더 미친놈임?
18039407,좋은승부였다 ㅋㅋ
18039694,스파게티괴물 ㅋㅋ
18039747,ㅋㅋㅋㅋㅋㅋㅋㅋㅋㅋㅋㅋㅋㅋㅋㅋㅋㅋㅋ
18039788,물쥐에대한 집착 ㅋㅋㅋㅋ
18040105,둘이 왜 진땀승부 하고 있어 ㅋㅋㅋㅋㅋㅋㅋㅋㅋ
18040700,겜 ㅈㄴ웃기네 그냥 ㅋㅋㅋㅋㅋㅋㅋ
18042346,영혼의 맞다이ㅋㅋㅋㅋ
18042975,검부 개쎄네 ㅋㅋ
18043650,이분 왜 원딜이 서포터하고 기싸움하시나요?
18043918,물약팔어
18045347,울잔아
18045405,뿌엥
18045571,ㅋㅋㅋㅋㅋㅋㅋㅋㅋㅋㅋ
18046271,ㅋㅋㅋㅋㅋㅋㅋㅋㅋㅋㅋㅋㅋㅋㅋ
18046683,귀엽네 ㅋㅋㅋ
18046898,ㅈㄴ웃기넼ㅋㅋㅋㅋㅋㅋㅋㅋㅋㅋㅋㅋㅋㅋㅋㅋㅋ
18047076,ㅈㄴ귀엽네
18047165,그시절 고래까와 같네
18047342,ㅠㅠㅠ
18047578,ㅠㅠㅠㅠㅠㅠㅠ
18047717,게임 수준 진짜
18047843,즈벨이 욕해서 화낫대요
18047971,우아앙
18049032,그냥 스킨이 ㅈㄴ웃김ㅋㅋ
18049720,또 울고잇노
18049727,스킨 진자 ㅈㄴ잘만들었네 ㅋㅋㅋ
18050145,ㅠㅠㅠㅠㅠㅠㅠ
18051451,먹물파스타 뭔데 ㅋㅋ
18051974,걍 뇌뺴지까 게임이 재밋네 ㅋㅋㅋㅋㅋㅋㅋㅋㅋㅋㅋㅋㅋㅋㅋㅋ
18052111,강연금 호문쿨루스같노 ㅋㅋ
18052413,{:d_265:}{:d_265:}
18057738,스킨이 ㅈㄴ 맛있음 벨코즈
18061606,포션팔자
18064702,테모 내셔 어떤가요?
18065256,애매할땐 메자이 ㅇㅇ
18068560,고놈 참 맛나게도 먹는구나
18068899,아되네
18072391,티모 버섯터지면 되돌리기 막히니까 조심하셈 ㅋㅋㅋ
18073651,애매하면 큰지팡이지
18080798,586 벨코즈
18082672,어어
18088333,미친말 ㄷㄷ
18089186,ㅋㅋㅋㅋㅋㅋㅋㅋㅋ
18089448,ㅋㅋㅋㅋㅋㅋㅋ
18091453,ㅈㄴ무섭네
18091575,적토마당 믿힌
18091960,?
18092424,?
18092781,?
18093045,ㅋㅋㅋㅋㅋㅋㅋㅋ
18093085,?
18093109,예?
18093387,?
18093479,??
18093596,뭐야
18093677,?
18093881,?
18094015,?
18094347,?
18094459,?
18094696,캬
18094717,?
18094735,ㅋㅋㅋㅋㅋㅋㅋㅋㅋㅋㅋㅋㅋ
18094852,버섯 자동사냥 ㄷㄷ
18094999,개꿀 ㅋㅋㅋㅋ
18095073,?
18095160,?
18095461,버섯이네
18095476,ㅋㅋㅋㅋㅋㅋㅋ
18095617,야미
18095650,ㅋㅋㅋㅋㅋㅋㅋㅋ
18095722,야미~
18096190,/?
18096227,ㅋㅋㅋㅋㅋㅋㅋㅋㅋㅋㅋㅋㅋㅋ
18096409,버섯팔진도 ㄷㄷㄷ
18096629,ㅋㅋㅋㅋㅋㅋㅋㅋㅋㅋㅋㅋㅋㅋㅋㅋㅋ
18096870,ㅋㅋㅋㅋㅋㅋ
18097463,호재요~
18097576,?
18097585,ㅋㅋㅋㅋㅋㅋㅋㅋㅋㅋ
18097880,티모 캐리
18098074,어디얔ㅋ
18098297,? ㅋㅋㅋㅋㅋㅋ
18098919,킬이 걍 굴러들어오네 ㅋㅋ
18100306,밞앗구만
18100770,버섯자동사냥
18103585,내 독기에 범벅이되어죽어라
18105701,캬
18105766,왜자꾸 어시가
18106811,운다
18107245,끝났네
18108079,얌2
18108439,ㅜㅜ
18109348,꽁어시까지
18110410,ㅋㅋㅋㅋㅋㅋ
18110766,어느새 954
18110796,?
18110905,ㅋㅋㅋㅋㅋㅋㅋㅋㅋㅋㅋㅋㅋㅋㅋㅋㅋㅋㅋㅋㅋㅋㅋㅋㅋㅋㅋㅋ
18111153,ㅋㅋㅋㅋㅋㅋㅋㅋㅋㅋㅋㅋㅋ
18111307,즈벨아
18111911,ㅋㅋㅋㅋ
18112084,나쁜손 ㅋㅋ
18112307,저저
18112638,ㄳㄲ
18113483,ㅋㅋㅋㅋㅋㅋㅋㅋㅋㅋㅋㅋㅋㅋㅋ
18113751,티모 ㅈㄴ재밋겠다 ㅋㅋㅋㅋ
18114216,야미 ㅋㅋ
18114782,뒤쳐지지마!
18114858,냠
18116183,나쁜손이
18116460,야박한거봐라 ㅋㅋ
18116779,워워
18118672,즈벨아 안고맙다
18119986,서폿 훈계는 쥐튜브
18120489,팁은 받아야지
18127073,ㅈㄴ 재밌긴해 티모 ㅋㅋ
18128160,버섯 자꾸 벽에다
18129481,음흉하게 쏙빼먹네
18131655,팁을 좀 많이가져가네 뉴욕이여?
18137810,진있었네
18141598,찌직
18147253,스태틱에 독도 묻는구나
18148407,걔 또왔다
18149102,함더해?
18149681,또 하자는거나
18153362,또 기싸움이야?
18153922,티모 e 반토막 너픈데 아직 좋은가
18155288,벨코즈 전판걘가
18155568,왜 골드 더들어옴
18157658,스킨이쁘누 벨코즈 ㅋㅋ
18158005,어뷰임 쟤>?
18159153,일기토 갈까
18162022,캬
18162136,티모 왜케 재밋냐 보는거 망해도 볼만하네 ㅋㅋㅋㅋㅋㅋㅋ
18162421,벨코즈 스킨 진짜 뭐냐
18162908,스킨진짜 감탄만 나오네 ㅋㅋㅋ
18163003,물쥐 지금 기분 개좋아진거 ㅈㄴ 티남ㄹㅇㅋㅋ
18165043,캬
18166030,저새끼 왜케 ㅈ비비냐
18166114,캬
18166135,무빙 쥐리고
18166355,오
18167587,ㅋㅋㅋㅋㅋㅋㅋ
18167805,ㅋㅋㅋㅋㅋㅋㅋㅋㅋㅋㅋㅋ
18167825,ㅋㅋㅋㅋㅋㅋㅋㅋ
18169294,시발 ㅋㅋ
18169442,ㅋㅋㅋㅋㅋㅋㅋㅋㅋㅋㅋㅋ
18170291,ㅋㅋㅋ
18170518,ㅋㅋㅋㅋㅋㅋㅋ
18170551,꺼드럭대지마라
18171031,스킨 ㅈㄴ귀엽네 ㅋㅋ
18171210,ㅋㅋㅋㅋㅋㅋㅋㅋㅋ
18171542,물주캬
18171805,드레이븐이냐저거
18172383,혼자 쑈를하네
18172869,벨코즈련 ㅋㅋㅋ
18172955,생긴거 시발 ㅋ
18172972,ㅋㅋㅋㅋㅋㅋㅋㅋㅋㅋㅋㅋㅋㅋㅋㅋㅋㅋㅋㅋㅋ
18173237,ㅋㅋㅋㅋㅋㅋㅋㅋㅋㅋㅋㅋㅋㅋㅋㅋ
18173322,죽었당
18173684,잘가라
18173690,스킨 ㅋㅋㅋㅋㅋㅋㅋㅋㅋㅋㅋ
18174068,스킨 자랑하러왔노 ㅋㅋㅋㅋ
18174110,캬
18174195,ㅋㅋㅋㅋㅋㅋㅋㅋㅋㅋㅋㅋㅋ
18174375,븅 ㅋㅋ
18174761,캬
18175142,ㅋㅋㅋㅋ
18175323,버섯 ㅋㅋㅋㅋ
18175518,ㅋㅋㅋㅋㅋㅋㅋ
18175584,다 피하네
18175961,ㅋㅋㄲㅋㅋ
18176015,ㅋㅋㅋㅋㅋㅋㅋㅋㅋㅋㅋㅋㅋㅋㅋㅋㅋㅋㅋ
18176345,ㅋㅋㅋㅋㅋㅋㅋㅋㅋㅋㅋㅋㅋㅋㅋㅋㅋㅋ
18176347,ㅋㅋㅋㅋㅋㅋㅋㅋㅋㅋㅋㅋㅋ
18176975,ㅋㅋㅋㅋㅋㅋㅋㅋㅋㅋㅋㅋㅋㅋㅋㅋㅋㅋ
18177397,ㅋㅋㅋㅋㅋㅋㅋㅋㅋ
18177589,이맛에 티모하지 ㅋㅋㅋㅋㅋㅋㅋㅋㅋㅋㅋㅋㅋㅋㅋㅋㅋㅋㅋㅋ
18177671,벨코즈 운다
18177934,버 섯
18179284,스킨 ㅋㅋㅋㅋㅋㅋㅋㅋㅋ
18179433,ㅋㅋㅋㅋㅋㅋㅋㅋㅋㅋ
18180840,내 독기에 범벅이 되어 죽어라
18182053,자존심 세우다 죽네
18182716,내 독기에 범벅이되어 죽어라.
18182994,시;체도 우네
18183099,공명의 함정이다
18183301,스킨 개웃기네
18184252,벨코즈 홍보대사네
18185093,쥐버섯에 가버려
18185235,영양만점 물쥐버섯
18185333,야미
18185731,저거는 스킨자랑하러 왔는데? ㅋㅋㅋㅋ
18186702,밟앗구만
18186778,먹물 스파게티임?
18188432,우는거 개귀엽네 ㅋㅋ
18188966,우는거 개웃기네
18188966,{:d_117:}
18189085,ㅋㅋㅋ
18190154,무르쥐 캠 바꿈?
18191453,버섯 파스타 ㅋㅋ
18191867,우는거 개웃기네 ㅋㅋㅋㅋ
18195816,이맛에 티모하지
18196117,그저 즐겁다모
18196253,왜 선명하냐
18197340,{:d_117:}{:d_117:}
18197857,메자이 ㄱㄱㄱㄱㄱㄱ
18199876,벨코즈 스킨 개잘만들었네 ㅋㅋㅋ
18200341,벨코즈 스킨 ㅈㄴ잘뽑았네 저거 ㅋㅋㅋㅋ
18202097,이게바로 제갈티모지
18202218,잘컷다
18205650,원딜 잘하는법이요? 잘피하고 잘때리셈 ㅇㅇ
18207043,원딜 퀘스트 완료해서 돈 복사됨
18208109,Are you untara?
18208952,모모모~
18209348,죽었을때 우는거 귀여움 ㄹㅇ
18211455,대학가야지 지환아 메자이 가자
18212492,버섯파스타 맛있긴해
18212545,걍 벨트가도 될거같은데
18213689,모
18214488,근데 팀이 잘하네
18216553,Hi
18219144,{:d_254:}
18219286,{:monsMonsShut:}
18219667,쥐타라
18220891,저게안맞네
18223403,^모^
18225006,{:rhffkdWnghkdqjtjt:}
18226046,어어
18227721,운타라늨
18227985,진왜이래
18228920,아니다모
18228926,티모로 챌린저 가자
18229771,ㅋㅋ 버섯못부수는원딜
18229981,어어
18230597,애들이 발정났는데
18233233,정신이 나가버렸나
18234341,운타라는 아니지 임마
18234942,ㅈㄴ화남 ㅋㅋㅋㅋ
18238306,그럼죽어
18238484,그냥 이기는판이네
18238936,모모모모
18240168,쥐타라
18240749,상대 던진다
18241197,정신이 나가버렸네
18243458,진 ㅈㄴ 달리길래 뭐오는줄
18244521,티모만 보면 화가 나오는건가
18245045,티모만 보면 애들이 달려드내
18252157,티모 생긴거 찢어버리고싶긴해
18256232,쥐님 메자이올면 이속 500 넘길듯
18257839,티확찢은 못참긴해
18258836,얘가 원딜 티모는 운타라보다 잘함 ㅇㅇ
18259077,벨코즈 스킨 개웃기네 ㅋㅋㅋㅋㅋㅋㅋㅋㅋㅋㅋ
18262591,티모는 끌어들임 패시브긴함
18263942,바론언제나와
18267834,애들 잘 패놔가지고 띠모만보면 달려오네 ㅋㅋㅋㅋ
18268959,죽여버리겠따 모~
18271469,어엉
18273483,어셈블 ㅋㅋ
18273966,화났따 ㄷㄷ
18274863,스태틱이 진짜 10히트네
18276401,버섯 ㅋㅋ
18276588,버섯 좋고
18276646,밟았다 ㅋㅋ
18278385,티갈량
18279248,바랴ㅕ
18280716,조졋다
18281068,버려
18281338,헐?
18283270,줴줴야
18283858,엥
18283860,와 다 녹네
18285121,진 ㅋㅋㅋ
18285385,와 몸으로 다 막아주는 거 봐라
18285441,야미
18285596,진
18285983,ㅋㅋㅋㅋㅋㅋㅋ
18288166,버섯
18289489,아
18289748,안죽네
18290378,죽냐?
18290850,ㅋㅋㅋㅋㅋㅋㅋㅋㅋㅋㅋ
18291073,ㅋㅋㅋㅋㅋㅋㅋㅋㅋㅋㅋ
18291586,배리어아
18291895,베리어 ㅋㅋ
18292854,배리어뺌 ㅋㅋㅋ
18294453,내 독기에 범벅이되어..
18296061,머해
18296387,?
18297006,어어
18298299,?
18298715,?
18303180,ㅋㅋㅋㅋㅋㅋㅋㅋㅋㅋㅋㅋㅋ
18303301,ㅋㅋㅋㅋㅋㅋㅋㅋㅋㅋㅋㅋㅋㅋㅋㅋㅋ
18303996,아
18304083,zz
18304444,ㅋㅋㅋㅋㅋㅋㅋㅋㅋㅋ
18304780,애들 ㅈㄴ 저돌적이네 ㅋㅋㅋㅋ
18305371,아조금늦었다
18305585,뇌사쥐
18306613,서로 뭔데 ㅋㅋㅋㅋㅋㅋㅋㅋㅋ
18311042,점멸 아끼는 판단 좋았다 굿굿
18311567,아까부터 러브샷 뭔데 ㅋㅋ
18315902,빨아드림
18319571,즐겜 ㅈㄴ재밌다
18321413,야스오 캐리판은 첨보네
18324371,이거 칼바람임?
18325733,?
18327609,엄
18327846,엥?
18328173,게임 진짜 똥내나네 ㅋㅋ
18328276,에..
18328518,증바람임?
18328969,이러면 손해아닌가
18329334,잡고가면 머
18330192,반드시주긴다 ㅋㅋㅋ
18330302,게임 ㅈㄴ웃기네 ㅋㅋㅋㅋㅋ
18331014,그래 땄으면 됐다
18331309,저게 맞나??
18331324,와 저걸 들어가네
18331516,걍 눈마주치면 달려드네
18332311,게임 진지하게 안하는 애들끼리 모인 것 같네
18332916,다행이지
18333110,진짜 ㅈ대로 게임하네 ㅋㅋ
18333730,?
18333955,전령은 좀 아깝네
18336177,칼바람 하는거같네 ㅋㅋ
18336652,바강
18337764,뭔 게임을 증바람처럼하냐
18340910,아니 양팀 다 뒤가없네ㅋㅋㅋㅋㅋㅋㅋㅋㅋㅋㅋ
18340963,이판 왜캐 양팀 다 돌진하냐 증바람같음ㅋㅋㅋ
18340993,박아
18342934,강아지가...
18346588,ㅋㅋ 근데 뇌뺴고하니까 겜은 졸라재밌긴하네 ㅋㅋㅋ
18350339,구멍을 못 찾았네
18351477,괴물쥐가 협곡에 독을 풀었다!!!!!!
18357513,채팅 폰트가 바꼈네
18360772,요즘 누가 잔지하게 함
18361119,버섯 심어주고
18370332,버섯의공포
18370366,23분에 60킬 진짜 ㅋㅋㄴㄴ
18376055,벽에 아오
18376254,버섯 위치 너무 아쉬워 물쥐님
18382555,증바람 왜함 솔랭을 증바람처럼하면되는데
18383141,독 개아픈모
18383398,벨코즈 팔 돌리는게 개웃기네ㅋㅋㅋ
18384767,벨코즈 무슨 드레이븐인줄
18384925,ㅋㅋㅋ 벨코즈 피까이는거 보소
18384967,벨코즈 스킨 ㅋㅋ
18389099,귀엽긴 뒤지게 귀엽네
18389631,벨코즈 진짜 ㅈㄴ웃기네 스킨 ㅋㅋㅋ
18391859,{:monsMonsSad:}{:monsMonsSad:}{:monsMonsSad:}
18394865,버섯 ㅋㅋㅋㅋ
18396173,료이키 텐카이
18397072,벽에 너무 붙이지마
18399149,?
18400124,이거 나아진거임
18402210,파카한테 좀 배워라
18405432,버섯 하나 아꼇다가 한타때 던져
18407582,버섯 스마트키 풀자
18408897,버섯으로 바둑함??
18409971,ㄷㄷㄷ
18411020,어캐 파카보다 더 잘 쓰는 거 같냐
18411048,진 딜은 쎼네
18413725,ㅋㅋㅋㅋㅋㅋㅋㅋㅋㅋ 화났네
18413764,은신좀 쓰자
18415861,아까 바론둥지에서 4개 연달아깐거에서 이정도면 나아졌지 ㅇㅇ
18418828,티모 장인이신데 이제 잘 써야죠
18419524,저거 깨는것도 일임 ㅇㅇ
18422162,댕댕이 학살;
18426230,버섯으로 댕댕이 다죽였네 ㅋㅋ
18429670,ㅋㅋㅋㅋㅋㅋㅋㅋㅋㅋㅋㅋㅋ
18430284,ㅋㅋㅋㅋㅋㅋ
18435449,버섯탐지견 ㄷㄷ
18436169,독기에 범벅
18436307,캬
18436479,티모 캐리
18436587,맹독 ㄷㄷ
18439192,내 독에 범벅이 되어라 ㅋㅋ
18440375,트러플먹었어
18441828,이거 애들이 딜예상을 못한다
18445294,독때문인지
18446446,내 독기에 범벅이되어 죽어라
18449544,트러플 찾는개네
18451168,물쥐님 하모니카 불어줘
18453116,{:d_44:}{:d_44:}{:d_44:}
18458054,물쥐야 티모원딜하면서 웃는모습보니 기부니가 좋구나~ 기모륑
18458739,억울하면 너네도 티모 원딜 해
18460957,칼바람 on
18464546,뛰어다니는 거 ㅈㄴ재미있네
18466098,오
18470480,빈틈의 실
18480246,티모하니까 화안내고 웃네 ㄹㅇ
18483296,벨코즈 드레이븐임?
18485472,띠모 개재밌어보이네 ㅋㅋㅋ
18490484,여기서 신속신 가면 얼마나 빨라질까
18491719,ㄹㅇ
18493112,시야 바보됨 ㄹㅇ
18493154,마공용 티모 = 재앙
18493820,시야가 개사기야
18496010,상대 진이었네 ㅋㅋㅋㅋ 버섯 어케지우냐 ㅋㅋ
18498641,인비저블썸띵
18505879,저저
18506143,티모의 밸류는 무한이라고
18507028,지나가던 나피리 독맞음 ㅋㅋ
18507192,아
18509000,lck에서 나오겟다이제
18511789,핑을 찍어야 알지요
18513922,티모 원딜 꿀통임?
18515451,ㅅ발 레넥아 니가 시에스 3개 더먹는다고 이기는 판 아니야
18518048,유미상대로 티모하면 재앙일거같은데
18518076,LCK나오면 하루종일 다이브당함 ㅋㅋ
18524737,장기전 유도 GOAT
18529584,lck에서 티모 나온적 한번이라도 있음?
18531721,티모스킨 ㅈㄴ열받네
18536173,예전에
18536976,돈이 그냥 계속모이네
18537160,ㄱ-
18537885,ㅈ모 역겹긴하다 진짜ㅋㅋㅋㅋㅋㅋㅋ
18537946,풀템이네
18540648,탑으로 2번나왔음
18540822,이제 밟으면 3분의1나간다 ㅋㅋ
18541921,무덤꽃 ㄱㄱㄱㄱ
18543606,ㅇㅇ
18545688,절대못쓰지
18546121,존야
18546973,바이퍼 1번이랑
18548761,무한다이브 당할듯
18550440,이제 들어옴 1코어 뭐로감?
18551443,lck티모 샤이가 어쩌다 썼지..
18551493,이론상 은신하면 받아먹기 가능 ㅇㅇ
18551981,초반에 그냥 개찢길 거 같은데
18553099,스킬셋이 똥이라 안돼
18556783,대회에서 쓰면 사거리로 카이팅 개닦일듯
18557051,1코는 스테틱고정
18557815,애초에 못클듯
18558389,옛날에 바이퍼가 꺼내적잇지않나
18558499,솔랭용이여
18559443,2ㄷ0으로 이기고 있으면 쓸만할듯 ㅋㅋㅋ
18559909,미드티모도 한번 나온적 있는데
18560369,대회에서 5꽉가고 원딜벤 많이나오면 나올지도?
18563989,충분히 크랙으로 가능할 수도 있어
18564090,이번 패치에 너프먹엇는데 먼
18565949,어차피 시즌말인데 한번 꺼낼지도
18567510,스테틱 확인 ㄱㅅ
18570123,주문력 415였는데 왜 갑자기 내려간거임??
18578831,2코는요?
18579879,어어
18584068,휴
18584487,바론.끝났잖음
18586199,텟카이
18591338,ㅋㅋㅋㅋㅋㅋㅋㅋㅋㅋㅋㅋㅋㅋㅋㅋ
18591670,오
18591888,그모 14렙인데 쌔네
18592152,찍
18592453,ㅋㅋㅋㅋㅋㅋㅋㅋㅋㅋㅋ
18592468,ㅁㅋㅋㅋ
18592731,ㅋㅋ
18592949,ㅋㅋㅋㅋㅋㅋㅋㅋㅋㅋ
18593504,ㅋㅋㅋㅋㅋ
18593614,ㅋㅋㅋㅋㅋㅋㅋㅋㅋㅋㅋㅋㅋㅋㅋㅋㅋㅋㅋㅋ
18593637,zzzzzzzzzz
18593878,ㅋㅋㅋㅋㅋㅋㅋㅋㅋㅋㅋㅋㅋㅋㅋㅋㅋㅋㅋㅋㅋㅋㅋㅋㅋ
18593889,플궁 ㅋㅋㅋ
18593974,ㅋㅋㅋㅋㅋㅋㅋㅋㅋㅋㅋㅋㅋㅋㅋㅋㅋㅋㅋㅋㅋㅋㅋㅋㅋㅋㅋㅋㅋㅋㅋㅋㅋㅋㅋ
18594064,ㅁㅊ ㅋㅋㅋㅋㅋㅋㅋㅋㅋㅋㅋㅋㅋㅋㅋㅋ
18594165,ㅋㅋㅋㅋㅋㅋㅋㅋㅋㅋㅋㅋㅋㅋㅋㅋ
18594288,ㅋㅋㅋㅋㅋ
18594469,ㅋㅋㅋㅋㅋㅋㅋㅋㅋㅋㅋㅋㅋㅋㅋ
18594519,ㅋㅋㅋㅋㅋㅋ
18594693,ㅋㅋㅋㅋㅋㅋㅋㅋㅋㅋㅋㅋㅋㅋㅋㅋㅋ
18595333,ㅋㅋㅋㅋㅋㅋㅋㅋㅋㅋㅋㅋㅋㅋㅋㅋㅋ
18595659,ㅋㅋㅋㅋㅋㅋㅋㅋㅋㅋㅋㅋㅋㅋㅋ
18596268,노리고있었네
18596315,티모님..?
18597458,^모^
18597829,플 궁 ㅋㅋ
18598903,물쥐빔~~~~~
18599154,어지간히 빡쳣나 ㅋㅋ
18599935,ㅋㅋㅋㄱㅋㄱㅋㄱㄱㅋㄱㄱㅋㅋ
18602090,저 먹물 벨코즈 ㅋㅋㅋㅋㅋ
18602745,음 볼로네제
18605349,게임 이상해지는데
18605371,데캡 가죠
18608126,갈!!
18609179,채팅창 글씨체 왜바뀜
18612365,코그모 렙오르면 겜 귀찮아진다
18619991,이거 맞아
18620745,ㅋㅋㅋㅋㅋㅋㅋㅋㅋㅋㅋㅋㅋㅋㅋ
18622615,요즘 솔랭 어수선한
18624570,티모버섯저거 스트레스받으면 눈마주치면 죽이고싶음 ㄹㅇ
18625237,와
18625425,밸코즈 스킨 ㅋㅋㅋ
18626303,캬
18627587,이야
18627798,미친새끼
18627852,오우쉣
18627937,와 ㄷㄷ
18629398,장군님~
18629679,"지는건가요? ""이겨"""
18630658,저걸 사네 ㅋㅋ
18630759,왁왁
18631206,미친놈이다
18632102,아
18632102,네네통
18632427,저걸 걍 뚫어버리네
18632721,이게 탑이지
18632896,이걸막아?
18633138,ㄷㄷ
18633152,저걸 다밀어내네
18635446,상대가 못한거같은데
18635869,개잘하네
18636158,ㅋㅋㅋㅋㅋㅋㅋㅋㅋㅋㅋ
18636323,캬
18636347,나이스
18636399,버섯대박 ㅋㅋㅋ
18636493,캬
18636496,ㅇ허ㅏ
18636797,캬
18636803,ㅋㅋㅋㅋㅋㅋㅋㅋㅋㅋ
18636955,ㅋㅋㅋㅋㅋㅋㅋㅋㅋㅋㅋㅋㅋㅋㅋ
18637019,캬
18637121,ㅋㅋㅋㅋㅋㅋㅋㅋㅋㅋㅋ
18637201,ㅋㅋㅋㅋㅋㅋㅋㅋㅋㅋㅋㅋㅋㅋㅋㅋㅋ
18637213,ㅋㅋㅋㅋㅋㅋㅋㅋㅋㅋㅋㅋ
18637222,ㅋㅋㅋㅋㅋㅋㅋㅋㅋㅋㅋ
18637247,?
18637312,ㅋㅌㄴㅋㅋㅋㅋㅋ
18637430,ㅋㅋㅋㅋㅋㅋㅋㅋㅋㅋㅋㅋㅋㅋㅋㅋㅋㅋㅋㅋㅋㅋㅋㅋ
18637470,ㅋㅋㅋㅋㅋㅋㅋㅋㅋㅋㅋㅋㅋ
18637597,ㅋㅋㅋㅋㅋㅋㅋㅋㅋㅋㅋㅋㅋㅋㅋㅋㅋㅋㅋㅋㅋㅋㅋㅋㅋㅋㅋㅋ
18637630,??
18637647,ㅋㅋㅋㅋㅋㅋㅋㅋㅋㅋㅋㅋ
18637849,ㅋㅋㅋㅋㅋㅋㅋㅋㅋㅋㅋ
18637909,ㅋㅋㅋㅋ
18637944,야미~
18637950,캬 ㅋㅋㅋㅋㅋㅋㅋ
18637971,ㅋㅋㅋㅋㅋㅋㅋㅋㅋㅋㅋㅋ
18638010,ㅋㅋㅋㅋㅋㅋㅋㅋㅋㅋㅋㅋㅋ
18638068,ㅋㅋㅋㅋㅋㅋㅋㅋㅋㅋㅋ
18638245,???????????????????
18638298,왓
18638381,?
18638530,ㅋㅋㅋㅋㅋㅋㅋㅋㅋㅋㅋㅋㅋㅋㅋㅋㅋㅋㅋㅋㅋㅋㅋㅋㅋㅋㅋㅋㅋ
18638655,갈!!!!!!!!
18638896,ㅋㅋㅋㅋㅋㅋㅋㅋㅋㅋㅋㅋㅋㅋㅋㅋㅋㅋㅋㅋㅋㅋㅋㅋㅋㅋㅋㅋㅋㅋㅋㅋㅋㅋ
18638949,ㅋㅋㅋㅋㅋㅋㅋㅋㅋㅋㅋㅋㅋㅋㅋㅋㅋㅋㅋㅋ
18638972,ㄴㅋㅋㅋㅋㅋㅋㅋㅋㅋㅋㅋㅋㅋㅋㅋㅋ
18639020,티모 캐리
18639132,ㅁㅍㅋㅋㅋㅋㅋㅋㅋㅋㅋㅋㅋㅋㅋㅋㅋㅋㅋㅋㅋㅋㅋㅋㅋㅋㅋ
18639432,ㅋㅋㅋㅋㅋㅋㅋㅋ
18639514,ㅋㅋㅋㅋㅋㅋㅋㅋㅋㅋㅋㅋㅋㅋㅋㅋㅋㅋㅋㅋㅋㅋㅋㅋㅋㅋㅋㅋㅋㅋㅋㅋㅋㅋㅋㅋㅋㅋㅋㅋㅋㅋㅋㅋㅋㅋㅋㅋㅋㅋㅋㅋㅋㅋㅋㅋㅋㅋㅋㅋ
18639701,ㅋㅋㅋㅋㅋㅋㅋㅋㅋㅋㅋㅋㅋㅋㅋㅋㅋㅋㅋㅋㅋㅋㅋ
18639870,ㅋㅋㅋㅋㅋㅋㅋㅋㅋㅋㅋㅋㅋㅋ
18640015,ㅋㅋㅋㅋㅋㅋㅋㅋㅋ
18640042,도파민 지린다ㅋㅋㅋㅋㅋㅋㅋㅋㅋㅋㅋ
18640046,ㅋㅋㅋㅋㅋㅋ
18640070,대 섯
18640094,ㅋㅋㅋㅋㅋㅋ
18640133,티갈량
18640478,ㅋㅋㅋㅋㅋㅋㅋㅋㅋㅋㅋㅋㅋㅋㅋㅋㅋㅋㅋㅋㅋㅋㅋㅋㅋㅋㅋㅋㅋ
18640564,개꿀ㅋㅋ
18640630,ㅋㅋㅋㅋㅋㅋㅋㅋㅋㅋㅋㅋㅋㅋㅋㅋㅋㅋㅋㅋㅋㅋㅋ
18640848,ㅋㅋㅋㅋㅋㅋㅋ
18640888,ㅋㅋㅋㅋㅋㅋㅋㅋㅋㅋㅋㅋㅋㅋㅋㅋㅋㅋㅋㅋ
18640909,믿힌 ㅋㅋㅋㅋㅋㅋㅋㅋㅋㅋㅋㅋㅋㅋㅋㅋㅋㅋㅋㅋㅋㅋㅋㅋㅋ
18640962,ㅋㅋㅋㅋㅋㅋㅋㅋㅋㅋㅋㅋㅋㅋㅋㅋ
18641136,ㅋㅋㅋㅋㅋ
18641363,캬
18641460,ㅋㅋㅋㅋㅋㅋㅋㅋㅋㅋㅋㅋㅋ
18641511,유튜브 하이
18641631,zzzzzzzzzzzzzzzz
18641705,따운
18641822,ㅋㅋㅋㅋㅋㅋㅋ아니 시발ㅋㅋㅋ
18641987,개웃기네 ㅋㅋㅋ
18642040,ㅋㅋㅋㅋㅋㅋㅋㅋㅋㅋㅋㅋㅋㅋㅋ
18642080,스트라이크
18642512,ㅋㅋㅋㅋㅋㅋㅋㅋㅋㅋㅋㅋㅋㅋㅋㅋㅋㅋㅋㅋㅋㅋㅋㅋㅋ
18642607,ㅋㅋㅋㅋㅋㅋㅋㅋㅋㅋㅋㅋㅋㅋㅋㅋ
18642880,ㅋㅋㅋㅋㅋㅋㅋㅋㅋㅋㅋㅋㅋㅋㅋㅋㅋㅋㅋㅋㅋㅋㅋㅋㅋㅋㅋ
18642957,ㅋㅋㅋㅋㅋㅋㅋ
18642976,ㅈㄴ마싯네
18643393,레전드
18643472,이맛에 티모하지
18643829,진짜 버섯 ㅈ사기다
18643968,캬ㅑㅑㅑㅑ
18644118,아 버섯을 밝아버렸어요
18644199,ㅋㅋㅋㅋ아니
18644544,ㅈㄴ웃기넼ㅋㅋㅋㅋ
18644659,캐리
18645321,ㅋㅋㅋㅋㅋㅋㅋㅋㅋㅋㅋㅋㅋㅋㅋㅋㅋㅋㅋㅋㅋㅋㅋㅋㅋㅋㅋㅋㅋㅋㅋㅋㅋㅋㅋㅋㅋㅋㅋㅋㅋㅋ
18645614,티모의버섯농장이 또.............
18646029,이궈궈든
18646195,ㅋㅋㅋㅋㅋㅋㅋㅋㅋㅋㅋㅋㅋㅋㅋㅋㅋㅋㅋㅋㅋㅋㅋㅋㅋ
18646485,죽은 공명이 산 사마의를 죽였구나
18646583,{:d_59:}{:d_59:}{:d_59:}{:d_59:}{:d_59:}{:d_59:}{:d_59:}
18646852,이맛에 티모하지 ㅋㅋㅋㅋㅋㅋㅋㅋㅋㅋㅋㅋㅋㅋㅋㅋㅋㅋㅋ
18646855,버섯왕 자지환!!!!!!!!
18646876,^모^
18646886,{:d_54:}{:d_54:}{:d_54:}
18647143,내 독기에 범벅이 되어죽어라.
18647267,카서스 궁이다 ㅋㅋㅋ
18647754,아니 꿀잼이네
18647812,ㅋㅋㅋㅋㅋㅋㅋㅋㅋㅋㅋ
18649445,유하
18649769,브루저 3명이서 그냥 밀어버리네 ㅋㅋ
18649939,ㅋㅋㅋㅋㅋㅋㅋㅋㅋ
18650620,오늘 텐션 뭐야 ㅋㅋㅋ
18650919,ㅋㅋㅋ아니 어이가 없노
18651447,아 터지는걸 봐야하는데 못봤네 ㅋㅋㅋㅋㅋㅋㅋ
18651826,하핫
18652439,처음 할 때는 좋은지 잘 모르겠다고 하시더니 제대로 맛 들리셨네
18652579,{:monsMonsHaha:}{:monsMonsHaha:}{:monsMonsHaha:}{:monsMonsHaha:}{:monsMonsHaha:}{:monsMonsHaha:}{:monsMonsHaha:}{:monsMonsHaha:}{:monsMonsHaha:}
18652969,버섯학 석사 드립니다
18653031,버섯수
18653209,버섯 위치 설계봐라 머리도좋네 씹새끼
18654417,죽은티모가 산 진을
18654446,이걸 밟아~~
18654982,캐리캐리캐리
18655177,무덤꽃안감??
18655592,버섯대통령 지환 ㅋㅋㅋㅋㅋㅋㅋㅋㅋ
18655668,죽은티모가 킬먹는게
18655810,파카님 버섯 위치가 뭐라고??
18658158,아니 ㄹㅇ 순숨재미 ㅋㅋㅋㅋㅋㅋㅋㅋ
18658212,딜싸게들 꼴이 좋네 ㅋㅋ
18658502,죽은 쥐환이 산 봇듀오를 잡는다..
18659158,터지는걸 봤어야했는데
18659747,모모모모모~모모모모~
18660174,ㅋㅋㅋㅋㅋㅋㅋㅋㅋ
18660320,전술핵 쥐건즈 ㄷㄷ
18662849,이사람 볼때마다 10킬 넘기노 ㅋㅋ
18663371,2코 악의?
18663817,^발아 카메라 비췄어야지
18665323,신경론때문에 버섯신경쓰면 딜을못하고 딜하면 버섯밟고 터짐
18667038,무덤꽃 안가 물쥐야???
18668518,버섯 5개 ㅋㅋ
18671570,1년동안 본것중에 방금거 제일 크게웃음 씁벅 ㅋㅋㅋ
18673514,버섯좀 깔아줘 버섯 풀이야
18675521,버섯수프
18676102,ㅋㅋㅋㅋ
18676146,캬 ㄷㄷ
18676424,물쥐 롤하면서 오랜만여 행복해보이네ㅋㅋㅋㅋㅋ
18676810,티모는 죽어서 버섯을 남긴다
18677857,진짜 이맛에 티모합니다 ㅋㅋㅋ
18678137,티모의 신을 뵙니다.....
18679468,쥐루루크
18681342,{:d_254:}{:d_254:}{:d_254:}{:d_254:}
18682676,레넥 담판 티모선언 ㅋㅋ
18685264,ㅋㅋㅋㅋㅋㅋㅋㅋㅋㅋ
18687507,버섯깐거봐 ㅋㅋ
18689098,벨코즈 ㅋㅋㅋㅋ
18689214,박종우
18689319,쵸파티모
18690195,어어
18690231,바로 핑와까네 ㅋㅋㅋㅋ
18690354,벨코즈 스킨 개웃기네 ㅋㅋㅋㅋㅋㅋㅋㅋ
18690675,벨코즈 ㅋㅋㅋㅋㅋㅋㅋㅋ
18692319,탑에서 나오면 욕먹던 그 티모가 맞냐 ㅋㅋㅋㅋ
18692976,벨코즈 ㅅㅂㅋㅋㅋ
18693051,잼코즈 지리네 ㅋㅋ
18693355,뿌직
18694412,티모 버섯 ㅅㅂㅋㅋㅋ
18694607,레이저찜질 ㅋㅋ
18694674,너만노리자나 ㅋㅋ
18696604,ㅋㅋ
18696840,라이즈 W 왤케기냐
18697394,에이 설마
18698399,티확찢 어그로 레전드 ㅋㅋ
18699129,뿌직
18699547,제어와드 ㅋㅋ
18700142,내버섯이..
18701790,벨코즈 진짜 ㅈㄴ 열심히 하는거ㅋㅋㅋㅋㅋ
18701793,벨코즈가 좀 쌔다
18706205,티모는 진짜 어그로 GOAT인듯 ㅋㅋ
18706909,버섯 진짜 못깐다
18707813,벨코즈 모션 십ㅋㅋㅋ
18709240,벨코즈 티모만 보는거같냐
18711101,탑이 바루스베인뺏어가서
18711611,마관가
18712179,어라?
18712975,이러다 역전 나오면 꿀잼
18713136,빨리끝내야대
18713691,슬슬 제대로 하죠?
18714042,벨코즈 촉수 돌리면서 오니까 드븐같네ㅋㅋ
18714402,바론 줘야겠지
18715972,팔 휘두르는게 개웃기네 ㅋㅋ
18716634,?
18716970,ㅋㅋㅋㅋㅋㅋㅋㅋㅋㅋㅋㅋㅋㅋㅋㅋㅋㅋ
18717185,ㅋㅋㅋㅋㅋㅋㅋㅋㅋㅋㅋ
18717186,ㅋㅋㅋㅋㅋㅋㅋㅋㅋㅋㅋㅋㅋㅋㅋㅋ
18717461,?
18717779,ㅋㅋㅋㅋㅋㅋㅋㅋㅋㅋ
18718413,코그모 16렙 찍으면 ㄷㄷ
18719648,쌘데
18719688,무덤 꽃으로 마관가
18719846,증바람인줄알아
18719966,ㅋㅋㅋㅋㅋㅋ
18720355,밟고싶었나봄 ㅋㅋ
18722326,ㄱ-
18722698,쌔긴하네 버섯진짜
18724262,대천사 날라가네
18724868,1000딜이 드가노
18726295,피 잘찬다
18729226,이제 밟으면 반날라간다
18729932,티모 죽어가는중
18730860,좀 나눠서 뿌려라
18731699,라바돈 나오면 지옥이다 진짜
18733616,아니 풀템이면 얼마나 센거임 그럼?
18739023,무덤꽃으로 마관채워
18741765,원딜티모가
18742059,라바돈 마렵다 ㄹㅇ
18743120,버섯 ㅈㄴ깔고 바론 가면 되는거 아님?
18743941,데캡가면 딸피되겠네
18745339,이게또장점임
18746807,마공용 티모 보고싶구나
18747125,버싸개
18750250,코어가 1개 더 많아서
18750498,영약?
18750580,버섯을 낳아라 장쥐한
18751606,폭풍쇄도가면 맛있을까요?
18752888,아직 데캡도 없다는거
18754419,버섯고점이 뒤짐
18757082,벌쳐 괴물쥐
18761219,이런건 원딜이아니야!!!!
18762206,버섯 쿨 돌려 뭐해!!!!!!!
18764120,티모 원길 후반도 좋나요 기본 원딜보다
18771786,싼뜨라뇽마인
18776099,한입만~~~~~~
18784496,버섯깔아야대
18786205,줴줴이야
18788804,ㅈㅈ
18790667,그저 티모 캐리
18794801,네네통 가성비 지리긴하네
18795438,야미
18796302,티모캐뤼
18796662,ㅋㅋ
18796734,ㅋㅋㅋㅋ
18797313,티모퀘리
18798087,ㅋㅋㅋㅋㅋㅋㅋㅋ
18798340,ㅋㅋㅋㅋㅋㅋㅋㅋㅋㅋㅋ
18798417,ㅋㅋㅋ
18798703,헉
18799704,스파게티먹방
18799810,ㅋㅋㅋㅋㅋㅋㅋㅋㅋㅋㅋㅋ
18800775,ㅋㅋㅋㅋㅋㅋㅋㅋㅋㅋㅋㅋㅋㅋㅋ
18800788,이건 진짜 티모 고른 원딜의 하드캐리다 ㄷㄷ
18800851,ㅋㅋㅋㅋㅋㅋㅋㅋㅋㅋㅋㅋ
18801584,헉
18801595,벨코즈 능욕
18802396,왜 안죽나했네
18802905,{:monsMonsyami:}{:monsMonsyami:}{:monsMonsyami:}
18805430,ㅋㅋㅋㅋㅋㅋㅋㅋㅋㅋㅋㅋㅋ
18807132,티모 내셔는 어떤가요 물쥐님 별론가요
18807192,와 근데 순수재미가 미쳣네
18807513,마스터큐가 맞는거지 이거 근데
18809322,잼코즈 스킨 개웃기네 ㅋ
18809675,리딸 ㄱㄱㄱㄱㄱㄱㄱ
18809812,야스오: 큐쉴게요 ㅋㅋ
18810009,레넥 담판 티모선언 ㅋㅋ
18810818,몇 연승이지 지금
18810851,스파게티 한접시
18811109,야미
18811226,재밋당 ㅋㅋ
18811778,ㅋㅋㅋ
18812985,티모력 지리네
18813089,ㄱㄱ
18813177,리딸 ㄱㄱㄱㄱㄱㄱㄱㄱ
18813214,ㄱㄱㄱ
18813627,네!!
18813653,ㄱㄱ
18814270,촬영각도 나오네
18815235,ㄱㄱ
18815372,2킬 리딸하자 ㅋㅋ
18816863,ㄱㄱㄱㄱㄱㄱㄱㄱ
18817217,반드시
18817333,스태틱나오고나서 내셔를 안가던데
18818088,리딸까지
18818704,쥐가 티모하는 날이 있다니..
18818788,ㄱㄱㄱㄱ
18818925,오ㅓ
18819710,죽은 티모가 버섯으로 더블킬 ㅋㅋ
18819751,저격이랑같이해서 더잼있는판이네 ㅋㅋ
18820351,와
18821049,진짜 이누야샤에 나락같았어 물쥐님 ㅇㅇ
18821728,딜량 1등
18822155,2킬만 볼까?
18823015,딜1
18823403,진짜 티모버섯농장 개궁금하네
18826925,진짜 야미 타임~
18828639,아까 라이즈 의문사 ㄱㄱ
18829024,라이즈도 의문사하지않음?
18829258,복실복실티모~~
18830314,평생 안하던 리딸을 티모원딜롴ㅋㅋㅋㅋㅋㅋㅋㅋㅋ
18831486,초반에 라이즈도 ㅋㅋ
18831931,근데 진짜 맛있긴하네
18833654,아니 그전에 라이즈는 어디서죽음
18834100,아까 밝은거
18846288,ㄹㅇ
18847209,ㄹㅇ
18847810,신짱톤 ㄹㅇ
18851140,레넥이 밀어줘서
18853740,ㅋㅋㅋㅋㅋㅋㅋㅋㅋㅋㅋㅋㅋㅋㅋㅋㅋㅋㅋㅋㅋㅋㅋㅋㅋ
18854331,아아
18854676,ㅋㅋㅋㅋㅋㅋㅋ
18854902,ㅋㅋㅋㅋㅋㅋㅋㅋㅋㅋㅋㅋㅋㅋㅋㅋㅋㅋㅋㅋ
18856439,십 ㅋㅋㅋㅋㅋㅋㅋㅋㅋㅋㅋㅋㅋㅋㅋㅋㅋㅋㅋㅋㅋ
18856473,코즈가 ㅋㅋ
18856703,ㅋㅋㅋㅋㅋㅋㅋㅋㅋㅋㅋㅋㅋㅋㅋ
18856919,ㅋㅋㅋㅋㅋㅋㅋㅋㅋ
18857198,ㅋㅋㅋㅋㅋㅋㅋ
18857408,아 ㅋㅋㅋㅋㅋ
18857473,CEX
18857499,벨코즈 니놈이구나 ㅋㅋ
18857516,ㅋㅋㅋㅋㅋㅋㅋㅋㅋㅋ
18858515,와 저 피가 죽네 ㅋㅋ
18858589,와 딜봐라
18859138,ㅋㅋㅋㅋㅋㅋ
18860163,불에타죽고말아요 ㅋㅋㅋㅋ
18860269,ㅋㅋㅋㅋㅋㅋㅋㅋㅋㅋㅋㅋ
18860665,캬
18860756,배리어 쓰고죽었넼ㅋ
18860901,ㅋㅋㅋㅋㅋㅋ
18860963,ㅋㅋㅋㅋㅋㅋㅋㅋㅋ
18861852,ㅋㅋㅋㅋㅋㅋㅋㅋ
18862074,ㅋㅋㅋㅋㅋㅋㅋ
18862341,따운!!!!!!!!!!
18862504,딜쎄다
18864356,ㅋㅋㅋㅋㅋㅋㅋㅋ
18865596,쌔긴하네
18865743,ㅈㄴ웃기네
18866657,ㅋㅋㅋㅋㅋ
18866989,라이즈 죽은것도 봐줘
18867501,부비트랩이다
18867976,맛있네
18870740,코즈같은데
18871508,벨코주ㅡ
18873039,렌즈를 안돌렸네
18873939,아까 라이즈랑 나피리도
18873984,벨코즈 아님?
18876447,거의 동시에 밟았던데
18877501,누가밟았을까?
18882475,ㅋㅋㅋㅋㅋㅋㅋㅋㅋㅋㅋㅋ
18882503,벨
18883412,ㅋㅋㅋㅋㅋㅋㅋㅋㅋㅋㅋㅋㅋㅋㅋㅋㅋㅋㅋㅋㅋ
18883695,ㅋㅋㅋㅋㅋㅋㅋㅋㅋㅋ
18884144,ㅋㅋㅋㅋㅋㅋㅋㅋㅋ
18884522,ㅋㅋㅋㅋㅋㅋㅋㅋ
18884621,벨코즈 네이놈 ㅋㅋㅋ
18884711,ㅋㅋㅋㅋㅋㅋㅋㅋㅋㅋㅋㅋㅋㅋㅋ
18884822,ㅋㅋㅋㅋㅋㅋㅋㅋㅋㅋㅋㅋㅋㅋ
18885023,ㅋㅋㅋㅋㅋㅋㅋㅋㅋ
18885034,따아아아잇
18885100,벨코즈 당첨
18885176,밸ㅋㅎ주 ㅋㅋㅋㅋㅋㅋㅋㅋ
18885331,ㅋㅋㅋㅋㅋㅋㅋㅋㅋㅋㅋㅋㅋㅋㅋㅋㅋㅋㅋㅋㅋㅋ
18885869,벨코즈 ㅅ발람 ㅋㅋㅋㅋㅋㅋㅋㅋㅋㅋ
18886208,ㅋㅋㅋㅋㅋㅋㅋㅋㅋ
18886293,ㅋㅋㅋㅋㅋㅋㅋㅋㅋㅋㅋㅋㅋㅋㅋㅋㅋㅋ
18886383,ㅋㅋ
18886558,벨코즈가 폭발시킴
18887061,ㅋㅋㅋㅋㅋㅋㅋ
18887468,ㅋㅋㅋㅋㅋㅋㅋㅋㅋㅋㅋㅋㅋ
18887686,라이즈도 봐줘
18887716,벨코즈네 ㅋㅋㅋ
18887871,커였구나
18888441,ㅋㅋㅋㅋㅋㅋㅋㅋㅋ
18888462,ㅋㅋㅋㅋㅋㅋㅋㅋㅋㅋ
18889139,ㅈㄴ웃기네 ㅋㅋㅋㅋㅋㅋㅋㅋ
18889831,ㅋㅋㅋㅋㅋㅋㅋㅋㅋ
18889839,ㅋㅋㅋㅋㅋㅋㅋㅋㅋㅋㅋㅋㅋㅋㅋㅋㅋㅋ
18892482,라이즈의문사 봐야합니다 물쥐님
18892859,ㅋㅋㅋㅋㅋㅋㅋㅋㅋㅋㅋㅋㅋ
18892895,퍼퍼펑
18893427,으아아아 고통스러워
18893622,라이즈도 봐줘 ㅋㅋㅋㅋㅋㅋㅋ 죽은거
18893758,ㅋㅋㅋㅋㅋㅋㅋㅋㅋㅋㅋㅋㅋㅋㅋㅋㅋㅋㅋㅋㅋ
18895809,퍼퍼펑
18895846,아까 라이즈 의문사도
18896213,따운
18896234,벨코즈 또 너야
18896731,따운!!!!!!!
18897187,라이즈 실족사도 ㄱㄱ
18897764,악의 펑펑ㅇ~
18898178,저격 따운!
18899379,따운
18899598,라이즈를안봐?
18899696,악의를 계속 밟고있냐 ㅋㅋ
18900051,라이즈도 죽엇는데 ㅋㅋ
18900602,개꿀잼이네
18901382,티모가 ㅈㄴ 재밌긴하네 ㅋㅋ
18902924,ㅈㄴ웃기네 이거마저 ㅋㅋㅋㅋ
18903328,무서운점은 벨코즈는 핑와가 있다는거임..
18903404,라이즈의문사도
18905329,어이가 없노 ㅋㅋ
18905747,이정도 확인사살은 공개수배25시보다 심함..
18908222,ㅋㅋㅋㅋㅋㅋㅋㅋㅋㅋ
18908972,라이즈 의문사 한 2번 나옴
18909684,파카가 아레나 하제
18909892,걍 궁금하잖아
18910168,ㅋㅋㅋㅋㅋ
18911687,라이즈는 그닥 신기하진않았어
18912762,파카님 초대뭔데
18912816,파카 초대 뭔데
18913169,라이즈 였나 어디 바텀에서 한번 의문사했던거 같은대
18915169,마지막에 벨코즈랑 헤카림 춤추는거 구경하자
18915177,진짜 의문사라 어딘지도몰라
18916498,기껏 배리어 썼는데 악의 때문에 뒤진 게 참이네 ㅋㅋㅋㅋㅋㅋ
18917400,파카 아레나 잘하긴함?
18917431,라이즈는 그 앞에
18919021,파카와 함꼐 아레나
18926588,버섯텔 ㅋㅋㅋㅋㅋㅋㅋㅋ
18926902,파카와 아레나 데이트
18928011,아저기서
18928224,2개터졋네
18928896,마지막에 벨코즈랑 헤카림 춤추는거 구경하자!!!!!!!!!!!!!
18929585,두개 터짐
18930374,버섯 딜이 개쎄네
18931091,막타쳣네
18931132,?
18931288,딜봐라
18931693,ㅋㅋㅋㅋㅋㅋㅋㅋㅋㅋㅋㅋㅋㅋ
18932080,ㅋㅋㅋㅋ
18932523,아
18932665,버섯이 2개터짐
18933712,2개터짐
18934160,아 ㅋㅋㅋㅋㅋ
18935008,ㅋㅋㅋ
18935612,ㄷㄷ
18935632,아이맛있어
18936643,지리네
18936724,의문사는아니엇네 ㅋㅋ
18936945,2캐터졋네 ㄷ
18938296,ㅋㅋㅋㅋㅋㅋㅋㅋㅋㅋ
18938328,일반 원딜로 펜타킬 먹을 때도 리딸 안하는데 티모로 더블킬 하니까 바로 리딸하네 ㅋㅋㅋㅋㅋㅋ
18938494,아레나 가보자
18939594,진짜 띠모 레넥캐리다
18940271,티모 원딜 왜 좋노
18942827,원격 딜
18945320,ㅋㅋㅋ
18946353,ㅋㅋㅋ
18946657,ㅋㅋㅋㅋㅋㅋㅋㅋㅋㅋㅋ
18946972,어 이미 하고잇어
18947957,맛있다
18948054,탈주해 ㅇㅈㄹㅋㅋ
18949002,ㅋㅋㅋㅋㅋ
18949428,아캅스로 들어와
18949581,차단 ㅋㅋ
18950884,?ㅋㅋㅋㅋㅋ
18951080,ㅇㅋ
18951141,ㅇㅋ ㄷㄷ
18951507,랜뽑 ㄱㄱㄱㄱㄱㄱㄱㄱㄱㄱ
18951785,캬
18952198,?
18952383,ㅇㅋ
18952552,쿨하네
18953393,ㅇㅋ ㅋㅋㅋ
18953395,ㄹㅇ?
18953396,ㅇㅋ ㄷㄷㄷㄷㄷ
18953730,ㅅㅂㅋㅋ
18954624,이응키윽
18954704,ㅇㅋ
18954819,이게 무슨
18955020,캬 ㄷㄷ
18955245,ㅇㅋ
18955416,ㅇㅋ
18955559,?
18956160,말은 잘들어
18956259,ㅋㅋㅋㅋㅋㅋ
18956800,음?
18957082,탈주를 왜...
18957132,ㅇㅋ 쿨하네
18957453,증바람 나랑하자
18958127,ㅇㅋ
18959007,피박이랑 하는중 ㅋㅋㅋ
18959733,악질 다람쥐스토커
18960228,탈주하고 초대는 ㅋㅋ
18961918,zzzzzzzzzzzzzz
18962153,파카 아레나 하는거 봤는데 그닥이던데
18962458,{:mlb_76:}{:mlb_76:}{:mlb_76:}{:mlb_76:}
18963925,말들어 파카님
18964055,ㅇㅇ
18964089,ㄴㄴ 좃노재임
18964757,ㅁㅇㅁㅇ
18965085,해봐
18965385,ㄴㄴㄴ
18965814,ㅇㅇㅇ
18966025,피박도 같이 하자
18966132,개꿀잼임
18966226,아레나 두오?
18966503,ㅇㅇ
18966550,음..
18966598,ㅇㅇ
18966647,증바람이 더재밌음
18967211,ㅇㅇ 개꿀잼이던데
18967322,ㅇㅇ
18967713,ㅈ노잼임 하지마셈
18967786,먹던 맛
18967855,도파민 터지긴함
18967938,3명 할수잇음
18968072,ㅇㅇㅇㅇㅇ
18968316,ㅇㅋ(절대 탈주 안함)
18969197,밸런스 한쪽으로 처박힘
18969720,개꿀잼임
18969796,ㄴㄴ
18969999,그냥 취향따라
18970008,먹을만함
18970080,ㅇㅇㅇㅇ
18970393,옛날맛 안날텐데
18970847,해봐
18971335,랄로는워짼겨?
18971899,아레나함?
18972103,증바람 미만 잡이야
18972382,할만함
18972891,증바람이 더재밌음
18973758,그냥 그럼
18974032,증바람하고잇는데 종우랑
18974124,할만함
18974298,취향임
18974620,첨엔재밌는데 금방질림
18974914,재미없음
18974928,증바람
18975008,3인이라 맛이 달라짐
18975108,ㄱㄱ
18975202,3명이서 ㄱㄱ
18976481,개꿀잼임 ㅇㅇㅇㅇ
18977166,물쥐야 너 거울보는게 더 재밌어
18977698,근데 증바람보다는 아닌 거 같음
18978016,보는건 노잼인대 하는것 재밌다 하더라
18978589,증바람 있는 시점에서 그냥 증바람 하는 게 더 낫지 않나
18980297,3인 재밋음
18980376,야벨좋 저새끼 치지직 밴 풀어주는 대신 저격 안하기로 합의한거 아니였냐 슬금슬금 기어나오네
18980850,증바람보다 밸런스 창나서 재미없음
18981325,증바람이 재밌긴하지
18981567,개사기 증강 많아 ㅋㅋㅋㅋㅋ
18982746,하지마셈 하는 애들은 뭐냐ㅋㅋ
18983549,3명 아레나 ㄱㄱㄱㄱㄱㄱ
18984116,물쥐야 다음 증바람 증강 패치 봤냐 테섭에 떳더라
18984889,증바람보다 재밌던데 나는
18986531,3인이라 쫄리는맛이있음
18986762,아레나 할줄 모르면 재미없음
18987780,증바람보단 아레나지 ㅋㅋㅋㅋㅋㅋ
18991947,아레나 해보면 정조준 일격 개사기임
18993558,할줄모르면 재미없긴함
18994530,더 고인곳 아니냐 거기
18995451,잼없어 솔랭돌려
18996046,증바람 패치 되고 하자
18996555,아레나가 증바람에 비비냐
18997253,ㅇㅇ
18997293,3인이 2 인보다는 낫던데
18997623,영증
18998644,늦네...
18998786,아레나에 전설템 그대로 다있어
18998962,ㄹㅇㅋㅋㅋ
18999456,ㅇㅇ ㅋㅋ
18999642,원래 증바람 원조가 아레나긴래
19000667,그게맞아 ㅇㅇ
19000969,물쥐야 저거 구라야 이미 파카 굽이랑 증바람 시작했어
19000977,챔프마다 다생김
19001452,점점 퍼거화 되노
19001920,영웅증강생김
19002418,아레나 개꿀잼 됨 ㅋㅋㅋㅋ
19003620,히오스됨
19003958,롤체식으로가야지
19004926,잼있어보여
19006260,샤코 전용증강 개웃김
19007871,그거 샤코 복사버그 개웃기던데
19009033,파카 움직인다 ㅋㅋㅋㅋㅋㅋㅋㅋㅋㅋㅋ
19009089,아레나가 원조긴해
19012294,물쥐님 레넥이였는데 팀으로 원딜직접봐서 영광이였습니다 담에 챌에서뵈요
19015432,블리츠 그랩 5개 나가던데
19017201,캬
19019728,캬
19021360,첼 ㄷ
19021588,악어장군님~
19022089,구라 ㄴ
19022762,칼리스타 산데비스탄쓰던데
19022781,레넥 가운데 텔 잘했다 ㅇㅇ
19022829,캬
19023020,챌에서는..
19023461,잘하더라 ㅇㅇ
19023552,챌은...
19023951,봬
19026157,증바람이 아레나 확장모드지 근본은 아레나긴함
19028389,앗..
19028559,ㅋㅋㅋㅋㅋㅋㅋㅋㅋㅋㅋ
19028657,챌에서봐요(사실 나도 챌린저에 가본적없어)
19029286,구라 ㄴㄴ
19029422,아
19029992,챌 니나가
19030052,챌은...
19030304,닷지안하네
19030806,ㅋㅋㅋㅋㅋ
19030949,니나 가.
19031706,양보고맙다
19032931,어쩐지 채팅으로 깝치더라 레넥톤
19032997,근본은 아레나지 ㅋㅋㅋ
19033636,니가가라 챌
19034044,모모모모모
19036455,티모원딜 좋네
19038810,ㅈ나 맛있음
19040898,개모 진자 개꿀잼
19041412,티모장인
19042150,벌쳐임 그냥
19042317,ㄹㅇ 순수재미
19042415,딱 물쥐가 아레나형이긴해
19042523,버섯 터지는 재미가 있어 ㅋㅋ
19042585,순수재미 지리긴 함
19044171,독버섯 맛들렸네
19044649,져도재밌음 무서운건
19045168,ㅋㅋㅋㅋㅋㅋㅋㅋㅋㅋㅋㅋ
19046927,따라해야겠네 이건
19048829,몇판을 한거여
19049271,마약에 중독됐네
19050118,전에 구리다고 안한다하지 않앗음??
19050833,티모 연구소임?
19051239,의문의 티모원딜 장인
19052298,이겨도져도 재밌다는 사실
19052345,스태틱나오는순간 체질이바뀜
19052690,스킬도 막 어렵지도 않아서
19054120,이즈 케틀 승률 무슨 일인가요
19054530,버섯중독 ㄷㄷㄷㄷㄷㄷㄷㄷ
19054765,협곡에 독을 풀어야겠어
19055027,원딜이 요즘 비원딜메타임?
19055313,티모가 순수재미력높긴함 버섯쾌감
19057654,물쥐가 젤 싫어히는게 탑티모아니였나
19058161,스파이더마인 ㅈ나 박으셈
19058793,님따라 티모했다가 욕 겁나 얻어먹음요 ㅠ
19060255,이즈 승률 뭐예요
19063745,스트레스가 적긴해 다른 원딜보다
19065862,파카님 뭐해
19066459,롤체는안하나요
19067747,지금 겜중
19068072,하고잇음ㅋㅋㅋㅋ
19068306,겜하고 잇음 종우랑
19068835,10년만에 롤을 즐기면서하는법을 배웠네
19068840,시작했는데
19069068,파카 종우랑 증바람중임
19069460,탈주 못함
19069513,아오 개카 네이놈
19070617,ㅇㅋ( 8분 서렌함)
19070851,하겠냐고 ㅋㅋㅋ
19071323,아오 개카시치
19071555,ㅋㅋㅋㅋㅋㅋㅋㅋ
19072923,종우랑 하는중
19072937,피박이랑 하는 중임
19073833,ㅋㅋㅋ
19073835,배신
19073929,탈주해 ㅇㅋ (안함)
19074884,기다려
19074905,이미 큐돌림
19075379,ㅋㅋㅋ
19075495,종우랑 한데
19075511,아오
19075641,이미 게임시작했어
19075797,하겟냐고
19076765,증바람 한판 ㄱㄱ
19077635,{:mlb_76:}{:mlb_76:}{:mlb_76:}{:mlb_76:}
19080579,닉스박님이랑 같이 방금시작함
19081015,파카 굽이랑 하는중
19083209,아레나 맛보자
19083593,에잉
19085095,아오 피박
19085709,티모가 디테일이 많아
19086040,칼바람 ㄱㄱ
19087695,한판 하고있자
19088346,증바람이나 해
19090164,쥐수라장
19090512,칼바람 가버렷
19090727,증 어게인
19091060,피박하고 화해해~
19091762,왜 근데 피박이 안한데
19092234,ㅅㅅㅅㅅㅅㅅㅅㅅㅅㅅㅅㅅㅅㅅ
19092545,스테틱나오기전엔 진짜벌레긴함 너
19099110,너무약함 티모
19100390,증바람중임
19100490,증바람 하는거 아님?
19100794,기본기부터
19101117,증바람 중이라구
19101308,증바람중인거 아님?
19101446,증바람중아님?
19101544,증바람임
19102003,증바람인데?
19102254,아레나 대회로바뀜?
19102317,ㅇㅋ
19103634,증바람중인디?
19104051,하고있잖아
19104554,증바람하고있잖아
19104759,증바람 연습이 필요함?
19105766,증바람이던데
19106843,증바람하는디
19108850,증바람이라는거임
19112521,걍 모기임
19112675,뽕임
19117181,똥
19125043,똥나오는피깅네
19126878,쥐나라 ㄱㄱㄱ
19128489,오
19129054,제이스?
19129463,증바람 아트가 또 예술이지
19130042,천꾸당
19130118,물쥐님도 증바람 연습하자
19131124,천꾸 제이스 시즌 2호 가나요?
19131851,쥐이스
19132752,캬
19132899,여미
19133533,천꾸 원합니다
19134234,모르가나 해줘요 무한 q
19134575,천꾸제이스
19134745,ap미포 ㄱㄱ
19135080,천꾸당
19135359,여미
19136707,야뮈
19137658,제이스 예전 만 못함
19139140,제이스 구데긴데
19139437,천꾸하고 상대 오픈시키자
19140982,제이스 생각보다 먹기 쉽더라
19141094,유나라가 진짜 사긴데
19141186,제이스 천꾸 안뜨면 너무 벌레야
19142428,모르기니 무한q 안대
19142950,뜨겠냐
19143018,예전만 못함
19143584,미포도 맛있던데
19147076,천꾸 요즘 개안나오던데 ㅋㅋ
19147355,순수주의자가 맛잇어요
19148832,천꾸도 너프먹어서
19150247,드가자
19151119,제이스 요즘 사람들 질린듯
19151355,제이스 라인밀리면 구려서
19152131,모르가나
19153086,천꾸 뭐 바꼇다하지않음?
19153106,무한 q몰가 어떰
19153288,{:d_57:}{:d_57:}{:d_57:}
19153876,노저 모르가나 미포가 훨재있지
19155872,이걸 미포 안해?
19156238,천꾸 떠도 초창기 제이스만큼 강하진 앟아서
19160182,순수주의자 제이스가 사기아님?
19160201,여기는 유나라 전용증강 왜 안내주냐
19169765,무한q가 안됨
19173168,릴리아 공허 뜨면 개사기던데
19173952,보건제이스가 ㄹㅇ맛도린데
19175070,골드긴하네
19176119,돌려잇
19177687,"야다... 증바람 무침.,.."
19179497,돌려잇
19181891,싹 다 돌ㄹㅕ
19182299,천꾸 고고혓
19183411,ㄱㄱ
19183466,ㅇㅇ
19184082,ㅇㅇ
19184549,오만?
19184715,1 ㄱ
19184728,오만 ㄱ
19184801,오만
19184828,111111111111
19186212,오멘
19186213,오만이횽이야~
19186297,아
19186322,야다..
19186678,오만 ㄱㄱ
19186703,메순간
19186736,오만이횽
19186748,11
19186828,1
19186981,11
19187119,1111
19187179,111111111111111111
19187330,1
19187451,111
19187565,야다
19187573,ㅇㅁ
19187880,111111111111
19188264,1
19188282,11111
19188525,오만하게
19188749,오만 괜찮
19188770,야다
19188880,옿만이횽
19188945,메오티
19189404,오만가야지머
19189426,오만
19189755,111111111
19189912,오만 낫배드
19190222,오만
19190532,메순간 오만하게
19190717,오만 좋음
19190903,111
19191289,메오티 반드시 가야지
19191419,맛없네
19191479,111111111111
19191980,오마니횽이야
19192113,111
19192342,111111
19192424,오만이횽이야
19192782,매순간
19192784,매순간
19193107,메순간
19193165,뜨면 오픈이야;
19193178,1111111111111111111111111111
19193622,11
19194138,메순간
19195024,오만의 신 장지환
19195794,메순간 오만하게 티내시오
19196421,오만하게
19196533,메순간
19198241,여눈 안사?
19198257,티내시오
19198687,오만이횽이야ㅑㅑㅑㅑㅑㅑㅑ
19198794,오마니횽이야~~~~~
19199222,오만이횽이야
19199930,제이스오만 개조ㅗ디
19201316,여눈
19202960,오만하게
19203122,랄쌤 들어와
19203181,오만이횽 저거 근접으로 킬먹으면 2오름 ??
19203315,어 여눈
19205875,엩
19208058,여눈 ㅇㄷ
19208857,물쥐야 여눈 안사냐?
19213374,천꾸나와주나
19219764,노래
19221359,빨리 죽고 여눈 ㄱ
19221463,슬로스타터
19228667,ㅇㅈ
19229975,물쥐도 증바람 대회 나감?
19233487,요즘 제이스 천꾸 잘 안뜨던데
19234050,마나 막써요
19236504,제이스 1렙 qe랑 2렙 qe 데미지 차이 두배 넘게 나는걸 아시나요
19240379,약함
19241813,천꾸가 아니잖어
19248333,?
19248709,ㅋㅋㅋㅋㅋㅋㅋㅋㅋㅋㅋ
19249228,오만 강화니까 오만안나오면 약하지 ㅇㅇ
19249640,?
19249799,뿌직
19249843,?
19250053,?
19250092,?
19250182,음?
19250263,음?
19250463,?
19250534,와
19251072,?
19251180,ㅋㅋㅋㅋㅋㅋㅋㅋㅋㅋㅋ
19251181,ㅋㅋㅋㅋㅋㅋㅋㅋㅋㅋㅋㅋㅋㅋㅋ
19251622,김
19252069,음?
19252238,?
19252468,뿌직뿌직..
19253137,엥
19254397,{:d_126:}
19254913,ㅋㅋㅋㅋㅋㅋㅋㅋㅋㅋㅋㅋㅋ
19254990,ㅋㅋㅋㅋㅋㅋㅋㅋㅋㅋㅋ
19255309,뿌직
19255452,빨리죽기
19256467,뿌직
19256540,매드무비를 너무봣다
19256807,머함 진짜?
19257198,신발을팔어라
19257818,요즘 천꾸 잘 안ㅁ듬
19258434,죄잇으..
19259497,걍 큐두개가 좋긴함
19259655,와 3렙에  리신궁을 ㄷㄷㄷㄷ
19261309,{:d_126:}{:d_126:}
19262224,뿌쥑
19262565,캬 여눈 설계 지리네요
19263806,리신하냐?
19267204,진짜 티모하다 오니까 존나못해지네 롤
19293700,캬
19295206,깡
19297893,깡~
19303637,멤버 파카인가여
19304697,상대 십게이들이네
19307250,피키 ㅇㅇ
19310610,오마니횽이야
19314164,첫증강뭐임님들아?
19318835,오만업글
19322007,아케인 제이스 고쳐진건가 처음엔 흐느적 느낌이었는데
19325128,왜미노
19328088,이렐킹?
19330215,제이스 하는게 없네
19332048,슈퍼스타
19334116,아 눈덩이
19335273,눈덩이
19336037,ㄱ-
19339190,흠...
19342685,진짜 천꾸 안뜨니까 똥이네
19345153,숙련도 토나오네
19350073,뒤에 힐먹어
19353069,오만은 뽑아야해
19353154,딸피유혹 ㄱ
19355136,똥나오게 약하네
19372019,{:d_45:}
19372019,슛
19377048,물괴님 진지하게 증바람은 내가 더 잘해
19379061,오 이렐
19380396,캬
19383776,이렐 저돌적이네
19384189,이렐잘하네
19385281,죽고 오만사오자
19385399,이렐이 파카임?
19389342,이렐 화려하네
19390726,피키 없이 혼자 하는거임?
19394160,7에죽는게 나을거같은데
19394569,증바람 이렐할만하구나
19399337,굿
19400671,omen
19403838,오만이횽이다
19405243,오마니횽이야
19407328,랄로잇음?
19408393,메순간
19409289,파카 어디감?
19415505,오만이횽이야
19418415,이렐잘함 ㅇㅇ
19420852,ㄴㄴ 오만나와서 더 째기도 애매함
19421840,이렐증바람힘듬 재가잘하는거
19422125,파카기다리면서 한판하는중임
19423343,팤렐급 ㄷㄷ
19424586,이렐 파카형임
19428438,증바람이렐도 띠모니달리 몰더급으로 구린데
19432716,이렐 아캅스임
19437706,터널타지
19439412,ㅋㅋㅋㅋ
19442669,ㅋㅋㅋㅋㅋㅋㅋ
19442750,갑자기 욕을..
19445926,7렙인데 걍 죽지
19448739,왜 욕을..
19449270,이렐죽을때소리 야하네..
19462016,ㅋㅋㅋㅋㅋㅋ
19462510,물괴님 7랩에는 스펠 아끼고 그냥 죽는거야
19479643,매순간
19483838,오만
19485129,오만하게
19494735,죽고 천꾸 먹으러 가자 크크
19495914,??
19496533,엄
19497489,?
19498178,뿌직
19498741,캬
19498793,와
19498961,ㅅㅂ
19498968,목격했음청년
19499029,떴다
19499854,와
19499882,헉
19500234,???????
19500549,오
19500824,????
19501053,우승
19501171,와 이게 뜨네
19501463,ㄱㄱㄱㄱ
19501652,오
19501655,ㅅㅂ
19501699,ㄱㄱㄱㄱㄱ
19501724,ㅈㅈ
19502044,ㅈㅈ
19502777,2증강은 나름빠르네
19502788,천
19502924,이게 뜨네 ㅋㅋㅋㅋ
19503023,고미할필요없음 ㅈㅈ
19503115,캬
19503141,떳다잉
19503342,ㅈㅈ
19504280,이게뜨네
19505345,상대 탈주한다
19505666,ㅈㅈ
19506173,줴주이ㅑ
19506381,늦었긴 한데
19506504,ㅈㅈ
19506819,이게뜨네 ㅋㅋㅋ
19507623,천꾸제이스 좋구나
19509303,탐군 국밥
19509690,ㅈㅈ
19509929,우승! 우승!
19509948,줴줴~~~
19510120,ㄴㄴ 그냥 쿨감신
19510266,그정도임?
19510789,ㄱㄱ
19510968,암거니 가
19511055,그냥 공속신 가죠
19511278,귀엽다 괴물쥐랑 결혼하고싶다
19511786,줴줴이야
19512329,감 ㄱㄱ\
19512842,ㄴㄴ
19513143,쿨감가그냥
19513373,감신 가야지
19514002,근접전안할건데 쿨감신 ㄱㄱ
19514162,아무거나 가도 조음
19514306,이러면 걍 쿨감신
19514857,쿨감가도됨
19515378,모피흡 ㄱㅊ음
19515402,광전사가야 공격력오르지
19515595,아아오니아 가죠
19515983,똥신에 템올려
19517066,2번째도 오픈급임 ㅇㅇ
19518840,공속신각인데
19519609,의미없음 탈주임 ㅇ
19520423,천꾸인데 쿨감 ㄱ
19521310,신발 그냥 늦게 올리는게 좋은데
19521970,어차피 포킹만할건데
19522116,천꾼데 광전사왜감
19523553,천꾸야 암거나 사 ㅇㅇ
19523701,왜안감
19524889,쿨감을가야지
19526251,w 쓰고 qe쓰는거 알제?
19527412,그거한대맞으면 갈비터짐
19527695,쿨감신갈거면 증바람을하지마
19529073,ㅋㅋㅋㅋㅋㅋㅋ
19529562,퍽
19532299,천꾸한번 찎어주고
19533088,ㅈㄴ 쎄 ㅋㅋㅋ
19534365,님아 E 좀 몸에 붙여서 써주세요...
19536774,와.... 명석고
19540370,아
19541052,QE 숙련도 없는거 너무 티나요
19541156,?
19541308,아
19541642,ㄱ-
19542299,ㄱ-
19542437,포킹 w키고 하는건 알지?
19542839,?
19543412,공격력 590ㅋㅋㅋㅋ
19543807,근데 못맞추는데?
19544445,w쓰고 써
19544638,q를 못 맞추네
19545647,ㄱ-
19546083,엄
19546240,w 키고 하라고
19546330,찍
19547024,{:d_126:}
19547382,한번을 못맞추네
19548872,물쥐님 근데 못하긴한다
19549220,개못맞추네 진짜
19549377,못맞추면 없는 증간ㅇ이쥬
19550023,W쓰고 하는거알지?
19551254,{:d_126:}
19553510,qe 숙련도 이슈 {:d_126:}
19554134,와
19555194,펑
19555195,천
19555674,ㅅㅂ ㅋㅋㅋ
19556014,와 ㅋㅋ
19556235,QE 똥내나네
19556467,와
19556538,퍼 엉
19556622,ㅋㅋㅋㅋㅋㅋㅋㅋㅋ
19557066,맛있다
19557431,와
19557829,w쓰셈
19558298,ㅋㅋㅋㅋㅋㅋㅋㅋㅋㅋㅋ
19558536,w 키고 하라고요
19558643,ㅋㅋㅋ
19558842,근데 천꾸제이스 나중가면 ㅈㄴ답답하긴하더라
19560250,10분뒤 상대: 천꾸제이스로 지네 ㅋㅋㅋㅋㅋ
19560941,ㅋㅋㅋㅋㅋㅋ
19561053,이거쥐
19561668,오만 천꾸 ㅋㅋㅋ
19562164,펑
19563394,ㅈㅈ
19564578,응 서렌이야
19566798,W켰는데 뭘자꾸 켜라는거야
19566834,천꾸면 w 켜고 qe
19566968,오픈나올듯
19567402,오케이 오픈
19568084,니나해
19568482,이건 서렌이긴해
19572699,오픈요 ㅅㄱ
19574900,양심있게 두번째로 뽑았다 애들아 ㅇㅇ
19576524,바보연기하죠
19577861,이제 상대팀 하나둘씩 증강 핑 찍고 슬슬 오픈함 수고 ㅋㅋ
19579322,이제 노저만 나오면 ㅋㅋㅋ
19580578,천꾸가 뭐길래 천꾸천꾸하는거임
19580675,팔한쪽 뚜두둑
19582492,딜보소
19582713,천꾸서렌정도아닌데 ㅋㅋ
19587243,w켜 포킹 쏘기전에
19593707,펑~
19596061,아지르 ㅜ머야
19597392,아지르 궁 뭐지요
19599863,해머로 좀 박아줘야함 ㅋㅋ
19607548,ㅋㅋㅋㅋ
19608272,공속증가로 ad로 전환
19608649,퍼엉
19609428,줴줴이야
19614561,오만이횽이야
19616283,제이스가 잘해주니깐 팀이잘하는거처럼보이는거야
19617843,퍼엉
19618015,ㅋㅋㅋ
19618039,메순간
19619391,찍
19619678,620ㅋㅋ
19620155,슈웃~
19620279,딜봐 ㅅㅂ
19621227,퍼 엉
19621370,베인 대가리 터지네
19621590,대가리 터지네 진짜
19622307,천꾸제이스 개맛있네
19622620,오만하게
19623197,와 머리깨지는거봐 ㅋㅋㅋㅋㅋ
19623611,뭔가이상할거야
19623616,여기에 보건뜨면 1대5가능 ㅋㅋ
19628866,보건나오면 볼만하겟네
19636117,벼락
19636811,세릴다
19637234,무조건 벼락폭풍검
19637524,징수
19637579,벼폭검
19638195,벼락 ㄱㄱㄱㄱ
19638242,벼폭검?
19638737,벼폭검
19640105,벼폭ㄱ
19640518,벼폭
19641199,벼폭
19641531,증강뽑고 나가자
19642261,벼폭
19642293,벼폭
19642766,벼락 어떰?
19643057,벼락 ㄱㄱ
19644861,벼폭 ㄱㄱㄱㄱㄱㄱㄱㄱ
19646674,벼폭 ㄱㄱ
19647249,뱌폭감가자
19648881,벼폭이지
19649141,걍 쿨감 올려서 qe쏴야지
19649211,영약 팔어잇
19649347,세릴다 다셈
19650950,큐하나에 터짐
19651421,되지
19652577,아레나 3ㄷ3으로 바뀌고 재밌는데 피지컬 좋은 물쥐님 한 판 맛보실?
19658884,?
19660685,?
19660756,?
19660994,아으
19661494,물반 고기반인데
19662214,신중하게쏘셈
19662395,{:d_126:}
19662637,뿌직..
19662954,음?
19665013,ㄱ-
19665809,?
19666335,????
19667241,저거 qe 맞추고 근접으로 바꿔야지 뎀지 더 들어감 물쥐님 근접으로 폼체인지 해야해
19667964,엄..
19668432,??
19669160,오케이증강
19669268,ㄴㅋㅋㅋㅋㅋㅋㅋ
19669806,뿌직
19669962,팤종우랑 같이 ㄱㄱ
19670466,스킬 ㅈㄴ 성의없이쓰네
19670632,처형자
19671284,{:d_126:}{:d_126:}{:d_126:}{:d_126:}
19671450,2222
19672010,처형자?
19672219,처형자
19672600,22
19672684,처형자 ㄱㄱㄱㄱㄱㄱㄱㄱㄱㄱ
19672797,처형자
19672932,2222222222222222222
19673673,222
19673766,제이스 진짜 쥰내 못하네
19673769,22222222
19674127,처형자 ㄱㄱㄱㄱ
19674226,13돌
19674584,2222222222222
19675031,22222222222222222222
19675975,222222222222222222222222
19676108,처형자도 좋긴함
19676258,2222222
19676296,222
19676385,처형에 천꾸
19676460,22222222222222
19676463,222222
19676645,222
19677548,22
19677775,2222222
19678314,달달하겠는데
19678337,2222222
19678996,2가 맛있음
19679395,222222
19679765,222222222222222
19679834,2222222222222222
19680935,22222
19682042,22222222
19683380,qe로 죽이면 qe 한번더
19683451,죽이면 쿨초
19684160,무한포킹
19685044,팀이넘잘하네
19685079,와 ㄹㅈㄷ네
19685281,겜 끝났는데요?
19690428,망가졌음 이제 재미보기힘듬
19692967,유튭각뽑게 !
19693351,천꾸를 뽑으며
19694211,좀 갖다박죠?
19696643,이미 망가졋는데 ㅋㅋ\
19696761,재미도 못 보고
19696797,날 즐겁게 만들어봐
19697416,3대 5도하겟네 ㅉㅉ
19698501,ㅈㅈ
19698513,걍 조합차이같은데
19699623,물쥐님이 천꾸뜨면 게임은 이미...
19700743,{:lck_17:}~!
19702613,끝낫는데?
19704928,상대가 버틸힘이없다..
19710729,천꾸 뽑아서 골드차이 벌어지는데 어캐 잘해
19711300,실력(증강)
19712497,{:d_126:}{:mlb_35:}
19723482,애들 죽는거 좀 방관하죠?
19724215,걍 빨리 끝내고 파카랑 합류나 하자
19727024,맛이 없다
19727090,아니 진짜 뭐함
19729290,엥
19729375,???
19729930,{:d_81:}
19730145,좀던져줘
19731926,음 ?
19733165,ㅋㅋㅋ
19734762,흠
19736726,힘조절
19737061,신병연기 굿
19737194,이거이거 돼목에 진주 목걸이구먼
19738775,ㅈㄴ잘나왔네
19739740,그냥 처박는거 ㅁ아닌가요?
19742143,태산이네
19743481,강심에 탱크엔진은 잘 떴네
19746465,탱크엔진에 강심만 해도 ㅋㅋㅋ
19747304,빙그르르
19753432,물쥐야 q좀 맞춰바라 왜케 성의없이 쓰냐
19754999,근데 대충하면 나중에 천꾸제이스 약해지는 시간 올텐데
19759221,ㅋㅋㅋㅋ
19759863,너무 쌔게하면 금방끝나긴함
19762025,이거 그대로 파카가 하는거 보고싶네
19767078,음?
19768879,약한데?
19771947,이맛이 아니야…
19778069,별론데?
19780878,약하네
19781074,흠
19787298,w꺼지고 맞은거 같은데
19788446,글가 피감때문에 잘안죽네
19790403,첫증강으로나 좋지
19793315,첫증강일 때 개사기긴
19793509,골키퍼임? 공 잘막네
19794034,벌써 유통기한이야?
19794448,포킹 쏘고 바로 근접으로 바꾸면 딜 더들어감
19795258,...
19795266,{:d_126:}
19798497,글가 w 피감이 지리긴해
19800666,물방이 거의 200인데 그라가스
19800709,..
19801447,졸리냐 왜 자꾸 볼링공을 맞냐
19802862,큐큐큐큐 쿼드란데
19803457,아 q다직으면
19804762,나 천꾸라고!!!!
19805592,{:d_126:}{:d_126:}{:d_126:}
19806317,천꾸 어쩔ㅋㅋ
19806559,안죽으면 w쓰고 해머로 qe하셈
19807816,처형자 모르노
19808635,근데 이렐이 많이 잘한다
19809739,나 천꾸제이스라고!!!
19811382,포킹하기전에 w쓰셈
19812116,이렐 그만 잘해
19813363,쇼진 올려
19817352,qe 맞추고 근접으로 바꿔야 뎀지 더 들어가요
19819826,님 카타 패시브라고요
19820035,이거 갈망 가면 W 쓰고 QE쓰면 쿨 개줄어드나
19823092,알아
19823159,ㅋㅋ
19823628,저쪽이랑 끝나는시간 비슷할듯
19823955,ㅋㅋㅋㅋㅋㅋㅋㅋㅋㅋㅋㅋㅋㅋㅋ
19824197,ㅋㅋㅋㅋㅋㅋㅋㅋㅋㅋ
19824594,ㅋㅋㅋㅋㅋㅋㅋㅋㅋㅋㅋ
19825000,ㅔ
19825501,쓰고있는데요
19825609,어차피 이러다 상대베인 양잡나오면 짐
19825893,처형자도 읽어
19825954,ㅋㅋㅋㅋㅋㅋㅋㅋㅋㅋ
19826062,ㅋㅋㅋ
19826338,ㅋㅋㅋㅋㅋ
19826443,ㅋㅋㅋㅋㅋㅋㅋㅋㅋㅋㅋㅋㅋ
19826585,그만말해!!
19826735,ㅋㅋㅋㅋㅋㅋㅋㅋㅋㅋㅋㅋㅋ
19826859,나도 알아
19827110,엄
19827292,ㅋㅋㅋㅋㅋ
19827599,{:d_126:}
19828109,그정돈 알아요
19828132,근데 왜이래
19828441,{:d_126:}
19828456,긁 ㅋㅋ
19828804,ㅋㅋㅋㅋㅋㅋㅋㅋㅋㅋㅋ
19828840,네
19829281,ㅋㅋㅋㅋㅋㅋㅋㅋ
19829835,아니였어?
19830352,아시는구나..
19831015,님 카타 패시브 생겼다고요
19831133,쓰고있었는데 ㅋㅋㅋ
19832582,근데 왜..
19834615,알아
19834953,뭐 등신이로 아네
19836425,아는데 왜....
19837049,안경잽이?
19837456,ㅠㅠㅠㅠㅠㅠㅠㅠㅠㅠㅠ
19838444,헉
19838809,ㅋㅋㅋㅋㅋㅋ
19838902,순수주의자 뜨면 천꾸야 무한 qe인에요
19838922,ㅋㅋㅋㅋㅋㅋㅋㅋㅋㅋㅋㅋㅋㅋㅋㅋㅋㅋㅋ
19838942,헉
19839351,ㅠㅠ
19839424,ㅋㅋㅋㅋㅋㅋㅋㅋㅋㅋㅋㅋㅋㅋㅋㅋㅋㅋㅋㅋㅋ
19839646,ㅠㅠㅠㅠㅠㅠ
19839745,ㅠㅠ
19840065,ㅠㅠ
19840348,ㅠㅠㅠㅠㅠㅠㅠㅠㅠㅠㅠ
19840927,ㅠㅠㅠㅠㅠㅠㅠㅠㅠㅠㅠㅠㅠㅠㅠㅠㅠㅠㅠㅠ
19840982,늙
19841016,ㅠㅠ
19841156,ㄹㅇㅋㅋㅋㅋㅋ
19841163,ㄹㅇ
19841267,아항
19841426,아오 세월시치
19841426,ㅠㅠ
19841751,헉
19842012,헉
19842823,ㄷㅊㄷㅊㄷㅊㄷㅊ
19842834,ㅠㅠㅠㅠㅠㅠㅠㅠㅠㅠㅠㅠㅠㅠ
19843026,늑
19843272,ㅠㅠㅠㅠㅠ
19843399,안하는게 아니라 못하는거라고
19843782,ㅜㅜ
19844958,알아 안다고 ㅅㅂ
19845090,얘내 방송안봄?? wqe안쓴적이없는데
19845401,노인학대 그만해 이것들아
19846156,아 늙기싫다~~~~~~~~~~~~~~~~~~~~~
19846293,자랑이다
19846740,와
19846849,아니 그런거였어?..
19848687,쌔긴하네
19849068,늙병 이라고!!
19849087,하..ㅈㄴ게 늙기싫다…..
19849214,qe가 1200 ㅋㅋ
19850152,왜 욕을..
19854264,!멤버
19858693,알면서 못하는거라고 아오 ㅆㅂ
19859848,{:d_106:}
19866528,wqe
19867124,제이스 원래 하는챔이 아니라 그럼 물쥐피지컬 살아잇긴함
19869256,801
19870890,?
19873601,지는거 아니냐
19875241,제이스 숙련도 없으니 뭐
19875433,천꾸제이스 너프 먹었나... 예전같지 않네
19876135,그라가스 개단단하네
19877585,졋다이거
19877628,힘빠졌네 ㅋㅋㅋㅋㅋㅋㅋㅋㅋㅋㅋ
19883931,글가 증강 잘나왔네
19883994,오
19884323,ㄲㅂ
19884920,ㄲ
19885298,ㄲㅂ
19890157,w키라고
19891213,이렐이 뒤로 갈수록 쓰레기야
19892786,징총 가야겟는데?
19896245,그라가스 좀 치네 ㅋㅋ
19897389,ㅋㅋㅋ 그라가스
19897839,물쥐님 처형자
19898663,베인한테쏘니까 맛있네
19901505,뒷라인만 조져야겠네
19902451,처형자라 w쿨돈거야
19902564,상대 잘해보라고 닥달해서 잘하는중
19903650,처형자 있자나 뭔 징총이여 ~
19903938,w키잖아 ㅅㅂ라 억까하지마
19907457,와 더블킬
19908367,아이 w타령은 ㅅㅂ
19910889,나갈래? w 켰다니까
19910918,뭔 w를 키라는거야 자꾸
19911795,아까부터 뒤지게 하네
19914647,라클용 천꾸제이스
19915425,똥냄새나네
19916320,뒷라인만 골라서 쏴야겠네
19916566,롤안분들 나가
19918578,벙송 안보는 애들 왜케맣냐
19918662,왤케 능아들이 많지
19919127,그라가스는 왜
19920122,증기견들 훈수 미치겠네
19920268,스킬창을안보냐
19920372,w무새련 죽인다?
19920700,ㄹㅇ 나가라
19920939,잘키던데 ㅋㅋ
19921946,천꾸에 갈망쿨감적용되는지 확인해주세요
19924813,w 킨거 보고 안킨줄 아는 롤안분 아님?
19925977,다른증강이 너무 세졌다
19926268,맞아야됨 그냥
19928398,그냥 그라가스 체력이 1만이 넘는다고 애들아
19929919,혼자하는거임?
19930295,이제는 안보고 훈수하냨ㅋㅋㅋ
19931172,ㄹㅇ 롤안분이 맞다
19931218,좀
19935433,?
19936197,짜피 못맞출거면 키지마라 물쥐야
19936254,처형자로 쿨초됐을때 w안키고 qe씀 ㅅㄱ
19937223,?
19938290,물쥐는 스킬인터페이스도 큰데 왜 w킨걸 못보는거야
19938871,엄
19942068,저게 안맞나
19942422,글가지금 괴물이니까 피해서쏴야할듯
19944213,글가 증강 잘뽑으면 딜 탱 다되더라 ㅋㅋㅋㅋ
19948353,YADA
19948385,슈웃
19950606,어?
19953082,세릴다 ㄱ
19953265,맛없노
19954067,ㄱ-
19955373,천꾸 초반용이긴 해
19955505,첫증강에떠야 맛있지
19956106,천꾸 그정도 아닌가
19957014,그냥 협곡이랑 딜이 비슷한데
19957465,후반엔 좀 약함
19958651,세릴다
19960284,극 초반에 이득 못보면 약하더라
19960619,후반가면 힘빠짐
19961054,방관이 필요할듯?
19961811,장막 ㅋㅋㅋㅋ
19962734,천꾸 치고 맛이 없네
19963099,야다..
19964712,천꾸는 초반서렌용임
19967733,펑~
19968692,천꾸사기인건 3랩대 뽑앗거그런거지
19970331,공중제비 ㅋㅋㅋㅋㅋㅋㅋ
19970373,글가 ㅅㅂ
19970579,3렙 천꾸가 진짜 말안되는데
19972304,글가태산이긴해
19972950,저치기저치기 야야야
19973205,아이쇼스피드 공중제비 실패
19973962,신난다?
19974168,다돌렷
19974572,노저다 노저
19975368,333333
19975382,노련한
19975549,노저 ㄱ
19975849,아qqqq 할뻔햇는데
19976139,33333333333
19976368,오
19976545,333333333
19977009,무조건 3
19977302,33333333333333
19977438,ㅋㅋ
19977641,노저 입갤
19977709,노저
19977988,방관 제이스 ㄷㄷㄷㄷㄷㄷㄷㄷ
19978126,졸업
19978152,어
19978288,?????
19978481,와 ㅋㅋㅋ
19978804,333333
19979238,노련한 저격수 슛 ㅋㅋㅋㅋㅋ
19979295,미친
19979349,우승
19980077,333333333.'
19980816,종결 제이스
19981689,졸업제이스긴하네
19981707,증바람 제이스 졸업 !!!!
19982143,노저미ㅕㄴEQQ r가능
19982264,와
19982346,제이스 졸업작품 ㅊㅊㅊ
19982560,포킹 포킹
19982636,아니 증강맛있는데 이판?
19983332,제이스 졸업
19983382,졸업
19983871,슈웃~
19983923,베스트만 떴네
19984572,아니 증강 종결인데?
19984600,증강 개쩌네
19984747,실버 종결
19986169,오늘 생일임???
19986645,근데 큐 못맞추잖ㅇ하ㅋㅋ
19986931,이러면 쿨감 더 안챙겨도 ㄱㅊ을텐데
19987196,거의 졸업급인데
19988442,사기꾼이네
19989547,E QQ EQQ
19991303,물쥐님 도미닉이 낫지 않음? 최대체력?
19991342,다퍼주네 증강
19991615,제이스 졸업인데?
19992586,졸업급인데
19992725,증강 뭐임 이거? 난 이런거 한 번도 안 뜨는데 왜
19994685,말 안되네
19994984,오늘 생일이냐 증강 왜케빨아주냐
19995195,이제 해머폼은 없는거다잉
19996271,제이스 졸업작품이노 ㅋㅋㅋ
19998317,그러죠
20005676,힘 좀 내보자
20006789,탈주해
20008516,얌2
20009135,드가자
20009836,탈주해ㅋㅋㅋ
20010039,아유 똥내
20013122,ㅋㅋㅋㅋㅋㅋㅋㅋㅋㅋ
20013236,습박 ㅋㅋ
20014009,야미 야미
20015180,파카왓노
20015351,아오 개카
20015512,도미닉에 징수?
20015965,개카 ㅋㅋ
20016535,음?
20016887,고졸?
20018481,ㄱ-
20020659,천꾸 너프먹었나 왜이리 약해짐
20021676,그러니까 탈주
20024099,노저써봐
20026901,제이스 졸업작품이면 이미 게임 끝났어
20027966,지금 졸업 할려는데 무슨소리야 파카님
20028135,근데 맞추질못함
20031536,와 ㅋㅋ
20032785,와
20033384,3방소노 ㅋㅋ
20033907,3e ㄷㄷ
20034990,어어
20035257,안니 3번이됨>
20039854,ㄱ-
20039866,아
20040494,아
20040641,아
20041019,..?
20041290,엥?
20041372,?
20041463,..
20041621,야다...
20041749,ㅏ
20041808,음
20041881,아
20042043,엄
20042565,ㅏ
20042785,ㄱ-
20043457,흠...
20043850,ㄱ-
20044244,{:d_126:}
20044776,야다
20044927,{:d_126:}
20045315,와 진짜
20045694,음
20046374,맛없네..
20047002,ㄱ-ㄱ-
20047489,음?
20048109,w키면 뭐해 맞추질못하는데
20050593,졸업맞나요?
20054686,ㅋㅋㅋㅋㅋㅋ
20055284,순수주의자가 떠야함
20055547,진짜 스레기처럼 못날리네
20055942,요즘 천꾸 제이스 쓰레기됨?
20056685,{:d_62:}{:d_62:}{:d_62:}
20057738,장막에 슈웃~
20058073,wow
20058526,걍 탱커나 하자
20059017,ㅁㅊ
20059629,파카님도 중졸이야 ??
20060118,ㅅㅂㅋㅋㅋ
20060869,재밌긴하네 ㅋㅋ
20061720,마나 쭉쭉단다
20061842,대포다
20062568,꿀잼이네
20062854,혼자 재밌는거 하넼ㅋㅋㅋㅋㅋㅋ
20063294,그라가스 그냥 벽인데
20064619,순수주의자나 대마법사 키면 무한 eqqeqq 가능
20065813,아파
20066530,천꾸제이스 저렙에만 좋음
20067987,처음에나와야되는데
20072444,미니언정리가 안되서
20074153,그건..
20076145,어어어
20076578,Q각이 안나와
20076680,개맛없네
20076804,아지르 도박꾼인가?
20078382,ㄱ-
20078491,ㅋㅋㅋㅋㅋㅋㅋㅋㅋㅋㅋㅋ
20078591,ㅋㅋ
20078652,ㅋㅋㅋㅋㅋㅋㅋㅋㅋㅋ
20079050,?
20079100,흠
20079105,천꾸제이스는 후반에 그냥 개구데기임
20079737,와
20080214,물쥐 신났네?
20080263,ㅋㅋㅋㅋㅋㅋㅋ
20080586,ㅋㅋㅋㅋㅋㅋㅋㅋㅋㅋ
20080660,ㅋㅋㅋㅋ
20080800,엄
20080881,흠
20080967,엄
20081241,천꾸제이스 유통기한있음
20081477,ㄱ-
20081500,ㅋㅋ
20082204,{:d_126:}
20082243,컷 ㅋ
20082608,딜 뭐임
20082814,{:d_126:}{:d_126:}{:d_126:}
20083011,점점 힘빠지는데
20083876,{:mlb_76:}{:mlb_76:}{:mlb_76:}{:mlb_76:}
20084564,제이스 그정도 아닌듯ㅋㅋ
20084753,흐.ㅁ.ㅁ.ㅁㅁ..ㅁ...
20084924,{:d_87:}{:d_87:}
20085368,터져뿌네 ㅋㅋㅋㅋ
20086784,{:d_126:}{:d_126:}
20086948,베인벨류가 좋아
20087772,상했다
20087831,탈주해
20088043,ㄱ- 물지님..
20088083,뻐어어엉
20089173,내가 본 천꾸제이스중에 제일 맛없네
20089598,chi감 가야할듯?
20090364,음...
20090496,{:d_126:}{:d_126:}{:d_126:}{:d_126:}
20091003,탈주 ㄱ
20091782,벼폭이 좀 냄시나는데
20092375,상했네..
20092923,탈주하죠?
20093647,다뽑아도 지네 ㅋㅋㅋ
20094899,Q쏘고 나서 W켜도 딜 적용됨 ?
20098319,샤코가 ㄹㅇ 무쓸모이
20098322,그라가스 아지르가 왕귀했지
20098922,졸업못하겠네...
20099933,샤코는 원래 쓸모없음
20100229,그라가스때문에 노잼됨 딜러들맞춰야하는데
20101281,아 줴줴야
20102605,천꾸맞어? 왜이리약해
20103107,어어
20103466,줴줴이야
20103467,ㅈㅈ
20104722,ㅈㅈ
20105374,졸업이..
20107065,줴줴이야~
20108164,릴리아가  다하네
20108401,샤코가 원래 필패카드임
20109128,지면 어때 뭐
20109450,샤코도 ㅈ구리고 이렐도 글가한테 카운터 당하니 머
20110765,이사람 왜 쇼진안가나요
20111615,당신이 못해서 진거야 제이스 천꾸로
20112545,이걸 지네 ㅋㅋㅋㅋㅋㅋㅋㅋㅋㅋ
20112642,서렌치지마
20113059,샤코가 진짜 개 구더기임
20113664,천꾸 발사~
20113756,천꾸 사망
20114801,ㅋㅋㅋㅋㅋㅋ 즐기다 지는건 증바람 국룰임
20115635,릴리아가 요즘 ㅈㄴ 썌더라
20116167,에게
20116819,유급이요
20118118,괴물 쥐쥐~!
20122504,어어어
20122528,천꾸로 지면......
20122746,천꾸제이스 ㅈ사기긴한데
20123431,천꾸 뽑고 지기 ㅋㅋ
20124120,천꾸 노저 제이스들고 지면 좀 면이 안서는데
20126432,실력차가 나긴하네 반대로
20132106,그라가스 ㅋㅋ
20132963,나 천꾸제이스라고~~
20133304,노딜
20134630,개단단하네
20134639,도밖군이네
20135423,천꾸 오만 저격 제이스로 지는거에요?
20138350,이거 천꾸 맞아?
20138773,도박꾼 상대 몇명임?
20138818,그라가스괴물이라니까
20139369,ㄱ-
20143738,대체왜 그라가스맞춤?
20144700,흠
20144938,?
20145240,ㅋㅋㅋㅋㅋㅋㅋㅋㅋㅋㅋㅋㅋㅋ
20145964,물방 2709
20145973,?
20146281,ㅋㅋㅋㅋㅋㅋㅋㅋ
20146388,ㅋㅋㅋㅋㅋㅋ
20146925,흠
20146932,깡
20147028,ㅋㅋㅋㅋㅋㅋㅋㅋㅋㅋㅋㅋ
20147028,자살을
20147062,와 글가뭐냐
20147090,엄
20147227,{:d_126:}
20147282,...
20147672,ㅋㅋㅋㅋㅋㅋㅋㅋㅋㅋ
20147703,{:d_126:}{:d_126:}{:d_126:}
20147801,뿌직
20148180,도박꾼 최소 2명같은데?
20148258,망치 봉인함?
20148276,음?
20148296,음?
20148309,음..
20148383,왜자꾸 괴물한테 덤비는거임
20148589,진짜에요?
20148807,와
20149420,ㅋㅋㅋㅋㅋㅋㅋㅋㅋㅋㅋㅋㅋ
20149605,죽으러 드가기~
20149729,흠….
20150674,{:d_126:}{:d_126:}{:d_126:}{:d_126:}{:d_126:}
20151518,쥐쥐이야
20152394,음?
20152451,ㅈㄴ 단단하네
20153350,님아 제이스 재수강이요
20156287,그라가스 증강 뭐임?
20156532,딜러를노려요... 님아 ㅋㅋ
20157569,플 째다가 참 맛있게 쓰네
20157870,내가하고싶다
20158676,{:d_126:}{:d_126:}
20159122,패시브 떄매
20159276,그라가스 좋음 ㅋㅋ
20159363,천꾸 뽑고지기 ㅋㅋㅋ
20161633,샤코가 더 쌘데?
20162124,똥 물 쥐
20162447,줴줴이여
20162454,로라야
20163256,오케이 제이스 안할게요~
20163512,진짜못하네이렐
20163751,물지님 게임 졌나요 ㅠㅠ
20164188,물쥐님 상대 도박꾼 몇명인지 봐줘
20164511,W 버프라
20164798,샤코 ㄷㄷ
20165050,그라가스 저런 탱에 딜도 개썐게 참
20165120,너가 망치폼으로 E 세대만 때려도 걍 녹는데
20167763,{:d_126:}
20169525,글가는 전통의 제이스카운터임
20173616,물쥐야 증바람이 장난이야?
20174977,당신이 천꾸 제이스로 못해서 진거임
20175070,제이스 천꾸 후반가면 썩더라 아까해봄..
20179492,근데 이거 천꾸라서 더 구린거같은데 솔직히 천꾸없이 몰왕갔으면 그나마 할만함
20181239,샤코 ap였네
20181841,골드만 4개는 좀 그러네
20185626,벼락 천꾸 제이스는 처음보네...
20186020,사이온 살살 녹는다
20186808,제이스 천꾸 후반도 아님 걍 중반부터 힘 개약해짐
20187994,이걸 지나요
20188152,사이온이 생각보다 물몸이네
20188310,오
20188370,흠
20191243,도박꾼이 개사기야
20191698,?
20194043,더블찍기 ㅋㅋㅋㅋㅋㅋㅋㅋ
20195018,흠
20199017,{:d_126:}{:d_126:}{:d_126:}
20199582,슬슬 천통기한온다
20199879,{:d_126:}{:d_62:}
20200206,ㅈㄴ 약해 ㅋㅋㅋㅋㅋ
20203806,{:d_126:}{:d_126:}{:d_126:}{:d_126:}{:d_126:}
20204038,이 증강으로 {:d_126:}{:d_126:}{:d_126:}
20204632,아지르 마미먹으면 w찌를때마다 터짐
20207177,물지님..
20207567,밤끝이 나은거 아님?
20208295,슬슬? 이미옴
20209243,근데 6코어 징수는 뭔 템트리삼?
20209920,이시점에선 다 ㅈㄴ 쌔긴해
20210223,슬슬이 아니고 이미 개약해진듯..
20210558,유급인가요?
20210759,저거 공속 왜저래
20214177,노스택 징수 ㄱㅊ??
20217259,천꾸 후반가면 별로임
20217534,주사위네 상대
20220737,w 상시로 켜져있어도 ㅈㄴ 약할거 같은데 뭐냐? 이 게임에서 제일 약한거 같은데
20220941,천꾸제이스 후반에 안좋아
20221145,엄
20221341,천꾸가 첫증강이었다면
20223013,도박꾼2명이면 천꾸 제이스 벨류가 밀리긴함
20227732,도박꾼이 많아서 애들 방어력이 너무 높다
20229388,ㄹㅇ 개약함 ㅋㅋㅋ
20230911,근데 그걸 떠나서 천꾸 이제 사기가 아닌갑네
20232907,쇼진 가볼까요
20235046,근데 샤코가 젤 약함  그래도
20236854,걍 후반에 ad스킬 브루저가 좀 애매하긴함
20237868,모루차이가난다
20238475,천꾸가 너프 먹었다네요
20240702,"풀템인디,,,"
20247783,근데 첫증강 천꾸는 개사깅ㅁ
20250617,저기 도박꾼 모루가 잘떴나봐 상하는 속도가 너무빠른데
20253186,오늘은 혼자 하시는 건가요 ?
20257623,천꾸가 예전만큼 사기가 아니기도 하고 상대 밸류가 좋아져서 밀리는거지
20259562,너프여도 좋은건 맞음
20259587,혼자 하는 중 ㅇㅇ
20262562,그라가스 맞추지마쇼
20262603,곧 파카랑 듀오할듯?
20264029,파카 피박 기다리는중아닌가
20264171,그라가스 왜이리 단단하지근데
20264444,보건 제이스도 좋던데
20265399,qt
20265671,qt
20266028,qtㅋㅋ
20267441,깡공 400을 주는데
20268053,qt zz
20269308,ㅋ
20269678,큐티
20271592,qt
20271967,qt ㅋㅋ
20276295,큐티~
20278167,간질간질한데
20279655,파일럿문제인가
20282523,ㄱ-
20283474,ㅈㄴ약하긴하네
20285052,ㅈㅈ
20285633,그라가스 태산이노
20285655,김나오게 약하네
20286425,근데 제우스였으면 진작에 다 패고 이겼음
20286789,{:d_126:}{:d_126:}{:d_126:}{:d_126:}{:d_126:}{:d_126:}
20287058,ㅋㅋㅋㅋㅋㅋㅋㅋㅋㅋㅋㅋㅋ
20287074,{:d_126:}{:d_126:}
20287081,ㅋㅋㅋㅋㅋㅋㅋ
20287423,ㄱ-ㄱ-....
20288231,ㅈㅈ
20289304,줴줴이야
20289432,이건 졌따
20289464,ㅈㅈ
20289788,{:d_106:}{:d_106:}{:d_106:}
20290018,베인 왕귀 했다
20290311,쥐쥐~!
20291923,이기면 반포자이
20293569,후반이라 애들 다 따라와서
20293749,김나오게 약한디
20294546,상대가 도박꾼이네
20295044,이걸져야해?
20295249,ㅈㅈ
20295473,밸류차이남 이제
20295747,줴줴이야
20296140,서렌치지마라 ㅋㅋㅋㅋㅋ
20296949,멀리서때리면 딜약함
20298176,모루가 11개임 벌써
20298506,{:yeoringA04:}
20298588,ㅈㅈ
20298782,제이스 개구리네
20299195,ㅋㅋ qt
20300390,증바람 베인은 신이야~
20300986,누가 애한테 제이스 줌?ㅡ
20301089,탈주해
20301745,전에 끝날듯ㄱ
20302832,졸업이..
20302857,상대가 도박꾼임
20302933,초등학교 졸업실패
20303181,내가 본 천꾸 제이스중에
20304061,걍 모루사는게 더 나을거같은데
20304194,제이스 그냥 퍼뎀이 e말곤 없어서
20304912,담겜해 어차피 할맛도 안난0
20305572,오로라 잘한다는 뜻
20305596,최고였다.
20305867,이기고 자라
20306759,아지르 대가리 ㅋㅋㅋ
20307264,졸업실패
20308948,"잘해보라고 했는데 진짜 잘해버리면,,"
20309994,원딜 없어서 그럼
20310234,저기 다 도박꾼이네 ㅋㅋ
20310431,아지르뭐냐 ㅋㅋ
20311727,출석체크
20313724,천꾸들고 지네
20316827,상대봐주는느낌이였는데 갑자기 힘쭉빠짐
20316830,ㅇㅈ
20317550,ㅋㅋ
20318054,이기고자라 ㅋ
20318225,보건안준 매튜렁잘못임 줄거면 다주지
20319046,샤코는 지혼자만 재밌지 개 고혈챔임
20319228,오로라 잘했나보네
20319245,이기고 자라
20319819,ㅇㅈ
20320476,이기고자라 ㅋ
20321085,이기고자라
20321380,전챗 얄밉노
20321579,ㅋㅋ 제이스 졸업 못했쥬
20322022,w가 꺼지고 q 맞은거 같은데
20323070,이기고자라 ㅋ
20323369,딜량까죠
20323412,이기고자라ㅋ
20324568,이기고자라
20324995,책임전가 ㅋㅋ
20326752,샤코도 증강빨너무심하게받는챔이긴해
20327702,아부리 ㅈㄴ털긴하네 증바람 ㅋㅋ
20327765,조합도 그라가스를 못잡겠네
20328245,ap샤코는 똥임
20330138,도박꾼 2명이 너무 빨리뜨고 천꾸 넘 늦게먹은게 컷다
20330406,채팅 ㅋㅋㅋㅋㅋ
20330665,ap 샤코는 구머기임
20331568,유레카없으면 ap샤코도 별루던데
20332886,엄
20332906,와
20333372,와 이걸 제이스 천꾸들고 지네
20334056,배치기 딸깍
20334328,?
20334434,ㅋㅋㅋㅋㅋㅋ
20335007,"샤코 그래도 열심히 라클 해주긴 했어,, 쓰레긴 맞음"
20335193,..
20335289,{:d_126:}{:d_126:}{:d_126:}{:d_126:}{:d_126:}{:d_126:}{:d_126:}
20335396,습박 ㅋㅋ
20335461,ㅋㅋㅋㅋㅋㅋㅋ
20335490,와
20335560,xxxxxxxxxxxxx
20335861,그라가스 괴물이네
20336193,ㄱ-
20336940,님아
20337219,샤코가 구리긴함
20337353,와 디지게쌔네
20338394,{:d_126:}
20338911,ㅋㅋㅋㅋㅋㅋㅋㅋㅋㅋㅋㅋ
20339199,그라가스 떡벽이네
20340714,졸업작품들고 졸업을 못해
20341316,ad가서 베인이나 죽이고 죽지
20341948,ㄹㅇ
20343085,그게 아니라 후반가면 포킹은 의미가 없음 증바람은
20343184,그라가스한테 암것도 못하네
20343346,그라가스 혼자 다하네
20344258,원딜있어야함 이래서 ㅇㅇ
20346097,딜량 까
20346394,ㅈㅈ
20346743,천꾸 그정돈지 모르겠네
20347116,눈덩이를 왜케 아끼지
20347441,괴물쥐의 원딜 그립습니다
20347529,태산
20348290,ㅋㅋㅋㅋㅋㅋㅋㅋㅋ
20348588,증바람 이길때 채팅치려고하는거긴함
20348664,딜량 깔게있나 이미 꼴등
20349041,헉
20349268,롤 좁업이다 ㅋㅋㅋㅋㅋㅋㅋ
20352456,이기고자라{:d_126:}
20352762,쟤 증강스택 160인데 그라?
20352901,롤졸업 ㅊㅊㅊㅊㅊㅊㅊㅊㅊㅊㅊ
20353048,ㄲㅂ
20353480,천꾸들고 지는 제이스는 처음보네 ㅋㅋ
20353600,졸업ㅊㅊ
20354191,축하한다 제이스야 ㅋㅋㅋㅋㅋㅋㅋㅋㅋㅋㅋ
20356109,그 어려운 천꾸들고 지기
20356110,롤 졸업 축하해~
20356322,ㅋㅋㅋㅋㅋㅋㅋㅋㅋㅋㅋㅋㅋㅋㅋㅋㅋ
20357792,첫증강 천꾸였다면 ㄱ-
20358449,zzz
20358938,졸업 ㅊㅊㅊㅊㅊ
20359026,삐키 왛네
20359447,{:mlb_76:}{:mlb_76:}{:mlb_76:}{:mlb_76:}
20359729,롤 졸업 ㅊㅊ
20359911,롤 촐업 ㅊㅊㅊㅊㅊㅊㅊㅊㅊㅊㅊㅊㅊ
20361222,이기고자야함
20361632,걍 제이스 자체가 구데기임 증바람
20362287,내 친구 파카 닉스박 대기 중
20364105,요새 롤 너무 재미없다
20364970,운이없다 보건떳어야했는데
20365545,졌당{:mlb_76:}{:mlb_76:}
20366549,제이스접자
20366654,삐끼님이낭
20367740,캬
20368244,샤코 딜 이렐보다 높은데?
20369077,캬
20369924,ㅋㅋㅋㅋㅋㅋㅋㅋㅋㅋㅋㅋㅋㅋㅋㅋㅋㅋㅋㅋㅋㅋㅋㅋㅋ
20370298,기분다운됐어...
20371290,굽팍쥐
20371901,ㅋㅋㅋㅋㅋㅋㅋ
20372505,천꾸 제이스로 지는 사람 없지?
20372963,ㅠㅠ
20373001,ㅋ ㅋ
20373018,아지르가 처음 두개에서 바로 도박꾼이었네
20373059,ㅋㅋㅋㅋㅋ
20373103,자 굽팤쥐 드가자
20373231,종우 합류
20373484,zi
20374150,기분 따운
20374653,세얼간이
20374774,우우..
20375121,기분 다운 됐어 파카님
20375293,ㅋㅋㅋ귀엽노 ㅋㅋ
20375603,마라탕먹어
20375776,캬
20377019,쥐무룩........
20377218,익숙한 얼굴들이구만
20378252,{:d_57:}{:d_57:}{:d_57:}{:d_57:}{:d_57:}
20378489,{:d_126:}{:d_126:}{:d_126:}{:d_126:}
20379600,퍼뎀 없으면 저런 떡벽 못잡아서 제이스 밸류 떨어지긴 함
20380672,쥐무룩 귀여워
20381794,쥐무룩...
20383103,{:mlb_76:}{:mlb_76:}{:mlb_76:}
20384136,도랄 어디갔어
20385420,아레나 하자는데 파카가?
20386875,팤굽쥐당{:mlb_76:}{:mlb_76:}
20387285,쥐무룩ㅋㅋ
20388218,랄로 들어와
20389242,{:d_44:}{:d_44:}
20389602,이대로 이리3인큐하면 되겠네
20389927,롤 마이크 키고하자
20391571,노디코?
20391713,짐 ㅋㅋ
20391925,?
20392867,기분이 팍.. 식어버렸오
20393122,<<<<<<<<짐
20393288,ㅋㅋㅋㅋ
20393344,와우
20393758,그게 무슨소리니
20393813,<<<<< 짐
20393967,ㅋㅋㅋㅋㅋㅋㅋㅋㅋㅋㅋ
20394045,베릴 초대 ㄱㄱ
20394214,짐은 습박 ㅋㅋㅋㅋ
20394644,ㅋㅋㅋㅋㅋㅋㅋㅋㅋㅋ
20395588,ㅋㅋㅋㅋㅋㅋㅋㅋㅋㅋㅋㅋ
20395697,ㅋㅋㅋㅋ
20395703,개카련
20397082,짐 ㅋㅋㅋㅋㅋㅋ
20397517,ㅋㅋㅋㅋㅋㅋㅋㅋㅋ
20397890,개카
20398221,ㄷㄷㄷㄷ 올스타 라인업 뭐냐
20398332,아레나 3인큐 안함?
20398598,음?
20398610,음?
20398947,음?
20399209,짐
20399426,혹덩이
20400467,괴물쥠
20400986,괴물짐 ㅋㅋ
20401063,괴물짐 ㅋㅋㅋㅋㅋ
20401092,짐이니라
20401219,음?
20401882,원딜도 재밌어 물쥐님
20402015,베릴 초대 ㄱㄱㄱㄱ
20402249,음?
20402823,음?
20403204,괴물짐 ㅋㅋㅋㅋㅋ
20403590,<<<<<천꾸제이스 들고 못이기는 짐덩이
20404388,짐이 곧 왕이다
20405012,음?
20406419,괴무르짐 ㅋㅋ
20407352,추가래 심지터
20408772,베릴 초대핮
20409936,짐(31)
20410042,네
20410636,ㅋㅋㅋㅋㅋㅋㅋㅋㅋㅋㅋㅋㅋㅋㅋㅋㅋㅋ
20411258,너요
20411330,ㅋㅋㅋㅋ
20411657,괴물쥠
20411681,음?
20411772,음?
20411871,나? ㅋㅋㅋㅋㅋㅋ
20411891,심지어 추가래
20411932,너요 ㅋㅋㅋㅋㅋㅋㅋㅋ
20412112,그럼 누구야
20412709,음?
20413141,짐물쥐
20413238,괴무르짐
20413268,괴물짐
20413296,괴물짐 ㅋㅋㅋㅋㅋㅋㅋㅋㅋ
20413358,천꾸 + 노사  패배
20413527,헉
20413960,물쥐님 파카님 증바람 장인이야
20414024,그럼?
20414195,그럼 누구야
20414614,ㅋㅋㅋㅋㅋ
20415457,ㅋㅋㅋㅋㅋㅋㅋㅋㅋㅋㅋ
20415609,ㅋㅋㅋㅋㅋㅋㅋㅋㅋㅋ
20416253,짐지환 ㅋㅋ
20416577,화들짝 ㅋㅋㅋㅋ
20416748,ㅔ
20417712,Gym
20418108,괴물짐
20418183,ㅋㅋㅋㅋㅋㅋㅋㅋㅋㅋㅋ
20418544,괴물짐 ㅋㅋ
20419763,괴물짐 ㅠㅠㅜㅋㅋㅋㅋ
20420225,나!?
20421844,괴물짐 ㅋㅋ
20421991,{:nlmiso9513545:}{:nlmiso9513545:}{:nlmiso9513545:}
20422405,Gym이래
20423344,나??
20423393,짐은 왕이라는 뜻이기도 함 ㅇㅇ
20424553,누누
20425077,파카 비방인가?
20425513,괴물짐
20425684,니코 ㄱㄱ
20430189,아지르 ㄱㄱ
20431016,니코 맛있겠다
20431253,니코좋아잉
20432584,쥐그모
20432923,카시 좋은데
20434554,흠..
20435132,칼바람 니코가 궁각 야무진데
20435268,랄쌤 증바람들어와
20435633,짐지환
20437230,코그모 내노라 해
20437493,파카 증바람 잘하긴해
20437920,니코로 연기나 하자
20438143,쥐쉬
20438478,오 좋은거 많은데
20441239,칼바람에서 마저 원딜
20441739,애쉬 개좋음
20441776,캬
20442954,애스 좀 구림
20443188,{:monsCface:}
20443354,칼바람애쉬는
20443379,오
20443585,쥐쉬
20443812,애쉬 꿀잼임 ㅇㅈ
20444068,캬
20444412,애쉬 카이팅 잘하면 개좋은데
20444840,캬
20445532,캬
20446076,ㅟ시
20446635,하 드디어
20446823,코그모해
20447956,치미 애쉬 두개재
20449572,애쉬 개좋음
20449911,요즘도 ap w 애쉬 좋음?
20450295,코금호가 ㄹㅇ 좋은데
20450361,폭탄 녹턴 개재밌음
20450447,애쉬구림
20452036,팤지르
20452370,코그모 ㄱㄱ
20452670,폭풍 카이팅 드가자
20454027,증바람 애쉬 어렵던데
20455273,랄로 오둥이 당장 켜
20455746,폭발
20455933,증바람원딜이 진짜 실력이긴해
20456047,{:d_57:}{:d_57:}{:d_57:}
20456057,코그모 ㄱㄱ
20456894,개카 아지르 ㄷㄷ
20457624,증바람 양학 뭐지요
20459053,ㄴㄴap쓰레기
20459085,보는맛 나겠다
20460338,치명타시 폭발 ㄱㄱㄱ
20460852,못하니까 구리지
20460882,애쉬 구림 코그모 ㄱㄱ
20463741,{:d_42:}{:d_42:}{:d_42:}{:d_42:}
20464218,헬퍼급 코그모 보여주세요
20465305,팤지르 뭐지요
20465590,재밌겠다
20465811,애쉬 다이너마이트 특전이 좋음
20467173,이제 ap나 W싸개 애쉬 개구림
20468233,코그모가 근데 체퍼뎀이라 탱크코그모 재밌음
20468236,애들이 원딜만 죽이려해서 개빡세
20469360,폭죽 시너지가 최선임 애쉬
20469483,닉스박님 제드는;;;
20472044,쥐쉬 드가자 ㅋㅋㅋㅋㅋㅋㅋㅋㅋㅋㅋㅋㅋㅋㅋㅋㅋㅋㅋㅋㅋㅋㅋㅋㅋㅋㅋㅋㅋㅋㅋㅋㅋㅋㅋㅋㅋㅋㅋㅋㅋㅋㅋㅋ
20472504,뚜벅이 많다 ㅅㅅ
20472712,이사람 근데 왜 증바람함
20473747,물쥐 근데 증바람 못허긴함 ㅋㅋ
20473844,무조건 폭죽?
20474513,에이피 이노베이션의 제드..
20474849,{:nlmiso95Afwe:}{:nlmiso95Afwe:}{:nlmiso95Afwe:}
20474911,증바람 애쉬 거리조절못하는애들이나 구린거지 찐잘하는애가 하면 사기임
20476218,애쉬좋음
20476218,애쉬 좋은데
20476978,노래 맛있는데 ?
20477376,양학 드가자
20477532,ㄴㄴㄴㄴ 좋음
20477717,카이팅 잘해야함 뚜벅이라
20477940,뭐야 애쉬 맛있는 판인데?
20478683,딜은 잘낭ㅎㅁ
20478887,양손잡이 슛
20479377,개좋음
20479415,그저그럼
20480734,롤 6년째 하는데 아이언이면 그냥 아이언이 맞음?
20480824,흠
20481597,괴물쥐가 하면 좋음
20482344,살기가 어려움
20482450,상대 다 돼지네
20483114,애쉬 좋은데
20483516,다돌려잇
20483824,애쉬 2티언데
20484572,피박 제드뭐여 ㅋㅋㅋ
20485232,카이팅하다 뒤질듯
20485826,애쉬 해야하긴했어
20485884,돌돌
20485915,증바람 애쉬 구리다는 애들은 브론즈임
20486115,궁싸개하셈 악의 마공판
20486217,ㄹㄹ
20486376,아..
20487125,애쉬 오만가서 w포킹 하면 진짜 줫나쎔
20488093,애쉬증강잘받긴해
20488286,애쉬는 그냥 파일럿 편차가 큰거임
20489403,13돌
20490986,1돌
20491014,재충전 애쉬 ㄱㄱ
20491133,애쉬 좋아
20491958,22
20492070,{:d_126:}{:d_126:}{:d_126:}
20493117,2
20493851,2222222222222
20494467,야다
20494479,22
20494481,2222222
20494524,선포 ㄱㅊ
20494573,3
20494842,그나마 2
20495303,모피흡
20495357,2먹자
20495573,2222222
20496084,22
20496315,야다..
20496339,22
20496952,2
20497276,222
20497471,222
20497491,ㅈㅈㅈㅈ
20497542,22
20497981,22222222222
20498281,2먹고 피흡스킵해
20498417,2222
20498498,222222
20498742,그나마 2
20498835,2
20499132,222222222222222
20499340,2가자
20499548,2?
20499593,"야다,.,.,.,.,.,.,.,.,.,.,.,.,.,.,.,.,.,.,.,.,.,.,.,.,."
20500023,2
20500231,ㅈㅈ
20500485,22
20500637,2가 무난하네
20500739,3먹ㄱ고 스테틱
20500822,1 2
20500910,ㅇㅇ
20501262,똥 ㅋㅋ
20501464,재충전 스태틱
20501474,33
20502971,후반보자 ㅇㅇ
20505265,2 좋은데
20506383,맛없긴해
20509116,재충전 스태틱고연포벼폭검 원딜
20509564,ㄹㅇ
20511456,오만가서 w포킹하면 진짜 줫나쎔 오만 ㄱㄱ
20512113,3이 좋은데
20512693,2좋은데
20513038,와 공격력 0 개씹노딜템트리당 ㅋㅋㅋ
20514766,레전드 캐리판이다
20516314,문도다
20522420,스텟은 방마저가 벨류 좋아 물쥐님
20523283,shot
20523302,재충전 스태틱 탭댄서각 ㄲㅂ
20523859,아이번있네
20525187,문도한테 평타뎀 20들어갈듯
20526043,파카 아지르 할줄알어?
20526151,2정도면 나쁘지않음
20527101,3번가서 그냥 베인마냥 툭툭치는것도 재밌가함
20529142,어우 돼지들만잇냐
20530332,문도 세트 알리 하루죙일 때리다 끝날듯
20530652,포킹은 쫌 싸물어라
20531175,넌이미죽어잇다
20532884,와 알리있네 저거 증강 잘뜨면 재앙이던데
20534713,돼지들많다 상대
20535336,?
20536192,ㅋㅋㅋㅋㅋㅋㅋㅋㅋㅋ
20537038,개카 ㅋㅋㅋㅋ
20537409,ㅋㅋㅋㅋㅋㅋㅋ
20537453,파카님 개그맨이네
20537488,파카 겉멋 ㅋㅋㅋㅋ
20538335,파카의 똥꼬발랄
20538978,개깝치네 ㅋㅋ
20539096,제드 잔다
20539416,평타 33 들어가는데
20541390,와 이번판 손 뿌사지갰네
20541788,ㅋㅋㅋ
20543473,ㅇㅇ
20544898,파카 비둘기 첫판이야?
20545670,와
20547208,때리는거맞나
20547996,탱 개많노
20553133,알리 문도 세트면
20553517,캬
20555231,호옹이
20555543,오 ㅋㅋ
20556414,캬
20557451,물쥐님 방금 반응 좋았어
20557781,캬
20557963,몰왕 ㄱㄱㄱㄱㄱ
20558018,구리다고 했제
20558848,덩치들 개많네
20559014,템트리가 졷구리잖아요
20559059,누가저걸다잡누
20559075,이래서 좀 똥임
20559439,ad+ 0
20559903,애쉬가 그렇지 뭐
20560296,그야..
20560395,반응 조은데
20560463,애쉬 증강 많이 탐
20561276,공속신이니까
20561450,몰왕 가셈
20562056,그야 신발을..
20562907,문도 알리 누가잡음?
20565339,그래서 구림 ㅇㅇ
20565720,진짜 가락이네 ㅋㅋㅋ
20565878,몰왕 가도 노딜일걸 ㅋ
20566016,병x박
20566867,초반부터 딜을바르면..
20566887,공속신
20566900,이거 이길라면 증강 진짜 잘뽑아야한다 ㅋㅋㅋㅋㅋㅋ
20566941,증강 잘뽑아야함
20567704,애쉬 원래 구데기임
20568623,신발을 샀으니까
20569403,신발 하나로 뭔 딜을...
20570784,증강 똥나와서
20570991,공속신 단검 가니까 노딜이지
20571187,템을..
20571333,신발하나로 딜이..
20571518,애쉬 칼바람은 진짜 꾸지긴 함
20571527,코그모했으면 ㅈㄴ 재밌었겠네
20571671,원래 검으로 막타쳐야람
20571993,굽드 ㅋㅋㅋ
20572300,공속템만 갔으니까
20573547,후반 쌤
20573590,시청자가 애쉬 구리다고 했잖아
20574090,근접이 방마저 버프땜에 어쩔수없음
20575074,신발 사놓고 노딜타령
20575762,빨리 몰락 가야겟다
20576114,상대 cc도 개빡세네
20576621,마공문도
20578751,이거 양잡만이 답이다
20579463,템나오기전까지ㅣ 못잡겟네
20580425,원래 초반원딜은 노딜임 뭔챔이든
20581521,얘는 증강빨 ㅈㄴ 탐
20581792,딜템가도 노딜임
20582308,치미에 취약 뜨길 기도 ㄱ
20583001,근데 공속만 올려놓고 노딜이라는건 개패고싶긴해
20584348,신발만잇는데 딜타령은
20584993,몰락 개꿀판이네
20586047,증강 안뜨면 AP 애쉬 ㄱ
20597178,니코좋았다
20605453,애쉬 걍 개맛있는 판인데
20607185,애쉬 증강 잘뽑으면 걍 기관총임
20608018,애쉬 q선마 하지 그냥
20608799,아이번한테킬주조
20615053,아이번 개꼴받네 ㅋㅋ
20615183,{:d_126:}
20618182,음...
20618659,샌드백이 몇갠데 무조건 ad
20626766,w가
20629167,협곡이랑 다르긴해 ㅋㅋ
20630444,아니오히려 피흡잘골랏네 샌드백개많음 상대
20631573,q선ㄱ
20632662,어짜피 몰왕뽑고 평타만 주구장창 써야되니까
20632738,애쉬 칼바람은 w쿨이 존나김
20633054,너무 라인전 템트리인데
20635981,몰락 나오면모름
20637494,양잡은 잇어야겟는데
20638744,아이번 스킨이 너무 열받음..
20639107,독사도 빨리가야 세트빨리잡음
20643346,몰락써요
20643884,몰락 루난
20646319,공속 똥나오게 느리네
20647143,w렙찍어도 쿨감이 없음 칼바람
20648405,난 내가 개똥벌레라는 것을
20650557,탭댄서뜨면 볼만하겠는데
20655746,후반가면 다 패 차피
20657424,증바람 애쉬 킬 먹기 힘듦 ㅋㅋㅋ
20660612,지금 딜 똥냄새나네
20665006,제드는 왜 아노아
20670235,확실히 원딜러라 카이팅 잘한다 증바람하는 애쉬들 거리조절못해서 잘 뒤지던데
20670238,이쑤시개 야다..
20674123,다 돼지라
20676276,징수안가면 킬 거의 못먹겠더라
20677535,폭죽 증강 가면 재밋겟는데
20679290,종우 스머모드임?
20680894,칼바람 애쉬 초반 킬 먹고싶으면 bf 가는게 아닌이상 먹기 너무 힘듦
20682262,양잡 주세요
20682993,팬댄이 뭐임??
20689789,양잡 먹어도 1인분 힘들거같은데
20689837,대 상 혁
20690872,요즘 증바람은 몰왕가도 피 안달더라
20692017,유령무희용
20692391,대 상 혁
20693841,대 인 욱
20698808,"그야 대상혁이 아니고 파카니까,,"
20699969,팬텀댄서였나
20701697,알리 잡기술 뭐냐
20703400,개십모기딜
20704099,ㄹㅇ이쑤시개네
20705519,애쉬 진짜 개미딜이네
20706245,서폿애쉬
20708470,세트한테 58박히네
20709669,능능 떳으면 좋았는데
20710342,오
20711053,ㅋㅋㅋㅋㅋㅋㅋㅋㅋㅋㅋㅋ
20711834,ㅋㅋㅋ
20712166,ㅋㅋㅋㅋㅋㅋ
20712388,ㅋㅋㅋㅋㅋㅋ
20712447,와 똥나오게 약하네ㅋㅋ
20712667,ㅋㅋ
20713241,ㅋㅋㅋㅋㅋㅋㅋ
20713598,ㅋㅋ
20713600,ㅋㅋㅋㅋㅋㅋㅋㅋㅋㅋ
20713763,거리조절 ㅋㅋ
20714387,애쉬는 그게맞아
20714717,광란의카이팅 ㅋㅋ
20715187,ㅋㅋㅋㅋㅋㅋㅋㅋ
20715469,ㅋㅋㅋㅋㅋㅋ개노딜ㅋㅋㅋ
20716305,손아픈데 노딜
20716362,원래 그래
20716751,게이밍부상
20716821,ㅋㅋㅋㅋㅋㅋㅋㅋ
20717824,손가락아픈게 정상이다
20718806,걍미니언이네
20720135,진짜 설사나오게 약하네 ㅋㅋ
20720983,앞라인이 세명이라 죙일 쳐야된다
20721449,늙기싫다
20723721,ㅋㅋ
20725027,증바람 애쉬면 감수해야지 뭐
20725938,공속 1.1인데 벌써아프면 안되는데
20728458,와우
20729285,원딜은 손이 좀 아파야지
20730336,노동현말파때리는거같네
20730835,다다다닥
20731115,ㅁㅁ
20734073,맛있는데
20735111,{:nlmiso9513545:}
20735356,증바람 고수들은 원딜로 크라켄감
20739154,쉔고놈참맛있네
20739524,이 맵이 젤 재밌더라
20740245,애쉬 보건나오면 패시브 치명타추뎀+q추뎀 맛있긴한데
20741268,ㅁ몰왕에 처형자 가얒
20741921,너무 협곡 라인전 템트리여
20742858,9어시 뭐지요
20745976,역시 서폿은 괴물쥐
20747191,?
20747923,왜 ap이노베이션이 제드고 파카가 아지르임?
20748231,애스 서폿 지리네
20749299,알리한테 궁은 뭐임
20749954,물쥐는 진짜 짐 그 자체네
20750374,ㅋㅋㅋㅋㅋ
20750788,제드 누구냐
20751208,알리궁은뭐야?
20751507,애스도..
20752394,ㅋㅋㅋㅋㅋㅋㅋㅋㅋㅋㅋㅋㅋ
20752435,누구임?
20752590,김남제드
20753211,물쥐형 증바람 똥나오게 잘한다
20754579,킬굳
20754587,저기 조합이 ㅈㄴ 딱딱해서 그런듯
20756795,ap이노베이션이잖아
20758489,종우인데
20758551,박종우임
20758701,굽드
20759476,13돌
20760123,종우형아님? ㅋㅋㅋ
20760501,박종우의 AD를 아는사람{:d_126:}{:d_126:}{:d_126:}
20761223,신난다?
20761242,신난다
20761402,2
20761811,22222
20761845,22
20762059,뭐야 알리 피박이네 ㅋㅋㅋㅋㅋㅋㅋㅋㅋ
20762116,2
20762542,종우형이야..
20762745,그나마 신난다 인데
20762749,돌려돌려~
20763165,2222
20763776,2222222
20763933,22
20764152,신난다 ㄱㄱ
20764228,아..
20764619,어
20764643,222222
20765014,무조건임
20765112,{:nlmiso95Afwe:}
20766425,신난다~
20766667,아 제제이야
20766705,맛이없네...
20766747,아
20767173,개노맛
20767579,222222
20767717,증강에바
20768144,신난다 터트릴수는 있고?
20768165,아쉬운더
20768396,애쉰난다
20770373,노저 무한 w 재밌는데
20770753,신난다 밸류좋아
20772078,쉬난다
20772339,아쉽네
20773208,노잼판이네
20773540,몰왕사고가면 될듯
20774361,골드애쉬랑 별 차이가 없군..
20775966,노저 하면 w 무제한
20776110,기다렸다가 몰왕뽑고?
20776439,몰왕 뽑고 가자
20776502,공속증강하나나와야하는데
20779491,님 하나도 안신나보여
20779798,노전 w 애쉬 개재밌는데
20780121,노저 w무한인데
20780722,킬빨아야
20790155,진짜 닉스박님 제드는 똥이네 ㄹㅇ
20790918,제드 똥내 ㅇㅈ
20791187,팬댄가면 ㄷㄹ안나와
20792327,역시 그 아이템
20793023,쉔이 제일 도움되네
20794801,탭댄서 뜰수도있는데 루난가자
20796872,문도 알리 상대로 w무한해서 뭐해
20798972,Q 찍으라고
20800668,마나 없어
20801507,저조합에 w 무한으로 날려서 뭐함
20802904,ㅇㅇ
20803561,요즘 증바람 원딜 다 씨뽀리뽀 가던데
20803832,못잡음 노저는
20805064,이러고 루난에 도미닉 가면 될듯?
20805083,루난도 좋아보이는데
20806443,ㅈㄴ 노딜임
20806695,?
20808661,아지르가 잡지
20808681,아지르뭐임
20808918,신난다 ~
20809444,마나만 빨림
20812103,궁 모지요
20812403,신난다 재밌긴 해
20813440,노저 애쉬를 왜하냐 ㅋㅋ
20813908,신난다~
20815189,무빙좋다
20815750,팤지르 똥내난다.....
20816049,아지르 뻘궁
20817647,ap가야해서 별로지 노저는
20818979,원딜은 탱커를 잡는 포지션이에요
20819795,트페 개빠르노 ㅋㅋ
20820980,물쥐가 탱커잡아줘야해 ㅇ
20822848,여우불인데용
20823025,많이 신났네
20824464,신난다 뭔가 느린거같지
20825850,너도 산데비스탄이내
20827550,다같이 신나자 ㅇㅇ
20834029,ad 트페임?
20836306,탭댄서 뜨면 개맛있는데
20837291,축제인가요?
20837928,아지르도 탱커 잘잡긴하지..
20840973,오우
20841377,캬 ㅋㅋ
20842353,플아까운데
20845692,개카 캐릭머임?
20846402,"물지님이 ""히든카드""야?"
20851271,플이 왜 아까워 9레벨인데
20851518,칼바는 걍 과감히 쓰는게 맞음
20853705,개카 아지르
20858199,와 쉔
20859489,2코어 경계?
20860351,루난이 좋을거 같은데?
20860891,휴
20861623,강철의영약은 옛날 시왜물물약 느낌으로 쓰면 쓸만함
20866494,이런판 탭댄서가 좋은데
20870329,드롭킥인가펑터졋네
20871364,바쁘다
20872162,루난 바로 가야겠네
20876950,물괴님 영약먹으면 피 바로 차
20887397,도미닉도 가야것는데
20889522,아
20891501,이쑤시개 ㅋㅋ
20892019,?
20892082,낚시용으로 좋음
20900036,쉔좋다 !
20904315,루난 도미닉가야되나
20904777,이쑤시개딜 ㄷㄷ
20905545,q선마하자
20906522,똥나오게 약하네
20909827,루난 도미닉 가야 좀 잡겠네
20910314,제드 냄새나긴하네
20911685,도미닉 바로가자
20913889,3돼지 미쳤지
20920322,하나같이 덩이들밖에 없네 ㅋㅋ
20920601,걍 도미닉 바로가는게
20920825,거학 반드시 가야지
20921133,경계 작쇼?
20921548,인피가야디
20921558,치감자리없을텐데
20922081,젤쌔긴해
20923563,몰왕루난도미닉?
20923772,니코가 가줘야할듯
20925091,도미닉을 가지말고
20926226,못감
20926635,치감 니코가 가겠지
20928023,루난 가면 딜이 나오냐 2코어에
20929495,도미닉 바로 올리는게 베스트긴 해
20929507,루난 경계 작쇼가
20930860,그냥 오래 패야될거같은데 치감라위 가야하긴 할듯
20931067,치감가면
20931514,세트가 강심퀘스트를..
20931531,진짜 모기네
20932154,거학 빨리 올려야됨
20933152,치감니가가야함 ㅇㅇ
20933646,원딜이 뭔 치감이여
20934368,쉔 가갑이 맞음
20934651,아지르보고 가라그래
20935377,zzzzzzz
20936846,그냥 거학가는게 맞아
20936895,치감라위 ㄱㄱ
20938269,경계가면 ㅈ노딜인데 뭔 경계여
20939040,경계가 좋은데 이런판은
20939836,ㅋㅋㅋㅋㅋㅋㅋㅋㅋㅋㅋㅋㅋㅋ
20940705,영비
20942101,치감 아무도 안사면 뭐 필멸자사고
20942147,니코가 가는게 맞아
20942299,영비
20942609,아크샨으로 전직
20942982,뭐야
20943062,?
20943297,ㅋㅋㅋㅋㅋㅋㅋㅋㅋㅋ
20943560,뭔 경계임 ㅋㅋ
20943571,아크샨 증강이네
20943767,저거 증강
20945163,ㅋㅋㅋㅋ
20945651,봉춤
20946136,ㅋㅋㅋㅋㅋㅋㅋㅋㅋㅋ
20946141,신나시는거지
20946179,빙글빙글
20946414,아크샨인데요?
20946455,빙글빙글 저거 씹노딜임
20946717,봉춤 댄서 니코
20948205,개귀엽네
20951385,봉춤추시잖아
20951886,재미잇잔아
20954722,파카님?
20956197,저것도 증강임 ?
20956516,아지르 맛없다
20958651,음?
20960028,개모다에
20962823,1센치상혁
20964508,페이커병걸렸네
20965013,일단 제드한테 블클 가라고 ㄱㄱ 세릴다 올리면...ㄱ-
20965799,신났는데 딜이 안들어가
20966294,애쉬는 맛있나?
20967799,문도 왜 안 닳아?
20968103,문도 피가 차는데?
20968687,피가 더 차는데?
20969063,문도 벌써 역한데
20969544,대 인 욱이네..
20970245,ㅈㄴ약하네 애쉬
20972227,탑 라이너여서 어쩔 수 없나
20972431,개노딜이야 ㅋㅋㅋㅋ
20974463,ㅋㅋㅋ
20974484,딜이 안들어가는데
20975511,ㅋㅋㅋㅋㅋㅋ
20976496,ㅋㅋㅋ
20978294,3333
20978335,콩콩콩
20978850,화낙
20978854,쇳덩이4명ㅋㅋ
20978900,문도 때리는것보다 회복량이 더맣네 ㅋㅋㅋㅋ
20979006,rat
20979459,거학 가야겠는데
20979461,진짜 개노딜 ㅋㅋㅋㅋㅋㅋㅋㅋㅋ
20979690,33
20979720,2222222
20980108,치감묻히고 손해젤안보는게 지금물쥐임
20980196,3
20980390,3333333
20980450,11111111
20980606,두배 세배
20981021,두배세배 굿
20981022,111111111111111
20981026,3333333
20981128,1가자
20981158,1
20981263,트페 ad인갑네 ㅋㅋㅋㅋ
20981603,1?
20981678,1
20981794,3
20981859,222222222222222222222222222222222222222222222222
20982065,33
20982150,3  1?
20982212,333333333
20982243,111111111
20982293,111111111
20982384,3
20982501,3
20982519,3333333
20982790,두세배
20982968,111
20983065,3333
20983113,1111111
20983144,천꾸ㅋㅋㅋㅋ
20983249,11111111111111
20983278,3333333333333
20983335,111111
20983494,화낙하죠
20983665,흡혈병 좋은데
20983734,11111111
20983745,3
20983919,2222
20984063,11
20984191,33
20984197,333333
20984228,3333
20984329,333333333333
20984389,1111
20984793,화염낙인 좋음
20984823,222222222
20984920,3333333333
20985043,1탱 진짜 잘잡음
20985089,111111111
20985254,3
20985428,깡
20985527,1 좋다
20985544,뭐가좋냐
20985545,두배세배
20985945,3333333333
20985976,차라리 3이
20986042,화낙이 차라리 더쌜걸 ㅋ
20986065,나쁘지 않을지도
20986633,111
20986899,333333333333
20986982,두배세배나가
20987014,딜하고 있는데 이쑤시개 만도 못하노 ㅋㅋ
20987231,3333333333333333333333
20987285,2여쓴ㄴ데 3번
20987447,333333333
20988041,1효율 좋음
20988098,1111
20988123,1 생각보다 좋긴함
20988354,3333
20988441,두배 세배 가야 몰왕 많이 터짐
20988598,화낙
20988662,몰락은 3
20988696,3333333333333333333333
20988929,화낙
20989021,33333
20989336,두배세베 두배세배
20989622,화염낙인 탱커 진짜 잘잡아
20989729,화낙이 더쌤
20989978,2가 좋음
20990481,1111
20990708,11111
20990724,3
20990931,1도 괜찮을거같기도하고
20991654,11111111111
20991778,33333333333333333333333333333333333333333333333333333333
20991886,화염은 탱잡을때만 좋음
20992017,몰구 두세 ㄱ
20992100,탱 개많아
20992256,두배세베는
20992336,3번에 경계 가셈
20992422,두배세배면 몰왕 퍼뎀 터지나?
20992584,1쓰레기임
20992895,1 ㄱ
20993101,화낙 ㄱㄱ
20993667,화낙
20993715,화염낙인 탱커 잡기 좋음
20993742,탱 많아서 1임
20993837,1좋음
20993931,2해서 생존?
20994070,애쉬 화염낙인 좋음
20994358,화낙 좋아보이는데
20994513,1111111111111
20994649,1이 탱카 훨씬 잘잡음
20994779,낙인좋아
20995340,1번이 체퍼뎀임
20995610,1111
20995917,ㅇㅇ
20996204,1111111111
20996307,구인수도 안갈껀데 두배세배가좋나
20996370,지금 무조건 딜가야됨
20997057,ㅇㅋ
20997597,1111
20997841,화염 낙인이 탱커 녹이는데 좋음
20998053,경계가면 3번이 좋긴함
20998768,ㄱㄱ
20998868,저거 진짜 잘박힘
20999689,굳
21000645,탱커 다 태워 !!
21000860,탱커 상대로 프리즘 이상임 화낙
21002282,애쉬 두배세배 별로임
21002355,화낙 개쓰레기구데기딜인데 ;;;;;;;;;;
21003430,구인수 안감?
21006344,피박이횽한테 블클 가달라고 해
21009396,덩어리라 한번에쭉밀린다 조심해
21011728,1번 3번 고민할 게 아니였네
21011900,루난을 가야겠는데
21013313,?
21013966,ㅋㅋㅋㅋㅋㅋㅋㅋㅋ
21015293,?
21016456,ㅋㅋㅋㅋㅋㅋㅋㅋㅋㅋㅋㅋㅋㅋㅋㅋㅋ
21017090,ㅋㅋㅋㅋㅋㅋㅋㅋㅋㅋㅋㅋ
21017464,이쑤시개ㅋㅋㅋ
21018290,걍 체급으로 밀어뿟노 ㅋㅋ
21018360,모기딜 ㅋㅋ
21018598,ㅋㅋㅋㅋㅋㅋ
21019161,메차쿠챠
21019548,깡
21019626,지랄났네 ㅋㅋㅋㅋ
21019700,ㅋㅋㅋㅋㅋㅋㅋㅋㅋ
21019808,돼지들
21019981,깡
21020035,살기 개빡임
21020224,루난이 좋겠네
21020994,하필 원딜도 애쉬가나오냐
21021998,이쑤시게 딜 ㅋㅋ
21022905,모기
21023368,스찌들 바로컷
21023423,화염낙인 뽑고 평타친횟수:8
21023435,덩이들 신났네
21025084,헬스장이다
21025482,체급 지리네
21026170,제제이야
21028481,덩이들 많으면 중반에 개힘들어
21028558,쉔이 너무대줬어 강심
21028615,헬스크럽
21028820,거학 먼저가죠
21028982,코그모였다면..
21029644,루난에 도미닉 나오면 개팸
21030774,치감 똥받이 누구든 해야함
21031619,1번딜 얼마나옴?
21033034,이거 뭐 루난도 가면 안됐나...
21034783,지금 딱 탱들 쎌때긴해
21035667,아지르 공속 왜케 느리지
21036841,거학안감?
21037756,웨이트동아리인데 상대조합 ㅋㅋㅋㅋㅋㅋ
21037760,앞라인 안하면 져야겠지....
21038182,거학 뽑으면 됨
21039980,돼지개많은데
21041372,치감ㄴㄴ
21041530,도미닉 가야지
21041725,킬을 제드가 쓸어먹는데 제드가 탱상대로 무쓸모야
21042218,도미닉이랑 치감라위랑 딜차이 극심해서
21043807,도미닉가고 송곳니어때
21045203,헬창조합 버겁다
21045645,도미닉 ㅇㅇ
21046774,상대 강심 증강 떳나?
21047990,실드도까줘야되
21048816,곡궁 대검 조합하죠
21049604,경계어떰?
21049872,ㄴㄴ 경계 ㄱㄱ
21050739,팬댄
21051593,프로도 치감안가고 지는데 증바람에서 치감을왜가
21052087,쉔이 진심 강심 너무대줌
21052445,킬을 몰아 먹었어야 했는데 1킬이라
21052530,물쥐님 몰왕 딜 좀 봐줘
21053152,거학 증강 나오길 기도하삼
21053559,경계가야지
21054035,칼바 필멸자 괜찮음
21054471,ㄴㄴ 라위
21056157,도미닉가야함
21056801,ㄴㄴ 피흡템 가야함
21059777,라위가야지 ㄴ뭔 경계야
21060651,도미닉이 정배임
21060942,독사랑 블클 제드가 가야지
21062530,칼썜들 다 다르노
21062968,도미닉가고 피흡템가야해
21067380,경계가면 더 노딜이다
21067715,어우
21067817,이래도 치감안가면 지능문제임
21068308,ㅋㅋㅋ강심한방에
21068940,세트ㅏ체력봐머야
21069818,세트 개잘컸네
21073965,증강마딜이 딜더나올텐데 경계가야함
21078159,봐봐 저거 쉔 강심셔틀임
21079749,아무것도못하네 ㅋㅋ
21079755,야다
21080331,앞라인차이가
21081461,개빡이네그냥
21083146,걍 애쉬가 구림 ㅋㅋㅋ
21084554,경계가서 맞딜 ㄱㄱ
21084739,증바람은 뚜벅이 원딜 하면 안되긴해
21085015,거리조정 실화냐 ㄷㄷ
21085616,진짜 0딜 ㅋㅋ
21086496,개빡이야
21086594,1킬 ㅋㅋ
21086695,애쉬만 노리네
21089467,후반가면 답 없음
21090178,개깡패들
21091739,세트벌써 체력이 8천이 넘네
21094529,증바람 할때마다 똥싸네
21095378,4코어까지만 버티면 쥐세상이 온다
21096532,증바람은 랭이랑달라서
21100011,떡대조합
21100019,거리조절 더심하게해야함
21100898,비상 벌써 궤도에 오름
21101255,도미닉뽑으면 딜 달라짐 ㄱㅊ
21102530,제드 저조합에 오만징수 뭐냐
21102703,경계 작쇼해야되나 이거
21105263,이거 진격의 거인임?
21105476,증바람에서 제일재미있는게 원딜잡는거여
21106085,강심증강이 두명이야
21108031,이동기 없는 원딜은 체급에 낑겨죽을때가 많지
21108206,애쉬는 증바람 탱잡는 캐릭이 아니긴 해
21109375,근데 이럴때 그냥 리안드리 가는거도 ㄱㅊ지않나?
21110865,제드 원래 블클 가야 되는데
21111200,눈덩이땜시
21111844,베인이여tdmz
21114587,ㅋㅋㅋㅋㅋㅋㅋㅋ
21115049,어어어
21115170,물쥐님 맞밸은 데이지가 딱이야
21115979,문도 피통 7200 ㅋㅋㅋ
21117906,문도밀어붙혀요ㅕ
21119148,베인이였으면..
21124235,유령무희없으면 카이팅힘들지않나
21125240,탭댄서 나오면 신분상승하긴 하는데
21125861,다음풀피요
21130637,안주ㅠㄱ는데?
21130794,헬창조합 ㄷㄷ
21130949,다음탱커 또풀피요
21131644,리안드리 경계도 나쁘지않을수도? 흠
21132765,ㅋㅋㅋㅋㅋㅋㅋㅋㅋㅋㅋㅋㅋㅋㅋ
21132792,ㅋㅋㅋㅋㅋㅋㅋㅋ
21132850,ㅋㅋㅋㅋㅋㅋㅋㅋㅋㅋㅋㅋㅋㅋㅋㅋ
21132918,ㅋㅋㅋㅋㅋㅋㅋㅋㅋㅋ
21133255,ㅋㅋㅋㅋㅋㅋㅋㅋㅋㅋ
21133620,ㅋㅋㅋㅋㅋㅋㅋ
21133650,ㅋㅋㅋㅋㅋㅋㅋㅋㅋㅋ
21134024,ㅋㅋㅋㅋㅋㅋㅋㅋㅋ
21134231,ㅋㅋㅋㅋㅋㅋㅋㅋㅋㅋㅋㅋ
21134495,ㅋㅋㅋㅋㅋㅋㅋㅋㅋㅋㅋㅋㅋ
21135567,ㅋㅋㅋㅋㅋㅋㅋㅋㅋㅋㅋㅋㅋㅋㅋㅋㅋㅋㅋㅋㅋㅋㅋㅋㅋ
21135993,ㅋㅋㅋㅋㅋㅋ
21136064,안달아 ㅋㅋㅋ
21136191,ㅋㅋㅋㅋㅋㅋㅋㅋㅋㅋㅋㅋ
21136315,ㅋㅋㅋㅋㅋㅋㅋㅋㅋㅋ
21137087,ㅅㅂㅋㅋㅋㅋㅋㅋㅋㅋㅋㅋㅋㅋ
21137293,ㅋㅋㅋㅋㅋㅋㅋㅋㅋ
21138005,ㅋㅋㅋㅋㅋㅋㅋㅋ
21138505,징그러운놈들이네 ㅋㅋㅋㅋㅋㅋㅋㅋㅋㅋㅋㅋㅋㅋㅋㅋㅋㅋㅋㅋ
21138679,개노딜 ㅋㅋㅋㅋㅋㅋㅋ
21139689,개노딜
21139779,트페는 꿀잼이겠다
21140673,고어물인데요{:d_126:}{:d_126:}
21141820,저런애들 베인 있으면 좋아 죽는데
21143784,다 아지르 딜이엇네ㅋㅋㅋ
21145398,질긴 소고기
21145817,무력하다 무력해
21146632,낙인 딜 얼마 넣음?
21147136,1킬인게 에바야
21149070,ㅋㅋㅋㅋㅋㅋㅋ
21149849,질기네
21150471,굽드 ㄷㄷ
21153771,템봐라 눈물나네
21155062,상대컨셉 확실하네 ㅋㅋ
21155164,굳드 ㅋㅋㅋㅋㅋㅋㅋ
21155337,ㅇㅇ
21155522,몰왕 딜이 막히는건가?
21158709,후반가면 녹이지
21159929,최소 무대는 나와야됨
21160146,습박이횽 세릴다간다 블클사라고 해...
21161172,중후반 버티면 이김
21161765,1티어증강나오면 다잡음 니가 ㅇ
21162771,이길꺼 같다구요 ??? 어림없는데...
21163135,쟤네 지금이 전성기임
21163266,화염낙인 딜ㄹ 얼마나 나왔음??
21163972,탄환세례 두배세배 양손잡이 베인 마렵네
21164205,후반가면 바름
21164625,후반 어케 가는데
21164818,세트가 다 터트리고 다닐듯
21164837,화낙 딜 얼마나넣엌ㅅ음
21164994,후반가면 더 단단해지죠...
21165841,강심이 딜이긴함
21165969,탱커가 노딜이 아니야
21166005,이미 모루다처먹고 딜쌜듯
21166063,평타한대에 천씩 닳을텐데 째ㅑ네한테
21166323,애쉬가 템이 안떠서 그렇지 뜨면 이길듯
21167202,님 세트궁 한방 컷 날듯
21168020,세트한테 원콤인데?
21170678,%뎀없으면
21173154,만약 상대 프리즘에 드롭킥 같은거뜨면 어지러울텐데
21173476,힘들더라 결국
21174841,문도세트가 노딜은 아니지
21177294,화낙딜 얼마 넣었나요
21177315,쉔멱살잡은 세트가 님죽임
21180505,굽드 진짜 쓸모없네
21186776,세트궁만 점멸로 피해야함
21187700,못이길수도 있음
21188290,탱이 곧 딜이야 증바람은
21190095,재밋잔아
21195514,재밋잔아 재밋잔아 재밋잔아!
21198677,개카시치
21200297,ㅋㅋㅋㅋㅋㅋ4탱
21200535,ㅋㅋㅋㅋㅋㅋㅋㅋㅋㅋㅋㅋㅋㅋㅋ
21200919,"깡,,깡,,깡,,ㅏ깡"
21201092,깡깡
21201259,딜 좀 쌘거 같은데 지금?
21202537,ㅋㅋㅋㅋㅋㅋㅋ
21203151,펀치
21203247,ㅋㅋㅋㅋㅋㅋㅋㅋㅋㅋㅋㅋ
21203248,ㅋㅋㅋㅋㅋㅋㅋㅋㅋㅋㅋㅋㅋㅋㅋㅋㅋㅋㅋㅋㅋㅋ
21203474,중후반 가는 걸 허락 안하겠대요
21203595,ㅋㅋㅋ
21203951,ㅅㅂ 떙이들이 몇명이야 ㅋㅋㅋㅋㅋㅋㅋㅋㅋㅋㅋㅋㅋㅋㅋㅋㅋㅋㅋㅋㅋㅋㅋㅋ
21204126,ㅋㅋㅋㅋㅋㅋㅋㅋ
21204147,ㅋㅋㅋㅋㅋㅋㅋ
21204323,파카 눈덩이 그만 처 맞아
21204474,ㅋㅋㅋㅋㅋㅋ
21204676,근데 너무 물몸이다
21204876,ㅋㅋㅋㅋㅋㅋㅋㅋㅋㅋㅋㅋ
21205172,담판ㄱㄱ
21205250,ㄱ-
21205865,떡대 존나썌네
21205881,ㅋㅋㅋㅋㅋㅋㅋㅋㅋㅋㅋㅋㅋㅋ
21206204,후ㅋㅋ반ㅋㅋ가면이김 ㅋㅋㅋㅋㅋ
21206830,이걸 어케 딜각을 잡아 ㅋㅋㅋㅋㅋㅋㅋㅋ
21206905,ㅋㅋㅋㅋㅋ 애쉬가구린이유
21207067,ㅋㅋㅋㅋㅋㅋㅋㅋㅋㅋㅋㅋㅋㅋㅋㅋㅋㅋㅋㅋ
21207205,아 줴줴이야
21207237,안 녹아ㅋㅋㅋ
21207602,파괴살
21207610,니가 뭘할수있는데
21207757,물쥐님 화염낙인 딜량 보여줘
21208455,탱커 망겜이네
21209053,화낙딜얼마임
21209952,아니진짜 석나가긴한다 상대 ㅋㅋ
21209968,상대 ㅈㄴ 무섭네 ㅋㅋ
21210101,ㄹㅈㄷ네 ㅋㅋ
21210285,이쑤시개 ㅋㅋㅋㅋㅋㅋㅋㅋ
21210631,딜이 세도 애들이 존나단단하네 ㅋㅋㅋㅋㅋ
21210772,살수가 없다 이건 ㅋㅋㅋㅋ
21212275,그냥 강심오브 레전드임
21212323,이쑤시개딜 뭔데 ㅋㅋㅋ
21212748,이게 덩어리지
21213321,템트리를 이렇게가도 탱커 뒤지게 안죽네ㅋㅋㅋ
21213397,문박상대로 평타한방에 100딜이니 100대 때리면 잡을듯 ㅋㅋㅋ
21213456,답이없다
21213718,파카님 짐이야
21213781,{:mlb_76:}{:mlb_76:}{:mlb_76:}{:mlb_76:}
21214524,진짜 똥나오게약하네
21215523,깡깡깡소리만 들리네
21217464,ㅋ
21217612,애쉬 팔떨어지게 카이팅 <<<<<< 강심평타딸깍
21217785,ㅋㅋㅋㅋㅋㅋㅋ
21218129,개쳐맞다가 끝나겠네
21218190,서렌치면 됨
21218760,걍 크라켄 몰락 도미닉 가야지
21219549,ㅋㅋㅋㅋㅋㅋㅋㅋㅋㅋ
21220127,mid gap
21220400,굽드가 킬 다먹어서 딜안나오네 ;;;
21220401,ㅋㅋㅋㅋㅋㅋㅋ
21220556,ㅋㅋㅋㅋㅋㅋㅋㅋㅋㅋㅋㅋㅋㅋ
21221058,ㅋㅋㅋㅋㅋㅋㅋㅋㅋㅋㅋㅋㅋㅋㅋㅋㅋㅋㅋㅋㅋㅋㅋㅋ
21221162,ㅋㅋㅋㅋㅋㅋㅋㅋㅋㅋㅋㅋ
21221178,mid gap
21221723,계란으로 바위치기노ㅋㅋㅋㅋㅋㅋ
21221898,미드밖에 없는데 ㅋㅋㅋㅋ
21221978,후반을못간다고 ㅋㅋㅋ
21222522,양잡베인이면 이김
21222851,물쥐님 화염낙인 딜량 보여줘.
21223174,페이커 ㅈ나 싸네
21224036,인간VS도깨비 아니냐진짜 귀칼마냥
21224388,ad gap
21224552,미드차이 ㅋㅋ
21224653,ㅋㅋㅋㅋㅋㅋㅋㅋㅋㅋㅋㅋㅋㅋㅋㅋㅋ
21225865,애초에 증바람에서 애쉬안좋음 좋다는애들이 이상한거
21226977,니가야 넌 서폿이지
21227513,ㅋㅋㅋㅋㅋㅋㅋㅋㅋㅋㅋㅋㅋㅋㅋㅋㅋㅋㅋㅋ
21228172,ㅋㅋㅋㅋㅋ
21228619,제드 ㅇㅈㄹ
21228767,쟤들도 후반가면 답없음
21228973,타워 무시하고 들어오는게ㅜ갸유답없음
21229459,제드 이러고있네
21229591,ㅋㅋㅋㅋㅋㅋ
21229610,손가락 부러져라 딜하는데 ㅈㄴ 약하네
21231329,ㄹㅇ 이쑤시개
21231817,개카 ㅋㅋㅋㅋㅋ
21231837,개카련ㅋㅋ
21231991,2.5코어로는 택도 없지
21232795,아으
21234525,빠른 담판
21240606,ㅋㅋㅋㅋㅋㅋ
21241923,알리빡세다
21242423,ㅈㄴ웃기네 파카님 ㅋㅋㅋ
21242434,ㅋㅋ
21243039,"""이정도 상처쯤이야"""
21243073,강심딸깍
21243867,ㅋㅋㅋ
21243936,ㅋㅋㅋㅋㅋㅋㅋㅋㅋㅋㅋㅋㅋㅋㅋ
21244161,니코도 먼저 터져서 사실상 치감 없음 ㅋㅋ
21244532,ㅈㅈ
21244626,ㅋㅋㅋㅋ
21245208,강심딜보소
21245899,진짜 베인했으면 맛도리인데
21246109,숨셔 숨
21247477,깡
21248895,ㅋㅋㅋ
21249009,ad gap
21249684,알리4코어네 ㅋㅋㅋ
21251562,이겨야한다 따따따따따ㄸ따따따
21252423,원래 애쉬가 좀 힘들어 여기서 ㅋㅋ
21252771,1킬 원딜 습박
21253937,사거리 증가가 필요했을듯???
21254371,문도 세트라서 후반딜도 잘나옴
21255379,??
21255666,코그모였으면 녹였냐?
21256300,깡소리만 들리네 십 ㅋㅋ
21257457,ㅋㅋㅋㅋㅋㅋㅋㅋㅋㅋㅋㅋ
21258564,문도 시1발 ㅋㅋ
21258886,저건 폭죽셋 아님 못이긴다
21259112,문도 ㅋㅋㅋㅋㅋ
21259592,ㅋㅋㅋㅋㅋㅋㅋㅋㅋㅋㅋㅋㅋㅋㅋㅋㅋㅋㅋㅋㅋㅋㅋㅋㅋㅋㅋㅋㅋ
21259978,코그모였다면...
21261005,16000ㅋㅋㅋ
21261580,이거 후반가면 절대못잡음
21261952,ㅋㅌㅋㅋㅋㅋㅋ
21262385,거인ㅋㅋㅋㅋㅋㅋㅋ
21262625,아지르 ㅋㅋㅋㅋㅋㅋㅋ
21263169,문도 개웃기노 ㅋㅋㅋㅋㅋㅋㅋㅋㅋㅋㅋㅋㅋㅋㅋㅋㅋㅋㅋㅋㅋㅋㅋㅋㅋㅋㅋㅋㅋ
21263331,깡
21263437,사방팔방 깡통소리만
21264214,괴물이노
21264438,ㅋㅋㅋㅋㅋ웃음만 나오네 피통
21264478,이거 맞아요?
21265802,16000
21266472,이건 제드가
21270152,이게 초반에 제드가 아니라 애쉬가 킬을 몰아먹었어야했어
21270237,개웃겨
21271757,저건 져야지
21271921,초대형거인
21272111,태산이네
21272127,문도 졸업작품인ㄷ
21273096,사거리증가 나왔으면 좋았을듯
21275909,강심어게인
21279428,근데 쉔 체퍼뎀 아님? 쉔도 딜이 안박히네
21281807,깡깡깡깡깡깡깡깡깡깡깡깡깡깡깡깡깡깡깡깡깡깡깡깡깡깡깡깡깡깡깡깡깡깡깡깡깡깡깡깡깡깡깡깡깡깡깡깡깡깡깡깡깡
21281844,상대탱커가 너무 사기쳣다
21284297,ㅋㅋㅋㅋㅋㅋㅋㅋㅋㅋ
21284553,코그모 집었었으면 개재밌었겠네
21285597,ㅋㅋㅋㅋㅋㅋㅋㅋㅋㅋㅋㅋㅋㅋ
21286421,ㅋㅋㅋ
21286996,때리고 있나요?
21287336,안끝내나
21287864,딜이 세긴한데?
21288580,간지럽네 그냥 ㅋㅋㅋ
21288682,딜 박히는지도 모르겠네
21289348,ㅋㅋㅋㅋㅋㅋㅋㅋㅋ
21291411,ㅋㅋㅋㅋㅋㅋㅋㅋㅋㅋㅋㅋㅋ
21291452,캬
21291541,ㅋㅋㅋㅋㅋㅋㅋ
21291860,강심딸깎ㅋㅋㅋㅋㅋㅋ
21292092,ㅋㅋㅋㅋㅋㅋㅋㅋㅋㅋㅋㅋㅋㅋㅋㅋㅋㅋㅋㅋㅋ
21292092,ㅋㅋㅋㅋㅋㅋㅋㅋㅋㅋㅋㅋㅋㅋㅋㅋㅋㅋㅋㅋㅋㅋㅋㅋ
21292198,??
21292270,와
21292337,ㅋㅋㅋㅋㅋㅋㅋㅋ
21292509,ㅋㅋㅋㅋㅋㅋㅋㅋ
21293053,깡 ㅋㅋㅋㅋㅋㅋ
21293064,ㅋㅋㅋㅋㅋㅋㅋㅋㅋㅋㅋㅋㅋㅋㅋㅋㅋ
21293342,안죽어
21293352,ㅈㄴ어이가없네
21293495,ㅋㅋㅋㅋㅋㅋㅋ
21293550,ㅋㅋㅋㅋㅋㅋㅋㅋㅋㅋㅋㅋㅋㅋㅋㅋㅋㅋㅋㅋㅋ
21293779,ㅋㅋㅋㅋㅋㅋㅋㅋㅋㅋㅋㅋㅋㅋㅋㅋㅋㅋㅋㅋㅋㅋㅋㅋㅋㅋㅋㅋㅋ
21293801,ㅋㅋㅋㅋㅋㅋㅋㅋㅋㅋ
21293899,개카야
21293908,ㅋㅋㅋㅋㅋㅋㅋㅋㅋㅋ
21293961,ㅋㅋㅋㅋㅋㅋ캐카
21294134,우물에서죽이노 ㅋㅋㅋㅋㅋㅋㅋㅋㅋㅋㅋㅋㅋㅋㅋㅋㅋㅋㅋㅋㅋㅋㅋㅋ
21294644,ㅋㅋㅋㅋㅋㅋㅋㅋ
21294652,ㅋㅋㅋㅋㅋㅋ
21294806,ㅋㅋㅋㅋㅋㅋㅋㅋ
21294927,ㅋㅋㅋㅋㅋㅋㅋㅋㅋㅋㅋㅋㅋㅋㅋㅋㅋㅋㅋㅋㅋㅋㅋㅋㅋㅋㅋㅋㅋ
21294934,딜봐라 ㅋㅋㅋㅋㅋㅋㅋ
21295149,ㅋㅋㅋㅋㅋㅋㅋㅋㅋㅋㅋㅋㅋㅋㅋㅋㅋ
21295179,ㅋㅋㅋㅋㅋㅋㅋㅋㅋ
21295278,ㅋㅋㅋㅋㅋㅋㅋㅋㅋㅋㅋㅋㅋㅋㅋㅋㅋㅋㅋㅋㅋㅋㅋㅋㅋㅋㅋㅋㅋㅋ
21295755,존나쌔 ㅋㅋㅋ
21295799,ㅋㅋㅋㅋㅋㅋ
21295860,ㅋㅋㅋㅋㅋㅋㅋㅋㅋㅋㅋㅋㅋㅋㅋㅋㅋㅋㅋㅋㅋㅋㅋㅋㅋㅋ
21296179,ㅋㅋㅋㅋㅋ
21297028,비응신박 킬먹고 하는게 없네
21297484,거인배달ㅋㅋㅋ
21297735,개카
21297880,ㅋㅋㅋㅋㅋㅋㅋㅋㅋㅋㅋㅋㅋㅋㅋㅋㅋㅋㅋㅋㅋㅋㅋㅋㅋㅋㅋㅋㅋㅋㅋㅋㅋ
21298249,ㅋㅋㅋㅋㅋㅋㅋㅋㅋㅋㅋㅋㅋㅋㅋㅋㅋㅋㅋㅋㅋㅋㅋㅋㅋ
21300153,와 레이저에도 안죽는데
21300212,ㅋㅋㅋㅋㅋㅋㅋㅋㅋㅋㅋㅋㅋ
21300596,개카 ㅋㅋㅋㅋ
21302737,우물 레이저를 무슨
21303298,강심1방 에쉬 500대딜
21303408,크라켄 가야함 ㅇㅇㅇㅇ
21303519,개카는 잘해어 이건
21303974,ㅋㅋㅋㅋㅋㅋㅋㅋㅋㅋㅋㅋㅋㅋ
21304343,우물에서 싸웟는데 ㅋㅋㅋ
21304551,문도 의제 피갑옷 나오면 줴줴이야
21305223,주변있어도 죽네
21309071,압도적인 폭력
21310025,제드 보고 블클 좀 가달라고 해
21310175,화염낙인딜 문도한테 300들어가네
21311991,크라켄가야 탱 잡을만해 ㅇㅇㅇ
21312199,ㅋㅋㅋㅋㅋ
21312831,서렌치셈
21313803,도미닉 나옴 ㅅㅅㅅ
21314447,뭔템을 가야 쟤네를 잡냐
21314554,15렙도 실버증강이네 ㅈㅈ
21315245,졀대못이김
21315710,어안이벙벙
21316783,우물아니면 못잡앗음
21317442,{:d_115:}
21318550,도깨비들임 ㄹㅇ
21320717,알리 문도 세트면 그냥 철옹성 부순다 생각해야지
21322526,제드가 징수증강 먹고 킬 다쳐먹으니까 진듯
21322548,깨물어야지
21324023,뭔 크라켄이야
21324460,대물쥣
21324479,혀 깨물죠
21324790,깨무는게 맞긴해
21325873,ㅈㅈ
21326903,깨물엇다
21330584,ㅋㅋㅋㅋㅋㅋㅋ
21330601,ㅋㅋㅋ
21330991,마지막에 ㅋㅋ
21331373,ad gap
21331718,ad gap ㅋㅋ
21333361,진짜 개같이처맞았다 ㅋㅋㅋㅋㅋㅋㅋㅋㅋㅋㅋㅋㅋㅋㅋㅋㅋㅋㅋㅋ
21334949,ㅋㅋㅋㅋㅋㅋㅋㅋ
21336104,제드가 징수가서 킬다쳐먹고 탱못잡아서 짐 ㅋㅋㅋㅋ
21336332,ad gap ㅋㅋㅋ
21336642,개같이 처맞았다 ㅋㅋ
21336718,ad gap
21337392,ad gap
21339973,c+
21340132,오케이 불판갈어 ㅋㅋㅋㅋㅋㅋㅋㅋㅋ
21340450,ㅋㅋㅋㅋㅋㅋㅋㅋㅋㅋㅋㅋㅋㅋㅋㅋㅋㅋㅋㅋㅋㅋ
21342388,ㅋㅋㅋㅋㅋㅋㅋ
21342835,ad gap
21342838,아오
21344517,AD GAP 개웃기네 ㅋㅋㅋㅋㅋㅋㅋㅋㅋㅋㅋㅋㅋㅋㅋㅋㅋㅋㅋㅋㅋㅋ
21344576,딜량봐줘
21345716,{:mlb_76:}
21347647,물쥐는 증바람 탱이나하자..
21347985,베인 바루스 아니면 못 잡는거아님?
21348582,ㅋㅋㅋㅋㅋㅋ
21348655,ㅋㅋㅋㅋㅋㅋㅋㅋㅋㅋㅋ
21348827,음?
21349135,ㅋㅋㅋㅋㅋㅋㅋㅋㅋㅋㅋㅋㅋㅋㅋㅋ
21349218,라클이 없어
21349560,원딜이 없어?
21349673,ㅋㅋㅋㅋㅋ
21349734,ㅋㅋㅋㅋㅋㅋㅋㅋㅋㅋㅋ
21350258,노원딜
21350418,상대 증강이 너무 잘떴네 캐리 할만 했는데
21350550,와
21350996,ㅋㅋㅋㅋㅋㅋㅋㅋㅋ
21351640,원딜이업성
21352000,파카님
21352019,캬
21352101,말하는거
21352186,음?
21352217,개카 ㅋㅋㅋㅋㅋ
21352225,있었다고 습박 ㅋㅋ
21352435,음?
21352517,세얼간이 ㅋㅋㅋㅋㅋ
21352542,파카님 그게 무슨소리야
21352700,뭣
21352748,ㅋㅋㅋㅋㅋㅋㅋㅋㅋㅋㅋㅋㅋㅋㅋㅋㅋ
21353041,런
21353403,원딜있었는데?
21353414,음?
21353605,뭣
21353607,ㅋㅋㅋㅋㅋㅋㅋㅋㅋ
21354184,ㅋㅋㅋㅋㅋㅋㅋㅋㅋㅋㅋ
21355092,파카님 그게 무슨 소리야
21355414,원딜 없어서 ㅋㅋㅋㅋㅋㅋㅋㅋ
21356003,"""원딜이없었다"""
21356019,아지르도 흠..
21356067,원딜이 없었다라..
21356118,ㅋㅋㅋㅋㅋㅋ
21356634,ㅋㅋㅋㅋㅋㅋ
21357346,ㅋㅋㅋㅋㅋㅋㅋㅋㅋ
21357614,돌려까기
21357759,ㅋㅋㅋㅋㅋㅋㅋ
21358175,ㅋㅋㅋㅋㅋㅋㅋㅋㅋㅋㅋㅋㅋㅋㅋㅋㅋㅋㅋㅋ
21358272,캐틀처럼 사거리길거나
21358512,파카님 말넘심
21358574,1승은 해야지
21358895,있어싼
21359465,와 ㄷㄷ 화법 ㅋㅋㅋㅋㅋㅋㅋㅋㅋㅋㅋㅋㅋㅋㅋㅋㅋㅋㅋㅋㅋㅋㅋㅋ
21359972,저것들이...
21360307,물쥐님은 취급도 안해주는거야?
21360450,그니까는 ㅋㅋ
21360846,그니까
21361517,파카 ㅅㅂ ㅋㅋㅋㅋㅋㅋㅋㅋㅋㅋㅋㅋㅋㅋㅋㅋㅋㅋㅋㅋㅋㅋ
21362474,라클있으면 탱조합 쉬운데
21362631,ㅋㅋㅋㅋㅋㅋㅋㅋㅋ
21363491,있는걸못보긴함
21364016,있었는데요 없었습니다
21365524,몰락취약이면 쟤들도 녹이는데
21365874,북치고장구치고네
21365897,여자어 ㄷㄷ
21366807,그니까 ㅋㅋㅋ
21367220,"""그니까"""
21367396,돌려까기 고수네
21367892,투명인간지환 ㅋㅋ
21368678,디코했으면 좋겠다
21368960,파카 여자임?
21369449,아지르가..
21369625,{:d_126:}
21370082,진짜 악질이네
21370558,아오 억까단
21372678,그러는 본인도 아지르였던게 개웃기네 ㅋㅋ
21375885,교토식화법
21375986,증바람 쥐미라 펜타킬 보고싶네
21377364,여초팟임?
21378323,화법 무섭네
21379050,파카진짜 호르몬 모나오냐 !
21380603,친창에 저거 베릴임?
21382484,굽드가 발언권을 ㅋㅋ
21383547,정보)애쉬는 원딜 탱커 녹이기 순위 2등이다(풀템기준)
21385942,암컷식화법
21386444,ㅋㅋㅋㅋㅋㅋㅋ
21387073,ㅋㅋㅋㅋ
21388109,ㅋㅋㅋㅋㅋㅋㅋㅋㅋㅋ
21388429,대 인 욱
21388802,애쉬는 이번판 억울해
21389718,ㄱ-
21389976,ㅋㅋㅋㅋㅋㅋㅋ
21390402,헉ㅋㅋ
21390578,여초회사같네
21392014,{:d_126:}
21392212,증바람에선 아님
21392356,{:d_126:}
21397972,레전드 기싸움
21399685,탑이잖아~
21400688,아니 근데 5덩어리 조합 개떡벽이네 ㅋㅋㅋ
21401797,나이먹더니 다들 에겐남 됐네
21403132,증바람은 발잘린 원딜은 탱커 밥임
21403875,피즈당ㅋㅋㅋㅋㅋㅋㅋㅋㅋㅋㅋ
21405279,증강 좀 잘 뽑지
21407977,괴즈
21408363,ㅇㅇ
21408481,원딜억까드가자
21408585,피즈 강심 ㄱ
21409161,즈 좋지
21409391,좋죠
21409526,ㅇㅇ
21409553,피즈맛있음
21410017,좋음
21410098,ㅇㅇ
21410475,ㅇㅇ
21411651,피즈 걍 개사기임
21411746,ㄱㄱㄱㄱ
21412056,괴즈재밌지
21412635,유나라 달라하자
21412649,즈 ㄱㄱ
21412665,즈 재밌지
21412673,AP미포 ㄱㄱ
21412929,문도 ㄱㄱㄱㄱㄱ
21413579,재밌음
21413866,다시 애쉬로 증명하자 ㄱㄱㄱ
21413974,문도?
21414116,원딜 좋아죽음
21414281,피즈 개조흠
21414861,강심 괴즈
21415015,피이즈리 좋음
21415397,즈 너프먹음
21415739,피즈 사기라ㅜ담에 너프
21416105,문도?
21416311,뭔 탱이여
21416359,탱피즈도좋고 극딜도좋ㄷ고
21416507,지도체 먹으면
21417087,피즈 좋지
21417215,강심피즈 ㄱㄱ
21417320,탱괴즈해야지
21417513,괴즈 좋은지는 몰겠는데 재밌음
21417622,탱피즈도 좋음
21418570,단묵이 on
21418730,케일
21418747,즈 탱가
21418938,애쉬다 ㅋㅋ
21418961,처형자 무한스킬피즈 가좡 ㅋㅋㅋㅋㅋㅋㅋㅋ
21419598,괴즈
21420468,강심피즈 개좋음
21421165,탱피즈가 낫지 않나
21421175,근접 많으면 맛있긴 한데
21421381,사기치면 재밌음
21422965,즈로 탱하셈
21423042,조합 조졋노
21423340,당햇다고
21423596,즈 탱도됨
21423599,피즈도 탱커할수있어
21424409,괴도박사
21424503,ㅠㅠ
21425324,피즈가 탱커 ap 다됨
21425736,우왕 조합 ㅈ통냄새나 ㅋㅋ
21426673,단묵 출격
21426842,ㅋㅋㅋ
21426931,피즈
21427831,이제 베인나온다
21427910,증바람 한정 피즈 0티어
21428650,탱 괴즈가 더좋음
21428927,피즈로 ㄱㄱ
21429029,피즈가 맛ㄱ잇는데
21429852,초대형 거인 가야지
21430127,강심어게인
21430900,굽쉬다 ㅋㅋ
21431442,익명의 후원자님이 어쩌구
21431518,탱피즈 개사기이미
21431719,미포 ㄱㄱ
21432259,나도 탱크엔진 드롭킥 줘
21432595,원jj
21433244,피즈로 하자
21433832,넌 안줘 ㅋㅋ
21434069,와 조합 개 똥구릉내난다 ㅋㅋㅋㅋㅋㅋㅋ
21434093,엘리스도 안티탱커라
21435049,유나라 개사기야 형
21435474,강어게인
21435663,굽쉬
21436534,3원딜
21436614,아무것도 안뜰예정
21436628,문도가 맛있긴해
21437151,피즈가 더 좋지
21437222,강어게인!!
21438262,반드시가야지 드랍킥
21438493,탱크엔진 대신 베인을
21439374,천꾸 기발 극악무도
21439675,님이 탱커하면 베인 칼리 나옴 ㅇㅇ
21439880,애쉬를 알려주겠다.
21440953,와 숟가락 3명이네 ㅈㅈ
21445408,상대 나피리 제발
21445532,새벽검유나라 적중시효과 다 들어감
21446757,3원딜인데 케일 이즈 ㅋㅋㅋㅋ 개똥꾸릉네
21447168,폭죽 유나라 안해?
21448239,"""애쉬를 알려주겠다"""
21448382,3숟 너네는 져라
21448596,ap미포로 책임없는쾌락
21449881,상대에 암살자 제발
21450095,조합 습박 개구리네
21452134,이걸 5원딜 안하네
21454562,애쉬이즈 ㄹㅈㄷ
21455734,원딜차이많이날거야
21456690,코그모다 ㅋㅋ
21458248,ㅈ구림
21460066,그전에끝남
21460566,케일 뭐지요
21460707,고혈
21460785,케일개벌레임 ㅇㅇ
21461210,똥냄새 나ㄴ당 ㅋㅋ
21461932,20렙가멵 ㅗㅎ음
21462000,억까하자 바로
21462208,여기서도 고혈
21462581,개좋아 케일
21462814,똥내조합이네
21463017,고혈픽임
21463243,상대 코그모{:d_126:}
21463383,스태틱루난 좋던데
21463385,후반가면 좋음
21463664,고혈임
21463979,16렙까지 없는수준임
21464545,20렙 가면 좋음 ㅋㅋ
21464781,거인 ㄱㄱㄱㄱㄱㄱㄱㄱㄱㄱㄱ
21464825,1
21464834,커인?
21464886,후반가야쌤
21464923,케일 궁 원툴임
21465357,16레벨찍기전에 열림
21465471,111111111?
21465651,1111111111111
21465720,23돌려
21466333,1111111111111111
21466539,거인?
21466645,1
21466728,특이점 오는순간 혼자끝냄
21467405,고혈이긴해
21467606,ㄴㄴ 사거리 증강뜨면개사기임
21467639,1111
21467688,11111111
21467739,111111111111111
21468134,거인
21468160,1111111111111111111111111111
21468252,칼바람에서 스몰더케일하는애들 뺨마려움
21468460,23롤
21468884,23돌
21468907,111111111111
21468934,333333333333333
21469131,쿄진이당
21469155,2돌려
21469251,23돌
21469288,23돌려
21469548,고혈 빨아야되는데 그전에 끝남
21469746,2 3 돌리자
21469844,23돌
21471452,무조~~~~~~~~건 거인
21471495,23돌려
21471544,거인 ㄱㄱㄱ
21471992,드랍킥 원합니다
21472072,와
21472163,1111
21472407,2222
21472790,2222222222222222222
21473228,222
21473497,프로틴 ㄱㄱ
21473631,프로틴도 좋긴한데
21473725,코그모다 ㅈㅈ
21473746,222222
21474236,2222222222222
21474521,오
21474861,마싯다
21475036,1111111111111111
21475258,"1,2 둘다좋긴한데"
21475291,1
21475400,엣
21476076,2구림 ㄴㄴ
21476101,2222오
21476117,222222222222
21476267,11111
21476483,1번도 구리긴핸
21476748,2222222
21477184,무조건 프로틴
21477469,1111111
21477819,ㄴㄴㄴㄴㄴㄴ
21477889,프로틴 개좋음
21478302,111111111
21478560,1111111111111
21478647,1111
21478649,프로틴하죠
21479074,111111
21479629,걍1
21479693,111
21479816,222222222222
21480102,11111111111111111
21480106,교진
21480112,22
21480590,11
21480676,2222222
21480682,프로티이ㅜ젤젛지
21480749,거인 ㄱ
21481019,무조건 프로틴 ㄱㄱ
21481821,1번 사실 구림
21482286,교진 ㄱ
21482299,프로틴 안된다 문도
21482553,1이나 2
21482595,2구림
21482612,프로틴
21482940,1돌
21483343,고점은
21483511,1111111111111
21483594,11111111111111
21483869,11111111111111111
21484452,진격의거인
21484480,2
21484495,111
21484663,111
21484733,궁에 프로틴 적용안댐
21484767,2 그냥 피복사임
21485067,"1,2 아니면 1돌려"
21485102,프로틴 ㄴㄴㄴㄴㄴ
21485108,아니 거인
21485245,프로틴
21485256,2 지리긴함
21485285,뭔 근로틴이여 ㅋㅋ
21485528,아
21485605,어
21485849,?
21486301,프로틴 ㄱ
21486451,거인 ㄱㄱㄱㄱ
21486804,2222
21486865,아니
21487002,거인이 이쁜데
21487130,프로틴이 고트임 ㅇㅇ
21487258,아
21487877,222
21488181,거인 왜 안먹어
21488276,후로틴이 최고야
21488314,2가 고점이긴해
21488398,문도 프로틴 안된다고
21488577,프로틴 좋아
21488723,퀸카도 사기임
21488848,뭔2야 ^^발 1인데
21488996,2222222222222
21489003,22
21489229,22222222222
21489230,222222222
21489394,?
21489486,22222
21489982,아니
21490483,?
21490935,?
21491096,거인 ㄱㅊ지
21491164,피흡적용 안됨
21491404,거인을 거르네;
21491494,아 거인 돌렸노
21491982,아니 1을 왜 돌려
21492289,?
21492308,문도는 고정회복아님?
21492820,퀸카도 좋긴해 고혈들 많아서
21492935,프로틴 적용 안되는데
21492953,ㅇㅇ
21493953,거인이 좋은데
21493993,안됨
21494540,아니 거인을
21495049,프로틴이 더좋아
21495348,2가 고점
21495422,거인을 가야지
21495557,아니 거인을 왜돌려
21495596,피적용안되지
21495654,ㅇㅇㅇ
21495771,프로틴 문도 궁 안되는데
21495877,왜안됌
21496162,::
21496231,안됨
21496452,거인을 왜 안먹지
21496665,뭔 쳐 2야 미친련들아
21497109,re
21497207,아
21497483,111
21498377,거인먹어야지
21498389,퀸카도 좋지
21498391,거인을 돌리노ㅋㅋㅋ
21498485,프로틴 가야지
21498526,퀸카해
21498852,거인을 아
21498982,궁궁
21499307,222222222
21499321,패시브랑 w는 될껄?
21499521,프로틴 궁 적용안됨
21499547,거인이 그냥 좋은데
21499610,귄카
21499701,222222
21499866,프로틴을 왜 골라
21500020,거인을 왜돌려
21500555,아니 1을왜돌림?
21501026,궁궁궁
21501032,거인을 습박
21501093,궁 회복 더 되잖아
21501799,ㅅㄱ ㅋㅋㅋㅋㅋ
21502702,그냥 퀸카나 가죠
21502869,?
21502878,거인을 돌리네 ㅋㅋㅋㅋㅋㅋㅋㅋㅋㅋ
21503124,1이나 2
21503287,거인이 탱커 고트인데
21503701,2 ㄴㄴ
21503756,문도 거인가면 공격력1000찍음
21503969,당연히 안되지 피재생인데
21504084,거인 돌렸네 망했다 ㅈㅈ
21504287,저런
21504309,안된다고 문도궁 체젠이라
21504639,프로틴 안돼 문도 증바람 오로라 너프있어
21505079,프로틴 가야지
21505124,3먹어라
21505288,초당 재생 1만찍어보자
21505325,ㅈㅈ
21505381,2안좋아
21505493,프로틴은 회복력은아냐
21505610,거인을 왜 돌림 ㅋㅋ
21505894,누가 거인이 별로래 ㅋㅋ
21505910,프로틴 ㄹㅇ 알못임
21506112,거인이 왜별로야
21506240,22222
21506295,퀸가하죠 ㅇㅇ;
21506339,망캐임 저브셈
21506412,레전드시야
21506522,{:d_96:}
21506753,아니
21506872,거인을 쳐내네...
21507062,프로틴 ㄱㄱ
21507184,문도인데 왜 거인을 ;
21507487,글을 읽어 스스로 생각해
21507505,거인을 버린 남자 {:d_81:}
21507775,2 나 3
21507854,우선도려봐
21507923,거인을...
21508455,프로틴 안쳐먹히는데 뭔 2야 롤알못새끼들아 시발
21508676,체젠은 안돼
21508870,거인 돌리는 사람 처음봄
21509046,우선돌려바
21509383,33
21509575,거인 돌리라던놈 밴 ㄱㄱ
21510046,망캐임 ;;
21510118,1을 왜돌림
21510227,망캐임 접으셈
21510283,누가 프로틴이래 ㅡㅡ
21510390,퀸카로 달려?
21510468,궁에 프로틴돼요
21510671,프로틴은 회복력아냐 .....
21511076,누가 거인 별로라함?
21511085,2 별로임
21511340,아니 다 1번 하라햇는데
21511388,333333333
21511701,zzzzzzzzzzz
21512260,3이느 먹으셈
21512368,2 안좋음
21512449,33333333
21512520,문도 거인 돌리라 한 놈들 밴하죠 ㅇㅇ
21513323,거인좋은데
21513351,퀸카해라 그냥
21513384,"거인을 왜,,..."
21513544,망캐임 저브셈
21513706,체력재생인데 문도는
21514011,걍 2가셈 답없어
21514115,벤 ㄱㄱㄱ
21514308,2 ㄱㄱ
21514836,싹다밴
21514913,아만보들아 문도 궁 체젠이라 프로틴 안돼
21514966,아ㅏㅏㅏㅏㅏㅏ아아아
21515012,2
21515451,망캐임
21515493,걍 탈주 ㄱ
21515528,22222222222222222
21515585,겜안분들 ㅈㄴ많아 습박
21515813,22222222222222
21515911,거인을 왜 돌려 ㅋㅋㅋㅋㅋㅋㅋㅋㅋㅋㅋㅋㅋㅋㅋㅋㅋ
21516149,퀸카먹고 눈덩이진입하던가
21516187,아 망했네!!!!!!
21516280,3333333
21516282,저브셈
21516458,3 ㄱㄱ
21516493,3우선돌려
21516578,피재생은 적용 안되지 롤안분들아
21517030,2
21517043,1을 왜돌리지
21517122,ㅋㅋㅋㅋㅋㅋㅋ
21517267,망캐임 ㅅㄱ
21517287,2ㄱㄱ
21517838,망캐임 이미
21517838,프로틴 ㄱㄱ
21517850,1버렸으니까 2해야지뭐
21518006,3333333333
21518075,문도 퀸카는 의미없지않나
21518148,걍 나가고 다시하기 하면 됨
21518201,거인 그냥 탱크엔진 선에서 컷이긴함
21518454,3부터돌려
21518652,ㅋㅋㅋㅋㅋㅋㅋㅋㅋㅋㅋㅋㅋㅋㅋㅋㅋㅋㅋㅋㅋㅋㅋㅋㅋㅋㅋㅋㅋㅋㅋㅋㅋㅋㅋㅋㅋㅋ
21518652,문도 프로틴이 안된다는데?
21518731,망캐임 저브셈
21518810,프로틴은 회복력아니야  문도궁에 적용안되
21519133,33333333333333333
21519394,2가 개사기임
21519670,거인돌렸으면 2해야지
21519689,333
21520063,ㅋㅋㅋㅋㅋ 서로싸우네
21520329,프로틴 궁 적용 안되지않나? 체력회복인데?
21520380,2지
21520488,99명이 거인가라햇는데
21520668,222
21520719,11
21520751,2 ㄴㄴㄴ
21521026,2임 어차피
21521065,ㅋㅋㅋㅋㅋㅋㅋㅋㅋㅋㅋㅋㅋㅋㅋㅋㅋㅋㅋㅋㅋ
21521066,거인 진짜 밸류낮음
21521193,문도는 체젠임
21521485,3먹어
21521579,제발 티어 실명제
21521612,망캐임 저브셈 ㅋㅋㅋㅋㅋㅋㅋㅋㅋㅋㅋㅋㅋㅋㅋ
21521639,어떤 겜안분이 거인이 별로래?
21521698,문도궁 회복이 아니라 체젠이라 안된다고@@@@@@@@@@@@
21522331,2하고 절망가셈
21522511,문도는 체력을 올려야되는데
21522546,1해서 식칼라칸 ㄱㄱㄱㄱㄱ
21522744,알아해
21523111,망캐임
21523190,각성 괴물쥐 가자
21523508,암거나 해 망했어
21523758,로틴도 나쁘지 않을듯
21523784,퀸가 ㄱ고헛
21523791,333333이라도
21523918,이미 망캐임
21524128,2 가 진짜 개사기
21524388,3이 지림
21524597,111111111111111
21524954,아 안분들 진짜
21525047,망캐임 저브셈
21526023,이미 늦었음 거인 돌린 시점부터
21526740,김카
21526921,퀸카로 달려잇
21527113,퀸카 문도 드가자
21527231,캬
21527402,ㅋㅋㅋㅋㅋㅋㅋㅋㅋ
21527566,???
21527627,??
21527693,아
21528159,2 별로임
21528176,야다...
21528306,프로틴 음료 ㅈㄴ 좋은데
21528517,문도 퀸카 ㅋㅋ
21528705,아
21528913,ㅈㅈ
21529896,문도뀐~
21530203,아..
21530461,퀸카 ㄱㅊ음
21530477,저버
21530828,문카 ㅋㅋㅋㅋㅋㅋㅋㅋㅋㅋㅋㅋㅋㅋ
21530933,거인 거르고 퀸카 ㅋㅋㅋㅋㅋㅋㅋㅋㅋㅋㅋㅋㅋㅋㅋㅋㅋㅋㅋㅋㅋㅋㅋ
21531251,망캐당
21531525,퀸가가 성능은 좋아 ㅇㅇ
21531788,이제 재미업다
21531924,3이 지리는데 ㄲㅂ
21532022,ㅈㅈ
21532290,어떤 ^^발럼이 2라고친거임???????????
21533021,퀸카문도 습박
21533472,망캐임 저브셈ㅋㅋ
21533491,{:d_126:}
21533911,ㅋㅋㅋㅋㅋㅋㅋ 거인 버리고 퀸카 ㅋㅋㅋㅋㅋㅋㅋㅋㅋ
21534449,거인 거르고 퀸카 ㅋㅋㅋㅋㅋㅋㅋ
21534968,아 겜안분때문에 거인 날리네
21536519,아~~~~~~~~~~~~~~~줴줴이야
21536528,거인 별로라고 한 새 ㄱ 어미 없노 ㅋㅋ
21536860,문도 3이 진짠데 너 망캐임 저브셈
21538094,아 롤안분새끼들 문도궁은 체젠인데 왜 프로틴을가ㅋㅋ
21538583,?
21538822,망캐임 접으셈ㅋㅋ
21539206,그냥 기본이 사기임
21539286,문카는 습박 ㅋㅋㅋㅋ
21539342,2 프로틴 문도궁에 포함이안됨
21539971,궁에 프로틴 적용안될텐데
21540369,ㅋㅋㅋㅋㅋㅋㅋㅋㅋㅋ
21540546,아니 자연스럽게 오르잖아;
21540776,아니근데 진짜 거인 효율 낮음
21540890,ㅋㅋㅋㅋ
21540891,기본30퍼부터 시작임
21541002,ㅈㅈ
21541120,아 제제이야
21541287,딜머고
21541298,진짜겜안분훈수와
21541419,2고르라는애들 벤 ㄱㄱ
21541479,궁에도적용ㅇ안되
21542095,ㅋㅋㅋㅋㅋㅋ카피바라 맞고 시작하네
21542541,ㄹㅇ뭔 프로틴이 좋대
21543142,ㅋㅋㅋㅋㅋㅋㅋㅋㅋㅋㅋㅋㅋㅋㅋㅋㅋ
21543166,플 버리기
21543185,ㅋㅋㅋㅋㅋㅋㅋㅋㅋㅋㅋㅋㅋㅋㅋㅋㅋㅋㅋㅋㅋㅋㅋ
21543225,?
21543395,ㅇㅇ 문도는 체력 올리는 캐릭인데
21543441,?
21543566,ㅋㅋㅋㅋㅋㅋㅋㅋㅋㅋㅋㅋㅋㅋㅋㅋㅋㅋㅋ
21543743,ㅋㅋㅋㅋㅋㅋㅋㅋㅋㅋㅋㅋㅋㅋㅋㅋㅋㅋㅋㅋㅋㅋㅋㅋㅋㅋㅋㅋㅋㅋ
21544156,?
21544366,?
21544369,ㅋㅋㅋㅋㅋㅋㅋㅋㅋ
21544743,ㅋㅋㅋㅋㅋㅋㅋㅋㅋㅋㅋ
21545232,ㅈㅈ
21545421,ㅋㅋㅋㅋㅋㅋㅋㅋㅋ
21545531,ㅋㅋㅋㅋㅋㅋㅋㅋㅋㅋㅋㅋ
21545582,벌써구려 ㅋㅋㅋㅋㅋ
21546216,ㅈㅈ
21546419,{:d_44:}{:d_44:}{:d_44:}{:d_44:}{:d_44:}
21546601,퀸카는 레알 조트판단이네
21546620,실화냐
21546710,궁 프로틴적용이안됨
21546794,망캐임
21547034,퀸가를 고르냐
21547324,2누군지 찾아내라
21547612,거인안먹고 퀸카 ㅋㅋㅋㅋㅋㅋㅋㅋㅋㅋ
21547714,몰가 지전임?
21547990,체젠은 적용이 안됨 그냥
21548129,ㅋㅋㅋㅋㅋㅋㅋ
21548203,카피바라있네
21548641,ㅋㅋㅋㅋㅋㅋㅋㅋㅋㅋㅋㅋㅋㅋㅋㅋㅋㅋㅋㅋㅋㅋㅋㅋ
21549756,ㅋㅋㅋㅋㅋㅋㅋㅋㅋㅋ
21549864,거인 누가돌리래 ㅅㅂ
21549933,ㅋㅋㅋㅋㅋㅋㅋㅋ 거인을 고르시네 ㅠㅠ
21550982,??? 떳나 누구
21551391,죽닥치고 거인이지 이건
21551734,퀸카 어케묻히게요
21551783,거인이었으면
21552413,1분 10초고민하고 5초컷
21552437,줴줴이야~~~~~~~~~~~
21552486,다 거인이라던데ㅋㅋ
21554475,6
21555186,???네 걍 ㅈㅈ
21555576,그냥 롤큐가 낮음..
21556312,???다 ㅈㅈ
21556818,거인 무조건이지
21557158,문카는 못참지 ㅋㅋㅋ
21557697,근데 왜돌림 ?
21561272,거인거르고퀸카 ㅋㅋㅋㅋㅋㅋㅋㅋㅋㅋㅋㅋㅋㅋㅋㅋㅋ
21561786,근데 진짜 거인은 왜 거른거임?
21561801,???네
21562335,퀸카 이속 개빨라서 걍 생각없이 싸우면됨
21567447,지금도 떨어지면 ㄱ ㅑㅇ 비벼
21568003,물음표 있다 서렌치자 물쥐야
21569006,퀸카 잼슴
21569796,???있네 줴줴이야
21570360,강제강심각열리긴하는데..
21571040,상대 ??? 나왔는데 ㅋㅋ;
21571937,왜 다 거인 말하는데 그와중에 아닌 챗을 읽냐 ㅋㅋ
21571955,무는 챔도 없는데 3렙 ???면 못이김
21573375,거인 돌리라고한 애들 <<< 개저능아개빡통대가리 벤먹어도 무방함
21573861,ㅋㅋㅋㅋㅋㅋㅋㅋㅋㅋㅋㅋㅋㅋㅋㅋㅋㅋㅋ
21574972,암어퀸카암어퀸카
21575194,오
21576377,ㅋㅋㅋㅋㅋㅋㅋㅋ
21576378,캬
21576393,ㅋㅋㅋ
21577139,캬
21577402,이거지 ㅋㅋㅋㅋㅋㅋㅋㅋㅋㅋ
21577503,캬
21577769,ㅋㅋㅋㅋ
21578872,야다 ㅋㅋㅋㅋㅋ
21579021,ㅋㅋㅋㅋ 지리긴 하네
21579834,ㅋㅋㅋㅋㅋㅋㅋㅋㅋㅋㅋㅋㅋㅋㅋㅋ
21580196,재미는 있네 ㅋㅋ
21580602,재미는 있네 ㅋㅋㅋㅋ
21580760,ㅋㅋㅋㅋㅋㅋㅋㅋㅋㅋㅋ\기분은 좋네
21580852,와 ㅋㅋ
21581094,꼬리흔드는문도
21582056,ㅋㅋㅋㅋㅋㅋㅋㅋㅋㅋㅋㅋㅋㅋㅋ 비비기만하네
21582288,아머꾸잉~
21582303,그냥 달린 처년
21582589,???이거 3렙에뜨면 걍 오픈도함 저거 ㅈ사기야
21583058,캬
21583780,퀸카 한타 좋아
21584745,롤알못이 별로라고 했다함 ㅋㅋ
21584894,슈퍼스타네
21585852,문도 퀸카맞지 ㅋㅋ
21587127,그냥 달린 청년 ㅋㅋ
21587131,머고 이거
21587368,코그모 검뽑이네
21587444,런처입니다
21588719,카피바라 ㅋㅋ
21589301,카피바라
21590379,저거 %뎀임
21590693,저거 탱커하드카운터임
21592241,저거 맞으면 반피나감
21592385,카피바라폭격
21592595,궤도형 레이저
21592688,물음표도있네
21594120,ㅇ니 상대 다 개사기네
21595440,저 미아핑이 개사기야
21595722,저거%뎀이라 탱커맞으면안되
21595746,ㅈㅈ
21597085,ㅋㅋㅋㅋㅋㅋㅋㅋ
21598719,저거 고정뎀 30퍼임
21598769,물음표도 먹었노
21599021,서렌판이네
21599643,3숟 컷
21599925,궤도빔 탱커 카운터 증강
21600452,또애쉬가잇네
21601745,아니근데 ????가
21601774,3렙 ?는 걍 져야지
21602085,쥐쥐
21602763,7
21602923,물음표네 ㅈㅈ
21603059,ㅈㅈ
21603806,7대 0
21604372,물음표도있어? 서렌쳐라그냥
21605643,칠대영 ㅋㅋ
21606560,???가 나와서..
21607212,먼소리야 ㅋ
21607584,케인아 문도가 강심 쌓는 캐릭이지 비비는 캐릭이냐;
21607808,ㅋㅋㅋㅋㅋㅋㅋㅋㅋㅋ
21608378,뭔소리고
21609455,ㅋㅋㅋㅋㅋㅋㅋㅋㅋ
21609586,와 이걸
21609595,나가자
21609972,ㅋㅋㅋㅋㅋㅋㅋㅋㅋㅋㅋ
21609991,ㅋㅋㅋㅋㅋㅋㅋㅋㅋㅋㅋㅋㅋㅋㅋㅋㅋ
21610577,ㅋㅋㅋㅋㅋㅋㅋㅋㅋㅋ
21610607,ㅋㅋㅋㅋㅋㅋㅋㅋㅋㅋ
21610696,빠른리 ㄱㄱ
21610704,줴줴이야
21610973,1렙프리즘 사기판이다
21611390,망캐임
21611706,오픈ㄱ
21611774,상대방 개사기침 ㅇㅇ
21611976,깨물자 ㅋㅋㅋㅋㅋ
21612093,8분 서렌 ㄱ
21613404,물음표까지 있으면 걍 서렌 ㄱㄱ
21613468,은근슬쩍 던져서 안락사 ㄱㄱㄱ
21614423,ad gap 치고 탈주하죠
21615101,박종우도 오픈선언 ㅋㅋㅋ
21615179,ㅋㅋㅋㅋㅋㅋㅋㅋㅋㅋ
21615260,???있으면 그냥 서렌쳐라
21616540,어차피 오픈임 ???라
21616972,{:d_126:}{:d_126:}{:d_126:}
21617575,교진을 걸러?
21617993,ㄹㅇ
21618028,ㄹㅇ
21618247,물음표가 ㄹㅇ개사기임
21619193,똥쟁이 삼인방
21619540,{:d_45:}{:d_45:}
21620062,ㅋㅋ
21620352,미아핑 개사기당 ㅋㅋㅋㅋㅋㅋㅋ
21620427,첫증강 물을표나오면 천꾸급이라 오픈이편함
21620689,거인이 개맛도리인데
21621394,어차피 ??? 나와서 상대 개사기라
21623058,상상속의 훈수
21623767,고른건 본인아닌가요
21624541,교진문도를 거른 벌이다ㅏㅏ
21626858,인생망함 문도
21630550,무슨 효율드립 ㅋㅋㅋㅋ고를게없는데
21633094,겜안분들 프로틴가라고 하는게 ㅋㅋ
21636080,대포는 왜 자꾸 풀로 땡기는겨
21637719,프로틴은 진짜 의밍벗어
21637913,파카 케일픽 한대 때리고싶네
21637944,겜안분 새기들 훈수하지 마라 나도 하긴햇는데
21638678,피즈를 했더라면....
21639795,9명 거인 가라는데 1명 말듣고 그걸 왜
21642024,거인돌렸으면 뭐 12중에하나밖에없었음
21644571,ㅋㅋㅋㅋㅋㅋㅋㅋㅋㅋㅋㅋㅋㅋㅋㅋㅋㅋ
21645260,9명도 아님 99명임
21645707,엄
21646957,줏대 좀 가져라 지환아
21648112,캬
21648929,저거도 버프댓나
21649159,개아픔
21651290,절대피해
21653301,탕
21654260,풀피이즈는 저거 왜먹는거냐 ㅋㅋ
21654653,ㅋㅋㅋㅋㅋㅋ
21655696,아줴줴이야
21655860,카피바라 카피바라
21655900,카피바라
21657238,ㅋㅋㅋㅋ
21657897,저건 걍 맞으면 한타 끝남
21658011,ㅈㅈ
21658557,카피바라폭격저게 탱커 하드카운터증강임
21658736,킹피바라
21658974,ㅋㅋㅋㅋㅋ
21660060,불판갈아
21660141,무서운게 프로틴먹으라는애들이 많았다는거임
21660684,칼바람 특 내가 탱커하면 상대는 탱커잘녹이는애들잇음
21662288,8 ㄱ
21663376,초딩증강
21663889,불판갈죠
21665088,탱하드카운터
21665800,뿌이판까이허
21665814,1렙 물음표면 8분서렌쳐야지
21665943,8 ㄱ
21666317,파카 주문력 2천 찍고 펜타킬 하는 상상중인데
21666574,오픈 ㄱㄱ
21668295,케일 골랐으면 져야지
21668980,111
21668989,오픈 ㄱ
21672373,3분서랜없나?
21674490,흠냐
21677726,솔직히 물음표증강 삭제해야함
21677996,오픈해서 못즐기게해
21679549,cc많아서
21681913,켄치랑 물빨 ㄱㄱ
21682381,힘들듯
21683670,ㅋㅋㅋㅋㅋㅋㅋㅋㅋ
21686532,거인리롤이랑 프로틴훈수 벤도
21687376,문도로 프로틴 흡혈병 먹는애들 많다..
21689742,퀸카터뜨리고 한대씩 떄려야지 뭐
21691062,물음표 저건 너프해야돼
21691503,켄치랑 마오 있어서 가능은함
21692245,조합도 쓰레기라 답없음
21692300,자리비움이다
21692375,물음표 힐령 반토막내야댐
21692586,켄치도  q질만해서..
21693790,케일 승천하기전에
21694550,강심가도 하나 못뜯을거같은데
21697180,게임끝남
21697697,??? 떄문에 초반 싸움 못이겨서 증강차이로 쭊 쳐맞다 밀리는 그림
21705054,M9야 너 없냐?
21706038,ㅇㅈㅇㅈ
21706202,킹피바라 ㅋㅋ
21707798,탱커 바보만듬저거
21709814,ㅈ사기긴해 저거
21709991,물음표 저거 힐량 말 안돼
21711182,카피바라 그정돈가
21713743,체력퍼뎀이라
21714889,체퍼딜이라그래
21715728,강심뜯고죽자
21719837,야다
21727100,체력높을수록 효율급증이라
21730470,?
21731393,강심보다 물음표가 더 헬이네
21731791,ㅋㅋㅋㅋㅋㅋㅋ
21733042,검뽑코그모구나
21733730,ㅋㅋ
21735055,케일 애쉬 이즈인데 지지 ㅋㅋㅋ
21735703,미아핑은 누구꺼야
21736910,최단퇴나올듯
21739242,이즈리얼 개구려 ㅋㅋ
21739337,줴줴야
21740787,김도박사
21741660,코그모는 검뽑이네
21742068,태양이많아서
21744061,이미졌음
21749400,검뽑이즈 나오면 ㅈㄴ 쌔긴한데
21750029,ㅋㅋㅋㅋㅋㅋ
21751341,? 저거 초반에 못이김
21751525,코그모 검뽑ㅋㅋ
21751758,불판 갈으셈 조합도 구리네
21755470,피해야지 ㅋㅋ
21756786,그래야 피하니까 ㅋㅋㅋㅋ
21758525,님들한테 딜들어감
21760804,개사기증강임 ㅋㅋ
21765689,프로틴음료먹고 가고일가면안됨?
21772783,저거 2명 먹으면 우물보다 피 빨리참
21773695,파카 ㅋㅋㅋㅋㅋ
21776063,가고일이 어딨는데
21776539,가고일이있음?
21782865,없나?
21783658,유체화써서 1대때리깈ㅋㅋㅋ
21784628,몇년전꺼고
21784881,펑
21785328,가고일은 ㅅ발아
21786189,롤체임 ?
21788217,가고일은 ㅋㅋㅋㅋㅋㅋ
21790790,냠냠
21791002,레전드 겜안분
21791467,ㅋㅋㅋㅋㅋㅋㅋ문도 물렁
21792229,2222222222
21792663,ㅅㅂ 걍 장난감이네
21792665,롤체는 ㅇㅈ
21793446,가고일은 나갈래 ㄹㅇ?
21793650,1
21793765,ㅋㅋㅋ
21793837,겜안분 미쳤지 진짜
21794952,1111
21795512,111
21795767,엄
21796030,와
21796171,ㅈㅈ
21797334,치치
21797790,아레나로 꺼지쇼 ㅋㅋ
21798076,개구려
21798391,ㅋㅋㅋ
21798636,ㄱ-
21799005,ㅈㅈ
21800799,개망햇네
21800867,근데 게임은
21801280,2를 왜걸러 레전드네
21802471,ㅈㅈ
21803809,끝났다는거임..
21804432,빠른 리겜
21804634,세얼간이 패배
21805096,2 고튼데
21805677,증강 똥나오게 맛없네..
21805754,불판 갈아 그냥
21806207,서렌치셈
21806842,망캐임 접으셈
21807098,근데 답이 ..
21807759,2 좋은데
21808029,치치적용 되냐..?
21809657,ㅋㅋㅋㅋㅋㅋㅋㅋㅋㅋㅋㅋㅋㅋㅋㅋㅋㅋㅋ
21810832,ㅋㅋㅋㅋ
21812202,개카 아오
21814535,ㅌㅊㅇ
21815511,문도 치치 적용 안됨 ㅋㅋ
21815784,아오 개카랸
21817589,치치도 궁 적용 안되는데
21818201,이미 원사이드겜임
21819280,퇴장
21820121,트롤이다
21820260,제제이야
21820799,ㅋㅋㅋㅋㅋ
21821601,세상에서제일약한 사람
21823053,치치 문도한테 안좋은데
21824439,ㅋㅋㅋㅋㅋ
21825063,내가 캐리할게 (케일)
21825482,갈게없어..
21826028,ㅋㅋㅋㅋㅋㅋㅋㅋ
21826347,{:monsMonsSad:}{:monsMonsSad:}
21827451,코그모 불도저고 ㅋㅋㅋ
21827553,검뽑코그모 ㅋㅋ
21827808,ㅇㅇ..
21828592,근데 이건 거인 먹었어도 힘들었을듯
21830194,문도하니까 검뽑코그모 ㅋㅋ
21830648,칼뽑코그모 ㅋㅋ
21831053,안됨 절망이런거
21832542,ㅇㅇ 안됨 ㅋㅋㅋㅋㅋㅋㅋㅋㅋ
21832550,효율받지
21833841,누가 치치가래
21834976,찌찌
21835960,체젠에 치명타가 어캐됨
21837555,ㅇㅇㅋㅋㅋ
21838289,망캐
21838961,ㅇㅇ...
21839040,치치 흡혈병 프로틴 다 고정 회복이라
21839674,망캐임
21840887,ㅇㅇ
21841098,ㅇㅇ
21841749,ㄹㅇㅋㅋ
21841781,ㅇㅇ
21843203,어차피 못이김
21844165,졌을듯
21845337,그냥 똑같았지
21846793,거인먹었으면 코그모한테 순살치킨임
21847510,{:d_126:}
21847597,뭘해도 질판임
21847950,??? 저게문제야
21847954,맞긴해 상대가 너무좋다
21849377,문도궁은 회복이 아니라 체젠이다
21850247,첫증강 물음표는 오픈이 맞다
21851183,케인 와인 기다려야하나
21852636,걍 졌음
21855043,3숟이라 너무 빡셈
21855468,프로틴은 체력회복량 늘려주는거지 치명타가아님
21857316,뭘먹엇어도 안댐
21858387,카피바라에 물음표 벨류 개빡임
21858540,거인먹었으면
21861495,ㅇㅇ
21863772,안터지네
21865912,그냥 코그모한테 2~3대더맞는거임
21869217,거인은 지리긴해 체급이 좋아
21872449,ㅋㅋㅋㅋㅋㅋ
21873825,ㄱ-
21873932,퀸카문도
21874799,처형자인가
21875755,진짜 개범부네
21876761,이거 역전방법은 탱크엔진 부정행위뿐임
21877612,물쥐 ㅇ양심있냐
21878025,조합 3숟가락 레전드네ㅋㅋ
21878740,076이 훈수하노
21879654,사실상 노증강 ㅋㅋㅋㅋㅋ
21879843,ㅋㅋㅋㅋㅋㅋ7분 2차는 ㅋㅋㅋㅋ
21884358,ㅋㅋㅋㅋㅋㅋㅋ
21885357,ㅅㅂ
21887173,증강 2개없이하는데 못이기지 ㅇㅇ
21887892,저 ?는 뭐냐
21890144,조합이 초반에벌어줄놈이없어
21893487,ㄹㅇㅋㅋ
21895983,혼자 그냥 칼바람하고있네 {:d_81:}
21896939,증바람도 티어 맞춰서 잡히나요?
21897062,ㄹㅇ076이 세트한테 뭐리히노
21898568,원래 약올릴려고 저럼
21899001,ㅈㄴ쎄껍네
21899886,그게 국룰이긴해
21901201,원래 쓸모없는 놈이 챗 치는 게 젤 빡침 ㅋㅋ
21901205,걍 담판 ㄱ
21901351,아니
21901396,몰가만 패죠?
21902468,모르가나야 방송꺼라
21902697,원래 팀에 아가리 담당도 한명쯤 있어야지
21902717,갱플 피가 ㅅㅂ
21903182,한가해서 그래
21904791,ㅋㅋㅋ
21905833,뿌직
21906896,킹피바라
21907686,ㅋㅋㅋ
21909179,물음표 피차는거봐라
21910383,괴물쥐쥐
21911569,ㅋㅋㅋㅋㅋㅋㅋㅋㅋㅋㅋ
21912199,ㅋㅋㅋㅋㅋㅋㅋㅋㅋㅋㅋㅋㅋㅋㅋㅋㅋㅋㅋㅋㅋㅋㅋㅋ
21913002,서운
21913827,내가왜
21914717,?
21915043,너를 왜
21915624,186한테주긴좀
21915682,내가 왜
21915812,널 왜줘
21915962,개카시치
21917024,내가왜
21917102,ㅋㅋㅋㅋㅋㅋㅋ
21917654,헉
21917657,ㅋㅋ
21918506,헉
21918560,ㅋㅋㅋㅋ
21918716,케일궁은 남 주는거 아니긴해 ㅇㅇ
21919240,ㅇㅈㅇㅈ
21919327,내가 왜
21919576,ㅋㅋㅋㅋㅋㅋㅋㅋㅋ
21919691,헉
21920865,당연하지
21921111,소신발언 ㄷㄷ
21921241,선생님들 증바람도 티어 맞춰서 잡히나여????
21921520,헉
21921676,ㄹㅇ
21921751,케일권위자임
21922007,요네도요
21922095,그건 ㅇㅈ
21922132,문도를 왜줌 ㅋㅋㅋ
21922689,헉
21922731,널왜죠
21922856,헉
21922964,랄로는 케일많이했잖아
21923562,랄로 고수임 ㅇㅇ
21923719,그건 뭐 당연하지
21923724,말이라고 ㅋㅋ
21925088,랄일은 ㅇㅈ이지
21925389,케일은 랄로지
21925480,랄로도 안줬음
21925963,기싸움은 이거이거
21925989,랄로의 케일은 ㅇㅈ
21926078,??
21926634,랄로 케일을 무시해?
21927288,ㅇㅈ ㅋㅋ
21929130,잭스 케일은 파카보다 랄로가 훨씬 잘함
21930818,뭘 잘했다고 궁을 받아
21930818,랄썜은 케일장인인데
21931061,랄어게인
21934389,랄로 케일권위자임
21936819,원딜이 없어서 힘들어
21936895,ㅋㅋㅋㅋㅋㅋㅋㅋㅋ
21939175,ㅋㅋㅋㅋㅋㅋㅋㅋㅋ
21939447,ㅋㅋㅋㅋㅋㅋㅋㅋㅋ
21939763,ㅋㅋ
21939849,ㅋㅋㅋㅋㅋㅋ
21939867,ㅋㅋㅋㅋ
21940054,ㅋㅋㅋㅋㅋㅋㅋㅋㅋㅋㅋㅋㅋㅋㅋㅋㅋㅋㅋㅋㅋㅋㅋ
21940514,크아악
21940672,음?
21940745,컷
21940911,뿌직
21941115,ㅋㅋㅋㅋㅋㅋㅋㅋㅋㅋㅋㅋㅋㅋㅋㅋㅋ
21941155,뿌직
21941184,아
21941244,뿌직
21941530,ㅋㅋㅋㅋ
21941744,?
21941842,?
21942589,입털만하네
21942683,서렌 ㄱㄱ
21943097,ㄹㅈㄷ
21943290,ㅋㅋㅋㅋㅋㅋㅋㅋ
21943560,와ㅋㅋㅋㅋㅋ
21943977,ㅈㄴ약해 ㅋㅋㅋ
21944758,몰가한테 지는 문도 ㅋㅋㅋㅋㅋㅋㅋㅋ
21944821,뿌직
21945261,괴물쥐쥐
21946143,왜 저리 썌냐
21946545,ㅈㅈ
21946944,ㅋㅋㅋㅋㅋㅋㅋㅋㅋ
21947241,불판 갈자
21947705,그 모르가나한테 지는...
21947889,진짜 몬~한다
21949475,ㅈㅈ
21949504,내 독기에 범벅이 되어 죽어라
21950088,ㅈㅈ
21950960,오
21952379,문도가 이렇게 약했나?
21952613,모르가나 : 넵
21952644,빠른 리겜
21953108,szzzzz
21954172,16가기전에 겜터진다니까 증바라케일은 꿈을못이뤄요
21954278,gg
21956617,랄로 문도가 더 잘하는듯 ㅋㅋㅋ
21960910,지금.
21961101,개카 안칠듯
21961773,개카 반대
21962795,카피바라
21965124,체퍼뎀이라
21966179,ㅈㄴ아픔
21967239,랄로가 증바람 제일 잘하네
21967658,카피바라 그렇게 사기는아님
21967753,카피바라 폭격 고정뎀 30퍼
21967805,조합 이따구로픽하면 지는게 맞긴해
21968639,30%라
21968912,맞추기 힘들어서 그렇지 ㅈㄴ쌤
21969183,개쓰레긴데 저거
21970382,카피바라
21972167,저거 별론데
21972210,?
21972513,ㅋㅋㅋㅋㅋㅋㅋㅋㅋ
21973217,문사론ㄱ
21973654,녹네
21975129,순살이네
21975233,사라지노그냥
21976495,새틀라이트에서 카피바라로 바뀜
21976548,거인이었다면 ..........
21976607,단 1초
21977948,ㅋㅋㅋㅋㅋㅋㅋㅋㅋㅋㅋㅋㅋㅋㅋㅋ
21978415,서랜치라고!!!!!!!!!!!
21979511,ㄱ-
21979556,사이버고문 렛츠고
21979884,누구맘대로?
21980091,ㅋㅋ
21981469,ㅋㅋㅋㅋㅋㅋㅋㅋㅋ
21981540,개카 미련갖네 ㅋㅋ
21981829,ㅋㅋㅋㅋㅋㅋㅋㅋㅋㅋㅋ
21982063,ㄱ-
21982444,전판 문도랑 다르네 흠.....
21983866,개카 ㅅㅂ
21984003,늦게지기
21984050,나만 재미 없다고!!!!
21984153,{:d_126:}{:d_126:}{:d_126:}{:d_126:}
21984310,사이버고문 ㅋㅋ
21984371,고집불통 ㅋㅋ
21984836,그냥 던지네 아까부터
21985003,케일특)16찍어야함
21985027,ㅋㅋㅋㅋㅋㅋㅋㅋㅋㅋㅋ
21985047,너가 뽑은 팀이야
21985112,케일이라서 ㅋㅋ
21985384,ㅋㅋㅋㅋㅋㅋㅋㅋ
21986050,삼도서렌통제사
21987053,ㅋㅋㅋㅋㅋㅋㅋㅋㅋㅋ
21987134,캐리된다고함
21987815,"""16레벨 까진보자"""
21988123,난 케일이니까
21988224,캐리할게
21988574,ㅋㅋㅋㅋㅋㅋㅋㅋ
21988723,케일이라서 ㅋㅋㅋㅋㅋ
21988938,케일 베이가 나서스 이놈들 절대 안침
21989536,근성의 탑라이너
21991356,사이버고문 시작 ㅋㅋ
21991571,파카님은 케일이에요
21992633,나 빼고 재미 느끼지 말라고!!!!
21993848,ㅋㅋㅋㅋㅋㅋㅋㅋ
21994087,애쉬 찍혔노 ㅋㅋㅋㅋ
21995679,ㅋㅋㅋㅋ
21995733,파카님 역겹네
21996064,난 케일이니까...
21996278,미아로 살리기
21997216,ㅋㅋㅋㅋㅋㅋㅋㅋ
21997573,버티면 내가 캐리해 ㅇㅈㄹㅋㅋㅋㅋㅋㅋㅋㅋㅋㅋ
21998610,??? 피차는거봐 ㅋㅋㅋ
21999399,아오 개카
21999445,ㅋㅋㅋㅋㅋㅋㅋㅋㅋ
22000125,개카님!!!
22000187,ㅋㅋㅋ
22000341,개악질이네 ㄹㅇ ㅋㅋ
22000770,ㅋㅋ
22000878,지옥이구나
22001043,9분 억제기 ㅋㅋㅋ
22001433,케일은 썩은 와인
22002400,ㅋㅋㅋㅋㅋㅋㅋ
22002913,ㅋㅋㅋㅋㅋㅋㅋㅋㅋㅋㅋ
22003751,나 케일이라고!!!!!!!!!
22005241,ㅋㅋㅋㅋㅋㅋㅋㅋㅋㅋㅋㅋㅋㅋㅋ
22005593,버텨무세 ㅋㅋㅋㅋㅋㅋㅋㅋㅋ
22005762,이제 11랩인데 언제까지버텨
22005811,ㅋㅋㅋㅋㅋㅋㅋㅋㅋㅋㅋㅋㅋㅋㅋㅋ
22006496,뿌직
22007927,파카님 개쳐웃기네
22007959,ㅋㅋㅋㅋㅋㅋㅋㅋㅋㅋ
22008054,ㅋㅋㅋㅋㅋㅋㅋㅋㅋㅋㅋㅋㅋㅋㅋㅋㅋㅋ
22008298,오 ?
22011431,케일 똥 나오게 구리네
22012459,케일이면 16렙가지해야지
22014275,나 케일이라고!!!!!! (11레벨)
22014313,마치 정자같네요
22015618,깡
22017391,ㅋㅋㅋㅋㅋㅋㅋ
22017471,ㄹㅇ
22018801,ㅋㅋㅋㅋㅋㅋㅋㅋㅋ
22018968,파카 증강 뭐임??
22019059,ㅇㅇ
22019534,ㄹㅇ
22020152,ㅋㅋ
22020359,ㄹㅇ
22020667,사기긴함 ㄹㅇ
22021015,걍 피차는것도그렇고
22021195,그냥 사기꺽임
22021261,정보)코그모는 원딜탱커녹이기1등이다
22021577,걍 개사기님
22021777,저 물음표가 진짜 에바임
22021902,ㄹㅇ
22021927,언밸 증강임
22022322,버프받아서 그럼
22022506,ㅇㅇ 저건 밸붕임
22022595,사기임저게
22022853,풀피....
22023090,증강빨로 템포 개빠른 증바에서 케일 왕귀는 뭔 ㅋㅋ
22023644,너프해서 저정도 아니였나
22023761,답이없음 증강이
22024109,다음패치때 없어짐
22024331,저건사기임
22024736,다음 패치에서 없어지긴함 ㅋ
22024928,저게뭐임
22025393,저거 근데 ㅈㄴ힘들어
22025713,유지력 ㅈ사기임
22026006,사기네
22026424,저거 아무도 안집어서 버프한거임 ㅋㅋ
22026779,걍 보자마자 서렌마려움 ㅇㅇ
22027061,ㅋㅋ
22027283,첫증강으로 저거나오면 오픈하는판도있음
22027714,고추기름에서 저거로 넘어감
22028195,밸붕이야 ㄹㅇ
22028239,ㅋㅋㅋㅋㅋㅋㅋㅋㅋ
22028243,ㅋㅋㅋㅋㅋㅋㅋㅋㅋ
22028764,ㄹㅇ 물음표 걍 못이김
22029615,저거 탱커한테 뜨면 잡을수도없음
22032586,파카 게임 계속하자고 할만하네 ㅋㅋㅋㅋ
22032592,파카 다단 3이네
22033706,버프였나
22033918,개카 고문 ㅈ대노 ㅋㅋㅋㅋㅋㅋㅋㅋㅋ
22035026,그래서 도파가 그랬자나 저건 프리즘에서 티어 혼자 따로있다고
22037279,저건 치감도 의미없자너
22037315,후반가면쓰래기긴함
22038481,원래 어느정도 밸런스가 안좋아야 겜이 재밋는법임
22038783,사실 문도는 골드쪽 증강으로 체력 뻠핑하고 플래는 드롭킥같은거 먹는게 맛있긴해
22043565,???이거 나오면 원래겜힘들긴해
22045254,어흐 강심
22046124,이즈 씹련은 AP 쳐가고 있네ㅋㅋㅋㅋ
22047425,문도 4코어 뜨면 이김
22049225,9분 11뎃 ㅋㅋㅋㅋㅋㅋ러지노
22050929,퀸카 있었네 ㅋㅋ
22051855,도파가 미아핑증강 보자마자 극찬을했더라죠
22053023,ㅋㅋㅋㅋㅋㅋㅋㅋㅋㅋㅋㅋ
22054888,ㅋㅋㅋㅋㅋㅋㅋ
22055119,문도 씹 ㅋㅋㅋㅋ
22055866,M9야 입닫아
22056189,2
22056799,대중교통
22056804,자살문도 ㄷㄷ
22057245,222
22057773,2222
22057886,대중교통 ㅋㅋㅋ
22058364,2번먹죠
22058665,대중교통 ㄱㄱ
22060014,3
22060022,222
22060275,2222222222
22060640,2222
22060810,22222222
22060981,자살딜이라돈넣자 2
22061513,돌진없는 라칸 ㅋㅋ
22061613,2돌려
22062245,2222
22062436,222
22062650,계속죽자 2고르고
22062846,2가라
22062915,222
22063563,22222222222
22063828,33333333
22064056,걍 계속 뒤지는데 2 먹고 자폭열차 ㄱ
22064856,2라도?
22065024,열차 재밌음
22065362,3이지
22065879,ㄱ ㅛ통 ㄱㄱ
22066189,어차피 죽는거 대중교통 ㄱㄱ
22066487,2222
22066668,그냥 살자나하죠
22066746,2222
22067053,2222222222
22068353,ㄴㅇ
22068910,어짜피죽는어
22068957,?
22071714,암거나해라 끝났는데
22072059,대충 골라라걍
22073962,?
22074744,살자문도
22077007,그냥죽자
22078039,10분 12데스면 대중교통이 맞지 ㅇㅇ
22080443,AP이즈네 ㅋㅋ
22080634,ㅇㅇ 열차나 박자
22080971,아니 상성 최악인데 이걸 어캐캐리함 ㅋㅋㅋ
22081111,퀸카로 매혹걸고 대중교통 ㄱㄱ
22088463,?
22088770,ㄱ-
22089037,엥
22089139,파카 캐리 언제 되는데
22089157,ㅋㅋ
22089281,칙칙폭폭
22090069,?
22090328,ㅋㅋㅋㅋㅋㅋㅋㅋㅋ
22091128,개구리다니까
22091254,기차도 개노딜이네 ㅋㅋㅋㅋㅋ
22092099,ㄱ-
22093136,ㄱ-
22093310,똥나오게약하네
22094207,{:d_126:}
22094430,개쳐약함
22094944,대중교통 딜 ㅈ구림
22095690,뭐가지나갔나...
22095941,솜딜이네 ㅋㅋㅋ
22096231,원래 저딜인가
22096300,그걸 왜하노 ㅋㅋㅋㅋ
22097241,개노딜이네 ㅋㅋ
22100886,사실상 노증강 챌린지임
22102206,코그모보다 피가 적네 ㅋㅋㅋㅋ
22102801,광대 대중교통 폭격기
22102806,좀 아팠던거같은데..
22103217,퀸카였지 ㅋㅋㅋ
22104431,성장차이로안아픈거지뭐
22105170,토마스네
22105858,파카13렙인데 아직
22106978,3개모여야쌔지
22107809,증강0개문도
22108123,ㅋㅋㅋㅋ
22108541,문도노증강챌린지 ㅋㅋ
22121251,연계 말안되긴해
22121708,노증강챌린지 ㅋㅋㅋㅋㅋㅋㅋ
22125775,문도는 증강없냐??
22127616,어?
22128015,파카 언제 캐리함?
22128890,뿌직..
22128899,케일 좀 센데
22129656,ㅋㅋㅋ
22129660,걍 피하면끝인데?
22130247,스레기네
22131269,뿌직
22133433,케일 쌘데?
22134406,베이가에 카피바라가 맛있는데
22135991,범인은 문도 같은데
22137441,서 랜 쳐 치 라 고
22138072,하는게 없어
22140854,이정도면 신고 먹겠는데 ㅋㅋ
22142221,반 대
22144566,근데 케일 16찍고 다단 쌓으면 겜 이길거같은데?
22144599,후반가면 이기긴할듯
22144626,서렌거부자 대파카 ㅋㅋ
22145970,개카반대시위
22146328,서렌 좀 하지
22146458,ㅋㅋㅋㅋㅋㅋㅋㅋㅋㅋㅋㅋㅋ
22146500,ㅋㅋㅋㅋㅋㅋㅋ
22148135,16렙 찍으면몰라
22148574,ㅋㅋㅋㅋㅋㅋㅋㅋㅋㅋㅋㅋㅋ
22149419,상대 증강이 구림
22149490,반대 시위
22150179,"""알아"""
22150626,!장비
22151070,ㅋㅋㅋㅋㅋㅋㅋㅋㅋㅋㅋㅋㅋㅋㅋㅋㅋㅋㅋㅋㅋㅋㅋㅋㅋ
22151139,알 아
22151429,물쥐님 신고당하면 어떡해
22152301,ㅋㅋㅋㅋㅋㅋㅋ
22152679,파카 ㅋㅋㅋㅋㅋㅋㅋㅋㅋㅋㅋㅋㅋㅋㅋㅋㅋ
22152819,ㅋㅋㅋㅋㅋ
22152898,ㅋㅋ
22152927,ㅋㅋ
22152980,16레벨 까지참아
22153373,ㅋㅋㅋㅋㅋㅋㅋㅋㅋㅋ
22154213,ㅋㅋㅋㅋㅋㅋㅋㅋㅋㅋㅋㅋㅋㅋㅋㅋㅋㅋㅋㅋㅋ
22154342,ㅋㅋㅋㅋㅋㅋㅋㅋㅋㅋㅋㅋㅋㅋㅋㅋㅋㅋㅋㅋㅋㅋㅋㅋ
22154353,ㅋㅋㅋㅋㅋㅋㅋㅋㅋㅋㅋㅋㅋㅋㅋㅋㅋ
22154961,캬
22154977,ㅋㅋㅋㅋㅋㅋㅋㅋㅋㅋㅋ
22155355,궤도 미아핑 후반에 다 구림
22155550,알아
22155790,케일은 원래 서렌치는거 아니야
22156459,현답
22156573,그만살게 헉 ㄷㄷ
22157048,ㅋㅋㅋㅋㅋㅋㅋㅋㅋㅋ
22157280,ㅋㅋㅋㅋㅋㅋㅋㅋㅋ
22158092,ㅋㅋㅋㅋㅋㅋㅋㅋㅋㅋㅋㅋㅋ
22158352,ㅋㅋㅋㅋㅋㅋㅋㅋㅋㅋㅋㅋㅋㅋㅋㅋㅋㅋㅋ
22159969,악마의 삶
22160212,ㅋㅋㅋㅋㅋㅋㅋㅋㅋㅋㅋㅋㅋ
22160459,저거 애들 템사오면 더 안녹을텐데
22160994,케일은 재밌다
22161139,알아.
22161267,그만살게해줘 ㅋㅋ
22161707,고문중 ㅋㅋㅋㅋ
22162265,철학적이네요
22163055,저저저
22163135,ㅋㅋㅋㅋㅋㅋㅋㅋㅋㅋㅋ
22163576,안락사 해달라고
22163892,늦게지기
22164887,고문 ㅋㅋㅋㅋㅋㅋㅋㅋㅋ
22168640,악마의 삶 끝내다오
22172398,사이버고문 ㅅㅅㅅㅅㅅㅅㅅ
22172986,3인큐인데 왜 서렌이 맘대로 안되요?
22173969,<<<악마의 삶 끝내주지않아서 분노
22174925,20데스 채워보자
22176026,살고싶지않아
22180093,파카 본인은 재밌어서 그럼 ㅋㅋ
22181979,뿌직
22182286,문카 ㅋㅋㅋ
22182585,피박도 죽여줘 이러고있네 ㅋㅋㅋ
22183527,엄
22184275,파카님 고사리손으로 열심히 때려봣자 안된다고
22184283,캬
22185487,뿌직
22186619,기차 시원하네
22186665,3명
22188901,M9야 입 닫으라니깐
22189058,ㅈㄴ고통이다
22189431,한 1.5배만 더 쎗어도
22189582,딜러한테는 좀드가네
22189722,파카빼고다
22190314,겠냐
22190988,풀피 데수웅
22192036,죽여줘하는중
22192391,전판 문도는 애쉬만나서 행복했는데 아..
22192692,ㅋㅋㅋㅋㅋㅋㅋㅋㅋㅋㅋㅋㅋㅋㅋㅋㅋㅋㅋㅋㅋㅋㅋㅋ
22193841,막증강 잘뜨면
22195873,힘들듯
22196021,케일아직 15내
22196258,상대 증강 구려서 됨
22197018,?? 오 딜쌘데?
22197126,스코어부터가 개노답인데 ㅋㅋㅋㅋㅋ
22197316,될듯
22197755,거인 고른순간 지옥은 시작됐다..
22199401,쌔긴 존나ㅛㅐㄴ데?
22199904,딜만 나오면 역전되긴함
22201214,증강 개사기나오면 모르긴함 진짜 케일
22201341,ㅋㅋㅋㅋㅋㅋㅋㅋㅋㅋㅋㅋㅋㅋㅋㅋㅋ
22201382,케일 개쌔네
22201691,대중교통 에어본이라도 넣어줘야 되는거 아닌가
22201825,ㅋㅋㅋㅋㅋㅋㅋㅋㅋㅋㅋ
22202963,제게 남은건 고통밖에없습니다
22203132,ㅋㅋㅋㅋㅋㅋㅋㅋㅋㅋㅋㅋㅋㅋㅋㅋㅋㅋㅋㅋㅋㅋㅋㅋㅋㅋㅋㅋㅋㅋㅋㅋㅋㅋㅋㅋ
22203849,정신이 나가버린 애쉬
22204016,ㅋㅋㅋㅋㅋㅋ
22204573,ㅋㅋㅋㅋㅋㅋㅋㅋㅋㅋㅋㅋㅋㅋㅋㅋㅋㅋㅋㅋㅋㅋㅋ
22205159,닉스박 ㅋㅋㅋㅋ
22205204,파카 다단중첩이라 존나 쌤
22205405,케일 증강 사기쳣네
22206554,케일 ㅈㄴ쌔서 가능하긴할듯
22206578,굽
22206857,우리도 물음표임?
22207004,마지막증강판도라먹고역전하죠
22207055,우리팀도 ??? 먹었나?
22207262,굽쉬 뭐지요
22207804,ㅋㅋㅋㅋㅋㅋㅋㅋㅋㅋㅋ
22207899,ㅋㅋㅋㅋㅋㅋ
22207934,4 12 7
22208249,상대방 조합나온거도 답없어
22208373,ㅋㅋㅋㅋㅋㅋㅋㅋㅋㅋㅋㅋㅋㅋㅋㅋㅋㅋㅋㅋㅋㅋㅋㅋㅋㅋㅋㅋㅋㅋㅋㅋ
22208990,ㅋㅋㅋㅋㅋㅋㅋㅋㅋㅋㅋㅋㅋㅋㅋㅋㅋㅋㅋㅋ
22209186,헉
22209257,케일 딜 보면 될지도
22209588,헉
22209591,ㅋㅋㅋㅋㅋㅋㅋㅋㅋㅋㅋㅋㅋ
22209628,"""애쉬를 알려주겠다"""
22209642,ㅋㅋㅋㅋㅋㅋㅋ
22209979,ㅋㅋㅋㅋㅋㅋㅋㅋㅋㅋㅋㅋㅋㅋ
22210049,ㅋㅋㅋㅋㅋ
22210093,ㅋㅋㅋㅋㅋㅋㅋㅋㅋㅋㅋㅋㅋ
22210831,ad gap
22211179,ㅋㅋㅋㅋㅋㅋ
22211394,ㅋㅋㅋㅋㅋㅋ
22211758,ㅋㅋㅋㅋㅋㅋㅋㅋㅋㅋㅋㅋㅋㅋㅋㅋㅋㅋㅋㅋㅋㅋㅋㅋㅋ
22211850,ㅋㅋㅋㅋㅋㅋㅋㅋㅋㅋㅋ
22211884,ㅋㅋㅋㅋㅋㅋㅋㅋㅋㅋㅋㅋㅋ
22211947,11515
22211954,ㅋㅋㅋㅋ
22213606,헉
22214014,ㅋㅋㅋㅋㅋㅋㅋㅋㅋㅋㅋㅋㅋㅋㅋㅋ
22214198,순수비난
22215286,전판애쉬랑 뭐가 다른데
22215440,ㅋㅋㅋㅋㅋㅋ
22215818,다단 3이면가능할지도
22216933,ad gap
22217009,순수비난
22217232,ㅋㅋㅋㅋㅋㅋㅋㅋㅋㅋㅋㅋㅋ
22219850,ad gap ㄱㄱ
22220946,ㅋㅋㅋㅋㅋㅋㅋㅋㅋㅋㅋㅋㅋ
22221007,ㅋㅋㅋㅋㅋㅋㅋㅋㅋㅋㅋㅋㅋㅋㅋㅋㅋㅋㅋㅋㅋㅋㅋㅋ
22221164,있었구나는 ㅋㅋㅋㅋㅋㅋㅋㅋㅋㅋㅋㅋ
22221945,근데 증바람 이즈가 진짜 노딜이라 쉽지않음
22222169,파카식 돌리기 ㄷㄷ
22222860,ㅋㅋㅋㅋㅋㅋ
22222989,ㅋㅋ
22223386,ㅋㅋㅋㅋㅋㅋㅋ
22226092,개악질듀오 ㅋㅋㅋㅋㅋㅋ
22227625,달려잇
22227694,너나 종우나
22227949,애쉬는 쿨감템 가서 궁이나 날려라
22228576,파카는 사람취급을 안해줌
22232861,ㅋㅋㅋㅋㅋㅋㅋㅋㅋㅋㅋ
22233103,문도가 녹아..
22233492,{:d_126:}
22233558,케일 있을때 대줘야지
22234735,{:d_126:}
22237864,파카 뭐하는데 탑차이 나잖아
22240702,ㅋㅋㅋㅋㅋㅋㅋㅋㅋㅋㅋㅋㅋㅋㅋㅋㅋㅋㅋㅋㅋㅋㅋㅋ
22240732,야다...
22240784,ㅋㅋㅋㅋㅋㅋㅋㅋ
22240813,애쉬레전드
22240993,애쉬뭐고
22241782,ㅋㅋㅋㅋㅋㅋㅋㅋㅋㅋㅋ
22241821,?
22241991,ㅋㅋㅋㅋㅋㅋㅋㅋㅋㅋㅋㅋㅋㅋㅋ
22242272,ㅋㅋㅋㅋㅋㅋㅋㅋㅋㅋㅋㅋㅋㅋㅋㅋㅋ
22242295,애쉬 ㅋㅋㅋㅋㅋㅋㅋㅋ
22242681,ㅋㅋㅋㅋㅋㅋㅋㅋㅋㅋㅋㅋ피박
22242740,간닷!
22243150,간다!
22243708,ㅋㅋ
22244156,무한물음표
22244181,사이버고문 렛츠고
22245090,ㅋㅋㅋㅋㅋㅋㅋㅋ
22245543,ㅋㅋㅋㅋㅋㅋㅋㅋㅋㅋㅋㅋㅋㅋㅋㅋㅋㅋㅋㅋㅋㅋㅋㅋ
22246128,신지드세요? 냅다 달리기하네
22246181,ㅋㅋㅋㅋㅋㅋㅋㅋ
22246564,ㅋㅋㅋㅋㅋㅋㅋㅋㅋㅋㅋㅋㅋㅋㅋㅋㅋㅋㅋㅋ
22248069,피닉스박 ㅋㅋㅋㅋㅋㅋㅋㅋㅋㅋ
22248249,칼뷰 ㄷㄷ
22248488,ㅋㅋㅋㅋㅋㅋㅋㅋㅋㅋㅋㅋㅋㅋㅋㅋㅋㅋㅋㅋㅋㅋㅋㅋㅋㅋ
22248752,ㅇㅇ
22248811,애쉬폭탄 ㅋㅋ
22248865,애쉬 개웃기네 ㅋㅋㅋㅋㅋㅋㅋㅋㅋㅋㅋㅋㅋㅋㅋㅋㅋㅋㅋㅋㅋㅋㅋㅋㅋ
22248914,1/16/15
22249497,ㅋㅋㅋㅋㅋㅋㅋㅋ
22249575,ㅋㅋㅋㅋㅋㅋㅋㅋㅋㅋㅋㅋㅋㅋㅋㅋㅋ
22249835,님이 할 말임
22249857,<<<<<<<<
22249926,ㅋㅋㅋㅋㅋㅋㅋㅋㅋㅋㅋㅋㅋㅋㅋㅋㅋㅋㅋㅋㅋㅋ
22251512,리폿 ㄱㄱ
22254024,문도도 못버티는데 애쉬가 저기 떨어지노 ㅋㅋㅋㅋ
22255054,피닉스박 광대아님? ㅋㅋ
22255631,<<<<<<<<<<
22256152,거인을 거른순간 지옥은시작됐다……
22257678,칼바람 분당 2데스 박아도 리폿 안먹힘
22257975,1킬16데스 {:d_126:}{:d_126:}
22258339,<<<<<<<<<<<<<
22260688,ㅋㅋㅋㅋㅋㅋㅋㅋㅋㅋㅋㅋㅋㅋㅋㅋㅋㅋㅋㅋㅋㅋㅋㅋㅋㅋㅋㅋ
22262099,피박 광대임?
22262263,<<<<<<<<<<<<<
22265051,오
22265271,상대는 즐길거 다즐기네
22267213,줴줴이야
22267314,케일 1랩남음 ㅋㅋ
22267819,케일 ㅈㄴ쌘데
22267868,개고통받다 재미주고 끝났네 ㅋㅋㅋㅋㅋㅋㅋㅋㅋㅋㅋ
22268528,진짜 똥나오네
22268830,케일 16임
22270816,오 개카
22270991,뒤지게 세네
22271086,우리팀은 물음표 증강 안먹었는데 물음표 왤케 뜸 ㅋㅋ
22275207,상대는 고봉밥으로 재미보네 ㅋㅋㅋㅋㅋㅋㅋㅋㅋㅋㅋㅋㅋㅋㅋㅋㅋㅋㅋㅋㅋㅋㅋ
22275212,ㅋㅋㅋㅋㅋㅋㅋㅋㅋㅋㅋㅋㅋ
22275439,진짜 파카 맨날 캐리하네 ㅋㅋㅋ
22278048,피리부는 문도 ㅋㅋ
22280423,근데이거 거인 뽑았어도 그냥 코그모 딜량주작만 도와줬을거같은데
22281587,1/17/15 ㅋㅋ
22282176,야미
22283065,오
22283532,캬
22284164,컷
22284408,캬
22284456,야미
22284914,오 ㅋㅋㅋ
22285208,이길만한데
22285278,치였어 ㅋㅋㅋㅋㅋㅋㅋㅋㅋ
22285470,교통사고 굿
22285878,17데스 ㅋㅋ
22287122,캬
22287231,우마이
22288142,애쉬 ㅋㅋ
22288625,이길만하다니까
22288657,오
22289162,kda 1넘었노
22289420,물음표 ㅋㅋ
22290390,야미 ㅋㅋ
22290810,설마?
22292177,이즈 ㅋㅋㅋㅋㅋㅋㅋㅋ
22294475,신고는 님이 당하는거 아녜요?
22294546,안끝나네 {:d_126:}{:d_126:}
22295669,케일이 캐리하겠는데
22296608,와
22297216,코그모 영양간식이네ㅋㅋ
22299156,이즈 무한q네 ㅋㅋ
22299211,이즈도 진짜 존재감이 없네
22299480,피가 쭉쭉차네 ㅋㅋ
22299796,물음표 개사기
22301380,진땀승부 ㅋㅋ
22301864,와 근데 물음표 개사기다
22302178,어차피 문도는 망했음청년이야
22303351,와 이빨 ㄷㄷ
22303610,근데 저 개초딩증강 언제 삭제할지 모르겠네
22304763,ㅋㅋㅋㅋㅋㅋ피차느ㅡㄴ거 개사기네
22305339,케일 16이야
22305478,물음표 지독하네 ㄹㅇ
22306144,ㅋㅋㅋㅋㅋㅋㅋ
22307036,ㄷㄷ
22307149,마오 뭐 얼마나 이기고싶은거냐
22307329,오
22307938,어차피 맞고 죽는데 워모그 맞냐
22307982,세트 펀치
22310687,세트 주먹왤캐 쎄냐
22312648,파카 큰거 오냐
22313316,이걸 이기나
22314612,파괴살 ㄷㄷ
22315152,드롭킥
22315658,세트는 강해질일만 남았다는거임
22318124,{:d_126:}{:d_126:}{:d_126:}{:d_126:}{:d_126:}
22318739,거드라나 갈까요
22319387,피가옷 뜨면 캐릭이 바뀜
22320156,???
22321537,세트도 특이점오면 쌤
22321682,?
22322864,세트뭔데
22325047,세트강해짐
22325320,세트 왕귀 ㄷㄷ
22325328,어
22325694,특이점오면 셈
22325903,ㅁㅊ
22327001,어어?
22327305,특이점ㅈ왔나
22328269,16랩 문도 케일 오냐????
22328816,와 드롭킥 ㅋㅋ
22329291,거인먹엇나
22329309,어 이거?
22329345,드롭킥 파워
22330455,개카 특이점이
22332323,파카 개쌘데
22333308,어?
22333563,세트 드롭킥이라
22333679,오
22334091,이걸>
22334221,진짜 이기나
22334562,이긴다이제
22334970,옹?
22335373,와 파카 ㄹㅇ 캐리하네
22335591,던졌다
22335964,특이점왔다
22336156,특이점이다
22337215,몰가 귀신같이 조용해짐 ㅋㅋㅋㅋ
22338184,치키챠
22338988,어 이거 아직몰라
22339304,코그모가 문도보다 체력많다 ㅋㅋㅋㅋ
22339916,상대 후반 쓰래기야
22341093,아니 ㄹㅇ 순살문도뭐냐
22341440,16
22341882,왔따
22342167,어어
22342492,왔나
22343419,약속의 16렙
22343419,??
22344381,파카약속지키나?
22344601,와
22345435,뭔가뭔간데
22346199,?
22346847,파카 캐뤼
22347428,큰거오긴했네
22347446,극악 결대야?
22349381,결투의 대가 땜에 쎈거야
22350228,나 케일이라고!!!!
22351644,파카 약속의레벨왔다
22352427,케일 캐리각?
22352565,개카 18랩 ㄷㄷㄷㄷ
22352575,파카 특이점왔는데?
22355273,결대가 사기임
22355557,사기쳤네 파카님
22357285,파카 혼자 18렙ㅋㅋㅋ
22360474,결대 쌓으면 ad 1천도 넘ㄴ던데
22362842,파카를 믿어 물쥐님
22364294,파카만 지켜
22365387,16렙 문도도 왔다 ㄷㄷ
22365681,평타 10대만 때리게 해준다면
22367076,파카지키는플레이해보자
22371950,닉스박 렙 14 ㅋㅋㅋㅋ
22377972,어어
22378733,근데 이렇게 해도 코그모 w키면
22380117,다죽어
22380315,케일 궁
22381750,엄
22381958,5대5한타가 ㅈ으로보여?
22382082,{:d_126:}{:d_126:}{:d_126:}{:d_126:}{:d_126:}
22382414,이 악물고 애쉬 문도 던지는데 어캐이기냐
22383940,어
22384157,3333
22384359,3
22384639,탱크엔진?
22384793,33333333333
22385445,교통사고 잘 긁혔는디
22385599,333
22385648,탱크 ㄱㄱ
22385927,떴다
22386510,탱크 묵댜
22386607,333333
22386654,아근데
22386729,이게 이제 떠
22386787,333333
22387581,333333333
22387975,3
22387980,33333333333333
22388334,왜 이제떠
22388664,333
22388992,급속도 좋은데
22389437,모르가나 저놈 입털더니 지면 꼴좋겠는데
22389749,어어
22389993,스택 못쌓는 탱크엔진
22390145,어?
22390242,대카
22390309,파카 뭐야
22390572,너무 물렁살이라
22390984,급속성장낫지않나
22391099,????
22391149,어어어어
22391318,?
22391409,왔나?
22391769,대 인 욱
22391810,와
22391986,??
22392147,와
22392157,11
22392216,?
22392314,어?
22392364,캬
22392461,여기에 거인이었으면 진짜
22392512,이거 이제 이겼다
22392521,?
22392535,?
22392779,파카 약속지킴 ㄷㄷ
22392940,???????????
22393169,??
22393406,캬
22393576,아 못봤어
22393584,펜타?
22393785,오
22393930,머임?
22394175,??
22394225,?
22394335,뭐야 파카
22394477,어?
22394652,파카 뭐고
22394658,아
22395105,펜타 머지요?
22395368,대 인 욱
22395440,캬
22395646,펜타뭐야
22395748,{:d_126:}{:d_126:}{:d_126:}{:d_126:}{:d_126:}{:d_126:}{:d_126:}{:d_126:}{:d_126:}
22395947,????????????
22396091,탱크 쌓을시간이
22396395,??
22396661,대 인 욱
22396859,물쥐형 키보드 뭐로 바꾼거야?
22397181,살인욱
22397610,와
22398125,3다단
22398381,특이점왔다
22399427,나 케일이라고!!!!
22400307,예?????
22401414,캬캬
22401787,캬
22402475,사기쳤네
22402532,3다단 ㄷㄷ
22402671,캬
22402922,주문력 2천에 펜타킬 ㄷㄷ
22402962,축소 ㅋㅋ
22403582,증강 레전드긴하네 ㅋㅋㅋ
22404507,주문력 2500 미친 ㅋㅋ
22404707,꿈을이뤘음
22405546,진짜 캐리했네;
22405688,파카님 이거 양학이야;
22407255,작은거봐 ㅋㅋㅋㅋㅋㅋㅋ
22408744,대 파 카
22408820,결대구나
22412895,아 스트리머 잘못골라서 이런걸..
22414842,삼습만원
22416561,저럼 케일e패시브 딜 두번들어갈건데
22417425,결대에 다단중첩은
22417425,물음표로 미니언 정리하는거봐라
22419279,넵
22419461,왜이리 작음 저거 ?
22420453,파카는 작아지고 물쥐는 커지자
22422206,ㅈㄴ ㅆ헤긴하네
22423378,결대면 뭐
22424027,소카
22425959,기적이 일어나나?
22426552,오옹?
22426847,결대나온게 ㅈㄴ한수네
22427322,이겨도 파카만 재밌었단 거임
22427360,입털던 몰가 언니한테 참교육 ㄷㄷ
22428204,개작네 ㅋㅋㅋㅋ
22428602,와이거역전은 진짜 예상못했는데
22430011,파카 안빼네 ㅋㅋ
22434210,장판파
22434961,어어
22435048,끝났다 ㅈㅈ
22435629,파카죽으면
22436002,비상
22436184,ㅌㅌㅌ
22436406,ㅈㅈ
22436896,개카컷
22436959,끝났음
22437777,이럼?
22440423,줴줴이야
22441242,캬
22441580,ㅋㅋㅋㅋㅋㅋㅋㅋ
22442209,ㅋㅋㅋㅋㅋㅋㅋㅋㅋ ㅈ망
22443528,어
22445223,시간벌어
22445474,포탑도없ㄱ어서
22446459,줴줴
22446780,30초 버티나
22447451,끝나는 초식인데
22447962,ㅈㅈ
22448042,못막으면 끝나네
22448257,ㅋㅋㅋㅋㅋㅋㅋㅋㅋㅋㅋㅋㅋㅋㅋㅋㅋㅋㅋㅋㅋㅋㅋㅋㅋㅋㅋㅋㅋㅋㅋㅋ
22448363,어라
22449830,어어어
22450608,ㅋㅋㅋㅋㅋㅋㅋㅋㅋㅋㅋ
22451545,{:d_126:}{:d_126:}{:d_126:}{:d_126:}{:d_126:}{:d_126:}
22451918,케일 20초
22451934,줴줴이야...
22452218,퀸카 매혹 개웃기넼ㅋㅋㅋㅋㅋㅋ
22452287,녹느다
22452440,쥐재앙
22453707,30초만 버텨
22454714,버러지 4명인데
22454844,원딜없냐
22455659,애쉬 ㅋㅋㅋㅋㅋㅋㅋ
22455996,탱크엔진 (19데스)
22457708,끝나겠는데
22459026,통나무
22459457,결국 빅재미주고 끝났네 ㅋㅋㅋㅋㅋㅋㅋㅋㅋ
22460533,코그모 괴물같네
22461446,유ㅘ
22461448,이즈 있는거 방금알았음
22462191,엥
22462215,와
22462241,오
22462271,?
22462402,오ㅓㅏ
22462485,???
22462488,?
22462516,와
22462603,와
22462772,세트?
22462807,어?
22462936,???
22462989,어어
22463083,와
22463276,와
22463594,왓
22463692,와 ㅁ@ㅊ
22463936,세트 ㅋㅋㅋㅋㅋㅋㅋㅋ
22464359,오 세트
22464632,오 뭐냐
22465041,믿힌놈
22465066,세트 보소
22465288,엥뭐야?
22465981,세트뭐고
22466323,대 세 트
22466351,세트 지렷네
22466587,엔진(맨날터짐)
22466897,세트도 특이점 왔냐
22467114,세트 미쳤네 ㅋㅋㅋㅋㅋㅋㅋㅋ
22467428,세트가
22467438,세트의 특이점
22467571,세트 ㅋㅋㅋ
22468119,와 이거 이기겠는데 ㅋㅋ
22468264,대 황 맥
22469136,""" 파괴살 """
22469674,ㅋㅋㅋㅋㅋㅋㅋㅋㅋㅋㅋㅋㅋㅋㅋㅋㅋ
22471346,세트 케일이 통나무드노
22471532,세트뭐냐
22473295,가갑 안감?
22474568,케일 세트가 멱살캐리중
22475219,와 딜
22475299,근데 박종우씨는 무슨 챔프에요?
22476094,와
22476462,도깨비세트
22477314,이즈
22478028,엄
22480102,카메라감독  잘 좀 찍어봐
22480108,세트하고케일 서로 통나무 줜나 열심히드네
22480175,이즈 ..
22481054,와 개그모 개썌네 ㅋㅋㅋㅋㅋㅋㅋ
22482541,엥
22484005,이즈 개벌레네
22484900,똥카
22485477,이즈 김나와
22485936,코그모 피흡이왜저럼
22487027,근데 리폿되면 문도 정지아님?
22489381,뒤에서 멀뚱멀뚱~
22490047,캬
22490427,오
22490472,대 인 욱
22490921,캬
22491017,오?
22492136,와 딜봐라 ㅋㅋㅋ
22493577,이기나
22494173,그저 파카원툴
22495670,와 진짜 하나?
22495893,이즈 ap임?
22496910,케일이라했제
22497090,개귀엽네 케일ㅋㅋㅋ
22497481,뭐야 ㅋㅋ
22497732,?
22498877,이속 ㅋㅋㅋㅋㅋㅋㅋ
22499102,도달했다..
22499793,피흡한대
22499807,와 이속 ㅋㅋㅋㅋㅋ
22501307,ㅋㅋㅋㅋ
22501320,ㅋㅋㅋㅋㅋㅋㅋㅋㅋㅋㅋ
22501333,신 인 욱
22501579,ㅋㅋㅋㅋㅋㅋㅋㅋㅋㅋㅋㅋㅋㅋ
22501723,ㅋㅋㅋㅋㅋㅋㅋㅋㅋㅋㅋㅋㅋㅋㅋㅋㅋㅋㅋㅋㅋㅋ
22501792,ㅋㅋㅋㅋㅋㅋㅋㅋㅋㅋㅋㅋㅋㅋㅋㅋㅋㅋㅋㅋㅋ
22501926,zzzzzzzzz
22502527,ㅋㅋ
22503128,ㅋㅋㅋㅋㅋㅋㅋㅋ
22503316,달리는거봐 ㅋㅋ
22503519,ㅋㅋㅋㅋㅋㅋㅋ
22503573,nawa
22503594,피흡
22504840,빽핑 ㅋㅋ
22504857,단속
22504943,ㅋㅋㅋㅋㅋ
22505063,스택 ㅋㅋ
22505281,흡 혈 흡 혈
22506077,스택쌓아야되
22507385,결대
22508180,ㅠㅠ
22508861,문도~
22515714,궁 없어
22516955,끝낼수있나??
22518024,파카 궁 기다려
22518519,아 거인 먹었으면~
22520093,이속 왜 이렇게 빠르냐
22522198,지키는 플레이해야함
22526700,이걸이기네
22528847,어
22529762,{:d_6:}.o0(재밌겠다...)
22529861,이걸 이긴다고
22530022,쥐쥐~~~~~~~~~~
22530091,끝내잇
22530939,물괴님 물음표 들고 지네 ㅋㅋ << 쳐줘야대
22530963,와 ㅋㅋㅋㅋㅋ
22530995,뎀지 말안되네
22531552,이걸 이겨
22531596,와 개카
22531739,와 ㅋㅋㅋㅋㅋㅋ
22531908,대 인 욱
22532008,어이걸
22532046,대 인 욱
22532097,대황카
22532297,파카 딜뭐고
22532479,이걸이기네...
22532595,ㅋㅋㅋㅋㅋㅋㅋㅋㅋㅋ
22532663,캬
22532993,캐리
22533108,와 케일딜
22533285,GG
22533321,이걸 이기노
22533426,와 케일 딜이;
22533556,혼자 고통받았네
22533643,캐리
22533702,이걸 이기네
22533745,특이점이
22533906,쉽네
22534333,ㄱ-
22534622,캐뤼
22534776,더블스코어 ㅋㅋ
22535196,빠스
22535208,이걸이기네
22535261,대 인 욱
22535482,캐리
22535500,ㅋㅋㅋㅋㅋㅋㅋㅋㅋ
22535783,대 인 욱
22536054,ㅋㅋㅋㅋㅋㅋㅋㅋㅋㅋㅋ
22536073,ㄱ-
22536096,ㄱ-ㄱ-ㄱ-ㄱ--ㄱ-ㄱ-ㄱ-ㄱ-
22536122,{:d_126:}{:d_126:}{:d_126:}{:d_126:}{:d_126:}{:d_126:}{:d_126:}{:d_126:}
22536178,허무한 엔딩
22536184,어케 이겼노
22536522,결대나와서 이겼네
22536558,대 인 욱
22536714,ㅋㅋㅋ
22536770,파카가 진짜 기사님이네
22536892,버스
22537098,대인욱
22537261,대 파 카
22537386,?어케이김
22537546,진짜 이기네
22537661,아.. 스트리머 잘못골라서....
22537751,파카 발롱도르수상 ㅋㅋㅋㅋㅋㅋㅋㅋㅋㅋㅋㅋㅋㅋㅋㅋㅋㅋㅋㅋㅋㅋㅋㅋㅋㅋ
22537878,이걸 이기네
22537885,대 인 욱
22537986,버스
22538067,이각을 봣다고
22538071,흠..
22538249,ㄱ-
22538260,캐리
22538289,<<재미못봄
22538545,대인욱
22538856,?
22538910,증강사기침
22539062,그냥 파카만 재밌는거 아니에요?
22539089,{:d_126:}{:d_126:}{:d_126:}
22539333,재밌어하지 말라고!!!!!!!!!!!
22539346,종우는 뭐 있었냐?
22539389,대인욱 의심 ㄴㄴ
22539570,노잼승;;;;;
22539650,대 인 욱
22539748,대 인 욱
22539791,소 물 쥐
22539945,AD GAP
22539948,ㄱ-
22539956,나만노잼..
22540433,{:d_115:}{:d_62:}
22540624,텅빈승리...
22540734,현타..
22540764,문도 리폿 ㄱㄱ
22540802,ad gap
22541155,결대가 진짜 뎀지가 ㅋㅋㅋㅋㅋㅋㅋㅋ
22541221,근데 문도는 재미볼수가없었다 이건...
22541354,진짜 해주네
22541357,<< 그냥 쳐맞음 청년
22541402,이걸 버스타네
22541587,캐 리
22541710,(혼자만재미없음)
22542009,티원~
22542034,아 스트리머 잘못골랐네
22542143,{:d_126:}{:d_126:}
22542365,재미없는사람
22542454,케일 캐리요
22542707,{:d_126:}{:d_62:}
22542757,문도는 재미가 없다 ..
22542791,나만 재미없어
22542813,파카 멱살캐리
22542987,<<<<<<<<<<<<서렌치라한 사람
22542989,ㅋㅋ이악물고 던지는 문도 애쉬데리고 이기네
22543376,문도 캐리
22543477,. ..
22543596,파카가 겜잘알이긴하네 서렌충이랑 달라
22543708,재미못봄 ㄱ-ㄱ-ㄱ-ㄱ-ㄱ-
22544189,대인욱 캐리
22544231,전판 애쉬는 못해낸 승리
22544245,파카와 두 통나무들
22544474,멍때리니까 이겼노
22544678,개카 승 ㅋㅋ
22544703,혼자 도파민 뽑네 ㅋㅋ
22545099,이겨도 이긴게아님ㅋㅋ
22545526,ㅋㅋㅋㅋ
22545649,.....
22545850,ㅋㅋㅋㅋㅋㅋㅋㅋㅋㅋㅋㅋㅋㅋㅋ
22546106,캐리!
22546157,??? : 서렌치라고 !!!!!!!
22546338,텅빈 승리 ㅋㅋ
22546369,애쉬는...
22546889,파카와 짐덩이들
22546997,ㅋㅋ
22547122,대 인 욱
22547159,사람들이 이래서 탱커를 안해요.
22547490,물쥐님도 그냥 원딜해버리죠
22547567,ㅋㅋㅋㅋㅋㅋㅋㅋ
22547613,나만..
22547785,"혼자 게임하네 파카,,"
22548014,왜 나만....
22548472,D
22548628,{:d_126:}{:d_126:}{:d_126:}{:d_126:}{:d_126:}{:d_126:}{:d_126:}{:d_126:}{:d_126:}{:d_126:}
22548765,스트리머 잘못골랐네요 ㅋㅋㅋㅋㅋㅋㅋㅋㅋㅋㅋㅋ
22549245,ㅋㅋㅋㅋㅋㅋㅋㅋㅋㅋㅋㅋㅋㅋ
22549282,문도는 재미가 없다
22549724,닉스박 ㅋㅋㅋㅋㅋ
22549979,줴줴이야...
22549993,?
22550095,ㅋㅋㅋㅋㅋㅋㅋㅋㅋㅋㅋㅋ
22550278,{:d_126:}{:d_126:}{:d_126:}
22550338,세얼간이 승리 ㅋㅋㅋㅋㅋ
22550464,이노베이션 패싱
22550738,ㅋㅋㅋㅋㅋㅋㅋㅋㅋㅋㅋㅋㅋㅋㅋㅋㅋ
22550869,?
22550896,?
22551054,ㅋㅋㅋ
22551110,ㅋㅋㅋㅋㅋㅋㅋㅋㅋㅋㅋㅋㅋㅋㅋㅋㅋ
22551184,<<<<또 나만 재미없어
22551399,이또한 메튜령의 은혜겠지요...
22551744,아
22551755,야다
22551821,ㅋㅋㅋㅋㅋㅋㅋㅋㅋㅋㅋㅋㅋㅋㅋㅋㅋㅋㅋㅋ
22551854,아 tlqkf 진짜 표정 제일웃기네
22552059,?
22552299,D
22552459,쥐바
22552507,(나만 재미없었음 청년)
22552531,?
22552607,쥐바
22552645,?
22552666,ㅠ
22552859,ㅋㅋㅋㅋㅋㅋㅋㅋㅋㅋㅋㅋㅋㅋㅋㅋㅋㅋㅋㅋㅋㅋㅋㅋㅋㅋㅋㅋ
22552961,아니
22553566,물쥐는 왜 저런거 못함?
22553716,많은 생각에 빠진 장씨
22553733,?
22553734,ㅋㅋㅋㅋㅋㅋㅋㅋㅋㅋㅋㅋㅋㅋㅋㅋㅋㅋㅋㅋㅋㅋㅋㅋㅋ
22553834,?
22553850,ㅋㅋㅋㅋㅋㅋㅋㅋ
22553908,ㅋㅋㅋㅋㅋㅋㅋㅋㅋㅋㅋ
