chat_message,label
채팅제거 시바롬들아 그만해라 좀,2
마하반야민,6
어....,1
개웃기네 ㅋㅋㅋㅋㅋㅋㅋㅋㅋㅋㅋㅋㅋㅋㅋㅋ,0
ㅋㅋㅋㅋㅋㅋㅋㅋㅋㅋㅋㅋㅋㅋㅋㅋㅋㅋㅋㅋㅋㅋㅋㅋㅋㅋㅋㅋㅋㅋㅋㅋㅋㅋㅋㅋㅋㅋ,0
조아요!,6
니들은 그냥 져라 ㅋㅋ,2
오늘 코스피 5%가 올랐었어요 ㅋㅋㅋ,6
와 ㅅㅂ ㅋㅋ,1
이런거 첨보네 ㅋㅋㅋㅋㅋㅋㅋㅋㅋㅋㅋ,0
삼성전기…,6
누군가는 -7에 팔았다가 +4에 샀다가 다시 팔았을건데,6
큰손 슈카형도 안사면 코스피 3000간다 마통영끌해달라하자,6
삼각수렴중인데 암만봐도 하방임,6
찐바닥?,6
나가라 정몽규 홍명보,2
홍명보 구속~~,4
국장이 단타의ㅜ장이 됐구나 ㅠㅠ,3
티슈로 학폭터짐?,6
그럼 바로 밴이잖아요 ㅠㅠ,5
노르웨이 선제골 ㅅㅅㅅㅅ,0
흥민이 빼야 돼,6
개 지렸네,1
{:d_185:}{:d_185:}{:d_185:}{:d_185:}{:d_185:},6
애미뒤졌나,2
잉글랜드 모다네,6
"기회도많았는데 한골먹히네,.,",3
교체좀해라 제발,2
수급좀~~~~~~봐주세요~~~~~~~~,6
하닉코인. 가나요?,6
신기하너,6
뭐이씨 속으면 안됨? ㅠㅠ,3
저거먹히냐 ㅋㅋㅋㅋㅋㅋㅋㅋㅋㅋ,2
아다리 좋았네,6
이제 소리 내도돼 ㅋㅋㅋ,6
어뜨케…. 진짜,3
훈수는 밴이에요,6
노르웨이 뭐야 ㄷㄷ,1
용뺏겨서 ㅅㅂ하,2
과자가 넘어가냐!!!,6
ㅋㅋㅋㅋㅋㅋㅋㅋㅋㅋㅋㅋㅋㅋㅋㅋㅋㅋㅋㅋㅋㅋㅋㅋㅋㅋㅋㅋㅋㅋㅋㅋ,0
지고있네 ㅠㅠ,3
갑자기 보기싫네,4
무지개배경 어딨어,6
크로스가 안올라간거 자체가 변칙이다 진짜... 대단하다,1
{:d_134:}{:d_134:}{:d_134:}{:d_134:},6
내같으면 설영우 백승호 이런애들 안쓴다,6
잘찬노,6
훈수라고 밴하잖아요 ㅠㅠㅠ,3
걍 일본에서 방송한다는데,6
주주환원 자사주소각,6
교체좀해라 제발,2
코우커,6
못해요.. 난 아니여 ㅠㅠ,5
인버스로 다 몰려갔나봐요,6
형 분봉 지금이야!!!!!!!!!!!!!!!,1
일찍이 이런 하락은 없었다,6
전 전생에 물고기였나봐요 .. 파닥 파닥 ㅜㅜ,3
알간?,6
걍 ㅈㄴ못함 ㅄ들,4
무빙 토나온다,4
가난,6
와 차트 꼬라지 보소,2
가왕 ㅋㅋㅋ,6
윤가,6
껄껄~~~,6
어이쿠 ㄷㄷㄷㄷㄷㄷㄷㄷㄷㄷㄷㄷㄷㄷㄷㄷㄷㄷㄷㄷㄷㄷㄷㄷㄷㄷㄷㄷㄷㄷㄷㄷㄷㄷㄷㄷㄷㄷㄷㄷㄷㄷㄷㄷㄷㄷㄷㄷㄷㄷㄷㄷㄷㄷㄷㄷㄷㄷㄷㄷㄷㄷㄷㄷㄷㄷㄷㄷㄷㄷㄷㄷㄷㄷㄷㄷㄷㄷㄷㄷㄷㄷㄷㄷㄷㄷ,1
저걸 안사?,6
모 치즈 키,6
담배값 소소히게 벌어갑니다 ~~ 인간쓰래기들,6
케인아 찌질하다,6
ㅋㅋㅋㅋ 누워있다 골먹혔네 ㅅㅅㅅ,6
날 떠난다는 그 여자,6
진짜 홍명보 쳐 나가라,4
잘하네??,1
나가라 정몽규 홍명보,2
티원 폼이 안좋네..,3
재밌겠다,6
맨날 뒤로만 ㅉㅉ,4
재경기 브즈엉 경기,6
안오는데?,6
도박장ㅋㅋ,6
음봉 ㅋㅋㅋㅋㅋㅋㅋㅋㅋㅋㅋㅋㅋㅋ,1
병신들,4
ㄹㅇ ㅋㅋㅋㅋ,0
그만 누워라 ㅋㅋㅋㅋㅋㅋㅋㅋㅋㅋㅋ,4
와우 대박이노,0
ㅅㅅㅅㅅㅅㅅㅅㅅㅅㅅㅅㅅㅅㅅㅅㅅㅅㅅㅅㅅㅅㅅㅅㅅㅅㅅㅅㅅㅅㅅㅅㅅㅅㅅㅅㅅㅅㅅㅅㅅ,0
고점에서 팔고 저점에서 사면 되잖아,6
정몽규 나가!!!!,4
머야이게 ㅋㅋㅋㅋㅋㅋㅋㅋㅋㅋㅋㅋㅋㅋㅋㅋㅋㅋㅋㅋㅋㅋㅋㅋ,1
세레모니 스킵 s,6
수비 5명 벙찌고 있노 ㅋㅋㅋㅋㅋㅋㅋㅋㅋ,2
태석이 빼라,4
사면물리네..낚시장 ㅜㅜ,3
고지대 일찍 가서 적응보다 오늘온 체코가 더 잘한다??????????????????????????????????????????????,1
똥칸에 숨어.,6
염색해드리고 싶응데 방문해도 될까요?,6
아우 ㅠㅠ,3
황금고블린,6
어케넣었누 어케넣었누 어케넣었누 어케넣었누 어케넣었누 어케넣었누 어케넣었누 어케넣었누 어케넣었누 어케넣었누 어케넣었누 어케넣었누 어케넣었누,6
웃냐는사람매일잇네 ㅋㅋㅋㅋㅋ,6
이게뭐냐고ㅡㅡ,2
ㅋㅋㅋㅋㅋㅋ 롱숏대결,6
자야된다구웃,6
재경기 ㄱㄱ,6
ㅈㄴ 무섭네 ㅋㅋ,5
와 ㅋㅋㅋㅋㅋㅋㅋㅋㅋㅋㅋㅋㅋㅋㅋㅋㅋㅋㅋㅋㅋㅋㅋㅋㅋㅋㅋㅋㅋㅋㅋㅋㅋㅋㅋㅋㅋㅋㅋㅋㅋㅋㅋㅋㅋㅋㅋㅋㅋㅋㅋㅋㅋㅋㅋㅋㅋㅋㅋㅋㅋㅋㅋㅋㅋㅋㅋㅋㅋㅋㅋ,1
힝..,3
아사람 지금 밴유도 하는겁니다 절대 알려주면 안 돼요 ㅎㅎ,6
셸데르크 왜케 고딩같이 생김,6
ㄷㄷㄷ 엇박나면 바로 한강각인데,1
그만빠져라 ㅠㅠ,3
진짜 전형적인 개잡주 무빙이다,6
트로사르,6
슈도준!,6
바 진우,6
시장에서 야바위가 맞출 확률이 더 높겠다,6
교체좀해라 제발,2
슈사장님 살려주세여,5
노르웨이 일베다 쳐내,2
망함,5
지린다 ㅋㅋ,1
스피드런 하죠,6
흑흑,3
비-상,5
나락 ㅋㅋ,6
직업이셔?,6
키퍼 븅신이네,4
진격거 ㄷㄷ,1
다라이 살벌하네 ㅋㅋㅋㅋㅋㅋㅋㅋㅋㅋㅋㅋㅋㅋ,1
바지,6
국장은 답이없다,2
살려주세요 !!!!!!!!!!!!!!!!!!!!!,5
삼성전기 작살남,6
바누지,6
옌스 써라 땡보야,6
저도 첫번째에 속아서 갸처물림,2
장 마감 빨리오렴 ㅠㅠ,5
나이스샷 ㅋㅋㅋㅋㅋㅋ,0
그럼 보는거지,6
공 건드렷음 뭔 파울임,6
물먹랜드,6
안타면 풀반등이다,6
형은 시드가 무한이야?,6
와 ㅁㅊㅋㅋㅋ,0
방음부스에요,6
미친,1
ㅁㅊ 대박,1
제가 해드릴까용{:d_52:}{:d_52:}{:d_52:},6
불끄고,6
{:wc_9:}{:wc_9:}{:wc_9:}{:wc_9:}{:wc_9:}{:wc_9:}{:wc_9:}{:wc_9:}{:wc_9:}{:wc_9:},6
두번죽임ㅠㅠ,3
땅 명보 꼬올,4
핫도그 ..?,6
전쟁 터지려나,5
안들리네,6
공략 봤네,6
펜데믹 메타버스 차트아님?,6
ㅈㄴ웃기네 ㅋㅋ,0
치트엔진은 ㅋㅋㅋ,6
노 르웨이 ㅅㅅㅅㅅㅅㅅㅅㅅ,0
싸워 화장실에서 싸워,6
하... 내일 모르겠다,5
네이버는 오른것도 없는데 왜이래요.......,5
지린다ㄷㄷ,1
그만사줘 ㅠㅠ,3
애니비아나 쳐물지,2
전기 죽어여.ㅠ,3
미친,1
저런...,1
시발 존나무섭네 ㅋㅋㅋㅋㅋㅋㅋ,5
살려주세요~~~~~~~~~~~~~~~,5
보기싫어 ㅠ,3
취소 ㅅㅅㅅㅅㅅ,0
모찌론,6
정몽규 보여주자 마자 골먹네 왜 보여줬어,4
레츠고 지투 레츠고 지투],6
도발 ㄷㄷ,6
뭔 맨날 반대매매만 생각하노,6
그걸 어떻게 먹어요,6
몽구 나오고 골 먹네,6
다라이 살발하노,5
배당룰 0.1% 돈 60조 벌고 주주환원 계획조차 없음,6
ㅜㅜㅜㅜ,3
짜증나,2
앗싸! 한국 축구 망했다!!!나이스!!!!,3
습니다,6
이론상 한달이면 일론머스크 딸 수 있음,6
인버스도 국장이다! 인버스 가즈아!!,0
대 황 란 ㅋㅋㅋㅋㅋㅋㅋㅋㅋㅋ,6
뭐이씨 속으면 안됨? ㅠㅠ,3
토가시?,6
고민맨,6
미친 슈팅이네;;;,1
오이데~~~~~~,6
아 줴줴이야~,6
어케 저걸 다 먹어,6
지금왔는데엔딩보기전인가요후인가요진짜몰라서여쭤봅니다지금왔는데엔딩보기전인가요후인가요진짜몰라서여쭤봅니다지금왔는데엔딩보기전인가요후인가요진짜몰라서여쭤봅니다지금왔는데엔딩보기전인가요후인가요진몰,6
그냥 가야지,6
전 전생에 물고기였나봐요 .. 파닥 파닥 ㅜㅜ,3
몽규 잡히자마자 ㅣ발,2
체코 작전 전반하고 똑같은데 그걸 대비 안 하네 명보,6
엄청 어리네 ㄷㄷ,6
유교라,6
얘는 소리 못듣는 괴물이지않나,6
음봉 ㅋㅋㅋㅋㅋㅋㅋㅋㅋㅋㅋㅋㅋㅋ,1
개웃기네,0
인버스도 국장이다! 인버스 가즈아!!,0
개처웃기네,0
3패각,6
너무 작아졌어,6
저거 파울이라는 애들은 축구보지마라 ㅋㅋㅋ,6
ㅎㄷㄷㄷㄷㄷ,1
걍 용먹고 빠지지,6
보고잇엇노,6
반칙이네 걷어참,6
도둑과 경찰이잖아 칸막이ㅠ안에 숨는거ㅠ아님?,6
황말올,6
딥키스 개웃기네 ㅋㅋㅋㅋㅋㅋ,0
{:lck_2:}{:lck_2:}{:lck_2:}{:lck_2:}{:lck_2:}{:d_55:}{:d_55:}{:d_55:}{:d_55:},6
어어어어어어어 나이스인데,6
삼성전기는 어떤가요?,6
아 좀 심한거 나오겠네,4
짐싸라 ㅋㅋㅋㅋㅋ,4
쫄 쫄 ㅋㅋ,6
멀뚱멀뚱 ㅋㅋㅋㅋ ㅅㅂ,4
형 웃겨? 형 웃겨? 형 웃겨? 형 웃겨? 형 웃겨? 형 웃겨?,2
손흥민 찬스 몇개 쳐말아먹냐 ㅋㅋㅋ,2
케인 멋지다~!!!,6
ㅆㅂ,4
또 몬살게구네,2
상승 마감인데 이걸 안사?,6
아무도 점프 안뛰노 ㅋㅋㅋ,6
도란 ㅋㅋ,2
환화유출 ㄷㄷㄷㄷ,1
뭔 파울이냐 ㅋㅋㅋㅋㅋㅋㅋㅋㅋㅋㅋㅋㅋㅋㅋ,1
또또또속아,6
/박수/,6
언제팔어!!!?!,5
으악 ㅅㅂ,4
ㅅㅅㅅㅅㅅㅅㅅㅅㅅㅅㅅㅅㅅㅅㅅㅅㅅㅅㅅㅅㅅㅅ,0
순환매돈다,6
체코 이겨라!,6
온다,5
왜 아무도 안 붙어,4
레오나 팔 한짝 날라갔네,6
형 살려줘~~~,5
ㅆㅂ,4
ㅋㅋㄱㅋㄱㄱㄲ,0
요즘은 4848 하면 안됨,6
명보야 나가 그냥,4
허리 뽀가시,6
코스피 4000간다 이 글은 성지가 된다,6
주폭,6
돌쌤 ㄷㄷㄷ,6
옆그물인줄 ㄷㄷ,6
미친 원더골 ㄷㄷ,1
야호~~~~~~~~~~,6
개미투심 박살났어....ㅠ,3
헉!!,1
어휴 ㅉㅉ,6
도배하지마 짱ㄲ들아,2
삼성전기 살려주세요ㅜㅜ,5
진짜 개빡,2
임종전입니다 ㅠㅠ,3
결국 지는구나 ㅋㅋㅋ,3
ㅇㄱㅇㄱ,6
찌ㅣㅣ,6
ㅈㄴ무섭네,5
한국 돈이 일본에 샌다 ㅋㅋㅋ,6
지리네 ㅋㅋㅋㅋㅋㅋㅋㅋㅋ,1
ㅋㄱㄲㄱㅋㅋ,0
/조졌다,5
이강인 손흥민을 전혀 못씀 홍명보 ㅋㅋㅋㅋ 뻥축구,4
아니 휘슬 안불었으면 끝까지 해야지 잉글 집중력 봐라,6
신이다,6
/채팅없앰,6
작은 애들 뽑아놓고 작다고 징징거리냐,4
픽포드 ㄷㄷ,1
오옹 나이스,0
핫!,1
들어가!!!!!!!!!!,6
목소리가 두개지요,6
ㅓ,6
걍져라 !~!~~~~~~~~~~~~~~~,2
와 ㅋㅋㅋㅋㅋㅋㅋㅋㅋㅋㅋㅋㅋㅋㅋㅋㅋㅋㅋㅋㅋㅋㅋㅋㅋㅋㅋㅋㅋㅋㅋㅋㅋㅋㅋㅋㅋㅋㅋㅋㅋㅋㅋㅋㅋㅋㅋㅋㅋㅋㅋㅋㅋㅋㅋㅋㅋㅋㅋㅋㅋㅋㅋㅋㅋㅋㅋㅋㅋㅋㅋ,1
저런,3
에렌 ㄷㄷ,6
1인 기업세,6
우린 힘이 하나도 없ㄷ어 ㅠㅠ,3
와 ㅋㅋㅋㅋㅋㅋㅋ,0
걍 ㅈㄴ못함 ㅄ들,4
하.. 이게 뭐라고 ㅠㅠ,5
슈카님 근데 시황 이거 왜 해요??,6
매수안햇잖아 너 ㅋㅋㅋㅋㅋㅋㅋㅋ,6
엄살이지,6
잘하다가 여기서 어휴,6
내 예상 대로,6
노르웨이 우승!!!,0
아노…,6
조현우 넣어라 ㅅㅂㅂㅂ,2
초면인가요?,6
환율살려,5
ㅅㅅㅅㅅㅅㅅㅅㅅㅅㅅㅅㅅㅅㅅㅅㅅㅅㅅㅅㅅㅅㅅㅅㅅㅅㅅㅅㅅㅅㅅㅅㅅㅅㅅㅅㅅㅅㅅㅅㅅㅅ,0
....,3
본토산 퀴즈?쇼,6
단타를 어케 .. 와.. 못해 ㅠㅠ,5
크로스ㅜ???????,6
불안한데.. 구름대 머리 맞고 내려왔는데,5
정호경화이팅,6
/헉_s//헉_s//헉_s/,6
헤딩 하나는ㅋㅋㅋㅋㅋㅋ,1
개미 꼬셔야지 잠깐 올여서 ㅋ,6
레버는 지옥이예뉴,6
진짜 그 얼굴 나오니.먹히냐,4
수비 5명 벙찌고 있노 ㅋㅋㅋㅋㅋㅋㅋㅋㅋ,2
눈보송,6
크로스네 ㅋㅋㅋㅋㅋㅋㅋㅋㅋ,6
돔황챠,6
3번누구냐,6
정몽규 보여주자 마자 골먹네 왜 보여줬어,4
부장님엑 깨지지 뭐,6
개지리노,1
야호도 몰랐어,6
아니 기회가 얼마나 많았는데 {:d_58:}{:d_58:}{:d_58:}{:d_58:}{:d_58:}{:d_58:},2
야야야,6
원래 이런 방인가욤 ㅠㅠ,5
뻥글랜드 ㅈ됬네 ㅋㅋㅋ,6
え,6
구경하냐,4
무슨 고지대 적응했다는 애들이 ㅋㅋㅋ 적응 못한애들보다 못 뛰냐,2
투현준이들아 제발 좀 집중 좀 해줘라 폼을 끌어올리던지,6
무한 동력이네..,1
꼽기견 뭐냐,2
꼽기견 뭐냐,2
+무지개배경,6
진짜 어휴,2
가수네요,6
농구배구선수ㄷㄷ,1
1000억 슈카 ㄷㄷㄷㄷㄷㄷㄷㄷㄷㄷㄷㄷㄷㄷㄷ,1
대퓨님만.,6
형 난 물었어,6
그지겜,6
입 벨튀 ㄷㄷ,1
그래 그정도는 기억해라..,6
넘힘,6
골키퍼 뭐하는 놈이냐,2
르,6
진짜 슈카네.,6
홍명보 멸망 가즈아,6
ㅋㅋㅋㅋㅋㅋㅋㅋㅋㅋㅋㅋㅋㅋㅋㅋㅋㅋㅋㅋㅋㅋㅋㅋㅋ개웃기노],0
그럼 이제 다시 오르네???,6
어깨겁시다,6
첨벙첨벙 소리 개빡이다 ㅅㅂ,5
공건들엿잖아 뭔 파울이고,6
픽포드 왜 손 빼 ㅋㅋㅋ,6
교체좀해라 제발,2
와ㄷㄷㄷㄷㄷㄷㄷㄷ,1
장 마감 빨리오렴 ㅠㅠ,5
ㅋㅋㅋㅋㅋㅋㅋㅋㅋㅋㅋㅋㅋㅋㅋㅋㅋㅋㅋㅋㅋㅋㅋㅋㅋㅋㅋㅋㅋㅋㅋㅋㅋㅋㅋㅋㅋㅋㅋㅋㅋㅋㅋㅋㅋㅋ,0
/채팅초고속,6
손흥민 쳐나가라 ㅋㅋ,4
다라이 ㅋㅋㅋㅋㅋㅋㅋㅋㅋㅋㅋㅋ,0
ㅈ댓다 물뭔데 이거 ㅋㅋㅋㅋㅋㅋㅋㅋㅋㅋㅋㅋㅋㅋㅋㅋㅋㅋㅋㅋㅋㅋㅋ,5
개미쳤다,1
그냥 너무 답답해,2
이게 도박장이아니고 뭐야 미친거아니냐고,1
엄청 기다렷어요 불안해서요,5
신 르 웨 이,6
졸못하네,4
공중권 ㄷㅈ와ㄷ,6
죽은고양이,6
골ㄷㄷ,1
무슨 축구가 쿠팡도 아니고,6
손흥민 빼라,4
저런,3
일부러 안죽이는거 아님?ㅋㅋㅋ,6
살려주세요~~~~~~~~~~~~~~,5
08은 진짜 어리네,6
픽포드는 맨날 소리만 지르노,6
(애교아님),6
페이즈 컷,6
BED씬,6
조졌네,5
헉!!,1
고양이가 야옹해요,6
"야신 : ??? 누가 막긴 내가 막지,,",6
광탈각이누..,3
죄송해요 케인님 ㅠㅠㅠㅠㅠㅠㅠㅠ,5
{:wc_37:}{:wc_37:}{:wc_37:}{:wc_37:}{:wc_37:}{:wc_37:},6
아리가땡스~,6
그냥 오늘 cpi 나스낙이나 하자,6
신기하다 게임이....,1
원래 주식도 주식 이름 말곤 모르긴해~,6
오늘 cpi 인데 곘냐고,6
쫄아서 바로 문닫음 ㅋㅋㅋㅋㅋㅋ,0
케인 나빠다ㅠㅠ,3
외부 일정이요?,6
살까??,6
두번죽임ㅠㅠ,3
2패예약 ㅅㅅㅅ,6
ㄷㄷ,1
카에데양~,6
ic,6
승규야 몽규랑 같이 나가 죽어라,2
동네사람들~~~~~~~~,6
오전에 코스피 5%올랐다가..,6
앞에잇다,5
장난????????,1
ㄹㅇㅋㅋ,0
노노노노노 그렇겐 안돼 잠시 기억 속에 머물단 갈수 없어~,6
상승가네~!!!!!!!!!!!,0
단일종목레버리지로 도박장 만들어서 증시 박살낸 역대급 무능하고 심지어 무책임한 정부..... 개미들 돈 털어서 외국인들 떠먹여줌 양털깎이 레전드네,6
버그네 ㅋ.ㅋ,6
꼽견 이제 좀 나가라,4
코젤다크 불매,6
형 양봉망치캔들인데?,6
아 이거 똥싸다끊은거같이 ㅋㅋ,4
변압기 ㅎㄷㄷㄷ,6
개억지를 부려 ㅋㅋ,0
-9때 던지고 올라가는 거 본 사람 가슴아프겄네 ㅋㅋ,6
제바리투,6
오 노래잘함.ㅋㅋㅋㅋㅋㅋㅋㅋㅋㅋㅋㅋㅋ,1
티원 다운 ㅋㅋㅋㅋㅋㅋㅋㅋㅋㅋ,2
졸라 재미있다 ㅋㅋㅋ,0
전술이 없는데 어떻게 이기냐,2
ㄲㅈ,4
엥?,6
온다,5
ㅅㅅㅅㅅㅅㅅㅅㅅㅅㅅㅅㅅㅅㅅㅅㅅㅅㅅㅅㅅㅅㅅ,0
인버스도 국장이다! 인버스 가즈아!!,0
포켓몬 맞추기,6
주주들 표독한거보니까 곧 저점인듯 합니다!,6
브이엠도 봐주십숑.....ㅠ,5
/채팅재개,6
잘하네??,1
또 꺾인다~~~~~~~~,2
삼전기,6
골 ㅅㅅㅅㅅㅅㅅㅅㅅㅅㅅㅅㅅㅅㅅ,0
아직 바닥 아님 ㅜㅜ,5
코스피 8% 밀었음 고점대비,6
앞에서,6
{:d_106:}{:d_106:}{:d_106:}{:d_106:}{:d_106:},6
늙었어,6
준비도 못한 팀 상대로 골 먹고 ㅠㅠ,3
ㅈㄴ 무섭네 ㅋㅋ,5
에또,6
와 무섭,5
ㅋㅋㅋ 아 어이없다,2
진짜.. 단타 무섭네 ㄷㄷ,5
체코도 못이기면 월드컵 어떻게 하겠다는거녀,2
굴림 안쓴게 어디야,6
이번주 내내 하락일텐데. 겠냐에요,6
덥석,6
내려간다 내려간다,6
첨벙첨벙 소리 개빡이다 ㅅㅂ,5
여태 골 못넣은 손흥민 은퇴해야겠지…?,6
홍타쿠 ㄷㄷ,1
밥 먹으면서 하죠,6
그래 g2 조합이 한타 조합이라 모름 진짜.......,3
얘기하면 혼내시자나요ㅠㅠ,3
파도타기만 잘하면되네,6
케엄살 ㅅㅅㅅㅅㅅㅅㅅㅅㅅㅅㅅㅅㅅㅅㅅㅅ,0
캡짱스,6
키퍼  정신 줄 놓고 있었네,6
정몽규회장시발,4
대ㅡㅡㅡㅡㅡㅡㅡ박,1
저는 몰라요 ㅎㅎ,6
포대장 ㄷㄷㄷ,1
아무 골대에라도 넣어라~~,6
수ㅡ파,6
왜 이렇게까지 밀어재끼는거야,1
교체도안하고 대체 뭔생각이냐? 집중력다떨어져있는거보이지도않나,2
유명인 ㄷㄷ,1
근데 ㅋㅋ,6
졸부닉스,6
나빠다ㅠㅠ,3
비상ㅇㅇㅇㅇㅇㅇㅇㅇㅇㅇㅇ,5
역배팅 헷는데 이걸!!!!,2
체코민국 짝짝짝짝짝체코민국 짝짝짝짝짝,6
진짜 어휴,2
으ㅏㅏㅏㅏㅏㅏㅏㅏㅏㅏㅏㅏㅏㅏㅏㅏㅏㅏㅏㅏㅏ,3
쿵쿵 盧 쿵쿵 盧 쿵쿵 盧 쿵쿵 盧 쿵쿵 盧 쿵쿵 盧 쿵쿵 盧 쿵쿵 盧 쿵쿵 盧 쿵쿵 盧 쿵쿵 盧 쿵쿵 盧 쿵쿵 盧 쿵쿵 盧 쿵쿵 盧 쿵쿵 盧 쿵쿵 盧 쿵쿵,6
머냐 이건ㅋㅋㅋ,1
⚽️⚽️⚽️⚽️⚽️⚽️⚽️⚽️⚽️,6
아니 뭔 넥장에서 또샀어,6
ㅈㄴ재미없네,2
인버스도 국장이다! 인버스 가즈아!!,0
좆명보 꺼져. 좆명보 꺼져. 좆명보 꺼져. 좆명보 꺼져. 좆명보 꺼져. 좆명보 꺼져. 좆명보 꺼져. 좆명보 꺼져. 좆명보 꺼져. 좆명보 꺼져.,4
ㅋㅋㅋㅋㅋㅋㅋㅋㅋㅋㅋㅋㅋㅋㅋ?,0
와 ㅅㅅㅅㅅㅅㅅㅅㅅㅅㅅㅅㅅㅅㅅㅅㅅㅅㅅㅅㅅㅅㅅㅅ,0
비상!!,5
몽규 화면 잡지마라~~,6
취소될듯 ㅋㅋㅋㅋㅋ,6
레버리지는 저거두배,6
들어가면 공시하세요 도망치게,6
?ㅋㅋㅋㅋㅋㅋㅋㅋ,0
버그 ㄷㄷ,1
잘하네...,3
스트레스 받게하네 진짜,2
븅신들,4
"기회도많았는데 한골먹히네,.,",3
/홍명보 제거 썼는데 왜 제거 안되누,4
짜증나,2
ㅗㅜㅑㅗㅑㅜ,1
점마 꼇는데??,6
살려주세여,3
..,3
연경이 누나는ㅇ ㅈ이지,6
"와 레전드네,.,",1
박살나는중,2
니니 안오시나요,6
200층분들 살아계신가요,6
케인큰거했다 케인큰거했다 케인큰거했다 케인큰거했다 케인큰거했다 케인큰거했다 케인큰거했다 케인큰거했다 케인큰거했다 케인큰거했다,6
스엑스,6
작은 애들 뽑아놓고 작다고 징징거리냐,4
ㅋㅋㅋㅋㅋㅋㅋㅋㅋㅋㅋㅋㅋㅋ,0
반도체 억까 개심하긴하지?,2
오너 그걸 발사를,6
오냐 성얘기 마음껏 해주마,6
왜 아무도 안 붙어,4
또 꺾인다~~~~~~~~,2
삼전기 한 번만 봐줘요 ㅠㅜ,3
진짜 개변태같네,4
핫브레이크 또 걸렸냐,6
개귀엽네,6
치트엔진으로 한탕하죠,6
좀키워줘,6
대한ㅁ;ㄴ구 개병신년들아ㅜ,4
조졌죠 ㅋㅋㅋ,6
이중세금 내신데요,6
그치 위로 땡기잖아,6
저거먹히냐 ㅋㅋㅋㅋㅋㅋㅋㅋㅋㅋ,2
공물을 바쳐요,6
겨털이없네 ㅋㅋㅋㅋㅋㅋㅋㅋㅋ,0
ㅈ댓다 물뭔데 이거 ㅋㅋㅋㅋㅋㅋㅋㅋㅋㅋㅋㅋㅋㅋㅋㅋㅋㅋㅋㅋㅋㅋㅋ,5
죠짐,5
왜 처들어간거야,2
ㅋ헉,6
위치 특정,6
속터질듯,2
왜구일정,6
훈수,6
케인 더 누워라 ㅋㅋㅋㅋㅋㅋㅋㅋㅋㅋㅋ,6
특별를ㄹㄹㄹㄹ,6
한명을 못 뚫노,4
진로 반등의 서막?,6
떠나자,6
손흥민 빼라...,2
보노보놐ㅋㅋㅋㅁㅋ,0
개 웃기네,6
찝찝맨...,5
왜 이렇게까지 밀어재끼는거야,1
ㅋㅋㅋㅋㅋㅋㅋㅋㅋㅋㅋㅋㅋㅋㅋㅋㅋㅋㅋㅋㅋ,0
경합 붙혀라 노르웨이야,6
완 플러스 원,6
문 부수는 거 아녀?,6
너무하네,6
슈형이 계속 방송 키는거 보니 레알 ....비상상황이구나,6
이야 골 예술이노,1
머로,6
짜증난다 ㅅㅂ,2
모지롱모찌롱,6
ㄱㄱㄱㄱㄱㄱㄱㄱ,6
노르웨이 우승각이다 ㄹㅇ,6
엄,6
15남았어,6
저게 들어가네,1
엄청 기다렷어요 불안해서요,5
속상하다 정말 {:d_58:}{:d_58:}{:d_58:}{:d_58:}{:d_58:}{:d_58:},6
이기혁은 명보픽이지?!,6
골인정 ㅅㅅㅅㅅㅅ,0
/체코제거,6
미쳤네 ㄹㅇㅋㅋㅋㅋㅋㅋㅋㅋㅋㅋㅋㅋㅋㅋㅋㅋㅋㅋㅋ,1
유튜브 봐야 알지,6
ㅅㅅㅅㅅㅅㅅㅅㅅㅅㅅㅅㅅㅅㅅㅅㅅㅅㅅㅅㅅㅅㅅㅅㅅㅅㅅㅅㅅㅅㅅㅅㅅㅅㅅㅅㅅㅅㅅㅅㅅㅅㅅㅅㅅㅅㅅㅅㅅㅅㅅㅅㅅㅅㅅㅅㅅㅅㅅㅅㅅㅅㅅㅅㅅㅅㅅㅅㅅㅅㅅㅅㅅㅅㅅㅅㅅㅅㅅㅅㅅㅅㅅㅅㅅㅅㅅㅅㅅㅅㅅㅅㅅㅅㅅㅅㅅㅅ,0
에데양~,6
살려주세요ㅕㅕㅕㅕㅕㅕㅕㅕㅕ,5
학폭 터짐 ㅠㅠㅠㅠ,3
짜증나,2
장 마감 빨리오렴 ㅠㅠ,5
화장실이 진짜지.....,5
가짜는 뭐임 그럼 ㅋㅋ,6
아아,6
그래도 슈카형 자주봐서 좋네,6
존나 재미있어,0
웃음이 나오냐?,2
튈수있나?,6
말이 되나,6
다이빙 ㅋㅋㅋ,6
/채희준제거,6
뒤져라 체이커,2
아 근데 진짜 계속 비비기만하고 뭐 하는게 없냐 답답하네 일단 때려야할 거 아냐 아까 그 찬스를 놓치고,2
나라망햇나요??,1
장 마감 빨리오렴 ㅠㅠ,5
교체좀해라고 시발,2
홍명보 멸망,4
떨거지 같은,6
ㅈㄴ무섭네,5
반등임??아님 내일 떨어지나.?,6
노르딕,6
케인 나빠다ㅠㅠ,3
var 들어갈거 같은데,6
분봉 진짜 레전드,1
삼성전기봐주세요ㅠㅠㅠㅠㅠㅠㅠㅠ,3
zzzzzzzzzzzzzzzzzzzzzzz,0
고리노,6
진엔딩 봐요,6
니들은 그냥 져라 ㅋㅋ,2
ㄴㅇㅅ,0
27층 살려줘..!!,5
망했네,6
다라이 살발하노,5
모니터를 지지기는 ㅋㅋㅋ,6
안 오나봐,6
엌ㅋㅋㅋㅋㅋㅋㅋㅋㅋ,0
뒤에 2명 멍때리노,2
타점 보소,1
오너가 왜 박은거고,1
ㄷ재표님 ㅋㅋㅋㅋ,0
투 원딜,6
레츠고 지투~~,6
서전주 교감 나가라,6
쪽팔린다 ㅡㅡ,2
핸드메이드,6
{:d_116:},1
진짜.. 단타 무섭네 ㄷㄷ,5
홍명보제거/홍명보제거/,6
외인이,6
아오 홍명보야 이게 축구냐? 진짜 접어라 정몽규 개새야 넌 현대아웃이다,4
이걸?,6
세트 못짠 명보 아웃,6
바이킹 잉글랜드 정복,6
우 원 페,6
도배하지마 짱ㄲ들아,2
장대 양봉으로 전고탈환 출발 대기중~ 너만 오면 ㄱ,6
망함,5
하이닉스는 이제 쓰레기 잡주에요ㅠ,6
도란 ㅋㅋ,2
/채팅2배,6
44에서 7 ㅋㅋㅋㅋㅋㅋㅋㅋㅋㅋ,6
메챠쿠챠포대장,6
슈붕어,6
또 케인이야 ㅋㅋㅋㅋㅋㅋㅋㅋㅋㅋㅋㅋㅋㅋㅋㅋㅋㅋㅋㅋㅋㅋㅋㅋㅋㅋㅋㅋㅋㅋㅋㅋㅋㅋㅋㅋㅋㅋㅋㅋㅋㅋㅋㅋㅋㅋㅋㅋㅋㅋㅋㅋㅋ,6
3000제한,6
직스를 못쓰는 팀,6
형 대우건설좀 봐줘요... 어찌헤야하나요 ㅠㅠ,6
쉘데르크 ㅁㅊ,1
골취소,6
으ㅏㅏㅏㅏㅏㅏㅏㅏㅏㅏㅏㅏㅏㅏㅏㅏㅏㅏㅏㅏㅏ,3
치트엔진 서치 중 ㄷㄷ,1
개미지옥도 아님. 그냥 염라대왕도 줄서야됨,6
영도나봐요,6
와 드간거지,1
이번판 빡이네,6
"그게 뭐에요 토하고 먹고, 토하고 먹고...완전 삭이장애네",6
ㅅㅅㅅㅅㅅㅅㅅㅅㅅㅅㅅㅅㅅㅅㅅㅅㅅㅅㅅㅅㅅㅅㅅㅅㅅㅅㅅㅅㅅㅅㅅㅅㅅㅅㅅㅅㅅㅅㅅㅅㅅㅅㅅㅅㅅㅅㅅㅅ55ㅅㅅㅅㅅㅅㅅㅅ55ㅅㅅ5ㅅㅅㅅㅅㅅㅅㅅㅅㅅㅅㅅㅅㅅㅅㅅㅅㅅㅅㅅㅅㅅㅅㅅㅅㅅㅅㅅㅅㅅㅅㅅㅅㅅㅅㅅㅅㅅ,0
죠짐,5
오 무적존인가,6
허...,3
ㅇㅇ 맞음,6
채희준 민주기모찌,6
화내기 ㅋㅋ,6
살려달라구ㅜㅜㅜㅜㅡ,5
영!차!,6
몽규 얼굴 나오니까 골 먹히네ㅋㅋ,6
보러가지도 않네...,6
첨부터?,6
var로 취소될지도,6
160가줘 제발..,5
말투 ㅈㄴ웃기네,0
삼성전자가 버티면 다음주는 희망이 잇당,6
끼에엑,6
차트보면 사고 싶지 않음..,4
안 보이는데 어딧노,6
ㅈ같닼ㅋ,4
케인.,6
봤다,6
레오나 궁 하나에 어떻게 될 지 모르긴 함,6
슈불,5
바로 안오는게 더 불안한데ㅋㅋ,5
ㅇ ㅑ‘,6
속자,6
1인 기업세는 뭐야 ㅋㅋ,6
ㅋㅋㅋㅋㅋㅋㅋㅋㅋㅋㅋㅋㅋㅋㅋㅋㅋㅌㅌㅋㅋㅋ,0
ㅋㅋㅋㅋㅋㅋㅋㅋㅋㅋㅋㅋㅋㅋㅋㅋㅋㅋㅋㅋㅋㅋㅋㅋㅋㅋㅋㅋㅋㅋㅋㅋㅋ,0
개판이네,4
ㄷㄷㄷㄷ ㅠㅠㅠ 녹아녹아 ㅠㅠ,5
/,6
점쟁이도 못발라먹어,6
계단식 하락 ㄴㅋㅋㅋ,6
어차피 망한거 더 망치고 욕이나 실컷 먹어라!!!!!!,2
시간파괴자진우,6
장난하냐,2
아시`ㄳ팔진짜,2
그저 영국흥민 ㅋㅋㅋ,6
ㅋㅋㅋㅋ병신 명보야 ~,4
룩삼 전 조회수 1위 영상을 아는 사람:,6
4848,6
와 소리,1
끝났네,6
개웃기네,0
뭐가 파울임 도대체 ㅋㅋㅋㅋㅋㅋㅋㅋ,6
바로 안오는게 더 불안한데ㅋㅋ,5
지누앤딩은 영도로 봐요,6
ㅈ같닼ㅋ,4
가랑이 사이로 못지나가나,6
으윽,6
하닉곱버스 거래대금 ㄷㄷㄷㄷ,1
놈뚜기,6
살려줘 ~~~~~~~~~,5
여기였꾸나!,6
드리리케요,6
ㅈㄴ무섭네,5
ㅋㅋㅋㅋㅋㅋㅋㅋㅋ,0
골 취 ㅅㅅㅅㅅ,0
미쳣다,1
홍명보 경질,4
베인 더럽다,6
진지 잡쉇어~~  습박ㅋㅋㅋ,6
조심해!!!!,5
어안이벙벙하네,6
골 ㅅㅅㅅㅅㅅㅅㅅㅅㅅㅅㅅㅅㅅㅅ,0
슈카형 진심으로 좋아하네 표정이 ㅋㅋ,6
그냥 대화를 나간다는 의미에 떠난다같아요,6
와...,1
/저속모드,6
저자 창고,6
비응신ㅁ들,4
인게임 마이크 4칸짜리 소음 ㄱㄱ,6
ㅈ댓다,5
살려주세요~~~~~~~~~~~~,5
명보 꼴좋다,6
무서워요 ㅠㅠ,5
손흥민 빼라,4
명보야 나가 그냥,4
이태석은 언저 나가,6
와 개잘찻네,1
이제 텐백 가자,6
무섭다.. 난 안되겠다..,5
전기 죽어여.ㅠ,3
무섭노 ㄷㄷㄷ,6
스제,6
아 진짜 ㅈㄴ웃기네 ㅋㅋ,0
홍타쿠 ㄷㄷ,1
또 탑정글이다,2
머임?ㄷㄷ,1
표정 싱하형같네,6
골키퍼 뭐하는 놈이냐,2
엇박자,6
이게 도박이지 주식이냐,2
wwwwww,6
5칸임,6
병신들 집에가라,4
이게 무슨 우기면 골취소여,6
찰박찰박,6
ㅅㅅㅅㅅㅅㅅㅅㅅㅅㅅㅅㅅㅅㅅㅅㅅㅅ,0
쳐다만보냐,2
엔화 파격할인,6
줴줴이야 ㅋㅋㅋㅋ,6
캬ㅑㅑ',1
케엪씨!,6
ㄷㄷㄷㄷ ㅠㅠㅠ 녹아녹아 ㅠㅠ,5
지금이니.........,6
제발 살려주세요,6
ㅋㅋㅋㅋㅋㅋ명보한테 뭘바라노,4
말에 성조가있네 ㅋㅋ,6
한본어 ㅋㅋ,6
ㅋㅋㅋㅋㅋ 두가자,0
형 복구해야지,6
학폭 개웃기넼ㅋㅋㅋㅋㅋㅋㅋㅋㅋㅋㅋㅋㅋㅋㅋㅋ,0
ㅋㅋㅋㅋㅋㅋㅋㅋㅋㅋㅋㅋㅋㅋㅋㅋㅋㅋㅋㅋㅋㅋㅋㅋㅋ개웃기노],0
계곡이냐?,6
뭔가 온다,5
선수좀 바까라 ㅋㅋㅋㅋㅋㅋㅋㅋㅋㅋㅋ,2
역시 전직 삼성,6
망치형이에요 반등신호임,6
무관심,6
왼쪽 라인이 ㅄ인데,4
이캔들을 참네 진짜 슈카가,6
첨벙첨벙,6
이기혁 또 놓치냐...,3
진짜 홍명보 쳐 나가라,4
태극권 십고수네,6
v자 반등 안나와요?! ㅜㅜ,3
야이ㅣㅣㅣㅣㅣㅣㅣㅣㅣㅣㅣㅣㅣㅣㅣㅣㅣ,2
똑똑한 형 한마디만!!!,6
사무게탕,6
슈불,5
쩌억,6
컨텐츠로 물려보죠,6
주가랑 환율이랑 트레이드 중임?,6
소리 ㅅㅂ,1
2개 더있네,6
이게 뭔가요,1
대기업 윤 상,6
갸루귀신,6
....,3
노 네 지금 무  라고 현 노???,6
꼼깸 쳐내,4
손흥민 찬스 몇개 쳐말아먹냐 ㅋㅋㅋ,2
찐반 아니야,6
망햇다 망햇음 헤헤,3
어흐..,6
뭔각이냐 ㅋㅋㅋ,6
손흥민 쳐나가라 ㅋㅋ,4
역시 축구채팅은 드럽네,6
나이스 졋다 ㅋㅋㅋㅋㅋㅋㅋㅋㅋㅋㅋㅋㅋㅋㅋㅋㅋㅋㅋㅋㅋㅋㅋㅋㅋㅋㅋㅋㅋㅋㅋㅋㅋㅋㅋㅋㅋㅋㅋㅋㅋㅋㅋㅋㅋ,2
찝,5
ㅋㅋㅋㅋㅋㅋㅋㅋㅋㅋㅋㅋㅋㅋㅋ,0
까보자,6
망함,5
무한 동력이네..,1
기업 (사장과 나밖에 없음),6
얼마나 잃고싶은지 감도안옴 ㅋㅋㅋ,0
말하면 스포밴이자나요 ㅠㅠ,5
닉스 너무 쌈 ㅠ,3
그러게요ㅎㅎ,6
체코한테 진다고? ㅋㅋㅋㅋ,6
제발 살려줘,5
할인중,6
닥쳐 시바,2
물어!!!,6
하면 해야지,6
오옹 나이스,0
같이,6
뭐죠 w자 탈모 곡선인가요?,6
자르지내셨나요,6
풀질러보자~~,6
ㅈㅈ다,6
룩삼 유튜브에서만 봤는데 이런 대화도 하는구나,6
짜증나,2
ㄷㄷㄷㄷ ㅠㅠㅠ 녹아녹아 ㅠㅠ,5
인제 파악 다했는데,6
명보형 제발 그만해줘 제발,5
아어아아ㅏ어ㅏ아앙,6
아니 기회가 얼마나 많았는데 {:d_58:}{:d_58:}{:d_58:}{:d_58:}{:d_58:}{:d_58:},2
리센느 노래 월드컵도 하나요,6
뒤로존나돌리고 뭐 하는게 없네,4
케인 엄살은 ㅋㅋㅋ,6
왜 화를 남한테푸냐,6
낙폭이 좀 쭈럿다,6
zzzzz,6
진엔딩ㄱㄱㄱㄱㄱ,6
와 싀벌,1
파울이노파울이노,6
비명 질러보자,6
귀여워,6
진짜 홍명보 쳐 나가라,4
지금이니?,6
아 오늘 진짜 발려서 개짜증남 ㅡㅡㅋㅋㅋ,6
오늘도와줬네 고마워,6
/쫄피티//쫄피티//쫄피티/,6
단타 잘하시는.분들 부럽네요 ㅠㅜ,3
환율살려,5
오늘 세일 끝이다,6
치트엔진 습관을 못버린 나,6
160가줘 제발..,5
와 진자;;,6
ㄷㄷ 괴믈 배고픈가봐 꼬르륵하네,1
도란 스발,2
야스란 종목이 상한가에 있는데 뭔가요,6
캬ㅑㅑ,0
닉스는 넥스트 장에서 사고침,6
도란 스발,2
볼좀 뒤로 빼지말고 움직이질않네ㅐ ㅋㅋㅋㅋ,2
잘하네...,3
크로스가 골된거같은디 ㅋㅋㅋ,6
또 공략 보고 함?,6
픽포드 ㅋㅋㅋㅋㅋㅋㅋㅋㅋㅋㅋㅋㅋ,0
니들은 그냥 져라 ㅋㅋ,2
이,6
왜 아무도 안 붙어,4
케인 ㅋㅋㅋㅋㅋㅋㅋㅋㅋㅋㅋㅋㅋㅋㅋㅋㅋㅋㅋㅋㅋㅋㅋㅋㅋㅋㅋㅋㅋㅋㅋㅋㅋㅋㅋㅋㅋㅋㅋㅋㅋㅋㅋㅋ,0
룩삼 야~~호,6
썩은 축협의 결과물,6
ㅋㅋㅋㅋㅋㅋㅋㅋㅋㅋㅋㅋㅋㅋㅋㅋㅋㅋㅋㅋㅋㅋ,0
오늘은 삼성전기 난리났다구~~~~~~~~,6
노 노 노 노 노 노 노 노 노 노 노 노,6
명보~~,6
어지럽다 어지러워,2
삼계탕? 워,6
신음 ㅋㅋ,6
잘부르네,6
진짜 ㅈㄴ못한다,4
위아래 다발라먹는구나 외국인이,6
유입 나다,6
너 한국인이제 ㅋㅋ,6
전술이 있어야 뭐를 하지,4
병들ㅋㅋㅋ,4
살려줘~~~,5
교체도안하고 대체 뭔생각이냐? 집중력다떨어져있는거보이지도않나,2
하닉곱버스 거래대금 ㄷㄷㄷㄷ,1
지금 들어가면 부자됨,6
뭐야 이거 ㅋㅋㅋㅋ,1
어차피 망한거 더 망치고 욕이나 실컷 먹어라!!!!!!,2
코인방송인가요?,6
트름뭐냐,6
응 노반칙,6
홍명보 엎드려,6
존나 웃기네,0
아아아아,6
아무도안막네 ㅋㅋㅋㅋㅋㅋㅋㅋㅋㅋㅋ,2
그럼 바로 밴이잖아요 ㅠㅠ,5
역배팅 헷는데 이걸!!!!,2
드러눕기ㄷㄷㄷ,1
오 ㅏㅅㅂ,1
돌맹이 모드,6
골 인정 ㅅㅅㅅㅅㅅㅅㅅㅅㅅㅅㅅㅅㅅㅅㅅㅅㅅㅅㅅㅅㅅㅅㅅㅅㅅㅅㅅㅅㅅㅅㅅㅅㅅㅅㅅㅅㅅㅅㅅㅅㅅㅅㅅㅅㅅㅅㅅㅅㅅㅅㅅㅅㅅㅅㅅㅅㅅㅅㅅㅅㅅㅅㅅㅅㅅㅅㅅㅅㅅㅅㅅㅅㅅㅅㅅㅅㅅㅅㅅㅅㅅㅅ,0
사실 이런이야기만 한다고 하면 안되겠죠~,6
ㅈ버그 ㅋㅋㅋㅋㅋㅋㅋㅋㅋㅋㅋㅋㅋㅋㅋㅋㅋㅋㅋㅋ,0
이거 유튜브 올라옴?,6
???????????????????????,1
염색영도 ㄱㄱ,6
ㅈㄴ섬뜩하네,5
소녀가장...,6
장난하냐 ㅋ,4
스틸 당함 세레머니,6
도망가 ㅅㅅㅅ,6
듣나본데,6
어흐....,6
뭐야 ㄷ,1
꼼깸 쳐내,4
ㅑ,6
뭐하는거야ㅋㅋㅋㅋㅋ,1
자리 말도 안되는데 좀 무서운 자리기도함 ㅜㅜ...,5
삼전컨콜할때 잠간 올랐음,6
고 투 헬 지옥에나 가라,6
160가줘 제발..,5
마 시스터스 리센느,6
강인이 개빡쳤노,6
그만 좀 내려라 전기 ㅠㅠㅠㅠㅠㅠㅠ 아놔 ㅠㅠ,3
개미투심 박살났어....ㅠ,3
힘들었다구여ㅠ,3
이론상 80프로,6
????,6
슈팅 지리네,1
N?,6
찐만두인과,6
살벌하다 sk ee,5
어제 말씀하신 그 봉이 나왔어요 핫도그 봉,6
밑에도 있네요,6
너무 막 들어가..ㅠ,3
감동매매했어요?,6
동계 올림픽,6
지금이야 가즈아,6
와 다라이 ㅅㅂ,1
이게 대한민국이지 ^^,2
ㅁㅊ,1
명보는 교체도 없노,6
수제요리,6
맹보 ㅋㅋㅋㅋㅋㅋㅋㅋㅋㅋㅋ,4
채팅제거 안된다고 빡대가리들아,6
보노보노 어디?,6
티배깅,6
티원 다운 ㅋㅋㅋㅋㅋㅋㅋㅋㅋㅋ,2
조졌네,5
두근,6
나이스 졋다 ㅋㅋㅋㅋㅋㅋㅋㅋㅋㅋㅋㅋㅋㅋㅋㅋㅋㅋㅋㅋㅋㅋㅋㅋㅋㅋㅋㅋㅋㅋㅋㅋㅋㅋㅋㅋㅋㅋㅋㅋㅋㅋㅋㅋㅋ,2
와 눈 ㅅㅂㅋㅋㅋㅋ,1
규리양,6
졋네,3
매수실패 ㅅㅅㅅㅅㅅㅅ,6
개미트랩입니다,6
....,3
명보가 월드컵 2번 망쳐놓음. 역적이다,6
아무도안막네 ㅋㅋㅋㅋ,3
단타를 어케 .. 와.. 못해 ㅠㅠ,5
살려줘요ㅠ,5
이래서 베인 할줄 알아야 하네 ㅠㅠ,6
홍명보와 정몽규가 넣은거지,4
카르마 이슈 ㅋㅋㅋㅋㅋㅋㅋㅋㅋㅋㅋㅋㅋ,0
소리 작아졋으,6
저걸 못 막노,6
너 꼽이야?,2
뭉멘,6
체팅제거 안된다고 그만해라!!!!!!!!!!!!!!!!!!!!,6
지금지니,6
매파적동결 ㅠㅠ,3
오너 한타를 끝내는 자살궁 진짜 뭐지요,6
골이노,6
컨퍼런스콜 개못해서 빠지나,6
어이쿠 ㄷㄷㄷㄷㄷㄷㄷㄷㄷㄷㄷㄷㄷㄷㄷㄷㄷㄷㄷㄷㄷㄷㄷㄷㄷㄷㄷㄷㄷㄷㄷㄷㄷㄷㄷㄷㄷㄷㄷㄷㄷㄷㄷㄷㄷㄷㄷㄷㄷㄷㄷㄷㄷㄷㄷㄷㄷㄷㄷㄷㄷㄷㄷㄷㄷㄷㄷㄷㄷㄷㄷㄷㄷㄷㄷㄷㄷㄷㄷㄷㄷㄷㄷㄷㄷㄷ,1
첨벙첨벙 소리 개빡이다 ㅅㅂ,5
ㅋㅋㅋㅋㅋㅋㅋㅋㅋㅋㅋㅋㅋ,0
아니 도망안가고 뭐해?,6
한본어 레전드ㅋㅋ,6
그만 누워라 ㅋㅋㅋㅋㅋㅋㅋㅋㅋㅋㅋ,4
ㅋㅋㅌㅌㅋㅋㅌ,0
앗싸! 한국 축구 망했다!!!나이스!!!!,3
지누엔딩 굳이 봐야되나요,6
{:d_60:}{:d_60:}{:d_60:}{:d_60:}{:d_60:}{:d_60:}{:d_60:}{:d_60:}{:d_60:}{:d_60:},6
학폭 개웃기넼ㅋㅋㅋㅋㅋㅋㅋㅋㅋㅋㅋㅋㅋㅋㅋㅋ,0
마빡이라고 불러 보자,6
삼성전기봐주세요ㅠㅠㅠㅠㅠㅠㅠㅠ,3
옆집은 에어컨 팔아서 그런가?,6
사린마ㅠㅠ,3
학폭이슈,6
한명을 못 뚫노,4
아..,1
개지리노,1
그럼 바로 밴이잖아요 ㅠㅠ,5
제발ㅜㅜㅜㅜㅜㅜㅜ,3
닉스 너무 쌈 ㅠ,3
왜 처들어간거야,2
진도준도 이건 못먹음 ㅇㅇ,6
화장실,6
홍명보 구속~~,4
너무힘들어요,3
과감해진석윤,6
화장실이 진짜지.....,5
비상탈출,6
또 낚여?,6
아니 수비 안 하냐고,2
레버리지 20퍼씩 움직인거네,6
미친 ㅋㅋㅋㅋㅋㅋㅋㅋㅋㅋㅋㅋㅋㅋㅋㅋㅋ,1
뭉탱교 신자 살려 ㅠㅠ,6
대한민국선수분들힘내세요화이팅,6
하아...,2
말투 존내 웃기네,6
인중냄새를 음미하는 나,6
괜히 떠난다는 선택지 있는게 아닐텐데,6
ㅇㅊ감섬,6
손흥민빼라,6
미쳤따,6
살걸...,3
멀뚱멀뚱 ㅋㅋㅋㅋ ㅅㅂ,4
헤딩 하나는ㅋㅋㅋㅋㅋㅋ,1
이거지,6
오르겟네,6
귀먹었네,6
찝찝하다,5
우와 미쳤다,1
야이ㅣㅣㅣㅣㅣㅣㅣㅣㅣㅣㅣㅣㅣㅣㅣㅣㅣ,2
/영포티제거모드,6
ㅆㅂ,4
슈또속 ㅋㅋ,0
정몽규 보여주자 마자 골먹네 왜 보여줬어,4
저게 무슨 각도고???,6
골기퍼 왜이래 ;;,4
홀란 점프 ㅋㅋㅋㅋㅋ 와,1
브이엠도 봐주십숑.....ㅠ,5
힘들었다구여ㅠ,3
ㅈ댓다 물뭔데 이거 ㅋㅋㅋㅋㅋㅋㅋㅋㅋㅋㅋㅋㅋㅋㅋㅋㅋㅋㅋㅋㅋㅋㅋ,5
???????????????????????,1
볼.뒤로.돌릴때부터 불안하더니.ㅋㅋㅋ,5
미친 원더골 ㄷㄷ,1
소리우열모르네요,6
삼전기 한 번만 봐줘요 ㅠㅜ,3
난 못먹었을뿐이고....,3
/채탱제거,6
칼이나 폰 올려봐요,6
홀란드 ㄷㄷ,1
꼼깸 쳐내,4
단타 잘하시는.분들 부럽네요 ㅠㅜ,3
베인세긴해,6
슈카님 하닉270까진 언제올까요? ㅠㅜㅜㅜㅜㅜㅜㅜㅜ,5
망했썩,1
걍 접시만 관찰하네,6
진짜 개몬한다,4
부처가 왜 나오지?,6
야호~~,6
맹글랜드,6
ㅋㅋㅋㅋㅋㅋㅋㅋ아이런 쒯!,1
이러면 아르렌티나 매수네 아르렌티나 매수네 아르렌티나 매수네 아르렌티나 매수네,6
무받기,6
대한ㅁ;ㄴ구 개병신년들아ㅜ,4
1000억 슈카 ㄷㄷㄷㄷㄷㄷㄷㄷㄷㄷㄷㄷㄷㄷㄷ,1
아 페이커 얄미로워!!!!!!!!!!!!!!!!!,2
손흥민 쳐나가라 ㅋㅋ,4
오 ㅎㅎ,6
븅신들,4
포켓몬 종주국 ㄷㄷ,6
배팅 자리긴해,6
호노,6
머기업 가황..,6
아니 도란 점멸 왜 째다가 이상하게 쓴 거야?,2
가짜일본인 저격인각요?,6
나야 나 ㅋ,6
rp지켜주자고~,6
타임머신타야가능,6
아까도 그렇고 라인압박을 안하냐,6
알구가자,6
ㄲㅈ,4
슈형 사면 급낙!!,6
박살나는 중,3
(눈치),6
자 모두 탑승하세요.,6
만명이보고있냐 회사안가나,6
박명수안경시절의 하이에나 같은 투자가 그립다,6
ㅋㅌㅋㅋㅌㅋㅋㅌㅋㅋㅌㅋㅋ,0
변기칸에 숨어야되나봐,6
내 동생들 ㅇㅇ,6
와 ㅋㅋ,0
코스피 학폭이슈,6
면도날 시절 ㄱㄱ,6
노르웨이 바로 공격적으로 ㄷㄷ,6
윤가야,6
진짜 다시하시네ㅠ,3
인버스 레버리지 때문이자나 오늘 인버스로 돈 버니 알겟더라,6
개지리노,1
차트보면 사고 싶지 않음..,4
태석이 빼라,4
밴유도,6
탑차이!!!!!!!,2
{:lck_32:}{:lck_32:}{:lck_32:}{:lck_32:}{:lck_32:},6
에렌??,6
이거 삼닉 레버리지임?,6
ㄱ?,6
아 씨바 저걸 못 막네,4
그건 알아야지 새끼야,6
삼전기 한 번만 봐줘요 ㅠㅜ,3
훈수잖아요ㅎㅎ,6
이기혁 또 놓치냐...,3
개미들 겁나 팔아재낌..또 외인이...,2
VAR 봐야겠느데,6
레오나 반핃 ㄷ,1
찝찝맨,6
와 소리 ㅅㅂ;,5
살벌하다 sk ee,5
아니야 더 사야지,6
머하나 ㅋㅋㅋ,0
안오는데,6
니들은 그냥 져라 ㅋㅋ,2
와 뭐야,1
ㅋㅋㅋㅋㅋㅋㅋㅋㅋㅋㅋㅋㅋㅋㅋ,0
찝찝맨...,5
짜증난다 ㅅㅂ,2
"가자가자가자 할수있다 가자가자가자 할수있다 가자가자가자 할수있다 가자가자가자 할수있다 가자가자가자 할수있다 꿈은 이루어진다. 꿈은 이루어진다. 꿈은 이루어진다. 꿈은 이루어진다.,",6
0뭉용,6
사무계따,6
그 쉬운것을 못하네 참내~,6
일 끝나고,6
공략컵 인정못해,6
ㅆㅂ,4
걍 싸질러,6
아니 기회가 얼마나 많았는데 {:d_58:}{:d_58:}{:d_58:}{:d_58:}{:d_58:}{:d_58:},2
이게 도박이야 주식이야,5
5천이 끝일지 더 밑이 있을지 감도안온다리요,6
헉!!,1
와 ㅁㅊ ㅋㅋㅋㅋㅋㅋㅋㅋ,1
ㅈㄴ 시끄러운데,2
바진ㅋㅋㅋㅋㅋㅋㅋ,6
뒤져라 체이커,2
답답하면 니네가 뛰어라,2
탑차이!!!!!!!,2
박살나는중,2
영도보기 전입니다,6
윙어들이 너무 못해,6
{:lck_15:}{:lck_15:}{:lck_15:}{:lck_15:}{:lck_15:}{:lck_32:}{:lck_32:}{:lck_16:}{:lck_16:}{:lck_16:},6
직스를 직켜라,6
똥칸 편 ㅡㅡ 안,6
진짜 ㅈㄴ못한다,4
장난하냐,2
맹보 ㅋㅋㅋㅋㅋㅋㅋㅋㅋㅋㅋ,4
야르~,6
골ㅅㅅㅅㅅㅅㅅㅅㅅㅅㅅㅅㅅ,0
내일 바로 번지 ㅋㅋ,6
자 어깨걸자욧,6
골키퍼 뭐하는 놈이냐,2
표정 개웃기네 ㅋㅋㅋㅋㅋ ㅋㅋㅋㅋ,0
나이스샷 ㅋㅋㅋㅋㅋㅋ,0
대표가 아스날 팬임,6
ㅋㅋㅋㅋ 도박장입니다,1
꼴!!!!!!!,6
노래불러도 안올듯,6
영도 ㅎㅎㅎㅎ,6
RP 특이하시네,6
공,6
아니네,6
골 ㅅㅅㅅㅅㅅㅅㅅㅅㅅㅅㅅㅅㅅㅅㅅㅅㅅㅅㄱ,0
"명보 하 ,,,",2
ㅋㅋㅋㅋㅋㅋㅋㅋㅋㅋㅋㅋㅌㅋㅋㅋㅋㅋㅋㅋㅋㅋㅋㅋ,0
돌쌤들 미안해,6
지수구존,6
코스닥 780 ..,6
와.. ㄷㄷㄷ 맙소사,1
뻥국 답도 없노,6
괴물 ㅈㄴ 골리네,6
손흥민 백승호좀 쳐 빼라,4
명보차이,4
룩삼 야-호,6
개미들 겁나 팔아재낌..또 외인이...,2
정몽규보여주자마자 골쳐먹혔네 에휴 짐싸라 그냥,4
아무래도..,6
홀랑~~~~~,6
형 오늘이야! ㄱ 삽시다형 오늘이야! ㄱ 삽시다형 오늘이야! ㄱ 삽시다,6
삼성전기 시총 순위가 ㅜㅜㅜ,3
망해가는 사장님 ㅋㅋㅋ,6
조현우는 막았따,6
뿌웅,6
짜증나,2
누가 이기나 해봐요,6
RP 지켜주세요,6
아 페이커 얄미로워!!!!!!!!!!!!!!!!!,2
이제 망한건가요,5
골 아닌듯,6
미치,6
ㅋㅋㅋㅋㅋㅋㅋㅋ아이런 쒯!,1
물도 못타겠어ㅠㅠㅠㅠ,3
돌려돌려~~~~,6
야호~~~~~~~~~~~,6
거울임?,6
주주환원좀 해라 기업꼬라지들,6
50분 겜 하겠네,6
낚시바늘 이라니까,6
머꾸,6
줴줴...........,6
네ㅔ,6
왼쪽 라인이 ㅄ인데,4
쌈아 1페이지 글봐줘,6
케인ㅋㅋㅋㅋㅋㅋㅋㅋ일름보냐,6
무슨 3차전까지 가냐,6
..,3
웃상이네,6
노저을꺼니까~,6
신의 눈,6
조현우 넣어라 ㅅㅂㅂㅂ,2
삼성전기 살려주세요ㅜㅜ,5
재밌네 ㅋㅋ,1
남고냄새나용 ㅠㅠ,3
완숙계란맛좀 보여주자,6
홍망보,6
키옥시아는 20퍼를 떨구네 ㅋㅋㅋㅋ,1
자기위로하지말고 정신차리자,2
졸라 몬하네 ㅋㅋㅋ,4
메챠 난까,6
알아본다면서 1년만에 함,6
ㅋㅋㅋㅋㅋㅋㅋㅋㅋㅋㅋㅋㅋㅋㅋㅋㅋㅋㅋㅋㅋㅋㅋㅋㅋㅋㅋㅋㅋㅋㅋㅋㅋ,0
미장도 쫌 떨어졌던데,6
주저하나,6
누구 유혹하시려고 염색하시나요?,6
므하니.,3
4번째는 속아야지,6
미친....,1
쫄아서 바로 문닫음 ㅋㅋㅋㅋㅋㅋ,0
ㄷㄷㄷㄷㄷㄷㄷㄷㄷ,1
꼽기견 뭐냐,2
ㅈㄴ빠르네,6
코오롱 티슈진 진짜,6
ㅅㅅㅅㅅㅅㅅㅅㅅㅅㅅ 믿었다 ㅅㅅㅅㅅㅅㅅㅅㅅㅅㅅㅅㅅ,0
이게 시총 2위라고?,6
오너 진짜 ㅋㅋㅋㅋ,4
환불해줘~,4
입 벨튀 ㄷㄷ,1
와 이사람 코 진짜 크다,1
연경?,6
픽포드 리치가 짧다,6
가능한거냐고,6
실시간 음전하는거 아녀?,6
홍명보 나가!,4
몽규 느가라,4
강원랜드는 진짜 노잼.. 코인도 노잼... 하닉 2배 짜리 꿀잼,6
으ㅏㅏㅏㅏㅏㅏㅏㅏㅏㅏㅏㅏㅏㅏㅏㅏㅏㅏㅏㅏㅏ,3
이걸살아?,1
수,6
아잇따잇,6
어닝콜 차이,6
카에데상!,6
뿌직,6
내일 깰라고?,6
무섭다.. 난 안되겠다..,5
고민 좀 하고 ~,6
맹보 ㅋㅋㅋㅋㅋㅋㅋㅋㅋㅋㅋ,4
골ㅅㅅㅅㅅㅅㅅㅅㅅ,0
풋풋하다 풋풋해,6
어떻게 달려오는애를 아무도 마크를 안하냐,2
가불기 ㄷㄷㄷㄷㄷ,1
역겹다 저 여자 심장 아니야..,4
이게 무슨 계단식 하락임 절벽식 하락이지ㅜㅜ,3
오옹 나이스,0
메이일본인이구나,6
가쎡,6
소주가 답이다,6
그때 마크에서 윤상 하시던분,6
오오오,0
ㅈ같닼ㅋ,4
이러면 유리한데,6
케엄살 ㅅㅅㅅㅅㅅㅅㅅㅅㅅㅅㅅㅅㅅㅅㅅ,0
캬ㅑㅑ',1
ㅗㅜㅑㅐ,1
와 미친 ㅋㅋㅋㅋ,1
골키퍼 아웃,4
다라이개빡이네,6
노르웨이 헐 ㅋㅋㅋㅋ,6
음성인식 ㄷㄷ,1
갓명보 ㅅㅅㅅㅅㅅㅅㅅㅅㅅㅅㅅ,4
파이리다,6
ya,6
저걸 놓치다니,3
조롱도 롱이다,6
더 사줘ㅋㅋㅋ,6
1인,6
나이스샷 ㅋㅋㅋㅋㅋㅋ,0
6000ㅊ=선 까지 내려 갈꺼 같애 ㅠ,6
다라이 진짜 개빡이네...,6
ㅆㅂ,4
아따 조용히들 좀 해바라,6
노르웨이 우승 ㅅㅅㅅㅅㅅㅅㅅㅅㅅㅅㅅㅅㅅㅅㅅㅅㅅ,6
{:wc_37:},6
무서워요 ㅠㅠ,5
네넥통 전력 투구 뭐지요,6
간다 간다,6
개처안일하네,2
세트피스는 저쪽이 더 잘 준비했네 ㅋㅋㅋ,2
케인 비상!!!!!!,6
머리 밀면 염색할 필요 없어요,6
선수좀 바까라 ㅋㅋㅋㅋㅋㅋㅋㅋㅋㅋㅋ,2
오늘 홍만이 몯,6
코인도 이정도는 아닌데,6
체코도 못이기면 월드컵 어떻게 하겠다는거녀,2
매수 ㅋㅋㅋㅋㅋㅋㅋㅋㅋㅋㅋㅋㅋㅋㅋㅋㅋㅋㅋㅋㅋㅋㅋㅋㅋㅋㅋㅋ       잉글랜드 ㅉㅉㅉ,6
ㅈ댓다 물뭔데 이거 ㅋㅋㅋㅋㅋㅋㅋㅋㅋㅋㅋㅋㅋㅋㅋㅋㅋㅋㅋㅋㅋㅋㅋ,5
사귀자,6
? ㅋㅋㅋ 뭐노 ㅋㅋㅋㅋㅋ,1
얘네랑 엄대엄 나면 blg 한화 어떻게 이길건데...,3
정면으로 오는데 못쳐내노 김승규 ㅅㅂㄻ,4
오너 진짜 ㅋㅋㅋㅋ,4
오 위에서 보는거 개쫄리네,6
살려달라구ㅜㅜㅜㅜㅡ,5
개 지렸네,1
대단한 페이크다,6
일정이 우글우글,6
잘차노{:d_108:}{:d_108:}{:d_108:}{:d_108:}{:d_108:},6
이제 사면 돼요?,6
노란색이라구우웃,6
사이드 선수들 클라스가 떨어진다,6
토론회 보다가 도저히 못보겠어서 왔습니다 ㅋㅋㅋ어휴,4
드릴르,6
삼성전기 어뜨케,6
아뇽하세요~~,6
개미투심 박살났어....ㅠ,3
바보상자,6
왼발이다,6
띵보야 짐싸라..ㅋ,4
유입 나가고,4
금융4접이 문제다,6
선수들 호흡 안맞아 전술도 없어 뭐하는거?,4
와ㅣ아아아ㅏㅇ아,0
개에 간지,6
살려버려야겠다,6
무서워요 ㅠㅠ,5
너무힘들어요,3
차트가 꼬질꼬질하다구요 ㅠㅠㅠㅠㅠㅠㅠㅠㅠㅠㅠㅠㅠㅠㅠㅠㅠㅠㅠㅠㅠㅠㅠㅠㅠㅠㅠ,3
에휴,3
"헐,양봉인줄도 몰랐네",6
졸못하네,4
쫄아서 바로 문닫음 ㅋㅋㅋㅋㅋㅋ,0
홍명보 정몽규 나가라 ㅅ비라,6
말이안됨,1
또 들어갔누,6
와꾸 씹 ㅋㅋㅋㅋㅋㅋㅋㅋ,0
ㅈㄴ 시끄러운데,2
꼬시기,6
가왕출신,6
하라굿,6
얏따~~,6
노르웨이 개 미쳤다 진짜 ㅋㅋㅋㅋㅋㅋㅋㅋㅋㅋㅋㅋㅋㅋㅋㅋㅋㅋㅋㅋㅋㅋㅋㅋㅋㅋㅋㅋㅋㅋㅋㅋㅋㅋㅋㅋ,1
카에데상,6
오늘도 낚시다 물면 입 찢어진다,6
토끼누,6
오 ㅋㅋ,6
안물거야........?,6
미국어제 음봉이 강해서 오늘 음봉나올텐데,6
몰라요,6
전술이 있어야 뭐를 하지,4
머리꼇네,6
소리 좀만 키워줘,6
{:wc_9:}{:wc_9:}{:wc_9:}{:wc_9:},6
그럴줄 알았다 제발 나가~~ 홍명보,4
머고 ㅋㅋㅋㅋ,1
100만원 깨는거 아니겠죠?,6
옆에 광고 끄자,6
ㅋㅋㅋㅋㅋㅋㅋㅋㅋㅋㅋㅋㅋㅋㅋㅋㅋㅋㅋㅋㅋㅋㅋㅋㅋㅋㅋㅋㅋㅋㅋㅋㅋㅋㅋㅋㅋㅋㅋㅋㅋㅋ,0
뭔 7용을 가네,6
와 ㅅㅅㅅㅅㅅㅅㅅㅅㅅㅅㅅㅅㅅㅅㅅ,0
지렌 지키려는거야,6
일부러 져주는거 같은데,6
거꾸로 잡으면 발린거잖아,6
아무도안막네 ㅋㅋㅋㅋㅋㅋㅋㅋㅋㅋㅋ,2
무야홍,6
커엽노 ㅋㅋㅋㅋㅋㅋㅋㅋㅋㅋㅋㅋㅋㅋㅋㅋㅋㅋ,0
티원 폼이 안좋네..,3
"와 레전드네,.,",1
으악 ㅅㅂ,4
슈카형 삼전은 오늘 얼마까지 올랐었게요?,6
좆명보 꺼져. 좆명보 꺼져. 좆명보 꺼져. 좆명보 꺼져. 좆명보 꺼져. 좆명보 꺼져. 좆명보 꺼져. 좆명보 꺼져. 좆명보 꺼져. 좆명보 꺼져.,4
누 르 웨 이 만 세 !,6
단타는 정말 아무나 하는게 아니네 ㄷㄷ,1
역겹다 저 여자 심장 아니야..,4
차트가 꼬질꼬질하다구요 ㅠㅠㅠㅠㅠㅠㅠㅠㅠㅠㅠㅠㅠㅠㅠㅠㅠㅠㅠㅠㅠㅠㅠㅠㅠㅠㅠ,3
고점에샀으면 적당히 먹고 팔아야지,6
와 지렸네,1
대답하는거아냐ㅋㅋㅋㅋㅋㅋ,6
이걸 안타네,6
ㅋㅋㅋㅋ ㅋㅋㅋㅋ ㅋㅋㅋㅋ ㅋㅋㅋㅋ ㅋㅋㅋㅋ ㅋㅋㅋㅋ ㅋㅋㅋㅋ ㅋㅋㅋㅋ ㅋㅋㅋㅋ ㅋㅋㅋㅋ ㅋㅋㅋㅋ ㅋㅋㅋㅋ ㅋㅋㅋㅋ ㅋㅋㅋㅋ,0
{:d_76:}{:d_62:},6
경우의 수로 가자,6
라이브 끄고 슈카 산다,6
타점 ㄷㄷㄷ,1
가썩ㅠㅠ,3
티~~~~~원,6
훈수라고 밴하잖아요 ㅠㅠㅠ,3
부모님이 이혼한대요,6
헐리웃인데 뭔 반칙이야,6
트름은 좀..,4
15살 데뷔임?,6
온다,5
개잘찼농 ㄷㄷ,1
ㅋㅋ접어라 그냥,2
2골 넣으면 된다,6
결국 베인엔딩,6
케인 딸 걸고 항변하나요,6
정몽규 선제골~~정몽규 선제골~~정몽규 선제골~~정몽규 선제골~~정몽규 선제골~~정몽규 선제골~~정몽규 선제골~~정몽규 선제골~~정몽규 선제골~~,6
ㅋㅋㅋㅋㅋㅋㅋㅋㅋㅋㅋㅋㅋㅋㅋㅋㅋㅋㅋㅋㅋㅋ,0
진짜.. 단타 무섭네 ㄷㄷ,5
그지누,6
키옥시아는 20퍼를 떨구네 ㅋㅋㅋㅋ,1
사지마요 ㅠㅠ 그럼떨어질거같아요,5
짐싸라 ㅋㅋㅋㅋㅋ,4
대ㅡㅡㅡㅡㅡㅡ박,0
북한사람이셔?,6
진짜 와,6
슈카님 인버스 etf를 사면 본주에는 어떻게 반영되는건가요,6
내일) 살려주세요,6
뭐야,6
와 점프 미쳣다,1
장난하냐 ㅋ,4
그냥 3패해라,6
오너가 왜 박은거고,1
김승규 를 왜 내보내냐;; 조현우가 선방이 좋은데,6
좀더 욕해줘 반등한다형 ㅜㅜ,6
고딕체 국룰이지 ㅋㅋㅋ,6
와 ㅅㅂ ㅋㅋ,1
행님 변동성원인이 뭘까요,6
몽규 잡히자마자 ㅣ발,2
애미뒤졌나,2
와 이건 뭐야,1
의자는 왜?,6
삼전어뜩해,5
와 뭐야,1
야이ㅣㅣㅣㅣㅣㅣㅣㅣㅣㅣㅣㅣㅣㅣㅣㅣㅣ,2
뭐햐냐 진짜로,4
와!!!!!!!!!!!!!!!!! ㄷㄷㄷㄷㄷㄷㄷㄷㄷㄷㄷㄷㄷㄷㄷㄷ,0
여전하시네요,6
명보 나가 죽어,4
이걸 털리네,6
이게 대한민국이지 ^^,2
dd,6
저능한 인간들과 말 섞지마라 본인이 지금 채팅 역겹다고 생각한다면,6
ㅋㅋㅋㅋㅋㅋㅋㅋㅋㅋㅋㅋㅋㅋㅋㅋㅋㅋㅋㅋㅋㅋㅋㅋㅋㅋㅋㅋㅋㅋㅋㅋㅋㅋㅋㅋㅋㅋㅋㅋㅋㅋ,0
역배팅 헷는데 이걸!!!!,2
유기농 ㄷ,6
와 이게 머야,1
또(,6
살걸...,3
골 취 될수도?,6
{:yunzinHuc:}{:yunzinHuc:}{:yunzinHuc:}{:yunzinHuc:}{:yunzinHuc:},6
야동 야호,0
홍명보 ㅠ.ㅠ,4
합법 바카라,6
안놀아주네,6
지투 ㅅㅅㅅㅅ,6
토토충들 반칙이라노,6
환불 ㅠ,3
명보형 부터 들어와라,6
밴유도가 우글우글,6
퓨정 ㄷㄷ,1
ㅈㄴ무섭네,5
난가병,6
결론은 수련회메타네 ㄷㄷ,1
멍하니 처보고있노 ㅋㅋㅋㅋㅋㅋㅋㅋㅋㅋㅋㅋㅋㅋㅋㅋㅋㅋㅋㅋㅋㅋㅋㅋㅋㅋㅋㅋ,0
누가 물안잠궜냐,6
장투는 진짜 답이없네 ㅋㅋ,2
일본 삼계탕 팜,6
손흥민 쳐나가라 ㅋㅋ,4
ㅅㅅㅅㅅㅅㅅㅅㅅㅅㅅㅅㅅㅅㅅㅅㅅㅅㅅㅅㅅㅅㅅㅅㅅㅅ,0
트름은 좀..,4
야.,6
3패당할듯,6
노르웨이 선제골 ㅅㅅㅅㅅ,0
정몽규 하...,2
양천고 3학년 정지훈 지금 보고있는거 안다 엄마 없는거 부끄러운거 아니다 빨리 돈 갚아라,6
파울 아니냐?,6
다들 왜 화를 여기다 내요,6
질질 끌지말고,2
말해도 된다고 ㅋㅋ,6
아오;;;;;;;;;;;;;,2
개웃기네저사람,6
아 ㅠㅠㅠㅠㅠㅠㅠ,3
아오 꼽등이,4
기대가 없으니 실망도 없다,6
퓨정 ㄷㄷ,1
밴하잖아욧!!!,2
뭉시렁뭉시렁,6
ㅌㅌㅌㅋㅌㅌㅌㅌㅌㅌㅌㅋㅌㅌㅋㅋㅋ,0
영도보기 전,6
ㅅㅅㅅㅅㅅㅅㅅㅅㅅㅅㅅㅅㅅㅅㅅㅅㅅㅅㅅㅅㅅㅅㅅㅅㅅㅅㅅㅅㅅㅅㅅㅅㅅㅅㅅㅅㅅㅅㅅㅅㅅ,0
장 마감 빨리오렴 ㅠㅠ,5
근데 피티형 은근잘하네ㅋㅋ금방깨겟네,6
반속이 할배라 보통사람 3배가 걸리는 나,6
아난데요 물던데요,6
골ㅅㅅㅅㅅㅅㅅㅅㅅ,0
투헬은 안돼,6
노르웨이 올라가도 아르헨 못 이길 걸,6
스엑스 글레이,6
ㅌㅊㅇ ㅌㅊㅇ ㅇㅇㅇ,6
숨어야되나봄,6
마포대교행 버스,6
ㄹㅇ ㅋㅋㅋㅋ,0
ㅈ버그 ㅋㅋㅋㅋㅋㅋㅋㅋㅋㅋㅋㅋㅋㅋㅋㅋㅋㅋㅋㅋ,0
지려따!!!!,0
ㅈㄴ섬뜩하네,5
이야 이걸 안 사?,6
숲에남을껄!!!!!!!!!!!!!!!,6
저걸 놓치다니,3
오 ㄷ,6
돔이야,6
라이터 위치,6
이진수떄문에 대한민국은 진다~~~~~~~~~~~~~~~~~~~,6
또 꺾인다~~~~~~~~,2
아 물려요..? ㅋㅋ,6
ㅋㅋㅋㅋㅋㅋㅋㅋㅋㅋㅋㅋㅋㅋㅋㅋㅋㅋㅋㅋㅋㅋㅋㅋㅋㅋㅋㅋㅋㅋㅋㅋㅋㅋㅋ,0
슈카덕에 그래도 웃는다...,6
볼.뒤로.돌릴때부터 불안하더니.ㅋㅋㅋ,5
찝찌배,5
꼽기견 뭐냐,2
너 일본이 ㄴ아니지,6
살려주세요,5
뭐야 ㄷ,1
토누,6
황희찬 들어오나요,6
높다,6
"명보 하 ,,,",2
ㄴㅋㅋㄱㅋㄱ,0
럭키미끼잖아~~~~~~~,6
또속아,6
벤유도하지마요ㅠㅠ,5
사팔사팔하면 되겠네.,6
으와,6
오너 왜이리 급해졌지,1
제발ㅜㅜㅜㅜㅜㅜㅜ,3
🇨🇿🇨🇿🇨🇿🇨🇿🇨🇿🇨🇿🇨🇿🇨🇿🇨🇿,6
진짜 개몬하넼ㅋㅋㅋㅋㅋㅋㅋㅋㅋㅋ,4
ㅋㅋㅋㅋㅋㅋㅋㅋㅋㅋㅋㅋㅋㅋㅋㅋㅋㅌㅌㅋㅋㅋ,0
ㅋㅋㅋㅋㅋㅋㅋㅋㅋㅋㅋㅋㅋㅋㅋㅋㅋㅋㅋㅋㅋㅋㅋㅋㅋㅋ,0
보노보놐ㅋㅋㅋㅁㅋ,0
기여운데 ?,6
500층 가즈아ㅏㅏㅏ,0
물어! 왕,6
누가 그렇게 먹어요 ㅋㅋㅋ,6
아니 ㅋㅋ,0
돌아와 나에게 돌아와~,6
준비도 못한 팀 상대로 골 먹고 ㅠㅠ,3
포대장 ㄷㄷㄷ,1
어리네,6
명보차이,4
{:d_54:},6
이제 망한건가요,5
그래 g2 조합이 한타 조합이라 모름 진짜.......,3
그냥 지고 한국와서 계란 쳐맞아라,4
각 나왔다 2대1 한국승리각 나왔다 2대1 한국승리,6
그냥 너무 답답해,2
시조의 거인이네 ㅋㅋ,6
섹스섹스,0
등은 ㄹㅇ 인정이지,6
시원하노,6
치트엔진 서치 중 ㄷㄷ,1
30퍼만 발라도 신일듯,6
ㅋㅋㅋ 아 어이없다,2
지려따!!!!,0
ㅅㅅㅅㅅㅅㅅㅅㅅㅅㅅㅅ,0
응반칙임 ㅅㄱ,6
정 의 구 현 !!!!!!!!!!!!!!!!!!!!!!!!!!!!!!,6
먼닉님 카에데상이 ㅠㅠㅠㅠㅠㅠㅠㅠㅠ,3
선택지가 아닌데?,6
dhk Tl,6
명보가 명보한건가요?,6
차트가 산넘어 산이다 ㅜㅜ,3
ㅋㅋㅋㅋㅋㅋㅋㅋㅋㅋㅋㅋㅋㅋㅋㅋㅋㅋㅋㅋㅋㅋㅋㅋㅋㅋㅋㅋㅋㅋㅋㅋㅋㅋㅋㅋㅋㅋㅋㅋㅋㅋㅋㅋㅋㅋ,0
배뜨룸,6
오이데,6
마빡아!!!,6
힘들다,3
/게임나가기,6
ㅈㅈ,6
앗싸! 한국 축구 망했다!!!나이스!!!!,3
오 노래 잘하시네 ㅋㅋㅋㅋㅋ,1
띵보가 또,6
차트보면 사고 싶지 않음..,4
노골이네,6
국장이 단타의ㅜ장이 됐구나 ㅠㅠ,3
이제뛰어야하는거아님?,6
와 이제는 체코한테도 안된다고 우리 대한민국 축구가,6
이제 홍명보의 저주시작인가,5
튀어봐,6
느그흥나가!,6
유성매직 캬,6
실적 하회,6
진짜 안볼란다,4
룩삼삼촌급ㄷㄷ,6
형 나 진따 어떻게 해야해 ㅠ,3
교체좀해라고 시발,2
개미투심 박살났어....ㅠ,3
아 즌나 우울하다..,3
이젠 지수만 봐도 걍 웃김,6
스피드런 가시죠 ㅎㅎ,6
여자는전부죽이고남자는산채로잡아와라,6
닉스 좀 살려주세요..,3
미친 상승 가자,6
삼전 오른다 우가우가,6
쪼끔만올려줘 제발 ㅠㅜ,3
주봉보시면 더잘보여요,6
근데 어차피 비지니스 약속아니면 밖에 나갈일이 없으면서 뭐가 일정이란건가요 부를친구가 휴대폰에 도꼬미 두더놈 세더놈말고는 없지않나요 친구없는지누 뭉추 ㅠㅠ,3
복리로 100퍼 넘음,6
딱코충,6
크로슈팅,6
뭉기전,6
저거먹히냐 ㅋㅋㅋㅋㅋㅋㅋㅋㅋㅋ,2
갓겜,6
천재맨,6
백태클인데?,6
정몽규 하...,2
살려주세요~~~~~~~~~~~~~~~,5
ㅁㅊ ㅋㅋ,6
전 엇박이에여,6
골 ㅅㅅㅅㅅㅅㅅㅅㅅㅅㅅㅅㅅㅅㅅㅅㅅㅅㅅㄱ,0
토나온다 실력,4
공격을해야지 공만돌리노,6
오~~~~~~,6
타점을 너무 못잡앗네,6
오미,6
토론회 보다가 도저히 못보겠어서 왔습니다 ㅋㅋㅋ어휴,4
학폭 터짐 ㅠㅠㅠㅠ,3
이러다가 강원랜드 망한다고 ㅠㅠㅠㅠㅠㅠㅠㅠㅠㅠ,3
안아줘요~,6
섹스!,0
노르웨이 이기자!!!!!!!!!!,0
화이토,6
대황투ㅋㅋ,6
?ㅋㅋㅋㅋㅋㅋㅋㅋ,0
형 살려줘~~~,5
퀴즈?ty,6
농구배구선수ㄷㄷ,1
뻥글 사망,6
태석이 빼라,4
골 ㅅㅅㅅㅅㅅㅅㅅㅅㅅㅅㅅㅅㅅㅅ,0
도망가자,6
영도나올려 지누형,6
수비 ㅅㅂ ㅋㅋㅋㅋㅋ,1
반말이다데쓰,6
ㅇ차,6
겨털이없네 ㅋㅋㅋㅋㅋㅋㅋㅋㅋ,0
살려주세요~~~~~~~~~~~~~~,5
로,6
VAR 매수 ㄱㄱ,6
뒤로 돌리기 지긋지긋하다 ㅋㅋㅋㅋㅋㅋㅋㅋㅋㅋㅋㅋㅋㅋㅋㅋㅋㅋㅋㅋㅋ,2
아니말투가 개웃기네 ㄴㅋㅋㅋ,0
파이어 가능,6
지금은 얼마??,6
대 비 비,6
뻥국 슛도 몬하노,6
아노제가,6
개못한다개못한다개못한다개못한다개못한다개못한다개못한다개못한다개못한다개못한다개못한다개못한다개못한다개못한다개못한다개못한다,4
1000억 슈카 ㄷㄷㄷㄷㄷㄷㄷㄷㄷㄷㄷㄷㄷㄷㄷ,1
ㅋㅋㅋㅋㅋㅋㅋㅋㅋㅋㅋㅋㅋㅋㅋㅋㅋㅋㅋㅋㅋㅋㅋㅋㅋㅋㅋㅋㅋㅋㅋㅋㅋㅋㅋㅋㅋㅋㅋㅋㅋㅋㅋㅋㅋㅋㅋㅋㅋㅋㅋㅋㅋㅋㅋㅋㅋㅋㅋㅋㅋㅋㅋㅋㅋㅋㅋㅋㅋㅋㅋㅋㅋㅋㅋㅋㅋㅋㅋㅋㅋㅋㅋㅋㅋㅋㅋㅋㅋㅋㅋㅋㅋㅋㅋㅋ.,0
하이닉을 산 내가 바보다,6
아래서 사면 거의 상친거임,6
가만 있어야지,6
몽규 잡히자마자 ㅣ발,2
에라이~,6
뭐야 갑자기,6
개못하네,2
안녕하세요! 리센느입니다!,6
호신용의자 ㄷㄷ,1
손흥민 쳐나가라 ㅋㅋ,4
3번 누구?,6
오늘 장기팔아서 여주사?,6
이게 진짜 물고문이지,6
레버리지 제재들어간다니까 한꺼번에 급하게 해먹은거지,6
뭐하는데 시바,4
가보자,6
그런말 신경쓰지마요,6
매수 (모름),6
꼽등이 ㅋㅋ,6
Var 취소각,6
닉스가 밉다,3
저건 노골이지,6
얏타~,6
신사인 나,6
한본인이자나 ㅋㅋㅋ,6
기성용그립습니다,6
전 좋아욯ㅎ,6
레츠고 지투!,6
노르웨이 뭐야 ㄷㄷ,1
가짜일본인은 머ㅜ야,6
와 진짜 슈카 방송 시작하면 반등 나오는거 신기하네,6
한양대학교 화학공학과 화이팅,6
극찬ㅋㅋㅋ,0
ㅠㅠㅠㅠ,3
"명보는 계획이 없니?,,",4
말하면 스포밴이자나요 ㅠㅠ,5
뭐하냐 ㅋㅋㅋㅋㅋㅋㅋㅋㅋㅋㅋㅋㅋㅋㅋㅋㅋㅋㅋㅋㅋㅋㅋㅋㅋㅋㅋㅋㅋㅋㅋㅋㅋㅋㅋㅋㅋ,6
자리 말도 안되는데 좀 무서운 자리기도함 ㅜㅜ...,5
{:lck_2:}{:lck_2:}{:lck_2:}{:lck_2:}{:d_55:}{:d_55:}{:d_55:},6
미ㅏㅇ너림아ㅓㅣ넒ㅇ날,6
zㅋㅋㅋㅋㅋㅋㅋㅋㅋㅋㅋㅋㅋㅋㅋㅋㅋ,0
ㅋㅋㅋㅋㅋㅋㅋㅋㅋㅋㅋㅋㅋㅋㅋㅋㅋㅋㅋㅋㅋ,0
진짜 쇼킹하다 슈팅,6
허어어억,6
살려줘 ~~~~~~~~~,5
진짜 개몬한다,4
찝엔,6
웃음이 나오냐?,2
노르웨이 고등어로 심판 매수 ㄷㄷㄷㄷ,6
치트엔진으로 빠르게 ㄱㄱ,6
머야이게 ㅋㅋㅋㅋㅋㅋㅋㅋㅋㅋㅋㅋㅋㅋㅋㅋㅋㅋㅋㅋㅋㅋㅋㅋ,1
마!!! 노 지금 무라 현노!!! 마!!! 노 지금 무라 현노!!! 마!!! 노 지금 무라 현노!!! 마!!! 노 지금 무라 현노!!!,6
구경하냐,4
네이버는 오른것도 없는데 왜이래요.......,5
토나온다 실력,4
속으면안됨,6
전쟁 터지려나,5
일어나 ㅋㅋㅋㅋㅋㅋㅋㅋㅋ,6
다라이 ㅋㅋㅋㅋㅋ,0
까ㅡㅡㅡ꿍,6
뒤로 돌리기 지긋지긋하다 ㅋㅋㅋㅋㅋㅋㅋㅋㅋㅋㅋㅋㅋㅋㅋㅋㅋㅋㅋㅋㅋ,2
명보갓~,6
도란 스발,2
차트 맛있게 ㄷㄷㄷㄷㄷㄷㄷㄷ,1
찌가 계속 현혹하네 ㅜㅜ,3
ㅋㅋㅋㅋ ㅋㅋㅋㅋ ㅋㅋㅋㅋ ㅋㅋㅋㅋ ㅋㅋㅋㅋ ㅋㅋㅋㅋ ㅋㅋ,0
삼전기 왜케 밀림????,6
헛된욕심은 품으라고 있는겁니다,6
{:wc_30:}{:wc_30:}{:wc_30:}{:wc_30:}{:wc_30:},6
개판이네,4
홍명보 제거,2
와우. 침닦어,6
이혼 터짐,6
-80 매매,6
오늘도 조졌다리,5
엥?...,1
싫어요 ㅎㅎ,6
꼽기견;;;;;;;;,4
대박이네,1
넣을 떄 넣었어야지 어휴,2
{:d_197:}곰곰여론조사{:d_197:}여론조사 나왔습니다. 케인이 강동원 닮았으면 {:d_108:} 현빈 닮았으면 {:d_126:} 을 입력하세요,6
너무 막 들어가..ㅠ,3
조저써,6
와ㅏ,1
래버는 ㄹㅇ 다 쥐졌다 ㅋㅋ,6
졸라 재미있어 ㅎㅎㅎㅎ,0
멍하니 처보고있노 ㅋㅋㅋㅋㅋㅋㅋㅋㅋㅋㅋㅋㅋㅋㅋㅋㅋㅋㅋㅋㅋㅋㅋㅋㅋㅋㅋㅋ,0
알려주면 너때문에 유튜브 분량 못채웠잖아 임마 너 벤이야 만원내고 채팅쳐 이럴거면서 무슨 ㅋㅋ,6
죄송해요 케인님 ㅠㅠㅠㅠㅠㅠㅠㅠ,5
(24/25) 진짜 슈형 오면 ㄱㄱ,6
샀습니다,6
아이고 미치겠네,5
'그냥',6
뭐냐 이거,6
시밬ㅋㅋㅋㅋㅋㅋㅋㅋㅋㅋㅋㅋㅋㅋㅋㅋㅋㅋㅋ,0
역시 명보 ㅋㅋㅋㅋ,6
누넢써억,6
검열민국ㅋㅋ,6
개못해 걍,2
너무힘들어요,3
장난하냐,2
그 누구의 계좌에서 울고 있나요 ㅠㅠ,3
환불해줘~,4
기관 ㅋㅋㅋㅋㅋㅋㅋ,6
슨ㅋㅋㅋㅋㅋㅋㅋㅋ,0
하이닉스만 빠지네,6
드가자ㅏㅏㅏㅏㅏㅏㅏㅏㅏㅏㅏㅏㅏㅏㅏ,6
풀 배팅,6
ㅠㅠㅠㅠㅠㅠ,3
레버리지는 몰라도 인버스는 못건드림,6
형 어제 롱이라매요 ㅜㅜ,3
이게 못 이길 게임이 아닌데 하,3
나이스!!!!!!!!!!!!!!!!!!!!!!!!,0
이글스도요,6
저도 첫번째에 속아서 갸처물림,2
ㅋㅋㅋㅋㅋㅋㅋㅋㅋㅋㅋㅋㅋㅋㅋㅋㅋㅋㅋㅋㅋㅋㅋㅋㅋㅋㅋ,0
이미 들어갔음,6
기래요 ~,6
지누시 ㅊㅊ,6
인버스?,6
삼송이 돌아와,6
삼전 양전함,6
슈카님 5년 애청자입니다 제주반도체 한 번 봐주실 수 있을까요,6
하이닉스 컨콜 한국식이어서,6
쉐도르프,6
전술이 없는데 어떻게 이기냐,2
휴지달라고?,6
처빨려자꾸,6
치지직이 먼저 섭외했는데,6
아 숏 배팅했는데,6
무지개 보노보노 해야하는데 ㅋㅋ,6
잘가라 땅명보 잘가라 ㅈ몽규,4
기괴하다,4
근데 안돼,6
좀 참을까여?,6
숨자..,6
아니 기회가 얼마나 많았는데 {:d_58:}{:d_58:}{:d_58:}{:d_58:}{:d_58:}{:d_58:},2
골취소될듯,6
코스닥이게나라냐,2
ㄷㄷㄷ,1
구경하냐,4
매수(모름),6
나 빠다ㅠㅠ,3
슈카형한테 화풀이ㄴㄴ,6
이건 또 첨보네,6
미나미 야호~,6
학폭 개웃기넼ㅋㅋㅋㅋㅋㅋㅋㅋㅋㅋㅋㅋㅋㅋㅋㅋ,0
삼전기 ls일렉트릭 살려주세요ㅠㅠㅠㅠㅠㅠㅠㅠㅠㅠㅠㅠㅠㅠㅠㅠㅠㅠㅠㅠㅠㅠㅠㅠㅠㅠㅠ,3
망햇다 망햇음 헤헤,3
일본인 한명이었어?,6
ㅎㅎㅎㅎㅎㅎㅎㅎㅎ,0
ㅈ댓다,5
카르마 이슈 ㅋㅋㅋㅋㅋㅋㅋㅋㅋㅋㅋㅋㅋ,0
미친 ㅋㅋㅋㅋㅋㅋㅋㅋㅋㅋㅋㅋㅋㅋㅋㅋㅋ,1
보노보노,6
가썩ㅠㅠ,3
코스피 1만 뭐 호 로 어쩌구 드가자ㅏㅏ,6
하이,6
셰도르프 어직도 은퇴 안했냐 셰도르프 어직도 은퇴 안했냐 셰도르프 어직도 은퇴 안했냐 셰도르프 어직도 은퇴 안했냐,6
네 ㅋㅋㅋㅋ,6
오이,0
var 봐야한다노,6
라이타개입은 ㅋ,6
더하면 안되지 곱해야지,6
장난????????,1
형이 아니래 돔황챠,6
화이또,6
손흥민뺴고 니가 뛰어라,6
네ㅎㅎ,6
명보 나가 죽어,4
삼성전기 난리났어 ㅜ,3
꼼깸 쳐내,4
사무시푸시간,6
아 이게 뭐냐 진짜,3
기괴하다,4
방송시간이 어찌되요?,6
갔다,6
정몽규회장시발,4
반칙이노,6
근대 우리나라 레버리지 etf가없다면 미국이나 중국우회로 개인이 4848할수있ㄴ,6
[케인] 아는사람만,6
반칙이야,6
비사아아앙~~~~~,5
도발의 달인,6
지리네 ㅋㅋㅋㅋㅋㅋㅋㅋㅋ,1
연경누나 가능,6
저도 첫번째에 속아서 갸처물림,2
닉스좀 살려줘,5
전직은 뭐냐,6
밴유도 나빠다 ㅠㅠㅠ,3
먹고살자고 하는건데,6
닉스가 밉다,3
스트레스 받게하네 진짜,2
ㅋㅋㅋㅋㅋㅋㅋㅋㅋㅋㅋㅋㅋㅋㅋㅋ,0
아직 바닥 아님 ㅜㅜ,5
장난하냐,2
저기로 피서갔어?,6
뭬뭬이야,6
영도봐,6
1분봉,6
띵보야 짐싸라..ㅋ,4
노르웨이 진짜 우승할 것 같다,6
밥만 쳐먹고 축구만하는애들이 이리 못할수가있나,6
삼전기 200이상 먹었으면 초고수;,6
ㅈ망,3
형 나 진따 어떻게 해야해 ㅠ,3
도란 ㅋㅋ,2
졋네,3
전세계적으로 유명하구나,6
죄송한데 이거 무슨차트죠;;;;;;,6
우승가자,6
ㅁㄴㅇㄹㅇㄴㅇㄹ,6
왜 이렇게까지 밀어재끼는거야,1
/고화질 모드,6
와 진짜 험한말 마렵다,2
그냥 너무 답답해,2
살려주세요~~~~~~~~~~~~~~~,5
ㅗㅜㅑㅐ,1
이게 주식이냐,1
아인슈타인,6
욕나오죠,6
얘네랑 엄대엄 나면 blg 한화 어떻게 이길건데...,3
아옥,6
슈카붕어,6
말투가구수하다,6
ㅈ망,3
ㅋㅋㅋㅋㅋㅋ명보한테 뭘바라노,4
개처안일하네,2
뒤에서 후렸는데 노파울 ㅋㅋㅋㅋㅋㅋㅋㅋㅋㅋㅋㅋㅋㅋㅋㅋㅋㅋㅋㅋㅋㅋ,6
개못하네,2
ㅈ같닼ㅋ,4
밴유도 조심,5
걍 팔지말고 버티라할때 팔걸,6
허미 개크다,1
하이닉스는 조강지처 버린걸로인해 화난사람들 많아서 쩔수없어 그래서 계속 맞는거야,6
오늘 cpi입니다,6
최고점은 못 넘습니다,6
직스 개쎄다,6
그냥 개 처웃기노? ㅋㅋㅋ,4
{:wc_36:}{:wc_36:}{:wc_36:}{:wc_36:}{:wc_36:},6
에렌은 컸었는데..?,6
인나,6
인구신이 숏이래 내일 대 반등이다 풀신용ㄱㄱㄱㄱㄱㄱㄱ,6
윤가군,6
ㅋㅋㅋㅋㅋㅋㅋㅋㅋㅋㅋ3:0가자,2
ㅋㅋㅋㅋㅋㅋㅋㅋㅋㅋㅋㅋㅋㅋㅋㅋㅋㅋㅋㅋㅋㅋㅋㅋㅋㅋㅋㅋㅋㅋ,0
코인 거래소에서 skhy 선물 롱숏 해보면 아주 끝내줘요,6
SOOP엔딩 ㅊㅊㅊ,6
var 돌릴거,6
슨ㅋㅋㅋㅋㅋㅋㅋㅋ,0
대답해주네,6
ㅅ ㅅ ㅅ ㅅ ㅅ ㅅㅅ,0
ㅈㄴ섬뜩하네,5
오케이를 해줬어요?!!?!,6
밥먹자~!,6
슈또속 ㅋㅋ,0
또 꺾인다~~~~~~~~~~~~~~~,2
드가자~~나만 듁을수 읎따~~~,6
낚시였네,6
끼끼몽 해여하나,6
그건좀..,4
ㄷㄷㄷㄷ ㅠㅠㅠ 녹아녹아 ㅠㅠ,5
치트엔진 쓰죠,6
ㅅㅅㅅㅅㅅㅅㅅㅅㅅㅅㅅㅅㅅㅅㅅㅅㅅㅅㅅㅅㅅㅅㅅㅅㅅㅅㅅㅅㅅㅅㅅㅅㅅㅅㅅㅅㅅㅅㅅㅅㅅㅅㅅㅅㅅㅅㅅㅅㅅㅅ,0
뭉서워요 ㄷㄷㄷ,5
현지인,6
음봉 ㅋㅋㅋㅋㅋㅋㅋㅋㅋㅋㅋㅋㅋㅋ,1
에휴,3
장투는 진짜 답이없네 ㅋㅋ,2
이게뭐냐고ㅡㅡ,2
ㅅㅅㅅㅅㅅㅅ,0
뒤져라 체이커,2
뭔일이고,6
현준 듀오 레전드 레전드 레전드,6
야호{:d_94:}{:d_94:},0
어차피 영상 다음주에나 올리실건데 나중에 하죠,6
무빙걸피하기가어려운데,6
ㅇㅈ,6
와 차트 꼬라지 보소,2
닉스는 mz야,6
치금이니,6
파울 아님?,6
스로인으로 쳐먹는거 진짜 웃기네,4
ㅋㅋㅋㅋ ㅋㅋㅋㅋ ㅋㅋㅋㅋ ㅋㅋㅋㅋ ㅋㅋㅋㅋ ㅋㅋㅋㅋ ㅋㅋ,0
멐ㅋㅋㅋㅋㅋㅋㅋㅋㅋㅋㅋㅋㅋㅋㅋㅋ,0
니니,6
아 그래서 떨어졌구나 이해함요 ㅋㅋㅋㅋ,6
저는 누굴 탓하기 싫고 탓 안하던 사람인데 이제는 누굴 탓하게 되네요 정말 한국장은 이제 안올게요 정말..손실 크게보고 미장으로 장기 투자 하러갈게요 위플로 갑니다.....,6
슈카님 멘탈보니까 슬슬 저점인가요ㄱㄱ,6
{:wc_3:}{:wc_3:}{:wc_3:}{:wc_3:}{:wc_3:},6
미친 나왔다,1
졌나,6
영차,6
농구배구선수ㄷㄷ,1
차트가 산넘어 산이다 ㅜㅜ,3
오옹 ?,6
에바,6
👏👁👅👁,6
픽포드 ㅋㅋㅋㅋㅋㅋㅋㅋㅋㅋㅋㅋㅋ,0
진격거 ㄷㄷ,1
ㄷㄷㄷㄷㄷㄷㄷㄷㄷ,1
그럼 바로 밴이잖아요 ㅠㅠ,5
아니 ㅋㅋ,0
옾사이드네,6
아쉽긴 하다,3
삼전기 ls일렉트릭 살려주세요ㅠㅠㅠㅠㅠㅠㅠㅠㅠㅠㅠㅠㅠㅠㅠㅠㅠㅠㅠㅠㅠㅠㅠㅠㅠㅠㅠ,3
주식계의 밥로스 아저씨 슈키형,6
주봉한번보세용,6
전기 죽어여.ㅠ,3
아 이거 똥싸다끊은거같이 ㅋㅋ,4
뽀럭,6
야호{:d_94:}{:d_94:},0
아 ㅅㅅ하고 싶다,6
개븅신들,2
미국 10년채권 4.6,6
올해 시장은 끝낳다 내년에 보자,6
골이네,6
하늘 뚫고 올라갈 차트,6
아진짜 채팅창 어케끔?,6
와 개멋지넹,1
짜증나,2
슈카등장 = 반등의 시점 ㅅㅅㅅ,6
ㅠㅠㅠㅠㅠㅠㅠㅠㅠ,3
진짜 직스 딜각이나 만들지 ㅋㅋㅋㅋ,6
뒤에서 걷어찼는데 파울을 안불었다고?,6
우왙,6
/몽규제거,4
장대양봉 대기중,6
컨콜>삼전 감동> 하닉도 따라올라감>삼전은 주주환원 좋음 > 하닉은 꾸짐 > 하닉만 더 쳐맞기,6
에이 노파울이지,6
ㅠㅠㅠㅠ,3
애미뒤졌나,2
ㅋㅋㅋㅋㅋㅋㅋ 머리가 안좋아서 공부를 못해 ㅋㅋ,6
투헬 다운,6
이게 드간다고,6
험;,1
시간이 애매하네요ㅠㅠㅠ,3
커엽노 ㅋㅋㅋㅋㅋㅋㅋㅋㅋㅋㅋㅋㅋㅋㅋㅋㅋㅋ,0
ㅈㄴ 무섭네 ㅋㅋ,5
딩당딩,6
뭐야 재밌는거 지들끼리 했네,6
살려줘 제발 ㅠㅠ,5
닉스가 밉다,3
투헬 초긴장 ㄷㄷ,6
한명을 못 뚫노,4
맹보 ㅋㅋㅋㅋㅋㅋㅋㅋㅋㅋㅋ,4
와!!!!,0
zzzzzzzzzzzzzz,0
오늘 삼전/하직 고점 저점 차가 12%에요...그러니..국장은 뭘 할 수 있는 장이 아닙니다.,6
몽규의 팀 ㅋㅋㅋㅋ 알지,6
삼성전기 살려주세요ㅜㅜ,5
눈 돌아 간다,6
환불해줘~,4
심전 외인 순매도 ㅋㅋ,6
레버에 돈일 몰릴수밖에,6
크,0
속지마!,6
개잘찼농 ㄷㄷ,1
수비 5명 벙찌고 있노 ㅋㅋㅋㅋㅋㅋㅋㅋㅋ,2
계산상은 ㅋㅋ,6
우리도 피곤해요 ㅠㅠ,3
ㅈㄴ재미없네,2
시계,6
문잠궈,6
기관이 사는데,6
일장춘몽규 가라,6
저도 첫번째에 속아서 갸처물림,2
노르웨이 준우승 간다,6
ㅁㅊ,1
ㄱㄱㄱㄱㄱㄱㄱ,6
드리르,6
왜 아무도 안 붙어,4
쫄?,6
김승규 뻥뻥 날리기마누하고,6
저걸 못넣노,6
바닥 보기다 잠수,6
어떻게해야 할까요,6
ㅂㅅ들,4
뭐가온다,5
매혹,6
작은 애들 뽑아놓고 작다고 징징거리냐,4
최소 형님빽,6
명보형 제발 그만해줘 제발,5
용은 먹었고,6
찝찌배,5
베인엔딩,6
시러요 ㅎㅎ,6
경우의 수 발동@@@@@@@@,6
야이ㅣㅣㅣㅣㅣㅣㅣㅣㅣㅣㅣㅣㅣㅣㅣㅣㅣ,2
슈불!!!,6
ㄹㅇ ㅋㅋㅋㅋ,0
아오 오너시치,6
케인님 오늘은 왼쪽 허벅지살만 가져가신다고 했잖아요... 제발.. 한번만 봐주세요... 어...어어어...으아아악 오지마아아아앙아아아아아아앙아아앙ㅇ아아아아아아아앙아아아앙아아아,6
비상ㅇㅇㅇㅇㅇㅇㅇㅇㅇㅇㅇ,5
먹고 살자고 하는건데 ㅠㅠ,3
분명한 한국언데 한국어가 아닌 것 같애,6
환율살려,5
/채팅저속모드/채팅저속모드/채팅저속모드/채팅저속모드/채팅저속모드/채팅저속모드/채팅저속모드/채팅저속모드/채팅저속모드,6
물으라고!!! 지금이야!!!,6
꼽쌤;,4
깊은크로스노,6
지금 들어왔는데 슈카님 표정이 왜 저러지,6
나가라 정몽규 홍명보,2
오 ㅏㅅㅂ,1
보기싫어 ㅠ,3
홍명보와 정몽규가 넣은거지,4
/조졌네이거,3
ㅋㅋㄱ자동문키퍼ㅋㅋ,6
꼽견 이제 좀 나가라,4
용뺏겨서 ㅅㅂ하,2
ㅂㅅ년들,4
장난????????,1
우리 닉스 좀 살려줘요,6
오 ㅏㅅㅂ,1
{:d_9:}{:d_9:}{:d_9:}{:d_9:},6
ㅋㅋㅋㅋ,0
신의 매매 ㄷㄷ,1
두번죽임ㅠㅠ,3
ㅋㅋ 노골 될 수도 있겠노 ㅋㅋㅋㅋ,6
잡쉇ㅆ냐,6
니니 여보 건강해져,6
삼성전기 뭐야,6
그건 rp셔?,6
ㅈㄴ웃기네 ㅋㅋㅋㅋㅋㅋㅋㅋㅋㅋ,0
포기하지마,6
32강탈락 ㅅㄱ,6
인버스도 국장이다. 가즈아!!!!!!!!!!!!!!!!\,0
왜 억지부려,6
일베 개새끼들아 쳐봐라 그냥,2
조졌네,5
한국 1골 넣어라,6
"기회도많았는데 한골먹히네,.,",3
너무 무서워용 ㅠㅠ,5
살려주세요,5
오늘 기록적인날임 사이드카도 없는 날이라고요,6
지금 우셔야 합니다,6
필리핀 차무식 보고잇냐,6
꼇네,6
너 한국인이지,6
어? 어? 어? 어? 어? 하니까 여기네,6
숨이 안쉬어져요,5
쌀밥,6
대한민국 축구 수준이 글치 머,6
예뻐?,6
와??,1
ㅋㅋㅋ 아 어이없다,2
제카 ㄷㄷ,6
휴지좀 가져와라,6
들어볼래 다시 보면서 설명회 하면 되겠다,6
정면으로 오는데 못쳐내노 김승규 ㅅㅂㄻ,4
아니 오너 왜 들어간거야?,6
나가라 정몽규 홍명보,2
개뽀록골ㅋㅋㅋㅋㅋ,1
좋은데 ?,6
진짜 오르락 내리락 너무심하넹,6
코스닥....,6
개놀리네ㅋㅋㅋㅋㅋㅋㅋㅋㅋㅋ,0
히힉...,5
졋다 ㅋㅋㅋㅋㅋㅋ,6
다라이 ㅋㅋㅋㅋ,0
코인더있어,6
하.. 이게 뭐라고 ㅠㅠ,5
뭉서워요 ㄷㄷㄷ,5
브이엠도 봐주십숑.....ㅠ,5
너이게이씨,6
아 이거 똥싸다끊은거같이 ㅋㅋ,4
노골이겟다,6
팔걸,6
패턴이 똑같네,6
야 뭐하냐,6
불가능.,6
읎네,6
160가줘 제발..,5
저런,3
넣을거 못넣고 맨날 쳐맞노ㅋㅋㅋㅋㅋㅋㅋㅋㅋㅋㅋㅋㅋㅋㅋㅋㅋㅋㅋㅋㅋㅋㅋ,2
박살나는중,2
설레는 반존대 ㄷㄷ,1
카카오도 봐주세용,6
슈카님 초과이익 초과이윤 이거 어떻게 생각하세요?슈카님 초과이익 초과이윤 이거 어떻게 생각하세요?슈카님 초과이익 초과이윤 이거 어떻게 생각하세요?슈카님 초과이익 초과이윤 이거 어떻게 생각하세요?슈카님 초과이익 초과이윤 이거 어떻게 생각하세요?슈카님 초과이익 초과이윤 이거 어떻게 생각하세요?슈카님 초과이익 초과이윤 이거 어떻게 생각하세요?,6
ㅋㅋ접어라 그냥,2
vart,6
아무래도,6
또 탑정글이다,2
키퍼는 왜 펀칭 안하고 가만보고잇냐,2
살걸...,3
물어라 물어라,6
슈카님 표정이라도 밝게해주세요 안그래도 무서운데 더무서워져요 ㅠㅠ,5
어어 빠진다,5
멘탈털리고,3
조기탈락하고 새판을 다시 짜자,6
ㄱ-,6
장난????????,1
제발ㅜㅜㅜㅜㅜㅜㅜ,3
{:lck_16:}{:lck_16:}{:lck_16:}{:lck_16:}{:lck_16:}{:lck_16:}{:lck_16:},6
위에 매물이 너무 많아 ㅋㅋㅋ,6
시발터졌냐,4
드루와 슈카왕개미,6
어우 레버리지 녹았네,6
탑차이!!!!!!!,2
미친 나왔다,1
환율살려,5
자 다음 가야지?,6
축소하니까 하이먼 민스키네,6
/홍명보 제거,4
결국 ㅜ머한거임?,6
ㅇ ㅑ~ 새침하누,6
조용한줄알았제,6
아니 조현우 스라고 김승규 뺴고 진짜,6
반도체 억까 개심하긴하지?,2
형 살려줘~~~,5
사지마요 ㅠㅠ 그럼떨어질거같아요,5
ㅋㅋㅋㅋㅋㅋㅋㅋ 무적존인데,0
하이닉스 차트 정신병걸릴것같아요..,6
빨리 골 넣어야 1승 할 수 있다!!!!!!!,6
케인 반칙 VAR하겠네,6
도란이 아니라 오너.....,3
언제끝나,6
파라파라나 추자,6
하닉ㅋㅋㅋㅋㅋㅋㅋ,0
승규야 몽규랑 같이 나가 죽어라,2
삼전예쁘다,6
밴 ㅊㅊㅊㅊㅊㅊㅊ,6
홍명보 잘가라~,6
어지럽다,2
/조졌다,5
승규야 몽규랑 같이 나가 죽어라,2
던지는거 개쩌네 ㅋㅋㅋ,1
Var,6
처음부터 다시,6
지금 라이트한데,6
비상ㅇㅇㅇㅇㅇㅇㅇㅇㅇㅇㅇ,5
가둬놓고는 왜 안패냐고,2
지금이야!,6
지겟는데,5
너무 작아,6
뜬금골 ㅋ,6
저렇게 넣네,1
쯔양도 그렇게 못 먹음,6
채팅을 개판으로 만들고 튀네 ㅋㅋ,6
ㅋㅋ아직도 물림,6
그 누구의 계좌에서 울고 있나요 ㅠㅠ,3
노파울이구만 ㅋㅋ,6
아 ㅠ,6
개잘찼농 ㄷㄷ,1
와...,1
노안왔 썩,6
안돼 들어가지마,6
진짜 ㅈㄴ 못하네,2
보는 사람 체력이 딸린다,6
사밯ㄹ,1
채팅제거,6
뒤로 돌리기 지긋지긋하다 ㅋㅋㅋㅋㅋㅋㅋㅋㅋㅋㅋㅋㅋㅋㅋㅋㅋㅋㅋㅋㅋ,2
미 1친ㅋㅋㅋㅋㅋㅋㅋㅋ,1
예? ㅋㅋㅋㅋㅋㅋㅋ,1
잉글 뭐하나,6
이사 잘하노,6
ㅈ댓다,5
미친,1
미 1친미 1 친,1
/저속모드/저속모드/저속모드/저속모드/저속모드/저속모드/저속모드/저속모드/저속모드/저속모드/저속모드/저속모드/저속모드/저속모드/저속모드/저속모드/저속모드/저속모드/저속모드/,6
복리로 2배 ㅋㅋ,6
크로스 같은데 들어가버리네,6
저거먹히냐 ㅋㅋㅋㅋㅋㅋㅋㅋㅋㅋ,2
와 ㅅㅂ ㅋㅋ,1
인버스 레버리지 때문이자나,6
금감원!,6
몽규 잡히자마자 ㅣ발,2
우리 조카임,6
ㅂㄱㅋㅋㅋㅋㅋㅋㅋ,0
진짜 ㅈㄴ 못하네,2
ㅋㅋㅋㅋㅋ 누구보다 빠른 쫄튀,0
드개재ㅐㅐㅐㅐㅐㅐㅐㅐㅐㅐㅐㅐㅐㅐㅐ,0
하루만에 졸업 ㄷㄷ,1
엇박이몀 80퍼 날렸다,6
망함,5
다라이 개지리네,1
영듀구ㅗㄴ,6
차트 살벌하네 아직도 사야할지 말아야할지 ㄷㄷ,5
바로 옆이네 ㅋㅋㅋㅋㅋㅋ,0
속터질듯,2
노르웨이 우승!,6
내일 마저 하죠ㅎㅎ,6
픽포드 ㅋㅋㅋㅋㅋㅋㅋㅋㅋㅋㅋㅋㅋ,0
웃지마라,6
ㅋㅋㅋㅋㅋㅋㅋㅋㅋㅋㅋㅋㅋㅋㅋㅋㅋㅋㅋㅋㅋㅋㅋㅋㅋㅋㅋㅋㅋㅋㅋㅋㅋㅋㅋㅋㅋ,0
유입 나가고,4
와 ㅁㅊ,1
(애교 아님),6
웃참 해명하라,6
스트레스 받게하네 진짜,2
사요 ?,6
지금 담어?,6
개미쳤다,1
ㄹㅇ ㅋㅋ,0
이가 작네,6
또 꺾인다~~~~~~~~,2
불안한데.. 구름대 머리 맞고 내려왔는데,5
슈카님 하닉270까진 언제올까요? ㅠㅜㅜㅜㅜㅜㅜㅜㅜ,5
무서워요,5
야 일어나 뭐하냐,6
=_=,6
자리 말도 안되는데 좀 무서운 자리기도함 ㅜㅜ...,5
포킹딜 습박 ㅋㅋ,1
유후 초대석?,6
재밌네 ㅋㅋ,1
1인기업ㄷ ㄷㄷ,1
내일 점상,6
살려줘요!!!,5
우째막노 ㅋㅋㅋㅋㅋㅋㅋㅋㅋㅋㅋ,6
어지럽다 어지러워,2
죽음공포 치트엔진 다운로드,6
이렇게 넣냐,6
일베 무새들 쳐내라 좀... 챗창 관리 안함?,2
공략보고깸?,6
왜 아무도 안 붙어,4
크,0
부동산 폭등 주식 나락 미쳤다,6
뭔가 온다,5
어어 빠진다,5
먹고 살자고 하는건데 ㅠㅠ,3
/몽규제거,4
캬ㅑㅑ,0
도대체 어디까지 내려가요 ..ㅠ,3
꼽견 이제 좀 나가라,4
야마자키 ㄷㄷㄷㄷ,1
광견뭐야,6
위같긴한데 소리가 ㄹㅇ,6
이런방입니다,6
시발 홍명보,4
ㅗㅜㅑㅐ,1
골취소 해야지 이집트처럼,6
키퍼가 펀칭해야지 ㅋ,6
벤유도하지마요ㅠㅠ,5
세트피스는 저쪽이 더 잘 준비했네 ㅋㅋㅋ,2
자동문이고ㅋㅋ,6
ㅈ됐다,5
ㄱㅋㅋㅋㅋㅋㅋㅋㅋㅋㅋㅋㅋㅋㅋㅋㅋㅋ,0
그래보여요,6
뭐가온다,5
카르마 이슈 ㅋㅋㅋㅋㅋㅋㅋㅋㅋㅋㅋㅋㅋ,0
ㅜㅜㅜㅜ,3
와 ㅋㅋㅋ,1
괴물이 수륙양용,6
대한ㅁ;ㄴ구 개병신년들아ㅜ,4
주봉으로 한 번 보세요 뭐가 보여요,6
잘가라,6
힘들다,3
여자들 근육남 좋아함?,6
또샀어요?,6
존잘 ㄲㅂ,6
+10%는 되야 좋아해라 보합됐다고 좋아하노 ㅋ,6
마크를 왜 안해,2
케국주ㅋㅋㅋㅋ,6
?ㅋㅋㅋㅋㅋㅋㅋㅋ,0
개놀래라,1
단타 어케 먹냐 ㅋㅋㅋ 니 도준이가,6
에코보이스 뭐지요?,6
우리 이쁜 니황은 뭐하고 계신가요??,6
멋진골이네,6
개못해 걍,2
이게 주식이냐,1
ㄱㅋㅋㅋㅋㅋㅋㅋㅋㅋㅋㅋㅋㅋㅋㅋㅋㅋ,0
주식 쉽네...,6
울 슈카님 넘 안쓰러워ㅠㅠ,3
개무섭네,5
위아래 위위아래,6
토나온다 실력,4
삼전 온몸비틀기\,6
정몽규 욕하지마라 ㅋㅋ,6
아리가땡쓰 ㅇㅈㄹ,6
이집트는 왜,6
이걸 안물어?,6
그건 먹을자격있다,6
상주공고 정지호가 더 못하겠네,6
환율살려,5
노르웨이 올라가겠다,6
윤xx,6
ㄷ재표님 ㅋㅋㅋㅋ,0
전기 어뜩해,5
날 떠난다는 그~여자,6
쫄아서 바로 문닫음 ㅋㅋㅋㅋㅋㅋ,0
정몽준 얼굴 나오자마자 바로 먹히놐ㅋㅋㅋ,6
ㅇ,6
진짜.. 단타 무섭네 ㄷㄷ,5
이거 들어가면 물리는자리가 맞는거 같음,6
이게 명보탓?? ㄴㄴ 흥민탓 ㅋㅋㅋ 흥민아 은퇴해,6
오너 진짜 뭐지,1
또 꺾인다~~~~~~~~,2
형 나 진따 어떻게 해야해 ㅠ,3
셰도르프 네덜란드에서 귀화했네,6
비ㅣㅣㅣㅣㅣ상,5
접자..,3
최씨가 그럼 그렇지,6
ㄷㄷㄷㄷㄷㄷㄷㄷㄷㄷㄷㄷㄷ,1
왜. 그래. 손꾸락므거,6
양봉때 조금 먹었는데,6
와 미 친,0
입벌린거 터엽,6
왜 북한 사투리가 된거 같냐 ㅋㅋㅋ,6
마빡이누구냐 ㅋㅋ,6
너무했썩,3
하.............,5
먹고 살자고 하는건데 ㅠㅠ,3
이길순 없다,6
나이스 졋다 ㅋㅋㅋㅋㅋㅋㅋㅋㅋㅋㅋㅋㅋㅋㅋㅋㅋㅋㅋㅋㅋㅋㅋㅋㅋㅋㅋㅋㅋㅋㅋㅋㅋㅋㅋㅋㅋㅋㅋㅋㅋㅋㅋㅋㅋ,2
머고 ㅋㅋㅋㅋ,1
ㅠㅠㅠㅠㅠㅠㅠㅠㅠㅠㅠㅠㅠ,3
진석이 일본어 가능하잖아,6
한명을 못 뚫노,4
그래 5골먹어라 차라리 ㅋㅋㅋㅋㅋㅋㅋㅋㅋㅋㅋㅋㅋ,2
조졌네...,5
그때 레버리지 때문이잔하,6
골ㄹ,6
룸운,6
/조졌다,5
새벽3시에 왠 방송,1
포대장ㄷㄷ,6
국적 이자식아,6
좆케인 ㅋㅋㅋㅋ,6
{:d_65:}{:d_65:}{:d_65:}{:d_65:}{:d_65:}{:d_65:}{:d_65:},6
손이 안나간다니까 ㅋㅋ,6
역시 슈카형이 안정감이 잇다...,6
똥칸에 숨는건 1티어네,6
zzz,6
목격도르,6
와 제1원칙 절대 국장을..,6
전문가도 당하는구나,6
말하면 스포밴이자나요 ㅠㅠ,5
살려달라구ㅜㅜㅜㅜㅡ,5
흥민이 빼야 이긴다,6
손흥민 빼라...,2
훈수라고 밴하잖아요 ㅠㅠㅠ,3
와꾸 씹 ㅋㅋㅋㅋㅋㅋㅋㅋ,0
190이 여자임?,6
슈황 시작하고나서 맨날 떨어지는거같은데...,5
주식없는 분들만 기프트 보낼 수 있음,6
그럼 지금 팔고 다시 드가요?,6
한강물 따뜻해요?,2
ㅋㅋㅋㅋㅋㅋㅋㅋㅋㅋㅋㅋㅋㅋㅋㅋㅋㅋㅋㅋㅋㅋㅋㅋㅋㅋㅋㅋㅋㅋㅋㅋㅋㅋㅋㅋㅋㅋㅋㅋㅋㅋㅋ,0
와 미친 ㅋㅋㅋㅋ,1
그냥 너무 답답해,2
뫄뉘 붤고 쉽풔얼~~~~~,6
대답,6
ㅌㅌㅌㅋㅌㅌㅌㅌㅌㅌㅌㅋㅌㅌㅋㅋㅋ,0
역배팅 헷는데 이걸!!!!,2
와 진짜 험한말 마렵다,2
들어가면 누구나 물리는 장ㅠ,3
작은 애들 뽑아놓고 작다고 징징거리냐,4
아 여기동네,6
치즈양,6
다라이 ㅋㅋㅋㅋㅋ,0
ㅈ됐다,5
ㅋㅋㅋㅋㅋㅋㅋㅋㅋㅋㅋㅋㅋㅋㅋㅋㅋㅋㅋㅋㅋㅋㅋㅋㅋㅋㅋㅋㅋㅋㅋㅋㅋㅋㅋㅋ 개무섭네,5
듣기도하면,6
아 줴줴이야~~~아 줴줴이야~~~아 줴줴이야~~~아 줴줴이야~~~아 줴줴이야~~~아 줴줴이야~~~,6
손흥민 쳐나가라 ㅋㅋ,4
계단식 ㄷㄷ,1
쪽팔린다 ㅡㅡ,2
tsmc 실적 나오쟈나~~~~~,6
와!!!!!!!!!!!!!!!!! ㄷㄷㄷㄷㄷㄷㄷㄷㄷㄷㄷㄷㄷㄷㄷㄷ,0
에휴,3
버스니 그물망이니?,6
텡크로 밀어버리노!!!!!!! 스타벅스 가야지!!!!!!!,2
끄아아악,6
1시야 1시,6
교체도안하고 대체 뭔생각이냐? 집중력다떨어져있는거보이지도않나,2
설마 또 내리지 않겠지 ㅠㅠ 망.. ㅠㅠ,3
황희찬 넣으라고,6
비응신ㅁ들,4
양양,6
어지럽다,2
명보야 나가 그냥,4
리브 메이는 아직 데뷔 안함,6
어른의 사정 ㅠㅜㅠㅠㅠ,3
포대장,6
ㅗㅜㅑㅗㅜㅑ,6
시발ㅋㅋㅋㅋㅋㅋㅋㅋㅋㅋㅋㅋㅋㅋ,0
살걸...,3
이게 맞지,6
따라했다가 자산80프로가 삭제당했습니다,6
홍명보 나가,4
형 나 진따 어떻게 해야해 ㅠ,3
이래서 깨겠나 이거,6
허무하네 ㅋㅋㅋㅋㅋㅋ,3
4848 잘못하면 죽음,6
와 ㅁㅊ,1
미친 물뭐야 ㅋㅋㅋㅋㅋㅋㅋㅋㅋㅋㅋ,1
그래 g2 조합이 한타 조합이라 모름 진짜.......,3
손 은퇴,6
또 꺾인다~~~~~~~~~~~~~~~,2
소리 코라지 ㅋㅋㅋㅋㅋㅋㅋㅋㅋㅋㅋㅋ,0
이게 본토의 얏타,6
왜 들어갔냐?,1
{:wc_5:}{:wc_5:}{:wc_5:}{:wc_5:}{:wc_5:}{:wc_5:}{:wc_5:}{:wc_5:},6
장투는 진짜 답이없네 ㅋㅋ,2
무빙 토나온다,4
불친절겜,6
오우 씌;,1
한강물 따뜻해요?,2
..,3
ㅋㅋㅋㅋㅋㅋㅋㅋㅋㅋㅋㅋㅋㅋㅋㅋㅋㅋㅋㅋㅋㅋㅋㅋㅋㅋㅋㅋ,0
진짜 개몬한다,4
홀란드 >>>>>> 호날두,6
찝,5
사지마요 ㅠㅠ 그럼떨어질거같아요,5
시발 뭐하냐,4
고개는 ㅋㅋㅋㅋㅋㅋㅋ,0
김승규 수준 꼬라지보소,1
몽규 제거,6
월드컵 세대들 뭐임,6
노파울임,6
파울임,6
손흥민 빼고 성포고 에이스 오시헌 투입,6
와 ㅅㅅㅅㅅㅅㅅㅅㅅㅅㅅㅅㅅㅅㅅㅅ,0
노르웨이가 매수햇네,6
홍명보 나가,4
ㅈㄴ웃기네 ㅋㅋㅋㅋㅋㅋㅋㅋㅋㅋ,0
ㅁㅊ,1
본주사고 인버스 헷지하는 개꿀장인데 이걸 참아,6
뭉탱이와 함께,6
ㅠㅠㅠ,3
어차피 골 넣은 거 아니가,6
피티햄 너무 용감해요 멋져,6
왜 이래 아마추어 같이 //,6
세금 ㅅㅂ,4
진짜 그 사이에 멘탈은 분쇄기 착즙 수준,6
초심찾기 프로젝트ㅋㅋㅋㅋ,6
들어가야지 !!!! 들어가야지 !!!! 들어가야지 !!!!,0
장투는 진짜 답이없네 ㅋㅋ,2
뻥글 우승 ㅈㄴ 축알 못 ㅋㅋㅋㅋ,6
아 ㅈㄴ웃기네 ㅋㅋ,0
ㅌㅊㅇ,6
ㅂㅅ들,4
/영포티 제거모드,6
우리가 먼저 리센느 알았는데...,6
"연경이누나,,",6
빽패스만 할줄암,6
또 속아여?!,6
쎄하더라 싶었는데,6
몬닉,6
반존대?,6
삼성전기 죽었나요?,6
미쳤다,1
미친....,1
얘넨 시가총액 5조가 매출 14억 ㅋㅋㅋ,6
너무힘들어요,3
오늘도 조졌다리,5
언제팔어!!!?!,5
바이킹의 위엄,6
흑흑,3
멀미나여,6
닉스 컨콜만 제대로 했어도 ㅠㅠ,3
내일까지 폭락후 역사는 다음주부터입니다 ㅋㅋㅋㅋㅋㅋㅋㅋㅋㅋㅋㅋ,6
꼬시는거지,6
내 동생 원이,6
와 ㅁㅊ ㅋㅋㅋㅋㅋㅋㅋㅋ,1
아우ㅜㅜㅜㅜㅜ,3
졸라귀엽네,6
준,6
이 정도면 슈형 통장은 공공재다,6
이빨이 몇개야,6
ㅗㅜㅑㅐ,1
슈카님 표정이라도 밝게해주세요 안그래도 무서운데 더무서워져요 ㅠㅠ,5
거래량보세요 거래량도 터짐,6
나이스 졋다 ㅋㅋㅋㅋㅋㅋㅋㅋㅋㅋㅋㅋㅋㅋㅋㅋㅋㅋㅋㅋㅋㅋㅋㅋㅋㅋㅋㅋㅋㅋㅋㅋㅋㅋㅋㅋㅋㅋㅋㅋㅋㅋㅋㅋㅋ,2
입 벨튀 ㄷㄷ,1
차트가 꼬질꼬질하다구요 ㅠㅠㅠㅠㅠㅠㅠㅠㅠㅠㅠㅠㅠㅠㅠㅠㅠㅠㅠㅠㅠㅠㅠㅠㅠㅠㅠ,3
이게 뭔....,6
몽규 느가라,4
3전패 탈락!!!!! 해라,2
ㅁㅊ,1
ㅎㅇㅎㅇ,6
카에데상?,6
지려따!!!!,0
하루차트ㄷㄷ,1
ㅠㅠㅠ,3
밑에,6
니혼지인,6
막은거?,6
늙다리?코다리?늙다리?코다리?늙다리?코다리?늙다리?코다리?늙다리?코다리?늙다리?코다리?,6
형 이 양도지캔들을 참냐,6
헉헉,1
어? 아직 1시네?,6
ㅅㅅㅅㅅㅅㅅㅅㅅㅅㅅㅅㅅㅅㅅㅅㅅㅅ,0
빽패스,6
박재박이다,6
누구나 다 이유는 알고 있는데 ㅋㅋㅋㅋ,6
응 또 시작이야~~~~,6
ㅈㄴ 못하네 버러지들,2
뒤에 2명 멍때리노,2
와..,6
DHDN,6
죄송해요 케인님 ㅠㅠㅠㅠㅠㅠㅠㅠ,5
케인은 골취소 안되노,6
"다음 상승장은 몇년후일까,,,,",6
ㅆㅂ,4
아몰랑 물자 파닥파닥,6
물소리 나는건가,6
시간이 애매하네요ㅠㅠㅠ,3
오너 좋았다,6
살려주세요~~~~~~~~~~~~~~~,5
너 꼽이야?,2
머꾸다시,6
아 ㅠㅠㅠㅠㅠㅠㅠ,3
속터질듯,2
간거같은데,6
이거디 이거디,6
ㅋㅋㅋㅋㅋ 두가자,0
미룬이지누,6
망해가는 ㅇㅈㄹ,6
속아서 응원하자!!!,6
업사이드 아니냐?,6
형 오늘은ㅊ붕싸 왜 안드세요,6
와 시원시원 ㅋㅋㅋㅋㅋㅋㅋㅋㅋㅋㅋㅋ,6
ㅈㄴ웃기네 ㅋㅋ,0
노르웨이 진짜 역사 쓰냐???? ㅋㅋㅋㅋㅋㅋㅋㅋㅋㅋㅋㅋㅋㅋㅋㅋㅋㅋㅋㅋㅋㅋㅋㅋㅋㅋ,6
저 가능해요,6
레오나 말랑한데 이제,6
손흥민 때문에 진거임 ㅇㅇ,6
집가자~~~~~,6
한지,6
심판 인스타 ㄱㄱ,6
rhf,6
광탈각이누..,3
대한민국 제거,4
미국 십년물채권 4.5 이면 문제라고 했는데. 지금 4.6,6
ㅈㄴ 에겐스럽네 ㅋㅋ,0
ㅠㅠ,0
과연 ?,6
더 사,6
이게 도박이지 주식이냐,2
시작부터 분위기 바라,6
노르웨이 선제골 ㅅㅅㅅㅅ,0
지겟는데,5
zzzzzzzzzzzzzzzzzz,0
어른의 사정 ㅠㅜㅠㅠㅠ,3
옵사 잖아,6
아이고 미치겠네,5
진엔딩 영상 같이보기하죠,6
어케넣었누 어케넣었누 어케넣었누 어케넣었누 어케넣었누 어케넣었누 어케넣었누 어케넣었누 어케넣었누,6
개인은 압니다...지금 물리면 몇년이 걸릴지..,6
마빡이 맞네,6
진짜 개빡,2
와 ㅋㅋㅋ,1
95년생이라 귀가 슬슬 안들리는데 포켓몬 맞추기 를 오팬무 맞추기로 들었네,6
먹고는 살아야지 다 먹고살려하는건데 말야,6
졋네,3
음전이다 이거 ㅋㅋ,6
야르르르르르르,6
ㅈ됫다,5
오물?,6
이게메인이야,6
힘들다,3
키 차이가 많이 난다....,3
아니 수비 안 하냐고,2
너무 막 들어가..ㅠ,3
와우,0
삼성전기 ㅠㅠ,3
마하반야맨이야?,6
조별광탌ㅅㅅㅅ,3
이정도면 당하는 내가 바보지,6
뭐노 ? ㅋㅋㅋ,6
방울??,6
ㅖ,6
삼성전기 ㅠㅠ,3
응 못넣어 ㅋ,6
체코도 못이기면 월드컵 어떻게 하겠다는거녀,2
ㅋㅋㅋㅋㅋㅋㅋ 전봇대가 서있노,6
가놈아 너 그정도야?,6
투헬 ㅋㅋ,6
어이없어서 웃음난다 ㅋㅋㅋ,1
괴물을 가지고논닼ㅋㅋㅋㅋ,0
그래 유튜브 올리거라,6
{:d_3:}{:d_3:}{:d_3:}{:d_3:}{:d_3:},6
진짜 역대급이네,1
슈불,5
내가 먼저알았는데.....,6
작은 애들 뽑아놓고 작다고 징징거리냐,4
"와 레전드네,.,",1
노르웨이 뭐야 ㄷㄷ,1
목격자 ㅋㅋ,6
캬ㅑㅑ,0
과감해졌다,6
나빠다ㅠㅠ,3
ㅋㅋㅋㅋ  저걸 들어오는걸 멀뚱하게 보고있노,6
삼전기는 지반 무너졌냐? ㅋㄱㄹㄱㅋㅋㅋㅋㅋㄱㅋㅋㄱㄱ,6
삼성전기 난리났어 ㅜ,3
이런 애들이 현실에서 정상인인척하는거냐? ㅌㅌㅌㅌㅌㅋㅋㅋㅋㅋㅋㅋㅋㅋㅋ,4
살려주세요ㅕㅕㅕㅕㅕㅕㅕㅕㅕ,5
{:lck_2:}{:lck_2:}{:lck_2:}{:lck_2:}{:lck_2:}{:lck_2:}{:lck_2:}{:lck_2:}{:lck_2:}{:lck_2:},6
형 나 진따 어떻게 해야해 ㅠ,3
아 이게 뭐냐 진짜,3
"말이 안되잔아. 영업이익 8조짜리 창신메모리가 시총 800조인데, 하닉이 900조, 삼전이 1200조 라니....",1
/네이버15주이벤트참여,6
진짜 안볼란다,4
ㅅㅅㅅㅅ,0
앞에잇다,5
왜 구 일 정,6
홍명보 ㅠ.ㅠ,4
바닥은 아뮤도몰라,6
오 이 델,6
제발좀 ㅠㅠㅠㅠㅠㅠㅠ댜겅냄나내0ㅐㅌ,3
드셨,6
뭐햐냐 진짜로,4
슈형 시장 이정도면 작동을 안하는거 아닌가요?,6
데뷔한지 꽤 됐어,6
어우 소리 ㄷㄷ,1
조현우 엿으면 막앗다 ...,3
그냥 너무 답답해,2
오늘 기관이 양아치던데.. ㅠ,6
대단하다 쓰리백!,6
디코 너무 작다,6
ㄷㄷㄷㄷㄷㄷㄷㄷㄷ,1
뒤에서찼는데 파울이 아니면;,6
갓명보 ㅅㅅㅅㅅㅅㅅㅅㅅㅅㅅㅅ,4
ㅈ버그 ㅋㅋㅋㅋㅋ,6
알상무님 요즘.항상 웃고계심,6
ㅈㄴ 가까이있네,6
아니 안돼 잉글랜드,6
구경하냐,4
어차피 망한거 더 망치고 욕이나 실컷 먹어라!!!!!!,2
슈카 미소가 끊이지 않는거보니 여기 리딩방 맞다.,6
잉글랜드는 매수 없네 ㄷㄷ ㄷ ㄷ ㄷ ㄷ,6
zzzz,0
서전트 점프~!!,6
구경하냐,4
소리보소,6
조졌네...,5
5개다맨이야,6
돔,6
체코 조나 못하는데 그걸 상대로 더 못해 ㅋㅋㅋㅋㅋㅋㅋㅋㅋㅋㅋㅋㅋㅋㅋㅋㅋㅋㅋㅋㅋㅋㅋㅋㅋㅋㅋㅋㅋㅋㅋㅋㅋㅋ,4
미친 ㅋㅋㅋㅋㅋㅋㅋㅋㅋㅋㅋㅋㅋㅋㅋㅋㅋ,1
아직 바닥 아님 ㅜㅜ,5
그르르,6
와우,0
신라공주 막내엿구나,6
왜 아무도 안 붙어,4
지금이니?? ㅋㅋㅋ,6
네 ㅎㅎ,6
그나마 삼전밖에 없다 지금,6
야호{:d_94:}{:d_94:},0
역시 형이야,6
진짜 폭탄던지네,6
종배 가즈아,6
얘네랑 엄대엄 나면 blg 한화 어떻게 이길건데...,3
픽포드 ㅋㅋㅋ,6
용 뺏겼으면 대패 했겠네,6
손흥민보다 오현규가 훨씬 낫겟다,6
O_O,6
홍명보 나가,4
속터질듯,2
또 경우의 수 따져야하냐,6
홍명보 아웃,4
ㅋㅋㅋㅋㅋㅋㅋㅋㅋㅋㅋㅋㅋㅅㅂ,0
케인 병22신새끼 ㅋㅋㅋㅋㅋㅋㅋ,6
닥쳐 시바,2
왜구일정 ㄷㄷ,6
죠짐,5
진짜 개 무섭네 홀란 ㅋㅋㅋㅋㅋㅋㅋㅋㅋㅋㅋㅋㅋㅋㅋㅋㅋㅋㅋㅋㅋㅋㅋㅋㅋㅋ,5
하나도 못뚫고 시발 뒤로만 보내고,4
대ㅡㅡㅡㅡㅡㅡ박,0
역시 윤가상,6
뭐 없는데?,6
좋은데?,6
슈카님 방송뉴스에서 반등온다 기다리라고 계속하는데 어떻게생각하세요,6
포킹딜 습박 ㅋㅋ,1
이페이스면 내년엔깰듯,6
돈을 얼마나 잃고 싶은건지 감도 안옴,6
유혹의 제네시스,6
이거 빨린다,6
치통령,6
똥칸 개사기네 ㅋㅋ,0
이야 직스,6
노르웨이 이기겠네 ㅋㅋㅋ,6
아 즌나 우울함..,3
닉스 너무 쌈 ㅠ,3
비오던데,6
두산에너빌리티 앞으로 어떨까요,6
ㅠㅠㅠㅠㅠㅠㅠㅠㅠㅠㅠㅠㅠ,3
SEX 야~호,0
어리다,6
애니비아나 쳐물지,2
섹스!,0
골 ㅅㅅㅅㅅㅅㅅㅅㅅㅅㅅㅅㅅㅅㅅ,0
골ㄷㄷ,1
잘해줄께 들어와,6
힘빠진다 ㅠㅜ 으에에에,3
마빡이네,6
500층 가즈아ㅏㅏㅏ,0
에?,6
슈또속 ㅋㅋ,0
와!!!!!!!!!!!!!!!!! ㄷㄷㄷㄷㄷㄷㄷㄷㄷㄷㄷㄷㄷㄷㄷㄷ,0
반도체 억까 개심하긴하지?,2
가수왕 슈카 ㄷㄷㄷㄷㄷㄷㄷㄷㄷㄷㄷ,1
한제,6
열차 탑승 기회를 줘도오오오,6
아오~ 꼽샘,6
떠난다는 선탁지가 아닌거같은데,6
의자머고 ㅋㅋ,6
ㅋㅋㅋㅋㅋㅋㅋㅋㅋㅋㅋㅋㅋㅋㅋㅋㅋㅋㅋㅋㅋㅋㅋㅋㅋ개웃기노],0
모르네 ㅋㅋ,6
태~~원,6
진짜 주옥같이 못한다,6
ㅋㅋㅋㅋㅋㅋㅋㅋㅋㅋㅋㅋㅋㅋㅋㅋㅋㅋㅋㅋㅋㅋㅋㅋㅋㅋㅋㅋㅋㅋㅋㅋㅋㅋㅋㅋㅋ,0
살려주세요ㅕㅕㅕㅕㅕㅕㅕㅕㅕ,5
시밬ㅋㅋㅋㅋㅋㅋㅋㅋㅋㅋㅋㅋㅋㅋㅋㅋㅋㅋㅋ,0
소리 인식한다 이거 개빡이다 ㅋㅋㅋㅋㅋㅋㅋㅋㅋㅋ,0
멐ㅋㅋㅋㅋㅋㅋㅋㅋㅋㅋㅋㅋㅋㅋㅋㅋ,0
;;;;;,6
제발,6
슈카형 쫄..?,6
오늘 양봉일때 팔지,6
v자 반등 안나와요?! ㅜㅜ,3
형 지금이야?,6
첨부터 ㅊㅊㅊㅊㅊㅊㅊㅊㅊㅊㅊㅊㅊ,6
그래 5골먹어라 차라리 ㅋㅋㅋㅋㅋㅋㅋㅋㅋㅋㅋㅋㅋ,2
와 미 친,0
와 ㅋㅋㅋㅋㅋㅋㅋㅋㅋㅋㅋㅋㅋㅋㅋㅋㅋㅋㅋㅋㅋㅋㅋㅋㅋㅋㅋㅋㅋㅋㅋㅋㅋ,1
물리다니 장투!!,6
그럴줄 알았다 제발 나가~~ 홍명보,4
딸뻘,6
오늘 수급 개미가 많이 파네요,6
이건오ㅔ?,6
와 ㅋㅋㅋㅋㅋㅋ,0
많이 벌고싶어,6
후진!,6
못들어오나,6
살려주세요ㅕㅕㅕㅕㅕㅕㅕㅕㅕ,5
기혁이 뭐하노,6
카밀 위치 개무섭다 진짜 ㅋㅋㅋㅋㅋㅋㅋㅋㅋㅋㅋㅋ,5
ㆍ,6
와우,0
그것은 !,6
망함,5
똥칸 전진법,6
ㄱㄱㄱㄴㄱ,6
징그럽다 차트가,4
의북 야~~~~호,6
계단식 ㄷㄷ,1
슈황 시작하고나서 맨날 떨어지는거같은데...,5
찝찝하다,5
형.. 오늘은 진짜 힘들다,3
쪽팔린다 ㅡㅡ,2
예?,6
ㅈ됐다,5
슈카형 방송켜서 꼬리만드는중,6
개미들이 6조가까이를 팔았는데 매수할돈이있으려나,6
쌀을 사먹어야지,6
조졌네...,5
에휴,3
엔 싸긴해,6
찐반 드개재ㅐㅐㅐㅐㅐㅐㅐㅐㅐㅐㅐㅐㅐㅐㅐㅐㅐㅐㅐㅐ,0
말이되나 ㅋㅋㅋ,1
ㅁㅊ ㅋㅋㅋㅋㅋㅋㅋㅋㅋㅋ,0
얘기하면 혼내시자나요ㅠㅠ,3
묭규 나가~몽규나가,4
ㅈ버그 ㅋㅋㅋㅋㅋㅋㅋㅋㅋㅋㅋㅋㅋㅋㅋㅋㅋㅋㅋㅋ,0
몽규 나오자마자 골먹힘,4
저거먹히냐 ㅋㅋㅋㅋㅋㅋㅋㅋㅋㅋ,2
오너상?,6
노르웨이 미친거 아니야,1
삼전기 ls일렉트릭 살려주세요ㅠㅠㅠㅠㅠㅠㅠㅠㅠㅠㅠㅠㅠㅠㅠㅠㅠㅠㅠㅠㅠㅠㅠㅠㅠㅠㅠ,3
하루에 두배,6
코코코코,6
직스는 못맞추면 아무리 잘커도 의미가 없어,6
대구하이텍고 스마트메카닉스 화이팅,6
꼽기견 ㅋㅋㅋㅋㅋㅋ,6
찝찌배,5
슈팅 지리네,1
아니 도란,6
스위트홈이네,6
우울우울,3
도대체출구가 어딨는겨,6
칼로?,6
숲 떠나서 치지직으로 이적하나보다,6
음? 고양이 죽어있는데,6
헉!!,1
비비고 삼계탕,6
박지성 화장실갔음? 말이 없어,6
팔더라...,6
키퍼는 왜 펀칭 안하고 가만보고잇냐,2
보노보노 ㅋㅋ,6
저 잡히고싶어요 ㅎㅎ,6
베인 풀템나오면 어카냐,6
아르헨이었으면 골취 ㅇㅇ,6
하닉ㅋㅋㅋㅋㅋㅋㅋ,0
잘 넘기네,6
오늘 삼전40프로 정리했어요,6
그건 남자 2m10이랑 똑같잖ㅇ라,6
변기 부셔지겠다 형,6
"밋밋해 .... 대한민국의 먼가가 없어,, ㅎㅎㅎ",6
눈없썩?,6
목욕일,6
섹스!,0
anjdi,6
정말 ㄷㄷㄷㄷㄷ,1
"명보는 계획이 없니?,,",4
바로 안오는게 더 불안한데ㅋㅋ,5
냠냠~~~`,6
레버리지는 왔다갔다하면서 녹겠네 ㅋㅋㅋ,6
진짜 개 무섭네 홀란 ㅋㅋㅋㅋㅋㅋㅋㅋㅋㅋㅋㅋㅋㅋㅋㅋㅋㅋㅋㅋㅋㅋㅋㅋㅋㅋ,5
하시려구요? ㄷㄷ,6
160가줘 제발..,5
또 꺾인다~~~~~~~~~~~~~~~,2
신기하다 게임이....,1
바이킹 우승,6
케인한테 파울이면 노골이면,6
뒤로 돌리기 지긋지긋하다 ㅋㅋㅋㅋㅋㅋㅋㅋㅋㅋㅋㅋㅋㅋㅋㅋㅋㅋㅋㅋㅋ,2
손흥민 백승호좀 쳐 빼라,4
팔딱팔딱,6
형 분봉 지금이야!!!!!!!!!!!!!!!,1
고지대 일찍 가서 적응보다 오늘온 체코가 더 잘한다??????????????????????????????????????????????,1
손흥민 빼라...,2
ㅋㅋㅋㅋㅋㅋㅋㅋㅋㅋㅋㅋㅋㅋㅋㅋㅋㅋㅋㅋㅋㅋㅋㅋㅋㅋㅋㅋㅋㅋㅋㅋㅋㅋㅋㅋㅋㅋ,0
정병차트,6
zzzzzzzzzzzzzz,0
v자 반등 안나와요?! ㅜㅜ,3
풀매수 가나요?,6
쌀먹,6
무훈,6
아 공찼네 골이다 ㅠ아 공찼네 골이다 ㅠ아 공찼네 골이다 ㅠ아 공찼네 골이다 ㅠ아 공찼네 골이다 ㅠ아 공찼네 골이다 ㅠ아 공찼네 골이,6
몽규 잡히자마자 ㅣ발,2
-99,6
ㅈ망,3
너무 막 들어가..ㅠ,3
효성중공업 봐주세요,6
주식고수찾습니다,6
케인아 일어나라 ㅋ,6
먹긴해야지,6
일찍 끝났으니 진엔딩 ㄱㄱㄱ,6
커엽노 ㅋㅋㅋㅋㅋㅋㅋㅋㅋㅋㅋㅋㅋㅋㅋㅋㅋㅋ,0
쌍방으로 다발라먹네,6
"이제 개인이랑 외국인,기관들 거래방향이 반대던데",6
슈카반대 매매법 지금이 살때임,6
엌ㅋㅋㅋㅋㅋㅋㅋㅋㅋ,0
모라는교,6
저번에 역자숙절 이후로 지금 다들 조심히 말하구 있다구우웃!,6
대한민국 제거,4
그냥뒤에서 아킬레스건 깠는데?,6
ㅋㅋㅋㅋㅋㅋㅋㅋㅋㅋㅋㅋㅋㅋㅋㅋㅋㅋㅋㅋㅋㅋㅋㅋㅋㅋㅋㅋㅋㅋㅋㅋㅋㅋㅋㅋㅋㅋㅋㅋㅋㅋㅋ,0
현금이 계속 남아있냐 좋겠다,6
뭐냐 ㅋㅋㅋㅋㅋㅋㅋㅋㅋㅋ,0
코스피 대폭락중,6
ㅋㅋㅋ 아 어이없다,2
미끼 ?,6
진심 스레기전술이네,4
손흥민 빼라,4
알빠임? ㅋㅋ 케인아 ㅋㅋ,6
밴유도 조심,5
파울,6
지금이니~~,6
여긴 나도무섭던데,5
노르웨이 우승!!!!!!!,0
무서워요,5
삼성전기 살려주세요,5
동네방네,6
삼전 어닝콜로 145까지 ㅋㅋ,6
ㅅㅅㅅㅅㅅㅅㅅㅅㅅㅅㅅㅅㅅㅅㅅㅅㅅㅅㅅㅅㅅㅅㅅㅅㅅㅅㅅㅅㅅㅅㅅㅅㅅㅅㅅㅅㅅㅅㅅㅅㅅㅅㅅㅅㅅㅅㅅㅅㅅㅅㅅ,0
와 소리 ㅅㅂ;,5
헐리웃,6
뭘 하려고 ㅗㅜㅑ,6
개처웃기네,0
조선족들임 저 노노거리는것들 ㅋㅋㅋ,6
맨날 안돼는 애들,6
조별광탌ㅅㅅㅅ,3
아니 도란 점멸 왜 째다가 이상하게 쓴 거야?,2
"기회도많았는데 한골먹히네,.,",3
강팀 느낌 없긴 하다,6
ㅠㅠㅠㅠ,3
차트 살벌하네 아직도 사야할지 말아야할지 ㄷㄷ,5
손흥민센타포드가 한국똥볼을 인증하는거지,6
ㅅㅅㅅㅅㅅㅅㅅㅅㅅㅅㅅㅅㅅㅅㅅㅅㅅㅅ,0
살려달라구ㅜㅜㅜㅜㅡ,5
진짜 다시하시네ㅠ,3
코스 지리노,1
또 var 보겟네 ㅋㅋ,6
일베 무새들 쳐내라 좀... 챗창 관리 안함?,2
사밯ㄹ,1
얐따!,6
바로 안오는게 더 불안한데ㅋㅋ,5
그냥 지고 한국와서 계란 쳐맞아라,4
ㄷㄷㄷ 엇박나면 바로 한강각인데,1
호재인가요?,6
왜 박는거야 직슨데,2
월 클,6
ㅋㅋㅋㅋㅋㅋㅋㅋㅋㅋㅋㅋㅋㅋㅋㅋㅋㅋㅋㅋㅋㅋㅋㅋㅋㅋㅋㅋㅋ,0
사면물리네..낚시장 ㅜㅜ,3
그게 되냐고 ㅋ,6
그 누구의 계좌에서 울고 있나요 ㅠㅠ,3
바빠지죠,6
무슨 고지대 적응했다는 애들이 ㅋㅋㅋ 적응 못한애들보다 못 뛰냐,2
버스 타세요,6
그만 누워라 ㅋㅋㅋㅋㅋㅋㅋㅋㅋㅋㅋ,4
네...,6
힘빠진다 ㅠㅜ 으에에에,3
장이 왜이래...,1
슈또속 ㅋㅋ,0
아모른직다,6
크로스였네,6
체코한테도 지면 도데체 어딜 이기는거야,6
어뜨케…. 진짜,3
살걸...,3
ㅈ댓다 물뭔데 이거 ㅋㅋㅋㅋㅋㅋㅋㅋㅋㅋㅋㅋㅋㅋㅋㅋㅋㅋㅋㅋㅋㅋㅋ,5
비상비상,5
직스딜 ㄷㄷ,1
잉글랜드 성 침략,6
뻥글 8강딱~ ㅋㅋㅋ,6
너네만 먹냐 나도 좀 먹자,6
나빠다,3
비옴 지금,6
보노보노행,6
2억6천인데.....3억 있나요?,6
골키퍼 아웃,4
마크를 왜 안해,2
아니 님들 뭘 얘기하는지 알잖아,2
쌀먹 지리네,6
와 저건또 뭐야??? 차트봐라,1
그냥 지고 한국와서 계란 쳐맞아라,4
조현우였으면 막을 수 있었을려나,6
에릭컴온,6
으악 ㅅㅂ,4
슈하,6
ㄲㄲㅁ,6
ㅋㅋㅋ 아 어이없다,2
지겟는데,5
휴~~~물타기 해서 평단가 많이 내렸네요.,6
형 그냥 미장해요,6
궤적봐라 ㅋㅋ,6
밴시 금방 도는데,6
장투는 진짜 답이없네 ㅋㅋ,2
물도 못타겠어ㅠㅠㅠㅠ,3
코스피 6500지지선,6
아름다운 모습 ㅋㅋㅋ 개미 죽이기,6
스트라이커가없다,6
티원은 빈과 슌을 영입하라,6
너무했썩,3
가둬놓고는 왜 안패냐고,2
사진 또찍어야해,6
바보케인,6
남고냄새나용 ㅠㅠ,3
벙커야?,6
힝..,3
슈카님 하닉270까진 언제올까요? ㅠㅜㅜㅜㅜㅜㅜㅜㅜ,5
형은 돈 많으니까,6
훈수라고 밴하잖아요 ㅠㅠㅠ,3
이게 주식이냐,1
오늘 사요?,6
삼전기 ㅠㅠㅠㅠㅠㅠㅠㅠㅠㅠㅠㅠㅠㅠ,3
병신들 집에가라,4
심히 고민중,6
제발좀 ㅠㅠㅠㅠㅠㅠㅠ댜겅냄나내0ㅐㅌ,3
물에 뭐 탔나?,6
살려줘요!!!,5
오너 진짜 ㅋㅋㅋㅋ,4
이강인 손흥민을 전혀 못씀 홍명보 ㅋㅋㅋㅋ 뻥축구,4
좀비돼썩 ㅠㅠ,3
/홍명보 제거 썼는데 왜 제거 안되누,4
꼽기견;;;;;;;;,4
명보야 나가 그냥,4
도란 스발,2
띠용,6
머리 아프다 ㅋㅋ,4
다 내려놨다며,6
수비 멀뚱멀뚱 뭐하냐,1
타점 ㄷㄷㄷ,1
이해합니다 슈카님 ㅠㅠㅋㅋㅋㅋㅋㅋㅋㅋ,6
지수구 맵,6
휴대폰도 챙겨요,6
이럴 때 기관 투자자의 마인드는 뭘까요 ?,6
1인기업....,6
티원 폼이 안좋네..,3
살려달라구ㅜㅜㅜㅜㅡ,5
ㅁㅊ ㅋㅋㅋ,1
투포환 ㅋㅋㅋㅋ,6
마하9반야맨ㅋㅋㅋㅋㅋㅋㅋㅋㅋㅋㅋㅋㅋㅋㅋㅋㅋㅋㅋ,0
캬ㅑㅑ,0
대한민국 제거,4
삼성전기 난리났어 ㅜ,3
반도체를 떠날때인가요,6
2,6
포킹딜 습박 ㅋㅋ,1
근데 도대체 방제 앞에 거지는 뭔가요,6
형 언제 팔아?,6
한강물 따뜻해요?,2
ㅁㅊ;,1
와 ㅋㅋㅋㅋ,0
우와 좋다,0
골 ㅅㅅㅅㅅㅅㅅㅅㅅㅅㅅㅅㅅㅅㅅㅅ,0
추하다 케인아,6
진짜 안볼란다,4
아 ㅅㅂ,1
뭔가 온다,5
또 눕노 ㅋㅋㅋㅋㅋㅋㅋㅋㅋㅋ 프리미어 특 나온다,6
골 ㅅㅅㅅㅅㅅㅅㅅㅅㅅㅅㅅㅅㅅㅅ,0
살려주세요 !!!!!!!!!!!!!!!!!!!!!,5
오늘 상승할줄알았어요,6
왜 아무도 안 붙어,4
ㅋㅋㅋㅋㅋㅋㅋㅋㅋㅋ 나가면 죽겟는데,0
ㄴㄹㅇㅇ!ㄴㄹㅇㅇ!ㄴㄹㅇㅇ!ㄴㄹㅇㅇ!ㄴㄹㅇㅇ!ㄴㄹㅇㅇ!ㄴㄹㅇㅇ!ㄴㄹㅇㅇ!ㄴㄹㅇㅇ!ㄴㄹㅇㅇ!ㄴㄹㅇㅇ!,6
우마이는 ㅇㅈ이지,6
ㅇoㅇ,6
숨어야하는듯,6
이게 무슨 계단식 하락임 절벽식 하락이지ㅜㅜ,3
이런거 첨보네 ㅋㅋㅋㅋㅋㅋㅋㅋㅋㅋㅋ,0
꼭 먹혀야 열심히 뛰어요,6
환불 ㅠ,3
변기물 넘쳣,6
취소 ㅅㅅㅅㅅㅅ,0
멸망,6
ㅋㅋㅋㅋㅋㄲ,0
야르,6
쫄아서 바로 문닫음 ㅋㅋㅋㅋㅋㅋ,0
개병`124신같은넘들,4
수비 5명 벙찌고 있노 ㅋㅋㅋㅋㅋㅋㅋㅋㅋ,2
몽규 잡히자마자 ㅣ발,2
발라먹으면 돈이 얼마야,6
또 탑정글이다,2
"""노""르웨이의 ""노"" 반칙 ""노""르웨이의 ""노"" 반칙 ""노""르웨이의 ""노"" 반칙 ""노""르웨이의 ""노"" 반칙 ""노""르웨이의 ""노"" 반칙 ""노""르웨이의 ""노"" 반칙 ""노",6
퇴근하고 한강갈게요 자리좀 주세요,6
형 지금 우서???????????,6
근데 바닥 같음,6
이제 뭉함?,6
오늘도 10% 올라가즈아~~~,6
밴하잖아욧!!!,2
있다ㄷㄷㄱ,6
서든 칼전하냐구우우우우,6
과자는 먹게 냅둬라!!,6
노르웨이 우승임 일본브라질 관련 징크스있음.,6
ㅇㅋ,6
그만빠져라 ㅠㅠ,3
우린 힘이 하나도 없ㄷ어 ㅠㅠ,3
반려주식이 또 늘었다..,6
도란이 아니라 오너.....,3
어어 ㅅㅂ,1
정말 ㄷㄷㄷㄷㄷ,1
휴,6
10억이면 8억 벌수도있었네,6
바이킹급 충격,6
작은 애들 뽑아놓고 작다고 징징거리냐,4
저점 목격자 ㅋㅋㅋ,6
개지리네,0
꼬리를 살랑살랑,6
{:lck_16:}{:lck_16:},6
키아,6
노?르웨이? 일베국가인가요?1,6
슈팅 지리네,1
나가라 정몽규 홍명보,2
깍꿍,6
27층 살려줘..!!,5
삼계탕 ㄷㄷ,6
또 왜저래 으아아아악,6
집 가서 눕고 그만 좀 누워라,6
손흥민 빼라...,2
사고 싶으면 알상무 처럼 2주만 사세요 ㅋㅋㅋ,6
티슈됐네,6
삼카츄 하한가 가나,6
6월초에 현금화히고 관망할라했는대 그노무 포모 욕심이조졌네,6
ㅋㅋㅋㅋㅋㅋㅋㅋㅋㅋㅋㅋㅋㅋㅋㅋㅋㅋㅋㅋㅋㅋㅋㅋㅋㅋㅋㅋㅋㅋㅋㅋㅋㅋㅋㅋㅋㅋㅋㅋㅋㅋㅋㅋㅋㅋㅋㅋㅋㅋㅋㅋㅋㅋㅋㅋㅋㅋㅋㅋㅋㅋㅋㅋㅋㅋㅋㅋㅋㅋㅋㅋㅋㅋㅋㅋㅋㅋㅋㅋㅋㅋㅋㅋㅋㅋㅋㅋㅋㅋㅋㅋㅋㅋㅋㅋ..,0
비상비상,5
ㄹㅇ ㅋㅋ,0
시발,1
2명은 누구지~ ㅋㅋㅋㅋㅋㅋㅋ,6
펀드멘탈 언급 금지,6
개못한다개못한다개못한다개못한다개못한다개못한다개못한다개못한다개못한다개못한다개못한다개못한다개못한다개못한다개못한다개못한다,4
흥민아 보여줘,6
커엽노 ㅋㅋㅋㅋㅋㅋㅋㅋㅋㅋㅋㅋㅋㅋㅋㅋㅋㅋ,0
쉬이이이,6
근데 파멸적 양봉이 온다면?,6
그건모르죠~,6
파울인줄 알아서 별로 안 좋아하네,6
190 ㅋㅋㅋㅋㅋㅋㅋㅋㅋㅋㅋㅋㅋ,0
븅신들,4
오른게 있긴하냐?,6
골기퍼 왜이래 ;;,4
"명보는 계획이 없니?,,",4
닉스가 밉다,3
뭐임,1
니들은 그냥 져라 ㅋㅋ,2
당장 말해!!!!,6
졸라 몬하네 ㅋㅋㅋ,4
열지마 ㅠㅠ,3
설레는 반존대 ㄷㄷ,1
ㄹㅇ ㅋㅋ,0
윤가놈ww,6
카지노 왜 가노.. ㅋㅋㅋ,6
안볼거잖아요 ㅎㅎ,6
와ㄷㄷㄷㄷㄷㄷㄷㄷ,1
티원 폼이 안좋네..,3
ㅋㅋㅋㅋㅋ이번경기도 좋은경험,6
10만닉스가자,6
정시입장,6
그런듯,6
바론 박아서 한번 남은듯 4용쌈 아직이다,6
멐ㅋㅋㅋㅋㅋㅋㅋㅋㅋㅋㅋㅋㅋㅋㅋㅋ,0
위병소 근무하시나???,6
마크를 왜 안해,2
달걀낳기,6
외인이 엄청 팔았어요,6
아니야,6
피곤피곤~,6
개판이네,4
하나더넣자잉,6
페이즈 죽으면 난리난다,6
오너가 왜 박은거고,1
으악 ㅅㅂ,4
외화유출이네,6
국장은 답이없다,2
도란 스발,2
머임?ㄷㄷ,1
교체좀해라 제발,2
안안녕하세요?,6
졸라 재미있어 ㅎㅎㅎㅎ,0
뭐하는거야ㅋㅋㅋㅋㅋ,1
근데 게임이 너무 알잘딱안된다,6
층이두개야?,6
킹우의 수 씨입ㅋㅋ,6
임종전입니다 ㅠㅠ,3
글리치같은데 ㅋㅋ,6
이거 취소면 매수랜드,6
0승 3패 탈락 확정~,6
모르는데 매수를했네,6
수영장이네,6
???????????????????????????????????????????????????????????????????????????,1
진짜.. 단타 무섭네 ㄷㄷ,5
그건좀..,4
ㄷㄷㄷㄷ ㅠㅠㅠ 녹아녹아 ㅠㅠ,5
축구는 역시 역습임,6
어지럽다,2
..,3
조별광탌ㅅㅅㅅ,3
교체카드 왜 안씀?????????,6
ㅈㄴ놀났네ㅋㅋ,1
후렴 진짜 좋네,6
나가라 정몽규 홍명보,2
치금이뉘,6
엔화쌀먹 ㄷㄷ,1
살려줘요!!!,5
앞으로 좀 가라고,6
슈튼훈,6
빈센트 jtbc 나와서 아직도 사라고 무조건 사라고 하던데 ㅋㅋㅋㅋㅋㅋㅋㅋㅋㅋㅋ진짜 맛간,6
네이버는 오른것도 없는데 왜이래요.......,5
정몽규 얼굴 보여주자마자 체코 골 넣은거 실화임? ㅋㅋㅋㅋㅋㅋㅋㅋㅋ,6
역시 명보팁,6
ㅂㅅ들,4
앙앙앙,6
ㄴㅇㅅ,0
표정 ㄱㅇㅇ,6
코스피5퍼양전이였음,6
유교충들 때문에,6
그전에 케인반칙이자나 근데,6
오늘 올랐어요,6
속터질듯,2
너무 맛있겠다,6
삼성감전,6
포,6
호핑지리고,6
허미 개크다,1
비상!!,5
줴이줴이야,6
아 페이커 얄미로워!!!!!!!!!!!!!!!!!,2
취소?,6
ㅏㅏㅏㅏㅏㅏㅏ,6
넣을거 못넣고 맨날 쳐맞노ㅋㅋㅋㅋㅋㅋㅋㅋㅋㅋㅋㅋㅋㅋㅋㅋㅋㅋㅋㅋㅋㅋㅋ,2
탑정글 진짜 ㅋㅋ,2
심판 고등어 받았노,6
개븅신들 하,3
ㅉ 이게 축구냐 ㅋㅋㅋㅋㅋㅋ,2
리~ 센느입니다!,6
셀트리온이 답이다,6
근데 ㄹㅇ 아트골 지리네,6
지통실인가요?,6
ㅈㄴ 무섭네 ㅋㅋ,5
띵,6
진지 잡쉈냐,6
안좋다고,6
재박이니,6
저거먹히냐 ㅋㅋㅋㅋㅋㅋㅋㅋㅋㅋ,2
포 르 노 세 우 스,6
우리나라 한골먹어야 힘을낸단다,6
개미가사면 내리고 외국인기관이사면 오르고,6
케인 나빠다,3
구경 ㅋㅋㅋㅋㅋㅋㅋㅋ,1
그럼 우냐 화내냐,6
잘하네??,1
지숭이 표정,6
제발 살려줘,5
비상ㅇㅇㅇㅇㅇㅇㅇㅇㅇㅇㅇ,5
테잎이 아홉개까지 삽입하나,6
벤유도하지마요ㅠㅠ,5
반도체 억까 개심하긴하지?,2
전진똥배럭이네 진ㅉ나,6
푸스카스급 나왔다 ㄷㄷㄷㄷ,1
해외 진출,6
홀 메,6
슈카 쫄았다,6
개잘찼네,6
불안한데.. 구름대 머리 맞고 내려왔는데,5
릴한잔,6
헐리웃이네 ㅋㅋㅋㅋ,6
살려주세여,3
산미증식계획 ㄷㄷ,6
다들 힘든데 슈카형 긁지마요 많이 잃고 피곤한데도 이렇게 방송해주시러 왔는데 ㅠㅠ,3
옌스 옌스 옌스 옌스 옌스 옌스 옌스 옌스 옌스 옌스 옌스 옌스 옌스 옌스 옌스 옌스 옌스 옌스 옌스 옌스 옌스 옌스 옌스 옌스 옌스 옌스 옌스 옌스 옌스 옌스 옌스 옌스 옌스,6
훈수라고 밴하잖아요 ㅠㅠㅠ,3
레오나 ㅋㅋㅋㅋㅋ,1
몽규 나오자마자 골먹힘,4
ㅁㅊ,1
재…축구 재축구,6
머리 미세요는 ㅋㅋㅋㅋㅋㅋㅋㅋㅋ,0
헤킹안당하고 치트쓰는 법,6
환율살려,5
투혼은 어느 증권사에요?,6
공햐고 같이차서 노파울,6
아니 왜 자꾸 소리를 내는거지?,4
전기는,6
트레이더 많네 ㅋㅋㅋ,6
쉐쉐~×,6
"기회도많았는데 한골먹히네,.,",3
우리 한번더한다,6
본토 니혼진말투,6
들어가이시시싱ㅇㅇㅇㅇ,6
으ㅏㅏㅏㅏㅏㅏㅏㅏㅏㅏㅏㅏㅏㅏㅏㅏㅏㅏㅏㅏㅏ,3
찝찝하다,5
이게 뭐죠????????????,6
늙 코 코,6
에렌 반갑고,6
ㅋㅋㅋㅋㅋㅋㅋㅋㅋㅋㅋㅋㅋㅋㅋㅋㅋㅋㅋㅋㅋㅋㅋㅋㅋㅋㅋㅋㅋㅋㅋㅋㅋㅋㅋㅋㅋㅋㅋㅋㅋㅋㅋㅋㅋㅋㅋㅋㅋㅋㅋㅋㅋㅋㅋㅋㅋㅋ,0
{:d_73:}{:d_73:}{:d_73:},6
ㅈ됐네,3
하루만에 졸업 ㄷㄷ,1
해설 갑분싸 됐다,6
우린 힘이 하나도 없ㄷ어 ㅠㅠ,3
약 올리기 ㅋㅋㅋㅋ,0
열지마 ㅠㅠ,3
진짜 ㅈㄴ못한다,4
엔화가 싸니까 원화를 훔쳐가는구나,6
진격거같네,6
죠짐,5
노래 좀 불러줘요,6
진짜 홍명보 쳐 나가라,4
소리가 좀 작아요,6
해킹?,6
다들 어영부영 떠넘기다가 ㅋㅋㅋㅋ 진짜 좀 잘해라,6
자동문이네,6
전석재 시절로 돌아가는중,6
아니 녹턴이랑 레넥 왜 갑자기 급발진함,6
슈퍼스타 윤가놈,6
ㅋㅋㅋㅋㅋㅋ명보한테 뭘바라노,4
그러네 보노보노 그거네,6
이게이,6
코큐버스 ㄷㄷ,1
제가 조일게요 ㅎㅎ,6
노파울 ㅇㅇ,6
맨날 웨이트만 조지니 점프를 못하네,6
형 분봉 지금이야!!!!!!!!!!!!!!!,1
오너 왜이리 급해졌지,1
영도타임,6
홍명보 제거,2
어흐어흐,6
악어는 걍 베인 마크해라,6
ㅈ버그 ㅋㅋㅋㅋ,6
낚싯바늘,6
형이 올라타니까 귀신같이 내리는거였구만,6
형형 삼성전기를 봐바,6
콘사 잘못이네,6
와 소리 ㅅㅂ;,5
나 빠다ㅠㅠ,3
이집트는 메수였구나 ㅋㅋㅋㅋㅋㅋ,6
{:wc_37:}{:wc_37:}{:wc_37:},6
맹글랜드 ㅋㅋ,6
손흥민 빼라,4
진짜머임,6
삼전어뜩해,5
그것도 훈수죠,6
또닥이 재밌겠다,6
단타 잘하시는.분들 부럽네요 ㅠㅜ,3
비사아아앙~~~~~,5
언제팔어!!!?!,5
룩삼 야호~~,6
용뺏겨서 ㅅㅂ하,2
홍명보 제거,2
/이게팀이야???,1
소리 분석가님이신가?,6
하루 1억가능 ㄷㄷㄷㄷㄷㄷㄷㄷㄷㄷㄷㄷㄷ,1
변기칸 잇자나,6
이거 진짜 예측이 가능해요?,6
그만 사요ㅋㅋㅋㅋㅋㅋ,6
똥간 문열어,6
난속아볼 래요,6
짜증나,2
손흥민 캐리 ㅋㅋㅋㅋㅋㅋㅋㅋㅋ,6
삼성 사실상 상한가~~~~,6
맞아요. 오늘 닉스 본주도 25만원 이상 차이였어요,6
좀비누,6
ㅗㅜㅑ,1
제발 살려줘,5
존나 개웃기네 ㅋㅋ,0
대충? 돈 버는게 장난이야?,6
ㅠㅠㅠㅠ,3
고등어 팔아 번 돈으로 매수,6
뭐임,1
(사실 누군지 기억안남),6
미친 나왔다,1
너 불만이 뭐야?,6
일신석재,6
오 아네,6
차트의 마법사 슈카 ㄷㄷㄷㄷㄷㄷㄷㄷㄷㄷㄷㄷㄷ,1
아 이게 뭐냐 진짜,3
저도 첫번째에 속아서 갸처물림,2
역배팅 헷는데 이걸!!!!,2
난데스카,6
불안한데.. 구름대 머리 맞고 내려왔는데,5
라이트 개입,6
또똥싸,6
안오네,6
가썩..,6
타면 ㅈ 되는거임,6
진짜 개변태같네,4
뒤에서부터 달려오는데 아무도 따라가지 않지,6
{:d_59:}{:d_59:}{:d_59:}{:d_59:}{:d_59:}{:d_59:}{:d_59:}{:d_59:}{:d_59:}{:d_59:},6
ㅇ느ㅏ,6
아 진짜 정글이,6
2:1 예상합니노,6
VAR ㄱㄱㄲㄱㄱㄱㄱㄱㄱ,6
미쳐버린 변동성 ㅋ,6
진짜 다시하시네ㅠ,3
힘빠진다 ㅠㅜ 으에에에,3
시발 뭐하냐,4
물어ㅓㅓㅓㅓㅓㅓㅓㅓㅓ,6
그곳 ㄷㄷ,1
어...,1
망해가는 ㅠㅠㅠ,3
ㄴㅇㅆ,6
탈락 확정,6
너무했썩,3
줴줴이ㅏ야,6
노르웨이 우승!!!,0
창신메모리 시총 800조. 하닉 시총 960조...,6
삼성전기봐주세요ㅠㅠㅠㅠㅠㅠㅠㅠ,3
그림 ㅋㅋ,6
라이터 개입,6
아직 바닥 아님 ㅜㅜ,5
오랫동안 준비?,6
그정도면 월가에서 모셔가야한다,6
이게 도박이지 주식이냐,2
일어나,6
사면물리네..낚시장 ㅜㅜ,3
장 마감 빨리오렴 ㅠㅠ,5
크,0
하이닉스 인가?,6
아니 수비 안 하냐고,2
조심해!!!!,5
근처다,6
애초에 더 내릴 힘도 없음 이제,6
와 bb,6
삼전 음전 간다ㅏㅏㅏㅏㅏㅏㅏ,6
걍 머리만 넣으먄 골이것어 키가커서,6
오늘도 조졌다리,5
ㄷㅅㄷ,6
야이ㅣㅣㅣㅣㅣㅣㅣㅣㅣㅣㅣㅣㅣㅣㅣㅣㅣ,2
ㅅㅅㅅㅅㅅㅅㅅㅅㅅㅅㅅㅅㅅㅅㅅㅅㅅㅅㅅㅅㅅㅅㅅㅅㅅㅅㅅㅅㅅㅅㅅㅅㅅㅅㅅㅅㅅㅅㅅㅅㅅㅅㅅㅅㅅㅅㅅㅅㅅㅅ,0
마이너스 70퍼도 쌉가능,6
진짜 그 얼굴 나오니.먹히냐,4
대 삼성,6
/홍명보 제거 썼는데 왜 제거 안되누,4
징그럽다 차트가,4
개미쳤다,1
흑흑,3
조심해!!!!,5
ㅅㅅㅅㅅㅅㅅㅅㅅㅅㅅㅅㅅㅅㅅㅅㅅㅅㅅㅅㅅㅅㅅ,0
개븅신들,2
코인은 soxl 50배도 잇다 코인이랑 비교 말아라,6
서로 저점매수를,6
최고의 개미털기,6
텔텔텔텔텔 지성빠레,6
실화냐??????????????????????,1
미친 내말이맞았어,6
나이스,0
쉽죠?,6
븅신들,4
삼촌 룩삼,6
볼만 돌리다 끝나겟네,6
해왓으니깐 금방하겟죠??,6
무서워요 ㅠㅠ,5
환율살려,5
이길줄알았나 ㅋㅋ,6
살려주세요ㅕㅕㅕㅕㅕㅕㅕㅕㅕ,5
어닝콜,6
대한민국 화이팅,6
네이버는 오른것도 없는데 왜이래요.......,5
조커피디 혹시 아직 안내렸나요?,6
나이수ㅜㅜㅜㅜㅜㅜㅜㅜㅜ땄다!!!!!!!!!!!!!,0
소리좀 키워다오 너무 줄였다..,6
밑에 접시 잇다구우우웃,6
명보 나가 죽어,4
개미들 패닉셀 하니...외투자들이 다 사는구마,6
ㅈㄴ재미없네,2
아니 님들 뭘 얘기하는지 알잖아,2
바진,6
ㅈ망,3
진짜 어디까지 뺄 작정이짖,6
개못해 걍,2
미 1친ㅋㅋㅋㅋㅋㅋㅋㅋ,1
졸못하네,4
{:d_56:}{:d_56:}{:d_56:}{:d_56:}{:d_56:}{:d_56:}{:d_56:}{:d_56:}{:d_56:}{:d_56:},6
/고화질,6
ㅎ ㅏ 백패스 그만좀 하라고!!!!!!!!!!!!!!!!!!!!!!!!!!!!!!!!!!!!!!!!!!!!!!!!!!!!!!!!!!!!!!!!,2
ㅋㄱㄲㄱㅋㅋ,0
카메라 잘가고,6
와ㅣ아아아ㅏㅇ아,0
태석이 빼라,4
병들ㅋㅋㅋ,4
노루웨이 골 ㅅㅅㅅㅅ 노루노루 노루웨이 골 ㅅㅅㅅㅅㅅㅅㅅㅅㅅ,0
슈사장님 살려주세여,5
정몽규 얼굴 보이자 마자 들가네 ㅡㅡ,4
허벅지누,6
{:d_120:}{:d_120:},3
와 ㅅㅅㅅㅅㅅㅅㅅㅅㅅㅅ!!!!!!!!!!!,0
재박이니?,6
잘하네...,3
gjr,6
십자 도지 ㅋㅋ,6
삼성전기 시총 순위 떨어진 것 좀 봐주세요ㅠ,6
계단 단차가 더커지고 있어요,6
머야이게 ㅋㅋㅋㅋㅋㅋㅋㅋㅋㅋㅋㅋㅋㅋㅋㅋㅋㅋㅋㅋㅋㅋㅋㅋ,1
같이 가즈아,6
시간이 애매하네요ㅠㅠㅠ,3
더해야제,6
왜 둘이 차이나지?,6
스로인으로 쳐먹는거 진짜 웃기네,4
단타를 어케 .. 와.. 못해 ㅠㅠ,5
"명보 하 ,,,",2
저분은,6
용뺏겨서 ㅅㅂ하,2
이딴게 주식....?,1
틱띠기,6
샀구나?,6
소나기,6
정말.. 드라마인가,6
트름 ㄷㄷ,1
나라가 미쳐가지고 개미들 다죽이네,6
형 구해줘,5
삼성전기도 해줘여,6
갓명보 ㅅㅅㅅㅅㅅㅅㅅㅅㅅㅅㅅ,4
물어,6
잉글랜드 꼬숩노 끼숩노 깨숩노잉글랜드 꼬숩노 끼숩노 깨숩노잉글랜드 꼬숩노 끼숩노 깨숩노잉글랜드 꼬숩노 끼숩노 깨숩노잉글랜드 꼬숩노 끼숩노 깨숩노1,6
저새기 낀거아님?,6
버그 ㄷㄷ,1
진짜 어휴,2
하닉곱버스 거래대금 ㄷㄷㄷㄷ,1
트름은 좀..,4
유익맨,6
앙고 발목을~ 날려,6
퇴ㅡㅡㅡㅡㅡ학,6
들어가야지 !!!! 들어가야지 !!!! 들어가야지 !!!!,0
삼전기 ㅠㅠㅠㅠㅠㅠㅠㅠㅠㅠㅠㅠㅠㅠ,3
짜증난다 ㅅㅂ,2
엔화 나락가긴했어,6
바이킹 침공 성공,6
이번엔 찐바닥?,6
병신들 집에가라,4
형 어제 롱이라매요 ㅜㅜ,3
임종이 진엔딩이에요,6
시애,6
ㅋㅋ 슈카도 여의도 나오면 개미야,6
레버리지 다털린거아니야?? ㅋㅋ,6
니니님 말처럼 국장 잘 무네요 ㅋㅋㅋㅋㅋㅋㅋ,6
으악,4
개웃기네 ㅋㅋㅋㅋㅋㅋㅋㅋㅋㅋㅋㅋㅋㅋㅋㅋ,0
오 그러네,6
코수피 1만 기차 갑니다,6
ㄷㄷㄷㄷㄷㄷ ㅁㅊ,1
안쓰긴함,6
빵ㅋㅋ,6
이즈 공속 ㅋㅋ,6
시발 홍명보,4
"기회도많았는데 한골먹히네,.,",3
var할거 같은데?,6
레오나 말랑말랑,6
개웃기네 ㅋㅋㅋ,6
와 지렸네,1
쯧쯧,6
강한여성,6
채팅창 부정론 많은거보니 신용미수카드론사채예금담보주식담보 5배 레버리지 쏟는다,6
뭐야 슈카형이 이제는 낮에도 해 .. ?,6
밴하잖아욧!!!,2
전술이 있어야 뭐를 하지,4
즐겨~~ 재미있자나 ^^,0
일베 무새들 쳐내라 좀... 챗창 관리 안함?,2
재밋긴행,6
부정탓따 그때 몽규 ㅅㅂㅅㅂㅅㅂㅅ,4
언제가ㅋㅋ,6
저거 다맞추면 신보다 전능함,6
퍄퍄,6
ㅅㅅㅅㅅ,0
여자는 무서워 ㅠㅠ,5
스트레스 받게하네 진짜,2
사지마요 ㅠㅠ 그럼떨어질거같아요,5
하.. 이게 뭐라고 ㅠㅠ,5
보노보노 어딨어,6
방음부스에 있어요 ㅎㅎ,6
넌 좀 주저해야돼,6
zzzzzzzzzzzz,0
이게 무슨 계단식 하락임 절벽식 하락이지ㅜㅜ,3
제발 더올려주세요,6
ㅋㅋㅋㅋㅋㅋㅋㅋㅋㅋㅋㅋㅋㅋㅋㅋㅋㅋㅋㅋㅋㅋㅋㅋㅋㅋㅋㅋㅋㅋㅋㅋㅋㅋㅋㅋㅋㅋㅋㅋㅋㅋㅋ,0
3ㄷㄷㄷㄷㄷ,1
그만 좀 내려라 전기 ㅠㅠㅠㅠㅠㅠㅠ 아놔 ㅠㅠ,3
나빠다ㅠㅠ,3
3전패 탈락!!!!! 해라,2
"ㅋㅋㅋㅋㅋㅋㅋㅋ,,,",0
이제 망한건가요,5
살려줘 ~~~~~~~~~,5
미더따 ㅅㅅㅅㅅㅅㅅㅅㅅㅅㅅㅅㅅㅅㅅㅅ,6
오 매의 눈으로 보고있다,6
죠짐,5
시발 홍명보,4
물이 한바가지네,6
피뢰침 ;;,6
앗싸! 한국 축구 망했다!!!나이스!!!!,3
데드캣바운스...?,6
보지냐,6
아 ㅈㄴ웃기네 ㅋㅋ,0
삼전기 ls일렉트릭 살려주세요ㅠㅠㅠㅠㅠㅠㅠㅠㅠㅠㅠㅠㅠㅠㅠㅠㅠㅠㅠㅠㅠㅠㅠㅠㅠㅠㅠ,3
너무해,3
미친 나왔다,1
ㅏㅏㅏㅏ,6
케인 나빠다ㅠㅠ,3
ㅈ댓다 물뭔데 이거 ㅋㅋㅋㅋㅋㅋㅋㅋㅋㅋㅋㅋㅋㅋㅋㅋㅋㅋㅋㅋㅋㅋㅋ,5
아주 쉬운 주식강의,6
드릴ㅡ,6
선수좀 바까라 ㅋㅋㅋㅋㅋㅋㅋㅋㅋㅋㅋ,2
ㅈ됐네,3
지누텔라겜,6
와우나 하러 갑시다,6
배가 부르셨네,6
손흥민이 넣을걸 넣었어야지..,6
삼전은 120 찍게생겼네,6
놓쳤나봐요 ㅎㅎ,6
망해가는 ㅠㅠㅠ,3
라이타를 찾는나,6
삼성 왜이레 ㅠㅠㅠㅠ,3
개미지옥 미끼입니다,6
가지마요,6
뒤로존나돌리고 뭐 하는게 없네,4
예,6
개거지같은 차트모양,6
반만 먹어도 40%,6
너무했썩,3
ㅈㄴ 시끄러운데,2
어우 소리 ㄷㄷ,1
hi,6
전패 가즈아~,6
제발ㅜㅜㅜㅜㅜㅜㅜ,3
머리 아프다 ㅋㅋ,4
아니 공격수 왜 한명만 넣었냐고 ㅋㅋㅋㅋㅋㅋㅋㅋㅋㅋㅋㅋㅋㅋㅋㅋㅋㅋㅋㅋ,2
못해요.. 난 아니여 ㅠㅠ,5
배부른 돼지 1000억 슈카 ㄷㄷㄷㄷㄷㄷㄷ,1
쌀먹을ㅋㅋㅋ,6
ㄹㅇ코커,1
토스 주간 수익 1위 하는ㅇ ㅐ들이 저런거 몇억씩 발라먹음,6
아우ㅜㅜㅜㅜㅜ,3
꼽기견;;;;;;;;,4
레츠고 지투 레츠고 지투,6
홍명보지동원 화이팅,6
교체도안하고 대체 뭔생각이냐? 집중력다떨어져있는거보이지도않나,2
밴유도 나빠다 ㅠㅠㅠ,3
기관이 던지네,6
영혼의 풀배팅들어간다,6
1무 2패 or 3패,6
뻥글랜드 부활 ㅋㅋㅋㅋㅋ,6
교체좀해라고 시발,2
선수교체도 좀 학호,6
소리 무습네,5
ㅈ전부 코스닥이네,6
탑차이!!!!!!!,2
500층 가즈아ㅏㅏㅏ,0
골ㅅㅅㅅㅅㅅㅅㅅㅅㅅㅅㅅㅅ,0
밴유도 나빠다 ㅠㅠㅠ,3
농구배구선수ㄷㄷ,1
왓ㅅㅅㅅㅅㅅ,6
체코화이팅 체코화이팅 체코화이팅,6
형이 팔아야 올려준데요,6
왼쪽 라인이 ㅄ인데,4
화장실이 진짜지.....,5
꼭대기에 있는 사람 어떡하냐고요,6
{:d_120:}{:d_120:},3
학폭 개웃기넼ㅋㅋㅋㅋㅋㅋㅋㅋㅋㅋㅋㅋㅋㅋㅋㅋ,0
개미의 시체를 넘고넘어,6
ㅋㅋㅋㅋㅋㄲ,0
슛 예술이네,6
잔혹한 수탈ㅠㅠㅠㅠ,3
골기퍼 왜이래 ;;,4
유튜브에도 있다는거임,6
ㅌㅌㅌㅋㅌㅌㅌㅌㅌㅌㅌㅋㅌㅌㅋㅋㅋ,0
죄송해요 케인님 ㅠㅠㅠㅠㅠㅠㅠㅠ,5
ㅈㄴ 시끄러운데,2
시발 존나무섭네 ㅋㅋㅋㅋㅋㅋㅋ,5
살벌하다 sk ee,5
ㄱㄱㄱㄱㄱㄱㄱㄱㄱㄱㄱㄱㄱㄱ,6
채팅제거 시바롬들아 그만해라 좀,2
/몽규제거,4
웃음이 나오냐?,2
버그야?,6
방갑스무니다~,6
삼성전기좀 보라고,6
슈황 시작하고나서 맨날 떨어지는거같은데...,5
찐막엔딩 가시죠,6
노파울은 축구꺼라 ㅋㅋ,6
머리 아프다 ㅋㅋ,4
😲😲😲😲😲😲,6
이건 도박이야,5
케인 나빠다ㅠㅠ,3
모국국님,6
탑정글 진짜 ㅋㅋ,2
ㅅㅅㅅㅅㅅㅅㅅㅅㅅㅅㅅㅅㅅㅅㅅㅅㅅㅅㅅㅅㅅㅅㅅㅅㅅㅅㅅㅅㅅㅅㅅㅅㅅㅅㅅㅅㅅㅅㅅㅅ,0
머기업 포대장,6
속트름 오지게하네,6
아니말투가 개웃기네 ㄴㅋㅋㅋ,0
장난????????,1
그러치,6
시발 뭐하냐,4
훈수라고 밴하잖아요 ㅠㅠㅠ,3
엔저 미쳤어...,6
ㅋㄱㄲㄱㅋㅋ,0
노 라고 쓴거 무슨 이유로 신고하노???,6
살려주세요 고만 올라갑시다 쫌,6
애기네,6
분봉 진짜 레전드,1
애교는 댱이님 한테만~,6
전기 죽어여.ㅠ,3
입 버억,6
근데 어차피 비지니스 약속아니면 밖에 나갈일이 없으면서 뭐가 일정이란건가요 부를친구가 휴대폰에 도꼬미 두더놈 세더놈말고는 없지않나요 친구없는지누 뭉추 ㅠㅠ,3
또속좌,6
홍명보 나가!,4
잉 들 잉 들 ㄷ ㄷ,6
ㅉ 이게 축구냐 ㅋㅋㅋㅋㅋㅋ,2
한국망햇나요,6
아빠 우리 남편이 신용미수 썼었대요. ㅠㅠㅠ 우리의 소중한씨드 4천이 사라지뮤ㅠㅠㅠ,3
케인 일름보,6
다 알려달라고 하는 나,6
ㅂㅅ들,4
ㄷㄷㄷㄷ ㅠㅠㅠ 녹아녹아 ㅠㅠ,5
묭규 나가~몽규나가,4
슈카님 비중 크나요,6
쓰갓쓰겜,6
볼 건들여서 노파울임,6
몽규효꽈 ㅋㅋㅋㅋㅋ,6
비상,6
사무계무탕,6
머임?ㄷㄷ,1
모치론,6
꼽견 이제 좀 나가라,4
홍명보 ㅠ.ㅠ,4
넌 소외되라,6
진엔딩 봐요 ㅎㅎ,6
아니 수비 안 하냐고,2
부정탓따 그때 몽규 ㅅㅂㅅㅂㅅㅂㅅ,4
애니비아나 쳐물지,2
흥족이 때문에 몇번을 두드려도 골을 못넣네^^,6
이게 뭐냐 ㅋㅋㅋㅋㅋㅋㅋㅋ,0
와 레전드 ㅋㅋ,1
진지잡쉈냐 윤상~~,6
슈카님 하닉270까진 언제올까요? ㅠㅜㅜㅜㅜㅜㅜㅜㅜ,5
몽정규 ㅅㅂ,6
ㅈ됐다,5
진행은 언제하냐ㅋㅋㅋㅋㅋㅋㅋ,0
으악 계단이다,6
약 올리기 ㅋㅋㅋㅋ,0
코인방송 아니죠?,6
풀대출 땡겨서 사줘,6
작은 애들 뽑아놓고 작다고 징징거리냐,4
살려주세요~~~~~~~~~~~~~~~,5
조별예선 탈락각 떳냐,6
실험중 ㅋㅋㅋ,0
흥민아 몇개말아먹어 ㅠㅠㅠ,3
살았죠?,6
와 소리,1
오대빵 가잡{:d_49:}{:d_49:}{:d_49:}{:d_49:}{:d_49:}{:d_49:}{:d_49:}{:d_49:}{:d_49:}{:d_49:},6
신의 매매 ㄷㄷ,1
ㄷㄷㄷㄷㄷㄷㄷ,1
아.. ㅠㅠ 고민스.. 돈.. ㅠㅠ,5
쳐 안뛰나 한궈놈들,2
비상ㅇㅇㅇㅇㅇㅇㅇㅇㅇㅇㅇ,5
카에데상...,6
붕기점,6
..,3
다시해야됨,6
와 소름,6
ㅈㄴ크네 몸체가,6
무적이다 임마,6
전국민을 암걸리게 할 생각이냐,6
차트가 말을 걸어와..,5
아 이거 똥싸다끊은거같이 ㅋㅋ,4
사므계탕,6
편안,6
박재박,6
부엉이 슛~~~~~~~~~~~~~~~~~~~~~~~~~~~~~~~~~~~,6
개븅신들 하,3
개빨렸다,6
고개는 ㅋㅋㅋㅋㅋㅋㅋ,0
스마일~,6
에렌ㄷㄷ,6
엔 저,6
제발 살려줘,5
이게 파울??,6
근데 개빨리 깨는중 아님?,6
하락장이여요,6
주포가 이방송 보고 있어!!!,6
ㅋㅋㅋㅋㅋㅋㅋㅋㅋㅋㅋㅋㅋㅋㅋㅋㅋㅋㅋㅋㅋㅋㅋㅋㅋㅋㅋㅋㅋㅋㅋㅋㅋㅋㅋㅋㅋ,0
어떡해,6
대 황 란,6
똥칸 문열고 튀어,6
골골골골!!!!!!!!!!!!!!!!!!!,0
어디가썩,6
물소리?,6
zzzzzzzzzzzzzz,0
최씨한테 뭔 기대를 해,6
{:d_16:}{:d_16:}{:d_16:}{:d_16:}{:wc_3:},6
정몽규 나가!!!!,4
손흥ㅇ민 ㅈㄴ 못하네,4
그림판 장인,6
던지는거 개쩌네 ㅋㅋㅋ,1
기가막히니,6
역겹다 저 여자 심장 아니야..,4
군,6
뭐냐 ㅋㅋㅋㅋㅋㅋㅋㅋㅋㅋ,0
와 이게 바로 들어가네,1
보노보노 ㄷㄷ,6
렛츠고 지 투   렛츠고 지 투   렛츠고 지 투,6
정몽규 하...,2
볼.뒤로.돌릴때부터 불안하더니.ㅋㅋㅋ,5
ㅇㅇ 차트가 숏장임 그냥,6
결국 지는구나 ㅋㅋㅋ,3
정몽규 보여주자 마자 골먹네 왜 보여줬어,4
소리는 못듣나본데ㅋㅋㅋㅋ,6
근데 설마 더 떨구겠어?,6
아니 안좋아,6
일보전진,6
지린다ㄷㄷ,1
속아주자,6
병신들,4
삼성전기..,6
정몽규회장시발,4
ㅅ ㅅ ㅅ ㅅ ㅅ ㅅㅅ,0
IC,6
{:d_1:}이거시 홍명보 호 인가,5
앞에잇다,5
오이,0
{:lck_28:}  {:wc_14:}{:wc_14:}{:wc_14:}{:wc_14:}{:wc_14:}{:wc_14:}{:wc_14:},6
ㅈ되긴하네,1
개쳐나이스,0
그만 누워라 ㅋㅋㅋㅋㅋㅋㅋㅋㅋㅋㅋ,4
ㅋㅋㅋㅋ병신 명보야 ~,4
헬로봉쥬르니하오안녕!,6
차트 살벌하네 아직도 사야할지 말아야할지 ㄷㄷ,5
이럴꺼면 엔딩을 유튜브로 봐요,6
{:d_1:}이거시 홍명보 호 인가,5
슈카 금괴 1톤 ㄷㄷ,1
사린마ㅠㅠ,3
노르웨이 잘하노,6
가고있다,6
-2%를 보고 오늘은 얼마 안내렸네 라고 생각하는 내 자신이 놀랍네요 ㅋㅋㅋ,6
부랄킥이노,6
지금이야,6
끔찍하다,6
용뺏겨서 ㅅㅂ하,2
티원 개못한다 ㅋㅋ,4
물탔어 살려줘,6
개병`124신같은넘들,4
케인 뭐하노,6
난 못먹었을뿐이고....,3
오나,6
매도 금액 회복중이예요ㅠ 어떻게,6
돌쌤들 미안해~,6
아ㅠ 너무 불안해요 매도 할땐 휴 했는데 저만 내리고 갈것같아요ㅠ,5
치트엔진 쓰세요 ㅎㅎ,6
파로마,6
오빠차뽑았다,6
와 밖에서 막 다니네 ㄷㄷㄷㄷㄷ,5
화났다,6
{:x0due0duedance:}{:x0due0duedance:}{:x0due0duedance:},0
엔저라 맛이긴 할듯 ㅋㅋ,6
밥먹구,6
무적존 확인 ㅋㅋㅋㅋ,0
/맹보제거,4
저거먹히냐 ㅋㅋㅋㅋㅋㅋㅋㅋㅋㅋ,2
삼전오를때 따라 가다가 걍 처박던데요..,6
개미 존나 팔았으니까.. 지금이니!!!,6
홍명보 경질,4
망햇다 망햇음 헤헤,3
역시나 백패스 아무리 이강인히 제껴줘도 백패스,6
역겹다 저 여자 심장 아니야..,4
먹고 죽은 귀신이 때갈도곱다,6
지레기통,6
여긴 나도무섭던데,5
존나 웃기네,0
아아아아아,6
노르웨이 골지리노,1
ㅣㅋㅋㅋㅋㅋ,0
커엽노 ㅋㅋㅋㅋㅋㅋㅋㅋㅋㅋㅋㅋㅋㅋㅋㅋㅋㅋ,0
그냥 박아버리네,6
접자..,3
뻥글뻥글뻥글랜드,6
와 레전드 ㅋㅋ,1
먹고 살자고 하는건데 ㅠㅠ,3
단타를 어케 .. 와.. 못해 ㅠㅠ,5
수비 5명 벙찌고 있노 ㅋㅋㅋㅋㅋㅋㅋㅋㅋ,2
왜 패닉셀을 했네..,3
바이킹 약탈 성공 ㄷㄷ,6
이게뭐냐고ㅡㅡ,2
홍명보 구속~~,4
몽규 나오자마자 골먹힘,4
병들ㅋㅋㅋ,4
바로 안오는게 더 불안한데ㅋㅋ,5
힝..,3
망함,5
세트피스는 저쪽이 더 잘 준비했네 ㅋㅋㅋ,2
오 지렸노,0
내일 장대 음봉봉봉,6
광탈 가즈아 명보야 감옥가자,6
저건 좀;;,6
영도,6
ㅋㅋㅋㅋㅋㅋㅋㅋㅋㅋㅋㅋㅋㅋㅋㅋㅋㅋㅋㅋㅋ,0
온다,5
국장이 단타의ㅜ장이 됐구나 ㅠㅠ,3
명보야 나가 그냥,4
살벌하다 sk ee,5
노골이야,6
아니 님들 뭘 얘기하는지 알잖아,2
드가자!!,0
쒯 ㅋㅋㅋㅋㅋㅋㅋ,1
이제 지고있는데도 천천히 볼 돌리겠지,6
밴하잖아욧!!!,2
낙폭이 쭐고이따,6
2억6천입니다.,6
직스딜 ㄷㄷ,1
와 이거 완전 뜬금포네 {:d_44:}{:d_44:},6
절대~~~~~~~~ 매수~~~~ 매도~~~ 금지!!! 레버리지 해결될떄까지~~~!,6
이건 도박이야,5
노노 거리지 말라고,6
아오;;;;;;;;;;;;;,2
김승규 빼라,6
이제 올라가겟네,6
똥칸 개사기네 ㅋㅋ,0
캬ㅑㅑ,0
살려주세요~~~~~~~~~~~~~~~,5
엔저가,6
와 ㅁㅊ ㅋㅋㅋㅋㅋㅋㅋㅋ,1
좆명보 꺼져. 좆명보 꺼져. 좆명보 꺼져. 좆명보 꺼져. 좆명보 꺼져. 좆명보 꺼져. 좆명보 꺼져. 좆명보 꺼져. 좆명보 꺼져. 좆명보 꺼져.,4
2실점가자!!!!!!!!2실점가자!!!!!!!!2실점가자!!!!!!!!2실점가자!!!!!!!!2실6점가자!!!!!!!!2실점가자!!!!!!!!,6
레오나 반핃 ㄷ,1
뭉서워요 ㄷㄷㄷ,5
러브러브볼을,6
용뺏겨서 ㅅㅂ하,2
맨날 뒤로만 ㅉㅉ,4
뭐하는데 시바,4
삼성전기도 미쳤구나,6
21은 넘자 인간적으로,6
다라이 ㅋㅋㅋㅋㅋ,0
명 보 제 거,6
아....,6
아 웃기네,0
케인 ㅋㅋㅋㅋㅋㅋㅋㅋㅋㅋㅋㅋㅋㅋㅋㅋㅋㅋㅋㅋㅋㅋㅋㅋㅋㅋㅋㅋㅋㅋㅋㅋㅋㅋㅋㅋㅋㅋㅋㅋㅋㅋㅋㅋ,0
ㅋㅋㅋㅋㅋㅋ으잇,6
애니비아나 쳐물지,2
와 다라이 ㅅㅂ,1
미쳤네,1
학,6
내 동생 리센느,6
ㄱㄱㄱㄱ,6
형이 팔아야지 ㅋㅋ,6
체코 조나 못하는데 그걸 상대로 더 못해 ㅋㅋㅋㅋㅋㅋㅋㅋㅋㅋㅋㅋㅋㅋㅋㅋㅋㅋㅋㅋㅋㅋㅋㅋㅋㅋㅋㅋㅋㅋㅋㅋㅋㅋ,4
아니 잠깐 놓쳤는데 뭐임???????뭔데,6
{:d_108:}{:d_126:}{:d_108:}{:d_126:}{:d_108:},6
아오오오ㅗㅇ,6
ㅂㄴㅂㄴ,6
개잘찼농 ㄷㄷ,1
ㅋㅋㅋㅋ ㅋㅋㅋㅋ ㅋㅋㅋㅋ ㅋㅋㅋㅋ ㅋㅋㅋㅋ ㅋㅋㅋㅋ ㅋㅋ,0
클롭급감독클라스미쳣네,6
코스닥은 안건드려야 합니다.,6
영도는 ㅠㅠ,3
노르웨이 개 미쳤다 진짜 ㅋㅋㅋㅋㅋㅋㅋㅋㅋㅋㅋㅋㅋㅋㅋㅋㅋㅋㅋㅋㅋㅋㅋㅋㅋㅋㅋㅋㅋㅋㅋㅋㅋㅋㅋㅋ,1
지수나 사지 저걸 사?,6
잉글랜드 망했노,6
니가 꼬셨어,6
염색은 무슨 색으로 하나요?,6
와 뭐야,1
살려줘요ㅠ,5
손흥민 빼라,4
실험중 ㅋㅋㅋ,0
자 유툽 모드,6
토가시,6
시총이 100조씩 움직이네,6
개못해 걍,2
아오 홍명보야 이게 축구냐? 진짜 접어라 정몽규 개새야 넌 현대아웃이다,4
채희준 민주민주,6
ㅂㅅ년들,4
토가짘ㅋㅋㅋ,6
왜 가만히들 있냐고,2
개미다 털엇나?,6
음감 좋으시네 ㅋㅋㅋㅋ,1
하루 일당 1억 ㄷㄷㄷㄷㄷ,6
그 찬스 다 날리는 우리 공격수,6
한국 화이팅,6
ㅈ버그임?,6
토론회 보다가 도저히 못보겠어서 왔습니다 ㅋㅋㅋ어휴,4
"알상무가 코스피 1%에 끝난다고,예측 했는데 100%맞춤",6
볼좀 뒤로 빼지말고 움직이질않네ㅐ ㅋㅋㅋㅋ,2
ㅈ망,3
선수좀 바까라 ㅋㅋㅋㅋㅋㅋㅋㅋㅋㅋㅋ,2
아 전기 곱버스는 왜 없어,6
와리가리 ㅋㅋㅋㅋ,0
에휴,3
드르와,6
두번들려,6
아몰랑 제자리에 빨리 되돌려줘잉.,6
썸머 바겐세일 이제 끝나는데 이걸 안 사?,6
걍 도박장보다 더 하다니까,6
가수왕 슈카 ㄷㄷㄷㄷㄷㄷㄷㄷㄷㄷㄷ,1
명보야 나가 그냥,4
또 폭락하면 ㅋㅋㅋ,6
{:d_54:}{:d_54:},6
스포는 밴이에요,6
흥민아 몇개말아먹어 ㅠㅠㅠ,3
속지 마라!!,6
약 올리기 ㅋㅋㅋㅋ,0
쉿,6
3번아까부테 개난리치더만 이꼬라지 날줄알았음 ㅋㅋㅋㅋㅋㅋㅋㅋㅋㅋㅋㅋㅋㅋㅋ,3
ㅋㅋㅋㅋㅋㅋㅋㅋㅋㅋㅋㅋㅋㅋㅋㅋㅋㅋㅋㅋㅋㅋㅋㅋ,0
삼성전자 살껄,6
역침대 ㅋㅋㅋㅋㅋ,6
와...,1
무서워요 ㅠㅠ,5
저게 반칙 아니야 ???,1
ㅠㅠㅠㅠㅠㅠㅠㅠㅠ,3
너 딱걸렸어,6
밑에서 살짝,6
미국 10년물 채권이 너무 높아요~~,6
재미있어 진다,6
그래도 여기서는 잘 버티는데,6
내일 다시 떨어질거같아ㅠ,5
한시야한시,6
골로 간다,6
조현우 엿으면 막앗다 ...,3
눈을 떴구나,6
족음공포 트레이너,6
백승호 원인 아닌가?,6
ㅋㅋㅋㅋㅋㅋㅋㅋㅋㅋㅋㅋㅋㅋㅋㅋㅋㅋㅋㅋㅋㅋㅋㅋㅋㅋㅋㅋㅋㅋㅋㅋ,0
버츄얼이쁜데,6
1234,6
괴물 온다,6
찌가 계속 현혹하네 ㅜㅜ,3
점핑,6
3패,6
한강물 따뜻해요?,2
키옥시아는 20퍼를 떨구네 ㅋㅋㅋㅋ,1
왜구일정이 ㅇㄱㅇㄱ,6
오마이갓,6
와 레전드 ㅋㅋ,1
코스피 혹시 임상실패했나요?????????,6
? ㅋㅋㅋ 뭐노 ㅋㅋㅋㅋㅋ,1
gg,3
친구(아님),6
존나 개웃기네 ㅋㅋ,0
저점매수는 신 수 연,6
미친 원더골 ㄷㄷ,1
개병신,4
형 어제 롱이라매요 ㅜㅜ,3
ㅋㅋㅋㅋ 지리긴하네,1
명보가 있는 한 절대 승리는 못본다,6
대한ㅁ;ㄴ구 개병신년들아ㅜ,4
더떨군다 이제,6
웃음이 나오냐?,2
홍명보 경질,4
와 드간거지,1
"아시발 까,ㅁ짝이야 ㅋㅋㅋㅋㅋㅋㅋㅋ",1
와 ㅁㅊ,1
병신들 집에가라,4
슈카님 표정이라도 밝게해주세요 안그래도 무서운데 더무서워져요 ㅠㅠ,5
홍명보와 정몽규가 넣은거지,4
진지하게 장좀 바바,6
수-빠에,6
우리의 미래는 ㅠ,6
나이스 졋다 ㅋㅋㅋㅋㅋㅋㅋㅋㅋㅋㅋㅋㅋㅋㅋㅋㅋㅋㅋㅋㅋㅋㅋㅋㅋㅋㅋㅋㅋㅋㅋㅋㅋㅋㅋㅋㅋㅋㅋㅋㅋㅋㅋㅋㅋ,2
t1 다운다운,6
뭔 파울이냐 ㅋㅋㅋㅋㅋㅋㅋㅋㅋㅋㅋㅋㅋㅋㅋ,1
....,3
단타를 어케 .. 와.. 못해 ㅠㅠ,5
합체중,6
와 안그래도 오늘 알고리즘에 복면가왕 떴는데,6
이여,6
팔힘이 왜 이렇게 쎄,6
마빡이 아님?,6
일베 개새끼들아 쳐봐라 그냥,2
이건 뭐 어떡하누,1
형 구해줘,5
시발터졌냐,4
오예,0
븅신들,4
이거 골취될듯,6
다같이 물면 낚시꾼이 죽는다,6
주식 시장 맞아요?,1
최고실적발표=주가고점 아님?,6
{:d_49:}{:d_49:}{:d_49:}{:d_49:}{:d_49:}{:d_49:}{:d_49:},6
야마자키 ㄷㄷㄷㄷ,1
지금 정부가 트롤해놓고 방치하는게 ㄹㅈㄷ야 ㅋㅋㅋ,6
주심 깡 있네 ㅋㅋ,6
이제 망한건가요,5
{:d_116:},1
형님 지금 물탈 타이밍 입니까,6
아오 꼽샘,4
변기물 내려봐,6
개븅신들,2
월 클 놈,6
눕방,6
{:mlb_4:}{:mlb_49:}{:lck_33:}{:lck_33:}{:lck_33:}{:lck_33:}{:lck_33:},6
히힉...,5
일어나노,6
난못해,6
500층 가즈아ㅏㅏㅏ,0
비상 !!!,6
기업인ㄴ가,6
진짜 나빠다ㅜ,3
ㅅㅅㅅㅅㅅㅅㅅㅅㅅㅅㅅㅅㅅㅅㅅㅅㅅㅅ,0
저게 맞아?,6
인식하는거같은데?,6
한 번 더 죽이는거 너무 싸이코패스에용,6
분명 2대1 체코승이라고했다,6
형.. 오늘은 진짜 힘들다,3
삼성전기 말이 되나요?? ㅠㅠ ㄷㄷㄷㄷㄷ,3
몽규 잡히자마자 ㅣ발,2
다 놓치네...,3
살려주세요 !!!!!!!!!!!!!!!!!!!!!,5
환불해줘~,4
또 꺾인다~~~~~~~~~~~~~~~,2
기회좀 살려라,6
와 ㅁㅊㅋㅋㅋ,0
ㅆㅂ,4
도란 ㅋㅋ,2
형 에겐남이야 ?,6
한시야 한시,6
밥 먹으면서 해요,6
영도올림,6
졸못하네,4
하파파,6
1인기업ㄷ ㄷㄷ,1
워 페이즈 딜,6
ㅋㅋㅋㅋㅋㅋㅋ어우뭐야?,1
채팅제거 싹 사라지네 ㅋㅋㅋ,6
허무하네 ㅋㅋㅋㅋㅋㅋ,3
ㄹㅇㅋㅋㅋㅋ,0
접자..,3
ㅅㅅㅅㅅㅅㅅㅅㅅㅅㅅㅅㅅㅅㅅㅅㅅㅅㅅㅅㅅㅅㅅㅅㅅㅅ,0
애니비아나 쳐물지,2
오너가 던졌어 이건 ;;,6
다라이 ㅋㅋㅋㅋ,0
홍명보 ㅠ.ㅠ,4
살벌하다 sk ee,5
노딩,6
와,6
딱 거기까지,6
드가자!!,0
태석이 빼라,4
우마이,6
전기 죽어여.ㅠ,3
히트!,6
아 페이커 얄미로워!!!!!!!!!!!!!!!!!,2
아 즌나 우울함..,3
물도 못타겠어ㅠㅠㅠㅠ,3
그래 5골먹어라 차라리 ㅋㅋㅋㅋㅋㅋㅋㅋㅋㅋㅋㅋㅋ,2
인버스 거래대금 1윈데 희망없음,6
멘탈털리고,3
여권 챙겨 노르웨이가자 막 준단다.,6
닉스좀 살려줘,5
진지 좝쉈냐,6
복근은 보는데,6
5개 잖아요,6
이강인 손흥민을 전혀 못씀 홍명보 ㅋㅋㅋㅋ 뻥축구,4
딥키스 개웃기네 ㅋㅋㅋㅋㅋㅋ,0
저가에걸어두고 사지면 낚인거지 ㄱㅋㅋ 나락~~~~,6
카에데상 ~,6
형. 주린이야? 또 속아?,6
멍정규~,6
ㅈ댓다,5
뭔가뭔가임...,6
그만빠져라 ㅠㅠ,3
케인 미친놈 왜 헐리웃을 해서 ㅋㅋㅋ,6
외노자 ㅋㅎㅋㅎㅋㅎ,6
에그타이머 ㄲ,6
그래용,6
솔직히 여기서 룩삼 추천으로 겨 입문한 사람 있잖아,6
헉헉,1
ㄷㄷㄷ,1
물도 못타겠어ㅠㅠㅠㅠ,3
브이엠도 봐주십숑.....ㅠ,5
다들 단타해서 그런가 ?? ㅋㅋㅋㅋㅋ,6
살걸...,3
졌고 못 싸웠다 줄여서 젔못쌐ㅋㅋㅋㅋ,6
뭐이씨 속으면 안됨? ㅠㅠ,3
ㄷㄷㄷㄷㄷㄷㄷㄷㄷ,1
명보야 이래도 3백이야!!!,2
이겨라 노르웨이,6
현직 일본인이 말아주는,6
개지리노,1
무슨 고지대 적응했다는 애들이 ㅋㅋㅋ 적응 못한애들보다 못 뛰냐,2
오늘 개인 6조 매도 중,6
야 놀자~,6
일단 한 번 더 죽이고,6
저도 첫번째에 속아서 갸처물림,2
슈카슈카 다시 들어와요,6
양봉까지 매수앞으로,6
왜!!!,6
유하,6
말하면 스포밴이자나요 ㅠㅠ,5
7월 28일 하이닉스 NXT 공격 의도한 하한가 거래체결에 대해 설명해주세요~,6
손흥민 찬스 몇개 쳐말아먹냐 ㅋㅋㅋ,2
로꾸거 로꾸거 로꾸거 참쉽네,6
학폭터졌나요,6
카에데양...,6
개못한다개못한다개못한다개못한다개못한다개못한다개못한다개못한다개못한다개못한다개못한다개못한다개못한다개못한다개못한다개못한다,4
애교 야님,6
곱해야되긴한데,6
개미 오늘 거의 6조 털림 ㅋㅋ,6
{:wc_9:}{:wc_9:}{:wc_30:}{:wc_30:}{:wc_30:},6
명보형 제발 그만해줘 제발,5
진행은 언제하냐ㅋㅋㅋㅋㅋㅋㅋ,0
와!!!!!!!!!!!!!!!!! ㄷㄷㄷㄷㄷㄷㄷㄷㄷㄷㄷㄷㄷㄷㄷㄷ,0
졌다 ㅋㅋ,6
우울우울,3
도란을 잘 보십시오 ㅋㅋ,6
와 ㅅㅅㅅㅅㅅㅅㅅㅅㅅㅅㅅㅅㅅㅅㅅ,0
ㄷㄷㄷㄷㄷ,1
틀리기만해봐라,6
뽕,6
징징징,6
잉글랜드 이제 누워버리네,6
슈카형 그냥 하루종일 시황방송해줘유,6
바닥이 감도 안온다,6
평생 볼돌해라,6
닉스 너무 쌈 ㅠ,3
ㄸㄸㅆ,6
이 버스를 안 탄다고?,6
인버스도 딱히 안전하진 않은거같은데,6
제발 살려줘,5
포 대 장,6
싸웠지만 잘젔다,6
홍명보 씨발럼아,4
진우엔딩,6
골취 ㅅㅅ,6
코인도 이러면 스캠소리듣는다.,6
파워포인트,6
와!!!!,0
아 즌나 우울하다..,3
진엔딩봐요 ㅎㅎ,6
삼성전기 죽음,6
/월드컵포기,6
1+1,6
애매맨,6
{:wc_13:}{:wc_13:}{:wc_13:}{:wc_13:}{:wc_13:}{:wc_13:}{:wc_13:},6
먼닉님 카에데상이 ㅠㅠㅠㅠㅠㅠㅠㅠㅠ,3
뭐가온다,5
넣을거 못넣고 맨날 쳐맞노ㅋㅋㅋㅋㅋㅋㅋㅋㅋㅋㅋㅋㅋㅋㅋㅋㅋㅋㅋㅋㅋㅋㅋ,2
슈팅 지리네,1
무슨 고지대 적응했다는 애들이 ㅋㅋㅋ 적응 못한애들보다 못 뛰냐,2
리센느 선수 포지션 어디임,6
살려줘요!!!,5
겨털이없네 ㅋㅋㅋㅋㅋㅋㅋㅋㅋ,0
다들 힘든데 슈카형 긁지마요 많이 잃고 피곤한데도 이렇게 방송해주시러 왔는데 ㅠㅠ,3
외화유출 습박 ㅋㅋ,6
영도는 ㅠㅠ,3
슈장훈,6
뭐냐 저거,6
가자 태초마을로,6
아니 도란 점멸 왜 째다가 이상하게 쓴 거야?,2
가즈아~~~,6
삼성전기 구경 ㄱㄱ,6
"명보는 계획이 없니?,,",4
넣을거 못넣고 맨날 쳐맞노ㅋㅋㅋㅋㅋㅋㅋㅋㅋㅋㅋㅋㅋㅋㅋㅋㅋㅋㅋㅋㅋㅋㅋ,2
비-상,5
유입 나가고,4
쫄아서 바로 문닫음 ㅋㅋㅋㅋㅋㅋ,0
아 씨바 저걸 못 막네,4
베인뭐야,6
골키퍼 아웃,4
사실 이런 대화가 일상인뎅쇼,6
저런,3
건?설,6
일본분이신데 이해가 되게 잘된다,6
유입 나가고,4
살걸...,3
ㄹㅇ코코,6
노르웨이 선제골 ㅅㅅㅅㅅ,0
원기옥 모으고 막판에 던질려고 그러는거 아니지?,6
몽규 나오자마자 먹히네,6
진짜 나빠다ㅜ,3
무서워요 ㅠㅠ,5
??,6
{:d_120:}{:d_120:},3
일단 타,6
대 룩 삼,0
홍명보 아웃,4
{:wc_9:},6
조심해!!!!,5
자리 말도 안되는데 좀 무서운 자리기도함 ㅜㅜ...,5
아니 수비 안 하냐고,2
전 전생에 물고기였나봐요 .. 파닥 파닥 ㅜㅜ,3
ㅅㅅㅅㅅㅅㅅㅅㅅㅅㅅㅅㅅㅅㅅㅅㅅㅅ,0
진지,6
아니 사투리 냄새가 나는데,6
ㅋㅋㅋㅋㅋㅋㅋ 역시,6
어어 ㅅㅂ,1
맑은고딕 가져와,6
둘다 떡상하기 전에 만난 인연이네,6
수비 ㅅㅂ ㅋㅋㅋㅋㅋ,1
말좀해 방송해야지 형 ㅋㅋㅋㅋㅋㅋ,6
엔저라 버는 돈 늘었겠네ㄷㄷ,6
병들ㅋㅋㅋ,4
ㄷ재표님 ㅋㅋㅋㅋ,0
러브러브볼,6
하~닉 오 하닉,6
하나도 못뚫고 시발 뒤로만 보내고,4
오 하닉~!,6
학폭 터지지 않고서야~~~~,6
멍때리네,6
노르웨이 올라가자,6
다 해줬잖아~~~~~~~~,6
난 못먹었을뿐이고....,3
보노보노 넣어댜 되는데,6
아니 기회가 얼마나 많았는데 {:d_58:}{:d_58:}{:d_58:}{:d_58:}{:d_58:}{:d_58:},2
티원~~~~~~~~~~~~~,6
몽규 잡히자마자 ㅣ발,2
말을 많이 해야하다보니,6
죠짐,5
대작 게임,6
아 이거 똥싸다끊은거같이 ㅋㅋ,4
조아요!!,6
이거 지면 걍 탈락임?,6
명보제거,4
명보 오늘 낫배드다,6
토카시 ㅋㅋㅋ,6
삼성바이오 제발 오르자,6
붕어싸만코 땡기네,6
ㄴㅇㅉ,6
골 ㅅㅅㅅㅅㅅㅅㅅㅅㅅㅅㅅㅅㅅㅅㅅ,0
?ㅋㅋㅋㅋㅋㅋㅋㅋ,0
와 차트 꼬라지 보소,2
살려줘~~~,5
뭔가 온다,5
나죽어,5
여기 사람있다고......... 밀지 마시라구요 밀지 말라고!!!!!!!!!!!!!!!,6
하닉 사실상 강보합~~~~,6
광탈각이누..,3
도대체 어디까지 내려가요 ..ㅠ,3
표♡ ㅋㅋ,6
개처안일하네,2
무섭노무,5
장투는 진짜 답이없네 ㅋㅋ,2
ㅅㅅㅅㅅㅅㅅㅅㅅㅅㅅㅅㅅㅅㅅㅅㅅㅅㅅㅅㅅㅅㅅㅅㅅㅅㅅㅅㅅㅅㅅㅅㅅㅅㅅㅅㅅㅅㅅㅅㅅㅅㅅㅅㅅㅅㅅㅅㅅ55ㅅㅅㅅㅅㅅㅅㅅ55ㅅㅅ5ㅅㅅㅅㅅㅅㅅㅅㅅㅅㅅㅅㅅㅅㅅㅅㅅㅅㅅㅅㅅㅅㅅㅅㅅㅅㅅㅅㅅㅅㅅㅅㅅㅅㅅㅅㅅㅅ,0
뭔가 온다,5
그냥 주식 다 팔고 잠이나 편히 잘까요? 정신병 걸릴거 같아용 ㅠ,6
닉스가 밉다,3
진지 잡셨냐~,6
이러다가 강원랜드 망한다고 ㅠㅠㅠㅠㅠㅠㅠㅠㅠㅠ,3
머먹꾸,6
저걸 놓치다니,3
ㅂㅅ년들,4
ㅎㄷㄷㄷㄷㄷ,1
우와 미쳤다,1
잘하네...,3
케인님 주머니에,6
해지마,6
ㅔㅔㅔ,6
기관 미쳤구마이~~~,6
개별 종목 레버리지 etf이 금번 하락에 주범이라는 의견에 대하여 어떻게 생각하세요?,6
좋지,6
홍명보 구속~~,4
네이버 주식 빼라 네이버 주식 빼라 네이버 주식 빼라 네이버 주식 빼라 네이버 주식 빼라 네이버 주식 빼라,6
야호{:d_94:}{:d_94:},0
맨날 뒤로만 ㅉㅉ,4
이게 빨간약임,6
초딩일듯,6
묭규 나가~몽규나가,4
경우의수 ㅋㅋㅋㅋㅋㅋㅋㅋㅋㅋㅋㅋㅋㅋㅋㅋㅋㅋㅋㅋㅋㅋㅋㅋㅋㅋㅋㅋ,6
저걸 놓치다니,3
골취소해라 아님 아르헨이집트재경기하든가,6
ㅈㅇㅇ,6
난 못먹었을뿐이고....,3
탐욕 ㅋ,6
삼전어뜩해,5
지누엔딩,6
어지럽다,2
찝찌배,5
일베 무새들 쳐내라 좀... 챗창 관리 안함?,2
살려주세요~~~~~~~~~~~~,5
와??,1
이 사람은 말투가 북한사람이 일본어 배운거같네,6
허미 개크다,1
파울 전혀 아니다 케인아,6
저걸 놓치다니,3
제거드립 노잼,6
이제ㄱ그만해 페티쉬,6
간편한 거 좋아,6
좆명보 꺼져. 좆명보 꺼져. 좆명보 꺼져. 좆명보 꺼져. 좆명보 꺼져. 좆명보 꺼져. 좆명보 꺼져. 좆명보 꺼져. 좆명보 꺼져. 좆명보 꺼져.,4
삼전예뻐,6
미국 10년물 금리 개노픔,6
400가즈아,6
뒤져라 체이커,2
/홍명보 제거,4
개무섭네,5
영도 alfos 진엔딩,6
에휴,3
멍하니 처보고있노 ㅋㅋㅋㅋㅋㅋㅋㅋㅋㅋㅋㅋㅋㅋㅋㅋㅋㅋㅋㅋㅋㅋㅋㅋㅋㅋㅋㅋ,0
오너 진짜 장난하니,2
ㅗㅗ,2
똥플 오지네,6
아직 바닥 아님 ㅜㅜ,5
밴하잖아욧!!!,2
꼽쌤 그냥,4
진짜 다시하시네ㅠ,3
불좀 키고다니자,6
아니 수비 안 하냐고,2
온다,5
다라이 역대급이네,6
티익스보다 더 가파르네,6
퀴즈?쇼,6
하.............,5
엉덩이!ㅋㅋ,6
직관중인데 방금 골취소됨 직관중인데 방금 골취소됨직관중인데 방금 골취소됨직관중인데 방금 골취소됨직관중인데 방금 골취소됨직관중인데 방금 골취소됨직관중인데 방금,6
ㅅㅅㅅㅅㅅㅅㅅㅅㅅㅅㅅㅅㅅㅅㅅㅅㅅㅅㅅㅅㅅㅅㅅㅅㅅㅅㅅㅅㅅㅅㅅㅅㅅㅅㅅㅅㅅㅅㅅㅅㅅㅅㅅㅅㅅㅅㅅㅅㅅㅅㅅ,0
ㅈ같닼ㅋ,4
손흥민 쳐나가라 ㅋㅋ,4
........,6
진짜 나빠다ㅜ,3
나빠다,3
우리 닉스가 기분 나쁘데요,6
ㅈㄴ 무섭네 ㅋㅋ,5
골 ㅅㅅㅅㅅㅅㅅㅅㅅㅅㅅㅅㅅㅅ,0
그런 사람이 있을까요?,6
일본 이긴팀울 이긴팀이 우승한다? 이거 진짜에요?,6
진짜 제발,5
무조건꼬시는거지,6
케엄살 ㅅㅅㅅㅅㅅㅅㅅㅅㅅㅅㅅㅅㅅㅅㅅㅅ,0
말투 ㅈㄴ웃기네,0
밥먹죠,6
"겜 이름이 ""케인 족음케인""이라고?",6
정몽규보여주자마자 골쳐먹혔네 에휴 짐싸라 그냥,4
뭐냐 ㅋㅋㅋㅋㅋㅋㅋㅋㅋㅋ,0
까엉이 ㅋㅋ,6
노 저어서 집에 가겟네,6
그러니까 내려갸ㅏ지 ㅉㅉ,6
한국해버렸다,6
와 놀래라,1
헤응,6
두번죽임ㅠㅠ,3
섹스,0
ㅋㅋㅋㅋㅋㅋㅋㅋ표정,0
반대면,6
나작리,6
여자는 무서워 ㅠㅠ,5
삼전 방어력 ㄷㄷ,6
아니 레버리지 난 증거금 500만원이면 거래되던대?뭘 규제한거여?형이거뭐임?,6
덥석!!!!!!!,6
슉하형 지금 누가 사고 누가 팔고 있어요???????????,6
노 파울임,6
역시 홍명보 ㅋㅋㅋㅋㅋㅋㅋㅋㅋㅋㅋㅋㅋㅋㅋㅋㅋㅋㅋㅋㅋㅋㅋㅋㅋㅋㅋㅋㅋㅋㅋㅋㅋㅋㅋㅋ,4
???,6
ㄹㅇㅋㅋ,0
묭규 나가~몽규나가,4
코스닥인 상페하자,6
뭐여 여긴,6
분위기 또 에휴,6
망햇다 망햇음 헤헤,3
ㅎ ㅏ 백패스 그만좀 하라고!!!!!!!!!!!!!!!!!!!!!!!!!!!!!!!!!!!!!!!!!!!!!!!!!!!!!!!!!!!!!!!!,2
고지대 훈련 겁나 한 한국 고지대 훈련 아예 못한 체코 ㅋㅋ,6
실적도 소용없다니,6
ㅅㅅㅅㅅㅅㅅㅅㅅㅅㅅㅅㅅㅅㅅㅅㅅㅅㅅㅅㅅㅅㅅㅅㅅㅅㅅㅅㅅㅅㅅㅅㅅㅅㅅㅅㅅㅅㅅㅅㅅㅅㅅㅅㅅㅅㅅㅅㅅ55ㅅㅅㅅㅅㅅㅅㅅ55ㅅㅅ5ㅅㅅㅅㅅㅅㅅㅅㅅㅅㅅㅅㅅㅅㅅㅅㅅㅅㅅㅅㅅㅅㅅㅅㅅㅅㅅㅅㅅㅅㅅㅅㅅㅅㅅㅅㅅㅅ,0
고생하셨습니다. 내일부터 불반등입니다,6
굳이~~~~~,6
와 개간지,1
준비도 못한 팀 상대로 골 먹고 ㅠㅠ,3
더 어려워 보이는데,6
잘하네,6
이걸지네 ㅋㅋㅋㅋ,6
루 !!,6
아무도안막네 ㅋㅋㅋㅋ,3
형.. 오늘은 진짜 힘들다,3
여기 다 터진사람 밖에 없는데,6
채팅제거 시바롬들아 그만해라 좀,2
키옥시아는 20퍼를 떨구네 ㅋㅋㅋㅋ,1
지린다,1
조지낫다,6
나어떻게해..,5
/게임다시하기,6
어닝콜 봤으면 그말 못해,6
3대 0가즈아 ㅋㅋㅋㅋㅋㅋㅋㅋㅋㅋㅋㅋㅋㅋㅋㅋㅋㅋㅋㅋㅋㅋ,6
ㄹㅇㅋㅋ,0
흐미,6
므하니.,3
어 내려간다,6
그냥 지고 한국와서 계란 쳐맞아라,4
눈업썩,6
노르웨이가 이기겠다,6
역시 노르웨이 수속성이었던것,6
여자를 처리하는 나 ㄷㄷ,1
ㅋㅋㅋㅋㅋㅋㅋㅋㅋㅋㅋㅋㅋㅋㅋ,0
직업이 일본인,6
같이 농구할거임?,6
ㅠㅠㅠㅠㅠㅠㅠㅠㅠㅠㅠㅠㅠ,3
기미히끼잉,6
웃어~?,6
레츠고지투,6
너무해,3
던져?,6
190 vs 140,6
아줴줴이야,6
케인아 ㅉㅉㅉㅉ,6
레버리지때문이자나,6
안물어? 그럼 난 간다~,6
외화 유출범,6
케인 파울?,6
이기혁 불안하냐,5
3전패 탈락!!!!! 해라,2
이게 도박이야 주식이야,5
저게 반칙이면 에겐스포츠야,6
야아아아아아쓰~ 나락갔죠?,6
형 웃겨? 형 웃겨? 형 웃겨? 형 웃겨? 형 웃겨? 형 웃겨?,2
바닥 찍은건지 궁금한데,6
서장훈 vs. 김연경,6
{:kane1Kane1gui:},6
홍명보 멸망,4
아니 수비 안 하냐고,2
플탐늘리는중 ㅋㅋ,0
100프로 잃죠,6
들어가는건 지린다,6
케인 엄살,6
ㅋㅋㅋㅋㅋㅋㅋㅋㅋㅋㅋㅋㅋㅋㅋㅋㅋㅋㅋㅋㅋㅋㅋㅋㅋㅋㅋㅋㅋㅋㅋㅋㅋㅋㅋㅋㅋㅋㅋㅋㅋㅋㅋㅋㅋㅋㅋㅋㅋㅋㅋㅋㅋㅋㅋㅋㅋㅋㅋㅋㅋㅋㅋㅋㅋㅋㅋㅋㅋㅋㅋㅋㅋㅋㅋㅋㅋㅋㅋㅋㅋㅋㅋㅋㅋㅋㅋㅋㅋㅋㅋㅋㅋㅋㅋㅋ.,0
비엄청와,6
삼전은 반도체만 만드는게 아니니까,6
쳐다만보냐,2
ㅋㅋㅋㅋㅋㅋㅋㅋㅋㅋㅋㅋㅋㅋㅋㅋ,0
케인 저건 개거품이라니깐,6
아오 꼽샘,4
ㅗㅜ,6
먹고 살자고 하는건데 ㅠㅠ,3
월척 가즈아,6
물리자,6
골ㅅㅅㅅㅅㅅㅅㅅㅅㅅㅅㅅㅅ,0
대천여상 화이팅,6
와 ㄷㄷ,1
물어서 낚시꾼까지 낚아채면 안돼요?,6
우리아가잘부탁드려욤,6
영~!!!!!!!!!!!!!!!차,6
짐싸라 ㅋㅋㅋㅋㅋ,4
선수들 호흡 안맞아 전술도 없어 뭐하는거?,4
어이쿠 ㄷㄷㄷㄷㄷㄷㄷㄷㄷㄷㄷㄷㄷㄷㄷㄷㄷㄷㄷㄷㄷㄷㄷㄷㄷㄷㄷㄷㄷㄷㄷㄷㄷㄷㄷㄷㄷㄷㄷㄷㄷㄷㄷㄷㄷㄷㄷㄷㄷㄷㄷㄷㄷㄷㄷㄷㄷㄷㄷㄷㄷㄷㄷㄷㄷㄷㄷㄷㄷㄷㄷㄷㄷㄷㄷㄷㄷㄷㄷㄷㄷㄷㄷㄷㄷㄷ,1
너무 맛있어보이고오오,6
레버리지가 저 무빙을 따라갈려나,6
아니 수비 안 하냐고,2
원래 매수할때 안알아보고 사는거지,6
퓨정 ㄷㄷ,1
형 나 진따 어떻게 해야해 ㅠ,3
카카오에 이어 2번째 삼전닉스로 망함ㅎㅎㅎㅎㅎㅎㅎㅎㅎㅎㅎㅎㅎㅎ,6
{:d_87:}{:d_87:}{:d_87:}{:d_87:},6
와우 대박이노,0
손흥민 쳐나가라 ㅋㅋ,4
하이브는 왜?,6
케인ㅋㅋㅋㅋㅋㅋㅋㅋㅋㅋㅋㅋㅋㅋ,6
맹맹글랜드,6
형 어제 던지라며!!!!,6
안 본다고?,6
ㅁㅊ ㅋㅋㅋㅋㅋㅋㅋㅋㅋㅋ,0
저런,3
개웃기네 ㅋㅋㅋㅋㅋㅋㅋㅋㅋㅋㅋㅋㅋㅋㅋㅋ,0
매국배팅,6
월드컵 멸망 ㅈㅈㅇㅇ,6
난고?,6
어제 19만원에서 숏 쳤어야지,6
와 움직임 진짜 요망하다,6
부정탓따 그때 몽규 ㅅㅂㅅㅂㅅㅂㅅ,4
개못해 걍,2
쳐다만보냐,2
그 누구의 계좌에서 울고 있나요 ㅠㅠ,3
닉스 좀 살려주세요..,3
사장님 직원 고용안정 때문에 웃고 계신거 같아요 .....,6
원래 이런방입니다,6
어쩌지??,6
오너 진짜 ㅋㅋㅋㅋ,4
늘보던그거들인가,6
형 솔찍히 끝인거 같아? 이럴때 솔찍해야돼,6
넣을거 못넣고 맨날 쳐맞노ㅋㅋㅋㅋㅋㅋㅋㅋㅋㅋㅋㅋㅋㅋㅋㅋㅋㅋㅋㅋㅋㅋㅋ,2
노르웨이 4강 가쥬앗{:d_47:}{:d_47:}{:d_47:}{:d_47:}{:d_47:}{:d_47:}{:d_47:}{:d_47:},6
에렌!!!!!!!!!!!,6
ㅈㄴ 에겐스럽네 ㅋㅋ,0
가짜원딜 쓰면 이런다니깐,6
ㅋㅋㅋㅋㅋㅋㅋㅋㅋㅋㅋㅋㅋㅋㅋㅋㅋㅋㅋㅋㅋㅋㅋㅋㅋㅋㅋㅋㅋㅋㅋㅋㅋㅋㅋㅋㅋㅋㅋㅋㅋㅋㅋㅋㅋㅋㅋㅋ,0
따봉 한번씩 형등~,6
와 싀벌,1
오~,6
아 씨바 저걸 못 막네,4
줄서세요,6
진짜 다시하시네ㅠ,3
사모펀드 들어온게 풀베팅하는 걸지도,6
ㅈ댓다 물뭔데 이거 ㅋㅋㅋㅋㅋㅋㅋㅋㅋㅋㅋㅋㅋㅋㅋㅋㅋㅋㅋㅋㅋㅋㅋ,5
뭐햐냐 진짜로,4
ㅋㅋ패스개못하면서 자꾸 뒤로쳐돌리네 ㅋㅋ,4
무서워요,5
ㅋㅋㅋㅋㅋㅋㅋㅋ표정,0
개처웃기네,0
한골더 부탁해 체코,6
조현우 데꼬와라 ㅅ.,6
무슨 소리야?,1
치와와 같으세요,6
죠짐,5
시밬ㅋㅋㅋㅋㅋㅋㅋㅋㅋㅋㅋㅋㅋㅋㅋㅋㅋㅋㅋ,0
대 상 혁,6
케엄 살 ㅅㅅㅅㅅㅅㅅㅅ,6
역시 익숙하신가보네요 ㅎㅎ,6
갔어,6
역시 홍명보 ㅋㅋㅋㅋㅋㅋㅋㅋㅋㅋㅋㅋㅋㅋㅋㅋㅋㅋㅋㅋㅋㅋㅋㅋㅋㅋㅋㅋㅋㅋㅋㅋㅋㅋㅋㅋ,4
계단식하락 ㄷㄷ,1
ㄲㄲ,6
좆명보 꺼져. 좆명보 꺼져. 좆명보 꺼져. 좆명보 꺼져. 좆명보 꺼져. 좆명보 꺼져. 좆명보 꺼져. 좆명보 꺼져. 좆명보 꺼져. 좆명보 꺼져.,4
믈어!!!,6
이 형은 1억 넘게 잃었어,6
럭,6
무섭노무,5
그만사줘 ㅠㅠ,3
수제 ppt,6
깄나?,6
닷컴 버블 차트랑 비교좀,6
재정비해,6
영도를 보장하라 ㅜㅜ,6
{:lck_28:}{:lck_28:}{:lck_28:}{:lck_28:}{:lck_28:}{:lck_28:}{:lck_28:}{:lck_28:}{:d_116:},6
아 공찼네 골이다 ㅠ아 공찼네 골이다 ㅠ아 공찼네 골이다 ㅠ아 공찼네 골이다 ㅠ아 공찼네 골이다 ㅠ아 공찼네 골이다 ㅠ,6
와...저점에 샀다~~~ㅋ,6
내돈 아니라 ㅋㅋㅋ,6
으악,4
캬ㅑㅑ',1
치지직대장 윤가상,6
나쁘구요~,6
쉘데르크 ㅁㅊ,1
투석기네 ㄹㅇ,6
럼붋ㅎ류,6
비상비상,5
이제 물탈 돈도없다,6
스로인으로 쳐먹는거 진짜 웃기네,4
ㅈㄴ놀났네ㅋㅋ,1
열지마 ㅠㅠ,3
미침,6
골을 넣어야할때 못넣으니깐 이런일이,6
잉글랜드는 여기까제 ~~,6
ㅋㅋㅌㅌㅋㅋㅌ,0
피울,6
..,3
현우엿으면 막앗드,6
개병신,4
코큐버스 ㄷㄷ,1
아우 ㅠㅠ,3
ㅈ됐다,5
애니비아나 쳐물지,2
ㅋㅋㅋㅋㅋㅋㅋㅋㅋㅋㅋㅋㅋㅋ,0
장실,6
{:wc_31:},6
돌리다가 끝나네 ㅋㅋㅋㅋ,6
야 휴지좀,6
가썩ㅠㅠ,3
발할라,6
와 밖에서 막 다니네 ㄷㄷㄷㄷㄷ,5
골 인정 ㅅㅅㅅㅅㅅㅅㅅㅅㅅㅅㅅㅅㅅㅅㅅㅅㅅㅅㅅㅅㅅㅅㅅㅅㅅㅅㅅㅅㅅㅅㅅㅅㅅㅅㅅㅅㅅㅅㅅㅅㅅㅅㅅㅅㅅㅅㅅㅅㅅㅅㅅㅅㅅㅅㅅㅅㅅㅅㅅㅅㅅㅅㅅㅅㅅㅅㅅㅅㅅㅅㅅㅅㅅㅅㅅㅅㅅㅅㅅㅅㅅㅅ,0
SEX 야~호,0
{:wc_14:}{:wc_14:}{:wc_14:}{:wc_14:}{:wc_14:}{:wc_14:}{:wc_14:}{:wc_14:}{:wc_14:}{:wc_14:},6
묭규화면 보여주자마자 실점이네,6
피파랭킹이 어떻고 저떻고 먼,6
태석이 빼라,4
내돈 다 어디있지,6
개인이 5조를던지네,6
내친구 원이,6
더예쁘다,6
라이타 학교건물 왼쪽에 잇어염,6
트로사르 왜 주심 봄?,6
지금?,6
잉글랜드 초비상이다 ㅋㅋㅋ,6
sex,0
조심해!!!!,5
재밌네 ㅋㅋ,1
우와 좋다,0
야로,6
힘들다,3
살벌하다 sk ee,5
ㅋㅋㅋㅋㅋㄲ,0
이정도면 조울증 환자 아니냐?,6
와 근데 진짜 슈팅 지렷다,1
얘네랑 엄대엄 나면 blg 한화 어떻게 이길건데...,3
줴줴야,6
사야하는건가 말아야하나,6
오늘도 부흥회 한 번 더 조지시나요?,6
하악,6
케엄살 ㅅㅅㅅㅅㅅㅅㅅㅅㅅㅅㅅㅅㅅㅅㅅ,0
영도알포스,6
노루웨이 미쳣다,1
마치 200갈것처럼,6
하이닉스 들어가셨나요...?,1
닉스랜드 개미탕,6
강인이 파트너!! 쉘대로프!!,6
일베 개새끼들아 쳐봐라 그냥,2
김연경한테 왜그래,6
아니 수비 안 하냐고,2
그럼 좀 기다릴게여,6
그냥 개 처웃기노? ㅋㅋㅋ,4
뭐가온다,5
케인빤스라인 보이네,6
오옹 나이스,0
눈깔 없냐 ㅋㅋㅋ 공부터 터치임,6
명보야 이래도 3백이야!!!,2
ㅈ같닼ㅋ,4
볼좀 뒤로 빼지말고 움직이질않네ㅐ ㅋㅋㅋㅋ,2
ㄹㅇ 억지부리네,6
시바코인도 이렇게는 안움직여,6
뭉필,6
{:d_108:},6
개억지를 부려 ㅋㅋ,0
역전하는걸 못봣다,6
사지마요 ㅠㅠ 그럼떨어질거같아요,5
타점하나는 이거이거,6
임종전입니다 ㅠㅠ,3
오너 진짜 ㅋㅋㅋㅋ,4
티원 폼이 안좋네..,3
퀴즈?셔,6
노르웨이 일베다 쳐내,2
남고냄새나용 ㅠㅠ,3
코코,6
와ㄷㄷㄷㄷㄷㄷㄷㄷ,1
머야 자고일어났더니 올랐네,6
화장실ㄷㄷ,1
엌,6
왜 가만잇지?,6
뻥글랜드 컷 {:wc_1:}{:wc_1:}{:wc_1:}{:wc_1:}{:wc_6:}{:wc_6:}{:wc_6:}{:wc_6:},6
나여,6
...난가?,6
하 형 사고싶다니까 빼야되나,6
비상ㅇㅇㅇㅇㅇㅇㅇㅇㅇㅇㅇ,5
그만 누워라 ㅋㅋㅋㅋㅋㅋㅋㅋㅋㅋㅋ,4
쪽집게 과외,6
비상ㅇㅇㅇㅇㅇㅇㅇㅇㅇㅇㅇ,5
{:d_48:}{:d_48:}{:d_48:}{:d_48:}{:d_48:}{:d_48:}{:d_48:}{:d_48:}{:d_48:}{:d_48:},6
밥으로 드세요!!!! 시황겸 먹방 가시죠!!!,6
엘링홀란~,6
와 골대 맞았네...,1
ㅋㅋㅋㅋㅋㅋㅋ일단 첫 대면,6
키쑤,6
하이닉스 학폭 터졌나요?,6
그만빠져라 ㅠㅠ,3
채팅 곱창내고 튀기 ㅋㅋ,6
공건들엿자나 노파울이지,6
레츠고 지투! 레츠고 지투!,6
{:d_22:}{:d_22:}{:d_22:}{:d_29:}{:d_29:}{:d_29:}{:d_29:}{:d_29:}{:d_29:},6
이건 약간 ㅌㅊㅇ,6
제주반도체 한 번만 봐주세요 ㅠㅠ 슈카 님,6
일본동네에?,6
닉스는 도체만 있자나,6
찝,5
포대장 ㄷㄷㄷ,1
쥔장할,6
ㅅㅅㅅㅅㅅㅅㅅㅅㅅㅅㅅ,0
닉스 넥스트 1주 사고로... 헤지펀드 청산물량 나온 거래요.,6
하닉곱버스 거래대금 ㄷㄷㄷㄷ,1
잉글랜드 멸망,6
키모찌이~~~,6
형.. 오늘은 진짜 힘들다,3
선수들 호흡 안맞아 전술도 없어 뭐하는거?,4
저도 첫번째에 속아서 갸처물림,2
ㅅㅅㅅㅅㅅㅅ,0
골 인정 ㅅㅅㅅㅅㅅㅅㅅㅅㅅㅅㅅㅅㅅㅅㅅㅅㅅㅅㅅㅅㅅㅅㅅㅅㅅㅅㅅㅅㅅㅅㅅㅅㅅㅅㅅㅅㅅㅅㅅㅅㅅㅅㅅㅅㅅㅅㅅㅅㅅㅅㅅㅅㅅㅅㅅㅅㅅㅅㅅㅅㅅㅅㅅㅅㅅㅅㅅㅅㅅㅅㅅㅅㅅㅅㅅㅅㅅㅅㅅㅅㅅㅅ,0
"ㅋㅋㅋㅋㅋㅋㅋㅋ,,,",0
야이ㅣㅣㅣㅣㅣㅣㅣㅣㅣㅣㅣㅣㅣㅣㅣㅣㅣ,2
밑에 두개,6
와 진짜 험한말 마렵다,2
기가막히네,1
밴하는데 어떡하나요 ㅠㅠㅠㅠㅠ,5
바닷물 따뜻하죠..망치상어도 올라오니까,6
명장병이네,6
묭규 나가~몽규나가,4
190 ㅋㅋㅋㅋㅋㅋㅋㅋㅋㅋㅋㅋㅋ,0
계단식 ㄷㄷ,1
삼전기 화면에서 사라질 듯 ㅋㅋㅋㅋㅋ,6
ㄷㄷㄷㄷ ㅠㅠㅠ 녹아녹아 ㅠㅠ,5
살려줘요ㅠ,5
드러눕기ㄷㄷㄷ,1
부엉이는 어떻게 우나요,6
체코 수비 잘해서 이기자!!,6
오옹 ㅋ ㅑ,6
저렇게 넣네,1
ㅋㅋㅋㅋㅋㅋ명보한테 뭘바라노,4
직스 너무 컷다,6
국적이요?,6
뺵패스만 하는 축구 ㅋㅋㅋㅋㅋㅋㅋㅋㅋㅋㅋㅋㅋㅋ,6
유하~,6
태석이 빼라,4
명보제거,4
오너 진짜 ㅋㅋㅋㅋ,4
짐싸라 ㅋㅋㅋㅋㅋ,4
닉스가 주주환원 삥뜯었어,6
/맹보제거,4
우와 미쳤다,1
그동안 오른걸 생각해라..,6
점프 ㅅㅂ ㅋㅋㅋㅋㅋㅋ,1
포킹딜 습박 ㅋㅋ,1
에휴,3
노르웨이 딸깍 전략 뭐냐고,6
진짜 일본인임??,6
스트레스 받게하네 진짜,2
"진정해, 장원영.",6
축신 강마루 넣어라,6
ㅋㅋㅋㅋㅋㅋㅋㅋㅋㅋㅋㅋ,0
불트랩,6
또?,6
ㅈ됫다,5
미친,1
헐?,1
250 가능?,6
김연경,6
진짜 제발,5
패스도안되고,6
지넨딩,6
내동생 리센느,6
으악 ㅅㅂ,4
ㅋㅋㅋㅋㅋㅋㅋ 어케햇누,0
보노보노 어디감,6
40퍼가까이 빠지고,6
몽규 빔~~~~~,6
바짘,6
홍명보와 정몽규가 넣은거지,4
북부대공여친ㅋㅋㅋㅋㅋㅋ,6
전직은 뭐임?,6
볼.뒤로.돌릴때부터 불안하더니.ㅋㅋㅋ,5
와 ㅋㅋㅋㅋㅋㅋㅋㅋㅋㅋㅋㅋㅋㅋㅋㅋㅋㅋㅋㅋㅋㅋㅋㅋㅋㅋㅋㅋㅋㅋㅋㅋㅋㅋㅋㅋㅋㅋㅋㅋㅋㅋㅋㅋㅋㅋㅋㅋㅋㅋㅋㅋㅋㅋㅋㅋㅋㅋㅋㅋㅋㅋㅋㅋㅋㅋㅋㅋㅋㅋㅋ,1
미끼질.. ㅋㅋㅋ,6
아 페이커 얄미로워!!!!!!!!!!!!!!!!!,2
조졎죵,5
ㅋㅋㅋ 졌네,6
삼성전기 시총 순위가 ㅜㅜㅜ,3
bed엔딩,6
ㅋㅋ,0
맨날 뒤로만 ㅉㅉ,4
찐반 드개재ㅐㅐㅐㅐㅐㅐㅐㅐㅐㅐㅐㅐㅐㅐㅐㅐㅐㅐㅐㅐ,0
저게 반칙 아니야 ???,1
Hi,6
살려달라구ㅜㅜㅜㅜㅡ,5
잘하네??,1
구경하냐,4
진짜 잘찼네 ㅋㅋㅋㅋㅋㅋ,6
그만사줘 ㅠㅠ,3
뭉서워요 ㄷㄷㄷ,5
호신용의자 ㄷㄷ,1
ㅎㅇ,6
떠난다는 선택지가 아닌가?,6
혁,1
ㅏㅏㅏㅏㅏ,6
장난하냐,2
시야좋다 ;ㅅ;,6
얘네랑 엄대엄 나면 blg 한화 어떻게 이길건데...,3
노르웨이를 우습게 보면 안돼,6
이걸 안문다고??,6
유튜브봐야지 반드시 봐야지,6
1000억 슈카 ㄷㄷㄷㄷㄷㄷㄷㄷㄷㄷㄷㄷㄷㄷㄷ,1
븅신들,4
못해요.. 난 아니여 ㅠㅠ,5
나이스,0
슈카님 오늘 하이닉스 136 신용 풀매수 땡겼습니다~함 드가자아,6
파울이잖아 ㅋㅋ,6
너무해,3
ㅋㅋㅋ 살랑살랑,6
볼.뒤로.돌릴때부터 불안하더니.ㅋㅋㅋ,5
와 진짜 여고생이었어?,6
제발ㅜㅜㅜㅜㅜㅜㅜ,3
살려주세여,3
개재미써 ㅋㅋㅋ,6
와!!!!,0
언더독 ㄷㄷ,1
일본 징크스 가는건가,6
사린마ㅠㅠ,3
브이엠도 봐주십숑.....ㅠ,5
삼전 사셨죠?,6
아 씨바 저걸 못 막네,4
노르웨이 진짜 역사쓰냐 ㅋㅋㅋㅋㅋㅋㅋㅋㅋㅋㅋㅋㅋㅋㅋㅋㅋㅋㅋㅋㅋㅋㅋㅋㅋㅋㅋㅋㅋㅋㅋㅋ,1
아나,6
"빽태클인데 파울안붐,",6
매일매일이 붕어낚시 ㅋㅋㅋㅋ,6
쟤 여기 좁아서 못와,6
우효,6
가왕 출신 ㄷㄷㄷ,6
하루만에 졸업 ㄷㄷ,1
얘네 아르헨도 잡겠는데?????,6
몽규 잡히자 먹힘,6
넋이 나갔네...,1
와 ㅋㅋ,0
개처안일하네,2
1인기업,6
손흥민 빼라,4
국장은 그냥 끝난 거에요...상승 무슨....잘 해야 제자리지...이제부터 10년짜리 박스장 재탕....,6
명보야 나가 그냥,4
와 이걸막네,1
웃지마라 심각하다,6
답답하면 니네가 뛰어라,2
윤 상 은 파격적이네,6
윤상이 오케,6
고점대비-67,6
50분 찍을거냐,6
우리가 먼저 알았는데..,6
아오 꼽등이,4
다라이 살벌하네 ㅋㅋㅋㅋㅋㅋㅋㅋㅋㅋㅋㅋㅋㅋ,1
시조의 거인이네,6
ㄷ,1
노르웨이 2002 한국 신화 재현?,6
ㄴㅋㅋㄱㅋㄱ,0
구버지....,3
흥민이 요즘 골 못넣는데 ㅠㅠ  오현규 가자,3
좋아요!,6
정몽규 하...,2
니들은 그냥 져라 ㅋㅋ,2
그래 5골먹어라 차라리 ㅋㅋㅋㅋㅋㅋㅋㅋㅋㅋㅋㅋㅋ,2
그럼 진짜 짤려..,6
슈카형 살려줘~~~`,6
개놀리네ㅋㅋㅋㅋㅋㅋㅋㅋㅋㅋ,0
{:d_47:}{:wc_14:}{:d_47:}{:wc_14:}{:d_47:}{:wc_14:}{:d_47:}{:wc_14:},6
외노자,6
살려주세요,5
뭐이씨 속으면 안됨? ㅠㅠ,3
신의매매 ㅋㅋ,6
전술이 없는데 어떻게 이기냐,2
앞에잇다,5
fd;;,1
현재 직업이 일본인이라는게 뭔 말이야,6
황말올 황말올,6
어케 넣누,6
영도는 ㅠㅠ,3
ㅈㄴ웃기네 ㅋㅋㅋㅋㅋㅋㅋㅋㅋㅋ,0
저장안되어있으면 웃기겠다,6
{:lck_16:}{:lck_16:}{:lck_16:},6
너무해,3
묭규 나가~몽규나가,4
형 지금이야? 드가?,6
직스딜 ㄷㄷ,1
형.. 오늘은 진짜 힘들다,3
으억,6
라이터개입 ㅋㅋ,6
살았나,6
선수교체 정원 선수 출격!!!!,6
ㅅㅅㅅㅅㅅㅅㅅㅅㅅㅅㅅ,0
ㅅㅅㅅㅅㅅㅅㅅㅅㅅㅅㅅㅅㅅㅅㅅㅅㅅㅅㅅㅅㅅㅅㅅㅅㅅㅅㅅㅅㅅㅅㅅㅅㅅㅅㅅㅅㅅㅅㅅㅅㅅㅅㅅㅅㅅㅅㅅㅅㅅㅅ,0
전 제 원금 까이는거 과자먹으면서 보는중 ㅋㅋㅋ,6
아무도안막네 ㅋㅋㅋㅋ,3
진짜 홍명보 쳐 나가라,4
ㅋㅋㅋㅋㅋㅋㅋㅋㅋㅋㅋㅋㅋㅋㅋㅋㅋㅋㅋㅋㅋㅋㅋㅋㅋㅋㅋㅋㅋㅋㅋㅋㅋㅋㅋㅋ 개무섭네,5
보노보노 PPT,6
훈수라고 밴하잖아요 ㅠㅠㅠ,3
VAR,6
골 ㅅㅅㅅㅅㅅㅅㅅㅅㅅㅅㅅㅅㅅㅅ,0
작은 애들 뽑아놓고 작다고 징징거리냐,4
그건좀..,4
무빙 토나온다,4
환불 ㅠ,3
와 차트 꼬라지 보소,2
역겹다 저 여자 심장 아니야..,4
오메ㅔㅔㅔㅔㅔㅔㅔㅔㅔ,6
케엄살 ㅅㅅㅅㅅㅅㅅㅅㅅㅅㅅㅅㅅㅅㅅㅅㅅ,0
차트 살벌하네 아직도 사야할지 말아야할지 ㄷㄷ,5
치트엔진 서치 중 ㄷㄷ,1
홍명보 제거,2
형 ㅂㄴ봉가자,6
ㄹㅊㄱ ㅈㅌ,6
왜 아무도 안 붙어,4
브이엠도 봐주십숑.....ㅠ,5
나가라 정몽규 홍명보,2
ㅠㅠㅠㅠㅠㅠㅠㅠㅠㅠㅠㅠㅠ,3
쉘데르크 ㅁㅊ,1
오늘도 조졌다리,5
진짜 몰라,6
소리 너무 작아ㅠㅜ,6
ㅋㄱㄲㄱㅋㅋ,0
힘들다,3
이제 영도,6
이기혁 불안하냐,5
조현우묜 먹았다,6
들 가즈아!,6
밴유도 남탓 ㄷㄷ,1
밴유도 조심,5
명보는 ... 월드컵 예선탈락의 마법을 ~,6
왜 들어갔냐?,1
주가 터져서 술 먹나 보다,6
지금 엔딩 직전입니다.,6
홍명보 멸망,4
주주환원이 없어서,6
안타고 뭐해? 무빙,6
ㅈㄴ웃기네 ㅋㅋㅋㅋㅋㅋ,0
왼쪽이 약하노,6
매수는 안했음 ㅋㅋㅋ,6
홀란 점프 ㅋㅋㅋㅋㅋ 와,1
매수하고 공부하는 거임 원래,6
지린다 ㅋㅋ,1
물도 못타겠어ㅠㅠㅠㅠ,3
세호야 또 속냐!!,6
손흥민 빼라,4
똥칸이 좋은 석윤이,6
머리 아프다 ㅋㅋ,4
이게 도박이야 주식이야,5
겠냐에요,6
저점매수 츄베릅,6
멀리가서안들리나,6
쌋다,6
아 좀 심한거 나오겠네,4
명보가 명보했다 ㅋㅋ,6
탑정글 진짜 ㅋㅋ,2
괜찮네요,6
아사람 고기,6
아 ㅈㄴ웃기네 ㅋㅋ,0
심판 매수 맞네 ㅋㅋ,6
ㅋㅋㅋㅋㅋㅋㅋㅋㅋㅋㅋㅋㅋㅋㅋㅋㅋ,0
잘하노,6
살랑살랑 움직여서,6
와 ㅋㅋㅋㅋㅋㅋㅋㅋㅋㅋㅋㅋㅋㅋㅋㅋㅋㅋㅋㅋㅋㅋㅋㅋㅋㅋㅋㅋㅋㅋㅋㅋㅋㅋㅋㅋㅋㅋㅋㅋㅋㅋㅋㅋㅋㅋㅋㅋㅋㅋㅋㅋㅋㅋㅋㅋㅋㅋㅋㅋㅋㅋㅋㅋㅋㅋㅋㅋㅋㅋㅋ,1
스포 ㅋㅋ,6
니니 삼성전기 있지않음?,6
침대,6
{:d_18:}{:d_18:}{:d_18:}{:d_18:}{:d_18:}{:d_18:}{:d_18:},6
설명할 시간이 없어! 어서타!,6
아 ㅈㄴ웃기네 ㅋㅋ,0
아니 생각해보니12시간 전에도 형 봤는데 방송을 자주하시네 ㅋㅋㅋ,6
케인 나빠다ㅠㅠ,3
면도날 슈카를 환영합니다.,6
35만층에 사람있어요,6
지금 매수면 주당50이다!!!!!!!!!!!!!,6
아깝노,6
노반칙같은데?,6
개븅신들 하,3
아 몽규 보이니까 바로 먹히네.,6
왜 아무도 안 붙어,4
그럼 첨부터?,6
ㅠㅠㅠㅠㅠㅠㅠㅠㅠㅠㅠㅠㅠ,3
ㅈㄴ답답네,2
아직 바닥 아님 ㅜㅜ,5
ㅅㅅㅅㅅㅅㅅ,0
{:d_44:},6
/주눅제거,6
도란 진짜 간지네 ㅋㅋㅋㅋ,6
노 르웨이,6
뭐라고? sp 사기당했다고?,6
{:d_76:}{:d_76:}{:d_76:}{:d_76:},6
트름은 좀..,4
접자..,3
ㅅㅅㅅㅅㅅㅅㅅㅅㅅㅅㅅㅅㅅㅅㅅㅅㅅㅅㅅㅅㅅㅅㅅㅅㅅㅅㅅㅅㅅㅅㅅㅅㅅㅅㅅㅅㅅㅅㅅㅅ,0
구름대 뚫는 기가막힌 그림인데,6
들갈거같은데,6
여긴 전쟁터야,6
그건 신이지ㅡㅡ,6
맙소사..,1
망해가는,6
ㅈㄴ 무섭네 ㅋㅋ,5
불안한데.. 구름대 머리 맞고 내려왔는데,5
원래 이런 방송임,6
ㅋㅋㅋㅋㅋㅋㅋㅋㅋㅋㅋㅋㅋㅋㅋㅋㅋㅋㅋㅋㅋㅋㅋㅋㅋㅋㅋㅋㅋㅋㅋㅋㅋㅋ,0
지금이니!,6
진짜 형만 오면 고,6
슈불,5
노드립 노잼이라니까,6
미친 슈팅이네;;;,1
달러왜캐빠짐,1
잘 던지네,6
아래로...,6
ㄱㅋㅋㅋㅋㅋㅋㅋㅋㅋㅋㅋㅋㅋㅋㅋㅋㅋ,0
앞에잇다,5
응가상~~~,6
ㅋㅋㅋㅋㅋㅋㅋㅋㅋㅋㅋㅋㅋㅅㅂ,0
바닥이야~,6
너무 완벽한 바닥 신호긴함.,6
말하면 스포밴이자나요 ㅠㅠ,5
장이 왜이래...,1
아 줴줴이야~~~아 줴줴이야~~~아 줴줴이야~~~아 줴줴이야~~~아 줴줴이야~~~아 줴줴이야~~~아 줴줴이야~~~아 줴줴이야~~~,6
개지리노,1
잎으러 좀 가,6
ㅋㅋㅋㅋㅋㅋㅋㅋㅋㅋㅋㅋㅋㅋㅋㅋㅋㅋㅋㅋㅋㅋㅋㅋㅋㅋㅋㅋㅋㅋㅋㅋㅋㅋㅋㅋㅋ,0
형.. 오늘은 진짜 힘들다,3
밴하잖아욧!!!,2
네네네,6
룩주니어한테 성교육 저래하는거아니냐,6
졋네,3
var 본다,6
위에서본 푸린같은건가,6
하트어택!,6
꽉 잡아! 지금도 내려간다,6
수비 5명 벙찌고 있노 ㅋㅋㅋㅋㅋㅋㅋㅋㅋ,2
슈사장님 살려주세여,5
겁먹은 개가 짖는다,6
오 kfc,6
장투는 진짜 답이없네 ㅋㅋ,2
미 1친미 1 친,1
오 뭐야,6
그렇지 이강인 ㅋㅋㅋㅋㅋㅋㅋㅋㅋㅋㅋ,6
이르년이상,6
온다,5
그러면 빠져나와야 하나요,6
에렌ㅋㅋㅋㅋㅋㅋㅋㅋㅋㅋ,6
슈카형 오마자자 1퍼 오름,6
조금만 올려줄 내 친구 구함,6
ㅅㅅㅅㅅㅅㅅㅅㅅㅅㅅㅅㅅ,0
컨콜로 졸부인게 만천하에드러남,6
ㅋㅋㅋㅋㅋㅋㅋㅋㅋㅋㅋㅋㅋㅋㅋㅋㅋㅋㅋ,0
슈카드가자~~~~,6
홀란이 잘하는거지 팀이 잘하는게 아니잖아,6
슈카형 오니까 또 올라가네 와....,6
다 까먹었구나,6
ㄷㄱㄷㄱ,6
엉덩이가 크네,6
개판이네,4
지난 한 달간 SK하이닉스의 하루 평균 주가 변동폭은 약 7%,6
그냥 간다ㅡㅡ,6
물운,6
온다,5
빼꼼,6
너무 정면,6
3패 가즈아,6
누워,6
비응신ㅁ들,4
선물도매수. 외인 기관 다들어옴!!!!!!!!!!!!!!!,1
아니 수비 안 하냐고,2
반도체 끝났다 이정도면,6
"명보는 계획이 없니?,,",4
교체도안하고 대체 뭔생각이냐? 집중력다떨어져있는거보이지도않나,2
이거 룸 총 몇개예요?,6
질질 끌지말고,2
쳐다만보냐,2
왜 패닉셀을 했네..,3
뭐냐,6
ㅋㅋㅋㅋㅋㅋㅋㅋ표정,0
{:lck_16:}{:lck_16:}{:lck_16:}{:lck_16:}{:lck_16:}{:lck_16:}{:lck_16:}{:lck_16:},6
태석이 체력 다빨렷다 태석이 빼라,6
;;;;;;;;,6
트름은 좀..,4
죽었어요,6
저거먹히냐 ㅋㅋㅋㅋㅋㅋㅋㅋㅋㅋ,2
여자는 무서워 ㅠㅠ,5
0○0,6
세계,6
어후,6
도란이 딴거임 따인거임?????,6
옹,6
여긴 나도무섭던데,5
살려줘요ㅠ,5
교체좀해라 제발,2
미친 슈팅이네;;;,1
몽규 느가라,4
슈카님 하닉270까진 언제올까요? ㅠㅜㅜㅜㅜㅜㅜㅜㅜ,5
한분기 수익만으로도 지금 가격이야,6
누가 변기에 티슈 넣었나,6
윤가상 진지잡솼냐데스,6
손흥ㅇ민 ㅈㄴ 못하네,4
ㅈ같닼ㅋ,4
엄살랜드,6
ㅋㅋㅋㅋㅋㅋㅋㅋㅋㅋ,0
{:d_108:}{:d_108:}{:d_108:}{:d_108:}{:d_108:}{:d_108:}{:d_108:}{:d_108:},6
뭐 발골 장인이냐,6
ㅂㄱㅋㅋㅋㅋㅋㅋㅋ,0
1町ㄷㄷ,6
노르웨이 매수 ㅅㅅㅅㅅ,6
골~~~~~~,6
진짜 그 얼굴 나오니.먹히냐,4
붓다,6
마하9반야맨ㅋㅋㅋㅋㅋㅋㅋㅋㅋㅋㅋㅋㅋㅋㅋㅋㅋㅋㅋ,0
노르웨이 우승 가자,6
멀뚱멀뚱 ㅋㅋㅋㅋ ㅅㅂ,4
저기 어디 지하보다 더아래가있네?,6
보이면 따라오네 ㅋㅋㅋㅋㅋㅋㅋㅋㅋㅋ,6
아니 이거 한타 왜 이렇게 된거냐;,6
똥칸배리어야임마,6
벽 안에 거인이 있어?,6
명보형 제발 그만해줘 제발,5
발사가 맞나,1
무친,6
골 인정 ㅅㅅㅅㅅㅅㅅㅅㅅㅅㅅㅅㅅㅅㅅㅅㅅㅅㅅㅅㅅㅅㅅㅅㅅㅅㅅㅅㅅㅅㅅㅅㅅㅅㅅㅅㅅㅅㅅㅅㅅㅅㅅㅅㅅㅅㅅㅅㅅㅅㅅㅅㅅㅅㅅㅅㅅㅅㅅㅅㅅㅅㅅㅅㅅㅅㅅㅅㅅㅅㅅㅅㅅㅅㅅㅅㅅㅅㅅㅅㅅㅅㅅ,0
화장실에서 뛰지마시오,6
네이버는 오른것도 없는데 왜이래요.......,5
연경누님은 인정이지,6
ㅈ단식 하락,6
대한민국 제거,4
일본인님,6
주총꾼 시대로 가즈아 ㅋㅋㅋ,6
여기는 인식도 안 되나봐,6
whdywhdyd,6
나이수ㅜㅜㅜㅜㅜㅜㅜㅜㅜ땄다!!!!!!!!!!!!!,0
한번다시 만들어봐.아직 시간많다,6
세금 ㅅㅂ,4
딸깍으로 먹힐거라 했제? 딸깍으로 먹힐거라 했제?딸깍으로 먹힐거라 했제?딸깍으로 먹힐거라 했제?딸깍으로 먹힐거라 했제?딸깍으로 먹힐거라 했제?,6
지하실가자,6
비슷한 캔들 개많쥬?,6
빨리타요,6
구르트,6
아 이선수 가가매요,6
들어와 자네,6
ㅍㄱㅍㄱ,6
양봉 망치캔들 마무리하면?,6
용뺏겨서 ㅅㅂ하,2
오우 하울링이,6
ㅋㅋㅋㅋㅋㅋㅋㅋㅋㅋㅋㅋㅋㅋㅋㅋㅋㅋㅋㅋㅋㅋㅋㅋㅋㅋㅋㅋㅋㅋㅋ,0
생긴거 개빡이네 ㅋㅋㅋ,5
대상혁 앞플궁ㅋㅋㅋㅋㅋㅋㅋㅋㅋㅋㅋㅋㅋㅋㅋㅋㅋ,6
저도 첫번째에 속아서 갸처물림,2
이건 뭐 어떡하누,1
슈불,5
나 풍산중 3-5 김연일이다 찾아와라,6
장 마감 빨리오렴 ㅠㅠ,5
먹을수 있을까요.? ㅋㅋㅋ,6
한시,6
보합이면 상한가죠?,6
....?,6
"기회도많았는데 한골먹히네,.,",3
간다 간다 간다 간다 간다 간다 간다 간다 간다 간다 간다 간다 간다,6
속터질듯,2
권총,6
삼전 19만대 다시 드가자ㅏㅏㅏㅏㅏㅏㅏ,6
노답,6
센과치로 그 할버지 같네,6
슈카님 이게 파생상품들 때문에 그런걸까요???,6
{:d_49:}{:d_49:}{:d_49:}{:d_49:}{:d_49:},6
귀족임?,6
개븅신들,2
아니 님들 뭘 얘기하는지 알잖아,2
하이닉스 삼전은,6
조현우 어디갔냐,6
싱가 윤가,6
ㅗㅜㅑㅐ,1
먼닉 ㅋㅋ,6
ㅅ ㅅ ㅅ ㅅ ㅅ ㅅㅅ,0
진짜 개 무섭네 홀란 ㅋㅋㅋㅋㅋㅋㅋㅋㅋㅋㅋㅋㅋㅋㅋㅋㅋㅋㅋㅋㅋㅋㅋㅋㅋㅋ,5
와 ㅋㅋㅋㅋㅋㅋㅋㅋㅋㅋㅋㅋㅋㅋㅋㅋㅋㅋㅋㅋㅋㅋㅋㅋㅋㅋㅋㅋㅋㅋㅋㅋㅋ,1
잡쉅슴까,6
덥석 물어야함,6
형 구해줘,5
물 먹고나니 확 달라지네,6
08 내년 성인이라는거임~,6
치트엔진으로 맛보기 ㄱㄱ,6
여기저기,6
동의하빈다,6
와 이게 바로 들어가네,1
하닉도 주봉 20선 밟고 올라감,6
하아닉스.400 간다,6
윤가상 빨대,6
3번아까부테 개난리치더만 이꼬라지 날줄알았음 ㅋㅋㅋㅋㅋㅋㅋㅋㅋㅋㅋㅋㅋㅋㅋ,3
감사합니다~~,6
아니 공격수 왜 한명만 넣었냐고 ㅋㅋㅋㅋㅋㅋㅋㅋㅋㅋㅋㅋㅋㅋㅋㅋㅋㅋㅋㅋ,2
정몽규 진짜 제거해라,6
나락 가즈앙아아아ㅏ앙아,6
사랑찾아 인생찾아감,6
치트엔진 헉,6
zㅋㅋㅋㅋㅋㅋㅋㅋㅋㅋㅋㅋㅋㅋㅋㅋㅋ,0
반야맨이야~,6
‘’,6
와 먼데 ㅋㅋㅋㅋㅋㅋ,1
이것이 K국장?,6
비상ㅇㅇㅇㅇㅇㅇㅇㅇㅇㅇㅇ,5
ㄱㅋㅋㅋㅋㅋㅋㅋㅋㅋㅋㅋㅋㅋㅋㅋㅋㅋ,0
아시`ㄳ팔진짜,2
주겨벌랑,6
역시 자네야 k주식이지,6
에코프로,6
이게 뭐냐 ㅋㅋㅋㅋㅋㅋㅋㅋ,0
ㅈㄴ답답네,2
하나 올리고~¿,6
어어 빠진다,5
ㅅㅅㅅㅅㅅㅅ,0
저런,3
자~,6
레오나부터 족치자 그냥,6
/인류제거,6
환전 괴물이...,6
와 놀래라,1
뭉서워요 ㅠㅠ,5
뜬금 노르웽 우승?,6
똥리게이트,6
저정도인줄은 몰랐네,6
저게 반칙 아니야 ???,1
스트레스 받게하네 진짜,2
{:lck_32:},6
나혼자 숨바꼭질,6
10년물금리 4.7% ㅂㅂㅇ...,6
할건해야제,6
와 ㅋㅋㅋㅋㅋㅋㅋㅋㅋㅋㅋㅋㅋㅋㅋㅋㅋ,1
케인 나빠다ㅠㅠ,3
우 우 우 살 살 살,6
홍명보 구속~~,4
그만 좀 내려라 전기 ㅠㅠㅠㅠㅠㅠㅠ 아놔 ㅠㅠ,3
홍타쿠 ㄷㄷ,1
저렇게[ 쉽게 넣다니,6
땅 명보 꼬올,4
속터질듯,2
뭔소리야?,1
시원하게 노래 한곡 갈기죠?,6
진짜 개몬하넼ㅋㅋㅋㅋㅋㅋㅋㅋㅋㅋ,4
노르웨이 우승하면 진짜 대박,6
{:d_122:}{:d_122:}{:d_122:},6
들어가기 너무 무섭다,6
환율이 많이 내려갔던데.. 환율분석 좀 부탁드려요,6
다같이 가즈아!,6
바로 옆이네 ㅋㅋㅋㅋㅋㅋ,0
"그 때 마크에서 윤상, 양키 이러시던분임",6
홍땅보 그럴줄 아랑ㅆ다,6
지하실 유도ㅜㅜ,6
ㅆㅂ,4
저 아래에 묻어놨던거 제가 먹습니다 뿌우,6
김승규=정성룡,6
브이엠도 봐주십숑.....ㅠ,5
진짜 어휴,2
왼발로 때렸네ㄷㄷ,1
찝찌배,5
이러니 코인을 아무도 안하지ㅋㅋ,6
최근에본거 말해줘요,6
와 스로인 지리네,1
와 무섭,5
또 벽딸을,6
카에데상 처음 뵙겠습니다,6
ㅉ 이게 축구냐 ㅋㅋㅋㅋㅋㅋ,2
개미 꼬시기ㅋㅋ,6
니니는 다 나왔어요?,6
피지컬,6
{:d_116:}{:d_116:}{:d_116:},6
이게 시작이라고? 더 내릴 데가 있어?,1
유하~~~,6
그가 매수합니다 대피하세요~~~,6
똥겜 ㅋㅋㅋㅋㅋㅋㅋㅋㅋㅋ,0
"외인 ,기관만 장난 안치면 갈수 있다고 ㅠㅠㅠ",3
전기 어뜩해,5
/몽규제거,4
부모님과 자매,6
슈카 형은 사셨나여,6
들어갈까,6
명보 나가 죽어,4
다라이 ㅋㅋㅋㅋㅋㅋㅋㅋㅋㅋㅋㅋ,0
카밀 위치 개무섭다 진짜 ㅋㅋㅋㅋㅋㅋㅋㅋㅋㅋㅋㅋ,5
어지럽다 어지러워,2
와 진짜 험한말 마렵다,2
ㅅㅅㅅㅅㅅㅅ,0
역시 홍명보 ㅋㅋㅋㅋㅋㅋㅋㅋㅋㅋㅋㅋㅋㅋㅋㅋㅋㅋㅋㅋㅋㅋㅋㅋㅋㅋㅋㅋㅋㅋㅋㅋㅋㅋㅋㅋ,4
대단합니다,6
어지럽다 어지러워,2
ㅈ댓다,5
젊다 젊어,6
도란 ㅋㅋ,2
ㅂㅋㅋㅋㅋㅋ,0
근데 저런 원더골 취소는 아쉽긴하지,6
놓쳐썩,6
와 ㅋㅋㅋㅋㅋㅋㅋㅋㅋㅋㅋㅋ,1
인버스가 1등이에요 거래대금,6
반칙ㅇ.네,6
ㅋㅋㅋㅋㅋㅋㅋㅋㅋㅋㅋㅋㅋㅋㅋㅋㅋㅌㅌㅋㅋㅋ,0
아우 ㅠㅠ,3
방송 안에 방송 안에방송 안에 방송 안에,6
알상무의 시대가온건가,6
슈카님 표정이라도 밝게해주세요 안그래도 무서운데 더무서워져요 ㅠㅠ,5
장 마감 빨리오렴 ㅠㅠ,5
도박장 따로 읍다,6
폰트가,6
이게 대한민국이지 ^^,2
1명 밖에 없긴해...,6
똥간 야호~,6
아침에 -6천찍었음 지금 -3천,6
장난하냐 ㅋ,4
시발 너무해,3
실화냐??????????????????????,1
다 왔음,6
그런rp?,6
알상무님 연전연승,6
뭐냐 ㅋㅋㅋㅋㅋㅋㅋㅋㅋㅋ,0
홍명보 나가,4
200은?,6
설화고 손들어!!!!!! 설화고 손들어!!!!!! 설화고 손들어!!!!!! 설화고 손들어!!!!!! 설화고 손들어!!!!!! 설화고 손들어!!!!!! 설화고 손들어!!설화고손들어,6
아 페이커 얄미로워!!!!!!!!!!!!!!!!!,2
야호{:d_94:}{:d_94:},0
박살나는 중,3
표정ㅋㅋㅋㅋㅋㅋㅋㅋㅋㅋㅋㅋㅋㅋㅋㅋ,0
무능정권아 슈카를 정책실장으로 알상무를 금융위원장으로 니니를 금감원장으로 임명해라,6
영도 봐요 ㅎㅎ,6
놓친게 더 많음,6
힘빠진다 ㅠㅜ 으에에에,3
삼성 왜이레 ㅠㅠㅠㅠ,3
와 저건또 뭐야??? 차트봐라,1
대 명 보 대 명 보 대 명 보 대 명 보 대 명 보 대 명 보 대 명 보 대 명 보 대 명 보 대 명 보 대 명 보 대 명 보 대 명 보 대 명 보,6
지금이라고! 지금이라고! 지금이라고! 지금이라고! 지금이라고! 지금이라고! 지금이라고! 지금이라고! 지금이라고! 지금이라고! 지금이라고! 지금이라고!,6
걸걸걸,6
아노 ..,6
ㅋㅋㅋㅋㅋㅋㅋㅋㅋㅋㅋ3:0가자,2
저쩌라고,6
ㅋㅋㅋㅋㅋㅋ명보한테 뭘바라노,4
쉿 야스중,6
찝찝맨...,5
ㅋㅋㅋㅋㅋㅋㅋㅋㅋ,0
슈카 번거 토해놀때까지 속아야지,6
넘찝,6
정몽규 나가!!!!,4
그만빠져라 ㅠㅠ,3
ㅅㅅㅅㅅㅅㅅㅅㅅㅅㅅㅅㅅㅅㅅㅅㅅㅅㅅㅅㅅㅅㅅㅅㅅㅅㅅㅅㅅㅅㅅㅅㅅㅅㅅㅅㅅㅅㅅㅅㅅㅅ,0
복리로 해야죠,6
키퍼 븅신이네,4
비비는데?,6
야야야야,6
희망을 버려 ㅋㅋㅋㅋㅋㅋㅋ,6
짜증난다 ㅅㅂ,2
3번 누구냐,6
세 스,0
슛미쳣노,6
무서워요 ㅠㅠ,5
하닉 100갈까요 ㅋㅋ 웃음만나옴,6
소리 코라지 ㅋㅋㅋㅋㅋㅋㅋㅋㅋㅋㅋㅋ,0
[케인] 너무힘듦,6
마하9속도로 등장,6
카밀 위치 개무섭다 진짜 ㅋㅋㅋㅋㅋㅋㅋㅋㅋㅋㅋㅋ,5
그만 좀 해,6
규토리 장인이네,6
잡았당,6
전쟁 터지려나,5
2일간 4억 날렸는데 나보다 많이 날림? 슈카형?,6
뭐야티할!!,6
손흥민 찬스 몇개 쳐말아먹냐 ㅋㅋㅋ,2
먹고 살자고 하는건데 ㅠㅠ,3
아빠 살려줘,5
생긴거 개빡이네 ㅋㅋㅋ,5
차트 살벌하네 아직도 사야할지 말아야할지 ㄷㄷ,5
웃기는게 아니고 꺼드럭 대는데?,6
골키퍼 아웃,4
중계진 포장하지마 중계진 포장하지마중계진 포장하지마중계진 포장하지마중계진 포장하지마중계진 포장하지마중계진 포장하지마중계진 포장하지마중계진 포장하지마중계진 포장하지마,6
배부른 돼지 1000억 슈카 ㄷㄷㄷㄷㄷㄷㄷ,1
태초부터,6
이걸,1
코너킥이고 완전 ㅋㅋㅋ,6
대한ㅁ;ㄴ구 개병신년들아ㅜ,4
한강물 따뜻해요?,2
ㅈㄴ답답네,2
환불해줘요,6
코스피 임상실패했나요???????,6
아 줴줴이야~~~아 줴줴이야~~~아 줴줴이야~~~아 줴줴이야~~~아 줴줴이야~~~,6
어디야 ㅋㅋㅋ,6
슈불,5
하.............,5
개못하네,2
김연경은 뭐야 ㅋㅋ,6
지리노,1
뭐지,6
저건 뭐냐,6
붕어빵 싸만코 드실래요?,6
머리 아프다 ㅋㅋ,4
혁,1
무서워요 안아줘요ㅜㅜㅜㅜ,3
반말이다 데스,6
삼성 왜이레 ㅠㅠㅠㅠ,3
홀란이 표가 더 많이 팔리나보네,6
ㅎㄱㄷㅇㅅ효고뇻교 ㅠㄱ됴수 ㅕ,6
똥을 얼마나 싸는거야,6
밥차리고 영도 올림,6
컨콜때 주주 이지메함 ㅋㅋㅋ,6
ㅋㅋㅋㅋㅋㅋㅋㅋㅋㅋㅋㅋㅋㅋㅋㅋㅋㅋㅋㅋ,0
케징징,6
먼닉님 카에데상이 ㅠㅠㅠㅠㅠㅠㅠㅠㅠ,3
진짜 개 무섭네 홀란 ㅋㅋㅋㅋㅋㅋㅋㅋㅋㅋㅋㅋㅋㅋㅋㅋㅋㅋㅋㅋㅋㅋㅋㅋㅋㅋㅋㅋㅋㅋㅋㅋㅋㅋㅋ,5
인터넷방송같네,6
살걸...,3
시밬ㅋㅋㅋㅋㅋㅋㅋㅋㅋㅋㅋㅋㅋㅋㅋㅋㅋㅋㅋ,0
아빠 살려줘,5
박살나는중,2
곤니찌와,6
살려달라구ㅜㅜㅜㅜㅡ,5
키스 ㄱ,6
시발 존나무섭네 ㅋㅋㅋㅋㅋㅋㅋ,5
스로인으로 쳐먹는거 진짜 웃기네,4
ㅋㅋㅋㅋㅋㄱ,0
베인프리델하면 티원못이김,6
..,3
오 의자 이용,6
구도 ㅅㅂ ㅋㅋㅋㅋㅋㅋㅋㅋ,1
고지대 얘기했던애 나와봐라,6
비상ㅇㅇㅇㅇㅇㅇㅇㅇㅇㅇㅇ,5
ㅅㅅㅅㅅㅅㅅㅅㅅㅅㅅㅅㅅㅅㅅㅅㅅㅅㅅㅅㅅㅅㅅㅅㅅㅅㅅㅅㅅㅅㅅㅅㅅㅅㅅㅅㅅㅅㅅㅅㅅㅅㅅㅅㅅㅅㅅㅅㅅㅅㅅ,0
오늘 회사 분위기 어땠나요ㅋㅋ,6
비상비상,5
정몽규 홍명보 나가,4
난 못먹었을뿐이고....,3
어어 ㅅㅂ,1
시발 홍명보,4
유입 나가고,4
그걸 속네,6
드리르케요,6
홍명보 종신,6
1대1 무 ㄱㄱㄱ,6
위아래로 발라먹었으면 진도준임 ㅇㅇ,6
앞자리 8 됐던데,6
똥겜 ㅋㅋㅋㅋㅋㅋㅋㅋㅋㅋ,0
ㅁㅊ ㅋㅋㅋㅋㅋㅋㅋㅋㅋㅋ,0
미르친,1
힝..,3
야스 야호,0
안돼!,1
ㅋㅋ패스개못하면서 자꾸 뒤로쳐돌리네 ㅋㅋ,4
삼전기 ls일렉트릭 살려주세요ㅠㅠㅠㅠㅠㅠㅠㅠㅠㅠㅠㅠㅠㅠㅠㅠㅠㅠㅠㅠㅠㅠㅠㅠㅠㅠㅠ,3
베스트골인데,6
무섭다.. 난 안되겠다..,5
ㅋㅋㅋㅋㅋㅋ명보한테 뭘바라노,4
마하반야맨,6
ㅂㄱㅋㅋㅋㅋㅋㅋㅋ,0
ㅅㅅㅅㅅㅅㅅㅅ,0
이게 다 누구때문일까?,6
넣을 걸 못넣으니까 지지,6
인격분리가 되고 있으신데,6
탑차이!!!!!!!,2
ㅅㅅㅅㅅㅅㅅㅅㅅㅅㅅㅅㅅㅅㅅ,0
ㅋㅋㅋㅋㅋㅋㅋㅋㅋㅋㅋㅋㅋㅋㅋㅋㅋㅋㅋㅋㅋㅋㅋㅋㅋㅋㅋㅋㅋㅋㅋ,0
안아줘요,6
영도나 보죠 ㅎㅎ,6
ㅋㅋㅋㅋ ㅋㅋㅋㅋ ㅋㅋㅋㅋ ㅋㅋㅋㅋ ㅋㅋㅋㅋ ㅋㅋㅋㅋ ㅋㅋ,0
ㅋㅋㅋ멀둥멀뚱쳐다만 보기,6
아니 이 게임을 못잡는다고??,6
슉슉,6
ㅠㅠㅠㅠㅠㅠㅠㅠㅠ,3
상상으로 발라먹기,6
펀드멘탈 금지,6
살려줘요!!!,5
쪼끔만올려줘 제발 ㅠㅜ,3
명보 졋쥬,6
개처웃기네,0
엥...?,1
사장님 다른 윤씨 생각한거 아니냐?,6
다섯번,6
삼성전기 난리났어 ㅜ,3
비사아아앙~~~~~,5
너무 막 들어가..ㅠ,3
???????????????????????????????????????????,1
직스 딜 미쳤긴 하네 근데,6
밴유도 조심,5
징그럽다 차트가,4
신난슈카,6
ㅋㅋㅋ 슈카도 흑화하는 장이구나ㅋㅋ,6
뒤로 돌리기 지긋지긋하다 ㅋㅋㅋㅋㅋㅋㅋㅋㅋㅋㅋㅋㅋㅋㅋㅋㅋㅋㅋㅋㅋ,2
자기위로하지말고 정신차리자,2
손흥민 찬스 몇개 쳐말아먹냐 ㅋㅋㅋ,2
미친 나왔다,1
살려주세요~~~~~~~~~~~~~~~,5
뻥글랜드 컷 ㅋㅋ,6
수비 5명 벙찌고 있노 ㅋㅋㅋㅋㅋㅋㅋㅋㅋ,2
아 즌나 우울하다..,3
살아계시네요 슈카님,6
기가막히네,1
무서워요 안아줘요ㅜㅜㅜㅜ,3
저점매수 씹성공,6
진짜 노르웨이 우승하나,6
골 먼저 터치했네 ㅋㅋㅋㅋㅋㅋㅋㅋ,6
슈카피셜) 주식 쉽다,6
내일이 진짜 중요하겠네 번지대냐 양봉이냐,6
"형 매수,,,",6
정찰투입,6
아오 꼽등이,4
ㄹㅇㅋㅋ,0
홍명보 ㅠ.ㅠ,4
언제팔어!!!?!,5
/채팅제가,6
지창송 한번 불러보자,6
ㅋㅋㅋㅋ,0
웃기네,6
"기회도많았는데 한골먹히네,.,",3
수많은. 개미 시체를 어쩌나,6
야이 지금 사지마 개인들 진짜 아오,2
오 베인,6
와 ㅅㅂ,1
삼성전기 시총 순위가 ㅜㅜㅜ,3
흥민이는 스트라이커는아니야,6
살려주세여,3
역배팅 헷는데 이걸!!!!,2
ㅋㅋㅋㅋ ㅋㅋㅋㅋ ㅋㅋㅋㅋ ㅋㅋㅋㅋ ㅋㅋㅋㅋ ㅋㅋㅋㅋ ㅋㅋㅋㅋ ㅋㅋㅋㅋ ㅋㅋㅋㅋ ㅋㅋㅋㅋ ㅋㅋㅋㅋ ㅋㅋㅋㅋ ㅋㅋㅋㅋ ㅋㅋㅋㅋ,0
내 친구 윤가상,6
진짜 ㅈㄴ 못하네,2
저거먹히냐 ㅋㅋㅋㅋㅋㅋㅋㅋㅋㅋ,2
저거 120선 깨지면 큰일인데,6
제발좀 ㅠㅠㅠㅠㅠㅠㅠ댜겅냄나내0ㅐㅌ,3
현직 니혼고,6
나죽어,5
ㄷㄷㄷㄷㄷㄷㄷㄷㄷㄷㄷㄷㄷ,1
개미 발라먹고 상승중,6
{:d_70:}{:lck_16:}{:lck_16:},6
유튜브에 올리고 다 쳐내자,6
아니 님들 뭘 얘기하는지 알잖아,2
짜증난다 ㅅㅂ,2
이강인 존나 잘하네,6
와리가리 ㅋㅋㅋㅋ,0
모국어,6
케인 꾀병,6
태초마을 곧이네,6
슈카형 이런장이 뉴노멀인가요? ㅋㅋㅋ,6
버스 출발하기전에 타요,6
개미 빠졌으니까,6
이게 무슨 계단식 하락임 절벽식 하락이지ㅜㅜ,3
어어어어어 비상,5
형님이 틱띠기 전설 아니십니까?,6
진짜 개변태같네,4
내일 또 떨어질떄 175쯤에 재 분할 매수해야지,6
{:d_57:}{:d_57:}{:d_57:},6
전이에욯ㅎ,6
1,6
살걸...,3
기도,5
미쳐따리{:d_108:}{:d_108:}{:d_108:}{:d_108:},6
베드엔딩이 좋아요 ㅎㅎ,6
진엔딩 볼까요 ㅎㅎ,6
삼성전기??????,6
ㅋㅋㅋㅋㅋㅋㅋㅋㅋㅋㅋㅋㅋㅋㅋㅋㅋㅋㅋㅋㅋㅋㅋㅋㅋㅋㅋㅋㅋㅋㅋㅋㅋㅋㅋㅋㅋㅋㅋㅋㅋㅋㅋㅋㅋㅋㅋㅋㅋㅋㅋㅋㅋㅋㅋㅋㅋㅋㅋㅋㅋㅋㅋㅋㅋㅋㅋㅋㅋㅋㅋㅋㅋㅋㅋㅋㅋㅋ,0
맹보야  보고있냐????,2
시대가 다르시지않나,6
사랑의 힘,6
이게 대한민국이지 ^^,2
처음부터 해요 ㅎㅎ,6
졸라 몬하네 ㅋㅋㅋ,4
저거 명모가 연습했겠냐,6
베팅 드가자,6
var 본다 어차피,6
ㅈ거 파울이야,6
비ㅣㅣㅣㅣㅣ상,5
진짜 개변태같네,4
시동건다 형 가즈아,6
어차피 파울임,6
카네 엄살,6
꺼억,6
딸-깍,6
니니 누나 씨게 물렸나요? 요즘 안보이네요,6
명보야 밥먹자,6
아쉽긴 하다,3
원래 이런 방인가욤 ㅠㅠ,5
그럼쫑내죠,6
우리도 피곤해요 ㅠㅠ,3
쏩니다! 아래로,6
미장이에요?,6
정몽규 나가!!!!,4
징그럽다 차트가,4
ㅠㅠㅠㅠㅠㅠㅠㅠㅠㅠㅠㅠㅠ,3
윤상이 오케를 해줬어?,6
삼전기는,6
"명보는 계획이 없니?,,",4
해 주지,6
용뺏겨서 ㅅㅂ하,2
키가 크니까 늘 조심해야함,6
제이팝은 메인이라하는거같네,6
골 취 ㅅㅅㅅㅅ,0
케인 다운,6
아냐 형 속지 마,6
전기 죽어여.ㅠ,3
손흥민 뺴라,6
개웃기네 ㅋㅋㅋㅋㅋㅋㅋㅋㅋㅋㅋㅋㅋㅋㅋㅋ,0
선수들 호흡 안맞아 전술도 없어 뭐하는거?,4
{:d_36:},6
개못하네,2
몽규 잡히자마자 ㅣ발,2
ㅈㄴ답답네,2
홍명보 ㅠ.ㅠ,4
귀신 노캔 자제좀,6
승우,6
어..,6
홍명보 나가!,4
와 진짜 험한말 마렵다,2
빅엿 차트,6
지하실 아래에는 뭐가있나요?,6
잉글 침대축구하네,6
공쳣는데 그냥 가야지,6
차트 살벌하네 아직도 사야할지 말아야할지 ㄷㄷ,5
ㅉ 이게 축구냐 ㅋㅋㅋㅋㅋㅋ,2
홍명보 구속~~,4
노르웨이 이기자!!!!!!!!!!,0
일단타,6
조기탈락하고 들어와라,6
SK하이닉스 - 코스닥 작전주...,6
슈카도 많이 깨졌나보네 이렇게 비꼬는걸보니,6
와 ㅅㅅㅅㅅㅅㅅㅅㅅㅅㅅㅅㅅㅅㅅㅅㅅㅅㅅㅅㅅㅅㅅㅅ,0
ㅋㅋ접어라 그냥,2
홍,6
고,6
사밯ㄹ,1
지고있네 ㅠㅠ,3
손흥민 빼라...,2
오옹 나이스,0
다들 힘든데 슈카형 긁지마요 많이 잃고 피곤한데도 이렇게 방송해주시러 왔는데 ㅠㅠ,3
여기 다 예쁘던데,6
와 레전드 ㅋㅋ,1
{:mlb_76:}{:mlb_76:}{:mlb_76:},6
우승하나?,6
왜 아무도 안 붙어,4
190 ㄷㄷ,1
리센느 선슈,6
오오 라이브다,6
채팅제거 시바롬들아 그만해라 좀,2
ㄱㄱㄱㄱㄱㄱㄱㄱㄱ,6
ㄷㄷ 괴믈 배고픈가봐 꼬르륵하네,1
으악 ㅅㅂ,4
손흥민 화이팅~~~~!!!!,6
슈카형 양봉망치캔들마무리하면?,6
진짜 홍명보 쳐 나가라,4
우울우울,3
체코도 못이기면 월드컵 어떻게 하겠다는거녀,2
합체중 ㄷㄷㄷㄷㄷㄷㄷㄷㄷ,6
ㅁ,6
엄청 기다렷어요 불안해서요,5
{:d_54:}{:d_54:}{:d_54:},6
이렇게 오락가락하면 된느데 요근래 너무 내리기만,6
앗싸! 한국 축구 망했다!!!나이스!!!!,3
아 이게 뭐냐 진짜,3
zzzz,0
코큐버스 ㄷㄷ,1
개무섭네,5
벤유도하지마요ㅠㅠ,5
준우승가자ㅋ,6
세계의 끝으로,6
염색 오래걸려요,6
와 ㅋㅋㅋㅋㅋㅋㅋ,0
대ㅡㅡㅡㅡㅡㅡㅡ박,1
홀란 드뎌,6
드로잉하는데ㅈ다 멍때리냉,6
이런경우도 잇네ㅋㅋㅋ,0
나이스!!!!!!!!!!!!!!!!!!!!!!!!,0
버스 출발해버린 짤,6
???????????????????????,1
멘탈털리고,3
오옹 나힐순,6
와 ㅁㅊ,1
아노..,6
슈하!,6
꼼깸 쳐내,4
차가우면 안되고 뜨거워도,6
와 ㅋㅋㅋㅋㅋㅋㅋㅋㅋㅋㅋㅋㅋㅋㅋㅋㅋㅋㅋㅋㅋㅋㅋㅋㅋㅋㅋㅋㅋㅋㅋㅋㅋㅋㅋㅋㅋㅋㅋㅋㅋㅋㅋㅋㅋㅋㅋㅋㅋㅋㅋㅋㅋㅋㅋㅋㅋㅋㅋㅋㅋㅋㅋㅋㅋㅋㅋㅋㅋㅋㅋ,1
내일 결정인가여. .,6
일본 국적 보유자?,6
납치됐구나,6
교체도안하고 대체 뭔생각이냐? 집중력다떨어져있는거보이지도않나,2
ㅈㄴ 에겐스럽네 ㅋㅋ,0
선수들 호흡 안맞아 전술도 없어 뭐하는거?,4
시발 홍명보,4
또 살돈이 있다는게,6
황회장한테 맞음 ㅋㅋ,6
불러봐 ㅋㅋㅋ,6
유혹이 엄청나,6
진짜 다시하시네ㅠ,3
케리아 포지션 왜저러냐,6
예..?,6
지뇨 딸뻘이네,6
지금이니!!!!!!!!!,6
노르웨이 진짜 역사쓰냐 ㅋㅋㅋㅋㅋㅋㅋㅋㅋㅋㅋㅋㅋㅋㅋㅋㅋㅋㅋㅋㅋㅋㅋㅋㅋ,6
정보: 비트코인은 오늘 1프로 움직였다,6
너무해,3
{:lck_2:}{:lck_2:}{:lck_2:}{:lck_2:}{:lck_2:}{:d_48:}{:d_48:}{:d_48:}{:d_48:},6
이한범 안뛸꺼면 왜나왔냐,6
손흥민 쳐나가라 ㅋㅋ,4
정몽규보여주자마자 골쳐먹혔네 에휴 짐싸라 그냥,4
노르웨이 고등어로 매수 ㄷㄷㄷㄷ,6
함께해여,6
개잘하내,6
비 겁나와요,6
루보차트 꺼라 ㅋㅋㅋㅋㅋㅋㅋㅋㅋㅋㅋㅋㅋㅋㅋㅋㅋㅋㅋㅋㅋㅋㅋㅋ,6
오늘도 하는구나,6
미맞긴해,6
고지대 일찍 가서 적응보다 오늘온 체코가 더 잘한다??????????????????????????????????????????????,1
골ㅅㅅㅅㅅㅅㅅㅅㅅ,0
우리 윤가상 월클이네요잉,6
다들 버스만 타겠네,6
볼.뒤로.돌릴때부터 불안하더니.ㅋㅋㅋ,5
어어ㅓㅓ,1
전기는 1/3토막나도 per이 85배노 ㅋㅋㅋㅋ,6
왜 패닉셀을 했네..,3
소심하게 불러서 안온다,6
개놀리네ㅋㅋㅋㅋㅋㅋㅋㅋㅋㅋ,0
그렇구나,6
10%면 괜찮네요,6
오옹 나이스,0
와 소리,1
욕나온다,2
엄청 최근 그룹이었네,6
정몽규 하...,2
진헉,1
홍명보 나가,4
똥칸 개무적이네 ㅋㅋㅋㅋㅋㅋㅋㅋㅋㅋ,0
ㅇㅇ 저점 두들기면서 확인하는 모양,6
헛웃음이 나죠,6
아니 님들 뭘 얘기하는지 알잖아,2
최태원 학폭 ㄷㄷ,1
똥싸,6
존나 재미있어,0
진짜.. 단타 무섭네 ㄷㄷ,5
닉스가 밉다,3
진석쿤,6
긴장을?,6
손흥마 전성기 시절 골인데,6
석재형 나 힘들어,6
지금 오자낭,6
내려갈만하네 ㅋㅋㅋㅋㅋ,6
여자는 무서워 ㅠㅠ,5
위에서 아래 보네 ㄷㄷ,1
죄송해요 케인님 ㅠㅠㅠㅠㅠㅠㅠㅠ,5
국장은 답이없다,2
역겹다 저 여자 심장 아니야..,4
끝났네 ㅋㅋㅋㅋ끝났네 ㅋㅋㅋㅋㅋㅋㅋㅋㅋㅋㅋㅋㅋㅋㅋㅋㅋㅋㅋㅋㅋㅋㅋ,6
하..........................,5
너 꼽이야?,2
장이 왜이래...,1
맹보야  보고있냐????,2
결론은 수련회메타네 ㄷㄷ,1
밴하잖아욧!!!,2
와 타점봐라 씨 ㅋㅋㅋㅋㅋㅋㅋㅋㅋㅋㅋㅋㅋㅋㅋㅋ,1
VAR볼거같은디,6
환화유출 ㄷㄷㄷㄷ,1
차트계의 장희빈이네,6
세이브 켜봐요 ㅎㅎ,6
뒤에 2명 멍때리노,2
차트 맛있게 ㄷㄷㄷㄷㄷㄷㄷㄷ,1
/홍명보 제거 썼는데 왜 제거 안되누,4
3% 마감 가즈아..,6
옆집 삼전이는 상한가인데!!!,6
습관인 나,6
{:wc_2:}{:wc_2:}{:wc_2:}{:wc_2:}{:wc_3:}{:wc_3:}{:wc_3:}{:wc_3:},6
롸스고 쥐투,6
차티스트 ㅋㅋ,6
var 안 보나???????,6
하..........................,5
그렇네 밑에 2개 더 있네,6
전직도있음?,6
오차즈케,6
인제 파악 다 했는데,6
골키퍼 뭐하는 놈이냐,2
와 저건또 뭐야??? 차트봐라,1
니가 꼬셨자나,6
나빠다ㅠㅠ,3
어제 어닝콜이 너무 심각했다니깐,6
이건 잡아야줘~,6
제단에 물건을 바칠수있어요,6
ㄹㅇ ㅋㅋ,0
아르헨이엇으면 바로 골취소임 ㅋㅋ,6
골 인정됨 ㅋㅋㅋㅋㅋㅋㅋㅋ 골 인정 ㅋㅋㅋㅋㅋㅋㅋㅋㅋㅋㅋㅋㅋ,6
ㄹㅇ니혼진임,6
이제 믿을 건 삼전밖에 없다,6
gg,3
실화냐??????????????????????,1
팩,6
{:lck_4:}{:lck_4:}{:lck_4:}{:lck_4:}{:lck_4:}{:lck_4:},6
ㅋㅋㅋㅋㅋㅋㅋㅋㅋ,0
나는 도망 간다 ㅋㅋㅋㅋㅋ,6
한명을 못 뚫노,4
바로 레버리지 자금 털기,6
오ㅓ?,1
27층 살려줘..!!,5
에렌 예거 여기 있었네,6
어캐 넣냐,1
와 안광,6
몽규 나오자마자 골먹힘,4
케인 한건 하네,6
주주환원,6
토나온다 실력,4
명보제거,4
나랑 망했음,6
골취라고???,6
이러다 오후 두시까지.겜하는거 아님? ㅋㅋㅋ,6
ㅈ같은 보노보노,6
직스딜 ㄷㄷ,1
괴물을 가지고논닼ㅋㅋㅋㅋ,0
살려달라구ㅜㅜㅜㅜㅡ,5
ㅈ됐다,5
미 1친미 1 친,1
이야 골 예술이노,1
토토나 할걸,6
삼성전기 ㅠㅠ,3
엌ㅋㅋㅋㅋㅋㅋㅋㅋㅋ,0
움찔 움찔 ㅋㅋㅋ,6
와 밖에서 막 다니네 ㄷㄷㄷㄷㄷ,5
뭐야?,1
개병신,4
뭐? 고지대 ?,6
꼬리가 좀 짧은데?,6
두번죽임ㅠㅠ,3
상자머고?,6
아니말투가 개웃기네 ㄴㅋㅋㅋ,0
르센느 선수,6
졸라 재미있어 ㅎㅎㅎㅎ,0
개놀리네ㅋㅋㅋㅋㅋㅋㅋㅋㅋㅋ,0
외국인이 엄청 들어옴,6
드리를,6
ㅁㅊ;,1
정몽규 하...,2
장투는 진짜 답이없네 ㅋㅋ,2
노래나 한곡하자 슈카야,6
전기 죽어여.ㅠ,3
자자제밌어집니다 ㅋㅋㅋㅋㅋㅋㅋ,6
ㅎ...,6
노르웨이 4강 !!,6
진짜 개빡,2
ㅈ됫다,5
어뜨케…. 진짜,3
너무 막 들어가..ㅠ,3
응가상이네,6
ㅅㅅㅅㅅㅅㅅㅅㅅㅅㅅㅅㅅㅅㅅㅅㅅㅅㅅㅅㅅㅅㅅㅅㅅㅅㅅㅅㅅㅅㅅㅅㅅㅅㅅㅅㅅㅅㅅㅅㅅㅅㅅㅅㅅㅅㅅㅅㅅㅅㅅㅅㅅㅅㅅ,0
ㅋㅋㅋㅋㅋㅋㅋㅋㅋㅋㅋㅋㅋㅋㅋㅋㅋㅋㅋㅋㅋㅋㅋㅋㅋㅋ,0
이게 도박장이아니고 뭐야 미친거아니냐고,1
하이닉스 임마 개청년,6
ㅋㅋㅋㅋㅋㅋㅋㅋㅋㅋㅋㅋㅋㅋ,0
뭐하노,6
퉁탕탕탕,6
너무 무서워용 ㅠㅠ,5
그정도아님,6
속터질듯,2
또 탑정글이다,2
삼성 왜이레 ㅠㅠㅠㅠ,3
예? ㅋㅋㅋㅋㅋㅋㅋ,1
키퍼 손뺐네,6
지누군.,6
못듣네,6
채팅 끄고 싶으면 오르쪽으로 화면 밀어라 채팅 끄고 싶으면 오르쪽으로 화면 밀어라 채팅 끄고 싶으면 오르쪽으로 화면 밀어라 채팅 끄고 싶으면 오르쪽으로 화면 밀어라,6
언다,6
잡자,6
상~,6
딱!,6
여자는 무서워 ㅠㅠ,5
교체도안하고 대체 뭔생각이냐? 집중력다떨어져있는거보이지도않나,2
아니 왤케 못해,6
녹턴 맞아?,6
슈카형 반도체는 언제쯤 정신차릴까? ㅠㅠ 형의 고견을 듣고 싶어요,6
이미 마음은 질렀네,6
근데 어차피 비지니스 약속아니면 밖에 나갈일이 없으면서 뭐가 일정이란건가요 부를친구가 휴대폰에 도꼬미 두더놈 세더놈말고는 없지않나요 친구없는지누 뭉추 ㅠㅠ,3
유입 나가고,4
국장은 답이없다,2
슈황 시작하고나서 맨날 떨어지는거같은데...,5
살려주세요 !!!!!!!!!!!!!!!!!!!!!,5
룰 뭐임?,6
승규야 몽규랑 같이 나가 죽어라,2
방으로,6
"외인 ,기관만 장난 안치면 갈수 있다고 ㅠㅠㅠ",3
도배하지마 짱ㄲ들아,2
못해요.. 난 아니여 ㅠㅠ,5
아오 홍명보야 이게 축구냐? 진짜 접어라 정몽규 개새야 넌 현대아웃이다,4
와 눈 ㅅㅂㅋㅋㅋㅋ,1
자기위로하지말고 정신차리자,2
하나도 못뚫고 시발 뒤로만 보내고,4
희망을 줘야 낚일거 아녀,6
뭉서워요 ㅠㅠ,5
새 메뉴임?,6
픽포드 ㅋㅋㅋㅋㅋㅋㅋㅋㅋㅋㅋㅋㅋ,0
ㅋㅋㅋㅋㅋㅋㅋㅋㅋㅋㅋㅋㅋㅋㅋㅋㅋㅋㅋㅋㅋㅋㅋㅋㅋㅋㅋㅋㅋㅋㅋㅋㅋㅋㅋㅋㅋㅋㅋㅋㅋㅋㅋㅋㅋㅋㅋㅋㅋㅋㅋㅋ,0
대구하이텍고 화이팅대구하이텍고 화이팅대구하이텍고 화이팅대구하이텍고 화이팅대구하이텍고 화이팅대구하이텍고 화이팅대구하이텍고 화이팅대구하이텍고 화이팅대구하이텍고 화이팅,6
겨털이없네 ㅋㅋㅋㅋㅋㅋㅋㅋㅋ,0
흑흑,3
지옥문 오픈,6
엄청 기다렷어요 불안해서요,5
글쎄요,6
ㄹㅈㄷ노,6
형 참아 참아,6
시루엣또,6
{:d_41:},6
점프 ㄷㄷㄷㄷㄷ,6
안된다,6
진짜 이승우를 왜 안데리고 가는건지..,4
정몽규 나가!!!!,4
와 ㅁㅊㅋㅋㅋ,0
루하노 케인 ㅋㅋㅋㅋㅋ{:wc_6:}{:wc_6:}{:wc_6:}{:wc_6:}{:wc_6:}{:wc_6:}추하노,6
퓨정 ㄷㄷ,1
명보차이,4
할수있따,6
밀사,6
포켓몬 고향,6
웃음이 나오는거 보니 숏치셧군..,6
와 ㅅㅅㅅㅅㅅㅅㅅㅅㅅㅅㅅㅅㅅㅅㅅ,0
매파적동결 ㅠㅠ,3
시발ㅋㅋㅋㅋㅋㅋㅋㅋㅋㅋㅋㅋㅋㅋ,0
/맹보제거,4
왜 들어갔냐?,1
폭포수 지리네,6
아니 그럼 울면서 방송하나....이상한애들 천지네,6
손흥민 백승호좀 쳐 빼라,4
한봌우 개잘하네,6
다른살을 가져간것같은데?,6
총 다섯개,6
왜 가만히들 있냐고,2
삼성전기 살려주세요,5
단타도 물려,6
ㅠㅠㅠㅠㅠ,3
누수,6
불타면 죽는다,6
천만원?,6
바로 앞이다 ㅋㅋㅋㅋㅋㅋㅋ,0
넣 '노',6
삼전 컨콜 때 올렸다가 떨어짐,6
zzzzzzzzzzzzzzzzzz,0
나가서 불러서 올것 같으면 문 닫아봐,6
알아야지 너는,6
단타를 어케 .. 와.. 못해 ㅠㅠ,5
눈 업썩?,6
쌀먹 ㅋㅋ,6
1시간이면 영도봐야죠,6
키퍼 시야 방해 업사이드??,6
홍명보 ㅠ.ㅠ,4
역시 노쨩의 나라,6
6번 가만히 있네,6
슬슬 냄새난다,6
지수 왜 뜌 떨어질라하죠,6
토론회 보다가 도저히 못보겠어서 왔습니다 ㅋㅋㅋ어휴,4
케엄살 ㅅㅅㅅㅅㅅㅅㅅㅅㅅㅅㅅㅅㅅㅅㅅ,0
ㅠㅍㅍ,6
야호,6
매파적동결 ㅠㅠ,3
맹보야  보고있냐????,2
노르웨이 이기자!!!!!!!!!!,0
신기하다 게임이....,1
ㅏㅏㅏㅏㅏㅏㅏㅏㅏㅏㅏㅏㅏㅏㅏㅏㅏㅏㅏㅏㅏㅏ줴줴이야@@@@@@@@@@@,6
시발 뭐하냐,4
티슈진 그만보여주세요 고롭습니다,6
머냐 이건ㅋㅋㅋ,1
왤케 급하게 들어가지.. 이미 전황이 좋았는데 왜 오너도란이 그냥 박는거야,6
접자..,3
하이닉스 들어가셨나요...?,1
듣고있냐,6
하닉 그래도 올해 100프로 오름,6
야옹이!,6
밝은 곳에는 안옴?,6
김승규 수준 꼬라지보소,1
내일 쳐박기,6
ㅅ ㅅ ㅅ ㅅ ㅅ ㅅㅅ,0
명보야 나가 그냥,4
선물,6
설레는 반존대ㄷㄷ,6
단타는 정말 아무나 하는게 아니네 ㄷㄷ,1
180여자만나보고싶다,6
이기자!!,0
ㅅㅅㅅㅅㅅㅅㅅㅅㅅㅅㅅㅅㅅㅅㅅㅅㅅㅅㅅㅅㅅㅅㅅㅅㅅㅅㅅㅅㅅㅅㅅㅅㅅㅅㅅㅅㅅㅅㅅㅅㅅㅅㅅㅅㅅㅅㅅㅅㅅㅅㅅㅅㅅㅅ,0
으악 ㅅㅂ,4
var 취소각,6
무섭다잉[',6
ㅅㅅㅅㅅㅅㅅㅅㅅㅅㅅㅅㅅㅅㅅㅅㅅㅅ,0
채팅제거 왜치는 거임??,6
{:d_12:},6
공방먼저볼래여?,6
여자라 두번죽이는 나,6
오 오른다?,6
오른쪽에 있다,6
그건좀..,4
야동 야호,0
솔직히 저거 홀란 댁아리 보고 크로스한건데....삑사리다,6
지하실 고기+1,6
🤣🤣🤣😄😄😄😄😀😀,6
원래 그랬잖아요,6
투헬 짤리면 한국 감독 으록ㄱ,6
뭐요? ㅋㅋㅋㅋㅋㅋㅋ,0
푸워어~~~~~~~,6
저걸 놓치다니,3
매파적동결 ㅠㅠ,3
상승가네~!!!!!!!!!!!,0
아 씨바 저걸 못 막네,4
명보야 몽규랑 거기서 자살해라,6
슈카형 팔면 풀매수.,6
찝찝맨...,5
스엑스없이 태어나는사람있냐?,6
이게 대한민국이지 ^^,2
ㅋㅋㅋㅋㅋㅋㅋㅋ 무적존인데,0
아니 공격수 왜 한명만 넣었냐고 ㅋㅋㅋㅋㅋㅋㅋㅋㅋㅋㅋㅋㅋㅋㅋㅋㅋㅋㅋㅋ,2
지린다ㄷㄷ,1
ㄷㄷㄷㄷ ㅠㅠㅠ 녹아녹아 ㅠㅠ,5
야호~,6
금융위기,6
수비 멀뚱멀뚱 뭐하냐,1
네이버는 오른것도 없는데 왜이래요.......,5
이건 오너가 좀 .. 안들어가 도 되는걸,6
이제 홍명보의 저주시작인가,5
너 일본인 아니지,6
나빠다ㅠㅠ,3
징그럽다 차트가,4
아 ㅠㅠㅠㅠㅠㅠㅠ,3
하닉 130은 아니잖아 ㅜ ㅜ,3
딸깍,6
교체좀해라 제발,2
오우 씌;,1
진짜임,6
버핏도. 국장의 말로는 노숙자다,6
요이,6
ㄹㅇㅋㅋㅋㅋ,0
시조의 거인 ㅅㅂ ㅋㅋㅋㅋㅋㅋㅋㅋㅋ,1
지고있네 ㅠㅠ,3
손흥민 가라 제발,6
한강 가야지,6
에휴,3
나이사~~~~~~~~~,0
대세 하락장 버스 탑승중,6
골기퍼 왜이래 ;;,4
제제이야,6
개처안일하네,2
마하 반야맨이야,6
근데 어차피 비지니스 약속아니면 밖에 나갈일이 없으면서 뭐가 일정이란건가요 부를친구가 휴대폰에 도꼬미 두더놈 세더놈말고는 없지않나요 친구없는지누 뭉추 ㅠㅠ,3
그냥 빠른시일내에 주주환원하겠다고 그 한마디 해주면 될것을,6
ㅋㅋㅋㅋㅋㅋㅋㅋㅋㅋㅋㅋㅋ,0
홍타쿠 ㄷㄷ,1
하닉ㅋㅋㅋㅋㅋㅋㅋ,0
ㅋㅌㅋㅋㅋ,6
겨털이없네 ㅋㅋㅋㅋㅋㅋㅋㅋㅋ,0
약 올리기 ㅋㅋㅋㅋ,0
야홍이!,6
박살나는 중,3
저런...,1
걍져라 !~!~~~~~~~~~~~~~~~,2
ㅇㅈㅇㅈ,6
"말이 안되잔아. 영업이익 8조짜리 창신메모리가 시총 800조인데, 하닉이 900조, 삼전이 1200조 라니....",1
ㅋㅋㅋㅋㅋㅋㅋㅋ아이런 쒯!,1
ㅋㅋㅋㅋㅋㅋㅋㅋㅋㅋㅋㅋㅋㅋ,0
몽규업!,6
정몽규 보여주자 마자 골먹네 왜 보여줬어,4
콜도안하네 ㅋㅋㅋㅋ,6
오늘 올랐어 이사람아,6
애매애매맨,6
형 분봉 지금이야!!!!!!!!!!!!!!!,1
한국 일본 좋구나,6
정면으로 오는데 못쳐내노 김승규 ㅅㅂㄻ,4
쏜다,6
진짜 개빡,2
머고 ㅋㅋㅋㅋ,1
애미뒤졌나,2
벌써부터 경우의 수 따질거 생각하니 개 웃기노,6
어제 알상무씨한테 져서 긁히는것 잘봤습니다,6
센척의 달인,6
물소리땜에 못듣나본데,6
접자,6
걍져라 !~!~~~~~~~~~~~~~~~,2
저건못막,6
장 마감 빨리오렴 ㅠㅠ,5
ㅋㅋㅋㅋㅋ 두가자,0
ㅇㅎ사,6
삼성전기봐주세요ㅠㅠㅠㅠㅠㅠㅠㅠ,3
온다,5
케인아 영도켜라,6
하닉ㅋㅋㅋㅋㅋㅋㅋ,0
히이익,6
치금이뉘~,6
ㅈ버그발견 ㅋㅋ,6
저건파울아니지,6
트름 ㄷㄷ,1
190? 와. 벌써 수익이네. 이런 파란장에.,6
머리 아프다 ㅋㅋ,4
고지대라 그런거야 ㅋㅋㅋㅋㅋㅋㅋㅋㅋㅋㅋㅋㅋㅋㅋㅋㅋㅋㅋㅋㅋㅋㅋ,6
ㅋㅋㅋㅋㅋㄲ,0
다라이 ㅋㅋㅋㅋㅋ,0
왜 던지냐,6
이게 시작이라고? 더 내릴 데가 있어?,1
갭이 10프로가 넘어..,6
샷~,6
1인기업ㅋㅋㅋ,6
진짜 개몬한다,4
하.. 이게 뭐라고 ㅠㅠ,5
뭉물건,6
진격의 홀란,6
진짜 개몬하넼ㅋㅋㅋㅋㅋㅋㅋㅋㅋㅋ,4
들어가야지 !!!! 들어가야지 !!!! 들어가야지 !!!!,0
스트라이커 좀 넣어라,6
뭐이씨 속으면 안됨? ㅠㅠ,3
무한 츠쿠요미 가자,6
매수(빨대),6
어어어어어 비상,5
키 차이가 많이 난다....,3
그런가?,6
ㅋㅋㅋㅋㅋㅋㅋㅋㅋㅋ,0
미친 슈팅이네;;;,1
개못해 걍,2
몰라요ㅎㅎ,6
나여. 포대장.,6
네이버는 오른것도 없는데 왜이래요.......,5
와우 대박이노,0
가능은한데,6
저 캔들에 못 삼면 주식 하면 안된다.,6
2골 넣으면 자살함 ㅋㅋ,6
지려따!!!!,0
ㅋㅋㅌㅌㅋㅋㅌ,0
손흥ㅇ민 ㅈㄴ 못하네,4
슈카 점점 초최해지는 듯,6
산일전기도 뭐..,6
08년생 믿 힌,6
대한민국 제거,4
ㅈㄴ 에겐스럽네 ㅋㅋ,0
와ㅏ,1
해저써~~!?,6
흥민이 요즘 골 못넣는데 ㅠㅠ  오현규 가자,3
삼계탕,6
비상비상,5
와 ㅅㅅㅅㅅㅅㅅㅅㅅㅅㅅ!!!!!!!!!!!,0
형 삼전닉스 오늘 마지막이야,6
이게 무슨 계단식 하락임 절벽식 하락이지ㅜㅜ,3
룩삼은 행복한 결혼생활로 증명했음 ㅇㅇ,6
재주는 곰이 넘고 돈은 왕서방이 ㅋㅋ,6
27층 살려줘..!!,5
살려줘 제발 ㅠㅠ,5
여윽시 한국 축구,6
야 거기 있는 거 다 알아,6
마빡아 일끝나고 먹방중이니,6
애교아님 ㅋㅋ,6
노르웨이 이기자!!!!!!!!!!,0
드디어,6
드가자이,6
오유,6
한 시야 한 시,6
환율살려,5
망해가는?,6
뒤져라 체이커,2
몽규 느가라,4
버그존,6
어어 온다,6
여자는 무서워 ㅠㅠ,5
월드컵 ———완—————,6
좆명보 꺼져. 좆명보 꺼져. 좆명보 꺼져. 좆명보 꺼져. 좆명보 꺼져. 좆명보 꺼져. 좆명보 꺼져. 좆명보 꺼져. 좆명보 꺼져. 좆명보 꺼져.,4
던지고 튈려고,6
힘들다,3
비사아아앙~~~~~,5
레버리지요 ~~~~~~~~,6
그럼 바로 밴이잖아요 ㅠㅠ,5
뭐임,1
사과 하면 손실금이 없어지나? ㅋㅋㅋㅋㅋㅋㅋㅋㅋㅋㅋㅋㅋㅋㅋㅋㅋㅋㅋㅋㅋㅋㅋㅋㅋㅋㅋㅋㅋㅋㅋㅋㅋㅋㅋㅋ,6
주봉 볼밴값,6
자꾸 페페만 남아...,6
병신들 집에가라,4
5인만 안다,6
개미들 겁나 팔아재낌..또 외인이...,2
여기저기 놓친건가봐요 ㅎㅎ,6
ㅋㅋㅋㅋㅋㅋㅋㅋㅋㅋㅋㅋㅋㅋㅋㅋㅋㅋㅋㅋㅋㅋㅋㅋㅋㅋㅋㅋㅋㅋㅋㅋㅋㅋㅋ,0
다들 왜이리 날이서있어ㅡㅡ,6
이즈 난리났네 ㅋㅋㅋㅋㅋ,6
{:d_126:},6
정몽규보여주자마자 골쳐먹혔네 에휴 짐싸라 그냥,4
케인멸망 ㅅㅅㅅㅅㅅㅅㅅㅅ,6
첨벙첨벙 소리 개빡이다 ㅅㅂ,5
와 레전드,1
개잘하네,6
발 할 라 ~~,6
살벌하다 sk ee,5
이거 안불면 편파지 ㅋㅋ,6
..,3
서큐버스피,6
인버스도 국장이다. 가즈아!!!!!!!!!!!!!!!!\,0
분위기 바라,6
/ 채팅제거,6
역대 꿀조?ㅋㅋㅋㅋㅋㅋㅋㅋㅋㅋㅋㅋㅋㅋ,6
걍져라 !~!~~~~~~~~~~~~~~~,2
뻔한거 당하네,6
뭐가온다,5
핸들 쥐고 있는 놈은 하루에 얼마씩 버는거야,6
힝..,3
ㅋㅋㅋㅋㅋㅋㅋㅋㅋㅋㅋㅋㅋㅋㅋㅋㅋㅋㅋㅋ,0
영도 알포스 하죠 ㅎㅎ,6
지금이 바닥이야 형 지금사!!!!!!! 분봉 올라가고있어지금이 바닥이야 형 지금사!!!!!!! 분봉 올라가고있어지금이 바닥이야 형 지금사!!!!!!! 분봉 올라가고있어지금이 바닥이야 형 지금사!!!!!!! 분봉 올라가고있어지금이 바닥이야 형 지금사!!!!!!! 분봉 올라가고있어지금이 바닥이야 형 지금사!!!!!!! 분봉 올라가고있어,6
노,6
홀란ㅋㅋㅋ,6
졋다 짐싸라,6
진짜 나빠다ㅜ,3
보고잇엇네 ㅋ,6
v자 반등 안나와요?! ㅜㅜ,3
지금이니 ?,6
하..........................,5
이제 내려갈 차례네 숏치러갑니다,6
법인계좌로 종가매수좀해줘요,6
"""대답""",6
드루와,6
일베 개새끼들아 쳐봐라 그냥,2
이고 진짜에요?,1
대드캣,6
저거 패스네;;,6
슈카님 하닉270까진 언제올까요? ㅠㅜㅜㅜㅜㅜㅜㅜㅜ,5
걍 ㅈㄴ못함 ㅄ들,4
{:x0dueDog:}{:x0dueDog:}{:x0dueDog:},6
골골,6
골 취 ㅅㅅㅅㅅ,0
숏카월드 숏 쳐서 싱글벙글 ㅋㅋㅋ,6
레버리지가 답이다,6
ㅋㅋㅋㅋㅋㅋㅋㅋㅋㅋㅋㅋㅋㅋㅋㅋㅋㅋㅋㅋㅋㅋㅋㅋㅋㅋㅋㅋㅋㅋㅋㅋㅋㅋㅋㅋㅋㅋㅋㅋㅋㅋㅋㅋㅋㅋㅋㅋㅋㅋㅋㅋㅋㅋㅋㅋㅋㅋ,0
일베충들 왤케많냐,6
언더독 ㄷㄷ,1
개까비,6
지금까지 영업이익으로 번돈 50%만 자사주소각만 했어도,6
그러면 누가 받아줌 ㅋㅋㅋㅋ,6
그냥 너무 답답해,2
그거슨 ㅋㅋㅋ,6
{:d_108:}{:d_108:}{:d_108:}{:d_108:},6
사람들이 화가 많이 나있어 ㅋㅋㅋㅋ,6
소주마셔야지,6
슈사장님 살려주세여,5
망함,5
"외인 ,기관만 장난 안치면 갈수 있다고 ㅠㅠㅠ",3
안 들어간줄 와아아아,6
ㅈ됫다,5
설마 또 내리지 않겠지 ㅠㅠ 망.. ㅠㅠ,3
코 안에 있어요 ㅇㅇ,6
헤딩 하나는ㅋㅋㅋㅋㅋㅋ,1
보지냐면 선방,6
찌는 빠져야지,6
히힉...,5
어캐 넣냐,1
아 오너가 막들어가서,6
ㅋㅋㅋㅋㅋㅋㅋㅋㅋㅋㅋㅋㅋㅋㅋㅋㅋㅋㅋㅋㅋㅋㅋㅋㅋㅋㅋㅋㅋㅋㅋㅋㅋㅋㅋㅋㅋㅋㅋㅋㅋㅋㅋㅋㅋㅋㅋㅋㅋㅋㅋㅋ,0
좀 보태줘,6
가자,6
3전패 탈락!!!!! 해라,2
피곤피곤 ~,6
너 낚인거야,6
??????????????????,6
그럼 우냐 ㅋㅋㅋ 웃어야지 이런장이라도,6
진짜 개잘찻네,6
와 ㅁㅊ,1
하이퍼보이스,6
호신용의자 ㄷㄷ,1
어지럽다,2
진짜 진격거다,6
그냥 개 처웃기노? ㅋㅋㅋ,4
불쌍맨 ㅠ,3
데이터 쌓았다 ㅅㅅ,6
다파악했으니 스런하죠,6
졋다,6
노르웨이 개 미쳤다 진짜 ㅋㅋㅋㅋㅋㅋㅋㅋㅋㅋㅋㅋㅋㅋㅋㅋㅋㅋㅋㅋㅋㅋㅋㅋㅋㅋㅋㅋㅋㅋㅋㅋㅋㅋㅋㅋ,1
단타를 어케 .. 와.. 못해 ㅠㅠ,5
제발 팔아주세요,6
홍명보 전격 경질,4
프리텐다드 써야지,6
제발 동점골,6
슈카도 지금 평가 손실중인가?,6
잘하네...,3
손흥민 찬스 몇개 쳐말아먹냐 ㅋㅋㅋ,2
마싯서요,6
세 스,0
눈이썩?,6
꽤 됐어,6
홍이,6
삼성전기를 보라고,6
조심해!!!!,5
ㅋㅋㅋㅋㅋㅋㅋㅋㅋㅋ 나가면 죽겟는데,0
원웨이로 왜빠지는거야,6
뭔소리야?,1
경기 재밌네,6
N? 너 5기견이구나,6
와 ㅋㅋ,0
소리질러삐 테스트드가자,6
애교아님?,6
포대장 포교,6
진짜 개빡,2
겨털이없네 ㅋㅋㅋㅋㅋㅋㅋㅋㅋ,0
키옥시아?,6
역배팅 헷는데 이걸!!!!,2
시간없어 어서 타,6
왜 이렇게까지 밀어재끼는거야,1
고지대 일찍 가서 적응보다 오늘온 체코가 더 잘한다??????????????????????????????????????????????,1
아다재팬은좀 흥분되네요,6
시발터졌냐,4
ㄷㄷㄷㄷ ㅠㅠㅠ 녹아녹아 ㅠㅠ,5
동네 친구 윤가상,6
개못해 걍,2
가보자가보자,6
이게 대한민국이지 ^^,2
호날두,6
하이닉스 40억 사면 배당금 80만원이라던데 실화?ㅋㅋㅋㅋㅋㅋㅋㅋㅋㅋㅋㅋ,6
해조서?!,6
담배피고 싶은 나,6
ㄱㄱㄱ,6
개미피색이네,6
비-상,5
ㅗㅜㅑㅐ,1
져라 걍,6
돈벌기 쉽다 홀짝 50%확률 올라가 매수 내려가? 매도,6
엥,1
ㅅㅅㅅㅅㅅㅅㅅㅅㅅㅅㅅㅅㅅㅅㅅㅅㅅㅅㅅㅅㅅㅅㅅㅅㅅ,0
케엄살 ㅅㅅㅅㅅㅅㅅㅅㅅㅅㅅㅅㅅㅅㅅㅅ,0
어어 비교하면 엇나간다 ㅋㅋㅋㅋ,6
라이타 개입,6
저거는 개그캐임,6
{:lck_36:}{:lck_36:}{:lck_36:}{:lck_36:},6
걍 빼지,6
가둬놓고는 왜 안패냐고,2
작은 애들 뽑아놓고 작다고 징징거리냐,4
무적존 똥칸이 이렇게많은데 할만하다,6
저차트 꼬라지 보면 헛웃음만 나옴,6
나어떻게해..,5
var,6
{:d_36:}{:d_36:}{:d_36:}{:d_36:}{:d_36:}{:d_36:}{:d_36:}{:d_36:},6
그냥 개 처웃기노? ㅋㅋㅋ,4
진짜 ㅈㄴ못한다,4
삼전기 ㅠㅠㅠㅠㅠㅠㅠㅠㅠㅠㅠㅠㅠㅠ,3
/홍명보 제거 썼는데 왜 제거 안되누,4
본누도2 rp 벌써하고있네,6
어떤게 나올까,6
형 웃겨? 형 웃겨? 형 웃겨? 형 웃겨? 형 웃겨? 형 웃겨?,2
케인 븅@신 뻥글 운지노 ㅋㅋㅋㅋㅋㅋㅋㅋㅋㅋ,6
멘하라도 아니고...,1
개웃기게 생겼네,0
먹고 살자고 하는건데 ㅠㅠ,3
마빡이 개빡이네,6
아니말투가 개웃기네 ㄴㅋㅋㅋ,0
1000억 슈카 ㄷㄷㄷㄷㄷㄷㄷㄷㄷㄷㄷㄷㄷㄷㄷ,1
노래 잘하네,6
ㅅㅅㅅㅅㅅㅅㅅ,0
{:lck_18:}{:lck_18:},6
ㅋㅋㅋㅋㅋㅋㅋ 어케햇누,0
갔어..,6
삼전기 ㅠㅠㅠㅠㅠㅠㅠㅠㅠㅠㅠㅠㅠㅠ,3
구수한데,6
이태석 너무 안정지향이네… 들어가주질않네,6
매수햇네,6
ㄲㅈ,4
하방경직이. 확인되는 날,6
슈퍼에 삼계탕팩을판다고,6
역겹다 저 여자 심장 아니야..,4
또 몬살게구네,2
굿,6
차트가 말을 걸어와..,5
이게 우승후보임?,6
살려주세여,3
니얼봉 외쳐봐,6
zzzzzzzzzzzzzzzzzz,0
대 바 이 킹,6
두번죽임ㅠㅠ,3
정몽규 나가!!!!,4
레버리지 어떻게 돼야 하지,6
너무 아끼더니,6
오우미쳣다,1
ㅋㅋㅋㅋ ㅋㅋㅋㅋ ㅋㅋㅋㅋ ㅋㅋㅋㅋ ㅋㅋㅋㅋ ㅋㅋㅋㅋ ㅋㅋ,0
홀란 줘,6
무한 동력이네..,1
슈카 들어온다,6
슈카형 말아 올려줘,6
묭규 나가~몽규나가,4
개놀리네ㅋㅋㅋㅋㅋㅋㅋㅋㅋㅋ,0
아시`ㄳ팔진짜,2
배팅자리긴해,6
wwe 하나,6
물이다,6
야따,6
누가 돈 100만원 공짜로 주고 너 저 자리에서 살래 말래? 하면 사나요 안사나요? 그게 중요함,6
도란 ㅋㅋ,2
그저 포대장~,6
와 ㅋㅋㅋㅋㅋㅋㅋㅋㅋㅋㅋㅋㅋㅋㅋㅋㅋㅋㅋㅋㅋㅋㅋㅋㅋㅋㅋㅋㅋㅋㅋㅋㅋㅋㅋㅋㅋ,1
아오 꼽등이,4
{:d_103:}{:d_104:}{:d_103:}{:d_104:}{:d_103:}{:d_104:}{:d_103:}{:d_104:}{:d_103:}{:d_104:},6
아니 왜 자꾸 소리를 내는거지?,4
허...,3
마니보고시퍼요오오오오오오오옷,6
형 어제 롱이라매요 ㅜㅜ,3
얘네랑 엄대엄 나면 blg 한화 어떻게 이길건데...,3
왜 박는거야 직슨데,2
싸워,6
회장이 이혼해서 1조,6
이정도면 치질 생기겠다 ㅋㅋ,6
미쳤네 ㄹㅇㅋㅋㅋㅋㅋㅋㅋㅋㅋㅋㅋㅋㅋㅋㅋㅋㅋㅋㅋ,1
진짜 다시하시네ㅠ,3
아니 기회가 얼마나 많았는데 {:d_58:}{:d_58:}{:d_58:}{:d_58:}{:d_58:}{:d_58:},2
또 꺾인다~~~~~~~~,2
나이사~~~~~~~~~,0
윤xx상,6
ㅋㅋㅋㅋㅋㅋ명보한테 뭘바라노,4
매수헨티나 아니면,6
그럼 바로 밴이잖아요 ㅠㅠ,5
몯듣네,6
가썩,6
마크를 왜 안해,2
너무했썩,3
아쉽긴 하다,3
흑흑,3
지금 시황이 의미가 있냐?ㅋㅋㅋㅋㅋㅋㅋ,6
몽규도 나가 !!,4
ㅅㅂㅋㅋㅋㅋㅋㅋㅋㅋㅋㅋㅋㅋㅋㅋㅋㅋㅋㅋㅋㅋㅋㅋㅋㅋㅋㅋㅋㅋㅋ,0
ㅈ댓다,5
아니 왜 자꾸 소리를 내는거지?,4
드가자!!,0
노르웨이 선제골 ㅅㅅㅅㅅ,0
맨날 뒤로만 ㅉㅉ,4
나이스골,6
꼼깸 쳐내,4
티원 다운 ㅋㅋㅋㅋㅋㅋㅋㅋㅋㅋ,2
대 윤 상,6
78,6
난 좋은데,6
무서워요,5
진짜 다시하시네ㅠ,3
환화유출 ㄷㄷㄷㄷ,1
ㅠㅠㅠㅠㅠㅠ,3
면도칼 폼 슬슬 돌아온다,6
맞추기 드개재,6
탑차이!!!!!!!,2
27층 살려줘..!!,5
쳐 안뛰나 한궈놈들,2
접자..,3
비상ㅇㅇㅇㅇㅇㅇㅇㅇㅇㅇㅇ,5
그가 매수합니다 ㄷㄷ,6
꼽쌤 ㅋㅋㅋㅋ,6
ㅅㅅㅅㅅㅅㅅㅅㅅㅅㅅㅅㅅㅅㅅㅅㅅㅅㅅㅅㅅㅅㅅㅅㅅㅅㅅㅅㅅㅅㅅㅅㅅㅅㅅㅅㅅㅅㅅㅅㅅㅅ,0
시발 몸매봐라;;;,6
무섭다.. 난 안되겠다..,5
말도 안되는 발라먹기,6
내가볼때 태초마을에서 가지고 있던사람들 아직 수익실현 다 못했다,6
사지마요 ㅠㅠ 그럼떨어질거같아요,5
난가,6
전기 갔어요,6
ㅈㄴ섬뜩하네,5
더 친해질걸ㅠㅠ,6
아무도안막네 ㅋㅋㅋㅋㅋㅋㅋㅋㅋㅋㅋ,2
ㅔ ㅎㅎ,6
대공황,6
40퍼 빠지고 120선 지지선에 삭 발라먹는 요망한 차트,6
영도 키시죠,6
맞긴 해,6
사요? 마요?,6
아 근데 진짜 계속 비비기만하고 뭐 하는게 없냐 답답하네 일단 때려야할 거 아냐 아까 그 찬스를 놓치고,2
홍명보 아웃,4
발사중,6
엔 ㅈ됐어,1
케인 반칙도 아니네,6
ㅅㅅㅅㅅㅅㅅㅅㅅㅅㅅㅅㅅㅅㅅㅅㅅㅅㅅㅅㅅㅅㅅㅅㅅㅅㅅㅅㅅㅅㅅㅅㅅㅅㅅㅅㅅㅅㅅㅅㅅㅅㅅㅅㅅㅅㅅㅅㅅㅅㅅㅅ,0
케인님 영도 봐요,6
{:d_143:}{:d_143:}{:d_143:}{:d_143:}{:d_143:}{:d_143:}{:d_143:}{:d_143:}{:d_143:}{:d_143:},6
지금은 맹수들만 단타 가능한 장. 대세하락임.,6
ㅋㅋㅋㅋㅋㅋㅋㅋㅋㅋㅋㅋㅋㅋㅋㅋㅋㅋㅋㅋㅋㅋㅋㅋㅋㅋㅋㅋㅋㅋㅋㅋㅋㅋㅋㅋㅋㅋㅋㅋㅋㅋㅋㅋㅋㅋㅋㅋㅋㅋㅋㅋㅋㅋㅋㅋㅋㅋㅋㅋㅋㅋㅋㅋㅋㅋㅋㅋㅋㅋㅋㅋㅋㅋㅋㅋㅋㅋㅋㅋㅋㅋㅋㅋㅋㅋㅋㅋㅋㅋㅋㅋㅋㅋㅋㅋ,0
알아요,6
미 1친ㅋㅋㅋㅋㅋㅋㅋㅋ,1
내일이 진짜다 ㅋㅋ,6
드개재,6
박살나는 중,3
하이닉스 다운됐는데 파운딩 당하고 있음..,6
마이크론도 폭락중.............,6
언제팔어!!!?!,5
체코도 못이기면 월드컵 어떻게 하겠다는거녀,2
무승부로 할래?,6
근데 어차피 비지니스 약속아니면 밖에 나갈일이 없으면서 뭐가 일정이란건가요 부를친구가 휴대폰에 도꼬미 두더놈 세더놈말고는 없지않나요 친구없는지누 뭉추 ㅠㅠ,3
와 무섭,5
푸스카스급 골 ㄷㄷㄷㄷ,1
꼽기견;;;;;;;;,4
직관가능존이네,6
아쉽긴 하다,3
다른 윤상 ??,6
잘가라 땅명보 잘가라 ㅈ몽규,4
너무 막 들어가..ㅠ,3
무슨 고지대 적응했다는 애들이 ㅋㅋㅋ 적응 못한애들보다 못 뛰냐,2
나이스,0
와 ㅋㅋㅋㅋㅋㅋㅋㅋㅋㅋㅋㅋㅋㅋㅋㅋㅋ,1
못해요.. 난 아니여 ㅠㅠ,5
니니 ㅠㅠ,6
헤딩 하나는ㅋㅋㅋㅋㅋㅋ,1
한국말 잘하시네,6
삼성 왜이레 ㅠㅠㅠㅠ,3
바로 안오는게 더 불안한데ㅋㅋ,5
와 카브랄급이다,6
//김승규 골키퍼 인맥축구,6
ㅅㅅㅅㅅㅅㅅㅅㅅㅅㅅㅅㅅㅅㅅㅅㅅ,0
게이조이기 전입니다,6
발라 먹을수가 없지,6
/ㅋㅋㅋㅋㅋㅋㅋ제거,6
줴줴이야~~~,6
그냥 지고 한국와서 계란 쳐맞아라,4
아리가땡스 ㅋㅋ,6
살려주세여,3
교체좀해라 제발,2
수비 5명 벙찌고 있노 ㅋㅋㅋㅋㅋㅋㅋㅋㅋ,2
하이닉스... 죠졌죠래 ㅋㅋㅋㅋㅋ,6
살려주세여,3
양,6
저걸 못 막냐,6
닭임? ㅈㄴ 품어주네,6
노젓는 퍼포먼스 지려,6
티원 폼이 안좋네..,3
정몽규회장시발,4
그가 매수햇습니다,6
나이스~~~ 브라보~~~,6
볼콕 ㄱㅇㅇ,6
바로 안오는게 더 불안한데ㅋㅋ,5
진짜 개변태같네,4
일자복근은 0티어임,6
저정도면 반대매매 터진거지,6
ㅋㅋㅋㅋㅋㅋㅋㅋㅋㅋㅋㅋㅋㅋㅋㅋㅋㅋㅋㅋㅋㅋㅋㅋㅋㅋㅋㅋㅋㅋㅋㅋㅋㅋㅋㅋㅋ,0
도박장이네,6
{:d_134:}{:d_134:}{:d_134:},6
형님 하이닉스 인버스2x 쐐기형 나왔어요,6
꼽견 이제 좀 나가라,4
나빠다,3
뒤로존나돌리고 뭐 하는게 없네,4
그렇긴 하네,6
레버리지 털어버릴려나 보네,6
이쁘다,6
뭐애,6
징그럽다 차트가,4
뭐야 뭐야,6
땅 명보 꼬올,4
코스 지리노,1
광배도 보네,6
무서워요 ㅠㅠ,5
/고화질로 좀 보자,6
짜증난다 ㅅㅂ,2
승규야 몽규랑 같이 나가 죽어라,2
루우~~~~~~~~~~,6
와 ㄷㄷㄷㄷㄷㄷㄷㄷㄷㄷㄷㄷㄷㄷㄷㄷㄷㄷㄷ,1
핸드볼 제거,6
염색하면서 진엔딩을 보자맨이야,6
어닝콜 봤으면 답이 나옴,6
그냥 지고 한국와서 계란 쳐맞아라,4
괴물 어케 생겼는지 가까이서 보고싶긴하다,6
ㅁㄴㅇㄹㅁㄴㅇㄹ,6
존나 개웃기네 ㅋㅋ,0
ㄹㅇ,6
헐리웃 진짜,6
어어어,6
ㅠㅠㅠㅠ,3
???????????????????????????????????????????????????????????????????????????,1
야 마빡아,6
발사직전,6
더싸짐,6
나빠다ㅠㅠ,3
지누 ㄱㅇㅇ,6
미끼는 먹어야제,6
섹스섹스,0
카에데 샹,6
여자를 죽여요?,6
표정 개웃기네 ㅋㅋㅋㅋㅋ ㅋㅋㅋㅋ,0
밴유도 조심,5
"사면 물려,/사면 물려/ 사면 또 물려",6
해외 진출 축하드립니,6
속터질듯,2
힘들었다구여ㅠ,3
이게 진정한 개미털기에여?,6
정몽규회장시발,4
근데 볼보이는 다 어디갔어요???,6
오..,6
와ㄷㄷㄷㄷㄷㄷㄷㄷ,1
이건 var 볼거,6
ㄹㅇ코커,1
아래.....,6
{:d_108:}{:d_108:}{:d_108:}{:d_108:}{:d_108:}{:d_108:},6
살려주세요,5
튀어,6
저런,3
삼전 영차,6
아 지짜 지짜,6
zzzzzzzzzzzzzzzzzzzzzzz,0
물어라~~~,6
와 ㅋㅋㅋㅋㅋㅋㅋㅋㅋㅋㅋㅋㅋㅋㅋㅋㅋㅋㅋㅋㅋㅋㅋㅋㅋㅋㅋㅋㅋㅋㅋㅋㅋㅋㅋㅋㅋ,1
머 더이상 떨어지겠습니까,6
화장실이 진짜지.....,5
와 씹 ㅋㅋㅋㅋㅋㅋㅋㅋㅋ,1
볼.뒤로.돌릴때부터 불안하더니.ㅋㅋㅋ,5
형 어제 롱이라매요 ㅜㅜ,3
라이터 어딨냐구,6
우리 케인 님이 넘어져있잖앙용 ^^,6
레전드 겁쟁이,6
ㅅㅅㅅㅅㅅㅅㅅㅅㅅㅅㅅㅅ,0
뭔백? 쓰리백 ? ㅋㅋㅋ,6
아하,6
160가줘 제발..,5
저도 첫번째에 속아서 갸처물림,2
장난하냐,2
이제 10분안에 못넣으면 체코 내려앉을듯,6
뻥글랜드 비상!!,6
미치겠다,6
먼닉님 카에데상이 ㅠㅠㅠㅠㅠㅠㅠㅠㅠ,3
ㅋㅌㅌㅋㅌㅌㅌㅌㅋㅌㅌㅌㅋㅋㅌㅌㅌㅋㅋㅌㅌㅋㅋㅋㅌㅌㅋㅋㅋㅌㅌㅌㅌㅌㅌㅌㅌㅌㅌㅌ,0
이러면 ~~~~~~~~~~~~,6
더 밑에 갭하나 더 있습니다. 16만5천,6
오늘은 사는 날~,6
부처 ㅋㅋㅋㅋㅋㅋ,6
태초마을이야,6
죠짐,5
잘가라 땅명보 잘가라 ㅈ몽규,4
코로 손가락 조이기,6
개웃기네 ㅋㅋㅋㅋㅋㅋㅋㅋㅋㅋㅋㅋㅋㅋㅋㅋ,0
아빠 살려줘,5
학폭 개웃기넼ㅋㅋㅋㅋㅋㅋㅋㅋㅋㅋㅋㅋㅋㅋㅋㅋ,0
2실점가자!!!!!!!!2실점가자!!!!!!!!2실점가자!!!!!!!!2실점가자!!!!!!!!2실점가자!!!!!!!!,6
ㅋㅋㅋㅋㅋㅋㅋㅋㅋㅋㅋㅋㅋㅋㅋㅋㅋㅋㅋㅋㅋㅋㅋㅋㅋㅋㅋㅋㅋㅋㅋㅋㅋㅋㅋㅋㅋㅋㅋㅋㅋㅋㅋㅋㅋㅋ,0
못해요.. 난 아니여 ㅠㅠ,5
크레이치가 울버햄튼 잇을 실력이 아님,6
홍명보 아웃,4
명보차이,4
오 해결,6
잉글 망햇다 ㅋㅋ,6
닷컴 버블 차트랑 비교좀 해주세요,6
반격이다,6
효성중공업도 200만원이 깨졌어요,6
사람인가봐,6
비응신ㅁ들,4
제발ㅜㅜㅜㅜㅜㅜㅜ,3
해설이라고 하냐,4
잘가라 땅명보 잘가라 ㅈ몽규,4
홍명보 씨발럼아,4
근데 이제 스트레스받기싫어서,6
/챝ㅇ제거,6
이 사람 이미 다 까먹은거냐?,6
앗싸! 한국 축구 망했다!!!나이스!!!!,3
케인 모하냐,6
진짜 다시하시네ㅠ,3
손흥민 니가 넣어야할걸 못넣어서 그런거야,6
ㅋㅋㅋㅋㅋㅋㅋㅋㅋㅋㅋㅋㅋㅋㅋㅋㅋㅋㅋㅋㅋㅋㅋㅋㅋㅋㅋㅋㅋㅋㅋㅋㅋㅋㅋㅋㅋㅋ,0
아ㅠ 너무 불안해요 매도 할땐 휴 했는데 저만 내리고 갈것같아요ㅠ,5
꼽기견;;;;;;;;,4
뒤에 2명 멍때리노,2
삼성전기 -15퍼 ㅋㅋ,6
일베 개새끼들아 쳐봐라 그냥,2
보기싫어 ㅠ,3
뭐지 안들킨건가,6
일주일전에 샀으면 - 몇퍼냐 ㅋㅋㅋ,6
단일종목 레버리지를 왜 만들었나고ㅋㅋㅋ,6
아무도안막네 ㅋㅋㅋㅋ,3
돌아오는거 아닌가요?,6
돋아나라 난가병 !!,6
이게 됨?,6
골이라고?,6
1무2패,6
와 차트 꼬라지 보소,2
정몽규회장시발,4
월클포대장,6
볼먼저 했네,6
홍명보 인,6
얜뭐야ㅋㅋㅋㅋㅋ,6
엔 ㅈ됐어,1
도대체 뭐가 불만이야,6
키옥시아 상한가에서 음전 ㅡㅡㅡㅡㅡㅡㅡㅡㅡㅡㅡㅡㅡㅡㅡㅡㅡㅡㅡㅡㅡㅡㅡㅡㅡㅡㅡㅡㅡ,6
토스증권 주간 1위 보면 저렇게 매일 몇억씩 발라먹는 애들 있더라,6
정몽규보여주자마자 골쳐먹혔네 에휴 짐싸라 그냥,4
128강 진출 확정!!!!128강 진출 확정!!!!128강 진출 확정!!!!128강 진출 확정!!!!,6
고등어 피티,6
무슨 고지대 적응했다는 애들이 ㅋㅋㅋ 적응 못한애들보다 못 뛰냐,2
/체코골취소,6
반쯤 물려다 애들아~!!!! 저표정 이면 물렸어,6
다 먹고살자고 하는거지..,6
삼전하닉 인수해주세요,6
저걸 못막네,6
쿄오,6
진짜 개빡,2
진짜 그 얼굴 나오니.먹히냐,4
명보형 제발 그만해줘 제발,5
근데 어차피 비지니스 약속아니면 밖에 나갈일이 없으면서 뭐가 일정이란건가요 부를친구가 휴대폰에 도꼬미 두더놈 세더놈말고는 없지않나요 친구없는지누 뭉추 ㅠㅠ,3
ㅈㄴ하남자 같네,6
노르웨이 우승!!!!!!!,0
히힉...,5
체코 한골더 넣어라,6
너 헬스쟁이지,6
돈통탓으로 돌리는 나ㅋㅋ,6
화장실에서 언제 나가ㅋㅋㅋ,6
지금인가?,6
역겹다 저 여자 심장 아니야..,4
세금 ㅅㅂ,4
시발ㅋㅋㅋㅋㅋㅋㅋㅋㅋㅋㅋㅋㅋㅋ,0
남고냄새나용 ㅠㅠ,3
앵무새 나오겠네,6
아하 RP,6
똥칸은 무적이다 ㅅㅅ,6
홀란!,6
노르웨이 일베다 쳐내,2
왜 아직도 말 안하세요 ㅋㅋㅋㅋㅋㅋㅋ 마이크 쓰는거 끝났는데,6
흥ㅡ건,6
님 만 오 면 고 님 만 오 면 고 님 만 오 면 고 님 만 오 면 고 님 만 오 면 고 님 만 오 면 고 님 만 오 면 고 님 만 오 면 고,6
표정 개웃기네 ㅋㅋㅋㅋㅋ ㅋㅋㅋㅋ,0
비이상ㅇㅇㅇㅇㅇ,6
짜증난다 ㅅㅂ,2
무섭노무,5
"ㅋㅋㅋㅋㅋㅋㅋㅋ,,,",0
비ㅣㅣㅣㅣㅣ상,5
영도슈퍼알포스,6
걍 ㅈㄴ못함 ㅄ들,4
명보야 나가 그냥,4
이제 소리 ㅈㄴ질러야지,6
세금 ㅅㅂ,4
울 슈카님 넘 안쓰러워ㅠㅠ,3
역시 홍명보 ㅋㅋㅋㅋㅋㅋㅋㅋㅋㅋㅋㅋㅋㅋㅋㅋㅋㅋㅋㅋㅋㅋㅋㅋㅋㅋㅋㅋㅋㅋㅋㅋㅋㅋㅋㅋ,4
"명보는 계획이 없니?,,",4
엔화쌀먹 ㄷㄷ,1
닉스 좀 살려주세요..,3
유기낙락맨,6
그건 삼전 매매 창인데!,6
케인아 구질구질하다 일나고 하나 넣던지,6
세금 ㅅㅂ,4
역배팅 헷는데 이걸!!!!,2
ㅈ됐네,3
몽규 나오자마자 골먹힘,4
아냐 가보자,6
ㄱㅋㅋㅋㅋㅋㅋㅋㅋㅋㅋㅋㅋㅋㅋㅋㅋㅋ,0
이러다 다음주에 확 오른다?,6
그 만사,6
마누라만 바꾸는게 아니라 주주도 바꿈 ㅋㅋㅋ,6
베스트??? 아직 살만한가보네,6
?,6
와 잘들어갓는데,6
zzzz,0
하닉 오 하닉,6
네이버의 위험 한결같다,6
몰래 먹었냐?,2
이걸 모솝네,6
교체좀해라고 시발,2
개처안일하네,2
개 지렸네,1
그런 RP?,6
아니 그럴수 없다 ㅋㅋㅋ,6
헤리케인 한건 했어!!!,6
짐싸라 ㅋㅋㅋㅋㅋ,4
포맞,6
뒤로 돌리기 지긋지긋하다 ㅋㅋㅋㅋㅋㅋㅋㅋㅋㅋㅋㅋㅋㅋㅋㅋㅋㅋㅋㅋㅋ,2
도파민 주식,6
1000억카 ㄷㄷㄷㄷㄷㄷㄷㄷㄷ,1
/몽규제거,4
체코야 정승처럼 넣어보자,6
3번은 뭔데 헤딩도 안되는 위치에서 뛰냐,6
명보형 제발 그만해줘 제발,5
김영희,6
뭔가 온다,5
이정도면 평온하지,6
열지마 ㅠㅠ,3
복면가왕 출신이래서 복면가왕 영상 보고왔어요,6
발소리 개빡,6
150안되는건 어떰,6
윤상이 오케에,6
아 페이커 얄미로워!!!!!!!!!!!!!!!!!,2
홍명보 아웃,4
ㅈㄴ멋잇다,0
속탄다 술마시고 담배피자,6
표정ㅋㅋㅋㅋㅋㅋㅋ,6
티원 개못한다 ㅋㅋ,4
삼성전기 호실적인데도 움직임하나 없군요!!!!,6
골ㅅㅅㅅㅅㅅㅅㅅㅅ,0
진짜 케인 ㅉㅉ,6
"명보 하 ,,,",2
점프력;;,6
불쌍맨 ㅠ,3
꼽기견;;;;;;;;,4
우 원 페!,6
전쟁 터지려나,5
-99%,6
영국 박살,6
저희가왜요???????,2
아니 수비 안 하냐고,2
{:mlb_82:}{:mlb_82:}{:mlb_82:}{:mlb_82:}{:mlb_82:},6
세셍헥~ㅋㅋ,6
장투는 진짜 답이없네 ㅋㅋ,2
김재한 조용히 해라황지고등학교 2학년 5반 김재한 조용히 해라,6
노래부를때가 아니자나,6
ㅋㅋㅋㅋㅋㅋㅋㅋㅋㅋㅋㅋㅋㅋㅋㅋㅋㅋㅋㅋㅋㅋㅋㅋㅋㅋㅋㅋㅋㅋㅋㅋㅋㅋㅋㅋㅋㅋㅋㅋㅋㅋㅋㅋㅋㅋㅋㅋㅋㅋㅋㅋㅋㅋㅋㅋㅋㅋ,0
졸라 재미있어 ㅎㅎㅎㅎ,0
답X,6
하아...,2
어케막노 ㄷㄷ,1
개븅신들,2
못움직임?,6
볼좀 뒤로 빼지말고 움직이질않네ㅐ ㅋㅋㅋㅋ,2
여러분 일들하세요 끝났습니다 월드컵 ㅎㅎ,6
녚이다,6
근천데?,6
나빠다ㅠㅠ,3
체코 한골만 더넣어라 ㅋ,6
소리 무습네,5
훔바행동ㅋㅋㅋㅋㅋㅋㅋㅋㅋㅋㅋㅋㅋ,6
Coco,6
지누엔딩 ㄱㄱ,6
차트가 말을 걸어와..,5
깨지면 정말 아작ㅋㅋ,6
소금쟁이,6
먼닉님 카에데상이 ㅠㅠㅠㅠㅠㅠㅠㅠㅠ,3
ㅂㅅ들,4
봤었으니,6
울 슈카님 넘 안쓰러워ㅠㅠ,3
교체좀해라 제발,2
홀란드 골,6
공략봄?,6
차트가 스릴이 넘치네,6
슈카님 오늘 하이닉스는 왜 이러는걸까요?,6
무적존 크리어,6
ㅅㅅㅅㅅㅅㅅㅅㅅㅅㅅㅅㅅㅅㅅ,0
형 구해줘,5
이게뭐냐고ㅡㅡ,2
내일 또 하락장...,6
대한민국 제거,4
살려줘 ~~~~~~~~~,5
ㅋㅋㅋㅋㅋ0:2체코승 확정,6
로킷도 봐주세요,6
시민권?,6
전 전생에 물고기였나봐요 .. 파닥 파닥 ㅜㅜ,3
시발터졌냐,4
도배하지마 짱ㄲ들아,2
공그냥올려,6
그게이,6
조회수가 말이안됨,6
화면 최대한 가리려는건가,6
이야 한글도 잘 쓴다,6
ㅈㄴ무섭네,5
볼좀 뒤로 빼지말고 움직이질않네ㅐ ㅋㅋㅋㅋ,2
헉!,1
야호쟁이,6
이제 지금 파악 다했는데 왜그만둬,6
ㅅㅅㅅㅅㅅㅅㅅㅅㅅㅅㅅㅅㅅㅅㅅㅅㅅㅅ,0
오늘 계좌 5퍼오르고 10퍼 떨어짐 ㅅㅅ;,6
마빡이 누구냐?ㅋㅋㅋㅋㅋㅋㅋㅋㅋㅋ,0
적어도 어깨는 만든다 ㄱㄱㄱ,6
정몽규 나가!!!!,4
이래도 안물어?,6
홍명보 나가!,4
조현우어디갓어,6
{:d_108:}{:d_108:}{:d_108:},6
야이 탈모야,6
뭐이리 급해?,6
ㅋㅋㅋㅋㅋㅋㅋㅋㅋㅋㅋㅋㅋㅋㅋㅋㅋㅌㅌㅋㅋㅋ,0
지금인데?? ㅋ,6
/체팅제거,6
5720에 물탔어요 살려줘요,6
버그 ㄷㄷ,1
직관 ) 골취됐음,6
닉스좀 살려줘,5
한국어(인방),6
야타~!,6
홀랑~~~!!!!,6
역시 홍명보 ㅋㅋㅋㅋㅋㅋㅋㅋㅋㅋㅋㅋㅋㅋㅋㅋㅋㅋㅋㅋㅋㅋㅋㅋㅋㅋㅋㅋㅋㅋㅋㅋㅋㅋㅋㅋ,4
오 안한다?,6
카밀이 베인 안보면 한타 절대못이김,6
저중에 하나는 몇분만에 돌려버리던데,6
요오오망하네,6
명보제거,4
뭉서워요 ㅠㅠ,5
정면으로 오는데 못쳐내노 김승규 ㅅㅂㄻ,4
진짜 개몬한다,4
구도 ㅅㅂ ㅋㅋㅋㅋㅋㅋㅋㅋ,1
엔화 나락가긴 했지,6
내 심장을 공격해~,6
티원 폼이 안좋네..,3
{:wc_31:}{:wc_31:}{:wc_31:}{:wc_31:}{:wc_31:}{:wc_31:}{:wc_31:}{:wc_31:}{:wc_31:},6
일본 국적,6
생긴거 개빡이네 ㅋㅋㅋ,5
질질 끌지말고,2
에라이!!!!!,2
그냥 백승호 자책골아닌가?,6
오?,6
개좋당 ㅋㅋㅋ,6
i dont know ㅎㅎ,6
토론회 보다가 도저히 못보겠어서 왔습니다 ㅋㅋㅋ어휴,4
일베 무새들 쳐내라 좀... 챗창 관리 안함?,2
형 분봉 지금이야!!!!!!!!!!!!!!!,1
뭐이씨 속으면 안됨? ㅠㅠ,3
골이야,6
다는 못먹지.. 20퍼 먹으면 잘한거지,6
막상 손이 안나가 ㅋㅋ,6
어어앙어어아아아?,6
ㅋㅋㅋㅋㅋㅋㅋㅋㅋㅋㅋㅋㅋㅋㅋ,0
몰라 일단 샀오,6
와 스로인 지리네,1
3패 확정 ㅋㅋㅋ,6
무섭노무,5
국장이 단타의ㅜ장이 됐구나 ㅠㅠ,3
지 금 이 니? 지 금 이 니? 지 금 이 니? 지 금 이 니? 지 금 이 니? 지 금 이 니? 지 금 이 니? 지 금 이 니?,6
오걸,6
ㅗㅗ,2
{:lck_28:}  {:lck_16:}{:lck_16:}{:lck_16:} {:wc_14:}{:wc_14:}{:wc_14:}{:wc_14:}{:wc_14:},6
진짜 개몬한다,4
슈카님 하닉270까진 언제올까요? ㅠㅜㅜㅜㅜㅜㅜㅜㅜ,5
속터질듯,2
먼닉님 카에데상이 ㅠㅠㅠㅠㅠㅠㅠㅠㅠ,3
닉스가 밉다,3
삼성맨의 조언 ㄷㄷ,6
한화 신사,6
명보 나가 죽어,4
비교하지마 ㅠㅠ,6
아르헨이 매수였네,6
ㅋㅋㅋㅋㅋㅋㅋㅋ 무적존인데,0
명보 나가 죽어,4
로킷 헬스케어 도 봐주세요,6
벤유도하지마요ㅠㅠ,5
가야지 가야지 가야지 가야지 가야지 가야지 가야지 가야지 가야지 가야지 가야지 가야지 가야지 가야지 가야지 가야지 가야지 가야지,6
슈카 뭐샀노 이기야,6
/채팅저속모드,6
살려주세요ㅕㅕㅕㅕㅕㅕㅕㅕㅕ,5
국장은 장소가 아니다. 곱버스도 국장이다.,6
똥칸이 무적이야?,6
삼성전기가 박살남,6
대떡 가즈아,6
다라이 살벌하네 ㅋㅋㅋㅋㅋㅋㅋㅋㅋㅋㅋㅋㅋㅋ,1
그래도 10퍼물어볼만하지않아요?,6
어그로를 끌어,6
환불 ㅠ,3
합체,6
법규,6
온몸이 저릿저릿,6
소리가 너무 작아요,6
진짜 이승우를 왜 안데리고 가는건지..,4
왜 패닉셀을 했네..,3
외인 겁나들어왓어,6
손흥민 빼라닌까 참 말 안들어 ㅋㅋㅋ,6
노르웨이 축구에 말렸네.,6
var이다,6
응가상~,6
몽규 잡히자마자 ㅣ발,2
벌어봐야 배당도 자사주 매입도 안하는 주주 신경 안쓰는 회사,6
우그루글,6
재밌네 ㅋㅋ,1
홍명보 나가!,4
얼굴 함 보여주세요,6
와 스로인 지리네,1
파울 체크 하자 십,6
와 눈 ㅅㅂㅋㅋㅋㅋ,1
가야지 가야지,6
또 여자야,6
요오망한 것,6
그냥 개 처웃기노? ㅋㅋㅋ,4
꿈에 나올듯,6
인정합니다,6
결국 조합이 너무 노딜이야,6
윤상도아니고 윤가상 ㅋㅋ,6
마빡아,6
아직 페이즈 살아잇으니 ㄱㅊ,6
게임 너무 허술해,6
더이상 음봉은 안돼,6
굿굿,6
1000억 슈카 ㄷㄷㄷㄷㄷㄷㄷㄷㄷㄷㄷㄷㄷㄷㄷ,1
황루니 넣자,6
유럽의 황제 g2,6
레츠고 지투!!,6
와 소리 ㅅㅂ;,5
유입나가잇,6
인버스도 국장이다! 인버스 가즈아!!,0
복리로 110프로 넘음,6
배기견,6
ㅋㅋㅋㅋㅋㅋㅋㅋㅋㅋㅋㅋㅋㅋㅋㅋㅋㅋㅋㅋㅋㅋㅋㅋㅋㅋㅋㅋㅋㅋㅋㅋㅋㅋㅋㅋㅋㅋㅋㅋㅋㅋㅋㅋㅋㅋㅋㅋㅋㅋㅋㅋㅋㅋㅋㅋㅋㅋㅋㅋㅋㅋㅋㅋㅋㅋㅋㅋㅋㅋㅋㅋㅋㅋㅋㅋㅋㅋㅋㅋㅋㅋㅋㅋㅋㅋㅋㅋㅋㅋㅋㅋㅋㅋㅋㅋ,0
케인 나빠다,3
왜그만도,6
일본일텐데,6
국장이 단타의ㅜ장이 됐구나 ㅠㅠ,3
ㅉ 이게 축구냐 ㅋㅋㅋㅋㅋㅋ,2
오현규를 투입해서 수비를 분산시켜야,6
ㅋㅋㅋ 아 어이없다,2
와 무섭,5
ㅋㅋㅋㅋㅋㅋㅋㅋㅋㅋㅋㅋㅋㅋ졌다~~ㅋㅋㅋㅋㅋㅋㅋㅋㅋㅋ,6
삼전기 ㅠㅠㅠㅠㅠㅠㅠㅠㅠㅠㅠㅠㅠㅠ,3
이게 뭐야ㅋㅋㅋㅋㅋㅋㅋ,0
얘기하면 혼내시자나요ㅠㅠ,3
페티쉬 야호~,6
ㅋㅋㅋㅋㅋㅋㅋㅋㅋㅋㅋ3:0가자,2
이쁘긴 하네...,6
저 심판 이제 EPL 짤릴듯,6
뭐여? 공룡이여?,6
잔혹한 수탈ㅠㅠㅠㅠ,3
카르마 이슈 ㅋㅋㅋㅋㅋㅋㅋㅋㅋㅋㅋㅋㅋ,0
도대체 뭔 각을 본거냐,6
명보나가햄나가,4
쳐다만보냐,2
홍명보 나가,4
제발 과자 먹어주세요,6
아니 기회가 얼마나 많았는데 {:d_58:}{:d_58:}{:d_58:}{:d_58:}{:d_58:}{:d_58:},2
저 과자 1억 넘는다고 ㅋㅋ,6
에,6
🍀🍀🍀🍀🍀,6
골찬스 겁나 놓치늬데ㄲㅋㅋ진짜 국대버러지들같네ㅋㅋ,2
해설이라고 하냐,4
28프로? 우와,6
이기혁 불안하냐,5
140만원대 갭채우러간다,6
소리 못 듣는거 같은데,6
윤프로~,6
코 안에 넣어놨어요,6
이런 애들이 현실에서 정상인인척하는거냐? ㅌㅌㅌㅌㅌㅋㅋㅋㅋㅋㅋㅋㅋㅋㅋ,4
슈카님 표정 슬퍼 ㅋㅋ,6
삼성sdi 보면 차트 비슷해,6
똥칸에 숨어야됨 보니까,6
매수주문이 체결되었습니다,6
삼전기 한 번만 봐줘요 ㅠㅜ,3
정몽규 얼굴 나오자마자 실점,6
찝,5
왼쪽 라인이 ㅄ인데,4
자기위로하지말고 정신차리자,2
ㄷㄷㄷ,1
다시 전진 ㄱㄱ,6
짜증나,2
딸랑,6
윤상이 오케이를?,6
짐승거인 ㄷㄷ,6
형 어제 롱이라매요 ㅜㅜ,3
슈카님 표정이라도 밝게해주세요 안그래도 무서운데 더무서워져요 ㅠㅠ,5
윤가상 ㅋㅋ,6
바로 앞이다 ㅋㅋㅋㅋㅋㅋㅋ,0
나라망햇나요??,1
찌가 흔들린다,6
짐싸고 한국으로 와라 ㅋㅋㅋ,6
아리가땡스,6
진짜 과호흡옵니다,6
2사로 이상무,6
무섭노,6
형.. 오늘은 진짜 힘들다,3
아 진짜 ㅈㄴ웃기네 ㅋㅋ,0
국장 다시 하우스 도박장 되었네....,6
ㅋㅋㅋㅋㅋㅋㅋㅋㅋㅋㅋㅋㅋㅋㅋㅋㅋㅋㅋㅋㅋㅋㅋㅋㅋㅋㅋㅋㅋㅋㅋㅋㅋㅋㅋㅋㅋㅋㅋㅋㅋㅋㅋㅋㅋㅋㅋㅋㅋㅋㅋㅋㅋㅋㅋㅋㅋㅋㅋㅋㅋㅋㅋㅋㅋㅋㅋㅋㅋㅋㅋㅋㅋㅋㅋㅋㅋㅋㅋㅋㅋㅋㅋㅋㅋㅋㅋㅋㅋㅋㅋㅋㅋㅋㅋㅋ.,0
슈카님 표정이라도 밝게해주세요 안그래도 무서운데 더무서워져요 ㅠㅠ,5
반칙 아닌거 같은데,6
훈수라고 밴하잖아요 ㅠㅠㅠ,3
…가니? 갈까?,6
이게 코인이지,6
뭐하는데 시바,4
비상ㅇㅇㅇㅇㅇㅇㅇㅇㅇㅇㅇ,5
개미투심 박살날때가 사실상 기회,6
ㅋㅋㅋㅋㅋㅋㅋㅋㅋㅋㅋㅋㅋㅋㅋㅋㅋㅋㅋ,0
우린 힘이 하나도 없ㄷ어 ㅠㅠ,3
명보야 가즈아 ㅋㅋ,6
"???????????????????????????????????????????????????????????????""",6
몰빵 가즈아!!!,0
존나 개웃기네 ㅋㅋ,0
홍명보와 정몽규가 넣은거지,4
ㅈ같닼ㅋ,4
아니 님들 뭘 얘기하는지 알잖아,2
찌 나온다 어어 건다 걸어 위로 건다,6
ㅋㅋㅋㅋㅋㅋㅋㅋㅋㅋㅋㅋㅋㅋㅋㅋㅋㅋㅋㅋㅋㅋㅋㅋㅋㅋㅋㅋㅋㅋㅋㅋㅋㅋㅋㅋㅋㅋㅋㅋㅋㅋㅋㅋㅋㅋㅋㅋㅋㅋㅋㅋ,0
데이트 ㅋㅋㅋㅋㅋㅋㅋ,6
삼전기 ㅠㅠㅠㅠㅠㅠㅠㅠㅠㅠㅠㅠㅠㅠ,3
훈금,6
ㅋㅋㅋㅋㅋㅋㅋㅋㅋㅋㅋㅋㅋㅋㅋㅋㅋㅋㅋㅋㅋㅋㅋㅋㅋㅋㅋㅋㅋㅋㅋㅋㅋㅋ,0
이게 차트니?,6
최태원 학폭 ㄷㄷ,1
현직 ㅇㅈㄹㅋㅋㅋ,6
엔화이야기도 해주세요,6
현우인,6
zzzzzzzzzzzzzz,0
하이먼민스키도 한 번은 살려주는데 걍 원웨이 하락장,6
잉글랜드 침대축구 ㅋㅋㅋ,6
하.............,5
구경하냐,4
아시`ㄳ팔진짜,2
노르웨이 뭐야 ㄷㄷ,1
아 아니에여 아직?,6
와 ㅁㅊㅋㅋㅋ,0
와...,1
안되겟다 라송 부르자,6
스토리머 상,6
고양이가 아니길 바래요...,6
3 대 0 가자~3 대 0 가자~3 대 0 가자~3 대 0 가자~3 대 0 가자~3 대 0 가자~3 대 0 가자~,6
야마자키 ㄷㄷㄷㄷ,1
우울우울,3
이기혁 불안하냐,5
대철제거,6
므하니.,3
캬ㅋ,6
볼.뒤로.돌릴때부터 불안하더니.ㅋㅋㅋ,5
채팅제거 시바롬들아 그만해라 좀,2
기관외인이 맛있어할 차트,6
살려줘 ~~~~~~~~~,5
또 몬살게구네,2
ㅠㅠㅠ,3
츼금이니?,6
뭉서워요 ㄷㄷㄷ,5
우리도 피곤해요 ㅠㅠ,3
바r름이,6
오늘 하루만에 100프로임 복리로 보면,6
이런방 안 입니다,6
훈수라고 밴하잖아요 ㅠㅠㅠ,3
삼성전기,6
마이크적네 소리가,6
왜 아무도 안 붙어,4
수비 멀뚱멀뚱 뭐하냐,1
축구계의 윤석렬 ㅋㅋㅋㅋㅋㅋㅋ,6
??/,6
노르웨이 미쳤다 진짜 와 ㅋㅋㅋㅋㅋㅋㅋㅋㅋㅋㅋㅋㅋㅋㅋㅋㅋㅋㅋㅋㅋㅋㅋㅋㅋㅋㅋㅋㅋㅋ,1
ㄷㄷㄷㄷ ㅠㅠㅠ 녹아녹아 ㅠㅠ,5
이고 진짜에요?,1
카에데양(애교아님),6
내려간게 다 개인 반대매매라는 소문이 있음 ㅋㅋ,6
직스 개쎄ㅋㅋㅋㅋㅋㅋㅋㅋㅋ,6
언 도ㅑㅠㅠㅠ',6
비상 비상 ㅋㅋㅋ,6
도배하지마 짱ㄲ들아,2
역시 ROH르웨이,6
도배하지마 짱ㄲ들아,2
저점 고점 2번,6
계단식 ㄷㄷ,1
숨이 안쉬어져요,5
슈황 시작하고나서 맨날 떨어지는거같은데...,5
오예,0
홍명보가 홍명보했다,4
즐겨보자잇,6
자네 이걸 안먹나?,6
왜 이렇게까지 밀어재끼는거야,1
이게 무슨 계단식 하락임 절벽식 하락이지ㅜㅜ,3
잔혹한 수탈ㅠㅠㅠㅠ,3
포스코퓨처엠!!! 2차전지!!,6
gg,3
영업이익 8조 창신 메모리 시총 800조. 여업이익 90조 삼전 시총 1200조,6
홍명보 아웃,4
이강인 저거 수비 다 들어올때까지 시간 질질끄네,6
엔비디아 간다,6
닉스는 컨콜 이슈,6
코스피가 임상실패한건가요?????,6
ㅈㄴ재미없네,2
찌ㅣㅣㅣ,6
와 에렌이노,6
노르웨이 신성,6
원래 이런 방임,6
아니 도란 점멸 왜 째다가 이상하게 쓴 거야?,2
2배레버는 조울증 걸리겠네 ㅋㅋ,6
설레는 반존대 ㄷㄷ,1
베인충 족쳐야하는데,6
네이버는 오른것도 없는데 왜이래요.......,5
우리 용범이 재산도 래버에 박아야지?,6
ㅅㅂㅋㅋㅋㅋㅋ,1
하... 내일 모르겠다,5
하이퍼보이스를,6
슈카형 저 la인데 돌아갈 항공편 못사서 불법체류각입니다...,6
설거지 ㅋㅋㅋㅋㅋㅋㅋㅋㅋㅋㅋㅋㅋㅋㅋㅋㅋㅋㅋㅋㅋㅋㅋㅋㅋㅋㅋㅋㅋㅋㅋㅋㅋㅋㅋㅋ,1
닉스 컨콜만 제대로 했어도 ㅠㅠ,3
장어님 이제 뭐할까요??,6
또 케인이야? ㅋㅋㅋㅋㅋㅋㅋㅋㅋㅋㅋㅋㅋㅋㅋㅋㅋㅋㅋㅋㅋㅋㅋ,1
ㅅㅅㅅㅅㅅㅅㅅㅅㅅㅅㅅㅅㅅㅅㅅㅅㅅㅅㅅㅅㅅㅅㅅㅅㅅㅅㅅㅅㅅㅅㅅㅅㅅㅅㅅㅅㅅㅅㅅㅅㅅㅅㅅㅅㅅㅅㅅㅅ55ㅅㅅㅅㅅㅅㅅㅅ55ㅅㅅ5ㅅㅅㅅㅅㅅㅅㅅㅅㅅㅅㅅㅅㅅㅅㅅㅅㅅㅅㅅㅅㅅㅅㅅㅅㅅㅅㅅㅅㅅㅅㅅㅅㅅㅅㅅㅅㅅ,0
명품헤딩슛ㅅㅅㅅㅅㅅㅅ,6
에렌은 거인이잖아?,6
명보나가햄나가,4
존나 재미있어,0
브이엠 날라간다,6
이런방이예요,6
VAR.,6
삼성전기 시총 순위가 ㅜㅜㅜ,3
도란님?,1
{:d_94:}{:d_94:}{:d_94:}{:d_94:}{:d_94:},6
물타도 되는지 궁금해여,6
ㅋㄱㄲㄱㅋㅋ,0
장투는 진짜 답이없네 ㅋㅋ,2
하... 내일 모르겠다,5
{:d_108:}{:d_108:}{:d_108:}{:d_108:}{:d_108:}{:d_108:}{:d_108:}{:d_108:}{:d_108:},6
으악,4
ㄹㅇ ㅋㅋ,0
거봐 홍비추지마 재수 없다고~~~,6
경우의수 쌉 JR할때부터 알아봣다 ㅋㅋㅋㅋㅋㅋㅋㅋㅋㅋㅋ,6
같이 조여드릴게요,6
골기퍼 왜이래 ;;,4
드가자!!,0
여긴 나도무섭던데,5
그 누구의 계좌에서 울고 있나요 ㅠㅠ,3
제대로만 하면 찌발랐을 멤버로,6
주주환원을 하기가 싫데요,6
아우.. ㅠㅠ 난 단타 못한다 ㅠㅠ 하지말자 ㅠㅠ,3
애미뒤졌나,2
이러다가 강원랜드 망한다고 ㅠㅠㅠㅠㅠㅠㅠㅠㅠㅠ,3
아니 왜 자꾸 소리를 내는거지?,4
저게 지지선인가,6
와씹,1
병들ㅋㅋㅋ,4
화들짝,6
"{:d_108:}{:d_108:}{:d_108:}{:d_108:}ㅗㅜㅑ,,,",6
겠냐고,6
도란 ㅋㅋ,2
왼쪽 라인이 ㅄ인데,4
하루만에 인생역전,6
몰카지?,6
와 ㅋㅋㅋㅋㅋㅋㅋㅋㅋㅋㅋㅋㅋㅋㅋㅋㅋㅋㅋㅋㅋㅋㅋㅋㅋㅋㅋㅋㅋㅋㅋㅋㅋㅋㅋㅋㅋㅋㅋㅋㅋㅋㅋㅋㅋㅋㅋㅋㅋㅋㅋㅋㅋㅋㅋㅋㅋㅋㅋㅋㅋㅋㅋㅋㅋㅋㅋㅋㅋㅋㅋ,1
실적 하회잖아 ㅋㅋ,6
몽규 나가라,6
ㅋㅋㅋ 아 어이없다,2
사린마ㅠㅠ,3
핫!,1
ㅈㄴ웃기네 ㅋㅋㅋㅋㅋㅋㅋㅋㅋㅋ,0
걍 ㅈㄴ못함 ㅄ들,4
노르웨이 미친거 아니야,1
티슈? 이름이 별로야,6
{:lck_2:}{:lck_2:}{:lck_2:}{:lck_2:}{:d_48:}{:d_48:}{:d_48:}{:d_48:},6
ㄱㄹㅈㄷ,6
와!!!!,0
닉스 소년교도소 갔다네요,6
아 즌나 우울함..,3
낚시바늘에,6
인버스 레버리지 영향은 없다는데요ㅎ,6
하닉은 학폭 아니라 이혼터져서 쩔수없다니까 그러네 조강지처 버린걸로 화난 사람들 많아서 쩔수없다니까 한동안은 계속 처맞을거야 하닉은,6
이건 아니야,6
왐마 ㅋ,6
결국 지는구나 ㅋㅋㅋ,3
호신용의자 ㄷㄷ,1
여기 애는 바보네,6
케인님 근데 강동원 닮았어요 ㅎㅎ,6
var 반칙,6
형 어제 롱이라매요 ㅜㅜ,3
홍명보 나가!,4
kfc 광고임?,6
박재박 ㅅㅂ ㅋㅋㅋㅋㅋㅋㅋㅋㅋㅋㅋ,1
이게 도박이지 주식이냐,2
애교맞음,6
혁,1
예전에 둠 게임 소린디,6
ㅎ ㅏ 백패스 그만좀 하라고!!!!!!!!!!!!!!!!!!!!!!!!!!!!!!!!!!!!!!!!!!!!!!!!!!!!!!!!!!!!!!!!,2
우유도 가져갔니,6
원 벌어서,6
노노노노노노ㅗㄴ노노노ㅗㄴ노노노,6
500층 가즈아ㅏㅏㅏ,0
앞에잇다,5
승규야 몽규랑 같이 나가 죽어라,2
선수좀 바까라 ㅋㅋㅋㅋㅋㅋㅋㅋㅋㅋㅋ,2
슈또록,6
ㄱㅋㅋㅋㅋㅋㅋㅋㅋㅋㅋㅋㅋㅋㅋㅋㅋㅋ,0
와 ㅋㅋㅋㅋㅋㅋㅋㅋㅋㅋㅋㅋㅋㅋㅋㅋㅋㅋㅋㅋㅋㅋㅋㅋㅋㅋㅋㅋㅋㅋㅋㅋㅋㅋㅋㅋㅋㅋㅋㅋㅋㅋㅋㅋㅋㅋㅋㅋㅋㅋㅋㅋㅋㅋㅋㅋㅋㅋㅋㅋㅋㅋㅋㅋㅋㅋㅋㅋㅋㅋㅋ,1
와 ㅅㅅㅅㅅㅅㅅㅅㅅㅅㅅㅅㅅㅅㅅㅅ,0
안죽이고 무해 쟤?,6
ㅅㅅㅅㅅㅅ,0
또 오너야,6
홍명보 나가,4
뭐...기회때 못 넣으면 이렇게 응징 당하는거지.,6
케인 추하다,6
니들은 그냥 져라 ㅋㅋ,2
살려달라구ㅜㅜㅜㅜㅡ,5
악질이네,6
120일선 기가막히게 밟고 올라가네,6
킹 강 홍 명 보,6
땡기쥬 ㅋㅋㅋ,6
한칸말고 세네칸하자,6
골때리는그녀가더 잘할 듯 ㄹㅇ,6
뭔소리야?,1
형 평단 얼마?,6
허...,3
앗..,6
겠냐,6
말하면 스포밴이자나요 ㅠㅠ,5
골ㅅㅅㅅㅅㅅㅅㅅㅅㅅㅅㅅㅅ,0
차트가 말을 걸어와..,5
앜ㅋㅋㅋㅋㅋㅋ확대하지마,6
망해가는 ㅠㅠㅠ,3
미쳤다,1
뭐,6
한국올때걸아와라,6
슈또속 ㅋㅋ,0
슈카님,6
아오 꼽등이,4
홀란이 이런게 무서움 ㅋㅋㅋㅋㅋㅋㅋㅋㅋㅋㅋㅋㅋㅋㅋㅋㅋㅋㅋㅋㅋㅋㅋㅋㅋㅋㅋㅋㅋㅋㅋㅋㅋㅋㅋㅋㅋㅋㅋㅋㅋㅋㅋㅋㅋㅋㅋㅋㅋㅋㅋㅋㅋㅋㅋㅋㅋ,5
오늘안에 깰 수 있는거맞지?,6
아앙~,6
와 노파울 ㅋㅋ,6
오 노래잘함.ㅋㅋㅋㅋㅋㅋㅋㅋㅋㅋㅋㅋㅋ,1
장난하냐 ㅋ,4
장 마감 빨리오렴 ㅠㅠ,5
첨범첨범 소리 개빡이네 진짜 ㅋㅋㅋㅋㅋㅋㅋㅋㅋㅋㅋㅋㅋㅋ,6
ㄲㅂ,6
/1승 제거,6
노르웨이 8강 가나요,6
북한아니야?,6
노파울이네 ㅋ,6
개잘찻네,6
무빙걸 피할수있나요,6
쪼끔만올려줘 제발 ㅠㅜ,3
와 근데 베인 각인데,6
앧ㄴㄱㄴㄱ티,6
게이ㅁ 나중에 이어서 또 하죠,6
좆명보 꺼져. 좆명보 꺼져. 좆명보 꺼져. 좆명보 꺼져. 좆명보 꺼져. 좆명보 꺼져. 좆명보 꺼져. 좆명보 꺼져. 좆명보 꺼져. 좆명보 꺼져.,4
jj2야,6
ㅈㄴ 무섭네 ㅋㅋ,5
케인 나빠다ㅠㅠ,3
토나온다 실력,4
오마갓,6
쳐다만보냐,2
이래도? 안물면 날아간다?,6
잠깐,6
꼽기견 뭐냐,2
골 ㅅㅅㅅㅅㅅㅅㅅㅅㅅㅅㅅㅅㅅㅅㅅ,0
그분이 5천가다고했지,6
빨리 도망가,6
부모 노후에 안챙겨준다고 선언함,6
누가 양치하나본데,6
잉글 지겠네 ㅋ,6
체코 이기자,6
왜 패닉셀을 했네..,3
노르웨이 골지리노,1
병들ㅋㅋㅋ,4
그런 rp?,6
한명인데 기업세야?,6
이제 무를 바라봐야되냐 ㅋㅋㅋㅋㅋㅋㅋㅋㅋㅋㅋㅋㅋ,6
개못해 걍,2
ㅋㅋㅋㅋㅋㅋㅋ 어케햇누,0
축구계의 윤석렬 캇 ㅋㅋㅋㅋㅋ,6
귀여운데?,6
코스피 4500까지 건강한 조정 가즈아,6
장난????????,1
와 드간거지,1
야스야스,6
죠짐,5
골대 맞고 들가노 ㅋㅋㅋㅋㅋㅋㅋㅋㅋㅋㅋㅋㅋㅋㅋㅋㅋㅋ,6
ㅈ됐네,3
개미들 겁나 팔아재낌..또 외인이...,2
ㅈㄴ재미없네,2
오빠 이미 늦었써여,6
미카사?,6
하..........................,5
꼬심,6
앙 체코 2ㄷ0 토토 넣는데 드가자~ 한골더 ㄱㄱ앙 체코 2ㄷ0 토토 넣는데 드가자~ 한골더 ㄱㄱ앙 체코 2ㄷ0 토토 넣는데 드가자~ 한골더 ㄱㄱ앙 체코 2ㄷ0 토토 넣는데 드,6
크로스가 안올라간거 자체가 변칙이다 진짜... 대단하다,1
노파ㅋㅋ,6
/채팅제거,6
화장실이 진짜지.....,5
08 ㄷㄷ,6
유튜브 ㄱㄱㄱㄱㄱㄱㄱ,6
저는 곧 현대차 들어가려고.. ㅎㅎ,6
응 수고,6
말하면 스포밴이자나요 ㅠㅠ,5
그를,6
공 ㅈㄴ빠르네,6
몽규 나오자마자 골먹힘,4
살기감지,6
반칙이노 ㅋㅋ,6
오너 왜이리 급해졌지,1
일자배꼽은 인죵ㅋㅋ,6
1자배꼽은 이쁘긴함,6
부모님 위자료 이슈,6
말아주는 ㅋㅋㅋ,6
오 단독게스트,6
와 케인님 옆모습 현빈 닮았다 ㄷㄷ,6
뭐이씨 속으면 안됨? ㅠㅠ,3
이래도 안들어와?,6
제발 살려줘,5
진짜 개몬한다,4
아빠 살려줘,5
ㅋㅋㅋㅋ 지리긴하네,1
ㅋㅋ패스개못하면서 자꾸 뒤로쳐돌리네 ㅋㅋ,4
국민청원서명 좀 해주십쇼 3천명남음,6
카지노다 카지노 ㅋㅋ,6
물량 80퍼 털었는데,6
{:d_94:},6
살벌하다 ㅋㅋㅋㅋ,6
밴하잖아욧!!!,2
아 실루엣이여?,6
도대체 어디까지 내려가요 ..ㅠ,3
아니 님들 뭘 얘기하는지 알잖아,2
30프로 ㄷㄷ,1
똥칸에서 둘이 뭐해,6
3패 광탈이다,6
ㅈㄴ 눕네,6
ㅋㅋㅋㅋㅋㅋㅋ같이 가는거야 이제,6
ㅇㅉㄹㄱ,6
형 분봉 지금이야!!!!!!!!!!!!!!!,1
왜구일정 우글우글,6
침대엔딩이 좋은나,6
ㅁㄴㅇㄹㅁㄴㅇㄹㅁㄴㅇㄹㅁㄴㅇㄹ,6
아우ㅜㅜㅜㅜㅜ,3
영도 알포스 ㄱㄱㄱㄱㄱㄱ,6
한본어ㅋㅋ,6
하긴 얘는 방송에서 취향 까였자나,6
나빠다,3
나라망햇나요??,1
아 이게 뭐냐 진짜,3
마이크 1칸밖에 안울리네,6
꼽견 이제 좀 나가라,4
범인검거ㅋㅋㅋㅋㅋ,6
SEX 야~호,0
실적이고 뭐고 없다,6
ㅋㅋㅋㅋㅋㅋㅋㅋㅋㅋㅋㅋㅋㅋㅋㅋㅋㅋㅋㅋㅋㅋㅋㅋㅋㅋㅋㅋㅋㅋㅋㅋㅋㅋㅋㅋㅋㅋㅋㅋㅋㅋㅋㅋㅋㅋㅋㅋㅋㅋㅋㅋㅋㅋㅋㅋㅋㅋㅋㅋㅋㅋㅋㅋㅋㅋㅋㅋ,0
파울 VAR 돌릴듯?,6
우리 돌아온 남편....,6
머냐 이건ㅋㅋㅋ,1
말이되나 ㅋㅋㅋ,1
슈카님 표정이라도 밝게해주세요 안그래도 무서운데 더무서워져요 ㅠㅠ,5
침대축구 ㄷㄷㄷㄷㄷㄷㄷㄷ,6
와 ㅋㅋㅋㅋㅋㅋ,0
진짜 못단다,6
ㅌㅋㅋㅋㅌ,0
야스 야호,0
살려줘요ㅠ,5
룩옵 ㅠㅠ 저런 대화할줄 몰랐어 ㅠㅠㅠ,6
유튜브 조회순으로 봐주세요,6
눈이이썩업썩,6
전직은,6
슈카님 표정이라도 밝게해주세요 안그래도 무서운데 더무서워져요 ㅠㅠ,5
학폭이슈 ㄷㄷ,1
살려달라고..,6
도란 딜량 0,6
정몽규회장시발,4
네이버는 오른것도 없는데 왜이래요.......,5
진짜 개변태같네,4
ㅂㅅ들,4
언제까지 떨어져요???,6
이게 메인입니다,6
개쩌네 놀웨이,1
체코 만만하게 보다가 꼬숩노 끼숩노 깨숩놐ㅋㅋㅋㅋㅋㅋㅋㅋㅋㅋㅋㅋㅋ,6
잘하네??,1
머임?ㄷㄷ,1
왜,6
홀란 개거품 ㅇㅈ???????????????????,6
ㅋㅋ접어라 그냥,2
쯥,6
웃음이 나오냐?,2
존나 재미있어,0
이게 무슨 계단식 하락임 절벽식 하락이지ㅜㅜ,3
그만사줘 ㅠㅠ,3
못듣나?,6
어...,1
토가시는 ㅋㅋㅋㅋ,6
띵보야 짐싸라..ㅋ,4
마빡이 누구냐?ㅋㅋㅋㅋㅋㅋㅋㅋㅋㅋ,0
파닥파닥,6
수숨을데는 많네,6
교체좀해라고 시발,2
광탈각이누..,3
흐흐흐,6
또 몬살게구네,2
살려주세요~~~~~~~~~~~~~~,5
티원 개못한다 ㅋㅋ,4
좀비돼썩 ㅠㅠ,3
토가시는 케인인님이 좋아하는 헌터헌터 작가에용,6
저도 첫번째에 속아서 갸처물림,2
전술이 있어야 뭐를 하지,4
세번은 낚여야 대어가 옴,6
무조건 맞추네,6
시몬 골키퍼도 전진 수비하다가 한대 맞았잖아,6
/땡보제거,6
임종전입니다 ㅠㅠ,3
오너 진짜 ㅋㅋㅋㅋ,4
삼성은 선녀여 ㅋㅋ,6
지금 비와이,6
말이 사라진 슈카,6
케인 헐리우드,6
코인왜하냐,6
사린마ㅠㅠ,3
메챠 난카 졸려서 ㅋㅋ,6
ㅈ같닼ㅋ,4
ㅋㅋㅋz,6
아오;;;;;;;;;;;;;,2
아흐,6
보 지 냐,6
한골만,6
1년 전에 봤는데,6
진로 ㅋㅋㅋ,6
하.. 이게 뭐라고 ㅠㅠ,5
준비도 못한 팀 상대로 골 먹고 ㅠㅠ,3
좀 무서운데,5
ㅈㄴ재미없네,2
야이새기들아 190여자가어딧는데,6
케인님이 게임만 잘했어도 어재 끝났는데 ㅎㅎ,6
각선미 보소,6
개웃기네,0
2개 핸드폰 라이터,6
슈카님 표정이라도 밝게해주세요 안그래도 무서운데 더무서워져요 ㅠㅠ,5
저건 다이빙이지 ㅋㅋ,6
슈반꿀,6
나빠다,3
골라인 넘어간거같은데,6
직스 살면 아직 모름,6
개놀래라,1
여성형거인 무시함?,6
!!!,6
{:d_126:}{:d_126:},6
ㅠㅠㅠㅠㅠㅠㅠㅠㅠㅠㅠㅠㅠ,3
환불 ㅠ,3
사나이 테스트,6
라송 ㄱㄱ,6
어흐,6
마이크론 샌디도 보세요 장난 아니에요,6
온다,5
형 오전장을 안보고왔구나,6
원래이런거맞음? ㅋㅋ,6
아우 ㅠㅠ,3
일베 무새들 쳐내라 좀... 챗창 관리 안함?,2
엥..?,6
그걸 깨네,6
{:d_227:}{:d_227:}{:d_227:}{:d_227:}{:d_227:}{:d_227:}{:d_227:},6
인간적으로 과자는 건들지 말자 먹어야 말도 한다,6
마하반야?,6
골 인정 ㅅㅅㅅㅅㅅㅅㅅㅅㅅㅅㅅㅅㅅㅅㅅㅅㅅㅅㅅㅅㅅㅅㅅㅅㅅㅅㅅㅅㅅㅅㅅㅅㅅㅅㅅㅅㅅㅅㅅㅅㅅㅅㅅㅅㅅㅅㅅㅅㅅㅅㅅㅅㅅㅅㅅㅅㅅㅅㅅㅅㅅㅅㅅㅅㅅㅅㅅㅅㅅㅅㅅㅅㅅㅅㅅㅅㅅㅅㅅㅅㅅㅅ,0
❤️❤️❤️,6
무섭다.. 난 안되겠다..,5
걍 져라 3패 렛츠고!!!!!!!,6
응~~~~~~~~~~골 취 소 ~~~~~~~~~~~~,6
슈카 반대 매매법,6
어??,6
ㅉ 이게 축구냐 ㅋㅋㅋㅋㅋㅋ,2
ㅋㅋㅋ,0
ㅠㅠㅠ,3
ㄷㄷㄷ 엇박나면 바로 한강각인데,1
여자를 헉,6
조졌네,5
누가봐도 저점이죠,6
케인 코요,6
진짜 역대급이네,1
아너무 급했잖아 잘싸워야 이기는데,6
설ㅋ겈짘ㅋㅋㅋㅋㅋㅋㅋㅋㅋㅋㅋㅋㅋㅋㅋㅋㅋㅋㅋㅋㅋ,6
???????????????????????????????????????????????????????????????????????????,1
이니쉬 너무 별론데,6
경우의 수 발동 경우의 수 발동 경우의 수 발동,6
스로잉 헤더골은 ㅋㅋㅋ,6
더 내려앉겠네 ㅋㅋ,6
삼성전기봐주세요ㅠㅠㅠㅠㅠㅠㅠㅠ,3
{:lck_16:}{:lck_16:}{:lck_16:}{:lck_16:}{:lck_16:},6
재산이 2배,6
실험중 ㅋㅋㅋ,0
야,6
비상비상,5
야~호,6
뭐햐냐 진짜로,4
올라가는거네,6
형 좀 팔아~,6
홍명보 경질,4
삼성전기 살만한데?,6
결론은 수련회메타네 ㄷㄷ,1
홍명보 ㅠ.ㅠ,4
ㄱㄱㄱㄱㄱㄱㄱㄱㄱㄱㄱㄱㄱㄱㄱㄱㄱㄱㄱㄱㄱㄱㄱㄱㄱㄱㄱㄱㄱ,6
대표님 ㅇㅈㄹ,6
반갑노,6
버스 간다,6
롱돌이 약해,6
짐싸라 ㅋㅋㅋㅋㅋ,4
개미들 털린거 보니까 올인각이다,6
미끼에 물어,6
쉘데르크 ㅁㅊ,1
한국놈들 죄다 헤어스타일 맘에 안드네. 삭발해도 모자를판에. 머리를 쓸어넘겨 ?,6
기도,5
미쳣다,1
메챠쿠챠 윤가상,6
나이스 졋다 ㅋㅋㅋㅋㅋㅋㅋㅋㅋㅋㅋㅋㅋㅋㅋㅋㅋㅋㅋㅋㅋㅋㅋㅋㅋㅋㅋㅋㅋㅋㅋㅋㅋㅋㅋㅋㅋㅋㅋㅋㅋㅋㅋㅋㅋ,2
야 나 강율인데. 장난하냐. 내가 더 잘하겠다.,6
?????샀어???? 왜 또속아,6
역시 홍명보 ㅋㅋㅋㅋㅋㅋㅋㅋㅋㅋㅋㅋㅋㅋㅋㅋㅋㅋㅋㅋㅋㅋㅋㅋㅋㅋㅋㅋㅋㅋㅋㅋㅋㅋㅋㅋ,4
무시ㅋㅋㅋ,6
염색하면서 하죠ㅎㅎ,6
빨리 지고 와라,6
얘네랑 엄대엄 나면 blg 한화 어떻게 이길건데...,3
유튜브 쇼츠 인스타 다올려라,6
권장방송인가요??,6
돈 복사 버그 ㄷㄷ,1
손흥민 쳐나가라 ㅋㅋ,4
골키퍼 뭐하는 놈이냐,2
수리남이야,6
ㅅㅅㅅㅅㅅㅅㅅㅅㅅㅅㅅㅅㅅㅅㅅㅅㅅㅅ,0
말투 구수하네,6
아 이거 그거네 ㅋㅋ,6
카메라 정타 ㅅㅅ,6
대한민국 제거,4
고고혓,6
공만 건드렸는데,6
왜 처들어간거야,2
ㅋㅋㅋㅋㅋㅋㅋㅋㅋㅋㅋㅋㅋㅋ,0
조심해!!!!,5
뜬금골이노,6
삼전기 ls일렉트릭 살려주세요ㅠㅠㅠㅠㅠㅠㅠㅠㅠㅠㅠㅠㅠㅠㅠㅠㅠㅠㅠㅠㅠㅠㅠㅠㅠㅠㅠ,3
슈카님은 이런장에서 먹지않나,6
G2역전,6
축제인가요? 장례식입니다.,6
난 못먹었을뿐이고....,3
1인기업ㄷ ㄷㄷ,1
삽시다,6
괴물이다,6
강원랜드가 멀리있는게 아니다 ㅇㅇㅇ,6
떠나가아아아 그에게 나 이 말해 좋으면~~,6
한본어 ㅈㄴ 웃기넼,6
골키퍼 아웃,4
/맹보제거,4
국장의 힘,6
82,6
힘들었다구여ㅠ,3
실화냐??????????????????????,1
비응신ㅁ들,4
사무계땅,6
와 개간지,1
단타 잘하시는.분들 부럽네요 ㅠㅜ,3
알면 됐어,6
아무도안막네 ㅋㅋㅋㅋ,3
여기오래걸릴듯,6
나이샤~~~~~~~~~~~~~~~~~~~~~~~~~~~~,0
기대되는군요,6
원래 그랬는데?,6
자,6
삼성전기 시총 순위가 ㅜㅜㅜ,3
모치즈키카에데 양(애교아님),6
삼성 왜이레 ㅠㅠㅠㅠ,3
홍명보 나가,4
나이스 졋다 ㅋㅋㅋㅋㅋㅋㅋㅋㅋㅋㅋㅋㅋㅋㅋㅋㅋㅋㅋㅋㅋㅋㅋㅋㅋㅋㅋㅋㅋㅋㅋㅋㅋㅋㅋㅋㅋㅋㅋㅋㅋㅋㅋㅋㅋ,2
ㅅㅅㅅㅅㅅㅅㅅㅅㅅㅅㅅㅅㅅㅅㅅㅅㅅㅅ,0
남고냄새나요? 나가잇,6
골인정 ㅅㅅㅅㅅ,6
스로인으로 쳐먹는거 진짜 웃기네,4
칼찌ㅣㅣㅣㅣㅣㅣㅣㅣ,6
저거 코인거래소에서 레버리지 50배 쳐보면 아주 짜릿해요,6
몇명인데ㅅㅂㅋㅋㅋㅋㅋ,1
응 아니야 관망,6
그 전에 파울이었어용 ^^ 노골 노골 ^^ 뻥글이 이겨야해용 ^^,6
입 벨튀 ㄷㄷ,1
ㅈㄴ 무섭네 ㅋㅋ,5
좋은 경험중,6
먹고 살자고 하는건데 ㅠㅠ,3
어지럽다 어지러워,2
“역대급 꿀조”,6
3패 가즈아 3패 가즈아 3패 가즈아 3패 가즈아 3패 가즈아 3패 가즈아,6
이게 도박이지 주식이냐,2
밴 당하기 싫었어요 ㅎㅎ,6
오늘 또 조금 줍줍 내일 금욜 종가배팅도 또 조금 줍줍,6
아빠 살려줘,5
와 근데 물소리 오지게 나네 걸을때마다,6
첨벙첨벙 소리 개빡이다 ㅅㅂ,5
안다고??,6
물이샛나,6
ㅅㅅㅅㅅㅅㅅㅅㅅㅅㅅㅅㅅㅅㅅㅅㅅ,0
단타 치는사람 먹는장인가,6
넣을거 못넣고 맨날 쳐맞노ㅋㅋㅋㅋㅋㅋㅋㅋㅋㅋㅋㅋㅋㅋㅋㅋㅋㅋㅋㅋㅋㅋㅋ,2
티원 다운 ㅋㅋㅋㅋㅋㅋㅋㅋㅋㅋ,2
진짜야?,6
티원 폼이 안좋네..,3
ㅈ같닼ㅋ,4
"와 레전드네,.,",1
매수헨티나 기준 적용 안하노????,6
뭐야뭐야,6
15,6
몽규도 나가 !!,4
쌈싸먹힌다,6
살려줘 ~~~~~~~~~,5
재능충 뭐야~,6
형님 매수 !!,6
재 상승의 각인데?.. 재 상승의 각인데?.. 재 상승의 각인데?.. 재 상승의 각인데?.. 재 상승의 각인데?..,6
이건 승규가 막아줬어야지~,6
김연경임?,6
그럼 출발해요,6
골ㅅㅅㅅㅅㅅㅅㅅㅅ,0
체코화이자++++,6
졸라 재미있어 ㅎㅎㅎㅎ,0
허게,6
들어가야지 !!!! 들어가야지 !!!! 들어가야지 !!!!,0
2연 서킷이면 살만했어,6
500층 가즈아ㅏㅏㅏ,0
아 용만 먹엇어도 겜끝난건데 하..,6
도란 //,6
갸쩌노,1
음성인식 ㄷㄷ,1
괴물님 관심좀,6
텡크로 밀어버리노!!!!!!! 스타벅스 가야지!!!!!!!,2
내일 다시 떨어질거같아ㅠ,5
ㄱㅇㅇ,6
캬ㅑㅑ,0
ㅋㅋㅋㅋㅋㅋㅋㅋ,0
네이버는 오른것도 없는데 왜이래요.......,5
무빙 토나온다,4
됴아요,6
형님 반등자리 맞아요ㅋㅋㅋ,6
이제 홍명보의 저주시작인가,5
ㅋㅋㅋㅋㅋㅋㅋㅋㅋㅋㅋㅋㅋㅋㅋㅋㅋㅋ,0
아깝노 !!!!!!!!!,6
케엄살 ㅅㅅㅅㅅㅅㅅㅅㅅㅅㅅㅅㅅㅅㅅㅅ,0
붕어 아니에요 개미입니다,6
2인기업임 모치님이 부사장임,6
ㅋㅋ접어라 그냥,2
이제 망한건가요,5
형.. 오늘은 진짜 힘들다,3
살려줘요!!!,5
이빨 귀엽네 ㅋㅋㅋㅋㅋㅋㅋㅋㅋㅋ,0
ㅠㅠㅠㅠㅠㅠㅠㅠㅠ,3
교체좀해라 제발,2
떠난다도 봐용,6
집중,6
표정 개웃기네 ㅋㅋㅋㅋㅋ ㅋㅋㅋㅋ,0
큰 물고기일지 작은 물고기일지,6
자 이제 모드전환,6
소리 ㄷㄷ,1
통장잔고마냥 꼬라박는거보소 차트만봐도 개열받네 ㅋㅋㅋ,6
말하면 스포밴이자나요 ㅠㅠ,5
골취소겟노,6
중소사장,6
누너썩?,6
서장훈은 어때요?,6
드릴,6
오너한방에 던지네,6
도란resign3년,6
홍명보 씨발럼아,4
오인용,6
또 꺾인다~~~~~~~~,2
ㅋㅋㅋㅋㅋㅋ명보한테 뭘바라노,4
살걸...,3
이런거 첨보네 ㅋㅋㅋㅋㅋㅋㅋㅋㅋㅋㅋ,0
반ㄷㅐ면 걍 청산이네 ㅋㅋㅋ,6
몰래 먹었냐?,2
초기 슈카로 돌아가주세요,6
공 정확허게 찼는데 뭔 파울이여,6
ㅋㅋㅋㅋㅋㅋㅋㅋㅋㅋ 나가면 죽겟는데,0
바로 안오는게 더 불안한데ㅋㅋ,5
드루와드루와~,6
매수 딸깍,6
영~~~차~!!!!!!!!,6
소리는 못 듣나?,6
대 오 너,6
응가 상?,6
기도,5
아빠 우리 남편이 신용미수 썼었대요. ㅠㅠㅠ 우리의 소중한씨드 4천이 사라지뮤ㅠㅠㅠ,3
이건 골이지 ㅋㅋㅋ,6
아니,6
ㅔㅔ,6
개고수지 그럼,6
아직 더 털리겟군.,6
여러분 너무 뭐라 하지 말아주세요 @@@@@@@@@@@@@@@@@@@@@@@@@@@@@@@@@@@@@@@@@@@@@@@@@@@@@@@@@@@@@@@@@@@@@@@@@@@,6
공급 원가가 얼마나 휴지조각이면 무빙이 저럼 ㅋㅋㅋㅋㅋㅋ,6
그.냥 ㅋㅋㅋㅋㅋㅋㅋㅋㅋㅋ,0
zzzz,0
대한ㅁ;ㄴ구 개병신년들아ㅜ,4
뭐지 멀미나겠네 주식,6
드가자,6
전기 어뜩해,5
먼데 ㅋㅋㅋㅋ,0
무서워요 안아줘요ㅜㅜㅜㅜ,3
3패 가자,3
위치 코 안이요,6
ㅋㅋㅋㅋㅋㅋㅋㅋㅋㅋㅋㅋㅋㅋㅋㅋㅋㅋㅋㅋㅋㅋㅋㅋㅋㅋㅋㅋㅋㅋㅋㅋㅋㅋㅋㅋ 개무섭네,5
ㅋㅋㅋㅋㅋㅋㅋㅋㅋㅋㅋㅋㅋㅋㅋㅋㅋㅋㅋㅋㅋㅋㅋㅋㅋ개웃기노],0
사쟈님,6
아무도안막네 ㅋㅋㅋㅋ,3
아 도란,6
조졌네...,5
{:wc_8:}{:wc_8:}{:wc_8:}{:wc_8:}{:wc_8:}{:wc_8:}{:wc_8:},6
/채팅제ㅓ,6
넣을 떄 넣었어야지 어휴,2
욕나온다,2
금요일 트럼프 연설 전까지는 약한 반등 보일거같은데,6
과감해지기,6
들어오지마~~!!!혼자벌꺼야ㅋㅋㅋ,6
숲 불태우러 가야되는듯,6
염색약 바르고 하죠,6
장기컨텐츠 각,6
손흥민 빼라,4
내일 다시 떨어질거같아ㅠ,5
밴하는데 어떡하나요 ㅠㅠㅠㅠㅠ,5
올해 마지막 기회,6
놈하,6
엄청 기다렷어요 불안해서요,5
대재명 한마디만 해줘,6
하골 하나?,6
캇캇캇!~,6
홍명보 화이팅 !!!!!!!!!!,6
2시간에 상한가를 벌수있는 방법?,6
발전하는건없고 항상 똑같냐 데자뷰,6
영차~,6
ㅋㅋㅋㅋ ㅋㅋㅋㅋ ㅋㅋㅋㅋ ㅋㅋㅋㅋ ㅋㅋㅋㅋ ㅋㅋㅋㅋ ㅋㅋㅋㅋ ㅋㅋㅋㅋ ㅋㅋㅋㅋ ㅋㅋㅋㅋ ㅋㅋㅋㅋ ㅋㅋㅋㅋ ㅋㅋㅋㅋ ㅋㅋㅋㅋ,0
왜 박는거야 직슨데,2
진짜 못한다,4
어쩐지 폰트가,6
ㅅㅅㅅㅅㅅㅅㅅㅅㅅㅅㅅㅅㅅㅅㅅㅅㅅㅅㅅㅅㅅㅅㅅㅅㅅㅅㅅㅅㅅㅅㅅㅅㅅㅅㅅㅅㅅㅅㅅㅅㅅㅅㅅㅅㅅㅅㅅㅅㅅㅅㅅㅅㅅㅅㅅㅅㅅㅅㅅㅅㅅㅅㅅㅅㅅㅅㅅㅅㅅㅅㅅㅅㅅㅅㅅㅅㅅㅅㅅㅅㅅㅅㅅㅅㅅㅅㅅㅅㅅㅅㅅㅅㅅㅅㅅㅅㅅ,0
현지인말고 현직 ㅋㅋㅋ,6
ㅅㅅㅅㅅㅅㅅㅅㅅㅅㅅㅅㅅㅅㅅㅅㅅ,0
위 아래 위위 아래~~~,6
애교아님.,6
이기혁 불안하냐,5
ㅋㅋㅋㅋㅋㅋㅋㅋㅋㅋㅋㅋㅋㅋㅋㅋㅋㅋㅋㅋㅋㅋㅋㅋㅋ개웃기노],0
리센느 야~호,6
{:lck_16:}{:lck_16:}{:lck_16:}{:lck_16:}{:lck_16:}{:lck_16:},6
명보야 싹싹 빌어라,6
심각하네 아까 오르고 있더만 또 이런다고?,6
티원 올라가 봤자 한화한테 대떡이네 걍 떨어져라,6
ㅣㅋㅋㅋㅋㅋ,0
무빙 토나온다,4
엔화 나락이긴해,6
{:lck_17:}{:lck_17:}{:lck_17:}{:lck_17:}{:lck_17:}{:lck_17:}{:lck_17:},6
그냥 지고 한국와서 계란 쳐맞아라,4
제발 5% 마감하자!!!,6
짜증난다 ㅅㅂ,2
ㅋㅋㅋㅋㅋㅋ명보한테 뭘바라노,4
하닉 말 안들은지 오래~~~~,6
ㄴㅇㅅ,0
메챠난까,6
이게 어려워??,6
/맹보제거,4
가자잇,6
망햇다 망햇음 헤헤,3
난 190도 좋은데 만나는건 둘째치고 세상이 억까할듯,6
근데 어차피 비지니스 약속아니면 밖에 나갈일이 없으면서 뭐가 일정이란건가요 부를친구가 휴대폰에 도꼬미 두더놈 세더놈말고는 없지않나요 친구없는지누 뭉추 ㅠㅠ,3
진지 먹음?,6
슈카님 수급좀 봐주세여,6
꼽쌤 ㅋㅋㅋ,6
꺄야야야야,6
딸깍~~~~~~~~,6
신기하다 게임이....,1
과자먹고 웃고 ! 숏충이 다됐넹............,6
한강가서 소주,6
밴유도 검지검지,6
접시 아래에 2개 더있었어요,6
미친 ㅋㅋㅋ,6
실력이없는거지,6
전략있냐,6
메차쿠쟈,6
태초 ㅊㅊㅊ,6
비상비상,5
형 어케생각해? ㅋㅋ,6
삼성전기봐주세요ㅠㅠㅠㅠㅠㅠㅠㅠ,3
골 인정이쥬  뻥글 폭망이쥬,6
명봉야 나가라,4
퀴즈?,6
쨔스,6
저걸 왜사노 ㅋㅋㅋ,6
노르웨이 이기자!!!!!!!!!!,0
ㅠㅠㅠㅠㅠㅠㅠㅠㅠㅠㅠㅠㅠ,3
천하제일 단타대회,6
var?,6
위 아래로 발라 먹다가 죽어요~~~,6
어이없어서 웃음난다 ㅋㅋㅋ,1
진석쨩,6
슛터링,6
나락,6
살려주세요~~~~~~~~~~~~,5
꼬리 살랑 살랑,6
아니 왜 자꾸 소리를 내는거지?,4
오늘도 조졌다리,5
(돌발상황),6
스피드런 ㄱ?,6
다들 빨리 타,6
삼전이라도 가라 화이팅이다 ㅋㅋㅋㅋㅋㅋㅋ,6
애니비아나 쳐물지,2
드러눕기ㄷㄷㄷ,1
망햇다 망햇음 헤헤,3
zzzzzzzzzzzzzz,0
못발라먹어,6
명보야 나가 그냥,4
아무도 안막는다 ㅋㅋㅋㅋㅋㅋㅋㅋㅋㅋ,6
이기자!!,0
케인님 집에요,6
자야한다구우우웃,6
닥쳐 시바,2
한국인이네,6
와 대박 노르웨이,6
어어어어어 비상,5
목소리 작아요,6
키퍼는 왜 펀칭 안하고 가만보고잇냐,2
토론회 보다가 도저히 못보겠어서 왔습니다 ㅋㅋㅋ어휴,4
홍명보 나가,4
흥민아 레알가자!!!흥민아 레알가자!!!흥민아 레알가자!!!흥민아 레알가자!!!,6
케인아 일어나라 ㅋㅋ,6
ㅋㅋㅋㅋㅋㅋㅋㅋㅋㅋㅋㅋㅋㅋㅋㅋㅋㅋㅋㅋㅋㅋㅋㅋㅋㅋㅋㅋㅋㅋㅋㅋㅋ,0
와 싀벌,1
엔 ㅈ됐어,1
뜬금 골,6
실적은 주식시장에 아무상관이없군요?,6
펄럭~,6
그만빠져라 ㅠㅠ,3
노르웨이가 이긴다고????,6
볼.뒤로.돌릴때부터 불안하더니.ㅋㅋㅋ,5
있긴해,6
78% ㅋ,6
궤적 좋네,6
지고있네 ㅠㅠ,3
ㅋㅋㅋㅋㅋㅋㅋㅋㅋㅋㅋㅋㅋㅌㅌㅋㅌㅌㅌㅌㅌㅋㅋㅋㅋㅋㅋㅋㅋ,0
노르웨이 미쳤다 진짜 ㅋㅋㅋㅋㅋㅋㅋㅋㅋㅋㅋㅋㅋㅋㅋㅋㅋㅋㅋㅋㅋㅋㅋㅋㅋㅋㅋㅋㅋㅋㅋ,1
윤가상..,6
표정ㅋㅋㅋㅋㅋㅋㅋㅋㅋㅋㅋㅋㅋㅋㅋㅋ,0
무슨 소리야?,1
오차즈케님은 뭐하시는분이셔?,6
케인 나빠다,3
어어어 머냐,6
아직 바닥 아님 ㅜㅜ,5
(아 그떄 더 친해질걸...),6
저거먹히냐 ㅋㅋㅋㅋㅋㅋㅋㅋㅋㅋ,2
속터질듯,2
고딕 써라,6
빨하는 씨,6
인버스도 국장이다! 인버스 가즈아!!,0
그ㅡ차트,6
너무 티나긴 해요 ㅋㅋㅋ,6
이게 대한민국이지 ^^,2
반말이다 데쓰,6
영도로 시간이나 때우죠 ㅎㅎ,6
/정몽규 사퇴,6
살려줘,6
시발 존나무섭네 ㅋㅋㅋㅋㅋㅋㅋ,5
진짜 ㅈㄴ못한다,4
무섭노무,5
겨털이없네 ㅋㅋㅋㅋㅋㅋㅋㅋㅋ,0
잠시,6
SEX 야~호,0
삼전기 한 번만 봐줘요 ㅠㅜ,3
노르웨이이긴다,6
가글,6
소리 너무 작아졌는데 조금 키워주세요,6
전혀 위화감이 없는 야 이 ㅅㄲ야,6
봉만봐도 웅장하다,6
잡탕이네,6
어차피 망한거 더 망치고 욕이나 실컷 먹어라!!!!!!,2
사므게탕,6
이게 무슨 계단식 하락임 절벽식 하락이지ㅜㅜ,3
초저점매수,6
전 전생에 물고기였나봐요 .. 파닥 파닥 ㅜㅜ,3
한본어 보소,6
ㄹㅇ코커,1
아르헨티나 ㅋㅋㅋㅋㅋㅋㅋㅋㅋㅋㅋ,6
정몽규 홍명보 나가,4
ㅋㅋ패스개못하면서 자꾸 뒤로쳐돌리네 ㅋㅋ,4
무슨 코인도 아니고,6
삼전 올라줘잉삼전 올라줘잉삼전 올라줘잉삼전 올라줘잉삼전 올라줘잉삼전 올라줘잉삼전 올라줘잉삼전 올라줘잉삼전 올라줘잉삼전 올라줘잉삼전 올라줘잉삼전 올라줘잉,6
골인정 ㅅㅅㅅㅅㅅ,0
ㄲㅂ네,6
전쟁 터지려나,5
ㅋㅋㅋㅋㅋㅋㅋㅋㅋㅋㅋㅋㅋㅋㅋㅋㅋㅋㅋㅋㅋㅋㅋㅋㅋㅋㅋㅋㅋㅋㅋㅋㅋ,0
아오;;;;;;;;;;;;;,2
모찌롱모찌롱,6
지금 고맙다고 안하면 또 10% 밀어버린다..,6
교체좀해라 제발,2
나대지마 케인아,6
미 1친ㅋㅋㅋㅋㅋㅋㅋㅋ,1
와 ㅋㅋ,0
삼전만 멀쩡하고 다 박살났는데 ㅋㅋ,6
저희 도 몰랐죠,6
ㅋㅋㅋㅋㅋㅋㅋㅋㅋㅋㅋㅋ,0
모찌롱,6
헤딩얻어맞았네,6
캬 진효 딸뻘,6
웃기긴함 ㅋㅋ,6
노르웨이 분위기 미쳤다,6
ㅋㅋㄱㅋㄱㄱㄲ,0
진짜.. 단타 무섭네 ㄷㄷ,5
그래 광탈하고 축협이랑 홍명보 갈\자,6
픽포드 ㄷㄷ,1
저점 꼬리 ㅋㅋㅋ,6
키퍼는 왜 펀칭 안하고 가만보고잇냐,2
다라이 시롸마,6
정부의 무능은 예측을 못했다,6
가짜 일본인 많긴 하던데 ㅋㅋ,6
? ㅋㅋㅋ 뭐노 ㅋㅋㅋㅋㅋ,1
어득해요..??,6
빨리끝내고 돌아와라,6
소리봐라 ㄷㄷ,1
대한민국 제거,4
조현우 넣어라 ㅅㅂㅂㅂ,2
빨리들어와 형,6
ㅅㅅㅅㅅㅅ,0
ㅋㅋ접어라 그냥,2
진짜 역대급이네,1
원래 이런사람임 사실,6
진격거다 ㅋㅋㅋㅋㅋㅋㅋ에렌이네 ㅋㅋㅋㅋㅋ,6
진짜 ㅈㄴ 못하네,2
칼찌ㅣㅣㅣㅣ,6
대단합니다 동의합니다,6
이러다가 강원랜드 망한다고 ㅠㅠㅠㅠㅠㅠㅠㅠㅠㅠ,3
지수 다시 꺾일라 하네 ㄱ,6
ㅋㅋㅋㅋ뻥글,6
엔저라서 쌀먹을,6
아오 꼽샘,4
위자료 이슈 터짐 ㅋㅋㅋㅋㅋㅋㅋㅋㅋㅋㅋㅋㅋㅋㅋ,0
개못해 걍,2
힘빠진다 ㅠㅜ 으에에에,3
살려주세요 !!!!!!!!!!!!!!!!!!!!!,5
하이먼민스키,6
ㅈ됐다,5
슈카형 더 오를힘있다고 했던 애널리스트들 다 잡아 오죠//,6
개못생겼네,6
아..,1
그건좀..,4
매수한거맞나요,6
소리는 가까운데,6
괴물 왜 안보이냐,6
유기농 ㄷㄷㄷ,6
6월 25일부터 숏쳣어야되 시바 3배,6
백승호 뻬라고,6
ㅈㄴ 무섭네 ㅋㅋ,5
여긴 또머여,1
{:d_126:}{:d_62:}{:d_126:}{:d_62:}{:d_62:},6
양봉갑시다,6
실려가? 포니 어디 살아?,6
삼전어뜩해,5
아니 진짜 캡스 개잘하네 ㅋㅋ,6
띵보야 짐싸라..ㅋ,4
칼찌ㅣㅣㅣ는 ㅋㅋㅋㅋ,6
빨대 쭈왑,6
ㅋㅋㅋㅋㅋㅋㅋㅋㅋㅋㅋ,0
유혹,6
아니 너무 무서워,5
설레는 반존대 ㄷㄷ,1
진엔딩은 영도로 봐요,6
또샀어????,6
{:wc_6:},6
진짜 이승우를 왜 안데리고 가는건지..,4
잉글랜드 컷,6
"기회도많았는데 한골먹히네,.,",3
3전패 탈락!!!!! 해라,2
도란 스발,2
도박장,6
마10까지 떨어졌음,6
2개국어 섞임 ㅋㅋ,6
몽규 나오자마자 골먹힘,4
인나라 침대 안 통한다,6
VAR안함?,6
개웃기네 ㅋㅋㅋㅋㅋㅋㅋㅋㅋㅋㅋㅋㅋㅋㅋㅋㅋㅋㅋㅋㅋㅋㅋ,0
유튜브로 돌아가,6
징그럽다 차트가,4
골골골골!!!!!!!!!!!!!!!!!!!,0
라스베이거스 여깃네,6
골기퍼 왜이래 ;;,4
전술이 있어야 뭐를 하지,4
유입 나가잇,6
힝..,3
돌아와라,6
노의 의지 ㄷㄷ,1
노르웨이 선제골 ㅅㅅㅅㅅ,0
나이수ㅜㅜㅜㅜㅜㅜㅜㅜㅜ땄다!!!!!!!!!!!!!,0
탈락 ㅅㅅㅅㅅㅅㅅㅅ,6
주식창 안보려고 하는데 자꾸 방송을 키시니까 볼수 밖에 없자나요 ㅋㅋㅋㅋ,6
폭풍갈퀴때메 치명타템 갈려면 철갑궁밖에 없어,6
은신해,6
김장훈이 웃겨?,6
누나 비켜 ㅋㅋㅋ,6
수파에,6
gg,3
차트가 말을 걸어와..,5
와 골대 맞았네...,1
코스피 음전 간다,6
살려줘 ~~~~~~~~~,5
볼좀 뒤로 빼지말고 움직이질않네ㅐ ㅋㅋㅋㅋ,2
개쩐다 ㅋㅋ,1
/몽규제거,4
{:yunzinSsd:},6
화장실이 진짜지.....,5
티원 다운 ㅋㅋㅋㅋㅋㅋㅋㅋㅋㅋ,2
"말이 안되잔아. 영업이익 8조짜리 창신메모리가 시총 800조인데, 하닉이 900조, 삼전이 1200조 라니....",1
찝찝...,5
왜 박는거야 직슨데,2
아오 꼽등이,4
드리르게요,6
높이가 어쩌네 하더니 분석은 잘했엇노 ㅋㅋㅋ,6
망해가는;;;,6
아우 ㅠㅠ,3
아니 진짜 왜이러세요!!!!ㅋㅋㅋㅋㅋㅋㅋㅋㅋㅋ,6
40분게임도 모자라서 ㅋㅋㅋㅋㅋㅋㅋㅋㅋㅋㅋㅋ,6
패스만하나,6
마빡이 ㄷ,6
무적이야?,6
살껄`,6
어닝콜이 너무 심각했어,6
2배 인버스도 있잖아요,6
/백승호 제거,6
난 160 안넘으면 좋음,6
개병`124신같은넘들,4
뭐이씨 속으면 안됨? ㅠㅠ,3
리딩(당하는)방,6
교체좀해라 제발,2
우글우글 피곤피곤,6
조아,6
슈사장님 살려주세여,5
소주 ㅋㅋ,6
형이 안 사면 올라가 그만사,6
근데 아이템어캐가져오죠?,6
손흥민 빼라...,2
탑정글 진짜 ㅋㅋ,2
손흥민 쳐나가라 ㅋㅋ,4
미르친,1
쉬이,6
ㅈㄴ웃기네 ㅋㅋ,0
ㅋㅋㅌㅌㅋㅋㅌ,0
집가자 ㅇㅋ,6
짐싸라 ㅋㅋㅋㅋㅋ,4
구축쿠시테야루,6
계단식하락 ㄷㄷ,1
차트 맛있게 ㄷㄷㄷㄷㄷㄷㄷㄷ,1
애기야,6
나이스 졋다 ㅋㅋㅋㅋㅋㅋㅋㅋㅋㅋㅋㅋㅋㅋㅋㅋㅋㅋㅋㅋㅋㅋㅋㅋㅋㅋㅋㅋㅋㅋㅋㅋㅋㅋㅋㅋㅋㅋㅋㅋㅋㅋㅋㅋㅋ,2
또 몬살게구네,2
여전히 화장실 안에서 뭐해,6
쌀먹충 ㄷㄷ,6
{:d_54:}{:d_54:}{:d_54:}{:d_54:}{:d_54:}{:d_54:}{:d_54:}{:d_54:}{:d_54:}{:d_54:},6
쭉쭉 내려가자,6
시발 홍명보,4
우측은 왜 안봐,6
부정부패의 스포츠 대한민국은 스포츠 안하는게맞음,6
한골 넣엇어야지,6
와 진짜 험한말 마렵다,2
아 잭스하고 싶다,6
불사대마왕 ㅅㅅ,6
과자 먹어줘요 요즘 제 최애는 붕싸가됨ㅋㅋㅋ,6
조졌죠 ㅋㅋㅋㅋㅋ,6
/채희준제거/채희준제거,6
오마이갓 오랜만에 코스피 근황보니 어우 이게 롤러코스터지,6
리센느슨슈,6
주식 시장 맞아요?,1
1정,6
슈황 시작하고나서 맨날 떨어지는거같은데...,5
인....직,6
하루만에 졸업 ㄷㄷ,1
시발터졌냐,4
바로 안오는게 더 불안한데ㅋㅋ,5
드러눕기ㄷㄷㄷ,1
설마지나,6
올라가네,6
{:harioneHuck:} 데뷔골 - 잉글 비상 ㅡㅡㅡㅡㅡㅡㅡㅡㅡ,6
첨벙첨벙 소리 개빡이다 ㅅㅂ,5
밥 잘넘어 가던데요 ㅋㅋㅋ,0
조졌네~~~~~,6
고객님 자동반대매매세요~,6
하나도 못뚫고 시발 뒤로만 보내고,4
{:lck_4:}{:lck_4:}{:lck_4:}{:lck_4:}{:lck_4:}{:lck_4:}{:lck_4:}{:lck_4:}{:lck_4:},6
이게 실력이야,6
그건좀..,4
사형!,6
영주권?,6
위로 올라갈수있나요?,6
속터질듯,2
ㅠㅠㅠㅠㅠㅠ,3
즐겨~~ 재미있자나 ^^,0
차라리 코덱스 200을 사지,6
삼계탕 마싱ㅆ겠다,6
"알상무 두번째 예언,목요일 폭락온다",6
푸스카스가자,6
사밯ㄹ,1
쪼끔만올려줘 제발 ㅠㅜ,3
한명을 못 뚫노,4
하락장에 개미 꼬시기 쉬움,6
ㅋㅋㅋㅋㅋㅋ명보한테 뭘바라노,4
ㅈ됐네,3
제발좀 ㅠㅠㅠㅠㅠㅠㅠ댜겅냄나내0ㅐㅌ,3
대세걸그룹이 될려면 말끝마다 노 붙여줘야 되는거 아니노,6
오늘 50%도 먹을 수 있었음. 레버리지로는,6
광배충은 첨보네,6
찝찝하다,5
어 어 어,6
나이스!!!!!!!!!!!!!!!!!!!!!!!!,0
차트 밀당남,6
치지직에서 먼저 저점매수했는데,6
맛있어보인다,6
미 1친ㅋㅋㅋㅋㅋㅋㅋㅋ,1
ㅋㅋㅋㅋㅋㅋㅋㅋㅋㅋㅋㅋㅋ,0
뭐야 ㄷ,1
질질 끌지말고,2
얼만데 까보셈,6
와우 대박이노,0
키퍼는 왜 펀칭 안하고 가만보고잇냐,2
전진 똥칸ㅋㅋㅋㅋ,6
수색 수색 수색,6
드 개 재 드 개 재 드 개 재 드 개 재 드 개 재 드 개 재 드 개 재 드 개 재 드 개 재 드 개 재 드 개 재,6
단타해서 손실 매꿔야하나요 ㅎㅎ,6
살려주세요~~~~~~~~~~~~~~,5
그리고 살려줘,6
오우,6
닉스 컨콜만 제대로 했어도 ㅠㅠ,3
케인뭐하노 ㅋ,6
ㅂㅅ들,4
이건 뭔가 있다,6
저게 들어가네,1
ㅁㅊ;,1
현직 일본인,6
ㅂㅅ년들,4
지창!,6
5000대 까지가자,6
ㅈ망,3
낀거임 ㅋㅋㅋㅋㅋㅋㅋ,1
윗 윤가놈,6
뭐가 없나?,6
ㅋㅋㅋㅋㅋㅋㅋㅋㅋㅋㅋㅋㅋㅅㅂ,0
시루에또~,6
정몽규보여주자마자 골쳐먹혔네 에휴 짐싸라 그냥,4
노딜이야,6
드러눕기ㄷㄷㄷ,1
비상ㅇㅇㅇㅇㅇㅇㅇㅇㅇㅇㅇ,5
혼또니가 ㄷ,6
아 이거 똥싸다끊은거같이 ㅋㅋ,4
징그럽다 차트가,4
뭐이씨 속으면 안됨? ㅠㅠ,3
그지같은게임,6
시발터졌냐,4
음의 복리로 80 더 나감,6
체코 조나 못하는데 그걸 상대로 더 못해 ㅋㅋㅋㅋㅋㅋㅋㅋㅋㅋㅋㅋㅋㅋㅋㅋㅋㅋㅋㅋㅋㅋㅋㅋㅋㅋㅋㅋㅋㅋㅋㅋㅋㅋ,4
이기혁 불안하냐,5
외화유출,6
힘빠진다 ㅠㅜ 으에에에,3
취금이니,6
경우의 수 시작 ㅋㅋㅋㅋㅋㅋ,6
오딘이여,6
차트 맛있게 ㄷㄷㄷㄷㄷㄷㄷㄷ,1
v자 반등 안나와요?! ㅜㅜ,3
개븅신들,2
승규야 몽규랑 같이 나가 죽어라,2
또 꺾인다~~~~~~~~~~~~~~~,2
쌀숭이 찾았다,6
살려주세요ㅕㅕㅕㅕㅕㅕㅕㅕㅕ,5
키퍼는 왜 펀칭 안하고 가만보고잇냐,2
에 코 보 이 스,6
매수노,6
5칸이네,6
노르웨이 우승 ㅅㅅㅅ,6
ㅈ됐다,5
/홍명보 제거,4
이게진짜 뭔가요,6
포대장 ㄷㄷㄷ,1
zzzzzzzzzzzzzz,0
뒤져라 체이커,2
뭔데,6
맹보 ㅋㅋㅋㅋㅋㅋㅋㅋㅋㅋㅋ,4
/시야 95,6
노파울이지,6
카에데쨩,6
어뜨케…. 진짜,3
차트가 말을 걸어와..,5
세레머니 개길게하네,6
홀란,6
지겟는데,5
ㅅ ㅅ ㅅ ㅅ ㅅ ㅅㅅ,0
무섭다.. 난 안되겠다..,5
1000원만 더 빠져라 2틱 먹고 빠지게,6
손흥민 찬스 몇개 쳐말아먹냐 ㅋㅋㅋ,2
고딕체,6
마빡이네 ㅋㅋㅋ,6
엥,1
똥칸에 숩은놈 나와라,6
질질 끌지말고,2
망해가는 사장님,6
ㅋㅋㅋㅋㅋㅋㅋㅋㅋㅋㅋㅋㅋㅋㅋㅋㅋㅋㅋ,0
명보차이,4
너무 빨렸다,6
뭐야 이게 ㅋㅋㅋㅋㅋㅋㅋㅋ,6
ㅋㅋㅋㅋ 제발 져라,6
음성인식 ㄷㄷ,1
마지막기회야,6
왜 박는거야 직슨데,2
난 못먹었을뿐이고....,3
조현우 엿으면 막앗다 ...,3
하닉 52주 최대 거래량이라는데,6
ㅇㄴ,6
오 ㅏㅅㅂ,1
어제 컨콜 이후에 이 모양,6
장난하냐 ㅋ,4
이정도면 라이트한데요,6
어캐넜엇ㅁ냐,6
나만 낚일 순 없지,6
버그쓰는중,6
난 소리괜찮은데,6
엄청많네,6
타점 ㄷㄷㄷ,1
3연병,6
좀비누 좀누,6
숨김없이보여줘~,6
반칙임,6
어지럽다,2
있어없어?,6
삼전이 구해준다는데도 자진 하차함,6
{:d_196:}{:d_196:}{:d_196:}{:d_196:}{:d_196:},6
/채팅 제거,6
우승 ㄱㄱㄱㄱ,6
전술이 없는데 어떻게 이기냐,2
음봉 ㅋㅋㅋㅋㅋㅋㅋㅋㅋㅋㅋㅋㅋㅋ,1
ㅋㅋㅋㅋㅋㅋㅋㅋㅋㅋㅋㅋㅋㅋㅋㅋㅋㅋㅋㅋㅋㅋㅋㅋㅋㅋㅋㅋㅋㅋㅋㅋ,0
ㅉ 이게 축구냐 ㅋㅋㅋㅋㅋㅋ,2
명장면이네,6
어어어어어 비상,5
솔탑투 물탈까요? 그냥 둘까요?,6
오늘은 진짜 바닥이죠? ㅎㅎㅎㅎ,6
버스 지났다고 ㅋㅋ,6
밝아서 볼만해,6
엔화도….,6
이게 무슨국대고,6
살려주세요 !!!!!!!!!!!!!!!!!!!!!,5
I'm really curious what does the yellow text above mean?,6
저희가왜요???????,2
ㅊㅊㅊㅊㅊㅊㅊㅊㅊㅊㅊㅊㅊ,6
진짜 제발,5
인버스도 국장이다! 인버스 가즈아!!,0
한화씩,6
ㅋㅋㅋㅋㅋㅋㅋㅋㅋㅋㅋㅋㅋㅋ,0
하.............,5
노르웨이 화이팅 ㅅㅅㅅㅅㅅㅅㅅㅅㅅㅅㅅㅅㅅ,0
유튜브 반드시 봐야지,6
아 나 김창후는 그냥 예선 탈락하고 한국 축구가 정신 차렸으면 좋겠다고 생각한다 반박할 사람 있으면 나와봐라@@@@@@@@@@@@@@@@,6
개병신,4
구경하냐,4
진짜 역대급이네,1
조현우였으면 막았음,6
진짜 못한다,4
코스 지리노,1
뚫어뻥같다,6
원딜 없는데 여기까지 오면 안된다니깐,6
ㅜㅜㅜㅜ,3
생각보다 친근하게 생겼는데,6
와 ㄷㄷ,1
지금 댓글창 애들은 현실에서 100%정상아님 어딘가 하자있는 폐급들임 정상인들은 체팅 안침,6
힝..,3
차트보면 사고 싶지 않음..,4
자리 말도 안되는데 좀 무서운 자리기도함 ㅜㅜ...,5
타점 봐라 진짜 ㅋㅋㅋㅋ,6
새벽3시에 왠 방송,1
dhk,6
형 어제 롱이라매요 ㅜㅜ,3
해설이라고 하냐,4
구립습니다,6
이제 홍명보의 저주시작인가,5
가뒀어,6
누워있다가 오늘 못 참고 손절했는데,6
.,6
이거 쓰면 아무래도..,6
힘들다,3
슈카님 하닉270까진 언제올까요? ㅠㅜㅜㅜㅜㅜㅜㅜㅜ,5
고민지누,6
홍명보 ㅂㅂ2,6
왼쪽 아래보면 인식은 되고잇음,6
짱구임?,6
에그타이머 던져삐,6
꼬리달고 올라가는거아니에여?,6
한명 배고 아무도 수비 안함,6
{:x0due0duedance:}{:x0due0duedance:}{:x0due0duedance:},0
노르웨이 우승!!!!!!!,0
유명인 ㄷㄷ,1
비사아아앙~~~~~,5
케인 개추하노 ㅋㅋ,6
500층 가즈아ㅏㅏㅏ,0
으악 ㅅㅂ,4
직스만 노리겠네,6
노노,6
조현우 넣어라 ㅅㅂㅂㅂ,2
아 ㅈㄴ웃기네 ㅋㅋ,0
아 좀 심한거 나오겠네,4
그게 어렵나?,6
홍명보 구속~~,4
삼성전기좀 봐주세요..제발...ㅠ,6
진짜 다이나믹 코리아다. ㅋㅋㅋ,6
졋네,3
그냥 지고 한국와서 계란 쳐맞아라,4
아 웃기네,0
도란 ㅋㅋ,2
아리가떙스,6
홍명보 씨발럼아,4
변기뿌사진다,6
홍명보 제거,2
루보 차트 꺼라 ㅋㅋㅋㅋㅋㅋㅋㅋㅋㅋㅋㅋㅋㅋㅋㅋㅋㅋㅋㅋㅋㅋㅋㅋ,6
골찬스 겁나 놓치늬데ㄲㅋㅋ진짜 국대버러지들같네ㅋㅋ,2
ㄴㅋㅋㄱㅋㄱ,0
"아시발 까,ㅁ짝이야 ㅋㅋㅋㅋㅋㅋㅋㅋ",1
비ㅣㅣㅣㅣㅣ상,5
오 지렸노,0
합법 강원랜드,6
삼전기 한 번만 봐줘요 ㅠㅜ,3
살려줘~~~,5
나 한국인이지?,6
진짜 홍명보 쳐 나가라,4
개이득 ㅋㅋㅋㅋ,0
/조졌다,5
허공에 칼질 하는 나,6
형 분봉 지금이야!!!!!!!!!!!!!!!,1
살려줘요!!!,5
발음은 안 느나요,6
어케막노 ㄷㄷ,1
선수좀 바까라 ㅋㅋㅋㅋㅋㅋㅋㅋㅋㅋㅋ,2
케인아,6
ㄹㅇ 찐반칙인데,6
머하나 ㅋㅋㅋ,0
아 즌나 우울함..,3
ㅅㅅㅅㅅㅅㅅㅅㅅㅅㅅㅅㅅㅅㅅㅅㅅㅅㅅㅅㅅㅅㅅㅅㅅㅅㅅㅅ,0
1개는 당근으로 사죠,6
역시 고등어 물먹고 달라졌노,6
개웃기네 ㅋㅋㅋㅋㅋㅋㅋㅋㅋㅋㅋㅋㅋㅋㅋㅋㅋㅋㅋㅋㅋㅋㅋ,0
그러게요 그냥 먹어야되네요,6
불러봐,6
나였음 여기서 10시간 있는다,6
{:mlb_122:}{:mlb_122:},6
핸드폰을들고왔어야했나,6
ㅋㅋㅋㅋㅋㅋㅋㅋㅋㅋㅋㅋㅋㅋㅋㅋㅋㅋㅋㅋㅋ,0
...?,6
var 보겠네,6
와리가리 ㅋㅋㅋㅋ,0
게임이 뭔가 허술하네,6
무슨 고지대 적응했다는 애들이 ㅋㅋㅋ 적응 못한애들보다 못 뛰냐,2
엔저,6
나이스,0
{:d_57:},0
닉스는 양호 전기는,6
ㅋㅋㅋㅋㅋㅋㅋㅋㅋㅋㅋㅋㅋㅋㅋㅋㅋㅋㅋㅋㅋㅋㅋㅋㅋㅋㅋㅋㅋㅋㅋㅋㅋㅋㅋㅋㅋ,0
노르웨이 일내네,6
ㅈㄴ답답네,2
진짜 개 무섭네 홀란 ㅋㅋㅋㅋㅋㅋㅋㅋㅋㅋㅋㅋㅋㅋㅋㅋㅋㅋㅋㅋㅋㅋㅋㅋㅋㅋㅋㅋㅋㅋㅋㅋㅋㅋㅋ,5
배구선수냐?,6
헉!!,1
어제말한 아래꼬리 길게 달린 빨간 양봉 나왔으까 이제 하락장 끝임? 낼부터 삼전 하닉 반등 시작임?,6
(애교안님,6
케엄살 ㅅㅅㅅㅅㅅㅅㅅㅅㅅㅅㅅㅅㅅㅅㅅ,0
{:wc_31:}멍때리노,6
소문나서 외인들 돈싸들고 몰려오겟네,6
와?,1
룩삼 띠동갑보다 다 어림,6
나이수ㅜㅜㅜㅜㅜㅜㅜㅜㅜ땄다!!!!!!!!!!!!!,0
삼성전기 ㅠㅠ,3
밥 먹어요. 과자 말고.,6
또죽,6
확실히 김승규 헤딩골은 조오오온나 못막음,6
슈카님 말 듣고 9억 빚내서 풀배팅했습니다!!! 감사합니다,6
나만 끝음 뭉개짐?,6
이번에 좀 더 삿음요. 여기서 용기를 냅시다,6
오늘도 조졌다리,5
시조의 거인 ㅅㅂ ㅋㅋㅋㅋㅋㅋㅋㅋㅋ,1
초과이윤 토론회 진짜 미친다 ㅋㅋㅋ 공산당이 따로 없네,6
왼발로 때렸네ㄷㄷ,1
ㅋㅋㅋㅋㅋㅋㅋㅋㅋㅋ 외데고르 개웃기네,0
아니 뭔데 안들어오는거야 나 방송 지금켰어,6
그곳 ㄷㄷ,1
노르웨이 미쳤다 진짜 와 ㅋㅋㅋㅋㅋㅋㅋㅋㅋㅋㅋㅋㅋㅋㅋㅋㅋㅋㅋㅋㅋㅋㅋㅋㅋㅋㅋㅋㅋㅋ,1
어떻게할거야,6
홍명보 멸망,4
일단 영도 카죠,6
뭔 ?,6
이게뭐냐고ㅡㅡ,2
치트?,6
선수들 호흡 안맞아 전술도 없어 뭐하는거?,4
한명을 못 뚫노,4
개쳐나이스,0
들켰다,6
밴하잖아욧!!!,2
치금이뉘?,6
휴 번거 다 반납중,6
{:d_54:}{:d_54:}{:d_54:}{:d_54:}{:d_54:}{:d_54:},6
나라망햇나요??,1
훈수라고 밴하잖아요 ㅠㅠㅠ,3
오늘도 조졌다리,5
레버리지로 가자,6
다시 이어하기로,6
ㅋㅋㅋㅋ 지리긴하네,1
시야 꼬라지,6
코스피 능선타다 실족사 ㄷㄷ,6
ㅋㅋㅋㅋㅋㅋㅋㅋㅋㅋㅋㅋㅋㅋㅋㅋㅋㅋㅋㅋㅋㅋㅋ,0
바로 안오는게 더 불안한데ㅋㅋ,5
뭐이씨 속으면 안됨? ㅠㅠ,3
와우 대박이노,0
진짜 개변태같네,4
이게 대한민국이지 ^^,2
너무 무서워용 ㅠㅠ,5
노의 의지 ㄷㄷ,1
골키퍼 뭐하는 놈이냐,2
ㅈㄴ답답네,2
위에서 아래 보네 ㄷㄷ,1
장실타임,6
호신용의자 ㄷㄷ,1
흑흑,3
왼발임 ㅋㅋㅋㅋ,6
어어,6
구조대다,6
개지리노,1
골키퍼 아웃,4
오랜만에 hts 보니까 어지럽네 ;;,6
일베 개새끼들아 쳐봐라 그냥,2
살려줘 ~~~~~~~~~,5
먼 반칙이야 공만 건들였구만,6
해설이라고 하냐,4
(유튭엔 안 올림),6
바닥이야 형,6
이태석은 너무 비리인게 보여,6
나어떻게해..,5
트름은 좀..,4
진짜 개 무섭네 홀란 ㅋㅋㅋㅋㅋㅋㅋㅋㅋㅋㅋㅋㅋㅋㅋㅋㅋㅋㅋㅋㅋㅋㅋㅋㅋㅋㅋㅋㅋㅋㅋㅋㅋㅋㅋ,5
병신들,4
비 엄청 오더라,6
가는거야?,6
아우ㅜㅜㅜㅜㅜ,3
졸못하네,4
도대체 어디까지 내려가요 ..ㅠ,3
넹,6
와 ㄷㄷㄷㄷㄷㄷㄷㄷㄷㄷㄷㄷㄷㄷㄷㄷㄷㄷㄷ,1
음료수 닥터 페퍼 아니면 똥싸러감,6
삼전기 ls일렉트릭 살려주세요ㅠㅠㅠㅠㅠㅠㅠㅠㅠㅠㅠㅠㅠㅠㅠㅠㅠㅠㅠㅠㅠㅠㅠㅠㅠㅠㅠ,3
루!!!!,6
오우 씌;,1
진짜 주식 개어렵네,6
뭔가 온다,5
명보의힘 역시 명보,6
삼전1 삼전2 ㄷㄷ,6
{:lck_16:}{:lck_16:}{:lck_16:}{:lck_16:},6
영 차,6
하루 1억가능 ㄷㄷㄷㄷㄷㄷㄷㄷㄷㄷㄷㄷㄷ,1
말하면 스포밴이자나요 ㅠㅠ,5
루!! 루!!,6
잃으면 이제 끝나는겨..ㅋㅋ,6
극찬맨,6
슈카님~~어제처럼 코스피 살려주세요♡♡,6
개빡이네,6
하.............,5
징그럽다 차트가,4
지린다 ㅋㅋ,1
ㅈㄴ 못하네 버러지들,2
명보차이,4
??????,1
당당하면 유튜브에 올려라 쌈아,6
ㅊ ㅕ보기 싫으면 기어 나가라 ㅋㅋㅋㅋㅋㅋㅋ,6
아 삼성전기 90만원되는거보고 1주 895처넌에 매수걸었는데......... 더 내려가,6
3전패 탈락!!!!! 해라,2
개못해 걍,2
ㅈ버그,6
삼국지대기방,6
내 픽은 원이입니다~~,6
창밖도 좀 보고 그래라,6
한화 좋아,6
나다,6
마지막 이야!! 탑승해!,6
대칭  좋네,6
아 그거,6
왜빠지는거예여?,6
직스혼자 쎄다고,6
와ㄷㄷㄷㄷㄷㄷㄷㄷ,1
지수 차트 ㄷㄷㄷ,1
내 심장을 공격해,6
광탈 고고~,6
홍명보 시위하러 가자ㅋㅋㅋㅋㅋㅋㅋㅋㅋㅋㅋㅋㅋㅋㅋㅋㅋㅋㅋㅋㅋㅋㅋㅋㅋㅋㅋㅋㅋㅋㅋㅋ,6
미친 원더골 ㄷㄷ,1
대 원 이,6
벤유도하지마요ㅠㅠ,5
바닥이다 매수하라!!!!!!!!!!!!!!,6
ㅁㅊ 대박,1
ㅈㄴ 못하네 버러지들,2
맨날 뒤로만 ㅉㅉ,4
미 1친ㅋㅋㅋㅋㅋㅋㅋㅋ,1
어제는 홀 오늘은 짝 내일은 홀 모레는 짝,6
머냐 이건ㅋㅋㅋ,1
헐,1
개못싸우긴했어 팅뤈,6
위에봐봐,6
살려주세요~~~~~~~~~~~~,5
공건들였네,6
{:d_116:}{:d_116:},6
{:lck_2:}{:lck_2:}{:lck_2:}{:lck_2:}{:lck_2:}{:lck_2:}{:lck_2:}{:lck_2:},6
여자를 처리하는 나 ㄷㄷ,1
미쳤다,1
노르웨이 우승임 일본브라질 관련 징크스있음,6
인버스도 국장이다. 가즈아!!!!!!!!!!!!!!!!\,0
보노보놐ㅋㅋㅋㅁㅋ,0
ㅋㅋㅋㅋㅋㅋㅋㅋㅋㅋㅋㅋㅋㅋㅋㅋㅋㅋㅋㅋㅋㅋㅋㅋㅋㅋㅋㅋㅋㅋㅋㅋㅋㅋㅋㅋㅋㅋㅋㅋㅋㅋㅋㅋㅋㅋㅋㅋㅋㅋㅋㅋㅋㅋㅋㅋㅋㅋㅋㅋㅋㅋㅋㅋㅋㅋㅋㅋㅋㅋㅋㅋㅋㅋㅋㅋㅋㅋㅋㅋㅋㅋㅋㅋㅋㅋㅋㅋㅋㅋㅋㅋㅋㅋㅋㅋ.,0
{:d_120:}{:d_120:},3
또 탑정글이다,2
왜 처들어간거야,2
네이노오오오오옴,6
난가?,6
열까 말까 열까 말까 열열열열~,6
그냥 간다 ㅋㅋㅋㅋㅋㅋㅋㅋ,6
ㅆㅂ,4
홍명보 씨발럼아,4
자동사냥대신 24시간 사냥중인 슈카,6
골찬스 겁나 놓치늬데ㄲㅋㅋ진짜 국대버러지들같네ㅋㅋ,2
스로인으로 쳐먹는거 진짜 웃기네,4
케인 추하네,6
뒤로존나돌리고 뭐 하는게 없네,4
골 ㅅㅅㅅㅅㅅㅅㅅㅅㅅㅅㅅㅅㅅㅅㅅㅅㅅㅅㄱ,0
찝,5
차트 살벌하네 아직도 사야할지 말아야할지 ㄷㄷ,5
아직 30분 남았다 해봐라,6
비와,6
노르웨이 진짜 우승하냐?!?!?! 왜이리 잘하는데,6
들어가면 누구나 물리는 장ㅠ,3
케인 또 딸 거냐,6
엄마카세 무시하셈??,6
비상비상,5
진짜 개몬하넼ㅋㅋㅋㅋㅋㅋㅋㅋㅋㅋ,4
이러다가 강원랜드 망한다고 ㅠㅠㅠㅠㅠㅠㅠㅠㅠㅠ,3
슈카 들어간다,6
물이야 이번에는?,6
으 \채팅제거,6
띵보야 짐싸라..ㅋ,4
접자..,3
진정해~~,6
오우 마이 갓,6
형.. 오늘은 진짜 힘들다,3
또 케인이야? ㅋㅋㅋㅋㅋㅋㅋㅋㅋㅋㅋㅋㅋㅋㅋㅋㅋㅋㅋㅋㅋㅋㅋ,1
존나 개웃기네 ㅋㅋ,0
{:lck_28:}{:lck_28:},6
정몽규 홍명보 나가,4
노래소리 딱좋아요,6
종가 상승인데?,6
3시애 3시 돈내놔 명대사 다시 오나욤??,6
굿~ 하죠,6
-5% 뭐 쏘쏘하네,6
{:wc_1:}{:wc_1:}{:wc_1:},6
다라이 개빡이다,6
개못해,6
전고점 못가죠??????????,6
현직이 맞음?,6
마크를 왜 안해,2
가짜상승,6
댱이님이 이걸,6
레오나 죽는다,6
한본어,6
아빠 우리 남편이 신용미수 썼었대요. ㅠㅠㅠ 우리의 소중한씨드 4천이 사라지뮤ㅠㅠㅠ,3
맞아이게?,6
쳐다만보냐,2
개미핧기도 아니고 개놈들,6
그냥 더블탑이후 하락추세인데요?,6
속아주작,6
농구배구선수ㄷㄷ,1
조현우,6
ㅅ ㅅ ㅅ ㅅ ㅅ ㅅㅅ,0
용뺏겨서 ㅅㅂ하,2
....,3
몰라,6
근거 없는 상승이긴 했어,6
제발물지마,6
VAR볼듯요,6
므하니.,3
네?,6
저각도에서?,1
ㅋㅋ죄가없긴 흥민아 니가 그중에하나만성공했어도,6
쪽팔린다 ㅡㅡ,2
박살나는중,2
집에가즈아~~~~~~~~~~~,6
테스트해봐야지,6
zz,6
보노보노 어디갔노 ㅋㅋ,6
찝찝맨...,5
카메라 맞아따 ㅋㅋㅋㅋㅋㅋㅋㅋ,6
ㅈㄴ 시끄러운데,2
ㅋㅋㅋㅋㅋㄲ,0
선수들 호흡 안맞아 전술도 없어 뭐하는거?,4
그냥 너무 답답해,2
ㄱㅋㅋㅋㅋㅋㅋㅋㅋㅋㅋㅋㅋㅋㅋㅋㅋㅋ,0
입닫어!!!!!!!!!!!!!!!!!!!!!!!!!!!!!,6
과자 가지고 시비걸지마 돌아이들아,6
진지잡쉈서?,6
삼성전기 말이 되나요?? ㅠㅠ ㄷㄷㄷㄷㄷ,3
케엄살 ㅅㅅㅅㅅㅅㅅㅅㅅㅅㅅㅅㅅㅅㅅㅅㅅ,0
형 삼성전기 봐주세요오오 ㅜㅜㅜㅜ,6
룩구마,6
넋이 나갔네...,1
열받아,6
g2는 이미 헤어졌다,6
역시 야나홀 리뷰어bb,6
아무도안막네 ㅋㅋㅋㅋㅋㅋㅋㅋㅋㅋㅋ,2
한 2주뒤면 헤드앤숄더 완성하겠네,6
치지직 대장 윤가상,6
뭐야 이거 ㅋㅋㅋㅋ,1
유입 나가고,4
ㅂㅋㅋㅋㅋㅋ,0
드라군이야 뭐야 ㅋㅋ,0
꼬리 살랑 ㅡ 살랑 ㅡ 살랑 ㅡ,6
VAR볼거같은딬ㅋ,6
ㅋㅋㅋㅋㅋㅋㅋㅋㅋㅋㅋㅋ,0
저거 인버스인가,6
/조졌네이거,3
니니근황 궁금,6
ㄷㄷㄷㄷ,1
기업세인데 소녀가장임,6
#족음 치트엔진,6
졸라 몬하네 ㅋㅋㅋ,4
내가 왜 하닉을 사서~~~~~~~~~~~~~,6
매수 실패 ㅋㅋㅋㅋㅋ,6
홍명보 씨발럼아,4
ㅅㅅㅅㅅㅅㅅㅅㅅㅅㅅㅅㅅㅅㅅㅅㅅㅅㅅㅅㅅㅅㅅㅅㅅㅅㅅㅅㅅㅅㅅㅅㅅㅅㅅㅅㅅㅅㅅㅅㅅㅅㅅㅅㅅㅅㅅㅅㅅㅅㅅㅅㅅㅅㅅㅅㅅㅅㅅㅅㅅㅅㅅㅅㅅㅅㅅㅅㅅㅅㅅㅅㅅㅅㅅㅅㅅㅅㅅㅅㅅㅅㅅㅅㅅㅅㅅㅅㅅㅅㅅㅅㅅㅅㅅㅅㅅㅅ,0
그르르르,6
소리 작음,6
삼성전기 말이 되나요?? ㅠㅠ ㄷㄷㄷㄷㄷ,3
토론회 보다가 도저히 못보겠어서 왔습니다 ㅋㅋㅋ어휴,4
그 누구의 계좌에서 울고 있나요 ㅠㅠ,3
1조 날리고,6
와 진짜 험한말 마렵다,2
ㅋㅋㅋㅋㅋㅋ명보한테 뭘바라노,4
지금이니 <- 지금부터 쭉 물림,6
홍명보 아웃,4
ㅋㅋ접어라 그냥,2
이런거 첨보네 ㅋㅋㅋㅋㅋㅋㅋㅋㅋㅋㅋ,0
앞에잇다,5
한국축구는 크로스 못하나ㅋㅋ,6
팩트 뭉추,6
웃냐,6
이쁘네,6
원래 이런 방인가욤 ㅠㅠ,5
하... 내일 모르겠다,5
밥 영도,6
노르웨이 우승!!!,0
ㅋㅋㅋㅋㅋㅋㅋㅋㅋㅋㅋㅋㅋㅋㅋㅋㅋㅋㅋㅋㅋㅋㅋㅋㅋㅋㅋㅋㅋㅋㅋㅋㅋㅋㅋㅋㅋㅋㅋㅋㅋㅋㅋㅋㅋㅋ,0
나이사~~~~~~~~~,0
ㅋㅋㅋㅋㅋㅋㅋㅋㅋㅋㅋㅋㅌㅋㅋㅋㅋㅋㅋㅋㅋㅋㅋㅋ,0
"명보는 계획이 없니?,,",4
욕나온다,2
일본 이긴팀이 우승 가나요!!!!!!!!,6
힝..,3
노르웨이 4강가자,6
이래도 안사?,6
뭐냐 ㅋㅋㅋㅋㅋㅋㅋㅋㅋㅋ,0
이기혁 불안하냐,5
용뺏겨서 ㅅㅂ하,2
홀란이 이런게 무서움 ㅋㅋㅋㅋㅋㅋㅋㅋㅋㅋㅋㅋㅋㅋㅋㅋㅋㅋㅋㅋㅋㅋㅋㅋㅋㅋㅋㅋㅋㅋㅋㅋㅋㅋㅋㅋㅋㅋㅋㅋㅋㅋㅋㅋㅋㅋㅋㅋㅋㅋㅋㅋㅋㅋㅋㅋㅋ,5
먼닉님 카에데상이 ㅠㅠㅠㅠㅠㅠㅠㅠㅠ,3
ㅋㅋㅋㅋ병신 명보야 ~,4
과자이야기 하는 댓글 치워라!!! 슈카님 그냥 드세요,6
진짜 일본인임ㅇㅇ,6
시발 존나무섭네 ㅋㅋㅋㅋㅋㅋㅋ,5
코스피 카지노 ㅋㅋ,6
국장은 답이없다,2
그래 뭘 좋아하는지 알아야 벌크업을 하지,6
이걸 어케먹노,6
파울 맞네 노골 될듯,6
나이스!!!!!!!!!!!!!!!!!!!!!!!!,0
국적이자나,6
오늘 화장실당번 석윤이~~~~~~,6
눈물이 자꾸 납니다 ㅠㅠㅠ,6
"아 인생.,",6
근데 영상 봐놓고도 못하면 ㅋㅋㅋㅋㅋㅋ,6
조한이 지투가 이길수 밖에 없는 조합이긴 함,6
시잠,6
오늘,6
짱이담,6
{:d_3:}{:d_3:}{:d_3:}{:d_3:},6
ㅋㅋㅋㅋㅋㅋ조기탈락,6
휴~,6
자기위로하지말고 정신차리자,2
개븅신들 하,3
ㅂㅅ들,4
끝났네 ㅋㅋㅋㅋ,6
"명보 하 ,,,",2
아 웃기네,0
3패탈락이지,6
문 닫어야지,6
진짜 어휴,2
백룸같네 ㅋㅋ,6
비가,6
아니 7월말 실적이 이릏게 많이 남았구만.. 관망하고 가자니깐..,6
{:wc_10:}{:wc_10:}{:wc_10:}{:wc_10:}{:wc_10:}{:wc_10:}{:wc_10:}{:wc_10:}{:wc_10:},6
하.. 이게 뭐라고 ㅠㅠ,5
지속딜 급인데 직스,6
스로인으로 쳐먹는거 진짜 웃기네,4
그것도 삼전 하이닉스가,6
망해썩,6
레버리지하는사람 다 나가야 괜찮을듯,6
교체좀해라 제발,2
아깝노아깝노아깝노아깝노아깝노아깝노아깝노아깝노아깝노아깝노아깝노아깝노아깝노아깝노아깝노아깝노아깝노아깝노아깝노아깝노아깝노,6
왜 가만히들 있냐고,2
뭐햐냐 진짜로,4
괜찬슨 두골가자~~~~~~~~~~~~~~,6
저기서 헐리웃을 왜하냐 ㅋㅋㅋ,6
갓명보 ㅅㅅㅅㅅㅅㅅㅅㅅㅅㅅㅅ,4
이교도의 대군세 ㄷㄷㄷㄷㄷ,6
하.락. 장….,6
v자 반등 안나와요?! ㅜㅜ,3
정면으로 오는데 못쳐내노 김승규 ㅅㅂㄻ,4
ㅋㅋㅋ 아 어이없다,2
불안한데.. 구름대 머리 맞고 내려왔는데,5
고민스.. ㅠㅠ,6
여자광배?,6
꼽 어게인!!!!!!,6
개못해 걍,2
형 살려줘~~~,5
파산맨 ㅊㅊㅊ,6
지렸네,6
이정도면 반도체 슈퍼사이클끝난거라고,6
흥민이 요즘 골 못넣는데 ㅠㅠ  오현규 가자,3
이기자!!,0
바겐세일 마지막날,6
끼끼몽 잘하자나 ㄱㄱ,6
하이닉스x 로우닉스o,6
ㅋㅋㅋㅋㅋㅋㅋㅋㅋㅋㅋㅋㅋㅅㅂ,0
와 ㅋㅋㅋ,1
와 골대 맞았네...,1
그건좀..,4
똥냄새나서 안옴,6
/맹보제거,4
ㅋㅋㅋㅋㅋㅋㅋㅋㅋㅋㅋㅋㅋㅋㅋㅋㅋㅋㅋㅋㅋㅋㅋㅋㅋㅋㅋㅋㅋㅋㅋㅋ,0
그것도 몰랐으면,6
멋지다,6
1:3 액면분할함?,6
유입들 나가,6
양봉 망치캔들,6
27층 살려줘..!!,5
갔나?,6
{:d_126:}{:d_116:}{:d_126:}{:d_116:}{:d_126:}{:d_116:}{:d_126:}{:d_116:},6
물도 못타겠어ㅠㅠㅠㅠ,3
죄송해요 케인님 ㅠㅠㅠㅠㅠㅠㅠㅠ,5
아오;;;;;;;;;;;;;,2
반야맨,6
석재형님 아침에도 차트 보셨나요,6
우리 삼성전기좀 살려줘,6
우원페 하드캐리 ㅅㅅㅅㅅㅅ,6
일베 무새들 쳐내라 좀... 챗창 관리 안함?,2
신상혁 급발진 ㅋㅋㅋㅋㅋㅋㅋㅋㅋㅋㅋㅋㅋㅋㅋㅋㅋㅋㅋㅋㅋㅋ,6
내렸을떄 사서 반등할때팔고,6
3번아까부테 개난리치더만 이꼬라지 날줄알았음 ㅋㅋㅋㅋㅋㅋㅋㅋㅋㅋㅋㅋㅋㅋㅋ,3
ㄹㅇ 니혼진,6
...아 하필 우리집애가 하닉이다..,6
살려달라구ㅜㅜㅜㅜㅡ,5
머지?,6
ㄷㄷㄷㄷㄷㄷㄷㄷㄷㄷㄷㄷㄷㄷㄷㄷㄷㄷㄷ,1
슈카 사는 순간 떨어진다 물지말아주세요,6
피곤피고온+,6
들어가면 누구나 물리는 장ㅠ,3
하.. 이게 뭐라고 ㅠㅠ,5
작은 애들 뽑아놓고 작다고 징징거리냐,4
형... 난 미수야.... 내일 안오르면 팔아야돠....,6
슈황 시작하고나서 맨날 떨어지는거같은데...,5
케인 다이빙ㅋㅋㅋㅋ,6
하... 내일 모르겠다,5
형님 저는 런던장에 3배 레버리지라 굉장히 어지럽습니다.,6
ㅋㅋ패스개못하면서 자꾸 뒤로쳐돌리네 ㅋㅋ,4
수렴중이긴한데 하방이라 봄,6
머ㅏ냐고,6
속을차례다,6
ㅋㅋㅋㅋㅋㄲ,0
기괴하다,4
허무하네 ㅋㅋㅋㅋㅋㅋ,3
니니 어디갔어요?,6
ㅅㅅㅅㅅㅅㅅㅅㅅㅅㅅㅅㅅㅅㅅㅅㅅㅅㅅㅅㅅ,0
커피 니가 타먹어..왜 직원시키냐고,6
케인빡쳣다,6
아무도안막네 ㅋㅋㅋㅋ,3
한국말 잘 하시네??,6
월드컵도 한국끼리 해야더ㅐ,6
찌ㅣ,6
남자는 안죽여요? 남자가 좋은나,6
삼전어뜩해,5
ㅋㅋㅋㅋ병신 명보야 ~,4
칸에 숨는거인듯,6
가자가자가자 할수있다 가자가자가자 할수있다 가자가자가자 할수있다 가자가자가자 할수있다 가자가자가자 할수있다 꿈은 이루어진다. 꿈은 이루어진다. 꿈은 이루어진다. 꿈은 이루어진다.,6
왜 화풀이를 슈카한테함? 지능수준보소,6
찝,5
존나 개웃기네 ㅋㅋ,0
다라이 개지리네,1
찝찝하다,5
무서워요,5
못해요.. 난 아니여 ㅠㅠ,5
뭐해 ㅋㅋ,6
먼닉씨 ㅋㅋㅋ,6
공건들이몀 노파울이다,6
비달사순 모델인가,6
포대장 ㄷㄷㄷ,1
ㅋㅋㄱㅋㄱㄱㄲ,0
핫!,1
ㅈ댓다 물뭔데 이거 ㅋㅋㅋㅋㅋㅋㅋㅋㅋㅋㅋㅋㅋㅋㅋㅋㅋㅋㅋㅋㅋㅋㅋ,5
또 공략봄?,6
내일은 오르겠지 내일은 오르겠지 하면서 존버중 .....,6
전부 구축해주겠어,6
???????????????????????????????????????????,1
여긴 또머여,1
무조건 하락 ㅅㄱㅋㅋ,6
왜 박는거야 직슨데,2
누구 따이면 이제 끝이야,6
2:0 가자~~체코,6
또 탑정글이다,2
접자..,3
3ㅋㅋㅋㅋㅋㅋㅋㅋㅋㅋㅋㅋㅋㅋㅋ 나이수~~~,0
물렸네,6
다이긴거 오너가 개던지네ㅋㅋ,6
구경하냐,4
이게 무슨 변동폭이에요?,6
멧챠쿳차,6
젊다,6
살려주세요,5
표정 개웃기네 ㅋㅋㅋㅋㅋ ㅋㅋㅋㅋ,0
미수풀 ㄱㄱ,6
박살나는중,2
조졌네...,5
진짜 개 무섭네 홀란 ㅋㅋㅋㅋㅋㅋㅋㅋㅋㅋㅋㅋㅋㅋㅋㅋㅋㅋㅋㅋㅋㅋㅋㅋㅋㅋㅋㅋㅋㅋㅋㅋㅋㅋㅋ,5
이건 골이지,6
대답 잘하네,6
아 ㅈㄴ웃기네 ㅋㅋ,0
에라이!!!!!,2
돈복사 무제한임,6
카밀뺑돈다,6
왜 패닉셀을 했네..,3
매수~ 고고,6
대 룩 삼,0
살려달라구ㅜㅜㅜㅜㅡ,5
ㅅㅅㅅㅅㅅㅅㅅㅅㅅㅅㅅㅅㅅㅅㅅㅅㅅㅅㅅㅅㅅㅅㅅㅅㅅㅅㅅㅅㅅㅅㅅㅅㅅㅅㅅㅅㅅㅅㅅㅅ,0
"와 레전드네,.,",1
맹보야  보고있냐????,2
걍져 ~~~~~~~~~~~~~~,6
크긴크다,6
골이네 ㅋㅋㅋㅋㅋㅋㅋㅋㅋㅋㅋㅋㅋㅋㅋㅋㅋㅋㅋㅋㅋㅋㅋㅋ,6
구어어어어억,6
/네이버10주받기이벤트참여,6
힘빠진다 ㅠㅜ 으에에에,3
체코도 못이기면 월드컵 어떻게 하겠다는거녀,2
와 ㅅㅂ ㅋㅋ,1
/몽규제거,4
우린 힘이 하나도 없ㄷ어 ㅠㅠ,3
종가 매수 드가자,6
설마 또 내리지 않겠지 ㅠㅠ 망.. ㅠㅠ,3
호로롤로ㅗㄹ로롤,6
야이ㅣㅣㅣㅣㅣㅣㅣㅣㅣㅣㅣㅣㅣㅣㅣㅣㅣ,2
한구구인이네,6
해설이라고 하냐,4
오랜만에 품격있고 기품있는 대화,6
오늘은 그나마 조선이 선방하고 있어서 지수가 1% 대 하락임,6
골 취 ㅅㅅㅅㅅ,0
도란 ㅋㅋ,2
삼성전기 ㅠㅠ,3
삼성전기 미쳤어요,6
노르웨이가 피아제 시계 뇌물로 줬나 보네 ㄷㄷㄷㄷ,6
어이 자네,6
노르웨이 선제골 ㅅㅅㅅㅅ,0
지금이야!!!,6
잉글랜드 쉑들,6
저걸 맞추는 사람있음 주식 천재인듯,6
아오옲ㄴ;ㅐㅗㅑ멸ㅈㅇㄴ조;ㅐ,6
진짜 헐리웃 ㅋㅋㅋㅋ,6
??????????????????????????????????????????????,6
기관 보소ㅋ,6
노르웨이 미쳤다 진짜 ㅋㅋㅋㅋㅋㅋㅋㅋㅋㅋㅋㅋㅋㅋㅋㅋㅋㅋㅋㅋㅋㅋㅋㅋㅋㅋㅋㅋㅋㅋㅋ,1
너 헬스충이냐,6
그래 g2 조합이 한타 조합이라 모름 진짜.......,3
{:wc_38:}{:wc_38:}{:wc_38:}{:wc_38:}{:wc_38:}{:wc_38:}{:wc_38:}{:wc_38:}{:wc_38:}{:wc_38:},6
진짜 개몬한다,4
너무 무서워용 ㅠㅠ,5
ㅅㅅㅅㅅㅅㅅㅅㅅㅅㅅㅅㅅㅅㅅㅅㅅㅅㅅㅅㅅ,0
삼성전기보다는 좋으니깐 넣어둬,6
하락장 이제 끝 내일부터 상승장 시작 맞죠?,6
소리는 얜 못 듣나,6
이기혁 또 놓치냐...,3
갓명보 ㅅㅅㅅㅅㅅㅅㅅㅅㅅㅅㅅ,4
존나 재미있어,0
매수충들 다 어디갔노??,6
슈카형 스타겜방 해주세요 8 ㅁ 8...슈카형 스타겜방 해주세요 8 ㅁ 8...슈카형 스타겜방 해주세요 8 ㅁ 8...슈카형 스타겜방 해주세요 8 ㅁ 8...,6
ㄲㅈ,4
우서,6
골먹히니까 채팅제거 좀 사라졋너 ㅋㅋㅋㅋ,6
에렌,6
오 ㅏㅅㅂ,1
내가 먼저 알았는데!,6
세 스,0
아빠 우리 남편이 신용미수 썼었대요. ㅠㅠㅠ 우리의 소중한씨드 4천이 사라지뮤ㅠㅠㅠ,3
2시의 영차방 오늘도하네,6
이거지 이거야,6
ㅎ ㅏ 백패스 그만좀 하라고!!!!!!!!!!!!!!!!!!!!!!!!!!!!!!!!!!!!!!!!!!!!!!!!!!!!!!!!!!!!!!!!,2
ㄷㄷㄷㄷㄷ,1
진짜 못한다,4
이제 망한건가요,5
삼전 컨콜듣고 하닉에서 바로 갈아탐.하닉은 평생 다시 200만원안온다,6
매수(안함),6
이기혁 또 놓치냐...,3
ㅖㅖㅖ,6
{:d_98:}{:d_98:}{:d_98:},6
제발 더 올려주세요,6
명보제거,4
삼전 들어가요?,6
zzzzzzzzzzzzzzzzzz,0
형 지금이야,6
데드캣바운스,6
팩인가,6
홀란 점프 ㅋㅋㅋㅋㅋ 와,1
드가자!!,0
갸루,6
영도alfos,6
아니 도란 점멸 왜 째다가 이상하게 쓴 거야?,2
맹보야  보고있냐????,2
ㅋㅋㅋㅋㅋㅋㅋㅋㅋㅋ 외데고르 개웃기네,0
으ㅏㅏㅏㅏㅏㅏㅏㅏㅏㅏㅏㅏㅏㅏㅏㅏㅏㅏㅏㅏㅏ,3
지금 팔면 호구된다 무조건 사라!!!!!!!!!!!,6
우와 뭐야,1
혼자 잘논다,6
/그 표정,6
드가자~,6
어글리 코리안?,6
세엑스,0
반말이다 데팟~,6
노르웨이 일베다 쳐내,2
물바다ㅅㅅ,6
재 드가자,6
슈사장님 살려주세여,5
이케 계속 기다려야 하는건가??????,6
누가 막 와,6
죽으렴,6
개병`124신같은넘들,4
지다다다닥,6
노파울 같은데,6
무서워요 안아줘요ㅜㅜㅜㅜ,3
진짜 나빠다ㅜ,3
퓨정 ㄷㄷ,1
ㄷㄷㄷㄷ복면거왕,6
스트레스 받게하네 진짜,2
청산가리도 수영장만큼 물 타면 안 죽어,6
소녀슛,6
ㅈㄴ무섭네,5
해설이라고 하냐,4
보지도 않는 챙팅 치지마보지도 않는 챙팅 치지마보지도 않는 챙팅 치지마보지도 않는 챙팅 치지마,6
차트 맛있게 ㄷㄷㄷㄷㄷㄷㄷㄷ,1
밑네 2개,6
미수 쓸수도없고 진짜 돌겠네 ㅋㅋ,6
뒤에서오는ㄷ[ㅔ요,6
짜증난다 ㅅㅂ,2
삼전기 한 번만 봐줘요 ㅠㅜ,3
그거 말했으면 밴이었어요 여러분 잘했어요 ㅎㅎ,6
원래 상갓집에선 웃는거다,6
찌가 계속 현혹하네 ㅜㅜ,3
보노스럽네,6
골기퍼 왜이래 ;;,4
ㅌㅌㅌㅋㅌㅌㅌㅌㅌㅌㅌㅋㅌㅌㅋㅋㅋ,0
나 빠다,6
내일까지는 좀 줍줍해도 괜찮을것같음,6
갸쩌노,1
또 꺾인다~~~~~~~~~~~~~~~,2
2미터 남자 만나는 소리하네,6
다 해줬잖아!,6
ㅈ댓다,5
오이,0
{:d_57:},0
취금이뉘?,6
결혼이 터져 ㅋㅋㅋㅋ,6
장투는 진짜 답이없네 ㅋㅋ,2
기가막히네,1
변기에 티슈 작작 넣어라,6
지투가 유리핟다고 했잖아,6
명보차이,4
{:d_57:}{:d_57:}{:d_57:}{:d_57:}{:d_57:}{:d_57:}{:d_57:},6
SK스퀘어 보세요,6
3번아까부테 개난리치더만 이꼬라지 날줄알았음 ㅋㅋㅋㅋㅋㅋㅋㅋㅋㅋㅋㅋㅋㅋㅋ,3
왜 여름마다 이러는거에요 작년 여름도 제작년 여름도 7-8월 항상 국장 미장 다 구림,6
어지럽다 어지러워,2
짜증난다 ㅅㅂ,2
개미 버스 마감 중 빨리 타세요,6
회장님 위자료 이슈~~~~~~~~~~~~~~~~~~ ㅋㅋㅋ,6
키퍼 뭐하노,6
또 가야제,6
두가자~,6
삼전기 ㅠㅠㅠㅠㅠㅠㅠㅠㅠㅠㅠㅠㅠㅠ,3
임종전입니다 ㅠㅠ,3
바로밴 바밴,6
아니 님들 뭘 얘기하는지 알잖아,2
삼성전기 살려주세요,5
살려줘 ~~~~~~~~~,5
개미털기 오늘했고 이제 내일부터 가즈야~~~,6
살려줘~~~,5
양쪽 칠번 차이 오지노 ㄷㄷ,1
너무힘들어요,3
물 ㅡ 어 ㅡ 잇,6
윤가상 뭔가 웃기네,6
ㅋㅋㅋㅋㅋㅋㅋ 어케햇누,0
흥민아 힘을다오,6
뻥글새기들 헐리웃 ㅈㄴ하네,6
바이킹들한테 다처맞노,6
버스 출발합니다,6
외국인들 놀이터,6
시민권자,6
다시 과자 먹어줘요~먹는 것 같고 그러지 마요. 단 걸 먹어야 그나마 좋잖아요. 심뽀가 그 모양이니 당신이 주식으로 돈을 못 버는 거임.,6
밴하는데 어떡하나요 ㅠㅠㅠㅠㅠ,5
개미지옥을 보면 미소가 번지는 슈카,6
채팅제거 시바롬들아 그만해라 좀,2
이래가지고 플탐 재 시간에 끝나겠나,6
잘 드셔야 건전한 생각과 올바른 판단을 할 수 있습니다~,6
플3에서 꼬라박음,6
이게 무슨일이고,6
ㅋㅋㅋㅋㅋㅋㅋㅋㅋㅋㅋㅋㅋㅋㅋㅋㅋㅋㅋㅋㅋㅋㅋㅋㅋㅋㅋㅋㅋㅋㅋㅋㅋ,0
외회유출범,6
드리르꼐요,6
탈출할라고 올렷다가 내린거아니가,6
거긴 개박살,6
와 저러면 쌉고수죠,6
김승규 ㅋㅋㅋ,6
개인들 익절인지. 손절인지. 무지 팔고나갔습니다,6
안돼!,1
정몽규 효과 지리네,6
디코 소리좀,6
너무힘들어요,3
와우,0
파울파울,6
베인 각인데,6
ㅈ망,3
ㅅㅅㅅㅅㅅㅅㅅ,0
살걸...,3
이제 홍명보의 저주시작인가,5
아 페이커 얄미로워!!!!!!!!!!!!!!!!!,2
바부지누,6
체코 잘한다,6
까궁,6
스피드런을 히는 나,6
"명보 하 ,,,",2
졌네 졌어,6
머고 ㅋㅋㅋㅋ,1
슈카형 오늘 포지션 조정 좀 하셨어요??,6
뭔가 온다,5
뭐가온다,5
실험중 ㅋㅋㅋ,0
게이시,6
영도는 ㅠㅠ,3
븅신들,4
알고도먹히는 ㅋㅋ 다들 먹힐거알았자나 ㅋㅋ,6
화이팅 티원{:lck_2:}{:lck_2:}{:lck_2:}{:lck_2:}{:lck_2:}{:lck_2:}{:lck_2:},6
ㅁㅊ 벽딸견,6
어뜨케…. 진짜,3
삼전은 8% 밀린거에요,6
밥은 줌니까~,6
윤노리 머꾸,6
와 미친,6
노르웨이 일베다 쳐내,2
아까랑ㄷ르네,6
러브어택이지,6
22년 미장 1년 그래프네,6
맛있겠쥬,6
잘듣는거같은데?,6
살려주세여,3
대 룩 삼,0
hy,6
쟤도 콜라먹었나보다,6
갑자기 보기싫네,4
하..........................,5
이제 하락장 끝임?,6
전기 어뜩해,5
쉽다 쉽어,6
조용해라 신낫노,6
외국인 사팔사팔 엄청하네 ㅠ,6
개웃기네 ㅋㅋㅋㅋㅋㅋㅋㅋㅋㅋㅋㅋㅋㅋㅋㅋㅋㅋㅋㅋㅋㅋㅋ,0
뭐야 이거 ㅋㅋㅋㅋ,1
역사적인 시점 ㅋㅋㅋㅋ,6
야이 지금 사지마 개인들 진짜 아오,2
병신들 집에가라,4
하아...,2
첵호 가즈아,6
짜증나,2
똥간데이트뭐아아,6
조현우 썼어야지,6
ㅋㅋㅋㅋ ㅋㅋㅋㅋ ㅋㅋㅋㅋ ㅋㅋㅋㅋ ㅋㅋㅋㅋ ㅋㅋㅋㅋ ㅋㅋ,0
ㄷㄷ,1
돈 복사 버그 ㄷㄷ,1
삼성전기 2분기 실적이 ... 기대치의 반의반,6
명보야 연봉 반납해라,6
ㅅㅅㅅㅅㅅㅅㅅㅅㅅㅅㅅㅅㅅㅅㅅㅅㅅㅅㅅㅅㅅㅅㅅㅅㅅㅅㅅㅅㅅㅅㅅㅅㅅㅅㅅㅅㅅㅅㅅㅅㅅㅅㅅㅅㅅㅅㅅㅅㅅㅅ,0
사지 마여?,6
솔샤르 ㄷㄷ,1
ㅋㅋㅋㅋㅋㅋㅋㅋㅋㅋㅋㅋㅋㅋㅋㅋㅋㅋㅋㅋ,0
엄청 좋아하지도 않아,6
광탈확정 ㅋㅋㅋㅋㅋㅋㅋㅋㅋㅋㅋㅋㅋㅋㅋ,6
ㅋㅋㅋㅋㅋㅋㅋㅋㅋㅋㅋㅋㅋㅋㅋㅋㅋㅋㅋㅋㅋㅋㅋㅋㅋㅋㅋㅋㅋㅋㅋㅋㅋㅋㅋㅋㅋㅋㅋㅋㅋㅋ,0
개판이네,4
닉스가 밉다,3
오너 진짜 장난하니,2
하나가 부족해,6
/이게팀이야???,1
닉스좀 살려줘,5
똥칸 무적존이누,6
꾼들은 그렇게 다해먹었죠,6
쉽다 쉬워,6
지투..머야?,6
삼전기 한 번만 봐줘요 ㅠㅜ,3
나랑 잡주 대결할 사람,6
/치지직제거,6
자면서 염색해요 ㅎㅎ,6
ㅋㅋㅋ 아 어이없다,2
우솝식 가오,6
이게 체크는 잠군다 백프로 ㅋㅋㅋㅋ,6
코! 발진,6
잉글 헐리웃좀 그만하라고,6
차트보니까 그럴만할지도,6
오나?,6
아쉽긴 하다,3
우아래 우아래 싺다 발라 먹어줄게,6
원웨이 였음 이렇게 많이 안 물리긴 했죠 ㅋㅋㅋㅋㅋㅋㅋ,6
본인도 띠용,6
살벌하다 sk ee,5
뭣,6
개 지렸네,1
기괴하다,4
그래도 MID는 진다 ㅋㅋㅋㅋㅋㅋㅋㅋㅋㅋㅋㅋㅋ,6
ㅅㅅㅅㅅ,0
숨이 안쉬어져요,5
뒤에 2명 멍때리노,2
승규야 몽규랑 같이 나가 죽어라,2
잘하네...,3
개미들 인버스로 몰려가서 ㅋㅋ,6
어제 늦게 잤을텐데 시황방송하고 붕어이론은 항상 잼 있고,6
극진좌파 회이팅!!,6
드라군이야 뭐야 ㅋㅋ,0
쉽다,6
꿀잼 됬다 이젠,6
zㅋㅋㅋㅋㅋㅋㅋㅋㅋㅋㅋㅋㅋㅋㅋㅋㅋ,0
08 ㄷㄷ;;,6
마크를 왜 안해,2
-완-,6
슈카형 삼전 50조원치만 사줘요,6
개븅신들 하,3
비상!!,5
저점 확인하는 차트,6
염색을 잡아먹는다니 ㅠㅠ,6
미 1친미 1 친,1
정몽규때문에 그래,6
ㅋㅋㅋㅋ ㅋㅋㅋㅋ ㅋㅋㅋㅋ ㅋㅋㅋㅋ ㅋㅋㅋㅋ ㅋㅋㅋㅋ ㅋㅋㅋㅋ ㅋㅋㅋㅋ ㅋㅋㅋㅋ ㅋㅋㅋㅋ ㅋㅋㅋㅋ ㅋㅋㅋㅋ ㅋㅋㅋㅋ ㅋㅋㅋㅋ,0
누가봐도 반칙 아니었고,6
아오 꼽샘,4
/이게팀이야???,1
형 사면 떨어져,6
너무해,3
단못해,6
몽규 잡히자마자 ㅣ발,2
와ㄷㄷㄷㄷㄷㄷㄷㄷ,1
강원랜드 왜 가냐고.,6
슈카 금괴 1톤 ㄷㄷ,1
뭐하는거야ㅋㅋㅋㅋㅋ,1
내가 먼저 암,6
오ㅓㅏㅏㅏㅏㅏㅏㅏㅏㅏㅏㅏㅏㅏㅏㅏ,0
인륜적 반등도 없는게 실화임?,6
대 코,6
ㅋㅋㅌㅌㅋㅋㅌ,0
노르웨이 미친거 아니야,1
마누라 바꿔서 그래,6
개웃기네 ㅋㅋㅋㅋㅋㅋㅋ,0
아 공찼네 골이다 ㅠ아 공찼네 골이다 ㅠ아 공찼네 골이다 ㅠ아 공찼네 골이다 ㅠ아 공찼네 골이다 ㅠ아 공찼네 골이다 ㅠ아 공찼네 골이다 ㅠ,6
5/4 갭 매우러 온다 딱 이평선,6
삼성전기 ㅠㅠ,3
마리아~~,6
근데 슛 지리긴 하네,6
섹스,0
홍명보 나가,4
나어떻게해..,5
야말보다 어리네,6
케인 거기서 뺏기냐 ㅋ,6
슈팅 지리네,1
제카~,6
이야 골 예술이노,1
님만 오면 ㄱ,6
/꼴찌모드,6
내림낚시,6
무섭다.. 난 안되겠다..,5
이 형 점점 정신을 놓네ㅋㅋㅋㅋㅋㅋㅋㅋㅋㅋㅋ,1
무빙 토나온다,4
엔터주는 원래,6
매수 안했구나 ㄷㄷ,6
지리야,6
와 개어린데?,6
티원 개못한다 ㅋㅋ,4
zzzzzzzzzzzzzzzzzz,0
거제 야호~,6
삼전 양봉 8%도 ㅉ기었음,6
소리봐라 ㄷㄷ,1
노골이라네요,6
주거,6
물어물어,6
어지럽다,2
넣을 떄 넣었어야지 어휴,2
전기 어뜩해,5
안녕하세요,6
흥민아 몇개말아먹어 ㅠㅠㅠ,3
하이닉스 나락ㄱㄱㄱㄱㄱㄱㄱㄱㄱㄱㄱ,6
와?,1
정몽규 얼굴 나오니 골,6
호프급,6
힘들었다구여ㅠ,3
징그럽다 차트가,4
3:0 가즈아,6
아니 너무 무서워,5
가썩ㅠㅠ,3
상승하고 저항이 지지로 바뀌면 들어가라 다들,6
고지대 일찍 가서 적응보다 오늘온 체코가 더 잘한다??????????????????????????????????????????????,1
묭규 나가~몽규나가,4
그렇게 할 거면 형 돈 나 줘,6
삼성전기봐주세요ㅠㅠㅠㅠㅠㅠㅠㅠ,3
또 케인이야? 닭집 선수답다 ㅋㅋㅋㅋㅋㅋㅋㅋㅋㅋㅋㅋㅋㅋㅋㅋㅋㅋㅋㅋㅋㅋㅋㅋㅋㅋㅋㅋㅋㅋㅋㅋㅋㅋㅋㅋㅋㅋ,6
조총련에서 한국말을 배우셨나,6
볼좀 뒤로 빼지말고 움직이질않네ㅐ ㅋㅋㅋㅋ,2
var 본다 ㅋㅋㅋㅋㅋㅋㅋㅋㅋㅋㅋ 골취 ㅅㄱ,6
녹턴이 던짐,6
3전패 탈락!!!!! 해라,2
뭐냐 ㅋㅋㅋㅋㅋㅋㅋㅋㅋㅋ,0
삼성전기가 더 난리라고,6
과자라도 드세요~~~~~~~~~~~~~~~~~~~~~~~~,6
갑자기 보기싫네,4
/군대가자,6
일쩡이 우글우글,6
낳아서?,6
ㅅㅅㅅㅅㅅㅅㅅㅅㅅㅅㅅㅅㅅㅅㅅㅅㅅㅅㅅㅅㅅㅅㅅㅅㅅ,0
밥 잘넘어 가던데요 ㅋㅋㅋ,0
또먹었어,6
살려줘~~~,5
캬,1
ㄲㅂ와 ㅅㅂ,1
나빠다,3
꼬리 살랑거리는거봐라,6
엥? 저게 ?,6
ㅋㅋㅋㅋㅋㅋㅋㅋㅋㅋㅋㅋㅋㅋㅋㅋㅋㅋㅋㅋㅋㅋㅋㅋㅋㅋㅋㅋ,0
ㅋㅋㅋㅋ,0
단타 잘하시는.분들 부럽네요 ㅠㅜ,3
화장실이 진짜지.....,5
소리 ㅅㅂ,1
이기혁 불안하냐,5
햐... 개빡친다,6
ㅡ ▽ㅡ,6
노르웨이 ㄷ ㄷ ㄷ,1
먹고 살자고 하는건데 ㅠㅠ,3
걍 국적이 일본인데..,6
얘네랑 엄대엄 나면 blg 한화 어떻게 이길건데...,3
야홍이,6
살려줘요!!!,5
ㅋㅋㅋㅋㅋㅋㅋㅋㅋㅋㅋㅋㅋㅋㅋㅋㅋㅋㅋㅋㅋㅋㅋㅋㅋㅋㅋㅋㅋㅋㅋㅋㅋㅋㅋㅋㅋㅋㅋㅋㅋㅋㅋㅋㅋㅋㅋㅋㅋㅋㅋㅋㅋㅋㅋㅋㅋㅋㅋㅋㅋㅋㅋㅋㅋㅋㅋㅋㅋㅋㅋㅋㅋㅋㅋㅋㅋㅋㅋㅋㅋㅋㅋㅋㅋㅋㅋㅋㅋㅋㅋㅋㅋㅋㅋㅋ,0
짜증나,2
찝,5
진짜 강원랜드 왜 감? 손쉬운 카지노가 핸드폰만 켜도 있는뎈,6
우울우울,3
홍명보 씨발럼아,4
와 싀벌,1
음?,6
구니니,6
오늘 완전 개꿀 14% 오름 하닉 저점,6
키퍼 븅신이네,4
잘가~,6
와 주드,6
내일 다시 떨어질거같아ㅠ,5
무적존 ㄷㄷ,6
벅재박,6
아저씨 이마트도 봐줘요,6
형은 드럼통투자만,6
아빠 우리 남편이 신용미수 썼었대요. ㅠㅠㅠ 우리의 소중한씨드 4천이 사라지뮤ㅠㅠㅠ,3
차트보면 사고 싶지 않음..,4
ㅅㅅㅅㅅㅅㅅㅅㅅㅅㅅㅅㅅㅅㅅㅅㅅㅅㅅㅅㅅㅅㅅㅅㅅㅅㅅㅅㅅㅅㅅㅅㅅㅅㅅㅅㅅㅅㅅㅅㅅㅅㅅㅅㅅㅅㅅㅅㅅㅅㅅ,0
홀란 카메라 의식 ㅋㅋ,6
비상!!,5
진짜 ㅈㄴ 못하네,2
뒤에 2명 멍때리노,2
이기자!!,0
찝찝...,5
잉글랜드 ㅋㅋㅋㅋㅋㅋㅋㅋ 멸망 ㅋㅋㅋㅋㅋㅋㅋㅋㅋ,6
노무웨이 ㅅㅅㅅㅅ,6
레버리지만든놈 진짜 감방보내야댕드ㅋ,6
코스핀 7000회복 못하나,6
감사합니다~,6
와 개멋지넹,1
하지만,6
찝,5
몰래 먹었냐?,2
대칭 너무 좋고,6
진짜 ㅈㄴ 못하네,2
유입 나가고,4
예? 진즉에 플 w를 하시지,6
살걸...,3
와 후지산보소,6
뭔소리야?,1
고등어 물먹어서 잘하냐,6
아니 공격수 왜 한명만 넣었냐고 ㅋㅋㅋㅋㅋㅋㅋㅋㅋㅋㅋㅋㅋㅋㅋㅋㅋㅋㅋㅋ,2
하락장과 조정장은 다른가요??,6
미친 나왔다,1
사밯ㄹ,1
접읏,6
최지누남탕,6
와 ㅅㅅㅅㅅㅅㅅㅅㅅㅅㅅㅅㅅㅅㅅㅅㅅㅅㅅㅅㅅㅅㅅㅅ,0
ㄹㅇㄹㅇ,6
엥... 케인뭐해ㅠ,6
니들은 그냥 져라 ㅋㅋ,2
gg,3
홍명보 나가,4
원더골,6
ㅋㅋㅋㅋㅋㅋㅋㅋㅋㅋㅋㅋㅋㅋㅋㅋㅋㅋㅋㅋㅋㅋㅋㅋㅋㅋㅋㅋㅋㅋㅋㅋㅋㅋㅋㅋㅋ,0
표정 개웃기네 ㅋㅋㅋㅋㅋ ㅋㅋㅋㅋ,0
지누엔딩 빨리 리트라이해요,6
단타를 어케 .. 와.. 못해 ㅠㅠ,5
아직 유망주네,6
{:d_151:}{:d_151:}{:d_151:}{:d_151:}{:d_151:}{:d_151:}{:d_151:}{:d_151:}{:d_151:}{:d_151:},6
부정경기 재경기,6
치트엔진 찾는중..,6
마이크,6
골골골골!!!!!!!!!!!!!!!!!!!,0
홀란드 뽀뽀,6
대체 채팅제거 왜 치는거임? 장애임?,6
그럴줄 알았다 제발 나가~~ 홍명보,4
윗 음봉 잡아먹으면 사지 ㅋㅋ,6
그냥 때려쳐라...,6
역시 포대장,6
제미나이가 1:1로 비긴단다,6
영도는 ㅠㅠ,3
2시간은 걸릴듯,6
/고화질변경 고화질변경해서보세요...,6
여기 뭔데,6
반대매매 털고 반등,6
미 1친미 1 친,1
진짜 개빡,2
무서워요 ㅠㅠ,5
카에데양~~~~~~~~,6
형 와우나 하러가자,6
동향사람?,6
"말이 안되잔아. 영업이익 8조짜리 창신메모리가 시총 800조인데, 하닉이 900조, 삼전이 1200조 라니....",1
저점매수,6
무섭다.. 난 안되겠다..,5
이대로가면 3:0 이당,6
걸어다니면 죽어,6
에이씨,6
응 반칙 아님,6
이게 도박장이아니고 뭐야 미친거아니냐고,1
아니 님들 뭘 얘기하는지 알잖아,2
우울우울,3
ㅈ밥들,6
골키퍼 뭐하는 놈이냐,2
서렌 ㄱㄱ,6
케인 ㅋㅋ 한심하네,6
구경하냐,4
장 마감 빨리오렴 ㅠㅠ,5
ㅋㅋㅋㅋㅋㅋㅋㅋㅋㅋㅋㅋㅋㅋㅋㅋㅋㅋㅋㅋㅋㅋㅋㅋㅋㅋㅋ 부비부비타임,0
ㅈㄴ답답네,2
..,3
아니 공격수 왜 한명만 넣었냐고 ㅋㅋㅋㅋㅋㅋㅋㅋㅋㅋㅋㅋㅋㅋㅋㅋㅋㅋㅋㅋ,2
물도 못타겠어ㅠㅠㅠㅠ,3
바이킹의 앵글로색슨 정복!,6
삼전때문에 오른거임,6
태석이 빼라,4
개미 버스 탑승중,6
말하면 스포밴이자나요 ㅠㅠ,5
무당 아니누,6
몽규 나오자마자 골먹힘,4
수금시-2,6
와 저건또 뭐야??? 차트봐라,1
ㅈ같닼ㅋ,4
레오나 반핃 ㄷ,1
지하실아사람,6
볼좀 뒤로 빼지말고 움직이질않네ㅐ ㅋㅋㅋㅋ,2
어제도 양봉였어요 ㅋㅋㅋㅋ 어제도 4퍼요 ㅋㅋㅋㅋㅋ,6
나빠다,3
으아아악,6
손흥민 찬스 몇개 쳐말아먹냐 ㅋㅋㅋ,2
ㄲㅈ,4
다라이 ㅈ되넼ㅋㅋㅋㅋㅋㅋㅋㅋㅋㅋ,1
ㄷㄷㄷㄷ ㅠㅠㅠ 녹아녹아 ㅠㅠ,5
기저귀 쉬야,6
{:mlb_76:}{:mlb_76:}{:mlb_76:}{:mlb_76:}{:mlb_76:}{:mlb_76:}{:mlb_76:},6
똥칸 개사기네 ㅋㅋ,0
광배,6
슈퍼스타 윤상이,6
얘기하면 혼내시자나요ㅠㅠ,3
제발좀 ㅠㅠㅠㅠㅠㅠㅠ댜겅냄나내0ㅐㅌ,3
눈 이썩?,6
역겹다 저 여자 심장 아니야..,4
노 지금 무라고 현노,6
앞에잇다,5
머고 ㅋㅋㅋㅋ,1
체코도 못이기면 월드컵 어떻게 하겠다는거녀,2
들어가면 누구나 물리는 장ㅠ,3
쳐 안뛰나 한궈놈들,2
이거 용도 지투가 먹었으면 게임 터졌다,6
어떻게 다 발라먹나 ㅋㅋㅋ불가능하지 ㅋㅋㅋ,6
반등가즈아~,6
ㅋㅋㅋㅋㅋㅋㅋㅋㅋㅋㅋㅋㅋㅋㅋㅋㅋㅋㅋㅋㅋㅋㅋ,0
어차피 망한거 더 망치고 욕이나 실컷 먹어라!!!!!!,2
세금 ㅅㅂ,4
수제,6
우린 힘이 하나도 없ㄷ어 ㅠㅠ,3
그 누구의 계좌에서 울고 있나요 ㅠㅠ,3
와 미친 ㅋㅋㅋㅋ,1
다라이 ㅈ되넼ㅋㅋㅋㅋㅋㅋㅋㅋㅋㅋ,1
버스 왔다공,6
양지로 올라오려 하지마라 임마,6
멐ㅋㅋㅋㅋㅋㅋㅋㅋㅋㅋㅋㅋㅋㅋㅋㅋ,0
안돼!,1
아쉽네,6
흥민아 몇개말아먹어 ㅠㅠㅠ,3
/재경기,6
뭐같은 보노보노,6
비와이,6
홍명보,6
사산을 한명...,6
ㅋㅋㅋㅋㅋㅋㅋㅋㅋㅋㅋㅋㅋㅅㅂ,0
....,3
목 빠지겠다 형,6
와 ㅋㅋㅋㅋㅋㅋㅋㅋㅋㅋㅋㅋㅋㅋㅋㅋㅋ,1
아까 소나기옴,6
진짜 홍명보 쳐 나가라,4
PAKA ㄷㄷ,6
홍명보 나가,4
잡쉈냐,6
렛츠고 지 투   렛츠고 지 투   렛츠고 지 투   렛츠고 지 투,6
먹고 살자고 하는건데 ㅠㅠ,3
진짜 ㅈㄴ못한다,4
다들 빨리 타 대려갈려고 기다려준다,6
반도체 억까 개심하긴하지?,2
제발ㅜㅜㅜㅜㅜㅜㅜ,3
와 진짜 험한말 마렵다,2
"지금 한국 반도체 주식이 빠지는것이 백악관 개입설, 빅테크와의 헤게모니 싸움 등이 회자되는데 신빙성이 있는 얘기인지..",6
개인이 던지는거 외인들이 다 받아 먹는장,6
유튜브 말투 우왕,6
진짜 ㅈㄴ 못하네,2
그런거 없다 안한다,6
우취 없냐?,6
그 전에 파울 같은데?,6
포르세우스 ㅁㅊ,6
왜 박는거야 직슨데,2
그럼 가짜겠냐,6
노?곳ㄹ,6
어 할아버지,6
Var실에서 문제없다고했네,6
화장실 개 넓네,6
체코 이저뭐야,6
진짜 다시하시네ㅠ,3
어어어어어 비상,5
드개재ㅐㅐㅐㅐㅐㅐㅐㅐㅐㅐㅐㅐㅐㅐㅐ,0
"와 레전드네,.,",1
연초 옆에요 ㅎㅎ,6
ㅋㅋㅋㅋㅋㅋㅋㅋㅋㅋㅋㅋㅋㅋㅋㅋㅋㅋㅋㅋㅋㅋㅋㅋㅋㅋㅋㅋㅋㅋㅋㅋㅋㅋㅋㅋㅋㅋㅋㅋㅋㅋㅋㅋㅋㅋ,0
가위바위보 보다 쉽다 ㅋㅋ,6
해장님이 주식팔지말라고 함,6
개못해 걍,2
홍명보 나가!,4
쉬이이이이,6
ㅠㅠㅠ,3
몰래 먹었냐?,2
진짜 ㅈㄴ못한다,4
진짜 개 무섭네 홀란 ㅋㅋㅋㅋㅋㅋㅋㅋㅋㅋㅋㅋㅋㅋㅋㅋㅋㅋㅋㅋㅋㅋㅋㅋㅋㅋ,5
정몽규회장시발,4
정면으로 오는데 못쳐내노 김승규 ㅅㅂㄻ,4
아저씨 언제까지 쓰시는거에요 좀 나오세요,6
와 이게 바로 들어가네,1
슈또속 ㅋㅋ,0
역시역시다 ㅋㅋㅋㅋ,6
rpㅋㅋ,6
조현우 엿으면 막앗다 ...,3
ㄷㄷㄷㄷ ㅠㅠㅠ 녹아녹아 ㅠㅠ,5
왜 빠졌어요?,6
수비 ㅅㅂ ㅋㅋㅋㅋㅋ,1
화장실이 머이리 크다냐,6
이게 뭔가요,1
저분 세금 2배로 내던데,6
죄송해요 케인님 ㅠㅠㅠㅠㅠㅠㅠㅠ,5
꼽견 이제 좀 나가라,4
익숙한 똥깐,6
v자 반등 안나와요?! ㅜㅜ,3
뒤로존나돌리고 뭐 하는게 없네,4
바닥나온거아닌가,6
잠그면 우찌 넣을건데,6
체코 키가 조낸커,6
줴줴에야,6
골키퍼 아웃,4
아이고 오너야,6
교체좀해라고 시발,2
찝,5
뭉,6
밴유도 남탓 ㄷㄷ,1
소리가 너무 빡이다,6
슈사장님 살려주세여,5
ㅗㅜㅑㅗㅑㅜ,1
선물도매수. 외인 기관 다들어옴!!!!!!!!!!!!!!!,1
라이터 직접 키셔서 모니터에 지지면 불 붙는다구요,6
얏따 ㅋㅋㅋ,6
미나미노~,6
우워;,6
ㅗㅜㅑ,1
ㅋㅋㅋㅋㅋㅋㅋㅋㅋㅋㅋㅋㅋㅋㅋ?,0
3D같은 게임,6
현식!,6
국장하니 자꾸 단타쟁이가 되어서 나왔더니 그게 맞았네,6
시루에또,6
상한가,6
ㅈ됐네,3
홍명보 제거,2
씹지린다 잘찾네,6
아노 ㅋㅋㅋ,6
올라간다!!!,6
이게 도박이야 주식이야,5
슈카 단타는 그닥이지 않나?,6
빨리 하죠 빨하,6
체코가이기는게 정의야,6
섹스섹스,0
패슨데 들어갔네,6
히힉...,5
케인<할 >아<버지> 이제 좀 쉬<시>는게 낫겠<습니>다,6
정몽규 하...,2
쳐 안뛰나 한궈놈들,2
티슈됨,6
이번엔 찐이다 ㄱㄱ,6
헝 삼성전기를 봐바,6
개못하네,2
ㄷㄷ 괴믈 배고픈가봐 꼬르륵하네,1
국장이 단타의ㅜ장이 됐구나 ㅠㅠ,3
이런 애들이 현실에서 정상인인척하는거냐? ㅌㅌㅌㅌㅌㅋㅋㅋㅋㅋㅋㅋㅋㅋㅋ,4
대통령 연임 뉴스 떴네,6
내 픽은 원이야~,6
드셨...,6
머냐 이건ㅋㅋㅋ,1
다라이 ㅋㅋㅋㅋ,0
그래서 지금 풀매수 하면돼나요?,6
사지마요 ㅠㅠ 그럼떨어질거같아요,5
컨테츠 각이다!!!,6
와ㅏ,1
이혼!!!!!!!!!!!!!!!!!!!!!!!!!!!!!!!!!!!!!!!!!!!1조,6
머하나 ㅋㅋㅋ,0
두번죽임ㅠㅠ,3
{:d_16:}{:d_16:}{:d_16:}{:d_16:},6
차트가 무슨 작전주 차트냐고.......,1
2:0 간다,6
허...,3
화장실 ㄷㄷ,1
"외인 ,기관만 장난 안치면 갈수 있다고 ㅠㅠㅠ",3
꼼깸 쳐내,4
이건 도박이야,5
늙코늙코,6
우와 좋다,0
슈카왕개미 드루와,6
진짜 개 무섭네 홀란 ㅋㅋㅋㅋㅋㅋㅋㅋㅋㅋㅋㅋㅋㅋㅋㅋㅋㅋㅋㅋㅋㅋㅋㅋㅋㅋ,5
시발,1
개처안일하네,2
노무웨이 ㅅㅅㅅ,6
물도 못타겠어ㅠㅠㅠㅠ,3
개쩐다,6
홀란신,6
이야 골 예술이노,1
이태석 13번 빼라고,6
와 다라이 ㅅㅂ,1
배경화면이 참 좋네요,6
꼽견 이제 좀 나가라,4
현물거래가 먹기 좋지,6
나여 윤가놈,6
노골 됄 수도 있겠노 ㅋㅋ,6
120만원 현명셀 ㅅㄱ ㅋㅋ,6
갸쩌노,1
컷 컷 컷,6
네이버는 오른것도 없는데 왜이래요.......,5
차트가 꼬질꼬질하다구요 ㅠㅠㅠㅠㅠㅠㅠㅠㅠㅠㅠㅠㅠㅠㅠㅠㅠㅠㅠㅠㅠㅠㅠㅠㅠㅠㅠ,3
살려줘 ~~~~~~~~~,5
노르웨이승이다,6
{:d_55:}{:d_55:}{:d_55:}{:d_55:}{:d_55:},6
뭔 파울이여 ㅋㅋㅋㅋㅋㅋㅋㅋㅋ,6
케인 뭐해,6
ㅋㅋㅋ 아 어이없다,2
유혹이 너무 심하다,6
고냥이가 야옹해요,6
삼전기 ㅠㅠㅠㅠㅠㅠㅠㅠㅠㅠㅠㅠㅠㅠ,3
태초 ㅊㅊㅊㅊㅊㅊㅊ,6
몽규 잡히자마자 ㅣ발,2
9니니,6
포대장 ㄷㄷ,1
노르웨이 진짜 역사쓰냐 ㅋㅋㅋㅋㅋㅋㅋㅋㅋㅋㅋㅋㅋㅋㅋㅋㅋㅋㅋㅋㅋㅋㅋㅋㅋㅋㅋㅋㅋㅋㅋㅋ,1
바로 럽어택,6
반칙이네,6
{:lck_16:}{:lck_16:}{:lck_16:}{:lck_16:}{:lck_16:}{:lck_16:}{:lck_16:}{:lck_16:}{:lck_16:}{:lck_16:},6
175도 어려워,6
메이플 마렵다,6
체코 유명한 선수 누가있음?? 여긴,6
메차쿠차 ㄷㄷㄷ,1
소리 너무 작아요,6
무서워?,6
누가사래?,6
그럼 바로 밴이잖아요 ㅠㅠ,5
마크를 왜 안해,2
망햇다 망햇음 헤헤,3
존나 재미있어,0
와!!!!!!!!!!!!!!!!! ㄷㄷㄷㄷㄷㄷㄷㄷㄷㄷㄷㄷㄷㄷㄷㄷ,0
골키퍼 아웃,4
ㅈㄴ 시끄러운데,2
진지ㅋㅋㅋ,6
홍명보 나가!,4
ㅆㅂ,4
노노노노노노노,6
기적의 시야,6
/대팅제거,6
매수를 한줄도 몰랐음 ㅋㅋㅋㅋㅋ,6
나가자,6
영도조이고,6
ㅆㅂ,4
엇박탔으면?,6
흥민이 요즘 골 못넣는데 ㅠㅠ  오현규 가자,3
홍명보 제거 {:d_56:}{:d_56:}{:d_56:}{:d_56:}{:d_56:}{:d_56:}{:d_56:}{:d_56:}{:d_56:}{:d_56:},6
앗싸! 한국 축구 망했다!!!나이스!!!!,3
힝..,3
형 어제 롱이라매요 ㅜㅜ,3
ㅠㅎ..,6
1등주가 저게 맞아?,6
high high,6
원래 이런 방인가욤 ㅠㅠ,5
골 ㅎㅎㅎㅎㅎㅎㅎㅎㅎㅎㅎㅎㅎㅎㅎㅎㅎㅎㅎㅎㅎㅎㅎㅎㅎㅎㅎㅎㅎㅎㅎㅎㅎㅎㅎㅎㅎㅎㅎㅎㅎㅎㅎㅎㅎㅎㅎㅎㅎㅎㅎㅎㅎㅎㅎㅎㅎㅎㅎㅎㅎㅎㅎㅎㅎㅎㅎㅎㅎㅎㅎㅎㅎㅎㅎㅎㅎㅎㅎㅎㅎㅎㅎㅎ,6
장난하냐 ㅋ,4
{:d_36:}{:d_36:}{:d_36:}{:d_36:}{:d_36:}{:d_36:},6
ㅇㅇ 절대가지마,6
엄청 기다렷어요 불안해서요,5
홍명보 전격 경질,4
우마이~,6
먼닉소속크!,6
시발터졌냐,4
낚시꾼이 제이피모건이랑께,6
오늘도 조졌다리,5
나가라고,6
낀거임 ㅋㅋㅋㅋㅋㅋㅋ,1
ㄴㅇㅅ,0
왼발로 때렸네ㄷㄷ,1
오늘은 코젤이다 ㅋㅋ,6
아무도안막네 ㅋㅋㅋㅋ,3
골찬스 겁나 놓치늬데ㄲㅋㅋ진짜 국대버러지들같네ㅋㅋ,2
접자..,3
트름 ㄷㄷ,1
도란 아니,6
엔딩 보기 전입니다 근데 이미 엔딩 봣습니다,6
아 형들 레버리지 그만 사믐 안되나 저거 때문에 포지션 안 놓는거야,6
작전주 인가요?,6
그냥 개 처웃기노? ㅋㅋㅋ,4
닉스도 초반 플이었음,6
10프로는 기본,6
ㄷㄷㄷㄷㄷㄷㄷㄷㄷㄷㄷㄷㄷㄷㄷㄷㄷㄷㄷ,1
ㄷㄷㄷㄷ,1
저리가,6
미쳐가는구먼,6
채팅제거 시바롬들아 그만해라 좀,2
저따구로 나오는 거 자체가 장난질 이라는 증거,6
추세선 다 망가졌네,6
ㅈ망,3
학창시절 ptsd,6
윤상이,6
과자가 넘어가????? 밥을 먹으라고!!!!!!,6
/홍명보 제거,4
ㅋㅋㅋㅋㅋㅋㅋㅋㅋㅋㅋ3:0가자,2
와 미 친,0
그냥 너무 답답해,2
정몽규 하...,2
매수했노ㅋㅋ,6
걍 불만 끄고 보지,6
저걸 어케 다 발라먹어요..,6
삼전어뜩해,5
조현우 엿으면 막앗다 ...,3
개높네 그냥,6
천잰가,6
체코도 못이기면 월드컵 어떻게 하겠다는거녀,2
처음부터 ㅊㅊㅊㅊㅊㅊㅊㅊㅊㅊ,6
정몽규 효고ㅏㅋㅋㅋㅋㅋㅋㅋ,6
가슴 좋아한다고 z컵 좋아하냐,6
화면에 말풍선 누르면 채팅제거됩니다,6
진짜 이승우를 왜 안데리고 가는건지..,4
나빠자ㅠㅠ,3
골언제넣을거야,6
게임 어려워졌네,6
응 아니야 ㅋㅋ,6
1억 박았으면 10억 먹을수 잇었네,6
진짜 역대급이네,1
여전히 코스피는 쓰레기,6
잉글랜드는 8강따리가 어울리지..ㅋ,6
ㄷㄷ,1
이기혁ㄱㄱㄱㄱㄱㄱㄱㄱ,6
여자 광배를 본다고?,6
아 ㅠㅠㅠㅠㅠㅠㅠ,3
태초마을,6
ㅈ같닼ㅋ,4
아 즌나 우울함..,3
망해가는 ㅠㅠㅠ,3
불사대마왕ㅋㅋ,6
ㅋㅋㅋㅋㅋㅋㅋㅋㅋㅋㅋㅋㅋㅋㅋㅋㅋㅋ,0
차트가 말을 걸어와..,5
홀란만 봤는데 캬,6
옵?,6
정몽규 보여주자 마자 골먹네 왜 보여줬어,4
{:d_116:},1
사지마요 ㅠㅠ 그럼떨어질거같아요,5
저거먹히냐 ㅋㅋㅋㅋㅋㅋㅋㅋㅋㅋ,2
이래도 안넘어 온다고?,6
왜 아무도 안 붙어,4
폰트가 ㅋㅋㅋ,6
삼곜탕팩,6
..,3
엔저긴해,6
임종전입니다 ㅠㅠ,3
케인 벌벌거리노 ㅋㅋㅋㅋㅋㅋㅋㅋㅋㅋㅋㅋㅋㅋㅋㅋㅋㅋㅋㅋㅋㅋㅋㅋㅋㅋㅋ,6
장투는 진짜 답이없네 ㅋㅋ,2
채팅창끄기,6
원래 이런 방인가욤 ㅠㅠ,5
나죽어,5
또 꺾인다~~~~~~~~,2
오늘 절대 사면 안됨,6
더 뱃드룸~,6
꼽기견;;;;;;;;,4
ㅠㅠㅠㅠ,3
감사합니다,6
{:wc_35:}{:wc_35:}{:wc_35:},6
누가봐도 낚시야 당해주면 안돼,6
애교아ㅇ뉨,6
ㅋㅋㅋㅋㅋㅋㅋㅋㅋㅋㅋㅋㅋㅋㅋㅋㅋㅋㅋㅋㅋㅋㅋㅋㅋㅋㅋㅋㅋㅋㅋㅋ,0
말하면 스포밴이자나요 ㅠㅠ,5
라면앤김밥이라도 드셔요,6
일봉으로 지금 일주일째 하락인데 슬슬 양봉 세울 때 됐긴했어,6
???????????????????????,1
그전에 올린다 다음주부터 올린다,6
삼성은 투자할만하지,6
차트맛있네 ㄷㄷㄷㄷㄷㄷㄷㄷㄷ,1
알상무님 유튜브 제목 또 샀어?,6
?ㅋㅋㅋㅋㅋㅋㅋㅋㅋㅋ,0
/흉명보제거 /몽정규제거 /흉명보제거 /몽정규제거 /흉명보제거 /몽정규제거 /흉명보제거 /몽정규제거 /흉명보제거 /몽정규제거 /흉명보제거 /몽정규제거 /흉명보제거 /몽정규제거,6
대황란~~,6
비트코인이다,6
홍명보 경질,4
ㅋㅋㅋㅋ ㅋㅋㅋㅋ ㅋㅋㅋㅋ ㅋㅋㅋㅋ ㅋㅋㅋㅋ ㅋㅋㅋㅋ ㅋㅋㅋㅋ ㅋㅋㅋㅋ ㅋㅋㅋㅋ ㅋㅋㅋㅋ ㅋㅋㅋㅋ ㅋㅋㅋㅋ ㅋㅋㅋㅋ ㅋㅋㅋㅋ,0
개웃기게 생겼네,0
ㅈ됫다,5
ㅋㅋ접어라 그냥,2
졸못하네,4
연성대 세무회계괴 학과장 정재욱 화이팅,6
아니야 당해주지마,6
정면으로 오는데 못쳐내노 김승규 ㅅㅂㄻ,4
반칙 !!!,6
카에데야앙~,6
??????????????,6
셰이드로프 ㄷㄷㄷㄷㄷ 와,6
성근 성근,6
한번만 제대로 잡으면 멘징이야~~~,6
노르웨이가?,6
띵보야 짐싸라..ㅋ,4
주주들 표독한거보니까 곧 저점인듯 합니다!!,6
여기있다,6
황지고등학교 2학년 5반 김재한 조용히 해라황,6
찝찝하다,5
마빡이 뭐해,6
밴유도밴,6
해설이라고 하냐,4
노르웨이 개 미쳤다 진짜 ㅋㅋㅋㅋㅋㅋㅋㅋㅋㅋㅋㅋㅋㅋㅋㅋㅋㅋㅋㅋㅋㅋㅋㅋㅋㅋㅋㅋㅋㅋㅋㅋㅋㅋㅋㅋ,1
노래한번 불러줍시다 ㅠ,6
어뜨케 삼전기,6
ㅋㅋㅋㅋㅋㅋ명보한테 뭘바라노,4
승우 데려와요,6
야따~,6
이게 메인이야,6
좁버그 ㅋㅋ,6
무서워요,5
아름다운 조정이었습니다. 이제부터는 상승장입니다. 지금 안 사면 나중에는 손가락만 빨고 있어야 합니다,6
{:lck_2:}{:lck_2:}{:lck_2:}{:lck_2:}{:lck_2:}{:lck_2:}{:lck_2:},6
손흥민 빼라...,2
그만 좀 내려라 전기 ㅠㅠㅠㅠㅠㅠㅠ 아놔 ㅠㅠ,3
진짜,6
진짜 홍명보 쳐 나가라,4
뛰노,6
또 페페만 남았네,6
도대체 어디까지 내려가요 ..ㅠ,3
소유많으면머함 ㅋㅋㅋㅋㅋㅋㅋㅋㅋㅋㅋ,6
오너 진짜 뭐지,1
직원한테 커피 시키냐...악덕업주네,6
케인 다이빙 노파울ㅋㅋㅋ,6
ㅈㄴ 무섭네 ㅋㅋ,5
다시 가네,6
한번만~,6
앗싸! 한국 축구 망했다!!!나이스!!!!,3
억!,6
아가리또데스,6
갑자기 보기싫네,4
아니 공격수 왜 한명만 넣었냐고 ㅋㅋㅋㅋㅋㅋㅋㅋㅋㅋㅋㅋㅋㅋㅋㅋㅋㅋㅋㅋ,2
교체도안하고 대체 뭔생각이냐? 집중력다떨어져있는거보이지도않나,2
미끄럼틀 ㅋㅋㅋㅋㅋㅋㅋ,6
자르지내셔나요,6
개놀래라,1
걍 ㅈㄴ못함 ㅄ들,4
잘못 찼구만ㅋㅋ,6
맨날 뒤로만 ㅉㅉ,4
봤으면 나가라,6
윤주궈ㅓㅓㅓㅓ언,6
골인정 ㅅㅅㅅㅅㅅ,0
아이엠 영듀,6
그냥함?,6
승리의 V,6
그냥 한국 돌아와라,6
기저귀,6
저거먹히냐 ㅋㅋㅋㅋㅋㅋㅋㅋㅋㅋ,2
ㅈㄴ 크게 악 질러보삼 안 듣는 거 같은데?,6
뒤에 2명 멍때리노,2
자리 말도 안되는데 좀 무서운 자리기도함 ㅜㅜ...,5
유튜브 조회수 미쳤,6
어떻게 달려오는애를 아무도 마크를 안하냐,2
홍명보 제거,2
사장님 하드캐리,6
슈카님이 하닉 매수 한다고 해서 인버스 샀습니다 ㅋ,6
융상,6
걔가 오케이를 헤줬어?,6
똥칸이 편안한 석윤이,6
노르웽 지리노 ㅋㅋ,1
슈카님 표정이라도 밝게해주세요 안그래도 무서운데 더무서워져요 ㅠㅠ,5
방송 몇시부터 시작이야,6
"명보 하 ,,,",2
또 샀어?,6
홍명보 멸망,4
곱버스도 국장이다 ㅡ니황ㅡ,6
양봉까지 매수 앞으로,6
내일하고 영도나 조이죠 그냥,6
형 낼도 오를까??,6
투헬도 뻥글랜드,6
/홍명보 제거 썼는데 왜 제거 안되누,4
뭐이씨 속으면 안됨? ㅠㅠ,3
ㄷㄷㄷㄷㄷㄷㄷㄷㄷㄷㄷㄷㄷ,1
시발터졌냐,4
일끝나고 먹방 찍어야지,6
하던것만 하지. 왠 시황방송.,6
/조졌다,5
모찌양 재밌는 분이지,6
코스 지리노,1
지투 화이팅,6
밴칙,6
정몽규 하...,2
트름은 좀..,4
유튜브 야호~,6
대일송금,6
{:x0due0dueari:},6
반존대,6
가자 우흥~~~!~!~!,6
개웃기네 ㅋㅋㅋㅋㅋㅋㅋㅋㅋㅋㅋㅋㅋㅋㅋㅋ,0
교체좀해라 제발,2
아르헨 꼬꼬마들 홀란드 막을 수 있냐,6
살려줘요 슈카형,6
저점매수 ㄷㄷ,6
진엔딩 영도는 ㅋㅋ,6
오늘 오전에 개인 손절 많던데,6
전기,6
븅신들,4
돼지의심장 ㄱㄱㄱ,6
아 즌나 우울함..,3
너무 작아졌음,6
볼.뒤로.돌릴때부터 불안하더니.ㅋㅋㅋ,5
다시해야돼썩,6
룩삼의 성교육,6
그냥 개 처웃기노? ㅋㅋㅋ,4
삼성전기... 심각해요,6
이건 도박이야,5
차트가 산넘어 산이다 ㅜㅜ,3
ㅏㅏ,6
오옹,6
결국 지는구나 ㅋㅋㅋ,3
홍명보 나가!,4
무빙이 급등주 무빙이네,6
ㅅㅅㅅㅅㅅㅅ 노르웨이 우승 가자,6
ㅅㅅㅅㅅㅅㅅㅅㅅㅅㅅㅅㅅㅅㅅㅅㅅㅅㅅㅅㅅㅅㅅㅅㅅㅅㅅㅅㅅㅅㅅㅅㅅㅅㅅㅅㅅㅅㅅㅅㅅ,0
야호 슨슈,6
똥칸은 무적이다?,6
와 개간지,1
진짜 개몬한다,4
넋이 나갔네...,1
코스닥 개박살,6
진짜 다시하시네ㅠ,3
{:d_76:}{:d_76:}{:d_76:}{:d_76:}{:d_76:}{:d_76:}{:d_76:}{:d_76:},6
에라이!!!!!,2
삼성전기 살려주세요,5
티원 폼이 안좋네..,3
개그맨?,6
비-상,5
어제 한개 튄거 때문에 ?,6
재밌네 ㅋㅋ,1
아쉽긴 하다,3
ㅋㅋㅋㅋㅋㅋㅋㅋㅋㅋㅋㅋㅋㅅㅂ,0
헉!,1
영도나올려요,6
"ㅡ,.ㅡ",6
코스닥 777 찍음,6
꼽기견;;;;;;;;,4
저점매수 ㅋㅋ,6
소리 무습네,5
대세걸그룹이 될려면 말끝마다 노붙여줘야 되는거 아니노,6
골 ㅅㅅㅅㅅㅅㅅㅅㅅㅅㅅㅅㅅㅅㅅ,0
{:d_120:}{:d_120:},3
밀당봐라,6
현란한 손스킬,6
닉스 컨콜만 제대로 했어도 ㅠㅠ,3
돈내놔,6
국장이 단타의ㅜ장이 됐구나 ㅠㅠ,3
먼닉님 카에데상이 ㅠㅠㅠㅠㅠㅠㅠㅠㅠ,3
삼성전기 ㅠㅠ,3
50대50이야 전판졋자나,6
노루웨이 골 ㅅㅅㅅㅅ 노루노루 노루웨이 골 ㅅㅅㅅㅅㅅㅅㅅㅅㅅ,0
공건들임,6
면도날시절,6
차트의 마법사 슈카 ㄷㄷㄷㄷㄷㄷㄷㄷㄷㄷㄷㄷㄷ,1
진짜 애기들이네,6
홍명보 아웃,4
다라이 ㅋㅋㅋㅋ,0
뎃,6
몰랐던거 미안합니다,6
구하러 왔구나,6
잡주 무빙 ㅋㅋ,6
생긴거 개빡이네 ㅋㅋㅋ,5
akQkrdl,6
와 비비,6
다 놓치고 쟤네는 한번만에 넣고,6
가불기 ㄷㄷㄷㄷㄷ,1
전성기로 돌아간다,6
ㅋㅋㅋㅋㅋㅋㅋㅋㅋㅋ 나가면 죽겟는데,0
이걸 안사,6
진짜 못한다,4
배팅 자리야,6
원산지에서 제공하는,6
옆 그물 아니었나,6
명보야!!!밥먹자!!!,6
골 개멋있게넣엇노,6
찐반이라고! 찐반이라고! 찐반이라고! 찐반이라고! 찐반이라고! 찐반이라고! 찐반이라고! 찐반이라고! 찐반이라고!,6
야차떠 ㅅㅂ,6
제발하지마 슈반꿀,6
Zxxxxxxxzxzzzzz,6
게임 몇분할거냐,6
마하반야,6
초롱이 ㄷㄷ,6
또 개미 꼬시기,6
체코지면 힘든데,6
나만 음질 뭉개짐?,6
ㄷㄷㄷㄷㄷㄷㄷㄷㄷㄷㄷㄷㄷㄷㄷㄷㄷㄷㄷ,1
우울우울,3
미끄럼틀이네,6
ㅈㄴ무섭네,5
구경하냐,4
죠짐,5
괴물이 달라,6
곱쌤 곱창보면 설레요?,6
살려줘 형,6
원래 이런방입니다~,6
야이ㅣㅣㅣㅣㅣㅣㅣㅣㅣㅣㅣㅣㅣㅣㅣㅣㅣ,2
저점 목격 햇또르,6
야이 지금 사지마 개인들 진짜 아오,2
노르웨이 미쳤다 진짜 와 ㅋㅋㅋㅋㅋㅋㅋㅋㅋㅋㅋㅋㅋㅋㅋㅋㅋㅋㅋㅋㅋㅋㅋㅋㅋㅋㅋㅋㅋㅋ,1
맹보 ㅋㅋㅋㅋㅋㅋㅋㅋㅋㅋㅋ,4
미친 물뭐야 ㅋㅋㅋㅋㅋㅋㅋㅋㅋㅋㅋ,1
앗싸! 한국 축구 망했다!!!나이스!!!!,3
와 소리 ㅅㅂ;,5
슈카형,6
명보제거,4
ㅋㅋㅋㅋㅋㅋㅋㅋㅋㅋㅋㅋㅋㅋ,0
대한민국 승률 11%ㅋㅋㅋ,6
ㅋㄱ,6
한강물 따뜻해요?,2
아우ㅜㅜㅜㅜㅜ,3
ㅋㅋㅋㅋㅋㅋㅋㅋㅋㅋㅋㅋㅋㅋㅋㅋㅋㅋㅋㅋㅋㅋㅋㅋㅋㅋㅋㅋㅋㅋㅋㅋㅋㅋ,0
배당을 안해준데,6
우와 미쳤다,1
윤,6
삼계탕 좋지,6
아 아니면 물파동 걷는거 인식하나,6
늙다리?,6
나이스!!!!!!!!!!!!!!!!!!!!!!!!,0
나이스샷 ㅋㅋㅋㅋㅋㅋ,0
하닉 130은 아니잖아 ㅜ ㅜ,3
폰트 ㅋㅋ,6
박재박 ㅅㅂ ㅋㅋㅋㅋㅋㅋㅋㅋㅋㅋㅋ,1
슈카님 표정이라도 밝게해주세요 안그래도 무서운데 더무서워져요 ㅠㅠ,5
노파울이라는 놈은 축구보지마라 ㅋㅋ,6
계좌 보여줘요 ㅋㅋㅋㅋㅋㅋ,6
무서워요,5
뭐가온다,5
합법토토 코스피,6
멧챠쿠챠,6
나중에 하죠,6
ㅔ,6
자리 말도 안되는데 좀 무서운 자리기도함 ㅜㅜ...,5
역시 체코,6
개 지렸네,1
ㅠㅠㅠㅠㅠ,3
밴 먹을라구요?,6
삼성전기 봐주실수있습니까,6
zzzzzzzzzzzzzzzzzz,0
파울이라는 애들 특: 잉글랜드에 돈걸었음@@@@@,6
4천도 갈거같네 이게 하락장이고 한국은 하락장이 길거든,6
주식 너무 쉬운거 아닌가,6
슛이였어? 와,6
땅 명보 꼬올,4
일베 개새끼들아 쳐봐라 그냥,2
ㅅㅅㅅㅅㅅㅅㅅㅅㅅㅅㅅ,0
얘넨 이제 시황방송 전문채널됏네,6
차트가 무슨 작전주 차트냐고.......,1
졸못하네,4
꼴,6
방송시간?,6
형 살려줘~~~,5
오옹 나이스,0
으악,4
내일도 하락입니다. 손절치세요,6
맹보 ㅋㅋㅋㅋㅋㅋㅋㅋㅋㅋㅋ,4
묭규 나가~몽규나가,4
ㅅㅅㅅㅅㅅㅅㅅㅅㅅㅅㅅㅅㅅㅅㅅㅅㅅㅅㅅㅅㅅ,0
베인 개잘하네,6
국장은 망했습니다.. 저뿐만 아니라 나락 간 사람 천지에요,6
현준끼리 포지션 교체 개웃기네 ㅋㅋㅋㅋㅋㅋㅋ,6
꼽기견 뭐냐,2
삼전도 양봉이었어요...,6
1. 국장을 하지말 것.,6
살려주세여,3
ㅋㄱㄲㄱㅋㅋ,0
{:wc_3:}{:wc_3:}{:wc_3:}{:wc_3:}{:wc_3:}{:wc_3:},6
이런 애들이 현실에서 정상인인척하는거냐? ㅌㅌㅌㅌㅌㅋㅋㅋㅋㅋㅋㅋㅋㅋㅋ,4
온다,5
와 씹 ㅋㅋㅋㅋㅋㅋㅋㅋㅋ,1
맞아요 ㅎㅎ,6
볼.뒤로.돌릴때부터 불안하더니.ㅋㅋㅋ,5
아우ㅜㅜㅜㅜㅜ,3
아 씨바 저걸 못 막네,4
{:wc_14:}{:wc_14:}{:wc_14:}{:wc_14:}{:wc_14:}{:wc_3:}{:wc_3:}{:wc_3:}{:wc_3:}{:wc_3:},6
몽규 잡히자마자 ㅣ발,2
7월 28일 하이닉스 NXT 공격 의도한 하한가 거래체결에 대해 설명해줘요.,6
건강 잃으면 다행이지 돈잃으면 속쓰려,6
맞습니다 ㅎ,6
나어떻게해..,5
풀신용 드가자~~~,6
진엔딩 봐주세요,6
홀란이 이런게 무서움 ㅋㅋㅋㅋㅋㅋㅋㅋㅋㅋㅋㅋㅋㅋㅋㅋㅋㅋㅋㅋㅋㅋㅋㅋㅋㅋㅋㅋㅋㅋㅋㅋㅋㅋㅋㅋㅋㅋㅋㅋㅋㅋㅋㅋㅋㅋㅋㅋㅋㅋㅋㅋㅋㅋㅋㅋㅋ,5
시발,1
히힉...,5
마누라 빼고 VS 마누라 까지,6
떼잉…,6
또 꺾인다~~~~~~~~~~~~~~~,2
살려줘요!!!,5
ㄷ,1
찾았따,6
그냥 너무 답답해,2
재밌네 ㅋㅋ,1
삼전아 힘내자,6
{:d_120:}{:d_120:},3
하트어택 심장을 공격해~,6
진짜 그 얼굴 나오니.먹히냐,4
물렴색,6
살아버리렴,6
응가상,6
전직은 뭐냐 그럼,6
ㅋㅋ,0
교체도안하고 대체 뭔생각이냐? 집중력다떨어져있는거보이지도않나,2
정몽규 나가!!!!,4
살려줘~~~,5
얏타,6
그냥 너무 답답해,2
매수 ㅋㅋㅋㅋㅋ,6
완벽한 바닥신호여,6
저게 음봉으로 마감하면 지옥이다,6
이게 무적이야,6
방제: 리센드,6
진짜 못한다,4
보기전입니다,6
비-상,5
박살나는중,2
형 여기 따뜻해요 들어오세요,6
삼성전기 ㅠㅠ,3
비상!!,5
헐,1
비-상,5
대ㅡㅡㅡㅡㅡㅡ박,0
어차피...떨어져....~~~,6
마크를 왜 안해,2
아니 공격수 왜 한명만 넣었냐고 ㅋㅋㅋㅋㅋㅋㅋㅋㅋㅋㅋㅋㅋㅋㅋㅋㅋㅋㅋㅋ,2
어떻게 달려오는애를 아무도 마크를 안하냐,2
불러보자,6
이기혁 불안하냐,5
캬ㅑㅑㅑ,6
ㅅㅅㅅㅅㅅㅅㅅㅅㅅㅅㅅㅅㅅㅅㅅㅅㅅㅅㅅㅅㅅㅅㅅㅅㅅㅅㅅ,0
마시꿰찌,6
비슷,6
종가매수 빠르게 ㄱㄱㄱ,6
씨,6
으악,4
꺄,6
무서워요 ㅠㅠ,5
주식폭력;; 주폭,6
트럼프 전화중,6
ㅁㅊ,1
ㅈㄴ섬뜩하네,5
ㅆㅂ,4
숨이 안쉬어져요,5
도란이 아니라 오너.....,3
개웃기네,0
"지금 한국 반도체 주식이 빠지는것이 백악관 개입설, 빅테크와의 헤게모니 싸움 등이 회자되는데 신빙성이 있는 얘기인지..4",6
.........................................?,6
졸라 재미있어 ㅎㅎㅎㅎ,0
//김승규는 단한번도 못막음,6
도배하지마 짱ㄲ들아,2
병신들 집에가라,4
환불 ㅠ,3
막차 안타?,6
응?,6
그냥 지고 한국와서 계란 쳐맞아라,4
홍명보 전격 경질,4
당일 청산도 가능했겠네,6
홍명보 구속~~,4
어쩐지,6
윤상,6
이게 노의 의지다,6
삼전은 1위의 품격,6
{:wc_29:}{:wc_29:}{:wc_29:}{:wc_29:},6
석재형 오늘 토론회 어떻게생각하시나요?,6
ㅋㅋㅋㅋㅋㄲ,0
피곤,6
구버지,6
엄청 기다렷어요 불안해서요,5
진짜 제발,5
아직 바닥 아님 ㅜㅜ,5
줴줴이야~~~~~,6
케인은 아프다 ㅋㅋㅋㅋㅋㅋㅋ,6
ㅁㅂ,6
넹.,6
단타를 어케 .. 와.. 못해 ㅠㅠ,5
"""그냥""",6
신사지,6
우리친구 리센느,6
하닉~ 오 하닉~,6
와ㅏ,1
노르웨이 우승!!!!!!!,0
잔혹한 수탈ㅠㅠㅠㅠ,3
점마 꼇다,6
개아프네,6
와 싀벌,1
/홍명보 제거 썼는데 왜 제거 안되누,4
개웃기네 ㅋㅋㅋㅋㅋㅋㅋㅋㅋㅋㅋㅋㅋㅋㅋㅋㅋㅋㅋㅋㅋㅋㅋ,0
굳,6
/몽규제거,4
으,6
ㅇㅁㄹㄷ,6
아직 역사적인 시점이 안온거였던것 ㅋㅋㅋㅋㅋㅋㅋㅋㅋ,6
보지냐 무시발언,6
저 괴물이 젤 무섭나봄 못 가는거 보면,6
부정게임이노 재게임해라@@@@@@@@@@@@@@,6
방송 시작할때 저챗이 미식임,6
케인 진다고?,6
저거먹히냐 ㅋㅋㅋㅋㅋㅋㅋㅋㅋㅋ,2
묭규 나가~몽규나가,4
업썩..,6
? ㅋㅋㅋ 뭐노 ㅋㅋㅋㅋㅋ,1
룩삼 야호～～～～,6
난 진석이만 보인다,6
안사면 계속 갑니다잉,6
와!!!!!!!!!!!!!!!!! ㄷㄷㄷㄷㄷㄷㄷㄷㄷㄷㄷㄷㄷㄷㄷㄷ,0
/고화질모드,6
케엄살 ㅅㅅㅅㅅㅅㅅㅅㅅㅅㅅㅅㅅㅅㅅㅅ,0
중요한 점! 변동성이 작아지고 있다!,6
이노텍 -75퍼 중...,6
케엄살 ㅅㅅㅅㅅㅅㅅㅅㅅㅅㅅㅅㅅㅅㅅㅅㅅ,0
습관성 숨기,6
꼽쌤;,4
우와 좋다,0
게임이 안무섭네 근데,6
뒤로 돌리기 지긋지긋하다 ㅋㅋㅋㅋㅋㅋㅋㅋㅋㅋㅋㅋㅋㅋㅋㅋㅋㅋㅋㅋㅋ,2
단타장소 하이닉스 ㅋㅋㅋ,6
ㅈ버그 ㄷㄷ,6
살려주세여,3
아쉽긴 하다,3
볼.뒤로.돌릴때부터 불안하더니.ㅋㅋㅋ,5
아니 님들 뭘 얘기하는지 알잖아,2
와 차트 꼬라지 보소,2
업데이트됏네?,6
뒤에서 찼네,6
ㅋㅋㅋㅋㅋㅋㅋㅋㅋㅋㅋㅋㅋㅋㅋㅋㅋㅌㅌㅋㅋㅋ,0
우하향 ㅋㅋㅋ,6
탑차이!!!!!!!,2
귀엽자나,6
조현우 엿으면 막앗다 ...,3
난 못먹었을뿐이고....,3
평생 이 가격 안온다,6
lg생건 들어가도 될까요?,6
귀여운데,6
말이안됨,1
에렌예거 ㄷㄷ,6
노르 홀란,6
7월3일도 저리 털어먹어서 확답 못하겠네요,6
손흥ㅇ민 ㅈㄴ 못하네,4
ㅋㅋㅋㅋㅋㅋㅋㅋㅋㅋㅋㅋㅋㅋ,0
형 오늘 진짜 막판이야,6
160가줘 제발..,5
반말이다 데스 ㅋㅋ,6
ac,6
진격거 ㅋㅋㅋㅋㅋㅋㅋㅋㅋ,0
벨링엄 세리머니 ㅎㅎㅎ,6
아르헨 매수,6
와 골대 맞았네...,1
이걸 다 해먹었으면 진짜 레전드,6
이러다 보합가겠네...,6
잉?,6
{:lck_13:},6
ㅇ?,6
요즘 장 장난 아님 대형주가 10프로는 기본,6
그냥 너무 답답해,2
유기할까용,6
ㅋㅋㅋㅋㅋㅋㅋㅋㅋㅋㅋ3:0가자,2
영국흥민,6
망햇다 망햇음 헤헤,3
메쨔꾸쨔~~,6
ㄲㄲㅁ 하자,6
진짜 개빡,2
슈카님 표정이라도 밝게해주세요 안그래도 무서운데 더무서워져요 ㅠㅠ,5
오늘 주식 샀다,6
몽규   골~ㅜㅜㅜㅜ,6
대일송금ㄷㄷ,6
오 지렸노,0
역배팅 헷는데 이걸!!!!,2
안녕하세요원이입니다잘부탁드립니다,6
이게임 멀티엔딩이 있는지도 몰랐음ㅋㅋㅋㅋㅋ,6
전쟁 터지려나,5
밴유도는 게이씨,6
토론회 보다가 도저히 못보겠어서 왔습니다 ㅋㅋㅋ어휴,4
구도 개빡이네,6
슈파에,6
삼성전기 무슨일이야,6
갈아엎자,6
ㄷ재표님 ㅋㅋㅋㅋ,0
뒤져라 체이커,2
도배하지마 짱ㄲ들아,2
마지막세일,6
너무힘들어요,3
화가많이나죠? 서영락대리?,6
호!,6
넘 슬프다,6
붕어들 낚시타임있었음,6
세엑스,0
찌가 계속 현혹하네 ㅜㅜ,3
진짜 다시하시네ㅠ,3
스로인으로 쳐먹는거 진짜 웃기네,4
/홍명보 제거 썼는데 왜 제거 안되누,4
괴물 익사,6
골키퍼 아웃,4
저는안전합니다,6
환불 ㅠ,3
너무 떨어졌다,6
다이나믹 코리아,6
{:d_44:}{:d_44:}{:d_44:}{:d_44:}{:d_44:}{:d_44:}{:d_44:},6
파울 안 주겠지?,6
골킵도 못하네,6
졸라 재미있다 ㅋㅋㅋ,0
진짜 이승우를 왜 안데리고 가는건지..,4
지하실 여자의 최후 ㅠ,6
삼전 이제 담아보까,6
집으로와라 ㅋㅋㅋㅋㅋㅋㅋㅋㅋㅋㅋㅋ,6
흥민아 레알가자!!!!흥민아 레알가자!!!!흥민아 레알가자!!!!흥민아 레알가자!!!!흥민아 레알가자!!!!,6
배당이 없대,6
지금비옴,6
와 즐기네 괴물련,6
뭉염색,6
그래 g2 조합이 한타 조합이라 모름 진짜.......,3
어리다 어려,6
?ㅋㅋㅋㅋㅋㅋㅋㅋㅋㅋ,0
hide on bush,6
한구우우우우욱이 그렇지 뭐 ㅋㅋㅋㅋㅋㅋㅋㅋㅋ,6
므하니.,3
티원 개못한다 ㅋㅋ,4
[오피셜] 대한민국 최초 64강 탈락,6
둘이서 하는거?,6
크,0
망해가는구나,6
살려주세요ㅕㅕㅕㅕㅕㅕㅕㅕㅕ,5
ㅋㅋㅌㅋㅋㅋㅌㅌㅋ챕터마다 괴물 다르네,6
명보형 제발 그만해줘 제발,5
온다?,6
음봉 ㅋㅋㅋㅋㅋㅋㅋㅋㅋㅋㅋㅋㅋㅋ,1
ㅈ댓다,5
홍명보 전술 바꿔라,6
진심 스레기전술이네,4
삼성전기 말이 되나요?? ㅠㅠ ㄷㄷㄷㄷㄷ,3
악!!!!!!!!!!!!!!!!!!!!!!!!,6
어뜨케…. 진짜,3
이걸 살아?,6
와 밖에서 막 다니네 ㄷㄷㄷㄷㄷ,5
근데 어차피 비지니스 약속아니면 밖에 나갈일이 없으면서 뭐가 일정이란건가요 부를친구가 휴대폰에 도꼬미 두더놈 세더놈말고는 없지않나요 친구없는지누 뭉추 ㅠㅠ,3
내일 다시 떨어질거같아ㅠ,5
개 잘던지네,6
자진입수 하셨네,6
눈착하게떠라,6
월클진석,6
저 인생 20년 뒤로갔어요 위로좀,6
어차피 망한거 더 망치고 욕이나 실컷 먹어라!!!!!!,2
"기회도많았는데 한골먹히네,.,",3
벨링엄 세레머니 카피했노 ㅋㅋ,6
일본 쌀숭이 ㄷㄷ;,6
오,6
ㅋㅋㅋㅋㅋㅋㅋㅋㅋㅋㅋㅋㅋㅋㅋㅋㅋㅋㅋㅋㅋㅋㅋㅋㅋㅋㅋㅋㅋㅋㅋㅋㅋㅋㅋ,0
이기혁 불안하냐,5
이게 축구야?,6
몰래 먹었냐?,2
저희가왜요???????,2
허벅지 깐거 같은데,6
드러눕기ㄷㄷㄷ,1
란신이의 힘 ㅋㅋㅋㅋㅋㅋㅋㅋㅋㅋㅋㅋㅋㅋㅋㅋㅋ,6
슢장훈,6
3패 예선 탈락,6
다 놓치네...,3
"명보는 계획이 없니?,,",4
어른의 사정 ㅠㅜㅠㅠㅠ,3
또 탑정글이다,2
???????????????????????????????????????????,1
원도 싸졌어요,6
형님 저는 런던장이라 3배 레버리지입니다..,6
"발라먹긴, 발렸지",6
아끼똥,6
진짜 못한다,4
군?,6
아래,6
파울은 맞구만,6
홍명보 전격 경질,4
죠짐,5
고통함께하자 형,6
홍타쿠 ㄷㄷ,1
ㅋㅋㅋ 하닉은 170에 들어가면 될 듯,6
러닝헤더 왜 안잡냐,6
최태원 감옥갔나요???,6
인버스도 국장이다. 가즈아!!!!!!!!!!!!!!!!\,0
잉글랜드 꼬숩노 끼숩노 깨숩노잉글랜드 꼬숩노 끼숩노 깨숩노잉글랜드 꼬숩노 끼숩노 깨숩노잉글랜드 꼬숩노 끼숩노 깨숩노,6
물도 못타겠어ㅠㅠㅠㅠ,3
험;,1
ㅈ됐다,5
자~이제 확률게임 가야지~,6
슈카 점점 폐인되감,6
ㅋㅋ48강 탈락가자,6
밀키트,6
카에데상 목소리가 좀 작다 데스,6
무승부나 할수 있을까,6
슈사장님 살려주세여,5
지혼자 넘어지누,6
김승규 혼자 느낌 왔나보내,6
줴줴이,6
진지 잡쉅냐,6
인정 ㅋㅋㅋ가자,6
존나 웃기네,0
빼꼼 ㅋㅋ,6
왐마,6
슈카짱,6
{:d_54:}{:d_54:}{:d_54:}{:d_54:},6
개지리노,1
태초마을 ㅊㅊㅊㅊㅊㅊ,6
으잇,6
짱,6
ㅋㅋㅋㅋㅋㅋㅋㅋㅋㅋㅋㅋㅋㅋㅋㅋㅋㅋㅋㅋㅋㅋㅋㅋㅋㅋㅋㅋㅋㅋㅋㅋㅋㅋㅋ,0
진짜 개변태같네,4
190이면 선수잖아,6
asdfasdf,6
줴줴이야,6
ㅋㅋㅋㅋㅋㅋㅋㅋㅋ,0
웃음이 나오냐?,2
일상인나,6
그건 훈수죠,6
조커피디 아직 탑승중인가요?,6
ㅋㅋ접어라 그냥,2
명봉야 나가라,4
개 지렸네,1
오르지도 않고 내리네ㅡ,6
안 낚이네,6
절대노파울,6
아니 그러면 왜 키 작은 애들 뽑았어 그냥 김민재 같은 애들로 도배하지,6
/맹보제거,4
지누엔딩은 영상으로 같이 봐요ㅎㅎ,6
{:d_49:}{:d_49:}{:d_49:}{:d_49:}{:d_49:}{:d_49:}{:d_49:}{:d_49:}{:d_49:}{:d_49:},6
아리가 감사하셔?,6
개처웃기네,0
개처안일하네,2
with 윤가놈,6
어허 ㅋㅋ,6
{:d_47:}{:d_47:}{:d_47:}{:d_47:}{:d_47:}{:d_47:}{:d_47:}{:d_47:},6
🥸,6
레버리지는 이미 가신분들,6
나라가 폭포네,6
홍명보 아웃,4
ㅋㅋㅋㅋㅋㅋㅋㅋㅋㅋㅋㅋㅋㅋㅋㅋㅋㅋㅋㅋㅋㅋㅋㅋㅋㅋㅋㅋㅋ,0
이교도 대군세,6
한시야 한시 돈내놔,6
사고싶다고 생각날때 사면 안됨,6
바닥 나옴 ㅋㅋ,6
슈카가 물었습니다 실행하시죠,6
빨리 담아라,6
닉스 컨콜만 제대로 했어도 ㅠㅠ,3
참가자임?,6
盧가 들어가면 뭔가가 다르노,6
살려주세요,5
진짜 역대급 시장 ㅋㅋ 이유 모를 대 폭락 ㅋㅋㅋ.. 아직 들고 있는 종목은 전부 다 -50%라서 손쓸 방법이 없습니다 ㅋㅋㅋㅋㅋㅋ...,6
빽패스제거,6
정몽규보여주자마자 골쳐먹혔네 에휴 짐싸라 그냥,4
오르나~ 할때마다 떨어지니까 입 닫고있으라고요 아 ㅋㅋㅋㅋㅋㅋㅋ,6
{:d_120:}{:d_120:},3
이제 홍명보의 저주시작인가,5
ㅋㅋㅋㅋ ㅋㅋㅋㅋ ㅋㅋㅋㅋ ㅋㅋㅋㅋ ㅋㅋㅋㅋ ㅋㅋㅋㅋ ㅋㅋ,0
코스피 1만 기차 추추 추발합니다!!,6
5초 저속 모드,6
삼성전기는!!!!!!!!!!!!!!!!!!,6
똥누는곳 오픈되어있네,6
윤가상은 기업 수준,6
신의 매매 ㄷㄷ,1
황말올!!!,6
거품엔지니어링 ㅋㅋㅋㅋ,6
코인 왜함?,6
더크게 해봐,6
승규야 몽규랑 같이 나가 죽어라,2
룩삼? 이이네,6
와 체코골 ㅋㅋ,6
슈팅 대박인데.........,1
표정 개웃기네 ㅋㅋㅋㅋㅋ ㅋㅋㅋㅋ,0
아쉽긴 하다,3
어어 온다 소리 개빡이다 첨범첨범 ㄷㄷ,6
누넢썩,6
우왕 나 유튜브 좋아행,6
구경 ㅋㅋㅋㅋㅋㅋㅋㅋ,1
추멘,6
{:d_116:}{:d_116:}{:d_116:}{:d_116:},6
하한가 1주가 견적을 잘뽑았네,6
ㅋㅋㅋ 아 어이없다,2
개못해 걍,2
케인 부상,6
멘탈털리고,3
커엽노,6
훈수는 아닌데 벤이라구,6
아스날 전법인데 ㅋㅋㅋㅋ,6
스로인좋았다,6
손흥민 쳐나가라 ㅋㅋ,4
와 이사람 코 진짜 크다,1
....,3
알려줘 도란 따였어 딴거야!????,6
{:wc_9:}{:wc_8:},6
드리루,6
ㅈ댓다,5
슈불,5
타점 ㅅㅂ ㅋㅋㅋ ㅋㅋㅋㅋㅋㅋ,6
쉬발 할수있어 그냥 한점 준거야,6
영도는 ㅠㅠ,3
미친....,1
120일선 타치 점프,6
노르웨이 일베다 쳐내,2
머꾸다시 진엔딩,6
?????//,6
아우.. ㅠㅠ 난 단타 못한다 ㅠㅠ 하지말자 ㅠㅠ,3
"여러분, 이제 강원랜드 갈 필요 없습니다!!!!",6
뒤로존나돌리고 뭐 하는게 없네,4
근데 노르웨이 애들은 골 넣어도 덤덤하넼ㅋㅋㅋㅋ,6
아녀,6
쳐다만보냐,2
띵보야 짐싸라..ㅋ,4
숲을 떠난다,6
우울우울,3
"와 레전드네,.,",1
ㅋㅋㅋㅋㅋㅋㅋㅋㅋㅋㅋㅋㅋㅋㅋㅋㅋㅋㅋㅋㅋㅋㅋㅋㅋㅋㅋㅋㅋㅋ,0
옆집애는 이번에 서울대갔데,6
역겹다 저 여자 심장 아니야..,4
와 ㅅㅅㅅㅅㅅㅅㅅㅅㅅㅅ!!!!!!!!!!!,0
수비 가만히 있다 ////////////////,6
광기견,6
묭규 나가~몽규나가,4
내 돈이!!!!!!!!,6
체코 진심 개못하는데 한골 내주놐ㅋㅋ 장난하냐,6
오우!,6
안 볼란다!,6
유명인 ㄷㄷ,1
근데 의외로... 은근빨리깨는중...,6
저는 이미 잘해요,6
위자료 이슈 터짐 ㅋㅋㅋㅋㅋㅋㅋㅋㅋㅋㅋㅋㅋㅋㅋ,0
골키퍼 전진 수배하는 걸 봤어,6
진짜 개변태같네,4
슈팅 대박인데.........,1
야 일어나 엄살 피지 말고,6
이기혁 또 놓치냐...,3
비 왔음,6
헉!!,1
현..직....,6
흥민아 몇개말아먹어 ㅠㅠㅠ,3
먹어야지 먹는거가지고 그러지마유,6
ㅋㅋㅋㅋ ㅋㅋㅋㅋ ㅋㅋㅋㅋ ㅋㅋㅋㅋ ㅋㅋㅋㅋ ㅋㅋㅋㅋ ㅋㅋㅋㅋ ㅋㅋㅋㅋ ㅋㅋㅋㅋ ㅋㅋㅋㅋ ㅋㅋㅋㅋ ㅋㅋㅋㅋ ㅋㅋㅋㅋ ㅋㅋㅋㅋ,0
잡아서 뭐하게요? ㅎㅎ,6
비이상,6
마하반야맨이야,6
좋지 않아요……..,6
손흥민 쳐나가라 ㅋㅋ,4
명보제거,4
삼전기 한 번만 봐줘요 ㅠㅜ,3
{:d_57:},0
버그 ㅋㅋ,6
한명을 못 뚫노,4
과자가 넘어가니 아직 괜찮아보여용,6
ㅋㅋㅋㅋㅋㅋㅋㅋㅋㅋ 나가면 죽겟는데,0
원벌어서,6
살려줘 ~~~~~~~~~,5
골찬스 겁나 놓치늬데ㄲㅋㅋ진짜 국대버러지들같네ㅋㅋ,2
바로 안오는게 더 불안한데ㅋㅋ,5
쌀먹을,6
주주환원 안해줘,6
먼니끄상,6
설레는 반존대,6
개븅신들,2
ㅋㅋㅋㅋㅋㅋㅋㅋㅋㅋㅋㅋㅋㅋㅋㅋㅋㅋㅋㅋㅋㅋㅋㅋㅋㅋㅋㅋㅋㅋㅋㅋㅋㅋㅋㅋ 개무섭네,5
7월3일이랑 기관수급 비교해서 비교해주세요.,6
잉글랜드 꼬숩노 끼숩노 깨숩노잉글랜드 꼬숩노 끼숩노 깨숩노잉글랜드 꼬숩노 끼숩노 깨숩노잉글랜드 꼬숩노 끼숩노 깨숩노잉글랜드 꼬숩노 끼숩노 깨숩노잉글랜드 꼬숩노 끼숩노 깨숩노,6
뒤에 2명 멍때리노,2
어어ㅓㅓ,1
좀 무서운데,5
맹보야  태평양 헤엄쳐서 겨들어오던가 오지마라,6
ㅎㅎㅎㅎㅎㅎㅎㅎㅎㅎㅎㅎㅎㅎㅎㅎㅎㅎㅎㅎㅎㅎㅎㅎㅎㅎㅎㅎㅎㅎㅎㅎㅎㅎㅎㅎㅎㅎㅎㅎㅎㅎㅎㅎㅎㅎㅎㅎㅎㅎㅎㅎㅎㅎㅎㅎㅎㅎㅎㅎㅎㅎㅎㅎㅎㅎㅎㅎㅎㅎㅎㅎㅎㅎㅎㅎㅎㅎㅎㅎㅎㅎㅎㅎㅎㅎㅎㅎㅎ,6
명보차이,4
엥...?,1
영~~~~~~~~~~~~~~~,6
도파민 싹 도노,6
쏩니다 밑으로,6
딸깍 = 골,6
ㅅㅅㅅㅅㅅㅅ,0
어어 ㅅㅂ,1
아 이게 뭐냐 진짜,3
영도나 봅세,6
바진우,6
삼전도 잘 버티고,6
선수들 호흡 안맞아 전술도 없어 뭐하는거?,4
진짜 어휴,2
ㅈㄴ무섭네,5
내가왜,6
3전패 탈락!!!!! 해라,2
못참궤찌,6
어지럽다 어지러워,2
살벌하다 sk ee,5
푸스카스,6
뒤져라 체이커,2
와 ㅁㅊ ㅋㅋㅋㅋㅋㅋㅋㅋ,1
얘기하면 혼내시자나요ㅠㅠ,3
일로 불러서 유인하고 나가자,6
미 1친ㅋㅋㅋㅋㅋㅋㅋㅋ,1
몽규 느가라,4
용뺏겨서 ㅅㅂ하,2
직스딜 ㄷㄷ,1
160은 에바……..,6
아오;;;;;;;;;;;;;,2
와우 대박이노,0
위에있는거 아니야?,6
전문가가 의미가 있나요? 이런장에,6
안돼용 ㅎㅎ,6
힘들었다구여ㅠ,3
슈카방송하면 오른다,6
이게 무슨 계단식 하락임 절벽식 하락이지ㅜㅜ,3
아모레퍼시픽,6
골ㅅㅅㅅㅅㅅㅅㅅㅅㅅㅅㅅㅅ,0
컨퍼런스콜을 개그지같이해서,6
모찌양,6
오 무찔렀다,6
준비도 못한 팀 상대로 골 먹고 ㅠㅠ,3
비상비상,5
삼전 덕분에 올랐다가 자진 하차함,6
ㅋㅋㅋ 아 어이없다,2
수제티 많이나네 ㅋㅋㅋ,6
밑에 있잖아요...,6
뭐햐냐 진짜로,4
노안란,6
명보야 나가 그냥,4
뭉서워요 ㅠㅠ,5
취호전견,6
ㅇㅇㄴㅇ,6
신역사,6
인버스도 국장이다! 인버스 가즈아!!,0
이래도 안넘어와?,6
장난하냐,2
미르친,1
괴물 발목물에 익사하다,6
케인 추하노 ㅋㅋㅋ{:wc_6:}{:wc_6:}{:wc_6:}{:wc_6:}{:wc_6:}{:wc_6:}{:wc_6:}{:wc_6:},6
코스닥은 죽었어,6
유효슈팅하면 그냥 골이네 김승규빼고 차범근 넣자,6
영도 안봐서 진엔딩 아닙니다,6
들어가봐요,6
{:d_55:}{:d_55:}{:d_55:}{:d_55:}{:d_55:}{:d_55:}{:d_55:},6
주식 수비네,6
으ㅏㅏㅏㅏㅏㅏㅏㅏㅏㅏㅏㅏㅏㅏㅏㅏㅏㅏㅏㅏㅏ,3
정몽규보여주자마자 골쳐먹혔네 에휴 짐싸라 그냥,4
윗층이야?,6
휴 물릴 뻔,6
지지직,6
와!!!!!!!!!!!!!!!!! ㄷㄷㄷㄷㄷㄷㄷㄷㄷㄷㄷㄷㄷㄷㄷㄷ,0
도배하지마 짱ㄲ들아,2
매수가자,6
진짜 개빡,2
ㅇㄴ~,6
찝찝...,5
슈사장님 살려주세여,5
40분게임 ㅋㅋㅋㅋㅋㅋㅋㅋㅋㅋㅋㅋㅋㅋㅋㅋㅋㅋ,6
어제 슈반꿀 실행해서 오늘 오랜만에 + 봤습니다 감사하빈낟,6
vr 보겠네,6
ㄹㅇㅋㅋ,0
몽규도 나가 !!,4
뭔 득점이야?,6
왜자꾸 자빠지노,6
잘찼는데 파울 아니면 좋겠네,6
오 적극적이시다,6
후원 코라지,6
혁,1
우리가 우세했어?,6
500층 가즈아ㅏㅏㅏ,0
유튜브로 봐서 잘모름 ㅎ,6
저점 관측,6
골키퍼 아웃,4
카에데상 (애교임),6
에라이!!!!!,2
위로가 되네요,6
쉽네,6
/홍명보 제거,4
와 밖에서 막 다니네 ㄷㄷㄷㄷㄷ,5
역시 형이야! 구하러 왔구나!,6
코스닥이게나라냐,2
마크를 왜 안해,2
이러다가 강원랜드 망한다고 ㅠㅠㅠㅠㅠㅠㅠㅠㅠㅠ,3
ㅋㅋㅋㅋ 지리긴하네,1
와 놀래라,1
손흥ㅇ민 ㅈㄴ 못하네,4
ㅋㅋㅋㅋㅋㅋㅋㅋㅋㅋㅋㅋㅋㅋㅋㅋㅋㅋㅋㅋㅋㅋㅋㅋㅋㅋㅋ,0
닉스좀 살려줘,5
해설이라고 하냐,4
나이샤~~~~~~~~~~~~~~~~~~~~~~~~~~~~,0
형 살려줘~~~,5
여기가 그 유명한 한강 정모방 맞나요??,6
루!,6
똥겜 ㅋㅋㅋㅋㅋㅋㅋㅋㅋㅋ,0
머냐,6
찝찝하다,5
트름 ㄷㄷ,1
오너가 왜 박은거고,1
오 이제부터네,6
단타 잘하시는.분들 부럽네요 ㅠㅜ,3
진짜 ㅈㄴ 못하네,2
3패 3패,6
오예,0
개웃기네 ㅋㅋㅋㅋㅋㅋㅋㅋㅋㅋㅋㅋㅋㅋㅋㅋㅋㅋㅋㅋㅋㅋㅋ,0
천박해애애애,6
뭐이런...,6
손절해야할까요?ㅡㅡ손절해야할까요?ㅡㅡ손절해야할까요?ㅡㅡ손절해야할까요?ㅡㅡ손절해야할까요?ㅡㅡ손절해야할까요?ㅡㅡ손절해야할까요?ㅡㅡ손절해야할까요?ㅡㅡ손절해야할까요?ㅡㅡ손절해야할까요?ㅡㅡ손절해야할까요?ㅡㅡ손절해야할까요?ㅡㅡ,6
졸라 몬하네 ㅋㅋㅋ,4
장 마감 빨리오렴 ㅠㅠ,5
이게뭐냐고ㅡㅡ,2
손흥민 빼라,4
차트가 말을 걸어와..,5
나도 오늘 물었는데,6
시발 뭐하냐,4
우마이ㅣㅣㅣㅣㅣㅣㅣㅣㅣ,6
국장은 답이없다,2
진짜 ㅈㄴ못한다,4
이제 케인 파울이냐 아니냐가 문제네,6
이건 도박이야,5
야이 소추야,6
욕나온다,2
또 탑정글이다,2
어디 걸렸나봐,6
high~~~,6
비 확 왔다가 잠잠해졌다가 그러던데,6
불러볼까?,6
슈카형이 노래를 그렇게 잘 한다던데,6
가수왕 슈카 ㄷㄷㄷㄷㄷㄷㄷㄷㄷㄷㄷ,1
ㅋㅋㅋㅋㅋㅋㅋㅋ아이런 쒯!,1
이건 슈팅 맞음,6
바알,6
아 진짜 ㅈㄴ웃기네 ㅋㅋ,0
형 어제 롱이라매요 ㅜㅜ,3
하루 1억가능 ㄷㄷㄷㄷㄷㄷㄷㄷㄷㄷㄷㄷㄷ,1
솔샤르 ㄷㄷ,1
들어놔여,6
무관케인,6
쫄아서 한명을 못재껴,6
진짜 다시하시네ㅠ,3
노르웨이 이기자!!!!!!!!!!,0
아오 꼽등이,4
킹우의수 ㅋㅋㅋㅋㅋㅋㅋㅋ,6
매수 들어 가나요?,6
진지 답쉈냨ㅋㅋ,6
3시다,6
도란 진짜 아무것도 못하고 죽었네 ㅋㅋ,6
나죽어,5
힝 속았지 ㅋㅋ,6
쳐 안뛰나 한궈놈들,2
코 속을 찾는 나,6
에라이!!!!!,2
노파울,6
아오 홍명보야 이게 축구냐? 진짜 접어라 정몽규 개새야 넌 현대아웃이다,4
던지는거 개쩌네 ㅋㅋㅋ,1
찝찝...,5
명봉야 나가라,4
생존본능,6
ㄷㄷ 괴믈 배고픈가봐 꼬르륵하네,1
어이쿠 ㄷㄷㄷㄷㄷㄷㄷㄷㄷㄷㄷㄷㄷㄷㄷㄷㄷㄷㄷㄷㄷㄷㄷㄷㄷㄷㄷㄷㄷㄷㄷㄷㄷㄷㄷㄷㄷㄷㄷㄷㄷㄷㄷㄷㄷㄷㄷㄷㄷㄷㄷㄷㄷㄷㄷㄷㄷㄷㄷㄷㄷㄷㄷㄷㄷㄷㄷㄷㄷㄷㄷㄷㄷㄷㄷㄷㄷㄷㄷㄷㄷㄷㄷㄷㄷㄷ,1
박살나는 중,3
드개재ㅐㅐㅐㅐㅐㅐㅐㅐㅐㅐㅐㅐㅐㅐㅐ,0
..,3
뭉서워요 ㄷㄷㄷ,5
망햇다 망햇음 헤헤,3
진짜.. 단타 무섭네 ㄷㄷ,5
흥민아 몇개말아먹어 ㅠㅠㅠ,3
목배율은 패시브,6
다시하기 왕아깝맨인데ㅋㅋㅋ,6
soop으로,6
정몽규 나가!!!!,4
트름은 좀..,4
"ㅋㅋㅋㅋㅋㅋㅋㅋ,,,",0
ㅋㅌㅌㅋㅌㅌㅌㅌㅋㅌㅌㅌㅋㅋㅌㅌㅌㅋㅋㅌㅌㅋㅋㅋㅌㅌㅋㅋㅋㅌㅌㅌㅌㅌㅌㅌㅌㅌㅌㅌ,0
몰래 먹었냐?,2
조졌네,5
차트 진짜 너무 예쁨,6
ㅋㅋㅋㅋ 1무 2패 본다,6
까엉이,6
{:d_109:}{:d_109:}{:d_109:},6
형 이정도 뿅망치면 찐반아님?,6
윤영,6
해딩을 못할거면서 왜 거기서 있냐,6
울린다,6
메챠쿠차,6
태초마을하죠 ㅎㅎ,6
이제 망한건가요,5
가즈아~,6
초딩 ㅋㅋ,6
안 비티는데,6
케인 엄살...{:wc_6:},6
똥칸 개무적이네 ㅋㅋㅋㅋㅋㅋㅋㅋㅋㅋ,0
꼽쌤;,4
진짜 개미는 절대 못이긴다 그냥 들고 있어라..,6
미친 슈팅이네;;;,1
이게 조용하다고?,6
오늘 아침에 분위기 좋았어,6
키작다,6
아직 한번더 하방 패닉셀 남은 듯 합니다,6
어차피 망한거 더 망치고 욕이나 실컷 먹어라!!!!!!,2
역시 홍명보 ㅋㅋㅋㅋㅋㅋㅋㅋㅋㅋㅋㅋㅋㅋㅋㅋㅋㅋㅋㅋㅋㅋㅋㅋㅋㅋㅋㅋㅋㅋㅋㅋㅋㅋㅋㅋ,4
명보야 나가 그냥,4
저도 첫번째에 속아서 갸처물림,2
ㄱㅇ,6
걍 개미 다 죽이려는게 분명해,6
몰라?,6
또 몬살게구네,2
어차피 망한거 더 망치고 욕이나 실컷 먹어라!!!!!!,2
아르헨티나는 메수 ㅋㅋㅋㅋ,6
와리가리 ㅋㅋㅋㅋ,0
야수 자리,6
광탈 ㅅㅅㅅㅅ,6
너무 멀리갔다,6
아오 홍명보야 이게 축구냐? 진짜 접어라 정몽규 개새야 넌 현대아웃이다,4
아 광고왜케마너,6
저는 모르죠,6
{:d_57:},0
졸라 재미있어 ㅎㅎㅎㅎ,0
이참에 훈수 가이드라인 만들어요,6
환율살려,5
형 거래량 바봐,6
야이ㅣㅣㅣㅣㅣㅣㅣㅣㅣㅣㅣㅣㅣㅣㅣㅣㅣ,2
ㄷ,1
어,6
걍 모든 차트가 다 망가졌음,6
볼.뒤로.돌릴때부터 불안하더니.ㅋㅋㅋ,5
찝찝하다,5
/채팅재거,6
짐싸라 ㅋㅋㅋㅋㅋ,4
댱군~ 보고 있어?,6
붕어매매법,6
ㅉ 이게 축구냐 ㅋㅋㅋㅋㅋㅋ,2
형님 삼성전기 보고 오시면 위로가 될겁니다 !!!!,6
가둬놓고는 왜 안패냐고,2
마크를 왜 안해,2
속으면 안됨... 기관이 엄청나게 매수한 것임..,6
가둬놓고는 왜 안패냐고,2
캬ㅑㅑ,0
살,6
자야되요,6
{:d_1:}이거시 홍명보 호 인가,5
오늘 이겨야되는디,6
갓명보 ㅅㅅㅅㅅㅅㅅㅅㅅㅅㅅㅅ,4
장 마감 빨리오렴 ㅠㅠ,5
밑에 두 칸,6
진몰,6
살려주세요~~~~~~~~~~~~~~,5
이걸 어케 예측하는거임?,6
여기 저기 있어요,6
골 인정 ㅅㅅㅅㅅㅅㅅㅅㅅㅅ,0
본토산,6
노르웨이 ㄷ ㄷ ㄷ,1
와 먼데 ㅋㅋㅋㅋㅋㅋ,1
뒤에서 발로찼는데? ㅋㅋ,6
량 머거용,6
MMN,6
안녕하세요~~,6
피뢰침이 딱,6
질질 끌지말고,2
아니말투가 개웃기네 ㄴㅋㅋㅋ,0
슈카형. 오늘 개미 매도를 체크해주세요. 엄청팔았어요,6
염색그냥 대충 유성매직으로 하죠,6
메챠쿠챠 윤가놈,6
와 저게 들어가네,1
네이버는 오른것도 없는데 왜이래요.......,5
황지고등학교 2학년 5반 김재한 조용히 해라황지고등학교 2학년 5반 김재한 조용히 해라황지고등학교 2학년 5반 김재한 조용히 해라황지고등학교 2학년 5반 김재한,6
픽포드 ㅋㅋㅋㅋㅋㅋㅋㅋㅋㅋㅋㅋㅋ,0
너무 잘 지내서 탈이다 데스,6
ㅅㅅㅅㅅㅅㅅㅅㅅㅅㅅㅅㅅㅅㅅㅅㅅ,0
선수들 호흡 안맞아 전술도 없어 뭐하는거?,4
진짜 일본인임? RP임?,6
시발 너무해,3
180은 되는데,6
응원이나해 이것들아....,6
헉헉헉헉,1
그냥 박살나네,6
찝찌배,5
오랫동안?,6
힘들다,3
찌가 계속 현혹하네 ㅜㅜ,3
맛있는데 안물거야??,6
파울 아니네 ㅋㅋㅋㅋㅋㅋㅋ,6
실화?,6
선물도매수. 외인 기관 다들어옴!!!!!!!!!!!!!!!,1
var 있음,6
그만사면 이제 오른다,6
일장춘몽규다 ㅋ,6
ㅅㅅㅅㅅㅅㅅㅅㅅㅅㅅㅅㅅㅅㅅㅅㅅㅅㅅㅅㅅㅅㅅㅅㅅㅅㅅㅅㅅㅅㅅㅅㅅㅅㅅㅅㅅㅅㅅㅅㅅㅅ,0
반야맨이야,6
뭔소리야?,1
아직 하락장 아니다,6
코,6
왜 정몽규 화면에 잡아서 저런거여,6
극찬하는나,6
쒯 ㅋㅋㅋㅋㅋㅋㅋ,1
윤상 ㄷㄷ,6
1똥칸 50점프,6
사지마요 ㅠㅠ 그럼떨어질거같아요,5
아무도안막네 ㅋㅋㅋㅋ,3
오너 실화냐,6
진짜 개빡,2
진짜 이승우를 왜 안데리고 가는건지..,4
이게 세트피스다 알겠냐?????????,6
ㄷㄷㄷ,1
/홍명보 제거 썼는데 왜 제거 안되누,4
개처웃기네,0
/버퍼제거,6
수업시간에 보는데 말이되냐,6
⚽⚽⚽⚽⚽,6
왼쪽 라인이 ㅄ인데,4
팩트) 홍명보는 무죄 선수들이 하루종일 날려먹음,6
김연경 가능,6
치지직에 남을껄,6
48강 탈락.,6
표정 ㅋㅋㅋㅋㅋㅋㅋㅋㅋㅋ,0
지겟는데,5
부정탓따 그때 몽규 ㅅㅂㅅㅂㅅㅂㅅ,4
여자를 처리하는 나 ㄷㄷ,1
그래 5골먹어라 차라리 ㅋㅋㅋㅋㅋㅋㅋㅋㅋㅋㅋㅋㅋ,2
2층석탑 ㄷㄷ,6
억지 ㄴ,6
{:d_57:},0
현직이셔,6
개처안일하네,2
다 놓쳐썩,6
이번엔 찐바닥일까?,6
허...,3
지금 들어옴. 이게 먼데?,6
언더독 ㄷㄷ,1
저게 무슨 각도야?,6
"외인 ,기관만 장난 안치면 갈수 있다고 ㅠㅠㅠ",3
배구선수임?,6
"외인 ,기관만 장난 안치면 갈수 있다고 ㅠㅠㅠ",3
/홍명보제거,6
분노 ㄷㄷ,6
얘기하면 혼내시자나요ㅠㅠ,3
뭉서워요 ㄷㄷㄷ,5
벨링엄 홀란드 누가 더 존잘임?,6
와 골대,6
가야제 가야제~,6
망치 떳다,6
잔혹한 수탈ㅠㅠㅠㅠ,3
지금 얼마냐?,6
존나 재미있어,0
흥민아 몇개말아먹어 ㅠㅠㅠ,3
연경누님..,6
인식 안하는거같은데,6
개쳐나이스,0
양쪽 칠번 차이 오지노 ㄷㄷ,1
동의합니다,6
지겟는데,5
무섭다.. 난 안되겠다..,5
ㅈ됐다,5
살려줘 ~~~~~~~~~,5
윤가놈의 멧차쿠차,6
하.............,5
너 꼽이야?,2
아니 기회가 얼마나 많았는데 {:d_58:}{:d_58:}{:d_58:}{:d_58:}{:d_58:}{:d_58:},2
접자..,3
다시하죠,6
네이버는 오른것도 없는데 왜이래요.......,5
삼계탕 완전 한국인같다,6
형 오히려 이슈가 다 사라지면 좋을까요?,6
메차쿠챸ㅋㅋ,6
🇨🇿🇨🇿🇨🇿🇨🇿🇨🇿🇨🇿🇨🇿🇨🇿🇨🇿🇨🇿🇨🇿🇨🇿🇨🇿🇨🇿,6
ㅠㅠㅠㅠ,3
키오시아 한번 봐줘요 ㅋㅋ,6
훈수는 밴탱이라구우우웃!!,6
연경누나는 인정이지,6
오너 진짜 ㅋㅋㅋㅋ,4
신의 매매 ㄷㄷ,1
소원 의 별 언제하나요,6
방금 그르르 소음,6
안 온다,6
뭐야?,1
조현우어디갓냐고,6
나이스 ㅋㅋ,6
코스닥이게나라냐,2
일베 무새들 쳐내라 좀... 챗창 관리 안함?,2
장 마감 빨리오렴 ㅠㅠ,5
살려주세요~~~~~~~~~~~~~~~,5
슈카형 어제 어닝콜 직접 들어보라니까?,6
괴물이 신경도 안쓰는데,6
똥칸이 안전지대네,6
너거들은 떨어져라 이게 답이다,6
니니는 누웠나요 요새 안보이네,6
ㅅㅅㅅㅅㅅ,0
어차피 망한거 더 망치고 욕이나 실컷 먹어라!!!!!!,2
머리 아프다 ㅋㅋ,4
잘 넘기는데 ㅋㅋ,6
하이닉스에서 말문이 막히네,6
여자는 무서워 ㅠㅠ,5
14억? ㅋㅋㅋㅋㅋㅋ,6
아니야 낚시야,6
올 센 척하는데,6
삼전 컨콜 때문에 올랐다가 꼬라박,6
신의 매매 ㄷㄷ,1
한국 축구는 끝났다 ㅋㅋ,6
묭규 나가~몽규나가,4
ㅋㅋㅋㅋㅋㅋㅋㅋㅋㅋㅋㅋㅋㅌㅌㅋㅌㅌㅌㅌㅌㅋㅋㅋㅋㅋㅋㅋㅋ,0
살먹,6
바보진웈ㅋㅋㅋ,6
아 즌나 우울하다..,3
반존대ㅋㅋ,6
ㅈ됐네,3
{:d_57:},0
나 무 위 키,6
파이팅 지투!!!!!!!!!!!!,6
목에 가래 있는듯,6
아 나약한 자의 쉼터,6
꼽견 이제 좀 나가라,4
삼전기 ls일렉트릭 살려주세요ㅠㅠㅠㅠㅠㅠㅠㅠㅠㅠㅠㅠㅠㅠㅠㅠㅠㅠㅠㅠㅠㅠㅠㅠㅠㅠㅠ,3
ㅅㅅㅅㅅㅅㅅㅅㅅㅅㅅㅅ,0
ㅈ됐다,5
밴유도 조심,5
외화유출 ㄷㄷ,6
ㅋㅋㅋㅋㅋㅋㅋ 어케햇누,0
지리네 ㅋㅋㅋㅋㅋㅋㅋㅋㅋ,1
나도,6
ㅈㄴ 못하네 버러지들,2
근데 어차피 비지니스 약속아니면 밖에 나갈일이 없으면서 뭐가 일정이란건가요 부를친구가 휴대폰에 도꼬미 두더놈 세더놈말고는 없지않나요 친구없는지누 뭉추 ㅠㅠ,3
진헉,1
투 원 딜,6
일투리 지리네,6
해설 빨지좀 말아주세요 냉정히 해요 냉정히,6
용뺏겨서 ㅅㅂ하,2
ㅋㅋㅋㅋㅋㅋㅋㅋㅋㅋㅋㅋㅋㅋㅋㅋㅋㅋㅋㅋㅋㅋㅋㅋㅋㅋㅋㅋㅋㅋㅋㅋㅋㅋㅋㅋㅋㅋㅋㅋㅋㅋㅋㅋㅋㅋㅋㅋㅋㅋㅋㅋㅋㅋㅋㅋㅋㅋㅋㅋㅋㅋㅋㅋㅋㅋㅋㅋㅋㅋㅋㅋㅋㅋㅋㅋㅋㅋㅋㅋㅋㅋㅋㅋㅋㅋㅋㅋㅋㅋㅋㅋㅋㅋㅋㅋ.,0
땅 명보 꼬올,4
백승호out 이재성out,6
교체도안하고 대체 뭔생각이냐? 집중력다떨어져있는거보이지도않나,2
어휴,6
어슬렁어슬렁 뭐하노,6
찝찌배,5
/1골 마이너스,6
녹턴 왜던지냐 또,1
"장이 정상은 아님, 대형주가 10프로씩 움직인다는게 말이 안됩니다.",6
진짜 개몬한다,4
쟤 새끼 아니다 성채,6
꽁돈 포기해?,6
ㅇㅇ 추세 전환 봐야지,6
또속 ㅋ,6
저걸 놓치다니,3
수제?,6
쪼아오,6
셰도르프?,6
ㅎㅎㅎㅎㅎ,6
슈카님 주식은 떨어지지만 라이브 조회수는 많으니까 좋지 않으신가요?,6
조커피디의 역작,6
ㅈ됐다,5
쏴라ㅏㅏㅏㅏㅏ,6
왜 박는거야 직슨데,2
저건 못먹는거냐..... 그걸 어케해,6
키퍼 내가 거 잘할듯,6
플핸 ㅅㅅㅅㅅㅅㅅㅅㅅ,0
홍명보 전격 경질,4
..,3
가랑이 사이로,6
이건 뭐 어떡하누,1
왜 박는거야 직슨데,2
너만 타면 바로 장대양봉!!!,6
삼성전기 살려주세요ㅜㅜ,5
시간낭비고,6
할수있다 역전가자,6
여기 방송 밴의 기준이 뭔가요,6
섹스섹스,0
키트,6
지금절대 안팔아~~~~~~!!!!!!!,6
엔저야...,6
어차피 망한거 더 망치고 욕이나 실컷 먹어라!!!!!!,2
170은?,6
끼끼몽,6
160가줘 제발..,5
무섭노무,5
지투 이겨라!!!!!!!!!!!!!!!!!!!!!!!!!!!!!1,6
정몽규 나가!!!!,4
정몽규 하...,2
/홍명보 제거 썼는데 왜 제거 안되누,4
역시 삼성맨,6
에바임,6
진짜 차트 개미 유혹 오지네,6
{:wc_14:}{:wc_14:}{:wc_14:}{:wc_14:}{:wc_14:},6
노골임 ㅅㄱ,6
오케이 ㅋㅋㅋ,6
땅 명보 꼬올,4
염색 생방해요 ㅎㅎ,6
정몽규 홍명보 나가,4
흥민아 몇개말아먹어 ㅠㅠㅠ,3
앗싸! 한국 축구 망했다!!!나이스!!!!,3
단 몇시간 만에 ㄷㄷ,1
카네 엄살보소 ㅋㅋㅋ,6
삼성전기봐주세요ㅠㅠㅠㅠㅠㅠㅠㅠ,3
세엑스,0
룩삼 야호~,6
면도날 on,6
케인 정신차림,6
국장은 답이없다,2
지고있는데 침대를 ??,6
너 꼽이야?,2
유사 사칭 채널인줄 알았네,6
맛있겠다,6
형 어제 롱이라매요 ㅜㅜ,3
형 슈친직원들 괜찮아요?,6
어차피 망한거 더 망치고 욕이나 실컷 먹어라!!!!!!,2
안사고 배기냐고,6
..,3
시발,1
그어대,6
도란 스발,2
모든 걸 어제 오후랑 똑같이!~~,6
빨리줘 수발,6
트레이더의 슈카 ㄱㄱ,6
뭐이씨 속으면 안됨? ㅠㅠ,3
ㅅㅅㅅㅅㅅㅅㅅㅅㅅㅅㅅㅅ,0
반도체의 대반격이 시작됐다,6
이제 1년동안 차트매매는 못할듯 레버리지떄문에 모든주식 일봉이 망가짐,6
형님 이 소리 감자탕 끓는 소리 같습니다,6
븅신들,4
고민중독지누,6
와 저건또 뭐야??? 차트봐라,1
..,3
오는데,6
ㅅㅅㅅㅅㅅㅅㅅㅅㅅㅅㅅㅅㅅㅅㅅㅅㅅㅅㅅㅅㅅㅅㅅㅅㅅㅅㅅ,0
저따구 차트 나오는 거 자체가 끝물이라는 증거임,6
노르웨이 승이라니까,6
수비 ㅅㅂ ㅋㅋㅋㅋㅋ,1
고만 보자,6
망함,5
저런...,1
겨드랑이 냄새 ;;;;;;;;;;;;,6
진짜 제발,5
3번은 뭔데 헤딩도 안되는 높이에 뛰냐,6
아.. ㅠㅠ 고민스.. 돈.. ㅠㅠ,5
그래 g2 조합이 한타 조합이라 모름 진짜.......,3
저걸 놓치다니,3
뒤져라 체이커,2
오 ㅏㅅㅂ,1
아리가땡쓰~,6
골 취 소 ㄷ ㄷ,6
미쳤다,1
염색을 같이 해용 ㅎㅎ,6
ㅈ됐네,3
왜 이렇게까지 밀어재끼는거야,1
다라이 살발하노,5
파울이네 ㅈㅈ,6
현대차는요?,6
쫄아서 바로 문닫음 ㅋㅋㅋㅋㅋㅋ,0
와씹,1
멤버 이름이 12임?,6
이게 못 이길 게임이 아닌데 하,3
시간 없어 일단 티,6
찝,5
그딴거 분석하지좀 마여,6
미쳤네 ㄹㅇㅋㅋㅋㅋㅋㅋㅋㅋㅋㅋㅋㅋㅋㅋㅋㅋㅋㅋㅋ,1
사야한다,6
ㅠㅠㅠㅠㅠㅠ,3
소리 넘 커요잇,6
핫하다 핫해,6
섹스,0
전술이 없는데 어떻게 이기냐,2
말 하는 거 참 맘에듬 !! 형 최고야말 하는 거 참 맘에듬 !! 형 최고야말 하는 거 참 맘에듬 !! 형 최고야말 하는 거 참 맘에듬 !! 형 최고야말 하는 거 참 맘에듬 !! 형 최고야말 하는 거 참 맘에듬 !! 형 최고야말 하는 거 참 맘에듬 !! 형 최고야말 하는 거 참 맘에듬 !! 형 최고야말 하는 거 참 맘에듬 !! 형 최고야,6
그건 그럼,6
이게 음지의 맛이야,6
몇명인데ㅅㅂㅋㅋㅋㅋㅋ,1
결국 지는구나 ㅋㅋㅋ,3
쫋?,6
무섭다.. 난 안되겠다..,5
홀란만보냐 내가 때린다,6
티원 개못한다 ㅋㅋ,4
졌잘싸,6
멐ㅋㅋㅋㅋㅋㅋㅋㅋㅋㅋㅋㅋㅋㅋㅋㅋ,0
키갈중,6
나빠다ㅠㅠ,3
위인가,6
망해가는 사장님은 임마,6
내가 먼저 좋아했는데,6
ㅅㅅㅅㅅㅅㅅㅅㅅㅅㅅㅅ,0
개웃기네 ㅋㅋㅋㅋㅋㅋㅋㅋㅋㅋㅋㅋㅋㅋㅋㅋ,0
ㅈ댓다 물뭔데 이거 ㅋㅋㅋㅋㅋㅋㅋㅋㅋㅋㅋㅋㅋㅋㅋㅋㅋㅋㅋㅋㅋㅋㅋ,5
조용히 침몰중,6
진짜 우리나라 왜 자살율 1위인지 댓글 수준 보인다 진짜 우리나라 왜 자살율 1위인지 댓글 수준 보인다 진짜 우리나라 왜 자살율 1위인지 댓글 수준 보인다,6
맑은고딕,6
쓰레기=쓰레기,6
족음공포 치트엔진,6
/진짜_s//문열어_s/,6
친구가 관심도 안주는데,6
진석군 카에네상 소리가 작아요,6
챱챱챱,6
이걸살아?,1
미쳤네,1
그건 진짜 나가야지,6
하닉분봉 ㄱㄱ,6
홀리쉿,6
와 이게 바로 들어가네,1
나빠다ㅠㅠ,3
{:d_1:}이거시 홍명보 호 인가,5
보합이 베스트??ㄷㄷㄷㄷ,6
노파울 케인엄살이지 해설은 멀보노,6
가즈아,6
닉스 컨콜에 내리는건 당연,6
개놀래라,1
징그럽다 차트가,4
잘하네...,3
와?,1
난 못먹었을뿐이고....,3
우굴우굴,6
침대엔딩,6
대한ㅁ;ㄴ구 개병신년들아ㅜ,4
드루와 ~~~ 드루와~~~ 얼른 드루와~~~,6
슈카님 켜니까 오르는데,6
엥....,6
슨ㅋㅋㅋㅋㅋㅋㅋㅋ,0
가짜 일본인도 있음?,6
진짜 홍명보 쳐 나가라,4
도대체 어디까지 내려가요 ..ㅠ,3
나빠자ㅠㅠ,3
노래 한소덜 ㄱ ㄱ,6
모찌양..,6
베스트라니 ㅋㅋㅋㅋ,6
므하니.,3
하나도 못뚫고 시발 뒤로만 보내고,4
아니 이거보고 안사요? 야수의 심장 필요합니다,6
설레는 반존대...,6
맙소사..,1
이방은 ㅇㅅㅇ 하는사람 없어서 좋네 ㅎㅎ,6
닉스 너무 쌈 ㅠ,3
베인 이즈,6
조현우 넣어라 ㅅㅂㅂㅂ,2
한국말을 제일잘하는 일본인,6
먼닉님,6
지금이야 빨리타,6
와 ㅋㅋㅋㅋㅋㅋㅋㅋㅋㅋㅋㅋㅋㅋㅋㅋㅋ,1
좀비돼썩 ㅠㅠ,3
{:d_46:}{:d_46:}{:d_46:}{:d_46:}{:d_46:}{:d_46:}{:d_46:},6
/제거,6
진짜 그 얼굴 나오니.먹히냐,4
그거순,6
눈좀 크게떠라,6
라잌미 라잌미~~,6
아~~~~~~~~,6
윤가상 ㅎㅎㅎ,6
이게 바로 국장이다~~~~~~,6
킹우의 수 가자,6
노르웨이 우승가자!!!!!!!!,6
160가줘 제발..,5
지리노,1
이혼이 터졌죠,6
퓨정 ㄷㄷ,1
그 유품을 하나 신사에서 방울얻기 하나 핸드폰 그리고 그 방에 유품이 하나 더 있었어욤,6
ㅋㅋㅋㅋㅋㅋ명보한테 뭘바라노,4
ㅋㅋㅋㅋㅋㄲ,0
삼성전기 학폭에 음주운전 뺑소니까지 터짐,6
사르,6
세금 ㅅㅂ,4
낼부터 개미사면 외인또도망감,6
전술이 있어야 뭐를 하지,4
박지성투입하자,6
윤가상,6
3번아까부테 개난리치더만 이꼬라지 날줄알았음 ㅋㅋㅋㅋㅋㅋㅋㅋㅋㅋㅋㅋㅋㅋㅋ,3
난 못먹었을뿐이고....,3
어른의 사정 ㅠㅜㅠㅠㅠ,3
슈카 안하면 오른다 굿,6
본주도 ㅋㅋ,6
넋이 나갔네...,1
살려주라',6
ㅋㅋㅋㅋ 지리긴하네,1
넵,6
/조졌다,5
븅신들,4
슈퍼에?,6
난가? 난?가?,6
띵보야 짐싸라..ㅋ,4
파울이구만,6
형 유인해서 따돌리자 그 방법밖에 없어,6
진짜 제발,5
온다,5
가둔거야?,6
치트엔진으로 아이템 가져와요ㅎㅎ,6
쪽팔린다 ㅡㅡ,2
삼성전기 살려주세요,5
이강인 손흥민을 전혀 못씀 홍명보 ㅋㅋㅋㅋ 뻥축구,4
어어 빠진다,5
디코소리좀 키우자,6
박살나는 중,3
죄송해요 케인님 ㅠㅠㅠㅠㅠㅠㅠㅠ,5
슈팅 지리네,1
그냥 개 처웃기노? ㅋㅋㅋ,4
와 먼데 ㅋㅋㅋㅋㅋㅋ,1
슈카형 삼성전기 봐봐,6
내일은 짝,6
개빡쳣나본데?,6
저걸 놓치다니,3
용감하게 좀 해봐라,6
피곤피곰,6
여기 사람 깔려있어요;;;;;; 밀지마시라고요!!!!!!!!!!!!!!!!!!!!!!!!,6
rp같은데...,6
ㅋㅋㅋㅋㅋㅋㅋㅋㅋㅋㅋㅋㅋㅋㅋㅋㅋㅋㅋㅋㅋㅋㅋㅋㅋㅋㅋ,0
여자는 안돼요,6
kfc 뭐지요,6
알려줘요~,6
애니비아나 쳐물지,2
{:lck_4:}{:lck_4:}{:lck_4:}{:lck_4:}{:lck_4:}{:lck_4:}{:lck_4:},6
ㅠㅠㅠㅠㅠ,3
ㅅㅅㅅㅅㅅㅅㅅㅅㅅㅅㅅㅅㅅㅅㅅㅅㅅㅅㅅㅅㅅ,0
아시`ㄳ팔진짜,2
아오 홍명보야 이게 축구냐? 진짜 접어라 정몽규 개새야 넌 현대아웃이다,4
ㄷㄹ,6
ㅋㅑ,6
물도 못타겠어ㅠㅠㅠㅠ,3
ㅔㅔㅔㅐㅐ,6
대한민국 제거,4
소리넘자가여,6
앞에잇다,5
시발 홍명보,4
그게 128에서 오른거라능,6
오늘 배팅하면 오링난다. 피똥싸고 싶냐?,6
티원 개못한다 ㅋㅋ,4
골 ㅅㅅ,0
밑으로 뺒;ㅣ,6
계좌동결?,6
어지럽다,2
땅봉 한번씩~,6
지금가자,6
바닥 알려줘여,6
박살나는 중,3
살려주세요ㅕㅕㅕㅕㅕㅕㅕㅕㅕ,5
무서워요,5
저희가왜요???????,2
ㄷㄷ진격거 ㅋㅋㅋㅋㅋㅋㅋㅋㅋㅋㅋ,0
영혼의 풀배팅간다,6
아오 꼽등이,4
국장은 답이없다,2
이제 좀 재미있어지노,6
양봉까지 매수하라,6
접자..,3
밑에 접시 두 개 다 있는데용,6
살려줘 제발 ㅠㅠ,5
"삼전 22, 하닉 120에 드가자",6
/채텡 제거,6
전기는 떨어질만해,6
부정탓따 그때 몽규 ㅅㅂㅅㅂㅅㅂㅅ,4
ㅁㅊ 대박,1
row!!!!!!!,6
갑자기 보기싫네,4
낚시바늘이었다,6
세금 ㅅㅂ,4
드가자잇,6
하.. 이게 뭐라고 ㅠㅠ,5
넣을 떄 넣었어야지 어휴,2
아니 여기서 홀딩해야하지않음?,6
시간이 애매하네요ㅠㅠㅠ,3
원,6
이게 무슨 계단식 하락임 절벽식 하락이지ㅜㅜ,3
힘들었다구여ㅠ,3
황지고등학교 2학년 5반 김재한 조용히 해라황지고등학교 2학년 5반 김재한 조용히 해라황지고등학교 2학년 5반 김재한 조용히 해라,6
비명 질러보자 테스트 ㄱㄱ,6
나랑 비슷한자리서 속으셨네,6
에이 이게,6
이게 뭔가요,1
멘탈털리고,3
저희 핸드폰,6
ㅋㅋㅋㅋㅋㅋㅋㅋㅋㅋㅋ3:0가자,2
홍명보 전격 경질,4
사무게당,6
데셍헥ㅋㅋㅋ,6
정몽규 나오자마자 골먹히누,6
살벌하다 sk ee,5
전형적인 계단식 하락,6
어제 10% 올려주셨으니,6
그.냥 ㅋㅋㅋㅋㅋㅋㅋㅋㅋㅋ,0
명보 제거,6
화장실ㄷㄷ,1
명보야 이래도 3백이야!!!,2
헤헤 오늘도 방송하네,6
이런 애들이 현실에서 정상인인척하는거냐? ㅌㅌㅌㅌㅌㅋㅋㅋㅋㅋㅋㅋㅋㅋㅋ,4
그랬으면 바로 스포얘기하면서 게임종료,6
실종으로 끝,6
스 엑 스,0
개미투심 박살났어....ㅠ,3
억,6
오너가 왜 박은거고,1
"또사 또사 또사 오늘장 ""도로아미타불 "" ~",6
왜 백정 도구 새끼들이 자아를 가지냐\,6
1. 중요하네요,6
요즘 별로 안주저하지 않음?,6
맙소사..,1
진짜 이승우를 왜 안데리고 가는건지..,4
어떻게 달려오는애를 아무도 마크를 안하냐,2
😄😄🤣🤣🤣🤣🤣🤣🤣🤣,6
개미들이 다던져,6
왜 하닉 사서 하...,6
님물고,6
진짜 개몬하넼ㅋㅋㅋㅋㅋㅋㅋㅋㅋㅋ,4
ㅋㅋㅋㅋㅋㅋㅋㅋㅋㅋㅋㅋㅋㅌㅌㅋㅌㅌㅌㅌㅌㅋㅋㅋㅋㅋㅋㅋㅋ,0
역시 자네야,6
파악한 나,6
아니 도란 점멸 왜 째다가 이상하게 쓴 거야?,2
백인 승!,6
아이템이 뭉탱이로 필요하데욧,6
없네,6
{:d_120:}{:d_120:},3
와 ㅋㅋㅋㅋㅋㅋㅋ,0
누가 먹지말라했냐,6
언제팔어!!!?!,5
아 페이커 얄미로워!!!!!!!!!!!!!!!!!,2
와 ㅋㅋㅋ,1
ㅆㅂ,4
괴물 야호~,6
ㅇㅇㅇㅇㅇㅇ,6
한강물 따뜻해요?,2
니혼진데스까,6
그렇다면! 나도 주식해볼까나,6
던질려고,6
엄청 기다렷어요 불안해서요,5
도란 스발,2
이사람은 결혼했는데요?,6
천천히해도되요,6
고지대 일찍 가서 적응보다 오늘온 체코가 더 잘한다??????????????????????????????????????????????,1
헤딩 하나는ㅋㅋㅋㅋㅋㅋ,1
막내야 또속냐,6
홍명보 나가!,4
ㅠㅠㅠㅠㅠ,3
현직?,6
다이빙 카드줘라,6
학폭이슈 ㄷㄷ,1
ㅁㅊ ㅋㅋㅋ,1
가가마게 가자,6
본주 수급이 안쌓이는데 어떻게 올라요 ㅋㅋㅋㅋ 레버리지에만 거래가 쌓이니,6
드가재ㅐㅐㅐ,6
살려주세요 !!!!!!!!!!!!!!!!!!!!!,5
아오 꼽샘,4
이제 말해도 되지 않나요,6
조현우 넣어라 ㅅㅂㅂㅂ,2
이야 골 예술이노,1
진짜 개 무섭네 홀란 ㅋㅋㅋㅋㅋㅋㅋㅋㅋㅋㅋㅋㅋㅋㅋㅋㅋㅋㅋㅋㅋㅋㅋㅋㅋㅋㅋㅋㅋㅋㅋㅋㅋㅋㅋ,5
와 지린다 뭐임???,1
오호..오른다,6
구버지....,3
역겹다 저 여자 심장 아니야..,4
대 브 붕,6
국장 졸업ㅊㅊ,6
석재야 또속냐?!!!,6
진짜 ㅈㄴ 못하네,2
아 좀 심한거 나오겠네,4
두번죽임ㅠㅠ,3
들어가야지 !!!! 들어가야지 !!!! 들어가야지 !!!!,0
무서워요 안아줘요ㅜㅜㅜㅜ,3
알벨로 티셔츠,6
어차피 망한거 더 망치고 욕이나 실컷 먹어라!!!!!!,2
잘하네...,3
살려줘~~~,5
죠짐,5
확률적으로다가 접근해야지~~~너는 그렇게 감으로 거냐!,6
세트피스는 저쪽이 더 잘 준비했네 ㅋㅋㅋ,2
아 즌나 우울함..,3
밴유도 나빠다 ㅠㅠㅠ,3
걍져라 !~!~~~~~~~~~~~~~~~,2
프리미어볼을,6
왼쪽 라인이 ㅄ인데,4
홍명보와 정몽규가 넣은거지,4
졈마 왜  저러고 있음ㅋㅋㅋㅋㅋ,1
뭉서워요 ㅠㅠ,5
티비? 링?,6
무서워요 안아줘요ㅜㅜㅜㅜ,3
살려줘요ㅠ,5
아우ㅜㅜㅜㅜㅜ,3
웃음이 안 나오내여 ㅋㅋㅋ,6
키퍼는 왜 펀칭 안하고 가만보고잇냐,2
아 레토르토,6
ㅈㄴ 못하네 버러지들,2
이런거 첨보네 ㅋㅋㅋㅋㅋㅋㅋㅋㅋㅋㅋ,0
푸키몬퀴주,6
시발,1
태석이 빼라,4
목소리가 작아요,6
자리 말도 안되는데 좀 무서운 자리기도함 ㅜㅜ...,5
비왔짘ㅋㅋ,6
힛 속았지 하며 낚시질하며 오를락 하다 내리는거라니까 그러네,6
진짜 못한다,4
스로인으로 쳐먹는거 진짜 웃기네,4
차트가 말을 걸어와..,5
쓰으으으읍,6
아 공찼네 골이다 ㅠ아 공찼네 골이다 ㅠ아 공찼네 골이다 ㅠ아 공찼네 골이다 ㅠ아 공찼네 골이다 ㅠ아 공찼네 골이다 ㅠ아 공찼네 골이다 ㅠ아 공찼네 골이다 ㅠ,6
이제 망한건가요,5
대박이노,1
살려주세요 !!!!!!!!!!!!!!!!!!!!!,5
오너 진짜 ㅋㅋㅋㅋ,4
거기 때 잘탄다,6
니니 꼬셔,6
대한민국 멕시코 3경기 다 이겨서 미국 경기도 가즈아~ 국가 대표 선수들 화이팅! 파이팅!,0
오늘 레버리지 인버스 다 죽은날 입니다,6
세레머니 왤케 조용하냐,6
오늘 시장 어제보단 나쁘지않은데,6
나요,6
오늘 근데 다 개인 패닉셀이었어……,6
5개 다 모아야 하는거임? 세상에,6
케인 무관력,6
형 분봉 지금이야!!!!!!!!!!!!!!!,1
ㅈ댓다,5
싸우자,6
하.............,5
물대신 뭘 마시고 온거야,6
{:d_81:},6
어떻게 달려오는애를 아무도 마크를 안하냐,2
태초마을 ㅋ,6
우리 조카 리센느,6
하닉 130은 아니잖아 ㅜ ㅜ,3
매수 안햇네,6
{:wc_10:}{:wc_10:}{:wc_10:}{:wc_10:},6
"금 한국 반도체 주식이 빠지는것이 백악관 개입설, 빅테크와의 헤게모니 싸움 등이 회자되는데 신빙성이 있는 얘기인ㅂ지..",6
누군지 다 까먹음,6
쫄아서 바로 문닫음 ㅋㅋㅋㅋㅋㅋ,0
ㅁㄴㅇㄹ,6
다라이 살벌하네 ㅋㅋㅋㅋㅋㅋㅋㅋㅋㅋㅋㅋㅋㅋ,1
똥칸에서 뛰지마세요 변기 무너집니다,6
원래 이런방임,6
배드엔딩 : 토가시가 허리 디스크로 연재 못함,6
왼발로 파포스트 크로슛 지려따,6
갓 겜,6
유기농 pptㄷㄷ,6
잘못잡으면 죽음,6
홍타쿠 ㄷㄷ,1
한강물 따뜻해요?,2
ㅋㅋㅋㅋㅋㅋㅋㅋㅋㅋㅋㅋㅋㅋㅋㅋㅋㅋㅋㅋ,0
와 ㅋㅋㅋㅋ,0
존잘,6
말하면 스포밴이자나요 ㅠㅠ,5
보합이 베스트?,6
대한민국 제거,4
공물용 아닐까요,6
형 어제 롱이라매요 ㅜㅜ,3
저희는 진엔딭 보고싶어요 ㅎㅎ,6
와ㄷㄷㄷㄷㄷㄷㄷㄷ,1
아르헨은 매수한거고,6
어지럽다,2
티원 폼이 안좋네..,3
좌파 = 사회의 악,6
개미털기 멈춰,6
지금 인버스가 삼전 닉스 둘다 때리긴 힘들어서 닉스에 집중포화중,6
아니 수비 안 하냐고,2
ㅈㄴ무섭네,5
개뽀록골ㅋㅋㅋㅋㅋ,1
ㅋㅋㅋㅋㅋㅋㅋㅋㅋㅋㅋㅋㅋㅋㅋㅋㅋㅋㅋㅋㅋㅋ,0
개처안일하네,2
개어리네,6
시점이.. 크흠..,6
ㅈ됐네,3
{:wc_6:}{:wc_6:}{:wc_6:}{:wc_6:}{:wc_6:}{:wc_6:}{:wc_6:}{:wc_6:}{:wc_6:}{:wc_6:},6
비상!!,5
개처안일하네,2
크로스가 골됐니,6
5퍼에서 러그풀 당한 애들 많을 것 같은데,6
으악 ㅅㅂ,4
스로인으로 쳐먹는거 진짜 웃기네,4
강인이 혼자 잘하누,6
조졌네...,5
경우에수,6
어캐 넣냐,1
와 레전드 ㅋㅋ,1
ㅅㅅㅅㅅㅅㅅㅅㅅㅅㅅㅅㅅㅅㅅㅅㅅㅅㅅㅅㅅㅅㅅㅅㅅㅅㅅㅅㅅㅅㅅㅅㅅㅅㅅㅅㅅㅅㅅㅅㅅ,0
와.. ㄷㄷㄷ 맙소사,1
태초맨,6
쌋다나,6
국장시즌종료,6
살려주세요ㅕㅕㅕㅕㅕㅕㅕㅕㅕ,5
30프로 ㄷㄷ,1
노르웨이 미쳤다 진짜 와 ㅋㅋㅋㅋㅋㅋㅋㅋㅋㅋㅋㅋㅋㅋㅋㅋㅋㅋㅋㅋㅋㅋㅋㅋㅋㅋㅋㅋㅋㅋ,1
잉글랜드 매1수 준비중 ㅋㅋ,6
사밯ㄹ,1
장난하냐,2
살벌하다 sk ee,5
학폭이슈 ㄷㄷ,1
저거 눈 아님?,6
아직 바닥 아님 ㅜㅜ,5
제발ㅜㅜㅜㅜㅜㅜㅜ,3
정몽규보여주자마자 골쳐먹혔네 에휴 짐싸라 그냥,4
노르웨이 골지리노,1
똥칸 무적,6
임종전입니다 ㅠㅠ,3
어케했음?,6
비상ㅇㅇㅇㅇㅇㅇㅇㅇㅇㅇㅇ,5
왜 아무도 안 붙어,4
와 눈 ㅅㅂㅋㅋㅋㅋ,1
몽규제거,6
그냥 너무 답답해,2
아무도안막네 ㅋㅋㅋㅋㅋㅋㅋㅋㅋㅋㅋ,2
멋지노,6
개못한다개못한다개못한다개못한다개못한다개못한다개못한다개못한다개못한다개못한다개못한다개못한다개못한다개못한다개못한다개못한다,4
슈카님 하닉270까진 언제올까요? ㅠㅜㅜㅜㅜㅜㅜㅜㅜ,5
레버리지로 인생역전,6
골 인정 ㅅㅅㅅㅅㅅㅅㅅㅅㅅ,0
소리 ㄷㄷ,1
차트도 졸라 싸가지 없어,6
아우 ㅠㅠ,3
그가 샀습니다..,6
아빠 우리 남편이 신용미수 썼었대요. ㅠㅠㅠ 우리의 소중한씨드 4천이 사라지뮤ㅠㅠㅠ,3
전기에 죽어가고 있어요.,6
한화,6
삼전 개미 싹털림,6
영도 하루 미뤄요,6
닉스지금저점인듯,6
다라이 ㄷㄷ,1
토론회 보다가 도저히 못보겠어서 왔습니다 ㅋㅋㅋ어휴,4
ㄴㄴ 남자의 욕구를 말하는것만 제한된거임,6
셰도르프 어직도 은퇴 안했냐 셰도르프 어직도 은퇴 안했냐 셰도르프 어직도 은퇴 안했냐 셰도르프 어직도 은퇴 안했냐 셰도르프 어직도 은퇴 안했냐 셰도르프 어직도 은퇴 안했냐,6
넣을 떄 넣었어야지 어휴,2
멀바 십룐아,6
몰라유,6
와...,1
제발 이겨라 좀,6
개못하네,2
계단이 너무 길어여!!!!!!!!!!!!!!,6
그 게임 4D 지원되는 거라서 모니터에 라이터 지지면 불이 켜져요,6
ㅈㄴ웃기네 ㅋㅋ,0
잘하는애가없는데 어캐 이기나요?,6
티~원~,6
체코 승,6
아 실루엣ㅋㅋ,6
나 빠다ㅠㅠ,3
정면한타는 힘들구나,6
교체도안하고 대체 뭔생각이냐? 집중력다떨어져있는거보이지도않나,2
도배하지마 짱ㄲ들아,2
일본을 이긴팀을 이긴팀?,6
카에데상은왜,6
엔ㅋㅋㅋ,6
KFC,6
외노자를 모셨어,6
장투는 진짜 답이없네 ㅋㅋ,2
나죽어,5
모찌줄게 카에데,6
스로윙해서 헤딩슛 ㅋㅋㅋㅋ,6
두번죽임ㅠㅠ,3
안졸려요? 식곤증……..,6
말하면 스포밴이자나요 ㅠㅠ,5
비왔어? 사인받아야지,6
{:d_50:}{:d_50:}{:d_42:}{:d_46:}{:d_46:}{:d_46:}{:d_46:},6
자신감 맥스치,6
하닉ㅋㅋㅋㅋㅋㅋㅋ,0
애는 착해요ㅋㅋ,6
킹단식,6
이걸 참아?,6
뭉서워요 ㅠㅠ,5
밥 잘넘어 가던데요 ㅋㅋㅋ,0
박살나는중,2
보유종목이야?,6
그래두 괜차너 시간 아직 잇어,6
일본,6
와!!!!!!!!!!!!!!!!! ㄷㄷㄷㄷㄷㄷㄷㄷㄷㄷㄷㄷㄷㄷㄷㄷ,0
나라 망하지 않고서야 이럴수가 있나,6
{:d_36:}{:d_36:}{:d_36:}{:d_36:}{:d_36:}{:d_36:}{:d_36:}{:d_36:}{:d_36:}{:d_36:},6
손흥민 쳐나가라 ㅋㅋ,4
환불해줘~,4
삼전 컨퍼런스 콜로 올랐다가 내려감,6
ㅇ석,6
이런거만 하는데요,6
포대장 ㄷㄷ,1
살려줘~~~,5
홀란 미쳤네,6
푸스카스급 골 ㄷㄷㄷㄷ,1
멋있죠??,6
돌려돌려,6
ㄷㄷㄷ 엇박나면 바로 한강각인데,1
와 먼데 ㅋㅋㅋㅋㅋㅋ,1
제발 펩트론 한번만 봐주세요 형님 고등학교 후배입니다 제발 제발제발 제발제발 제발제발 제발제발 제발제발 제발제발 제발제발 제발제발 제발,6
거기서 태어난,6
대한ㅁ;ㄴ구 개병신년들아ㅜ,4
찝찝...,5
진짜 떠나야 되는건가,6
반칙아닌거 같은데,6
살려줘요ㅠ,5
사요 ? 사요 ?,6
애미뒤졌나,2
지금부터 움직이는 사람 범인이야!!!!!!!!!,6
와 점프력봐라,6
살려줘요!!!,5
내조카원이,6
야이ㅣㅣㅣㅣㅣㅣㅣㅣㅣㅣㅣㅣㅣㅣㅣㅣㅣ,2
어그러내ㅔ,6
옥중에서?는 나가라,6
실화냐??????????????????????,1
와 레전드 ㅋㅋ,1
1시야,6
아 페이커 얄미로워!!!!!!!!!!!!!!!!!,2
일단 VAR 보겠네,6
왜 박는거야 직슨데,2
스로인으로 쳐먹는거 진짜 웃기네,4
무슨 고지대 적응했다는 애들이 ㅋㅋㅋ 적응 못한애들보다 못 뛰냐,2
소외시키네,6
이렇게된거 빨리 집에가자,6
천박해!!!!!!,6
가야지!!!!!,6
소리 인식한다 이거 개빡이다 ㅋㅋㅋㅋㅋㅋㅋㅋㅋㅋ,0
ㅋㅋㅋㅋㅋㅋㅋㅋㅋㅋㅋㅋㅋㅋㅋㅋㅋㅋㅋㅋㅋ,0
ㅋㅋㅋㅋㅋㅋㅋㅋㅋㅋㅋㅋㅋㅋㅋㅋㅋㅋㅋㅋㅋㅋㅋㅋㅋㅋㅋㅋㅋㅋㅋㅋㅋㅋㅋㅋㅋㅋㅋㅋㅋㅋㅋㅋㅋㅋㅋㅋㅋㅋㅋㅋㅋㅋㅋㅋㅋㅋㅋㅋㅋㅋㅋㅋㅋㅋㅋㅋ,0
뒤에 2명 멍때리노,2
삼전 오늘만 단타 5번 함,6
ㅎ ㅏ 백패스 그만좀 하라고!!!!!!!!!!!!!!!!!!!!!!!!!!!!!!!!!!!!!!!!!!!!!!!!!!!!!!!!!!!!!!!!,2
잉글랜드 침몰 ㅡㅡㅡㅡㅡㅡㅡㅡ,6
{:d_237:}{:mlb_27:}{:mlb_35:}{:mlb_12:},6
하닋익절,6
3패ㅅㅅ,6
계란찜알림기없나,6
홍명보 ㅠ.ㅠ,4
이게 대한민국 2황 주식 차트라고??,6
너무 무서워용 ㅠㅠ,5
쌀먹잇?,6
"하닉 600,000",6
주식하라고 추천한 사람들 뭐냐,6
베인딜하는데,6
꼴취 해라 파울 먼저 확인해야지꼴취 해라 파울 먼저 확인해야지꼴취 해라 파울 먼저 확인해야지꼴취 해라 파울 먼저 확인해야지,6
10프로 내리면 사,6
대 명 보 컄ㅋㅋㅋㅋㅋㅋ,6
비상ㅇㅇㅇㅇㅇㅇㅇㅇㅇㅇㅇ,5
시발 홍명보,4
1인기업..,6
새벽에 미장보고 들어가 좀 주무시긴 했어요???? 몸 먼저 챙기시길……,6
잠깐 올아왔었음,6
여자는 무서워 ㅠㅠ,5
그.냥 ㅋㅋㅋㅋㅋㅋㅋㅋㅋㅋ,0
아니 레버리지 난 증거금 500만원이면 거래되던대?뭘 규제한거여?,6
조합차이,6
그만 좀 내려라 전기 ㅠㅠㅠㅠㅠㅠㅠ 아놔 ㅠㅠ,3
명보형 제발 그만해줘 제발,5
개미투심 박살났어....ㅠ,3
슈카를 정책실장으로 임명해라 이 머저리 죄명아,6
ㅋㅋㅋㅋㅋㅋㅋㅋㅋㅋㅋㅋㅋㅋㅋㅋㅋㅋㅋㅋㅋ,0
여기 새해대기방맵이네,6
사린마ㅠㅠ,3
픽포드 ㅋㅋㅋㅋㅋㅋㅋㅋㅋㅋㅋㅋㅋ,0
깨끗한 채팅합시다 경상도 일베충 사투리 자제 부탁드려요,6
칸에 숨어,6
광탈각이누..,3
웃참대회,6
와마,6
파울파울침,6
그런거 같아요,6
닉스 컨콜만 제대로 했어도 ㅠㅠ,3
ㅈ댓다,5
이러다가 강원랜드 망한다고 ㅠㅠㅠㅠㅠㅠㅠㅠㅠㅠ,3
선수들 호흡 안맞아 전술도 없어 뭐하는거?,4
비상ㅇㅇㅇㅇㅇㅇㅇㅇㅇㅇㅇ,5
입 앙다문거 보소,6
체크포인트도 없어,6
ㅋㅋㅋㅋㅋㅋㅋㅋㅋㅋㅋㅋㅋㅋㅋ?,0
먹고 살자고 하는건데 ㅠㅠ,3
와씹,1
반도체 억까 개심하긴하지?,2
진짜.. 단타 무섭네 ㄷㄷ,5
엄청 기다렷어요 불안해서요,5
전술이 있어야 뭐를 하지,4
내일까지 떨어질듯,6
화났따,6
제발 살려줘,5
끝나썩..,6
차트 살벌하네 아직도 사야할지 말아야할지 ㄷㄷ,5
아니 세트피스를 뭐 이리 못 막아 ㅗㅗㅗㅗㅗ,6
바로 앞이다 ㅋㅋㅋㅋㅋㅋㅋ,0
ㅈ됐다,5
2대빵 가즈아,6
진지 잡쉈냐~~,6
ㅋㅋ,0
오 노래잘함.ㅋㅋㅋㅋㅋㅋㅋㅋㅋㅋㅋㅋㅋ,1
헛,6
홍명보 제거,2
저런,3
홀랑~~~~!!!!,6
직스 갔다 망했다,6
ㅅㅅㅅㅅㅅㅅㅅㅅㅅㅅㅅㅅㅅㅅㅅㅅㅅㅅㅅㅅㅅ,0
사린마ㅠㅠ,3
슈형 오니깐 그래도 오르네?,6
케인 헐리우드액션,6
하닉은 컨콜때 말하는거 봐선 떨어지는게 맞아,6
뭐이씨 속으면 안됨? ㅠㅠ,3
저각도에서?,1
정몽규 나가!!!!,4
형 배팅자리긴해,6
돈 복사 버그 ㄷㄷ,1
계단식 인버스 영농 인가요? ㅋ ㅋㅋㅋ,6
잠좀 잣나요?,6
꼽기견;;;;;;;;,4
노 골임,6
이강인 진짜 개잘하네,6
뻥글은 절대 우승못한다,6
하닉 그래도 19층 다시 갔네여,6
우린 힘이 하나도 없ㄷ어 ㅠㅠ,3
아니 님들 뭘 얘기하는지 알잖아,2
???????????????????????,1
쳐 안뛰나 한궈놈들,2
수제여,6
슈황 시작하고나서 맨날 떨어지는거같은데...,5
흥민이 요즘 골 못넣는데 ㅠㅠ  오현규 가자,3
키 차이가 많이 난다....,3
줴줴이야~~,6
레버리지,6
형 살려줘~~~,5
에라이!!!!!,2
나라 망했음,6
표정ㅋㅋㅋㅋㅋㅋㅋㅋㅋㅋㅋㅋㅋㅋㅋㅋ,0
삼성전기 보세요,6
수비 멀뚱멀뚱 뭐하냐,1
ㅜㅜㅜㅜ,3
ㅋㅋㅋㅋㅋ 누구보다 빠른 쫄튀,0
슈카는 유명한 고점판독기임!!!!!!!!!,6
소리 인식한다 이거 개빡이다 ㅋㅋㅋㅋㅋㅋㅋㅋㅋㅋ,0
오리온 살까요?,6
브익,6
이시간에?,6
노 반칙,6
인버스도 국장이다! 인버스 가즈아!!,0
ㅋㄱㄱㄱㅋㄱㅋ,6
오늘 찐바닥이다!,6
희망은 있는거냐고,6
졈마 왜  저러고 있음ㅋㅋㅋㅋㅋ,1
해설이라고 하냐,4
인버스가 정답이었나,6
ㅅㅅㅅㅅㅅㅅㅅㅅㅅㅅㅅㅅㅅㅅㅅㅅㅅㅅㅅㅅㅅㅅㅅㅅㅅㅅㅅㅅㅅㅅㅅㅅㅅㅅㅅㅅㅅㅅㅅㅅ,0
오늘도 조졌다리,5
맞다이 ㄱㄱ,6
인버스도 국장이다. 가즈아!!!!!!!!!!!!!!!!\,0
절대 사면 안됨!!!,6
대ㅡㅡㅡㅡㅡㅡ박,0
우리가 먼저 알았는데 유튭이 해냈다. ㅋㅋ,6
살려줘 ~~~~~~~~~,5
시발 홍명보,4
개웃기게 생겼네,0
개미 몰살,6
소리 무습네,5
제발~,6
몽규 나오자마자 골먹힘,4
이게 주식이냐,1
하..........................,5
과자 먹지먹고 끼니 챙겨먹으란 소리임 ㅋㅋㅋ,6
가불기 ㄷㄷㄷㄷㄷ,1
개미들 겁나 팔아재낌..또 외인이...,2
ㄹㅇㅋㅋㅋㅋ,0
살 것 같은 콧구멍인데,6
홍명보 ㅠ.ㅠ,4
의자 어디갔어,6
/조졌다,5
비코 냐 ㅋㅋㅋ,6
일베 무새들 쳐내라 좀... 챗창 관리 안함?,2
수비 ㅅㅂ ㅋㅋㅋㅋㅋ,1
니들이 서브라고 ㅋㅋ,6
"몽규 화면에, 뜨자마자 먹히냐ㅋㅋ",6
홍명보 나가,4
저게 반칙 아니야 ???,1
애는 착해,6
니들은 그냥 져라 ㅋㅋ,2
가썩.......,6
뭔가 밖에 있다,6
원래 이런말만해요,6
형 분봉 지금이야!!!!!!!!!!!!!!!,1
불안한데.. 구름대 머리 맞고 내려왔는데,5
똥칸 문을 싹다 열어놔 ㅋㅋㅋㅋㅋㅋㅋㅋㅋㅋㅋㅋㅋㅋㅋㅋㅋㅋㅋ,6
다라이 살발하노,5
조용히해,6
하아...,2
닥쳐 시바,2
영도는 ㅠㅠ,3
단타를 어케 .. 와.. 못해 ㅠㅠ,5
짜증나,2
아니 님들 뭘 얘기하는지 알잖아,2
일본이라는동네 ㄷㄷ,6
단타를 어케 .. 와.. 못해 ㅠㅠ,5
지금 왔는데 테니스공 색 크로마키가 있네요. 자숙하기 전인가요 자숙한 후인가요?,6
체코 이제 잠군다,6
불쌍맨 ㅠ,3
/감독제거,6
삼성전기 ㅠㅠ,3
맛있긴해,6
짜증난다 ㅅㅂ,2
좆명보 꺼져. 좆명보 꺼져. 좆명보 꺼져. 좆명보 꺼져. 좆명보 꺼져. 좆명보 꺼져. 좆명보 꺼져. 좆명보 꺼져. 좆명보 꺼져. 좆명보 꺼져.,4
구버지....,3
복리로 먹는거니까 더 커요,6
삼전기 진입,6
주식잃으니 본성이 나오는겁니다 본성테스트,6
아니 님들 뭘 얘기하는지 알잖아,2
스트레스 받게하네 진짜,2
붕어싸만코 ㅋㅋㅋㅋㅋ,6
위인케인,6
선수들 호흡 안맞아 전술도 없어 뭐하는거?,4
SEX 야~호,0
정면으로 오는데 못쳐내노 김승규 ㅅㅂㄻ,4
일왜하노,6
슈카님 진짜 이 변동성이 레버와 관련있나요?,6
"""싸워""",6
정신체리,6
앗싸! 한국 축구 망했다!!!나이스!!!!,3
각 나왔다 2대1 한국승리각 나왔다 2대1 한국승리각 나왔다 2대1 한국승리각 나왔다 2대1 한국승리,6
와 다라이 ㅅㅂ,1
윤상!,6
진작에 일어나지 왜 누워있어,6
뭐라도 먹어야지 ㅋㅋㅋ,6
mts가 강원랜드지,6
차트가 산넘어 산이다 ㅜㅜ,3
상한가 ㅋㅋㅋ,6
ㅅㅅㅅㅅㅅㅅㅅㅅㅅㅅㅅㅅㅅㅅㅅㅅㅅㅅㅅㅅㅅㅅㅅㅅㅅㅅㅅㅅㅅㅅㅅㅅㅅㅅㅅㅅㅅㅅㅅㅅㅅㅅㅅㅅㅅㅅㅅㅅㅅㅅㅅㅅㅅㅅㅅㅅㅅㅅㅅㅅㅅㅅㅅㅅㅅㅅㅅㅅㅅㅅㅅㅅㅅㅅㅅㅅㅅㅅㅅㅅㅅㅅㅅㅅㅅㅅㅅㅅㅅㅅㅅㅅㅅㅅㅅㅅㅅ,0
참 쉽죠잉~,6
이기혁 또 놓치냐...,3
살랑 ㅡ 살랑 ㅡ,6
예에~,6
손절 ㄱㄱㄱㄱㄱㄱㄱㄱ,6
이 형이 이시간에 계속 키게 만드는 이사태,6
진심이네 이건 ㅋㅋㅋ,6
자기위로하지말고 정신차리자,2
삼성전기 말이 되나요?? ㅠㅠ ㄷㄷㄷㄷㄷ,3
살려줘~~~,5
골 ㅅㅅㅅㅅㅅㅅㅅㅅㅅㅅㅅㅅㅅㅅ,0
거기서 불붙여서 3개 준다는 듯,6
아니 수비 안 하냐고,2
슈카 저가매수 했네,6
진지잡쉈냐~~,6
라이터 편의점 가서 사요,6
네,6
세트피스는 저쪽이 더 잘 준비했네 ㅋㅋㅋ,2
개잘찼농 ㄷㄷ,1
각 나왔다 2대1 한국 승리,6
아무도 모름,6
크로슛인가,6
살려줘요ㅠ,5
찌,6
이게 무슨 계단식 하락임 절벽식 하락이지ㅜㅜ,3
ㅋㅋㅋㅋㅋㅋㅋㅋㅋㅋㅋㅋㅋㅋ,0
와 소리 ㅅㅂ;,5
븅신들,4
진짜.. 단타 무섭네 ㄷㄷ,5
유튜브 야호 ~~~~~~,6
아 씨바 저걸 못 막네,4
설레는 반존대 ㄷㄷ,1
틱띠기 어게인,6
힘들었다구여ㅠ,3
소원의 별좀 해라 진석아,6
현직일본인 ㅋㅋ,6
머리 미세요는 ㅋㅋㅋㅋㅋㅋㅋㅋㅋ,0
나오래,6
홍명보 구속~~,4
파울 가능성 있어,6
차트가 무슨 작전주 차트냐고.......,1
코인도박장으로 소문난 코스피 ㅋㅋ 이유도 없이 오르락내리락,6
盧의 의지가 들어간 盧르웨이가 질수가 없다노,6
그럼 곱버스 사면 되나요?,6
가썩...,6
홀란두 ㄷㄷ,6
1인 가족 기업,6
ㅋㅋㅋㅋㅋㅋㅋㅋㅋㅋㅋㅋㅋㅅㅂ,0
ㅋㅋㅋㅋㅋㅋㅋㅋㅋㅋㅋㅋㅋㅋㅋㅋㅋㅋㅋㅋㅋㅋㅋㅋㅋㅋㅋㅋㅋㅋㅋㅋㅋㅋㅋㅋㅋㅋㅋㅋㅋㅋ,0
넣을 떄 넣었어야지 어휴,2
홍명보차이,6
ㅈㅈㅈ,6
노르웨이 일베다 쳐내,2
오너 도란이 했다,6
진짜 개빡,2
개웃기네 ㅋㅋㅋㅋㅋㅋㅋㅋㅋㅋㅋㅋㅋㅋㅋㅋ,0
지금인가요!?,6
의자가 떠다녀,6
버그 ㄷㄷ,1
시발 너무해,3
ㅋㅋㅋㅋㅋㅋㅋㅋㅋㅋㅋㅋㅋㅋㅋㅋㅋㅋㅋㅋㅋㅋㅋㅋㅋㅋㅋㅋㅋㅋㅋㅋㅋ,0
190여성은 뭐야,6
쌈아 스모크 머스타드 추가했냐,6
카에데양,6
루!!,6
이게뭐냐고ㅡㅡ,2
여기서 더 빠진다고?,1
전기 어뜩해,5
열지마 ㅠㅠ,3
진격거 ㅋㅋㅋㅋㅋㅋㅋㅋㅋ,0
와 이걸막네,1
이제 꽁꽁 잠그기 들어갑니다 1패 달성,6
{:lck_28:}{:lck_28:}{:lck_28:}{:lck_28:}{:lck_28:}{:lck_28:},6
어쩔건데 인데,6
히힉...,5
케인 나빠다,3
훌리건들한테 총맞는다,6
....,3
....,3
ㄷㄱㅈ!,6
ㅋㅋ접어라 그냥,2
조심해!!!!,5
하닉이 물어요,6
또 탑정글이다,2
명보 나가 죽어,4
누가막노,6
잘가라 땅명보 잘가라 ㅈ몽규,4
야스나 해야지 ㅋㅋ,6
거기랑은 다르지ㅋㅋㅋ,6
삼성전자 분석 좀 해주세요 그냥 둬도 될까여,6
무빙 토나온다,4
반도체 억까 개심하긴하지?,2
곰곰이 나가,6
몽규 잡히자마자 ㅣ발,2
박살나는 중,3
아 줴줴이야~ 아 줴줴이야~ 아 줴줴이야~ 아 줴줴이야~아 줴줴이야~ 아 줴줴이야~,6
술 ㅋㅋ,6
시조 거인 개빡쳤다 ㅋㅋㅋㅋㅋㅋㅋㅋ,6
석재형 지금이야?,6
엄살 ㄴㄴ,6
기여운데,6
뒤에 2명 멍때리노,2
ㅈㄴ 야무지게 들어갔노,6
으악,4
애니비아나 쳐물지,2
그 윤상이?,6
인버스도 국장이다. 가즈아!!!!!!!!!!!!!!!!\,0
그냥 개 처웃기노? ㅋㅋㅋ,4
진짜 홍명보 쳐 나가라,4
베인은 555부터다,6
볼.뒤로.돌릴때부터 불안하더니.ㅋㅋㅋ,5
손흥ㅇ민 ㅈㄴ 못하네,4
개고수,6
세트피스는 저쪽이 더 잘 준비했네 ㅋㅋㅋ,2
삼전기 한 번만 봐줘요 ㅠㅜ,3
왜그만둬,6
챗지피티 아니야?,6
ㅅㅅㅅㅅㅅㅅㅅㅅㅅㅅㅅㅅㅅㅅㅅㅅㅅㅅ,0
뭐이리크냐,6
지금이니 지금이니 지금이니,6
ㅈㄴ웃기네 ㅋㅋ,0
살려줘요!!!,5
몬스타보루,6
ㅋㅋㅋㅋㅋㅋㅋㅋㅋㅋㅋㅋㅋㅋㅋㅋㅋㅋㅋㅋㅋㅋㅋㅋㅋㅋㅋㅋㅋㅋㅋㅋㅋㅋㅋㅋㅋㅋㅋㅋㅋㅋㅋㅋㅋㅋㅋㅋㅋㅋㅋㅋㅋㅋㅋㅋㅋㅋㅋㅋㅋㅋㅋㅋㅋㅋㅋㅋ,0
한강물 따뜻해요?,2
엥?...,1
ㅈㄴ놀났네ㅋㅋ,1
/1골 삭제,6
ㅋㅋㅋㅋㅋㅋㅋㅋㅋㅋ 붕어다 붕어,6
멘탈털리고,3
시발,1
/조졌다,5
살려줘 제발 ㅠㅠ,5
인제 다 파악 했는데,6
ㅋㅋㅋㅋㅋ 두가자,0
이거 빨린다고,6
삼성전기 살려주세요,5
시조의 거인,6
굳이요?,6
다들 힘든데 슈카형 긁지마요 많이 잃고 피곤한데도 이렇게 방송해주시러 왔는데 ㅠㅠ,3
삼전덕에,6
접자..,3
홍명보 씨발럼아,4
이태석은 전진도 못하네ㅋㅋ,6
개못하네,2
그 누구의 계좌에서 울고 있나요 ㅠㅠ,3
헉헉헉헉,1
조졌네,5
ㅋㅋㅋㅋㅋㅋㅋㅋㅋㅋㅋㅋㅋㅋㅋㅋㅋㅋㅋㅋㅋㅋㅋㅋㅋㅋㅋㅋㅋㅋㅋㅋㅋㅋㅋㅋㅋㅋㅋㅋㅋㅋㅋㅋㅋㅋㅋㅋㅋㅋㅋㅋㅋㅋㅋㅋㅋㅋㅋㅋㅋㅋㅋㅋㅋㅋㅋㅋ,0
티원 다운 ㅋㅋㅋㅋㅋㅋㅋㅋㅋㅋ,2
도란이 아니라 오너.....,3
비상!!,5
나어떻게해..,5
와 아리가땡스 첨 들어봄 ㅋㅋ,6
영약,6
그러니까요,6
멘하라도 아니고...,1
일본에 삼계탕 사발면도 팔아,6
형 어제 롱이라매요 ㅜㅜ,3
뭐가온다,5
안녕하세요~,6
역시,6
또 꺾인다~~~~~~~~,2
진심 스레기전술이네,4
외노자와 함께,6
야호{:d_94:}{:d_94:},0
시간이 애매하네요ㅠㅠㅠ,3
매수해야하나요?,6
니 도준이가,6
뭐이씨 속으면 안됨? ㅠㅠ,3
아직 한발남았다,6
분석하면 할수록 끔찍하지 형,6
노르웽 지리노 ㅋㅋ,1
뭐이씨 속으면 안됨? ㅠㅠ,3
야야 국대팀 빼고 광교고 축구 1짱 배규영 넣어라~~,6
장난하냐 ㅋ,4
정몽규보여주자마자 골쳐먹혔네 에휴 짐싸라 그냥,4
ㅂㄱㅋㅋㅋㅋㅋㅋㅋ,0
누구떄문에 이런 일들이 발생하고 있는 걸까?,6
띵보야 짐싸라..ㅋ,4
ㅅㅅㅅㅅㅅ,0
이쁜데?,6
근데 하이먼 민스키 끝자락 같은데?... 근데 하이먼 민스키 끝자락 같은데?... 근데 하이먼 민스키 끝자락 같은데?...,6
그거 샀습니다,6
흥민아 몇개말아먹어 ㅠㅠㅠ,3
슈카님 하닉270까진 언제올까요? ㅠㅜㅜㅜㅜㅜㅜㅜㅜ,5
하.. 이게 뭐라고 ㅠㅠ,5
흑흑,3
"삼성전자 5만원, 하이닉스 15만원 가즈아",6
ㅈㄴ웃기네 ㅋㅋㅋㅋㅋㅋㅋㅋㅋㅋ,0
여자는 주거버리렴 ㅎㅎ,6
오옹 나이스,0
콘사 잘못이지 왜 수비 안함,6
너무했썩,3
황 자를 아무대나 붙일수 있나??,6
여긴 또머여,1
찝찝...,5
무적존 타이슨,6
엄청 기다렷어요 불안해서요,5
연초피게요?,6
ㅌㅌㅌㅋㅌㅌㅌㅌㅌㅌㅌㅋㅌㅌㅋㅋㅋ,0
저거 크로스임 ㅋㅋㅋ,6
개방적인거 보단 낫다고 봄,6
뭘 예민하게봐,6
이재성 쟤는 쫌 안보였음좋겠다 존나 못하네,6
복리라 80넘어요,6
온다,5
물염색이뭐여,6
조졌네...,5
홀란드 한방무서움,6
오ㅓ?,1
대한ㅁ;ㄴ구 개병신년들아ㅜ,4
골 취소요,6
작전세력 아니면 저거 우에 먹냐,6
쌈아 1페이지 글좀봐다오,6
남고냄새나용 ㅠㅠ,3
찝,5
나이사~~~~~~~~~,0
반말이다데스,6
텡크로 밀어버리노!!!!!!! 스타벅스 가야지!!!!!!!,2
ㅅㅅㅅㅅㅅㅅㅅㅅㅅㅅㅅㅅㅅㅅㅅㅅㅅㅅㅅㅅㅅㅅㅅㅅㅅㅅㅅㅅㅅㅅㅅㅅㅅㅅㅅㅅㅅㅅㅅㅅㅅ,0
홀란아 파워헤딩해야지,6
시민권,6
삼성전기봐바ㅗ요,6
반도체만 좋아요 했던게 엊그제 같은데,6
진짜 ㅈㄴ 못하네,2
개판이네,4
온다온다,6
박살나는중,2
버그아니야? ㅋㅋㅋㅋㅋㅋ,0
또속아?,6
오늘도 조졌다리,5
하... 내일 모르겠다,5
조졎죵,5
VAR 보겠지?,6
살벌하다 sk ee,5
ㄷㄷㄷㄷㄷㄷㄷㄷㄷ,1
꼽순내를 모르는 애들 불쌍하다 ㅇㅇ,6
ㅈㄴ답답네,2
갸쩌노,1
ㅇ0ㅇ,6
ㅇㄴㅎㅅㅇ~,6
ㅋㅋㅋㅋㅋ 누구보다 빠른 쫄튀,0
이 타이밍에,6
오히려 좋아 월드컵 포기해,6
교체좀해라 제발,2
머리 밀면 ㅋㅋㅋㅋㅋㅋㅋㅋ,6
롤로코스터행,6
얏따!,6
미친 원더골,6
ㅋㅋㅋㅋㅋㅋㅋㅋㅋㅋㅋㅋㅋㅋㅋㅋㅋㅋㅋㅋㅋㅋㅋㅋㅋㅋㅋㅋㅋ,0
안좋아 ㅇ나좋아,6
/16강 제거,6
애미뒤졌나,2
딱 100까지만 가자. 평단가 120으로 내려버리게,6
와 씹 ㅋㅋㅋㅋㅋㅋㅋㅋㅋ,1
슈카 혀 날름 날름 입맛 다시는거 귀엽네,6
나가라 정몽규 홍명보,2
"명보 하 ,,,",2
오 그래도 슈카님이 치어리딩방 키니까 좀 올라간다 영차,6
단타대회 열렸으~~~,6
저거 숏쳤는데 1시간만에 15%찍히는거보고 경악함,6
ㅅㅅㅅㅅㅅㅅㅅㅅㅅㅅ 믿었다 ㅅㅅㅅㅅㅅㅅㅅㅅㅅㅅㅅㅅ,0
오 노래잘함.ㅋㅋㅋㅋㅋㅋㅋㅋㅋㅋㅋㅋㅋ,1
같은패턴,6
거꾸로 잡으면?,6
어두워서 못보나,6
머리 아프다 ㅋㅋ,4
이게 무슨 계단식 하락임 절벽식 하락이지ㅜㅜ,3
결론알려줘요,6
픽포드 ㅋㅋㅋㅋㅋㅋㅋㅋㅋㅋㅋㅋㅋ,0
vat 볼거같은데,6
숨어야하나본데,6
니들은 그냥 져라 ㅋㅋ,2
슈카님 머리 mz 하게 깎으셨네요,6
머하노,6
차트 살발하네,6
아빠 살려줘,5
융룸운,6
ㅈ버그 ㅋㅋㅋㅋㅋㅋㅋㅋㅋㅋㅋㅋㅋㅋㅋㅋㅋㅋㅋㅋ,0
취금이니~? ㅋㅋ,6
지린다ㄷㄷ,1
삼전기 ls일렉트릭 살려주세요ㅠㅠㅠㅠㅠㅠㅠㅠㅠㅠㅠㅠㅠㅠㅠㅠㅠㅠㅠㅠㅠㅠㅠㅠㅠㅠㅠ,3
영도알포스 ㄱㄱㄱㄱㄱㄱ,6
재는,6
채팅제거 시바롬들아 그만해라 좀,2
그만 좀 누워라,6
ㅋㅋㅋㅋㅋㅋㅋㅋㅋㅋㅋㅋㅋㅋㅋㅋㅋ,0
하닉이 문제네,6
ㄷㄷㄷㄷ,1
지금 들어왔는데 진엔딩 보기 전인가요 본 후인가요?,6
골키퍼 아웃,4
월클이네,6
뭉서워요 ㄷㄷㄷ,5
시조의거인 ㄷㄷ,6
노르웨이 개 미쳤다 진짜 ㅋㅋㅋㅋㅋㅋㅋㅋㅋㅋㅋㅋㅋㅋㅋㅋㅋㅋㅋㅋㅋㅋㅋㅋㅋㅋㅋㅋㅋㅋㅋㅋㅋㅋㅋㅋ,1
범위기 쓰라고 이생퀴야,6
진짜 이승우를 왜 안데리고 가는건지..,4
국적이요 국적,6
아오;;;;;;;;;;;;;,2
손흥민 백승호좀 쳐 빼라,4
정몽규 나가!!!!,4
수이,6
ㄹㅇ 초딩이냐,6
기괴하다,4
평단가를 19000원에서 물타기 해서 14000원까지 내렸당..ㅎ,6
/경우의수/경우의수,6
노파울이지 저건,6
버그 뭐야,6
쪼끔만올려줘 제발 ㅠㅜ,3
거긴 수직 하강,6
ㅎㅎㅎㅎㅎㅎㅎㅎㅎ,0
닉스 너무 쌈 ㅠ,3
힘들다,3
와 ㅋㅋ,0
아오 꼽샘,4
{:koKogun:}{:d_126:},6
홍명보 씨발럼아,4
저걸 놓치다니,3
채팅 ㄱㄱㄱㄴㄱ,6
안해줫자나요,6
외인들 7천이하엔 잘안팔던뎀,6
힝 속았지,6
내 손 안의 강원랜드,6
저 진짜 환불해야하는데 어디가야하죠?,6
하남자 말고 상남자처럼,6
그땐 내돈아니니까!,6
형 웃겨? 형 웃겨? 형 웃겨? 형 웃겨? 형 웃겨? 형 웃겨?,2
바로 앞이다 ㅋㅋㅋㅋㅋㅋㅋ,0
키갈하냐 머냐,6
이게 뭐야,1
밥 배터지게 먹고옴,6
ㅋㅋㅋㅋ,0
니니 괜찮냨ㅋㅋㅋㅋㅋㅋㅋ,6
엄청 기다렷어요 불안해서요,5
손흥민 빼라,4
메챠쿠챠 ㄷㄷ,6
진짜 엊그제 태어났네;,6
월클놈,6
케인 끝났네 ㅋㅋㅋㅋㅋ,6
먼닉,6
갑자기 보기싫네,4
삼성전기 살려주세요ㅜㅜ,5
가그린,6
어디가 과감?,6
그.냥 ㅋㅋㅋㅋㅋㅋㅋㅋㅋㅋ,0
명봉야 나가라,4
티원 폼이 안좋네..,3
쉽게 돈버는법,6
케엄살 ㅅㅅㅅㅅㅅㅅㅅㅅㅅㅅㅅㅅㅅㅅㅅㅅ,0
슈사장님 살려주세여,5
밴하는데 어떡하나요 ㅠㅠㅠㅠㅠ,5
가둬놓고는 왜 안패냐고,2
가자ㅏㅏㅏㅏㅏㅏㅏㅏㅏㅏㅏㅏㅏㅏㅏㅏ,6
영원히 비와이,6
ㄷ재표님 ㅋㅋㅋㅋ,0
나이스 졋다 ㅋㅋㅋㅋㅋㅋㅋㅋㅋㅋㅋㅋㅋㅋㅋㅋㅋㅋㅋㅋㅋㅋㅋㅋㅋㅋㅋㅋㅋㅋㅋㅋㅋㅋㅋㅋㅋㅋㅋㅋㅋㅋㅋㅋㅋ,2
노르웨이 일내나,6
진짜 이승우를 왜 안데리고 가는건지..,4
ㅋㅋㅋㅋㅋㅋㅋㅋㅋㅋㅋㅋㅋㅋㅋㅋㅋㅋ,0
아 아빠잇슈 ㄷㄷㄷㄷㄷㄷ,6
🇨🇿🇨🇿🇨🇿🇨🇿🇨🇿🇨🇿🇨🇿🇨🇿🇨🇿🇨🇿🇨🇿🇨🇿🇨🇿🇨🇿🇨🇿🇨🇿,6
수비 5명 벙찌고 있노 ㅋㅋㅋㅋㅋㅋㅋㅋㅋ,2
와 미 친,0
개미무덤..,6
ㅈㄴ멋잇다,0
안락함의 편안함,6
비상비상,5
어질어질하다,6
그럼 바로 밴이잖아요 ㅠㅠ,5
대박이네,1
맨날 뒤로만 ㅉㅉ,4
일어나라 케인 머하노,6
스~파~,6
ㅈ망,3
1인이라,6
크르르릉,6
07케인 헉,1
살걸...,3
코루가면되나요?,6
딱,6
EK 야 호,6
비상비상,5
호~,6
푸스카스급 나왔다 ㄷㄷㄷㄷ,1
진짜 이승우를 왜 안데리고 가는건지..,4
불안한데.. 구름대 머리 맞고 내려왔는데,5
김연경도 190은 아니다ㅋㅋㅋ,6
케인 ㅋㅋㅋㅋㅋㅋㅋㅋㅋㅋㅋㅋㅋㅋㅋ,6
ㅈㄴ재밌네,6
미쳤네 ㄹㅇㅋㅋㅋㅋㅋㅋㅋㅋㅋㅋㅋㅋㅋㅋㅋㅋㅋㅋㅋ,1
니니 출근은 하나요?,6
크로슛,6
그냥 죽이고 지하실의 주인이된거니 해피엔딩 아닐까요,6
파울 아니래,6
{:d_49:}{:d_49:}{:d_49:},6
비사아아앙~~~~~,5
ㄹㅇㅋㅋ,0
아우 ㅠㅠ,3
좀비돼썩 ㅠㅠ,3
ㅅㅂㅋㅋㅋㅋㅋ,1
이게 과감한거야?,6
한본어 ㅈㄴ 웃기네,6
(24/25) 슈형 오면 ㄱ,6
/cpx;dw[rk,6
살려주세요,5
하아...,2
어?,6
조현우 엿으면 막앗다 ...,3
다라이 살발하노,5
전술따윈 없어,6
그럼 바로 밴이잖아요 ㅠㅠ,5
질질 끌지말고,2
잼데믹입니다 피하세요,6
혼자 넘어진거 아님?,6
피건피곤,6
또 속냐 슈카야,6
아 이거 똥싸다끊은거같이 ㅋㅋ,4
토론회 보다가 도저히 못보겠어서 왔습니다 ㅋㅋㅋ어휴,4
환불해줘~,4
장투는 진짜 답이없네 ㅋㅋ,2
3ㄷㄷㄷㄷㄷ,1
형.. 오늘은 진짜 힘들다,3
이러다가 강원랜드 망한다고 ㅠㅠㅠㅠㅠㅠㅠㅠㅠㅠ,3
환불해줘~,4
민석제거,6
어....,1
하아...,2
하이닉스 시총에 저렇게 움직이다니 ㅋㅋ,6
슛 개지린다,1
가둬놓고는 왜 안패냐고,2
바쁘시다더니 오늘도 방송 하시네요??,6
홍명보가 홍명보했다,4
아니 너무 무서워,5
나어떻게해..,5
홍명보 나가,4
오른다,6
진짜 홍명보 쳐 나가라,4
토론회 보다가 도저히 못보겠어서 왔습니다 ㅋㅋㅋ어휴,4
도란 스발,2
와 무섭,5
???????????????????????,1
슈카 공대장 탈출 ????????????,6
아직 덜물렸구나,6
어차피 망한거 더 망치고 욕이나 실컷 먹어라!!!!!!,2
????????,6
삼전기 한 번만 봐줘요 ㅠㅜ,3
눈업썩????,6
개처안일하네,2
살려줘요!!!,5
저점목격자,6
그만 누워라 ㅋㅋㅋㅋㅋㅋㅋㅋㅋㅋㅋ,4
중계권 아까운 jtbc 네이버면 개추 ㅋㅋㅋㅋ,6
그냥 한번 더 빼죠? ㅋㅋ,6
애니비아나 쳐물지,2
홍명보 경질,4
아 그러네?,6
진짜 개몬하넼ㅋㅋㅋㅋㅋㅋㅋㅋㅋㅋ,4
벅 재 박,6
{:wc_14:}{:wc_14:}{:wc_14:}{:wc_14:}{:wc_14:}{:wc_14:}{:wc_14:}{:wc_14:}{:wc_14:},6
미루지마새옷,6
찝찝...,5
캐비넷발견,6
김승규 ㅋㅋㅋㅋㅋㅋㅋ,6
와 이건 뭐야,1
몽규 잡히자마자 ㅣ발,2
역시 감독빨,6
돈복사,6
제발ㅜㅜㅜㅜㅜㅜㅜ,3
어어 빠진다,5
???????????,6
구버지....,3
아줌마,6
어뜨케…. 진짜,3
국장클라스...,6
기가막히네,1
ㅠㅠㅠㅠㅠ,3
사린마ㅠㅠ,3
일본에 살잖아,6
반도체 끝났어?,6
밴유도 조심,5
토론회 보다가 도저히 못보겠어서 왔습니다 ㅋㅋㅋ어휴,4
ㅈㄴ섬뜩하네,5
ㅋㅋㅋㅋㅋㅋㅋㅋㅋㅋㅋㅋㅋㅋㅋㅋㅋㅋㅋㅋㅋㅋㅋㅋㅋㅋㅋㅋㅋㅋㅋㅋㅋㅋㅋㅋㅋㅋㅋㅋㅋㅋㅋㅋㅋㅋㅋㅋㅋㅋㅋㅋㅋㅋㅋㅋㅋㅋㅋㅋㅋㅋㅋㅋㅋㅋㅋㅋ,0
보합이 베스트라니 ..,6
앞으로 방송 키고 해라,6
아니 기회가 얼마나 많았는데 {:d_58:}{:d_58:}{:d_58:}{:d_58:}{:d_58:}{:d_58:},2
엔화쌀먹 ㄷㄷ,1
골골골골!!!!!!!!!!!!!!!!!!!,0
머고 ㅋㅋㅋㅋ,1
{:lck_1:}{:lck_1:}{:lck_1:}{:lck_1:}{:lck_1:}{:lck_1:}{:lck_1:}{:lck_1:}{:lck_1:}{:lck_1:},6
내쌀이!!!,6
/채팅제거.,6
에라이!!!!!,2
가버린 나,6
..,3
골 ㅅㅅㅅㅅㅅㅅㅅㅅㅅㅅㅅㅅㅅ,0
두가자,6
백만원만해여,6
명보는 태평양 헤엄쳐서 와라,6
추멘임?,6
키옥시아는 20퍼를 떨구네 ㅋㅋㅋㅋ,1
박재박 ㅅㅂ ㅋㅋㅋㅋㅋㅋㅋㅋㅋㅋㅋ,1
쏘ㅛㅏ리질러ㅓㅓㅓㅓㅓㅓ,6
윤죄앙,6
홍명보 ㅠ.ㅠ,4
석재형님 오늘 토론회는 어떻게 생각하시나요,6
반도체 레이드 (19/20) 님만오면 출발,6
붕어매매,6
아어아오아와오,6
왜구일정이 우글우글!,6
영,6
무서워요 안아줘요ㅜㅜㅜㅜ,3
차트가 말을 걸어와..,5
첨부터 하죠 ㅎㅎ,6
삼성전기 130에 싸다고 샀는데,6
가즈아!,6
여기까지 해요 흐헤헤,6
왼쪽 라인이 ㅄ인데,4
야이 지금 사지마 개인들 진짜 아오,2
와 먼데 ㅋㅋㅋㅋㅋㅋ,1
노르웨이 노무노무 무섭노노르웨이 노무노무 무섭노노르웨이 노무노무 무섭노노르웨이 노무노무 무섭노노르웨이 노무노무 무섭노노르웨이 노무노무 무섭노,6
형 웃겨? 형 웃겨? 형 웃겨? 형 웃겨? 형 웃겨? 형 웃겨?,2
그건좀..,4
우옮옮,6
넥장시간까지,6
좀비돼썩 ㅠㅠ,3
네이버는 오른것도 없는데 왜이래요.......,5
밴유도 괘심,6
세글자,6
ㅋㅋㅋㅋ그냥 다들 한국와라 여행갔냐?,6
평 온,6
홍명보 나가!,4
찝,5
슈하 ~,6
터부시할까요,6
와 개잘찻네,1
ㄹㅇ코커,1
합체 ㅋㅋ,6
먹고 살자고 하는건데 ㅠㅠ,3
푸스카스급 골 ㄷㄷㄷㄷ,1
이제 무못하면 짐싸야하는거 아니냐? ㅋㅋㅋㅋㅋㅋㅋㅋㅋㅋㅋㅋㅋ,6
노르웨이 이기자!!!!!!!!!!,0
주주 개무시하는 하닉은 오르면 암됌,6
다 못맞추기만 해봐,6
개지리네,0
이게 뭐냐 ㅋㅋㅋㅋㅋㅋㅋㅋ,0
찌를 물어라,6
/조졌다,5
다주 2미터자나,6
ㄱㄱㄱㄱㄱ,6
일베 개새끼들아 쳐봐라 그냥,2
감독잘못임 이게??,6
ㅋㅋㅋㅋㅋㅋ명보한테 뭘바라노,4
ㅇㅇ,6
으ㅏㅏㅏㅏㅏㅏㅏㅏㅏㅏㅏㅏㅏㅏㅏㅏㅏㅏㅏㅏㅏ,3
ㅇㅇ비옴,6
다먹고살라고하는거져!!,6
ㅋㅋ접어라 그냥,2
망해가는 ㅠㅠㅠ,3
이제 망한건가요,5
뭐야 ㄷ,1
비상ㅇㅇㅇㅇㅇㅇㅇㅇㅇㅇㅇ,5
진짜 ㅈㄴ못한다,4
160가줘 제발..,5
너무 깊게 빨렸다,6
?????????????????????????????????????????????????????????????,1
명보제거,4
수비 5명 벙찌고 있노 ㅋㅋㅋㅋㅋㅋㅋㅋㅋ,2
티원 폼이 안좋네..,3
노르웨이 이기자!!!!!!!!!!,0
누나 비켜,6
아오,6
조끄치도 생겼네,6
뭉나어림뭉나어림,6
중계권 아까운 네이버면 개추ㅋ중계권 아까운 네이버면 개추ㅋ중계권 아까운 네이버면 개추ㅋ중계권 아까운 네이버면 개추ㅋ중계권 아까운 네이버면 개추ㅋ,6
잔혹한 수탈ㅠㅠㅠㅠ,3
홍명보 경질,4
ㅋㅋㅌㅌㅋㅋㅌ,0
이제 사야하네,6
마지막 앞자리 1입니다,6
근데 참가자가 한명이면,6
도란 ㅋㅋ,2
와 ㅋㅋㅋㅋㅋㅋㅋㅋㅋㅋㅋㅋㅋㅋㅋㅋㅋㅋㅋㅋㅋㅋㅋㅋㅋㅋㅋㅋㅋㅋㅋㅋㅋ,1
진짜여? ㅋㅋㅋㅋㅋㅋ,6
흑흑,3
많이 무서운갑네 ㅋㅋㅋ,6
ㅋㅋㅋㅋㅋㅋㅋㅋㅋㅋㅋㅋ,0
와 드간거지,1
ㅠㅠㅠㅠㅠ,3
아니 기회가 얼마나 많았는데 {:d_58:}{:d_58:}{:d_58:}{:d_58:}{:d_58:}{:d_58:},2
일베 개새끼들아 쳐봐라 그냥,2
진심 스레기전술이네,4
한강물 따뜻해요?,2
와 드간거지,1
ㅅㅅㅅㅅㅅㅅㅅㅅㅅㅅㅅㅅㅅㅅㅅㅅㅅㅅㅅㅅㅅㅅㅅㅅㅅㅅㅅㅅㅅㅅㅅㅅㅅㅅㅅㅅㅅㅅㅅㅅㅅㅅㅅㅅㅅㅅㅅㅅㅅㅅㅅㅅㅅㅅㅅㅅㅅㅅㅅㅅㅅㅅㅅㅅㅅㅅㅅㅅㅅㅅㅅㅅㅅㅅㅅㅅㅅㅅㅅㅅㅅㅅㅅㅅㅅㅅㅅㅅㅅㅅㅅㅅㅅㅅㅅㅅㅅ,0
ㅎ ㅏ 백패스 그만좀 하라고!!!!!!!!!!!!!!!!!!!!!!!!!!!!!!!!!!!!!!!!!!!!!!!!!!!!!!!!!!!!!!!!,2
제발좀 ㅠㅠㅠㅠㅠㅠㅠ댜겅냄나내0ㅐㅌ,3
교체도안하고 대체 뭔생각이냐? 집중력다떨어져있는거보이지도않나,2
잔혹한 수탈ㅠㅠㅠㅠ,3
네번다시는,6
서로 저점매수 ㅋㅋ,6
저점에 못샀으면 욕심을 버려야지,6
앗...,6
오늘 저점깬 애들은.. 그냥..,6
푸스카스급 골 ㄷㄷㄷㄷ,1
넣을거 못넣고 맨날 쳐맞노ㅋㅋㅋㅋㅋㅋㅋㅋㅋㅋㅋㅋㅋㅋㅋㅋㅋㅋㅋㅋㅋㅋㅋ,2
문다,6
백발할아버지 ㅋㅋ,6
쪼끔만올려줘 제발 ㅠㅜ,3
거래량 점점...,6
왜 들어갔냐?,1
먼닉님 카에데상이 ㅠㅠㅠㅠㅠㅠㅠㅠㅠ,3
김 경 래,6
신기하다 게임이....,1
개처안일하네,2
오오오오,6
오너 진짜 장난하니,2
삼성전기는 죽었던데요,6
닉스 컨콜만 제대로 했어도 ㅠㅠ,3
맨날 뒤로만 ㅉㅉ,4
나 빠다ㅠㅠ,3
노 르웨이 ㅅㅅㅅㅅㅅㅅㅅㅅ,0
하닉도 주봉으로보면 아름다워용ㅋㅋ,6
히힉...,5
오누,6
그만사줘 ㅠㅠ,3
30프로 ㄷㄷ,1
/홍명보 제거,4
한명을 못 뚫노,4
그만 좀 내려라 전기 ㅠㅠㅠㅠㅠㅠㅠ 아놔 ㅠㅠ,3
이게 대한민국이지 ^^,2
{:d_126:}{:d_126:}{:d_126:}{:d_126:}{:d_126:}{:d_126:}{:d_126:}{:d_126:},6
1시간이면 양반이지,6
파울 맞노,6
신의 매매 ㄷㄷ,1
키옥시아가 대박이에요 ㅋㅋㅋㅋㅋㅋㅋ,6
학폭 개웃기넼ㅋㅋㅋㅋㅋㅋㅋㅋㅋㅋㅋㅋㅋㅋㅋㅋ,0
골 인정 ㅅㅅㅅㅅㅅㅅㅅㅅㅅ,0
저점에서 버티고 있네,6
이정도는 해야 외국인 들어 오는게 아니겠나요,6
비-상,5
졌네,6
ㅋㅋㅋㅋㅋㅋㅋㅋㅋㅋㅋㅋㅋㅋㅋㅋㅋㅋㅋㅋㅋㅋㅋㅋㅋㅋㅋㅋㅋㅋㅋㅋㅋㅋ,0
귀얇으시네,6
반?,6
가짜상승 했었죠;;;;;;;;;;;;;;,6
{:lck_28:}{:d_46:}{:lck_28:}{:d_46:}{:lck_28:}{:d_46:},6
미친 나왔다,1
서핑만 잘해도 하루에 원금에 두배를 준대,6
네덜란드 사람들이 키 ㅈㄴ 크다던데,6
진짜 개몬하넼ㅋㅋㅋㅋㅋㅋㅋㅋㅋㅋ,4
유명인 ㄷㄷ,1
뭔가 온다,5
주식이 조졌으니 술이라도 마시자,6
ㅈ 란 ㅋㅋㅋㅋㅋㅋㅋㅋㅋㅋㅋㅋㅋㅋㅋㅋㅋㅋㅋㅋㅋㅋㅋㅋㅋㅋㅋㅋㅋㅋㅋㅋㅋㅋㅋㅋㅋㅋㅋㅋㅋㅋㅋㅋㅋㅋㅋㅋㅋ,6
ㅇㅎ,6
장난하냐,2
홍명보 멸망,4
계단식하락 튀-엇 !!!!!!,6
아 그런 설정,6
에라이!!!!!,2
똥이 잘 안나오나,6
사지마요 ㅠㅠ 그럼떨어질거같아요,5
SEX 야~호,0
뻥글멸망 ㅋㅋㅋㅋㅋㅋㅋㅋㅋㅋㅋㅋ,6
드리루~케요,6
기괴하다,4
케인 쇼 그만해라,6
3ㅋㅋㅋㅋㅋㅋㅋㅋㅋㅋㅋㅋㅋㅋㅋ 나이수~~~,0
아쉽긴 하다,3
볼좀 뒤로 빼지말고 움직이질않네ㅐ ㅋㅋㅋㅋ,2
ㅋㅋㅋㅋ 지리긴하네,1
와 소리 ㅅㅂ;,5
꼼깸 쳐내,4
못참겠쬬?,6
염색같이 해용ㅎㅎ,6
잘가라 땅명보 잘가라 ㅈ몽규,4
우글유글,6
죄송해요 케인님 ㅠㅠㅠㅠㅠㅠㅠㅠ,5
원래 이런 방인가욤 ㅠㅠ,5
이런 애들이 현실에서 정상인인척하는거냐? ㅌㅌㅌㅌㅌㅋㅋㅋㅋㅋㅋㅋㅋㅋㅋ,4
직관 ) 골취됨,6
환불 ㅠ,3
불키러 가야되나보네,6
..,3
미장 반도체도 다 빠지고 있음,6
또 꺾인다~~~~~~~~,2
쓰바,6
삼성전기 ㅠㅠ,3
낼봐라 또깨진다,6
전 전생에 물고기였나봐요 .. 파닥 파닥 ㅜㅜ,3
노르웨이 잘하네 ㄷㄷ,1
잘가라 땅명보 잘가라 ㅈ몽규,4
이게 도박이지,6
뭔 개잡주도 아니고,6
단 몇시간 만에 ㄷㄷ,1
대박이네,1
zzzzzzzzzzzzzzzzzz,0
새벽3시에 왠 방송,1
와 ㄷㄷㄷㄷㄷㄷㄷㄷㄷㄷㄷㄷㄷㄷㄷㄷㄷ,1
달려들어오고 있구만 사람안보고 멋흐냐~ 아오,6
울버햄튼 GOAT ㅋㅋ,6
주식 학폭 ㅋㅋ,6
손흥민 찬스 몇개 쳐말아먹냐 ㅋㅋㅋ,2
제발 팔아주세요 슈카님,6
3패 각 인가?,6
다발라 먹었으면 109프로임 복리,6
로꾸거,6
ㅈㄴ무섭네,5
얏따,6
다라이 ㄷㄷ,1
{:d_127:},6
삼성전기 왜 떨어지나요,6
피바다로구나,6
종가배팅 드가자,6
환불해줘~,4
다라이 ㅅㅂ,1
"외인 ,기관만 장난 안치면 갈수 있다고 ㅠㅠㅠ",3
안죽이고 뭐하는데 점마,6
우리도 피곤해요 ㅠㅠ,3
삼성전기 난리났어 ㅜ,3
ㅈㄴ무섭네,5
대한민국 제거,4
0물,6
와 쉽다,6
맛있겠다!,6
골골골골!!!!!!!!!!!!!!!!!!!,0
똥간마리오~,6
ㄷㄷㄷㄷㄷㄷㄷㄷ,1
엔화 지금 나락가서..,6
분봉 진짜 레전드,1
아르헨은 매수했던거고,6
야~호~,6
삼성전기 ㅠㅠ,3
골키퍼 뭐하는 놈이냐,2
조아쒀!!조아쒀!!조아쒀!!조아쒀!!조아쒀!!조아쒀!!조아쒀!!조아쒀!!조아쒀!!조아쒀!!조아쒀!!조아쒀!!조아쒀!!,6
뭉기점,6
속지 말자구요,6
왜 가만히들 있냐고,2
{:d_119:},6
오너가 왜 박은거고,1
진격거 ㄷㄷ,1
190이 얼마나 된다고,6
와 진짜 험한말 마렵다,2
그냥 간다 ㅡㅡ,6
국적이 일본인임,6
뭐햐냐 진짜로,4
바닥이 어디네요??,6
그래도 이건 볼만하다,6
토론회 보다가 도저히 못보겠어서 왔습니다 ㅋㅋㅋ어휴,4
ㅋㅋㅋㅋㅋㅋㅋㅋㅋ 카카오팟 분위기 나네,6
존야 밴시 플 있는 직스 어케 잡음ㅋㅋㅋ,6
뭐하냐,6
무한 동력이네..,1
지수 차트 ㄷㄷㄷ,1
사춘기네,6
도배하지마 짱ㄲ들아,2
교체좀해라 제발,2
애기들이네,6
ㅈㄴ섬뜩하네,5
진짜루?,6
오 그래픽,6
이게 롤러코스터지~,6
유명인 ㄷㄷ,1
틀렸다고 무분별한 욕설은 자주해주시기바랍니다.,6
앞으로 튀자,6
아뮤리 봐도 낚시 바늘임,6
아무도안막네 ㅋㅋㅋㅋㅋㅋㅋㅋㅋㅋㅋ,2
파울이라는 애들 특 : 축알못 @@@@@@@@@@@@,6
!명령어,6
이런 애들이 현실에서 정상인인척하는거냐? ㅌㅌㅌㅌㅌㅋㅋㅋㅋㅋㅋㅋㅋㅋㅋ,4
돌격변기맨,6
화장실 ㄷㄷ,1
명보나가햄나가,4
그냥 너무 답답해,2
어ㅣ,6
다시 해요 ㅎㅎ,6
무빙 정신나감,1
애미뒤졌나,2
배고프지,6
김모찌양,6
아우.. ㅠㅠ 난 단타 못한다 ㅠㅠ 하지말자 ㅠㅠ,3
제 주머니에 있어요 ㅎㅎ,6
/경우의수,6
개미지옥 ㅋㅋ,6
숨이 안쉬어져요,5
주차장에 라이터 켜져이썩,6
너무했썩,3
"기회도많았는데 한골먹히네,.,",3
브이엠도 봐주십숑.....ㅠ,5
ㅋㅋㅋㅋㅋㅋㅋㅋㅋ 아 졸라 넣을건 못넣고 존나 쉽게 먹히네,6
와 개멋있네 ㄷㄷ,1
손흥민이 똑 바로 했어도 이사단 안났다,6
꼼깸 쳐내,4
{:wc_31:}{:wc_31:}{:wc_31:}{:wc_31:}{:wc_31:}{:wc_31:},6
ㅋㅋㅋㅋㅋㅋㅋㅋㅋㅋㅋㅋㅋㅋㅋㅋㅋㅋㅋㅋㅋㅋㅋㅋㅋㅋㅋㅋㅋㅋㅋㅋㅋㅋㅋ,0
미친 슈팅이네;;;,1
흥민아 몇개말아먹어 ㅠㅠㅠ,3
찝찝...,5
외화유출범ㄷㄷㄷㄷㄷ,6
코젤꼴,6
이런경우도 잇네ㅋㅋㅋ,0
ㅋㅋㅋㅋ병신 명보야 ~,4
ㅇㅈ합니다,6
또 샀니?,6
일련탁생,6
불안한데.. 구름대 머리 맞고 내려왔는데,5
홍명보가 홍명보했다,4
삼전 발표때 버스탐,6
3패 삘이네,6
다시 오르겠죠?,6
개못해 걍,2
제발ㅜㅜㅜㅜㅜㅜㅜ,3
ㅉ 이게 축구냐 ㅋㅋㅋㅋㅋㅋ,2
국적이 일본이신거아녀?,6
"명보는 계획이 없니?,,",4
쉬웁다 주식,6
삼계탕 팩,6
크로스가 안올라간거 자체가 변칙이다 진짜... 대단하다,1
불안한데.. 구름대 머리 맞고 내려왔는데,5
이젠 정말 유튜브 뿐이야...,6
키퍼는 왜 펀칭 안하고 가만보고잇냐,2
삼성전기 봐주세요,6
키퍼는 왜 펀칭 안하고 가만보고잇냐,2
ㅅㅅㅅㅅㅅㅅㅅㅅㅅㅅㅅㅅ,0
안타까운거죠 ㅋ,6
차트가 꼬질꼬질하다구요 ㅠㅠㅠㅠㅠㅠㅠㅠㅠㅠㅠㅠㅠㅠㅠㅠㅠㅠㅠㅠㅠㅠㅠㅠㅠㅠㅠ,3
슛터닝,6
홍명보 구속,6
생김새 개빡이네,6
와 개간지,1
다들 힘든데 슈카형 긁지마요 많이 잃고 피곤한데도 이렇게 방송해주시러 왔는데 ㅠㅠ,3
가놈아 여기선 가오 상해도 된다.,6
잔혹한 수탈ㅠㅠㅠㅠ,3
매파적동결 ㅠㅠ,3
하루만에 졸업 ㄷㄷ,1
쳐다만보냐,2
차트가 무슨 작전주 차트냐고.......,1
짜증나,2
조졌네...,5
좀비돼썩 ㅠㅠ,3
ㅋㅋㅋㅋㅋㅋㅋㄴㄴㄴㅋㅋ,6
지린다ㄷㄷ,1
ㅅ에겐남,6
VAR 안함? 역시 아르헨티나 아니면 안해주는구나 ㅋㅋ,6
{:d_126:}{:d_126:}{:d_126:}{:d_126:}{:d_126:},6
전기 어뜩해,5
리센느다,6
아,6
나가서 불러봐 그럼,6
직스딜 ㄷㄷ,1
무서워요 ㅠㅠ,5
ㅋㅋㅋㅋㅋㅋㅋㅋㅋ,0
보노보노ㅋㅋ,6
와 소리 ㅅㅂ;,5
ㅁㅊ;,1
이제 분위기 넘어가는건가,6
성형ㅇ외과 의사심?,6
아우ㅜㅜㅜㅜㅜ,3
다라이 ㅅㅂ,1
??????????????????????????????,6
하닉 멸망이다,6
지금 출바알ㄹㄹㄹㄹㄹㄹㄹㄹㄹㄹㄹㄹ,6
"명보는 계획이 없니?,,",4
힘들다,3
나이스!!!!!!!!!!!!!!!!!!!!!!!!,0
나가라 정몽규 홍명보,2
제발 살려줘,5
셰이드로프 ㄷㄷㄷㄷㄷ,6
와 ㅁㅊㅋㅋㅋ,0
"축협 회장 뽑는 과정도, 국대 감독 뽑는 과정도 ㅂㅅ같은데 결과가 좋을리가 있음?ㅋㅋㅋㅋㅋㅋㅋ 체코 화이팅!!!",6
쌀먹 ㄷㄷ,6
메챠난카 졸려,6
ㄷㄷㄷㄷㄷㄷㄷㄷㄷㄷㄷㄷㄷㄷㄷㄷㄷㄷㄷ,1
번지대가 따로없네,6
ㅋㅋㅋㅋㅋㅋㅋㅋ,0
제이피모건 낚시꾼,6
수비 5명 벙찌고 있노 ㅋㅋㅋㅋㅋㅋㅋㅋㅋ,2
물어!!!!,6
{:d_8:},6
우린 힘이 하나도 없ㄷ어 ㅠㅠ,3
이기혁 또 놓치냐...,3
파두? 한번 봐주세요,6
ㄷㄷㄷㄷ ㅠㅠㅠ 녹아녹아 ㅠㅠ,5
또 오너탓하는 그 팬 덤,6
즐겨~~ 재미있자나 ^^,0
무조건 단타만 해야됨,6
대한ㅁ;ㄴ구 개병신년들아ㅜ,4
더높이 뛰기위한 하방,6
이게 하락장이구나,6
아ㅠ 너무 불안해요 매도 할땐 휴 했는데 저만 내리고 갈것같아요ㅠ,5
"기회도많았는데 한골먹히네,.,",3
세트피스는 저쪽이 더 잘 준비했네 ㅋㅋㅋ,2
또죽어,6
경찰서가고싶어!?,6
ㅅㅅ,0
{:d_126:}{:d_126:}{:d_126:}{:d_126:},6
줴줴애,6
심장조이고ㅓ,6
ㅅㅅㅅㅅㅅㅅㅅㅅㅅㅅㅅㅅㅅㅅㅅㅅㅅㅅㅅㅅㅅㅅㅅㅅㅅㅅㅅㅅㅅㅅㅅㅅㅅㅅㅅㅅㅅㅅㅅㅅㅅㅅㅅㅅㅅㅅㅅㅅㅅㅅㅅㅅㅅㅅㅅㅅㅅㅅㅅㅅ,6
와ㅣ아아아ㅏㅇ아,0
자 이제 말아올릴 시간 왔다~~~~,6
살려주세여,3
조심해!!!!,5
토가시 ㅋㅋㅋ,6
홀란 모하냐,6
니가 과연 대응을 잘 할 수 있을까?,6
레오나 반핃 ㄷ,1
윤OO파워 ㄷㄷ,6
ㅋㅋㅋㅋㅋㅋㅋㅋㅋㅋㅋㅋㅋㅋㅋㅋㅋㅋㅋㅋㅋㅋ,0
아우.. ㅠㅠ 난 단타 못한다 ㅠㅠ 하지말자 ㅠㅠ,3
소리 ㄷㄷ,1
미나미노,6
장난????????,1
데드캣 바운스지 저게,6
지금 엔화 800원대긴 해,6
와ㅣ아아아ㅏㅇ아,0
개쩌노 !,6
그러게요 단타대회네요.. 뭐 와,1
질질 끌지말고,2
인버스거래대금1등,6
아냐아냐 슈카님 아냐,6
하루만에 졸업,6
고개는 ㅋㅋ,6
윤주권 ㅋㅋ,6
슈카 팔아서 하락장이라함,6
ㅅㅅㅅㅅㅅㅅㅅㅅㅅㅅㅅㅅㅅㅅ,0
{:d_1:}이거시 홍명보 호 인가,5
ㅈ댓다 물뭔데 이거 ㅋㅋㅋㅋㅋㅋㅋㅋㅋㅋㅋㅋㅋㅋㅋㅋㅋㅋㅋㅋㅋㅋㅋ,5
ㅂㄱㅋㅋㅋㅋㅋㅋㅋ,0
오너 진짜 ㅋㅋㅋㅋ,4
지누시?,6
2X 지금 당장 다 투기과열로 지정때려서 정지시켜야됨,6
울 슈카님 넘 안쓰러워ㅠㅠ,3
개처안일하네,2
모찌롱?,6
슈우파,6
으아아아ㅏ아아 해바 형,6
진짜 개빡,2
별로 안무섭노 ㅋㅋ,6
몽규요정,6
메차쿠챠,6
ㅡ삼성전기...,6
거의 바카라,6
근데 어차피 비지니스 약속아니면 밖에 나갈일이 없으면서 뭐가 일정이란건가요 부를친구가 휴대폰에 도꼬미 두더놈 세더놈말고는 없지않나요 친구없는지누 뭉추 ㅠㅠ,3
승규야 몽규랑 같이 나가 죽어라,2
{:mlb_3:},6
이분은 트레이더여서 각잡고해 ㅋㅋㅋ,6
카르마 이슈 ㅋㅋㅋㅋㅋㅋㅋㅋㅋㅋㅋㅋㅋ,0
열지마 ㅠㅠ,3
경상도 일베충 사투리 자제 부탁드려요,6
진짜인가요?,1
지겟는데,5
{:d_237:}{:d_237:}{:d_237:}{:d_237:},6
sex,0
비상!!,5
진지잡셨냐,6
답답하면 니네가 뛰어라,2
닉스좀 살려줘,5
진짜 개빡,2
미친,1
취소가나?,6
해고당함 ㄹㅇ,6
와 잉글랜드 다이빙 좀 그만해라,6
노파울인데,6
개병신,4
주식 신이와도 못발라 먹는다,6
무적존 확인 ㅋㅋㅋㅋ,0
한시간 이상일리가 두시간 이상도 걸릴듯,6
대표를 더 잘 앎 ㅋㅋㅋㅋ,6
와 ㅋㅋㅋ,1
이게 뭐냐 ㅋㅋㅋㅋㅋㅋㅋㅋ,0
단타 잘하시는.분들 부럽네요 ㅠㅜ,3
꼽기견;;;;;;;;,4
결국 지는구나 ㅋㅋㅋ,3
뭐임,1
ㅅㅅㅅㅅㅅㅅㅅㅅㅅㅅㅅㅅㅅㅅㅅㅅㅅㅅㅅㅅㅅㅅㅅㅅㅅ,0
나빠다ㅠㅠ,3
높응말이랑 반말이 섞인 ㅋㅋㅋ,6
애니비아나 쳐물지,2
골,6
나이샤~~~~~~~~~~~~~~~~~~~~~~~~~~~~,0
근데 뭐 어케하는거임?,6
못해요.. 난 아니여 ㅠㅠ,5
죠짐,5
잘한다 햇가 ㅉㅉ,6
크로스네,6
환불해줘~,4
찝찌배,5
오늘도 조졌다리,5
명보 나가 죽어,4
얼마나 잃고싶은지 감도안옴 ㅋㅋㅋ,0
매수 안한거 아님?,6
메?인,6
아우 ㅠㅠ,3
나 빠다ㅠㅠ,3
무슨 고지대 적응했다는 애들이 ㅋㅋㅋ 적응 못한애들보다 못 뛰냐,2
{:d_146:}{:d_146:}{:d_146:}{:d_146:}{:d_146:}{:d_146:}{:d_146:}{:d_146:}{:d_146:},6
ㄱㄱㄱㄱㄱㄱㄱㄱㄱㄱㄱㄱㄱㄱㄱㄱ4ㄱㄱㄱㄱㄱㄱㄱㄱ4ㄱ,6
해치웠나?,6
주식 참 어렵다,6
ㅇㆍ,6
그만사줘 ㅠㅠ,3
"I Say 영, you say 차",6
슈또속 ㅋㅋ,0
파울이노,6
검열반대는 룩튜브,6
ㅠㅠㅠㅠㅠㅠ,3
딱보면 모르냐 금융세력에 당한거다 함부로 잡지 마라,6
쟤 소리도 잘 들음??,6
ADR 땜에~~~~~~,6
멐ㅋㅋㅋㅋㅋㅋㅋㅋㅋㅋㅋㅋㅋㅋㅋㅋ,0
ㅋㅋㅋㅋㅋㅋㅋㅋㅋㅋㅋㅋㅋㅋㅋ?,0
요새 일본 편의점에 삼계탕을 파는구나...,6
위에서 따라 산 사람들은 오늘도 물리고,6
이제 대형주 시세는 끝난건가,6
몽규 느가라,4
헤이 거인,6
오너 리스크,6
경우의수 돌입,6
가자 노르웨이,6
조심해!!!!,5
코스닥 봐주세요,6
조졎죵,5
오 노래잘함.ㅋㅋㅋㅋㅋㅋㅋㅋㅋㅋㅋㅋㅋ,1
ㅋㅋㅋㅋㅋ 승리의 여신이 홀란에게 가나,6
세 스,0
화장실 들어가봐,6
내일부터 다시 대공황 ㄷ ㄷ ㄷ,1
살까,6
ㅈㄴ 시끄러운데,2
"오후장에 가야지,,",6
siuuuuu,6
아우 ㅠㅠ,3
작은 애들 뽑아놓고 작다고 징징거리냐,4
닉스는 미운털 박힌거 같아,6
{:d_237:}{:d_36:},6
나 수재 됴아행,6
꺼꾸로 잡았으면?,6
잔혹한 수탈ㅠㅠㅠㅠ,3
반발이드 데스,6
형 금도 물더라고요,6
08신라 ㄷㄷ,6
저런,3
나 빠다ㅠㅠ,3
현지인?,6
네네,6
{:wc_8:}{:wc_8:}{:wc_8:}{:wc_8:}{:wc_8:},6
흥민아 몇개말아먹어 ㅠㅠㅠ,3
국적?,6
어제는 막판에 올랐는데...과연...,6
어지럽다 어지러워,2
/5초 저속 모드,6
언제팔어!!!?!,5
헐~~~~,6
나이스 졋다 ㅋㅋㅋㅋㅋㅋㅋㅋㅋㅋㅋㅋㅋㅋㅋㅋㅋㅋㅋㅋㅋㅋㅋㅋㅋㅋㅋㅋㅋㅋㅋㅋㅋㅋㅋㅋㅋㅋㅋㅋㅋㅋㅋㅋㅋ,2
진짜 하닉은 왜 이런건지...ㅋㅋ,6
퓨정 ㄷㄷ,1
익숙한 똥간,6
어디에?,6
7퍼였어요 ..,6
아빠 살려줘,5
ㅋㅋㅋㅋㅋㅋㅋㅋㅋㅋㅋㅋㅋㅋㅋㅋㅋㅋㅋ,0
ho,6
어케막노 ㄷㄷ,1
조현우 엿으면 막앗다 ...,3
난 못먹었을뿐이고....,3
해설이라고 하냐,4
교체좀해라고 시발,2
저거먹히냐 ㅋㅋㅋㅋㅋㅋㅋㅋㅋㅋ,2
ㅠㅠㅠㅠ,3
애기들은 자러가라 좀,6
와 소리 ㅅㅂ;,5
돈 복사 버그 ㄷㄷ,1
인버스도 국장이다. 가즈아!!!!!!!!!!!!!!!!\,0
닉스좀 살려줘,5
개못해 걍,2
대 장 훈,6
var 안 봐??????,6
절대 안써,6
와 ㅋㅋㅋㅋㅋㅋㅋ,0
므하니.,3
상ㅋㅋ,6
와!!!!!!!!!!!!!!!!! ㄷㄷㄷㄷㄷㄷㄷㄷㄷㄷㄷㄷㄷㄷㄷㄷ,0
{:d_138:}{:d_138:}{:d_138:}{:d_138:}{:d_138:},6
코너킥도아니고 저거에당하노 ㅋㅋㅋ,6
윤주 애교머신,6
아뇽하세요,6
삼성전기 실적 과 반대네!!!!!!!!‘ㅜㅜㅜㅜㅜㅜㅜㅜㅜㅜ,6
개못한다개못한다개못한다개못한다개못한다개못한다개못한다개못한다개못한다개못한다개못한다개못한다개못한다개못한다개못한다개못한다,4
바앙,6
zzzz,0
탁!,6
치트엔진 서치 중 ㄷㄷ,1
ㅋㅋㅋㅌㅋㅋㅋㅋㅋㅋㅋㅋㅋㅋㅋㅋㅋㅋㅋㅋㅋ,0
??????,1
국적이요,6
오호라,6
크로스 아녔음?ㅋㅋ,6
홍명보 구속~~,4
이제 망한건가요,5
긁적긁적,6
ㅋㅋㅋ땡기긴해ㅠ,6
주작,6
에라이!!!!!,2
뭐하는거야ㅋㅋㅋㅋㅋ,1
어쩔수가 없네,6
이제 풀발 풀린다,6
라잌미 라잌미,6
그 누구의 계좌에서 울고 있나요 ㅠㅠ,3
와 골대 맞았네...,1
와 ㄲㅂ,6
구경하냐,4
박살나는 중,3
짜증나,2
환불절차 좀 알려주세요,6
그래도 도란은 진다 <- 팩튼데 왜 채금임?,6
키퍼 븅신이네,4
대회를 열어보자 누가더 많이 물렸나,6
홍명보와 정몽규가 넣은거지,4
비응신ㅁ들,4
/조졌다,5
아 제제이야~,6
소나기 왔음,6
머야,1
너무 무서워용 ㅠㅠ,5
드루와 드루와,6
그곳 ㄷㄷ,1
왜구 ㅋㅋㅋㅋㅋ,6
진짜 역대급이네,1
또 케인이야? ㅋㅋㅋㅋㅋㅋㅋㅋㅋㅋㅋㅋㅋㅋㅋㅋㅋㅋㅋㅋㅋㅋㅋ,1
취소 ㅅㅅㅅㅅㅅ,0
우울우울,3
요즘 대형주가 10프로는 기본입니다.,6
도란 ㅋㅋ,2
190에서 꼬시는거봐,6
ㄷㄷㄷㄷ ㅠㅠㅠ 녹아녹아 ㅠㅠ,5
김연경 ㄱㄴ?,6
쪼끔만올려줘 제발 ㅠㅜ,3
못해요.. 난 아니여 ㅠㅠ,5
이주헌 추임새 진짜 개같이 거슬리네,6
살려달라구ㅜㅜㅜㅜㅡ,5
좆명보 꺼져. 좆명보 꺼져. 좆명보 꺼져. 좆명보 꺼져. 좆명보 꺼져. 좆명보 꺼져. 좆명보 꺼져. 좆명보 꺼져. 좆명보 꺼져. 좆명보 꺼져.,4
마가 꼈지,6
연초 피시게요?,6
ㅋㅋㅋㅋㅋㅋㅋㅋㅋㅋㅋㅋㅋㅋㅋ?,0
영어맨,6
내일 다시 떨어질거같아ㅠ,5
슈카도 정신나가는장,6
한화신사,6
오 하닉!,6
ㅋㅋ 커피시킨다고 악덕업주 이러고있네 ㅋㅋㅋㅋ,6
아무도안막네 ㅋㅋㅋㅋ,3
입 벨튀 ㄷㄷ,1
//김승규는 단한번도 못막음 골키퍼 어오,6
음...,6
드가자ㅏㅏㅏㅏㅏㅏㅏㅏㅏ,6
역시 명보,6
안뇽하세요,6
FM 국밥 ㅅㅅ,6
모지롱,6
잠만,6
위엔데?,6
슈카 금괴 1톤 ㄷㄷ,1
노파울이지 당연히 ㅋㅋㅋㅋ,6
아.. ㅠㅠ 고민스.. 돈.. ㅠㅠ,5
이거 골취소일듯,6
좋다 ㅋㅋㅋ,6
아오 홍명보야 이게 축구냐? 진짜 접어라 정몽규 개새야 넌 현대아웃이다,4
원화유출,6
하.. 이게 뭐라고 ㅠㅠ,5
니~~~뽓,6
멋지게 넣었네,6
또속 ㄱㄱ,6
그러게요 단타대회네요.. 뭐 와,1
아니 공격수 왜 한명만 넣었냐고 ㅋㅋㅋㅋㅋㅋㅋㅋㅋㅋㅋㅋㅋㅋㅋㅋㅋㅋㅋㅋ,2
뭉탱교,6
아 좀 심한거 나오겠네,4
{:d_60:}{:d_60:}{:d_60:}{:d_60:}{:d_60:}{:d_60:},6
저거 코인판에서 하면 몇배로 먹었겠다,6
드개재ㅐㅐㅐㅐㅐㅐㅐㅐㅐㅐㅐㅐㅐㅐㅐ,0
이게 지진이 아니면 뭐야,6
1000억카 ㄷㄷㄷㄷㄷㄷㄷㄷㄷ,1
멘탈털리고,3
{:d_57:},0
진짜 개몬하넼ㅋㅋㅋㅋㅋㅋㅋㅋㅋㅋ,4
트름 ㄷㄷ,1
전형적인 하락장ㅜ,6
루——————————-,6
eh도란님?,6
ㅇ우,6
조현우면 막았다,6
자 드가자~~~~~~~~~~~~~~,6
양쪽 칠번 차이 오지노 ㄷㄷ,1
휙휙휙,6
개미쳤다,1
미쳤다,1
너무해,3
명보차이,4
그만빠져라 ㅠㅠ,3
헉헉,1
히힉...,5
가면 써주고~,6
ㅈㄴ무섭네,5
ㄷㄷㄷㄷ,1
티원 다운 ㅋㅋㅋㅋㅋㅋㅋㅋㅋㅋ,2
{:wc_42:}{:wc_42:}{:wc_42:},6
그렇게 대주주가 됨,6
순한애가 이렇게 물어요?????????????????,6
ㅠㅠㅠㅠㅠ,3
딱?,6
국장은 단타가 답이다,6
지뇨 삼촌,6
시발터졌냐,4
니들은 그냥 져라 ㅋㅋ,2
와 드간거지,1
대ㅡㅡㅡㅡ박,6
화면은 왜이래 버그아녀?,6
보노보노 가야지,6
너무해,3
와우 대박이노,0
이게 못 이길 게임이 아닌데 하,3
ㅋㅋㅋㅋㅋㅋㅋㅋㅋㅋㅋㅋㅋㅋㅋㅋㅋㅋㅋㅋㅋㅋㅋㅋㅋㅋㅋㅋㅋㅋㅋㅋㅋㅋㅋ,0
망함,5
그냥 너무 답답해,2
오옹 나이스,0
골키퍼 뭐하는 놈이냐,2
각 ㅗㅜㅑ,6
겜졌어,6
3ㄷㄷㄷㄷㄷ,1
수비 ㅅㅂ ㅋㅋㅋㅋㅋ,1
일본 쌀숭이,6
채팅제거 시바롬들아 그만해라 좀,2
연예인이여,6
노!!!,6
정몽규 화면 나오자마자!!,6
ㄴㅋㅋㄱㅋㄱ,0
32강탈락{:d_121:}{:d_121:}{:d_121:}{:d_121:},6
분봉을 주름을 펴서 먹는다? 와우,6
내일이 역사적일듯,6
쳐 안뛰나 한궈놈들,2
아오;;;;;;;;;;;;;,2
아까 삼성전자 컨콜 할때 양봉이였음,6
싸워.,6
레버리지로 발라먹기 ㄷㄷ,6
시발 너무해,3
제대로 걸리면 그냥 골되겠네,6
지고있네 ㅠㅠ,3
듣나보네,6
30분 시작,6
헉헉헉,1
이대로만 가자,6
인버스 고점 넘길려고 계속 도전하네,6
편ㅡ안,6
해설이라고 하냐,4
오이,0
전술도없고,6
얼마나 잃고싶은지 감도안옴 ㅋㅋㅋ,0
나빠자ㅠㅠ,3
또속냐 ㅋㅋㅋ,6
개뽀록골ㅋㅋㅋㅋㅋ,1
또떨어지네,6
몽규다시넣어리,6
명보 나가 죽어,4
아우ㅜㅜㅜㅜㅜ,3
노르웨이 일베다 쳐내,2
정몽규회장시발,4
슈카님 하닉270까진 언제올까요? ㅠㅜㅜㅜㅜㅜㅜㅜㅜ,5
밴하잖아욧!!!,2
오 ㅏㅅㅂ,1
골골골,6
zzzzzzzzzzzzzzzzzzzzzzz,0
삼계탕을,6
엔화 겁나 싸지긴 했던데ㅐ,6
차트보면 사고 싶지 않음..,4
ㅈㄴ웃기네 ㅋㅋ,0
ㅂㄱㅋㅋㅋㅋㅋㅋㅋ,0
{:harioneHuck:} 데뷔골,6
괴물도 함주노는 싫대,6
지금 사는 호구 없겠지,6
용은 잘먹었는데,6
오늘 주심 굳{:d_108:}{:d_108:}{:d_108:}{:d_108:}{:d_108:}{:d_108:}{:d_108:},6
ㅋㅋㅋㅋ병신 명보야 ~,4
너무 작으면 이성으로 안느껴지ㅏㅁ,6
접자..,3
저게 뭔데?,6
으흠,6
와 차트 꼬라지 보소,2
기괴하다,4
모찌론 모찌론,6
바병도 해주시면 봐드릴게요,6
ㅅㅅㅅㅅㅅㅅㅅㅅㅅㅅㅅㅅㅅㅅㅅㅅㅅㅅ,0
꼽쌤 그냥,4
{:yunzinChr:}{:yunzinChr:}{:yunzinChr:}{:yunzinChr:},6
모찌룽,6
스트레스 받게하네 진짜,2
진짜 역대급이네,1
lg이노텍은 거의 코스닥 바이오주임,6
답답한데 기성용 투입 ㄱㄱ,6
니니 어디감,6
아오 꼽샘,4
찝찌배,5
?ㅋㅋㅋㅋㅋㅋㅋㅋ,0
으ㅏㅏㅏㅏㅏㅏㅏㅏㅏㅏㅏㅏㅏㅏㅏㅏㅏㅏㅏㅏㅏ,3
징그럽다 차트가,4
니니님이 물었따는데요!?! 앙하고 물엇다는거같은데요!?!?!,6
남고냄새나용 ㅠㅠ,3
ㄷ재표님 ㅋㅋㅋㅋ,0
시발 존나무섭네 ㅋㅋㅋㅋㅋㅋㅋ,5
룩삼 야 호~,6
시발 홍명보,4
ㅁㅊ;,1
홍명보가 홍명보했다,4
태초마을 ㅊㅊㅊㅊㅊ,6
나이스 졋다 ㅋㅋㅋㅋㅋㅋㅋㅋㅋㅋㅋㅋㅋㅋㅋㅋㅋㅋㅋㅋㅋㅋㅋㅋㅋㅋㅋㅋㅋㅋㅋㅋㅋㅋㅋㅋㅋㅋㅋㅋㅋㅋㅋㅋㅋ,2
왜 화나셨지,6
뭐 샀는지 빨리 말해라 5초 준다,6
와우 대박이노,0
개쳐나이스,0
저런,3
진짜 코인 광기였을 때 같네 ㅋㅋ,1
여긴 나도무섭던데,5
형.. 오늘은 진짜 힘들다,3
노르웨이 일베다 쳐내,2
행님 코몬,6
다큰낙타,6
그럴줄 알았다 제발 나가~~ 홍명보,4
전 전생에 물고기였나봐요 .. 파닥 파닥 ㅜㅜ,3
케인아 일나라,6
힘들었다구여ㅠ,3
아 뭔 반칙 제발 얼탱이가 없네 진짜,6
ㅅㅅㅅㅅㅅㅅㅅㅅㅅㅅㅅㅅㅅㅅㅅㅅㅅㅅㅅㅅㅅㅅㅅㅅㅅㅅㅅㅅㅅㅅㅅㅅㅅㅅㅅㅅㅅㅅㅅㅅㅅㅅㅅㅅㅅㅅㅅㅅ55ㅅㅅㅅㅅㅅㅅㅅ55ㅅㅅ5ㅅㅅㅅㅅㅅㅅㅅㅅㅅㅅㅅㅅㅅㅅㅅㅅㅅㅅㅅㅅㅅㅅㅅㅅㅅㅅㅅㅅㅅㅅㅅㅅㅅㅅㅅㅅㅅ,0
흑흑,3
훈수 밴 ㅎㅎ,6
노원딜 vs. 2원딜,6
라짜,6
거냐..?,6
ㅅㅅㅅㅅㅅㅅㅅㅅㅅㅅㅅㅅㅅㅅㅅㅅㅅㅅㅅㅅㅅㅅㅅㅅㅅㅅㅅㅅㅅㅅㅅㅅㅅㅅㅅㅅㅅㅅㅅㅅㅅㅅㅅㅅㅅㅅㅅㅅ55ㅅㅅㅅㅅㅅㅅㅅ55ㅅㅅ5ㅅㅅㅅㅅㅅㅅㅅㅅㅅㅅㅅㅅㅅㅅㅅㅅㅅㅅㅅㅅㅅㅅㅅㅅㅅㅅㅅㅅㅅㅅㅅㅅㅅㅅㅅㅅㅅ,0
똥칸에 숨어야 되나 보네,6
돈복사인데?,6
"뮤카님,시비거는 사람들 상대하지 마세요",6
/이게팀이야???,1
키차이보소,6
근데 홍명보 아니면 그렇게 감독이 없었냐?,6
리센느 예전에 들어볼래 나왔던 사람들 맞음 ?,6
차트가 말을 걸어와..,5
헐 포ㅛ정,6
일끝나고 먹방중,6
카에데 성공했,6
와 개멋지넹,1
윤상~,6
아가들이네,6
먹는걸로 갈구는 건 너무하네. 먹고 살아야지...!!!먹는걸로 갈구는 건 너무하네. 먹고 살아야지...!!!먹는걸로 갈구는 건 너무하네. 먹고 살아야지...!!!먹는걸로 갈구는 건 너무하네. 먹고 살아야지...!!!,6
유튜브가 크지,6
3전3패,6
이강인 손흥민을 전혀 못씀 홍명보 ㅋㅋㅋㅋ 뻥축구,4
ㅋㅋㅋㅋㅋㅋㅋㅋㅋㅋㅋㅋㅋㅋㅋㅋㅋㅋㅋㅋ,0
라이터 챙길껄!!!!!,6
토론회 보다가 도저히 못보겠어서 왔습니다 ㅋㅋㅋ어휴,4
아니 공격수 왜 한명만 넣었냐고 ㅋㅋㅋㅋㅋㅋㅋㅋㅋㅋㅋㅋㅋㅋㅋㅋㅋㅋㅋㅋ,2
늑으흥,6
mmn,6
ㅋㅋㅋㅋㅋㅋㅋㅋㅋㅋㅋㅋㅋㅋㅋㅋㅋㅌㅌㅋㅋㅋ,0
흔한일이야,6
힘빠진다 ㅠㅜ 으에에에,3
왜 매수핸티나만 해주노???,6
들어가면 누구나 물리는 장ㅠ,3
좀 무서운데,5
재난 상황 홍수,6
가만히 있으면 이긴다,6
제발ㅜㅜㅜㅜㅜㅜㅜ,3
오ㅓㅏㅏㅏㅏㅏㅏㅏㅏㅏㅏㅏㅏㅏㅏㅏ,0
본주도 만만치 않음,6
묭규 나가~몽규나가,4
밴유도 나빠다 ㅠㅠㅠ,3
존나 개웃기네 ㅋㅋ,0
지려따!!!!,0
와 무섭,5
부농사린마,6
삼성전기봐주세요ㅠㅠㅠㅠㅠㅠㅠㅠ,3
환불 ㅠ,3
ㅋㅋㅋㅋㅋㅋㅋㅋㅋㅋㅋㅋㅋㅋㅋㅋㅋㅋㅋㅋㅋㅋㅋㅋㅋㅋㅋㅋㅋㅋㅋㅋㅋㅋㅋㅋ 개무섭네,5
뭉과같이,6
조금만 들어가 봐요...................테스트,6
하.............,5
일본인 호소인,6
ㅋㅋㅋㅌㅋㅋ,6
ggggggggggggg,6
무러!!!,6
비상!!,5
구경하냐,4
삼성전기 난리났어 ㅜ,3
살려줘 ~~~~~~~~~,5
멧챠난카 ㅋㅋㅋ,6
엌ㅋㅋㅋㅋㅋㅋㅋㅋㅋ,0
닉스가 밉다,3
이 황금기를 이렇게 날리네,6
슈카님 하닉270까진 언제올까요? ㅠㅜㅜㅜㅜㅜㅜㅜㅜ,5
ㅌㅌㅌㅋㅌㅌㅌㅌㅌㅌㅌㅋㅌㅌㅋㅋㅋ,0
보기싫어 ㅠ,3
먹힐줄알았다,6
몽규 명보 데단하다,6
구경하냐,4
/자동문,6
이게 뭐가 과감한거임?,6
와 예쁘네,6
아니 기회가 얼마나 많았는데 {:d_58:}{:d_58:}{:d_58:}{:d_58:}{:d_58:}{:d_58:},2
저각도에서?,1
그래도 사람이 살아야지 과자 먹는걸로...,6
양봉 에만 안사도 절반은 간다. 속지마라,6
/저속모드/저속모드/저속모드/저속모드/저속모드/저속모드/저속모드/저속모드/저속모드/저속모드/저속모드/저속모드/저속모드/저속모드/저속모드/저속모드/저속모드/저속모드/저속모드/저,6
마이크 안쓰네,6
인터뷰만 하고 매수는 안한,6
결론은 수련회메타네 ㄷㄷ,1
존나 웃기네,0
일어나 엄살 그만쳐부리고 ㅋㅋㅋㅋㅋㅋㅋㅋㅋㅋㅋㅋㅋㅋㅋㅋㅋㅋㅋㅋㅋㅋㅋㅋㅋㅋㅋㅋㅋㅋㅋㅋㅋㅋㅋㅋㅋㅋㅋㅋㅋㅋㅋㅋㅋㅋㅋㅋㅋㅋㅋㅋㅋㅋㅋㅋㅋㅋㅋㅋㅋㅋㅋㅋㅋㅋㅋㅋㅋㅋㅋㅋㅋ,6
원래 이런 방인가욤 ㅠㅠ,5
우리도 피곤해요 ㅠㅠ,3
임종전입니다 ㅠㅠ,3
역겹다 저 여자 심장 아니야..,4
으악 ㅅㅂ,4
비참하다 비참해 ㅋㅋㅋㅋㅋㅋ,6
우서?,6
사밯ㄹ,1
파울이네,6
190을 좋아하는게 장신페티쉬인가,6
{:koKogun:}{:d_126:}{:koKogun:}{:d_126:}{:koKogun:}{:d_126:},6
진짜 할말이 없음~!! 개열받,6
노골,6
내가 먼저 좋아햇는데,6
무,6
저게 반칙이면 에겐스포츠지,6
지치게하네,6
'노'골이노 ㅋㅋㅋㅋㅋㅋㅋㅋㅋ\,6
우리 엄청못하나보네,6
아쉽긴 하다,3
시우ㅜㄴ하노,6
가무사함니다,6
시간이 애매하네요ㅠㅠㅠ,3
어디 동네?,6
ㅋㅋㅋㅋㅋㅋㅋㅋㅋㅋㅋㅋㅋㅋㅋㅋㅋㅋㅋㅋㅋㅋㅋㅋㅋㅋㅋㅋㅋㅋㅋㅋㅋㅋㅋㅋㅋㅋㅋㅋㅋㅋㅋㅋㅋㅋㅋㅋㅋㅋㅋㅋㅋㅋㅋㅋㅋㅋㅋㅋㅋㅋㅋㅋㅋㅋㅋㅋㅋㅋㅋㅋㅋㅋㅋㅋㅋㅋㅋㅋㅋㅋㅋㅋㅋㅋㅋㅋㅋㅋㅋㅋㅋㅋㅋㅋ..,0
돈삭제하는법,6
ㅅㅂㅋㅋㅋㅋㅋ,1
진짜 제발,5
체코 5명 대한민국 10명 체코 골 ㅋㅋㅋㅋㅋㅋㅋㅋㅋㅋㅋㅋㅋㅋㅋㅋㅋㅋㅋㅋㅋㅋㅋㅋㅋㅋㅋㅋㅋㅋㅋㅋㅋㅋㅋㅋㅋㅋㅋㅋㅋㅋㅋㅋㅋ,6
방음부스요,6
꼼깸 쳐내,4
다 태초로 가는구나~~~~~,6
에그타이머 써봐,6
트림,6
엥?????,6
삼성 왜이레 ㅠㅠㅠㅠ,3
정복당했다,6
오늘도 조졌다리,5
어지럽다,2
와!!!!,0
왜 이렇게까지 밀어재끼는거야,1
카밀 위치 개무섭다 진짜 ㅋㅋㅋㅋㅋㅋㅋㅋㅋㅋㅋㅋ,5
찝찌배,5
노르웨이 잘하네 ㄷㄷ,1
이런 애들이 현실에서 정상인인척하는거냐? ㅌㅌㅌㅌㅌㅋㅋㅋㅋㅋㅋㅋㅋㅋㅋ,4
외인들이 잘파네,6
ㅋㅋㅋㅋㅋㅋㅋㅋ,0
야 거기 있는 거 다 안다 나와라,6
대한민국 제거,4
아 이거 똥싸다끊은거같이 ㅋㅋ,4
아 즌나 우울하다..,3
여자는 안돼요 ㅎㅎ,6
이걸 탑승 안 한다고?,6
너무했썩,3
마빡이,6
옛날엔 삼쪽이가 고통주더니 이제 하쪽이가 나타났네,6
갑자기 왜 빠져ㅠㅠ,6
명봉야 나가라,4
매짜꾸짜 ㅋㅋㅋㄱ,6
여자는 무서워 ㅠㅠ,5
진짜 개몬한다,4
뭐하는데 시바,4
구려요,6
메차쿠차? ㅋㅋ,6
아쉽긴 하다,3
와 이게 머야,1
반도체 억까 개심하긴하지?,2
골 취 ㅅㅅㅅㅅ,0
삼전기도 레버 하나 만들어줘,6
ㅁㅊ ㅋㅋㅋㅋㅋㅋㅋㅋㅋㅋ,0
이거뭐냐,6
명보야 나가 그냥,4
라이터 개입 = 사형,6
찝찝하다,5
게이님,6
삼성전기 말이 되나요?? ㅠㅠ ㄷㄷㄷㄷㄷ,3
비상~,6
세 스,0
남은3개 쿠팡으로 시키죠,6
차트보면 사고 싶지 않음..,4
라이ㅋ 미 라잌미,6
주성 분기실적 14억;,6
합체햇다,6
살벌하다 sk ee,5
개쳐나이스,0
미장 마이크론도 장난 아님 600대 갈듯,6
마크를 왜 안해,2
개미투심 박살났어....ㅠ,3
뒤로 돌리기 지긋지긋하다 ㅋㅋㅋㅋㅋㅋㅋㅋㅋㅋㅋㅋㅋㅋㅋㅋㅋㅋㅋㅋㅋ,2
자리 말도 안되는데 좀 무서운 자리기도함 ㅜㅜ...,5
{:lck_28:}{:lck_28:}{:lck_28:}{:lck_28:}{:lck_28:},6
여자는 무서워 ㅠㅠ,5
삼성전기 살려주세요ㅜㅜ,5
몽규 잡히자마자 ㅣ발,2
왜 박는거야 직슨데,2
가둬놓고는 왜 안패냐고,2
노르웨이 선제골 ㅅㅅㅅㅅ,0
뭉서워요 ㄷㄷㄷ,5
adr까지 기가막히죠.. 가는거야,6
ㅋㅋㅋ 주식 쉬어요,6
제발 넣어라,6
아뇨 안안녕해요,6
윤상 ㅋㅋ,6
졋네,3
지금이니,6
존나 재미있어,0
구경하냐,4
이게 대한민국이다,6
진짜 이승우를 왜 안데리고 가는건지..,4
무능정권에 슈카를 정챡실장으로 알상무를 금융위원장으로,6
에휴,3
결과론적이군요..,6
도대체 어디까지 내려가요 ..ㅠ,3
벽 사이에서 짖는 치와와 같으세요,6
ㅎㅎ,6
일본 애니에도 나오는데 뭐,6
자리 말도 안되는데 좀 무서운 자리기도함 ㅜㅜ...,5
이거 볼게 아니라 잠실로 와라,6
삼성전기 명망했어요,6
니들은 그냥 져라 ㅋㅋ,2
명보나가햄나가,4
"백승호 안돼.  항상 보고 있지만,,,,",6
볼.뒤로.돌릴때부터 불안하더니.ㅋㅋㅋ,5
단타를 어케 .. 와.. 못해 ㅠㅠ,5
맹보 ㅋㅋㅋㅋㅋㅋㅋㅋㅋㅋㅋ,4
ㅋㅋㅋㅋㅋㅋㅋㅋㅋㅋㅋㅋㅋㅋㅋㅋㅋㅋㅋㅋㅋㅋㅋㅋㅋㅋㅋㅋㅋㅋㅋㅋㅋㅋㅋㅋ 개무섭네,5
/초고화질 모드,6
졸라 몬하네 ㅋㅋㅋ,4
홍명보 ㅠ.ㅠ,4
고롤ㄹㄹㄹㄹㄹㄹㄹㄹ,6
ㅋㅋㅋㅋ병신 명보야 ~,4
광고!,6
감독 오열중 ㅋㅋ,6
뭐가온다,5
니들은 그냥 져라 ㅋㅋ,2
이게 전술이야?,6
해설이라고 하냐,4
밴유도 조심,5
제단,6
태~~~원~~~,6
수제네,6
듣네,6
맞아?,1
ㄷ재표님 ㅋㅋㅋㅋ,0
티~~~원,6
사치코 나오나,6
여자를 처리하는 나 ㄷㄷ,1
할아버지는 인졍,6
신기한거엿어?,6
우왕 나 러브어택좋아행,6
3전패 탈락!!!!! 해라,2
또 ?,6
와!!!!,0
오늘 일정잇으시다면서요??,6
오늘키옥시아 난리남,6
장난하나,6
비사아아앙~~~~,6
진격의거인,6
우물쭈물하다가 기회를 놓치는 한구,6
저런,3
와 ㅅㅅㅅㅅㅅㅅㅅㅅㅅㅅㅅㅅㅅㅅㅅㅅㅅㅅㅅㅅㅅㅅㅅ,0
뭔가있다,6
디스코도,6
살려주세여,3
니들 뭐했냐 한달간?,6
살려줘 ~~~~~~~~~,5
크로스가 안올라간거 자체가 변칙이다 진짜... 대단하다,1
치트엔진,6
개무섭네,5
ㅋㅋㅋㅋ병신 명보야 ~,4
{:d_138:}{:d_138:}{:d_138:}{:d_138:},6
진짜 일본인이야?,6
영도 타임,6
딱코,6
미래에셋증권 봐주세요,6
{:wc_3:}{:wc_3:}{:wc_3:}{:wc_3:}{:wc_3:}{:wc_3:}{:wc_3:}{:wc_3:},6
던져,6
아 진짜 사이클인지 뭔지....얼마나 오래 견뎌야 되는거예요...?,6
이런거 첨보네 ㅋㅋㅋㅋㅋㅋㅋㅋㅋㅋㅋ,0
개못하네,2
시조 거인 ㅋㅋㅋㅋㅋㅋ 에렌 각성함,6
일베 무새들 쳐내라 좀... 챗창 관리 안함?,2
아우.. ㅠㅠ 난 단타 못한다 ㅠㅠ 하지말자 ㅠㅠ,3
일어나라,6
ㅈㄴ답답네,2
찹츄찹찹찹츄 찹츄,6
조심해!!!!,5
지구 숏,6
단타 말고 물타기,6
제발좀 ㅠㅠㅠㅠㅠㅠㅠ댜겅냄나내0ㅐㅌ,3
ㄷㄱㅈ,6
기업세임?,6
ㅈ되긴하네,1
이걸 어케 참아,6
레버 내일부터야,6
차트보면 사고 싶지 않음..,4
ㅅㅅㅅㅅㅅㅅㅅㅅㅅㅅㅅㅅㅅㅅㅅㅅㅅㅅㅅㅅㅅㅅㅅㅅㅅ,0
"외인 ,기관만 장난 안치면 갈수 있다고 ㅠㅠㅠ",3
오너 에반데,6
수직절벽은 뭐냐..,6
1억 넘게 잃었어도 우리 위해서 방송해주는 거 아니야,6
안돼!,1
못오내 ㅋㅋㅋ,6
진짜 다시하시네ㅠ,3
짜증나,2
어어 빠진다,5
진짜 손흥민 개거품이네,6
비자?,6
차트가 산넘어 산이다 ㅜㅜ,3
스트레스 받게하네 진짜,2
그냥 코스닥넣고 프로그램으로 먹는 중,6
이게뭐임,6
야이씨 ㅋㄱㄱ슈카 ㅋㅋ,6
조졎죵,5
너무 막 들어가..ㅠ,3
하이닉스는 괜찮어 삼성전기를 보라고,6
ㅅㅅㅅㅅㅅㅅㅅㅅㅅㅅㅅㅅㅅㅅㅅㅅㅅㅅㅅㅅㅅㅅ,0
뭔가 온다,5
매혹 건다,6
환불 ㅠ,3
개븅신들,2
삼전 찔끔올랐다가 되돌아오고 올려다가 되돌아오고,6
눈 없썩?,6
아 이게 뭐냐 진짜,3
머하나 ㅋㅋㅋ,0
ㄴ ㅔ 에,6
표정ㅋㅋㅋㅋㅋㅋㅋㅋㅋㅋㅋㅋㅋㅋㅋㅋ,0
못참겟찌!?,6
진짜 개빡,2
어어ㅓㅓ,1
몰래 먹었냐?,2
자리 좋았는데 뭐해,6
버그 ㄷㄷ,1
사무계탕,6
완전 롤코...,6
엥,1
체키 체키 체코 업,6
우와 좋다,0
젠지 치면. 채금 ㄹㅈㄷ네 ㅋㅋ,6
var 봐야할듯,6
코글코글,6
버그야 머야,6
하나도 못뚫고 시발 뒤로만 보내고,4
헤이헤이,6
대 먼 닉,6
삼성전기 살려주세요,5
밴유도 조심,5
교체좀해라 제발,2
아이고 붕어야ㅠㅠㅠㅠ사면 안된다고,6
오늘 또 장중에 레버리지 엄청들 사는거 같던데,6
진짜 ㅈㄴ못한다,4
개븅신들 하,3
지겟는데,5
지금 점점 빠지고 있음,6
홍명보 경질,4
엄지윤 슈우우우웃,6
초소 근무 하세요???,6
개못한다개못한다개못한다개못한다개못한다개못한다개못한다개못한다개못한다개못한다개못한다개못한다개못한다개못한다개못한다개못한다,4
이거라이브맞나요?,6
교체해 이제,6
환불 ㅠ,3
정몽규 홍명보 나가,4
엔화 오른이유가..,6
ㅋㅋㅋㅋㅋㅋ명보한테 뭘바라노,4
정몽규 얼굴 보이자 마자 들가네 ㅡㅡ,4
이게 피파도 아니고 스로인 헤딩 ㅋㅋㅋㅋㅋㅋㅋㅋ,6
명보형 제발 그만해줘 제발,5
손흥민 쳐나가라 ㅋㅋ,4
보노보노써야지,6
형 어제 어닝콜 안봐서 그래,6
다라이ㅋㅋㅋㅋㅋ,6
ㅋㅋㅋㅋㅋㅋㅋㅋㅋㅋㅋㅋㅋㅌㅌㅋㅌㅌㅌㅌㅌㅋㅋㅋㅋㅋㅋㅋㅋ,0
여자는 무서워 ㅠㅠ,5
아니 왜 자꾸 소리를 내는거지?,4
똥칸 개무적이네 ㅋㅋㅋㅋㅋㅋㅋㅋㅋㅋ,0
똥칸 개사기네 ㅋㅋ,0
ㅋㅋㅋㅋㅋㅋㅋㅋㅋㅋㅋㅋㅋㅌㅌㅋㅌㅌㅌㅌㅌㅋㅋㅋㅋㅋㅋㅋㅋ,0
삼전어뜩해,5
1사로 나 급한데 빨리 나와라,6
지금 담으면 안되겠지요?,6
끝까지 괴롭히네 ㅋㅋㅋㅋㅋㅋ,0
시발ㅋㅋㅋㅋㅋㅋㅋㅋㅋㅋㅋㅋㅋㅋ,0
역시 홍명보 ㅋㅋㅋㅋㅋㅋㅋㅋㅋㅋㅋㅋㅋㅋㅋㅋㅋㅋㅋㅋㅋㅋㅋㅋㅋㅋㅋㅋㅋㅋㅋㅋㅋㅋㅋㅋ,4
물타기 ㄱ,6
이게 축구야!!!!!!!,6
처녀귀신임?,6
골 인정 ㅅㅅㅅㅅㅅㅅㅅㅅㅅㅅㅅㅅㅅㅅㅅㅅㅅㅅㅅㅅㅅㅅㅅㅅㅅㅅㅅㅅㅅㅅㅅㅅㅅㅅㅅㅅㅅㅅㅅㅅㅅㅅㅅㅅㅅㅅㅅㅅㅅㅅㅅㅅㅅㅅㅅㅅㅅㅅㅅㅅㅅㅅㅅㅅㅅㅅㅅㅅㅅㅅㅅㅅㅅㅅㅅㅅㅅㅅㅅㅅㅅㅅ,0
ㄷㄷㄷ 엇박나면 바로 한강각인데,1
다 파악했으니 스런해용,6
너무했썩,3
04원이 ㄷㄷ,6
보지도 않는 챙팅 치지마보지도 않는 챙팅 치지마보지도 않는 챙팅 치지마,6
180일 선은. 간다 삼전,6
ㄹㅇ ㅋㅋㅋ,6
500층 기차 가즈아ㅏㅏㅏ,6
코스닥은 대체 언제 올라가나요 ㄷㄷㄷㄷㄷ,6
찝,5
소리 쪼꼼만 더 올려주세요,6
XX살을 가져간 나,6
위에서 아래 보네 ㄷㄷ,1
거지 족음공포,6
공업용 채팅모드,6
저건뭐냐 그랜드켕니언인가,6
살려주세요,5
홍명보 제거,2
그럼 유튜브에 올려봐라 ㅇㅇ,6
{:lck_16:}{:lck_15:}{:lck_16:}{:lck_15:}{:lck_16:}{:lck_15:}{:lck_16:}{:lck_15:}{:lck_16:}{:lck_15:},6
더 이상 볼거 없다... 잠실 올림픽경기장으로 가자,6
힝..,3
먼닉님 카에데상이 ㅠㅠㅠㅠㅠㅠㅠㅠㅠ,3
배당금 배당금 배당금 배당금 배당금 배당금 배당금 배당금,6
무섭노무,5
리센느 야홍,6
광배 좋지 음음,6
찌가 계속 현혹하네 ㅜㅜ,3
ㄱㅋㅋㅋㅋㅋㅋㅋㅋㅋㅋㅋㅋㅋㅋㅋㅋㅋ,0
왜 박는거야 직슨데,2
슈카님 표정이라도 밝게해주세요 안그래도 무서운데 더무서워져요 ㅠㅠ,5
고우기네,6
지금이니!!!!!,6
소리 개빡,6
세트피스는 저쪽이 더 잘 준비했네 ㅋㅋㅋ,2
매수 안한거자나 ㅋㅋㅋㅋㅋㅋㅋㅋㅋ,6
하닉 분봉 ㄱㄱ,6
도란 종신,6
도란 ㅋㅋ,2
"(속보) 홍명보 전감독, 귀국행 대신 중국행",6
안돼!,1
벨링엄 비상!!!!!,6
현실은 다르다는거,6
너무했썩,3
와 차트 꼬라지 보소,2
이건 파울 아닌거 같은데,6
어떻게 달려오는애를 아무도 마크를 안하냐,2
살려주세요~~~~~~~~~~~~,5
뛰어,6
뭐요? ㅋㅋㅋㅋㅋㅋㅋ,0
교체도안하고 대체 뭔생각이냐? 집중력다떨어져있는거보이지도않나,2
체코 화이팅!!!!!!!,6
노래ㄱㄱ,6
200까지 치고 바로 또 물어뜯으려나,6
정몽규보여주자마자 골쳐먹혔네 에휴 짐싸라 그냥,4
형 웃겨? 형 웃겨? 형 웃겨? 형 웃겨? 형 웃겨? 형 웃겨?,2
ㅂㅅ년들,4
브이엠도 봐주십숑.....ㅠ,5
다 놓치네...,3
삼성전기 시총 순위가 ㅜㅜㅜ,3
노르웨이 우승,6
대박이다 정말 ㅋㅋ,6
어...,1
잘됬군 홍명보 내려와라,6
와 무섭,5
낀거아냐?,6
지금이다,6
ddd,6
레버러지 조작 방송 같음.. 고마하셈..,6
1세트 지지야,6
원래 장초에 올렸가가 비싸게 파는거임,6
소리 못 듣냐 점마 ㅋㅋ,6
개미들 겁나 팔아재낌..또 외인이...,2
그럼 바로 밴이잖아요 ㅠㅠ,5
하핫,6
왜 니친구야,6
아 용만 안뻇겻어도 ㅅㅂ..,6
슈황 시작하고나서 맨날 떨어지는거같은데...,5
이런 애들이 현실에서 정상인인척하는거냐? ㅌㅌㅌㅌㅌㅋㅋㅋㅋㅋㅋㅋㅋㅋㅋ,4
이딴게 시총2위라고??,6
아노...,6
그냥 너무 답답해,2
비응신ㅁ들,4
명보야 이래도 3백이야!!!,2
불만 문의하세요 ㅎㅎ,6
공물용 작은 접시래요.,6
???????????????????????????????????????????????????????????????????????????,1
걍 간다,6
머해~~,6
ㅎ2,6
중소..,6
왜구일정이 우글우글~,6
나이스 졋다 ㅋㅋㅋㅋㅋㅋㅋㅋㅋㅋㅋㅋㅋㅋㅋㅋㅋㅋㅋㅋㅋㅋㅋㅋㅋㅋㅋㅋㅋㅋㅋㅋㅋㅋㅋㅋㅋㅋㅋㅋㅋㅋㅋㅋㅋ,2
호다닥,6
스트레스 받게하네 진짜,2
태초로돌아가자,6
떠났 썩,6
일본인이 직업이냐고 ㅋㅋ,6
이야 골 예술이노,1
멍하니 처보고있노 ㅋㅋㅋㅋㅋㅋㅋㅋㅋㅋㅋㅋㅋㅋㅋㅋㅋㅋㅋㅋㅋㅋㅋㅋㅋㅋㅋㅋ,0
호신용의자 ㄷㄷ,1
피피티가 굉장히 올드하네,6
헐리웃    케인,6
체코승리@@@@@@체코승리@@@@@@체코승리@@@@@@체코승리@@@@@@체코승리@@@@@@,6
이제홀란차례,6
오프사이드입니다,6
노르웨이 우승!!!,0
2주 안에 전고점 다 회복함 개 장난질 이라,6
도배하지마 짱ㄲ들아,2
소리가 여러번 들립니다,6
ㅋㄱㄱㅋㄱㄱㄱㄱㄲㄱㄱ,0
탈모빔 ㅈ된다,6
맹보야  보고있냐????,2
조현우는 막음,6
역배팅 헷는데 이걸!!!!,2
중앙에 시뻘건거 뭐임,6
잘가라 땅명보 잘가라 ㅈ몽규,4
이러면 잉글랜드 피곤해지는거야,6
뻥글 헐리웃좀 그만해라,6
뭉서워요 ㅠㅠ,5
쳐다만보냐,2
코인은 안전자산이다,6
그럴만두,6
리산드로는 진짜 발 밟히기라도 햇지 이게 뭔 취소야,6
"아시발 까,ㅁ짝이야 ㅋㅋㅋㅋㅋㅋㅋㅋ",1
노르웨이 대박 ㅋㅋㅋㅋㅋㅋㅋ,6
머야 오늘 슈카월드 하는 날이냐,6
저거 불용 이엿으면 클 날뻔,6
염색 해드릴게용ㅎㅎ,6
케인 공중 무릎 꿇기 뭐고,6
수퍼스따 윤가상!,6
살걸...,3
오늘  힘들것   골  찬스  뭐냐,6
ㅠㅠㅠㅠㅠㅠㅠㅠㅠㅠㅠㅠㅠ,3
뭐하는데 시바,4
와 개간지,1
위에서 아래 보네 ㄷㄷ,1
진짜 ㅈㄴ 못하네,2
국장은 답이없다,2
진지잡쉈냐,6
엔 파격할인중,6
아니 고딩들도있네,6
배꼽은 솔직히 메인인데 억까 뭐지,6
애니비아나 쳐물지,2
{:lck_2:}{:lck_2:}{:lck_2:}{:lck_2:}{:lck_2:}{:lck_2:}{:d_47:}{:d_47:}{:d_47:}{:d_47:},6
이번에는 시각인가?,6
그린라이트,6
!!!!!!!!!댕신은 원금 날린 거 아니잔ㄹ아욧~!!!!!!!!!,6
최태원 학폭 터졋네요 ㅠㅠ,6
오 노래잘함.ㅋㅋㅋㅋㅋㅋㅋㅋㅋㅋㅋㅋㅋ,1
불안한데.. 구름대 머리 맞고 내려왔는데,5
하이브도 들어갈 만한 자리이긴 한데,6
와 ㅋㅋㅋㅋㅋㅋㅋㅋㅋㅋㅋㅋㅋㅋㅋㅋㅋㅋㅋㅋㅋㅋㅋㅋㅋㅋㅋㅋㅋㅋㅋㅋㅋㅋㅋㅋㅋㅋㅋㅋㅋㅋㅋㅋㅋㅋㅋㅋㅋㅋㅋㅋㅋㅋㅋㅋㅋㅋㅋㅋㅋㅋㅋㅋㅋㅋㅋㅋㅋㅋㅋ,1
ㅋㅋㅋㅋㅋㅋㅋㅋㅋㅋㅋㅋㅋㅋㅋㅋㅋㅋㅋ,0
ㅠㅠㅠㅠㅠㅠㅠㅠㅠㅠㅠㅠㅠ,3
섹스섹스,0
사면 장대음봉 나옴ㅋㅋㅋ,6
만삼천되는 분들 일안하고 보고있음?,6
여자는 무서워 ㅠㅠ,5
국장은 답이없다,2
코스피 대표는 왜 사과안하나요?????,6
😅😅😅😀😀😄😄🤣🤣,6
"삼전 23, 하닉 120",6
환율살려,5
와리가리 ㅋㅋㅋㅋ,0
얏따~,6
거의 똑같네,6
윤상이?,6
바로 앞이다 ㅋㅋㅋㅋㅋㅋㅋ,0
염색하면서 영도봐요,6
사린마ㅠㅠ,3
와 소리 ㅅㅂ;,5
우승 가보자,6
아쉽긴 하다,3
들어볼래 또 안하냐 리센느 모셔,6
나이사~~~~~~~~~,0
왜 이렇게까지 밀어재끼는거야,1
보기싫어 ㅠ,3
물면 3시에 제이피모건 다 던진다,6
하..........................,5
아니 공격수 왜 한명만 넣었냐고 ㅋㅋㅋㅋㅋㅋㅋㅋㅋㅋㅋㅋㅋㅋㅋㅋㅋㅋㅋㅋ,2
유튜브 야호 ~~,6
마떼루용,6
ㅈ됐다,5
나이스 졋다 ㅋㅋㅋㅋㅋㅋㅋㅋㅋㅋㅋㅋㅋㅋㅋㅋㅋㅋㅋㅋㅋㅋㅋㅋㅋㅋㅋㅋㅋㅋㅋㅋㅋㅋㅋㅋㅋㅋㅋㅋㅋㅋㅋㅋㅋ,2
노르 4강?,6
인버스도 국장이다. 가즈아!!!!!!!!!!!!!!!!\,0
월클가놈,6
살려주세여,3
잘 몰름,6
이상하다,6
진짜 제발,5
닷컴 버블 차트랑 비교좀해주세요,6
이게 주식이냐,1
현지입니다 골취소입니다,6
리센느 선수 잘함?,6
살려주세요 !!!!!!!!!!!!!!!!!!!!!,5
ㄷ,1
홍명보 전격 경질,4
발사가 맞나,1
똥깐만 똥칸에 꼈다 ㅈㅈㅇㅇ,6
와ㅏㅏㅏㅏㅏㅏㅏ,6
해맑네,6
3시20분 지나면 200넘는다 슈카형,6
모두일어나,6
형 난 풀미수야...,6
와 ㅅㅂ,1
/조졌네이거,3
정몽규 얼굴 보이자 마자 들가네 ㅡㅡ,4
룩평,6
하.............,5
정몽규회장시발,4
대 황 슼,6
광고 컷,6
구경하냐,4
멱살잡고 올린다,6
와 ㅅㅅㅅㅅㅅㅅㅅㅅㅅㅅㅅㅅㅅㅅㅅ,0
왜 들어갔냐?,1
넋이 나갔네...,1
전술이 있어야 뭐를 하지,4
예상대로군,6
삼성전기 살려주세요ㅜㅜ,5
꼽견 이제 좀 나가라,4
자리 말도 안되는데 좀 무서운 자리기도함 ㅜㅜ...,5
뒤로 돌리기 지긋지긋하다 ㅋㅋㅋㅋㅋㅋㅋㅋㅋㅋㅋㅋㅋㅋㅋㅋㅋㅋㅋㅋㅋ,2
진엔딩 ㄱㄱㄱㄱㄱㄱㄱ,6
슈카님 오늘 토론회 어떻게 생각하시나요,6
윤가 상,6
진짜 못한다,4
{:wc_10:}{:wc_10:}{:wc_10:}{:wc_10:}{:wc_10:}{:wc_10:}{:wc_10:}{:wc_10:}{:wc_10:}{:wc_10:},6
한강물 따뜻해요?,2
다섯칸임,6
ㅂㄱㅋㅋㅋㅋㅋㅋㅋ,0
키오시아가 전설임 꼭 봐보셈,6
대ㅡㅡㅡㅡㅡㅡ박,0
보기싫어 ㅠ,3
머하나 ㅋㅋㅋ,0
공격수가,6
하닉은 양반이야,6
{:wc_3:}{:wc_3:}{:wc_3:}{:wc_3:}{:wc_3:}{:wc_3:}{:wc_3:}{:wc_3:}{:wc_3:},6
와 점프 미쳣다,1
키퍼는 왜 펀칭 안하고 가만보고잇냐,2
형 지금 잘때가아니야 국장 도륙났어,6
2실점가자!!!!!!!!2실점가자!!!!!!!!2실점가자!!!!!!!!2실점가자!!!!!!!!2실점가자!!!!!!!!2실점가자!!!!!!!!,6
ㅋ,6
드가자!!,0
진짜 ㅈㄴ못한다,4
호신용의자 ㄷㄷ,1
ㅉ 이게 축구냐 ㅋㅋㅋㅋㅋㅋ,2
마하9반야맨,6
저거먹히냐 ㅋㅋㅋㅋㅋㅋㅋㅋㅋㅋ,2
{:lck_28:},6
어케했노,6
너무해,3
ㅈㄴ답답네,2
지금이뉘,6
나는 바보입니다,6
채희준 안민주,6
삼성전기 ㅅㄱ,6
ㅈㄴ답답네,2
골찬스 겁나 놓치늬데ㄲㅋㅋ진짜 국대버러지들같네ㅋㅋ,2
자리 말도 안되는데 좀 무서운 자리기도함 ㅜㅜ...,5
다라이 개지리네,1
저걸 놓치다니,3
영웅호걸들아,6
ㅈ됫다,5
진짜 개빡,2
수비 멀뚱멀뚱 뭐하냐,1
훈수라고 밴하잖아요 ㅠㅠㅠ,3
노래 좋다,6
근데 이거 숨어지는거 맞아? 괴물 키 엄청 크던데,6
엿보기,6
ㅆㅂ,4
아니 너무 무서워,5
흠..,6
또속쟈,6
프리미어볼인줄,6
가썩ㅠㅠ,3
ㅅㅅㅅㅅㅅㅅㅅㅅㅅㅅㅅㅅㅅㅅㅅㅅㅅㅅ,0
장난하냐 ㅋ,4
ㅋㅋㅋㅋ 도박장입니다,1
팔각모 사나이 한 번 불러봐,6
지금이니? 가자,6
아니 님들 뭘 얘기하는지 알잖아,2
미친 ㅋㅋㅋㅋㅋㅋㅋㅋㅋㅋㅋㅋㅋㅋㅋㅋㅋ,1
저도 첫번째에 속아서 갸처물림,2
두근 두근,6
노르웨이 우승!!!!!!!,0
오늘은 쉬다 내일 블랙금요일이네 후,6
학폭이슈 ㄷㄷ,1
음봉으로는 속으면 안되고,6
삼성전기봐주세요ㅠㅠㅠㅠㅠㅠㅠㅠ,3
어제 -1800손절... 솔직히 고점에서 마이나스로 깎인건 손실아니자나 ... 원금이 까져야 손실,6
영차 영차,6
베인 ~,6
지들끼리해야되는건가,6
골ㄹㄹㄹㄹㄹㄹㄹㄹㄹㄹㄹㄹㄹ,6
크로슛이냐,6
진짜 못한다,4
재 상승의 각인데?.. 재 상승의 각인데?.. 재 상승의 각인데?.. 재 상승의 각인데?.. 재 상승의 각인데?.. 재 상승의 각인데?..,6
장대양봉 드가자,6
불안한데.. 구름대 머리 맞고 내려왔는데,5
닉스좀 살려줘,5
ㅋㅋㅋㅋㅋㅋㅋㅋㅋㅋㅋ3:0가자,2
해설이라고 하냐,4
그냥 감,6
아니말투가 개웃기네 ㄴㅋㅋㅋ,0
못해요.. 난 아니여 ㅠㅠ,5
아리가땡스!,6
찝찝하다,5
더밀렸었어,6
이건 도박이야,5
아이템 3개를 더 가지고 오셔야하는데 놓치셔서 진엔딩 조건이 안됩니다,6
크롯슛,6
ㅅㅂㅋㅋㅋㅋㅋㅋㅋㅋㅋㅋㅋㅋㅋㅋㅋㅋㅋㅋㅋㅋㅋㅋㅋㅋㅋㅋㅋㅋㅋ,0
온다,5
그나마 삼전만 버티네,6
룩삼 야호,6
아이템이 부족하구나,6
무시,6
지레기통 변신 ㄷㄷ,6
1인기업 ㅋㅋㅋ,6
알기만 햇ㄱ장ㅎ아,6
스로인으로 쳐먹는거 진짜 웃기네,4
ㅋㅋㅋㅋ병신 명보야 ~,4
아ㅏㅏ아ㅏ아아아,6
어디 꼈나?,6
박 수 제,6
너무 막 들어가..ㅠ,3
지금 담으면 큰일남,6
ㅋㅋㅋㅋㅋㅋㅋㅋㅋㅋㅋㅋㅋㅋㅋㅋㅋㅋㅋㅋㅋㅋㅋㅋㅋㅋㅋ 부비부비타임,0
형 나 진따 어떻게 해야해 ㅠ,3
대한민국 제거,4
아 웃기네,0
트름은 좀..,4
와 이 정도면 걍 스캠 아님?,6
FM국밥 ㅅㅅ,6
현지인 ㄷ,6
일베 개새끼들아 쳐봐라 그냥,2
늘읍니다,6
핸들링 하는 메이저는 하루에 돈 복사 ㅋㅋ,6
오너 진짜 ㅋㅋㅋㅋ,4
와 저건또 뭐야??? 차트봐라,1
장난하냐 ㅋ,4
아오 홍명보야 이게 축구냐? 진짜 접어라 정몽규 개새야 넌 현대아웃이다,4
한강주,6
반대표 3표니까 -5%,6
슈카형 숏치니까 왜 삼성이 또 막나요. 막지만 않았어도 ㅠㅠ 코스피 4000이ㅜ적정가 어닌가요?!,6
선물 주봉 봐주세여 ㅋㅋ,6
밴유도 나빠다 ㅠㅠㅠ,3
농구냐고 ㅋㅋㅋㅋㅋ,6
띵보야 짐싸라..ㅋ,4
ㅎ ㅏ 백패스 그만좀 하라고!!!!!!!!!!!!!!!!!!!!!!!!!!!!!!!!!!!!!!!!!!!!!!!!!!!!!!!!!!!!!!!!,2
전술이 없는데 어떻게 이기냐,2
코인이나 토토하는애들은 국장쫄려서 못함,6
슈카님 하닉270까진 언제올까요? ㅠㅜㅜㅜㅜㅜㅜㅜㅜ,5
또 꺾인다~~~~~~~~,2
모르지 ㅋㅋ,6
형 그만 사,6
미쳤다,1
명보 나가 죽어,4
ㄷㄷㄷ,1
혼또니가 …,6
개못해 걍,2
코박죽?,6
홀란 헤더 ㄷㄷ,6
수비가 누구였지 백승호였나,6
해체해! 해체해!해체해! 해체해!해체해! 해체해!해체해! 해체해!해체해!해체해! 해체해!,6
골키퍼 아웃,4
gayc,6
이제 곧 손흥민 빼고 조규성나온다음에 무지성 사이드 하겠네,6
삼성전기 살려주세요ㅜㅜ,5
태석이 빼라,4
현대차 봐주세요 현대차,6
여긴 나도무섭던데,5
ㅋㅋㅋㅋㅋㅋㅋㅋㅋㅋㅋㅋㅋㅋㅋㅋ,0
어떡행,6
너 꼽이야?,2
도시노 골이노,6
제발좀 ㅠㅠㅠㅠㅠㅠㅠ댜겅냄나내0ㅐㅌ,3
코스 지리노,1
진다 ㄷㄷ,6
휴대폰이 하나일걸요,6
아 쎾쓰하고싶다~,6
코스닥은 망했나요?,6
윤가상ㅋㅋㅋ,6
짜증난다 ㅅㅂ,2
커엽노 ㅋㅋㅋㅋㅋㅋㅋㅋㅋㅋㅋㅋㅋㅋㅋㅋㅋㅋ,0
ㄷㄷㄷㄷㄷㄷㄷㄷㄷ,1
ㅉ 이게 축구냐 ㅋㅋㅋㅋㅋㅋ,2
망햇다 망햇음 헤헤,3
와 다라이 ㅅㅂ,1
그날은 파란봉이엇고 오늘은 빨간봉.. 그리고 외기매수. 개인매도. 다르긴해,6
종가배ㅣㅇ 풀로 드가자,6
형 구해줘,5
지금보니 쌈이 kfc 닮았네,6
버스 떠난다,6
루~ 루~,6
킹우의 수 해야되냐고 또...,6
{:d_73:},6
연경누님 무시ㄴ,6
니니는 울고있다,6
근데 어차피 비지니스 약속아니면 밖에 나갈일이 없으면서 뭐가 일정이란건가요 부를친구가 휴대폰에 도꼬미 두더놈 세더놈말고는 없지않나요 친구없는지누 뭉추 ㅠㅠ,3
흥민이 요즘 골 못넣는데 ㅠㅠ  오현규 가자,3
형 어제 롱이라매요 ㅜㅜ,3
어케 넣었냐 빨리 보여줘라,6
{:wc_14:}{:wc_14:}{:wc_14:}{:wc_14:}{:wc_14:}{:wc_14:},6
//김승규는 2022년에도 못막더니 2026년도 못막는게 김승규 국대 인게 미쳤지,6
개쫄보네 진짜 ㅋㅋㅋㅋㅋ,6
똥칸 개무적이네 ㅋㅋㅋㅋㅋㅋㅋㅋㅋㅋ,0
골키퍼 뭐하는 놈이냐,2
영도 알포스 하시죠,6
나가라 정몽규 홍명보,2
제거드립 핵노잼,6
17세 무친,6
안뇽하세요~,6
싫어 하락,6
공 찼네,6
VAR 안 본다고?,6
와 슈카님 이러니까 프랍 트레이더 출신같아요 ㄷㄷ,6
LG생건 오늘 어닝 터졌어요! 근데 LG생건이라 들어가고 싶지 않음ㅠㅠ,6
거의 사파리여,6
데드켓,6
ㅋㅋㅋㅋㅋㅋㅋㅋㅋㅋㅋ3:0가자,2
응애,6
노르웨이 노젓고 노파울,6
엔딩아니엇어/,6
케인 다이빙,6
까자!,6
슈카님 표정이라도 밝게해주세요 안그래도 무서운데 더무서워져요 ㅠㅠ,5
삼성전기는 시총순위 8위까지 밀려남;;;,6
염색빨리끝낼수있는방법 게임대신할 시청자 한명 대신 염색해줄 시청자한명 물이랑 콜라 떠올 시청자한명 이거 다끝나면 같이 조여줄 시청자 1000명만 부르면 안피곤할듯,6
영도는 ㅠㅠ,3
차트기 말을갈어,6
여긴 또머여,1
홍명보와 정몽규가 넣은거지,4
ㅋㅋㅋ 아 어이없다,2
이기들아 흔들어라{:d_42:}{:d_42:}{:d_42:}{:d_42:}{:d_42:}{:d_42:}{:d_42:}{:d_42:},6
멘하라도 아니고...,1
인버스 레버리지 정지시켜야하는거 아니냐고 !!!!!!! 인버스 레버리지 정지시켜야하는거 아니냐고 !!!!!!! 인버스 레버리지 정지시켜야하는거 아니냐고 !!!!!!!,6
스 엑 스,0
죠졌죠?,6
개지리노,1
삼전어뜩해,5
드가자~~~~,6
진짜 그 얼굴 나오니.먹히냐,4
또 탑정글이다,2
운상,6
ㅈㄴ재미없네,2
시민권은 ㅋㅋㅋ,6
그만 좀 내려라 전기 ㅠㅠㅠㅠㅠㅠㅠ 아놔 ㅠㅠ,3
내가 물거야,6
무려 1년전 ㅋㅋㅋ,6
닉스 너무 쌈 ㅠ,3
5천본다고,6
느그가 하세요 말만 나불거리지 말고 느그가 하세요 말만 나불거리지 말고 느그가 하세요 말만 나불거리지 말고 느그가 하세요 말만 나불거리지 말고 느그가 하세요 말만 나불거리지 말고,6
메차쿠차,6
슛터링 언제적 말이야,6
ㄷㄷㄷㄷㄷㄷㄷㄷㄷ,1
훈안,6
오오오,0
짜증난다 ㅅㅂ,2
ㅅㅅ,0
와 ㅁㅊㅋㅋㅋ,0
이제 진엔딩 봐요 ㅎㅎ,6
노르웽 지리노 ㅋㅋ,1
하락장인가봐요 이제라도 팔아야되나봐,6
먼닉님 카에데상이 ㅠㅠㅠㅠㅠㅠㅠㅠㅠ,3
그건 연경누나고 임마 ㅇㅇ;;,6
ㅋㅋㅋㅋㅋㅋㅋㅋㅋㅋㅋ3:0가자,2
맹보 ㅋㅋㅋㅋㅋㅋㅋㅋㅋㅋㅋ,4
와 ㅋㅋㅋㅋㅋㅋ,0
아빠도 이제 한계다,6
체코 1승 제물이라며?ㅋㅋㅋㅋㅋㅋㅋㅋㅋㅋㅋㅋ체코 1승 제물이라며?ㅋㅋㅋㅋㅋㅋㅋㅋㅋㅋㅋㅋ,1
공업용 포켓몬,6
지수 마이너스 1%인데 삼성전기 -15%는 종목 문제 아닌가요...,6
어떻게 달려오는애를 아무도 마크를 안하냐,2
포대장 ㄷㄷㄷ,1
앞에잇다,5
노노노노노,6
물고 싶지?,6
하이퍼보이스 ㅋㅋㅋ,6
ㅋㅋㅋㅋㅋㅋㅋㅋㅋㅋㅋㅋㅋㅋㅋㅋㅋㅋㅋㅋㅋㅋㅋㅋㅋㅋㅋㅋㅋㅋ,0
개쳐나이스 ㅅㅅㅅㅅㅅㅅ,6
아.. ㅠㅠ 고민스.. 돈.. ㅠㅠ,5
전기 죽어여.ㅠ,3
맑고 ㅋㅋㅋ,6
어우,6
슛이 미쳤는데,6
붕어이론 책 내어야 함,6
갓명보 ㅅㅅㅅㅅㅅㅅㅅㅅㅅㅅㅅ,4
잠은 주무시고???,6
석유니 먹방,6
어떻게 달려오는애를 아무도 마크를 안하냐,2
비-상,5
저주맨,6
영도올리는게 진엔딩이에요,6
반칙 아니노ㅓ,6
차트 꼬라지를 보세요,6
환화유출 ㄷㄷㄷㄷ,1
맹보야  보고있냐????,2
공물,6
좆명보 꺼져. 좆명보 꺼져. 좆명보 꺼져. 좆명보 꺼져. 좆명보 꺼져. 좆명보 꺼져. 좆명보 꺼져. 좆명보 꺼져. 좆명보 꺼져. 좆명보 꺼져.,4
시발터졌냐,4
ㅅㅅㅅㅅㅅㅅ,0
룩삼을 국회로!,6
일본인 있던 것도 알아,6
뭉서워요 ㄷㄷㄷ,5
뭉서워요 ㅠㅠ,5
스트레스 받게하네 진짜,2
슈카형 삼전도 봐봐요,6
살려주세요~~~~~~~~~~~~~~,5
으악 ㅅㅂ,4
홍명보 고문,6
첨벙첨벙 소리 개빡이다 ㅅㅂ,5
인버스 레버리지 때문이자나 오늘 인버스로 돈 버니 느껴지더라 나도 물려잇어서 잣같긴하다,6
북한말투인줄,6
유입 나가고,4
ㅣㅣ,6
도발,6
전술이 있어야 뭐를 하지,4
그럼 바로 밴이잖아요 ㅠㅠ,5
븅신들,4
ㅋㄱㄲㄱㅋㅋ,0
재박이야?,6
애미뒤졌나,2
흥민이 요즘 골 못넣는데 ㅠㅠ  오현규 가자,3
하닉곱버스 거래대금 ㄷㄷㄷㄷ,1
그럼 유튜브에 업로드해라 ㅇㅇ,6
많이 해봤나보네,6
명보차이,4
토트넘이야?,6
꼇어,6
와 ㅋㅋㅋㅋㅋㅋㅋ,0
한국 국적이셔?,6
이거 오늘안에는 꺄냐,6
캬,1
하이닉스 52주 최대거래량에 밑꼬리 단거면 좀 의미 있지 않나,6
진지잡쉈냐 ㅋㅋ,6
하닉 무빙 돌음,6
어 부랄치기,6
롤러코스터,6
역겹다 저 여자 심장 아니야..,4
간다간다,6
오 딘 이시여,6
엣,6
정몽규 하...,2
탈색해요 그냥,6
홍명보 대단해,6
맹보야  보고있냐????,2
똥겜 ㅋㅋㅋㅋㅋㅋㅋㅋㅋㅋ,0
내친구 융가상,6
명보나가햄나가,4
!방제,6
드럽게 힘든 하루였어요,6
직?,6
아으,6
아얏,6
경제유튜버란 사람이 그딴소리를,6
아우.. ㅠㅠ 난 단타 못한다 ㅠㅠ 하지말자 ㅠㅠ,3
거미인줄 알앗네 깜놀,6
아니 도란 점멸 왜 째다가 이상하게 쓴 거야?,2
배부른 면도칼,6
체력 딸리나,6
와 그냥 가네 ㅋㅋ,6
{:lck_16:}{:lck_16:}{:lck_16:}{:lck_16:}{:lck_16:}{:lck_16:}{:lck_16:}{:lck_16:}{:lck_16:},6
사지마요 ㅠㅠ 그럼떨어질거같아요,5
지뇨 야효~,6
그만 누워라 ㅋㅋㅋㅋㅋㅋㅋㅋㅋㅋㅋ,4
머고 ㅋㅋㅋㅋ,1
왜 아무도 안 붙어,4
오전에 양봉 ㅎㅎ,6
아래로 땡겨짐 ㅋㅋㅋ,6
ㅆㄷㄴ,6
와 진짜 험한말 마렵다,2
ㅅㅅㅅㅅ,0
가짜 일본인이라도 있나요?,6
골키퍼 뭐하는 놈이냐,2
쪽팔린다 ㅡㅡ,2
하이하이입니다,6
선수들 호흡 안맞아 전술도 없어 뭐하는거?,4
/ 채팅 제거,6
오늘도 조졌다리,5
ㅅㅅㅅㅅㅅㅅㅅㅅㅅㅅㅅ,0
반칙,6
고품격 주식방솜,6
와리가리 ㅋㅋㅋㅋ,0
삼전기 한 번만 봐줘요 ㅠㅜ,3
대박이노,1
슈카님 이 장에서 본전 와서 다 팔았는데 잘 한걸까요?,6
뭉서워요 ㅠㅠ,5
갓명보 ㅅㅅㅅㅅㅅㅅㅅㅅㅅㅅㅅ,4
ㅇ에?,6
노르웨이 이러다 우승하겠노,6
노 르웨이 ㅅㅅㅅㅅㅅㅅㅅ,6
몰?루요,6
이게 못 이길 게임이 아닌데 하,3
대한민국 제거,4
삼전어뜩해,5
여기서 더 빠진다고?,1
너무 무서워용 ㅠㅠ,5
눈없썩????,6
개처안일하네,2
므하니.,3
삼성전기 시총 순위가 ㅜㅜㅜ,3
진짜 어휴,2
토쟁이들아 국장 주식으로 와라,6
역겹다 저 여자 심장 아니야..,4
그르냐?,6
먹으면서 해주세요,6
왜 자꾸 야야 거려,6
"명보는 계획이 없니?,,",4
무섭노무,5
오늘의 당번 떠규니,6
서킷브레이크 안한게 어디냐..,6
토론회 보다가 도저히 못보겠어서 왔습니다 ㅋㅋㅋ어휴,4
야!,6
다같이 속으면 되는거 아닐까?,6
이런,6
명보 앤 석렬,6
준비도 못한 팀 상대로 골 먹고 ㅠㅠ,3
웃음이안나오다가 ㅋㅋ웃기네 슈카님보니까,6
공개잘던지노,6
형 오른다!! 분차트가 오른다!!,6
우리도 피곤해요 ㅠㅠ,3
와...,1
여자임?,6
조아요~,6
저각도에서?,1
와 저게 들어가네,1
1000억 슈카 ㄷㄷㄷㄷㄷㄷㄷㄷㄷㄷㄷㄷㄷㄷㄷ,1
정몽규보여주자마자 골쳐먹혔네 에휴 짐싸라 그냥,4
ㅅ ㅅ ㅅ ㅅ ㅅ ㅅㅅ,0
교체카드는 왜 안씀?,6
슈카님 하닉270까진 언제올까요? ㅠㅜㅜㅜㅜㅜㅜㅜㅜ,5
저렇게 넣네,1
복리로 109퍼여 슈카형 ㅋㅋ,6
ㅋㅋㅋㅋㅋㅋㅋㅋㅋㅋㅋㅋㅋㅋㅋㅋㅋㅋㅋㅋㅋㅋㅋㅋㅋㅋㅋㅋㅋㅋㅋㅋㅋㅋㅋㅋ 개무섭네,5
정몽규 구속~~,6
씨 붙혀라 댱이가 있는데,6
회장님 리스크 ㅋㅋㅋㅋㅋ,6
밴유도 나빠다 ㅠㅠㅠ,3
들어가면 누구나 물리는 장ㅠ,3
그 누구의 계좌에서 울고 있나요 ㅠㅠ,3
히힉...,5
ㅋㅌㅌㅋㅌㅌㅌㅌㅋㅌㅌㅌㅋㅋㅌㅌㅌㅋㅋㅌㅌㅋㅋㅋㅌㅌㅋㅋㅋㅌㅌㅌㅌㅌㅌㅌㅌㅌㅌㅌ,0
나이스 체코,6
교체도안하고 대체 뭔생각이냐? 집중력다떨어져있는거보이지도않나,2
그정도 아니였어 ㅋㅋㅋ,6
근력운동좀 해라 저런 롱스롱이좀 던지자,6
삼전 컨퍼런스 콜 덕봤다가 바로 떨어짐,6
돈이 복사가 되자나,6
이번 AI 장에 아파트 뿐만 아니라 인생 건 사람들 너무 많다,6
형은 전문가잖아!,6
슛터링이네!!!,6
푸스카스급 골 ㄷㄷㄷㄷ,1
지린다,1
아직 짐 싸서 돌아오기 안 늦었어. 기권하고 돌아오ㅓ,6
/제팅채거,6
형 요새 잠도 안 와,6
진격거 ㅋㅋㅋㅋㅋㅋㅋㅋㅋ,0
노르웨이 ㄷ ㄷ ㄷ,1
ㅋㅋㄱㅋㄱㄱㄲ,0
찝,5
이게 주식이냐,1
다라이 ㅈ되넼ㅋㅋㅋㅋㅋㅋㅋㅋㅋㅋ,1
골기퍼 왜이래 ;;,4
전 전생에 물고기였나봐요 .. 파닥 파닥 ㅜㅜ,3
골키퍼 뭐하는 놈이냐,2
EXIT =- 위 아래 위위 아래 위 아래 위위 아래,6
개못해 걍,2
강제 물타기,6
적당히는 했어,6
배부른 돼지 1000억 슈카 ㄷㄷㄷㄷㄷㄷㄷ,1
삼전 닉스 어디로 돌아가는 것인가,6
160가줘 제발..,5
ㅈㄴ재미없네,2
그냥 지고 한국와서 계란 쳐맞아라,4
라이터 헉,6
뜬금 선수,6
죠짐,5
코 있어 없어?,6
시간이 없어 빨리 타! 시간이 없어 빨리 타! 시간이 없어 빨리 타! 시간이 없어 빨리 타! 시간이 없어 빨리 타! 시간이 없어 빨리 타! 시간이 없어 빨리 타!,6
그 누구의 계좌에서 울고 있나요 ㅠㅠ,3
얘네랑 엄대엄 나면 blg 한화 어떻게 이길건데...,3
헤엄쳐서 한국와라 /채팅제거,6
호,6
슈카형 숏치니까 삼성이 방해해요 땨찌때찌 해주세요!!,6
빨간약ㅋㅋㅋ,6
뢓?,6
삼전까지 끌고 내려왔음,6
삼전과 조선이 지켜준다 ㅠㅠ,6
ㅋㅋㅋㅋㅋㅋㅋㅋㅋㅋㅋㅋㅋㅋㅋㅋㅋㅋㅋㅋㅋㅋㅋㅋㅋㅋㅋ 부비부비타임,0
노파울 노파울 노파울 노파울노파울 노파울 노파울 노파울노파울 노파울 노파울 노파울,6
골 ㅅㅅㅅㅅㅅㅅㅅㅅㅅㅅㅅㅅㅅㅅㅅ,0
ㅋㅋ 뭐하냐,6
1코,6
포킹딜 습박 ㅋㅋ,1
슈카 400억,6
닉스 너무 쌈 ㅠ,3
아니 오너야,6
정몽규 하...,2
{:wc_14:}{:wc_14:}{:wc_14:},6
아침에 기분 않좋다가 오후에 다시 좋아짐 ㅋㅋ,6
겜 끝나는데,6
궁 온다,6
와 멋지게 넣었네,6
왜 처들어간거야,2
치트엔진 찾는 나,6
"명보 하 ,,,",2
머리위에서 들리는데,6
대단하다 홍명보 또 3백,6
잉글랜드 조용한거봐,6
체코도 못이기면 월드컵 어떻게 하겠다는거녀,2
요즘 그룹 평균선이네,6
그때 봣는데 까먹음?,6
내일 확인하고 추세추종 or 오늘 종베인데 ㅋㅋ,6
어지럽다,2
면도날 on!,6
존나 웃기네,0
ㅈ됐다,5
너무해,3
삼전 따라갔ㄲ어요,6
전군 매수하라,6
먹는걸로 갈구지 말자,6
와 지렸네,1
저각을?,6
응 골이야 ㅋㅋㅋ,6
ㄱㄱ,6
대하닉 대하닉,0
이게 도박이야 주식이야,5
"축협회장 뽑는 과정도,",6
살벌하다 sk ee,5
지창 야호,6
찝찝맨...,5
광배 라인 보기 쉽지 않은데,6
삼성전기가 제일 조짐,6
ㅋㅋㅋㅋㅋㅋㅋㅋㅋㅋㅋㅋㅋㅋㅋㅋㅋㅋㅋㅋㅋㅋㅋㅋㅋㅋㅋㅋㅋㅋㅋㅋㅋㅋㅋㅋ 개무섭네,5
아직 바닥 아님 ㅜㅜ,5
무적존 확인 ㅋㅋㅋㅋ,0
저걸 놓치다니,3
손흥민 백승호좀 쳐 빼라,4
보고갔다 ㅋㅋ,6
{:d_44:}{:d_44:}{:d_44:}{:d_44:},6
미끼,6
닥쳐 시바,2
하닉 좀 더 떨어지면 창신메모리랑 시총 800조로 똑 같아지겠다. 정말 미친 장이야.,6
영차 방송한다면서요?,6
취소,6
살려주세여,3
그만사줘 ㅠㅠ,3
융가상,6
잉글랜드 머하노 ㅋㅋㅋ,6
와와,1
누넙썩?,6
귀는 안들려?,6
어어어>,6
오오 예쁘다,6
태초마을 ㄱㄱ,6
한점 왜 주냐고 ㅋㅋㅋ,6
옆인가,6
그놈의 3삑,6
지금 사요?,6
슈카야 내가 코스피 형님한테 물어보니까 너 자리 딱 하나 남았다고 하더라 ㅇㅇ..,6
물도 못타겠어ㅠㅠㅠㅠ,3
와 ㅋㅋ,0
코스닥이게나라냐,2
감수합니다,6
조별광탌ㅅㅅㅅ,3
자꾸 의미없는 패스하지마라,6
하트어택 심장을 공격해,6
찾았다,6
사자,6
ㅈㄴ재미없네,2
시조의 거인 ㅅㅂ ㅋㅋㅋㅋㅋㅋㅋㅋㅋ,1
{:d_237:}{:d_237:}{:d_237:},6
너무 작아용,6
잃은돈을 생각하자,6
노를 저어라~~~!!!,6
김연경 키 몇인데,6
ㅋㅋㅋㅋㅋㅋㅋㅋㅋㅋㅋㅋㅋㅋㅋ?,0
골 취 ㅅㅅㅅㅅ,0
한국말 못하냐,6
야이 지금 사지마 개인들 진짜 아오,2
어케막노 ㄷㄷ,1
가♡oat,6
소리 인식한다 이거 개빡이다 ㅋㅋㅋㅋㅋㅋㅋㅋㅋㅋ,0
박살나는 중,3
밴하잖아욧!!!,2
볼.뒤로.돌릴때부터 불안하더니.ㅋㅋㅋ,5
흠ㅋㅋ,6
ㅋㅋㅋㅋㅋㅋㅋㅋㅋㅋㅋㅋㅋㅋㅋㅋㅋㅋㅋㅋㅋㅋㅋㅋ,0
저희가왜요???????,2
좀비돼썩 ㅠㅠ,3
슈카형 오늘 올라간다고 봤는데 떨어지니 표정이 ㅋㅋㅋ,6
황인범 빼라 풀백으로 쓰던가,6
{:mlb_4:}{:mlb_49:}{:d_57:}{:d_57:}{:d_57:}{:d_57:}{:d_57:},6
어떻게 달려오는애를 아무도 마크를 안하냐,2
지금 들어가면 당한다,6
지금 코스닥150 매수 어떤가요?,6
누 르 웨 이 만 세,6
노노요,6
뭐하는데 시바,4
짐싸자,6
엌ㅋㅋㅋㅋㅋㅋㅋㅋㅋ,0
공격수 라인업좀 갈아라 ~~~~~~~~,6
전부 뒤섞여부렷노  ㅋㅋㅋ,6
훈수라고 밴하잖아요 ㅠㅠㅠ,3
집가자,6
{:wc_2:}{:wc_2:}{:wc_2:}{:wc_2:}{:wc_2:}{:wc_2:},6
들어오셔욪,6
유명인 ㄷㄷ,1
ㅈ버그 뭐냐,6
난 못먹었을뿐이고....,3
ㄴㄷㄹㅋㄷㄹㄴㄷㄹㅋㄷㄹ,6
가수왕 슈카 ㄷㄷㄷㄷㄷㄷㄷㄷㄷㄷㄷ,1
삼성사지 그랬냐..,6
슈불?,6
{:d_120:}{:d_120:},3
메뉴머삼?,6
와 이게 바로 들어가네,1
정몽규 나가!!!!,4
미친놈 ㅋㅋㅋ,6
ㅋㅋㅋㅋㅋㅋㅋㅋㅋㅋㅋㅋㅋㅅㅂ,0
쿄오~,6
선수좀 바까라 ㅋㅋㅋㅋㅋㅋㅋㅋㅋㅋㅋ,2
딜은 쌨는데,6
노르웽 지리노 ㅋㅋ,1
ㅁㅊ;,1
형 웃겨? 형 웃겨? 형 웃겨? 형 웃겨? 형 웃겨? 형 웃겨?,2
07케인 헉,1
{:d_232:},6
아 이게 뭐냐 진짜,3
케인때매 지겟네,6
알상무 감 미쳤네 목금에 사라했는데,6
또 몬살게구네,2
울상으로 반송해 슈카형,6
닉스좀 살려줘,5
유하ㅏㅏㅏㅏ,6
첨벙첨벙턴,6
야마자키 ㄷㄷㄷㄷ,1
밖에서 부르자,6
이 형 점점 정신을 놓네ㅋㅋㅋㅋㅋㅋㅋㅋㅋㅋㅋ,1
ㅋㅋㅋ욕사적인 시점,6
땅 명보 꼬올,4
와 ㅋㅋㅋ,1
홍명보 아웃,4
여자아이돌 이름걸고 이런 얘기하는거 좀 킹받긴하네,6
누 르 웨 이 만 세 ! !,6
오늘만 15퍼 변동이야 ㅋㅋ,6
욕나온다,2
티원 다운 ㅋㅋㅋㅋㅋㅋㅋㅋㅋㅋ,2
홍명보가 홍명보했다,4
찝찝맨...,5
일베 개새끼들아 쳐봐라 그냥,2
손흥민 백승호좀 쳐 빼라,4
첨벙첨벙 소리 개빡이다 ㅅㅂ,5
안죽이고 뭐해 쟤?,6
아 좀 심한거 나오겠네,4
어지럽다,2
나도 겁나 늙었구나 00년생인데 6살 8살차이,6
비ㅣㅣㅣㅣㅣ상,5
먼닉님 카에데상이 ㅠㅠㅠㅠㅠㅠㅠㅠㅠ,3
삼전기 한 번만 봐줘요 ㅠㅜ,3
이거 골취하면 피파 썩은거임 ㅋ,6
고양이가점프한데여,6
유입 나가고,4
Ktng,6
유혹의 소나타?,6
사진 찍어주죠,6
영차방송 ㅋㅋ,6
ㅋㅋㅋㅋㅋ 누구보다 빠른 쫄튀,0
애니비아나 쳐물지,2
그건...,6
미나미 한국임,6
유명인 ㄷㄷ,1
하나도 못뚫고 시발 뒤로만 보내고,4
형 오늘 다들 표독해,6
선수들 호흡 안맞아 전술도 없어 뭐하는거?,4
아늑,6
ㅋㅋㅋㅋㅋㅋ명보한테 뭘바라노,4
저거봐 걸린다니까,6
진짜 홍명보 쳐 나가라,4
아 언제 올라요~,6
이번 월드컵에서 저정도면 안불어,6
카에데사아앙,6
괴물도 자야지,6
1승2무같은소리하네 집어쳐라 ㅋㅋㅋㅋ,4
아니 님들 뭘 얘기하는지 알잖아,2
너무하시네,6
역시 홍명보 ㅋㅋㅋㅋㅋㅋㅋㅋㅋㅋㅋㅋㅋㅋㅋㅋㅋㅋㅋㅋㅋㅋㅋㅋㅋㅋㅋㅋㅋㅋㅋㅋㅋㅋㅋㅋ,4
유기농이네,6
라고 할때 살껄,6
엥...?,1
무훈은 헉,6
아.. ㅠㅠ 고민스.. 돈.. ㅠㅠ,5
농담같지,6
버그 발견,6
드디어 화장품이 갑니닼 ㅋㅋㅋ,6
ㅋㅋㅋㅋㅋㅋㅋㅋㅋㅋㅋㅋㅋㅋㅋㅋㅋㅋ,0
ㅋㅋㅋㅋㅋㅋㅋㅋㅋㅋㅋㅋㅋㅋㅋㅋㅋㅋㅋㅋㅋㅋㅋㅋㅋ개웃기노],0
차트가 말을 걸어와..,5
ㄷㄷㄷㄷ ㅠㅠㅠ 녹아녹아 ㅠㅠ,5
도박장이 한국 증시였나 ㅋ,6
박살나는 중,3
ㅈㄴ 무섭네 ㅋㅋ,5
오지마 나만 매수할끄야,6
골골골골!!!!!!!!!!!!!!!!!!!,0
언제까지 떨어질까요??????,6
ㅈ댓다 물뭔데 이거 ㅋㅋㅋㅋㅋㅋㅋㅋㅋㅋㅋㅋㅋㅋㅋㅋㅋㅋㅋㅋㅋㅋㅋ,5
슈카님 하닉270까진 언제올까요? ㅠㅜㅜㅜㅜㅜㅜㅜㅜ,5
나어떻게해..,5
겨! ㅋㅋ,6
아리가떙스...?,6
제발ㅜㅜㅜㅜㅜㅜㅜ,3
명보 광탈 기원 ㅅㅅㅅ!!!,6
머하나 ㅋㅋㅋ,0
니황 회사 열심히 다녀야겟다,6
이루년,6
여긴 사진 다 잇네,6
보법이 달라,6
와 ㅋㅋㅋㅋㅋㅋㅋㅋㅋㅋㅋㅋㅋㅋㅋㅋㅋ,1
졸라 멋잇노 체코,6
파래졌다 ㄷㄷ,6
{:mlb_82:}{:mlb_82:}{:mlb_82:}{:mlb_82:}{:mlb_82:}{:mlb_82:}{:mlb_82:}{:mlb_82:}{:mlb_82:}{:mlb_82:},6
이제 시작이야,6
현직,6
새벽이 낮같고 낮이 새벽같은 얼굴,6
신의 반대 매매는 몇분 있으시던데 ㅋㅋㅋ,6
둘다에요ㅎㅎ,6
아무도안막네 ㅋㅋㅋㅋㅋㅋㅋㅋㅋㅋㅋ,2
{:mlb_90:},6
그건좀..,4
알려조여,6
정몽규 나가!!!!,4
하닉도 반려주식 가도 가망성 있나요,6
미친....,1
하.락.장.,6
유니폼 또찢어,6
으아,6
뭉탱이의어떤가요,6
저거먹히냐 ㅋㅋㅋㅋㅋㅋㅋㅋㅋㅋ,2
차트 아름답네,6
차트가 백두산같아요,6
사면물리네..낚시장 ㅜㅜ,3
/리셋,6
멸종 위기 사랑이야,6
혁,1
볼좀 뒤로 빼지말고 움직이질않네ㅐ ㅋㅋㅋㅋ,2
이런거 느끼는 타입이네;;,6
부정탓따 그때 몽규 ㅅㅂㅅㅂㅅㅂㅅ,4
진짜 개변태같네,4
구도 ㅅㅂ ㅋㅋㅋㅋㅋㅋㅋㅋ,1
노노노노노노르웨이,6
유입 나가나가,6
밴유도 남탓 ㄷㄷ,1
형 웃겨? 형 웃겨? 형 웃겨? 형 웃겨? 형 웃겨? 형 웃겨?,2
지투가 올라가는게 맞는 듯,6
ㅋㅋㅋㅋㅋㅋㅋㅋㅋㅋㅋㅋㅋㅋㅋㅋㅋㅋㅋㅋㅋㅋㅋㅋㅋㅋㅋㅋㅋㅋㅋㅋㅋㅋㅋㅋㅋ,0
코민,6
삼성전기봐주세요ㅠㅠㅠㅠㅠㅠㅠㅠ,3
난 원이~,6
사면물리네..낚시장 ㅜㅜ,3
삼전 ㄱ?,6
제발좀 ㅠㅠㅠㅠㅠㅠㅠ댜겅냄나내0ㅐㅌ,3
ㄴㅋㅋㄱㅋㄱ,0
족음의 이지선다,6
끼였다,6
코발진,6
케엄살 ㅅㅅㅅㅅㅅㅅㅅㅅㅅㅅㅅㅅㅅㅅㅅㅅ,0
개미들 겁나 팔아재낌..또 외인이...,2
걍 ㅈㄴ못함 ㅄ들,4
퇴학과 졸업,6
/승리 제거,6
야 서있지말라고,6
끼숩노 꼬숩노 깨숩노 껴숩노 꾸숩노,6
요즘 종배는 디짐,6
개어리네;,6
타라는데?,6
홍명보는 암 것도 안 하고 돈 벌고 좋겠다,6
아 이게 뭐냐 진짜,3
습하가 뭐임,6
ㅋㅋㅋㅋㅋㅋㅋㅋㅋㅋㅋㅋㅋㅋㅋㅋㅋㅋㅋㅋㅋㅋㅋㅋㅋㅋㅋㅋㅋㅋㅋㅋ,0
코스닥이게나라냐,2
네? ㅋㅋ,6
ㅠㅠㅠㅠㅠㅠ,3
{:wc_15:}{:wc_15:}{:wc_15:}{:wc_15:}{:wc_15:},6
ㅗㅗ,2
주걱,6
하야해라 열받게하지말고,6
무지개,6
근데 몽규는 축협 회장도 아니면서 왜 저기가있음,6
개처안일하네,2
두가장,6
기저귀 시야,6
븅신들,4
그냥 침대 bed 엔딩하죠?,6
먹는데 왜 건드려,6
유한양행 가즈아~~~,6
저 25년 4월 저거 버텼어요 근데 그때는 애플 들고 있었죠,6
지금 영도 보신다네요,6
오늘도 아까 살 껄인가. 도대체 껄껄껄,6
대머리좀 하고,6
알아야 들이대지,6
와 ㅋㅋㅋㅋㅋㅋㅋㅋㅋㅋㅋㅋㅋㅋㅋㅋㅋㅋㅋㅋㅋㅋㅋㅋㅋㅋㅋㅋㅋㅋㅋㅋㅋㅋㅋㅋㅋ,1
ㅋㅋㅋㅋㅋㅋㅋㅋㅋㅋㅋㅋㅋㅋㅋㅋㅋㅋㅋㅋㅋㅋㅋㅋㅋㅋㅋㅋㅋㅋㅋ,0
올려줘,6
나라 이제 망하나요,6
진짜 개 무섭네 홀란 ㅋㅋㅋㅋㅋㅋㅋㅋㅋㅋㅋㅋㅋㅋㅋㅋㅋㅋㅋㅋㅋㅋㅋㅋㅋㅋ,5
근데 하이먼 민스키 끝자락 같은데?... 근데 하이먼 민스키 끝자락 같은데?... 근데 하이먼 민스키 끝자락 같은데?... 근데 하이먼 민스키 끝자락 같은데?...,6
쳐눕노,6
후진패스밖에못하냐,6
저도 첫번째에 속아서 갸처물림,2
bug재박 ㅁㅊ,6
하닉곱버스 거래대금 ㄷㄷㄷㄷ,1
반야심경,6
알아보기 1년만에 함 ㅋㅋ,6
슈황 시작하고나서 맨날 떨어지는거같은데...,5
티비??,6
ㅈ망,3
진짜 개미지옥 ㅋㅋㅋ,6
양봉까지 갑시다,6
차트 살벌하네 아직도 사야할지 말아야할지 ㄷㄷ,5
마빡잌ㅋ,6
아직 바닥 아님 ㅜㅜ,5
살려줘 제발 ㅠㅠ,5
용뺏겨서 ㅅㅂ하,2
두개재,6
저기 계곡이야?,6
골키퍼 뭐하는 놈이냐,2
윤가상 ~,6
설레는 반존대 ㄷㄷ,1
먹고 기도하죠,6
ㅋㅋㅋㅋ ㅋㅋㅋㅋ ㅋㅋㅋㅋ ㅋㅋㅋㅋ ㅋㅋㅋㅋ ㅋㅋㅋㅋ ㅋㅋㅋㅋ ㅋㅋㅋㅋ ㅋㅋㅋㅋ ㅋㅋㅋㅋ ㅋㅋㅋㅋ ㅋㅋㅋㅋ ㅋㅋㅋㅋ ㅋㅋㅋㅋ,0
치 대 장 윤 가 놈,6
나이스 졋다 ㅋㅋㅋㅋㅋㅋㅋㅋㅋㅋㅋㅋㅋㅋㅋㅋㅋㅋㅋㅋㅋㅋㅋㅋㅋㅋㅋㅋㅋㅋㅋㅋㅋㅋㅋㅋㅋㅋㅋㅋㅋㅋㅋㅋㅋ,2
정몽규 얼굴 보이자 마자 들가네 ㅡㅡ,4
ㅈㄴ어리네,6
돌멩이가 수익률 더 넢,6
아 씨바 저걸 못 막네,4
ㅈㄴ 에겐스럽네 ㅋㅋ,0
ㅋㅋㅋㅋㅋ ㅋㅋㅋㅋㅋ,0
스트레스 받게하네 진짜,2
진짜 안볼란다,4
골취소각인데 ㅋㅋㅋㅋㅋ,6
개뽀록골ㅋㅋㅋㅋㅋ,1
치지직대장 윤가놈,6
엄청 기다렷어요 불안해서요,5
붙긴함ㅋㅋㅋ,6
노르웨이는 진짜 싸페들 모임이네.,6
너무 무서워용 ㅠㅠ,5
오지터가 말하는거 같네,6
현직은 ㅋㅋㅋ,6
어떻게 달려오는애를 아무도 마크를 안하냐,2
크,0
달리자,6
슈불,5
아빠 살려줘,5
지투멋있다,6
역시 바이킹이네,6
케인 지징거려,6
{:wc_10:}{:wc_10:}{:wc_10:}{:wc_10:}{:wc_10:}{:wc_10:}{:wc_10:},6
태석이 빼라,4
ㅌㅋㅋㅋㅌ,0
왼발로 때렸네ㄷㄷ,1
단타를 어케 .. 와.. 못해 ㅠㅠ,5
ㅈㄴ재미없네,2
ㅋㅋㅋㅋㅋㅋㅋㅋㅋㅋㅋ3:0가자,2
탑정글 미치겠네 진짜,6
여자는 죽으렴 ㅎㅎ,6
반말쓰지마라,6
손흥민 백승호좀 쳐 빼라,4
그만 누워라 ㅋㅋㅋㅋㅋㅋㅋㅋㅋㅋㅋ,4
이럴줄 알았다,6
어....,1
와 포모온다,6
꼬리에서 주어봤읍니다,6
와...,1
{:wc_19:},6
그건 먹을자격잇다,6
소리봐라,6
zzzzzzzzzzzzzz,0
접자..,3
찝찝...,5
그냥 일본인인거잖아,6
아무도안막네 ㅋㅋㅋㅋ,3
아 근데 진짜 계속 비비기만하고 뭐 하는게 없냐 답답하네 일단 때려야할 거 아냐 아까 그 찬스를 놓치고,2
사타구니 !ㅋㅋ,6
v자 반등 안나와요?! ㅜㅜ,3
골취,6
선구안위,6
진짜 개 무섭네 홀란 ㅋㅋㅋㅋㅋㅋㅋㅋㅋㅋㅋㅋㅋㅋㅋㅋㅋㅋㅋㅋㅋㅋㅋㅋㅋㅋ,5
얘는 못듣는듯,6
아.. ㅠㅠ 고민스.. 돈.. ㅠㅠ,5
언제ㅜ잠자리 돼서ㅜ날아가나요,6
떠나,6
찝찝...,5
슈카님 덕분에 2틱 먹고 뺐습니다 ㅎㅎ,6
형 웃겨? 형 웃겨? 형 웃겨? 형 웃겨? 형 웃겨? 형 웃겨?,2
골ㅅㅅㅅㅅㅅㅅㅅㅅ,0
광탈각이누..,3
똥간으로 들어가,6
하닉곱버스 거래대금 ㄷㄷㄷㄷ,1
저게 닿내,6
전기 살려줘요,6
역겹다 저 여자 심장 아니야..,4
대한민국 제거,4
나빠자ㅠㅠ,3
와 개멋지넹,1
세트피스는 저쪽이 더 잘 준비했네 ㅋㅋㅋ,2
국격이 올라가네요,6
{:d_46:}{:d_46:}{:d_46:}{:d_46:}{:d_46:}{:d_46:}{:d_46:}{:d_46:},6
꼬시는거지 ㅋㅋㅋ,6
괴물현님 진죠내,6
사지마세요!!!,6
미쳤네,1
우리가 먼저 알았는데,6
이제 바닥 찎은 건가여,6
왜 이렇게까지 밀어재끼는거야,1
위로 땡길 확률과 아래로 땡길 확률의 싸움,6
3번아까부테 개난리치더만 이꼬라지 날줄알았음 ㅋㅋㅋㅋㅋㅋㅋㅋㅋㅋㅋㅋㅋㅋㅋ,3
하.. 이게 뭐라고 ㅠㅠ,5
ㅈㅈㅈㅈ,6
{:wc_38:},6
들어가면 누구나 물리는 장ㅠ,3
살려줘~~~,5
/김승규는 단한번도 못막음,6
짐싸라,6
꼽쌤 그냥,4
제발좀 ㅠㅠㅠㅠㅠㅠㅠ댜겅냄나내0ㅐㅌ,3
ㅋㅋ이걸 체코한테 진다고?ㅋㅋ,1
ㅋㅌㅌㅋㅌㅌㅌㅌㅋㅌㅌㅌㅋㅋㅌㅌㅌㅋㅋㅌㅌㅋㅋㅋㅌㅌㅋㅋㅋㅌㅌㅌㅌㅌㅌㅌㅌㅌㅌㅌ,0
아ㅠ 너무 불안해요 매도 할땐 휴 했는데 저만 내리고 갈것같아요ㅠ,5
살려줘 제발 ㅠㅠ,5
ㅈㄴ섬뜩하네,5
게임 브금으로 영도틀죠,6
진짜 제발,5
닉스 컨콜만 제대로 했어도 ㅠㅠ,3
이게 원인도 모르는 주식이라니,6
배당 모여있던 예수금 100만원으로 삼전 5주 더 매수 했읍니다,6
아.. ㅠㅠ 고민스.. 돈.. ㅠㅠ,5
내일 다시 떨어질거같아ㅠ,5
딸깍ㅋㅋㅋ,6
진격거 ㅋㅋㅋㅋㅋㅋㅋㅋㅋ,0
ㅋㅋㅋㅋㅋㅋㅋ 어케햇누,0
티원 질것같음,6
아리에 나이~~,6
화장실이 진짜지.....,5
{:d_37:}{:d_37:}{:d_37:}{:d_37:}{:d_37:},6
ㅈ버그 ㅋㅋㅋㅋㅋㅋ,6
ㅋㅋㅋㅋㅋㅋ테스트중ㅋㅋㅋㅋ,6
김연경은 레즈임,6
야하다,6
대하닉 대하닉,0
그래그래 룩튜브에도 올리렴,6
니황이 하라고 시키죠!,6
걍 3패 하자,6
뒤로 돌리기 지긋지긋하다 ㅋㅋㅋㅋㅋㅋㅋㅋㅋㅋㅋㅋㅋㅋㅋㅋㅋㅋㅋㅋㅋ,2
개웃기네 ㅋㅋㅋㅋㅋㅋㅋ,0
1승2무같은소리하네 집어쳐라 ㅋㅋㅋㅋ,4
입맛다시기 금지 !!!!!,6
ㄷㄷㄷㄷㄷ,1
슈카님 반갑습니다~ 어려울때 함께 해주셔서 감사해요!,6
하.. 이게 뭐라고 ㅠㅠ,5
ㅎㆍㄱ,6
내친구의 친구들,6
일단 밖에서 얻을수 있었던게 핸드폰이랑 라이타정도?,6
뭐야 ㄷ,1
니니는 얼마 손실?,6
사면물리네..낚시장 ㅜㅜ,3
껄무새인거죠,6
미 1친ㅋㅋㅋㅋㅋㅋㅋㅋ,1
진짜 개빡,2
와 ㅅㅅㅅㅅㅅㅅㅅㅅㅅㅅㅅㅅㅅㅅㅅㅅㅅㅅㅅㅅㅅㅅㅅ,0
가뒀다,6
다 놓치네...,3
그걸 거꾸로 했다면?!!,6
슈카형 오니까 또 올라간다,6
여기도 소리인가,6
수술도 있는거보면 메인인거 같기도하고,6
그동안 속아서 못들어갓어,6
ㅋㅋㅋㅋㅋㅋㅋ 어케햇누,0
소리가 위야,6
삼계타,6
ㅁㅊ ㅋㅋㅋㅋㅋㅋㅋㅋㅋㅋ,0
장난하냐 ㅋ,4
자 다음,6
스트레스 받게하네 진짜,2
휴지가 되어라,6
밤새 예정,6
케인 엑스맨이네,6
오늘도 조졌다리,5
달린다~~~~~~~~,6
와 이게 바로 들어가네,1
응반칙이야,6
또 꺾인다~~~~~~~~,2
노노 거리지 말라고했다 다 신고중이다.,6
ㅏ,6
{:lck_28:}{:lck_28:}{:lck_28:},6
생긴거 개빡이네 ㅋㅋㅋ,5
뭐이씨 속으면 안됨? ㅠㅠ,3
그팀팬 기습시위 ㅋㅋ,6
사지마요 ㅠㅠ 그럼떨어질거같아요,5
개미 꼬시기,6
슈또속 ㅋㅋ,0
야호~~~~,6
살려줘 ~~~~~~~~~,5
슈사장님 살려주세여,5
윤가상이랑 메차쿠챠,6
제발ㅜㅜㅜㅜㅜㅜㅜ,3
일베 개새끼들아 쳐봐라 그냥,2
일본인이셔,6
또 꺾인다~~~~~~~~,2
넣을거 못넣고 맨날 쳐맞노ㅋㅋㅋㅋㅋㅋㅋㅋㅋㅋㅋㅋㅋㅋㅋㅋㅋㅋㅋㅋㅋㅋㅋ,2
무렴색,6
스포ㄷㄷ,6
봐봐라 이제 우리나라 마음 급해서 더못해 진다 ㅋㅋㅋㅋㅋㅋㅋㅋㅋㅋㅋㅋ ㅇㅈ?,6
이러니 레버리지 하지,6
학폭 터짐 ㅠㅠㅠㅠ,3
더 사자,6
방갑슴니다~,6
역겹다 저 여자 심장 아니야..,4
발 깠네,6
진짜 개변태같네,4
잉글랜드 응원단 봐,6
뽀뽀 쪽,6
진석짜응,6
레버리지 폐지안돼면 오르기 힘들것 같음 시스템문제 같음,6
진지잡쉈냐 ㅋㅋㅋ,6
슈불,5
제발좀 ㅠㅠㅠㅠㅠㅠㅠ댜겅냄나내0ㅐㅌ,3
물도 못타겠어ㅠㅠㅠㅠ,3
ㅋㅋㅋㅋㅋㅋㅋㅋㅋㅋㅋㅋㅋㅋㅋㅋㅋㅋㅋㅋㅋㅋㅋㅋㅋㅋㅋㅋㅋㅋㅋㅋㅋㅋㅋㅋㅋㅋㅋㅋㅋㅋㅋㅋㅋㅋㅋㅋ,0
얏다,6
슈카형 오늘은 들어와야지,6
스로인으로 쳐먹는거 진짜 웃기네,4
꼼깸 쳐내,4
오늘 축제인가요??,6
바닥이뉘,6
꼽쌤;,4
노파울이네ㅋㅋㅋ,6
어 찼어,6
ㅋㅋㅋㅋㅋㅋㅋㅋㅋㅋㅋㅋㅋㅋㅋㅋㅋㅋㅋㅋㅋㅋㅋㅋㅋㅋㅋㅋㅋㅋㅋㅋㅋㅋㅋㅋㅋㅋㅋㅋㅋㅋㅋㅋㅋㅋ,0
계좌 보여줘,6
주식 시장 맞아요?,1
위드 윤가상,6
차트보면 사고 싶지 않음..,4
일베 무새들 쳐내라 좀... 챗창 관리 안함?,2
심테,6
난 못먹었을뿐이고....,3
오너님?,6
진짜 ㅈㄴ못한다,4
홍명보가 홍명보했다,4
슈카님 매일 수고하시네요 그래도 같이 힘듬을 나눌수있어 좋네요,6
아니 님들 뭘 얘기하는지 알잖아,2
왜 패닉셀을 했네..,3
AI안할꺼야??,6
ㄷㄷㄷㄷㄷㄷ ㅁㅊ,1
???????????????????????,1
방어주,6
오우야,6
찝,5
숨이 안쉬어져요,5
님만오면 ㄱ,6
ㅈㄴ 무섭네 ㅋㅋ,5
이런 애들이 현실에서 정상인인척하는거냐? ㅌㅌㅌㅌㅌㅋㅋㅋㅋㅋㅋㅋㅋㅋㅋ,4
손흥민 백승호좀 쳐 빼라,4
저점찍고 반등했는데 결국..,6
넣을 떄 넣었어야지 어휴,2
와 다라이 ㅅㅂ,1
오너 진짜 장난하니,2
몰래 먹었냐?,2
이 외노자,6
쌀사먹어,6
어뜨케…. 진짜,3
ㄷㄷㄷㄷㄷㄷㄷㄷㄷㄷㄷㄷㄷ,1
아 이거 똥싸다끊은거같이 ㅋㅋ,4
길이 엇갈렸나?,6
음바페 골 생각나노 ㅋㅋㅋㅋㅋㅋㅋㅋㅋㅋㅋㅋㅋㅋㅋㅋㅋㅋㅋㅋㅋ,6
미장 좀 보고 사야되나.. 남은 돈 만지작..,6
ㅋㅌㅋㅌㅋ왤케 ㅁ귀여우시지,6
vr 안 봐>,6
노래가 약간 중소 뉴진스 느낌임 비트,6
돈이 아깝다 빨리 귀국해라,6
꼼짝마뭐야,6
ㅈ댓다 물뭔데 이거 ㅋㅋㅋㅋㅋㅋㅋㅋㅋㅋㅋㅋㅋㅋㅋㅋㅋㅋㅋㅋㅋㅋㅋ,5
꺼내요,6
さん,6
시발 너무해,3
메챠난카,6
진격거 ㅋㅋㅋㅋㅋㅋㅋㅋㅋ,0
골잔치시작~~~~~,6
ㅈㄹㄷ,6
마하,6
차,6
거제 야호,6
나머지 경기 반납하고 짐싸자,6
🤣🤣😄😄😄😀😀😅,6
릴 피러 가썩,6
네넹,6
어어 찌 올라간다,6
광고뭐여,6
150까지 내려감. 닷컴 버블 차트랑 똑같음,6
이기자!!,0
정면으로 오는데 못쳐내노 김승규 ㅅㅂㄻ,4
한 밑 티,6
키퍼손뺌 키퍼손뺌 키퍼손뺌 키퍼손뺌 키퍼손뺌 키퍼손뺌 키퍼손뺌 키퍼손뺌 키퍼손뺌 키퍼손뺌,6
에렌ㅋㅋ,6
응 막판에 박어,6
{:wc_9:}{:wc_9:}{:wc_9:}{:wc_9:}{:wc_9:}{:wc_9:}{:wc_9:},6
텡크로 밀어버리노!!!!!!! 스타벅스 가야지!!!!!!!,2
맹보 ㅋㅋㅋㅋㅋㅋㅋㅋㅋㅋㅋ,4
표정 개웃기네 ㅋㅋㅋㅋㅋ ㅋㅋㅋㅋ,0
자연스러운 ㄸㄸㅆ,6
ㄷㄷㄷㄷㄷㄷㄷㄷㄷㄷㄷㄷㄷㄷㄷㄷㄷㄷㄷ,1
노 르웨이 ㅅㅅㅅㅅㅅㅅㅅㅅ,0
도란 스발,2
살려줘 제발 ㅠㅠ,5
또 피케이 노리네,6
숨이 안쉬어져요,5
카르마 이슈 ㅋㅋㅋㅋㅋㅋㅋㅋㅋㅋㅋㅋㅋ,0
오늘도 조졌다리,5
울 슈카님 넘 안쓰러워ㅠㅠ,3
분봉단타가 답이가요,6
명보제거,4
바로 골 몽규골이넹,6
와 다들..,6
명봉야 나가라,4
온다,5
ㅋㅋㅋㅋㅋㅋㅋㅋㅋㅋㅋㅋㅋㅋㅋㅋㅋㅋㅋㅋㅋㅋㅋㅋㅋㅋㅋㅋㅋㅋㅋㅋㅋㅋㅋㅋㅋ,0
<<<이미 다 까먹음,6
여기니?,6
노안안,6
마크를 왜 안해,2
치트엔진은 ㅋㅋㅋㅋㅋ,6
지금이라도 팔아야 할까요?,6
몽규 나오자마자 골먹힘,4
화장실이 진짜지.....,5
해설이라고 하냐,4
너무 무서워용 ㅠㅠ,5
대세걸그룹이 될려면 말끝마다 노 써줘야 되는거 아니노,6
아까보다더무서운데 비상등,6
삼성전기 보고 위로해~~~~~~,6
정말 신의 손으로 1주일만 굴리면,6
대박이노,1
황란,6
노의 의지,6
몽규 나오자마자 골먹힘,4
이게 주식이야 코인이야,6
하루 60퍼,6
ㅈㄴ웃기네 ㅋㅋㅋㅋㅋㅋㅋㅋㅋㅋ,0
핸드폰 바치죠 ㅎㅎ,6
차트가 산넘어 산이다 ㅜㅜ,3
왜 안와? 소리만 요란하고,6
니니님 괜찮나요…,6
목소리 조금만 더 키워줘 형 좀 작아졌어,6
플핸 ㅅㅅㅅㅅㅅㅅㅅㅅ,0
지려따!!!!,0
30분봉 바닥 다지기,6
소리는 근처인데 어디냐,6
ㅈ됐다,5
삼성전기 난리났어 ㅜ,3
너무작아졌다,6
와 저건또 뭐야??? 차트봐라,1
/채팅못제거,6
와 ㅅㅅㅅㅅㅅㅅㅅㅅㅅㅅㅅㅅㅅㅅㅅㅅㅅㅅㅅㅅㅅㅅㅅ,0
ㅋㅋㅋㅋㅋㅋㅋㅋㅋㅋㅋ,0
최 강 한화!,6
ㅈㄴ웃기네 ㅋㅋㅋㅋㅋㅋㅋㅋㅋㅋ,0
다가오잖아,6
골 ㅅㅅㅅㅅㅅㅅㅅㅅㅅㅅㅅㅅㅅ,0
그럼 내일도 방송해야겠네요,6
슈팅 지리네,1
사린마ㅠㅠ,3
{:d_5:}{:d_230:},6
손흥민 빼라,4
근데 어차피 비지니스 약속아니면 밖에 나갈일이 없으면서 뭐가 일정이란건가요 부를친구가 휴대폰에 도꼬미 두더놈 세더놈말고는 없지않나요 친구없는지누 뭉추 ㅠㅠ,3
홍명보 씨발럼아,4
살려주세요,5
개 못함,6
와 레전드 ㅋㅋ,1
그럼 치지직왔을때는 몇살이였던거야,6
{:wc_36:}{:d_59:}{:wc_36:}{:d_59:}{:wc_36:}{:d_59:},6
{:lck_36:}{:lck_36:}{:lck_36:},6
베인취업시켜주네 ㅋㅋㅋㅋ,6
하.............,5
진짜 홍명보 쳐 나가라,4
헉!!,1
ㄹㅇㅋㅋ,0
풀대출 가보자,6
뭐햐냐 진짜로,4
꼽기견 뭐냐,2
3번아까부테 개난리치더만 이꼬라지 날줄알았음 ㅋㅋㅋㅋㅋㅋㅋㅋㅋㅋㅋㅋㅋㅋㅋ,3
찬스 3번 날려먹었으면 져야지 ㅋㅋ,6
말해봐여 소리도 잘듣는지,6
퀴?즈쇼,6
siuuuuuu,6
와 kfc,6
엥...?,1
노의의지 ㅋㅋㅋㅋㅋㅋ,6
비ㅣㅣㅣㅣㅣ상,5
드가자!!,0
가썩ㅠㅠ,3
삼성전기 고점대비 -65퍼ㅜㅜㅜㅜㅜㅜㅜㅜㅜㅜㅜㅜㅜㅜㅜㅜㅜㅜㅜ,6
니들은 그냥 져라 ㅋㅋ,2
미친,1
야호!,6
? 뭐노 ㅋㅋㅋㅋㅋ,6
죽이고 살리고 죽이고.. 이게 싸이코패스지,6
말이되나 ㅋㅋㅋ,1
ㅈㄹ 하네 ㅋㅋ,6
0승3패가즈아,6
잉글 ㅋㅋㅋㅋㅋㅋㅋ잉글,6
용뺏겨서 ㅅㅂ하,2
ㅎㄷㄷㄷㄷㄷ,1
나이샤~~~~~~~~~~~~~~~~~~~~~~~~~~~~,0
진격거 ㄷㄷ,1
아니 공격수 왜 한명만 넣었냐고 ㅋㅋㅋㅋㅋㅋㅋㅋㅋㅋㅋㅋㅋㅋㅋㅋㅋㅋㅋㅋ,2
섹스!,0
박살나는중,2
몰라요 ㅎㅎ,6
너무 무서워용 ㅠㅠ,5
손흥민 찬스 몇개 쳐말아먹냐 ㅋㅋㅋ,2
살려달라구ㅜㅜㅜㅜㅡ,5
대ㅡㅡㅡㅡㅡㅡ박,0
보?노보?노,6
여기 구간 좀 어려울텐데,6
나이스 졋다 ㅋㅋㅋㅋㅋㅋㅋㅋㅋㅋㅋㅋㅋㅋㅋㅋㅋㅋㅋㅋㅋㅋㅋㅋㅋㅋㅋㅋㅋㅋㅋㅋㅋㅋㅋㅋㅋㅋㅋㅋㅋㅋㅋㅋㅋ,2
아직 시간 남아따,6
슈형도 물렸어!,6
5위,6
돈 많다고 자랑함?,6
2배 짜리 너무 재미있어,6
휴대폰도,6
전쟁남,6
홍명보 화이팅 !!!!!!!!!!홍명보 화이팅 !!!!!!!!!!홍명보 화이팅 !!!!!!!!!!,6
음봉 ㅋㅋㅋㅋㅋㅋㅋㅋㅋㅋㅋㅋㅋㅋ,1
와 놀래라,1
알려줘 바닥,6
그동안 속아서 못들어감,6
언제나가 ㅋㅋㅋ,6
골결정력 없어서 골 못넣음,6
뭐야 이거 ㅋㅋㅋㅋ,1
개쳐나이스,0
박살나는중,2
트름은 좀..,4
레버리지 한 사람 여럿 초상났겠다,6
아 즌나 우울함..,3
걍 매수안함,6
하이닉스 공장 불나도 이정도로 안빠질듯,6
꼬숩노 끼숩노 까숩노,6
열심히 사시는구나,6
순수 비난 ㄷㄷ,6
왕대작이었다맨,6
개인이 사고팔고 해서 그렇다는 건가요?,6
약간 북한이랑 일본이랑 석엿어,6
걍 ㅈㄴ못함 ㅄ들,4
그래 5골먹어라 차라리 ㅋㅋㅋㅋㅋㅋㅋㅋㅋㅋㅋㅋㅋ,2
일본 센터 ㄷㄷ,6
진짜 어리다,6
약 올리기 ㅋㅋㅋㅋ,0
또 꺾인다~~~~~~~~~~~~~~~,2
나이스 졋다 ㅋㅋㅋㅋㅋㅋㅋㅋㅋㅋㅋㅋㅋㅋㅋㅋㅋㅋㅋㅋㅋㅋㅋㅋㅋㅋㅋㅋㅋㅋㅋㅋㅋㅋㅋㅋㅋㅋㅋㅋㅋㅋㅋㅋㅋ,2
망햇다 망햇음 헤헤,3
나죽어,5
그렇긴 해,6
무적존 개좋네 이거,6
꼽쌤;,4
막차야,6
치트엔진 가죠,6
망해가는..,6
이게 대한민국이지 ^^,2
케인 나빠다ㅠㅠ,3
노르웨이 진짜 역사 쓰냐?? ㅋㅋㅋㅋㅋㅋㅋㅋㅋㅋㅋㅋㅋㅋㅋㅋㅋㅋ,6
진짜 홍명보 쳐 나가라,4
ㅈㅈ쳐라,6
쫓아오네,6
존나 파울인데,6
